ISO-10303-21;
HEADER;
FILE_DESCRIPTION (( 'STEP AP214' ),
    '1' );
FILE_NAME ('CUI_DEVICES_TS11-674-43-BK-160-RA-D.step',
    '2024-02-15T17:25:15',
    ( '' ),
    ( '' ),
    'SwSTEP 2.0',
    'SolidWorks 2023',
    '' );
FILE_SCHEMA (( 'AUTOMOTIVE_DESIGN' ));
ENDSEC;

DATA;
#1 = ADVANCED_FACE ( 'NONE', ( #1654 ), #436, .T. ) ;
#2 = DIRECTION ( 'NONE',  ( 0.000000000000000000, 0.000000000000000000, 1.000000000000000000 ) ) ;
#3 = VERTEX_POINT ( 'NONE', #3929 ) ;
#4 = CARTESIAN_POINT ( 'NONE',  ( 0.8499999999999999778, -0.4333333333333333481, -2.649999999999999911 ) ) ;
#5 = EDGE_CURVE ( 'NONE', #2976, #5087, #1575, .T. ) ;
#6 = DIRECTION ( 'NONE',  ( 8.673617379884049672E-15, -1.000000000000000000, 0.000000000000000000 ) ) ;
#7 = APPLICATION_CONTEXT ( 'automotive_design' ) ;
#8 = AXIS2_PLACEMENT_3D ( 'NONE', #178, #764, #4655 ) ;
#10 = VECTOR ( 'NONE', #4590, 1000.000000000000000 ) ;
#9 = CARTESIAN_POINT ( 'NONE',  ( -1.350000000000000089, -2.900000000000000355, -3.100000000000000977 ) ) ;
#11 = ORIENTED_EDGE ( 'NONE', *, *, #6384, .T. ) ;
#12 = ORIENTED_EDGE ( 'NONE', *, *, #5, .F. ) ;
#13 = EDGE_CURVE ( 'NONE', #3863, #6008, #1462, .T. ) ;
#14 = LINE ( 'NONE', #2141, #5161 ) ;
#15 = AXIS2_PLACEMENT_3D ( 'NONE', #4316, #3843, #1091 ) ;
#16 = LINE ( 'NONE', #3236, #2445 ) ;
#17 = VERTEX_POINT ( 'NONE', #3898 ) ;
#18 = CARTESIAN_POINT ( 'NONE',  ( 2.299999999999999822, -1.963427199554093061, 0.9000000000000001332 ) ) ;
#19 = LINE ( 'NONE', #5684, #2201 ) ;
#20 = EDGE_LOOP ( 'NONE', ( #4889, #3293, #6321, #6976 ) ) ;
#21 = ORIENTED_EDGE ( 'NONE', *, *, #866, .F. ) ;
#22 = AXIS2_PLACEMENT_3D ( 'NONE', #3538, #4132, #897 ) ;
#23 = DIRECTION ( 'NONE',  ( -1.000000000000000000, 0.000000000000000000, 0.000000000000000000 ) ) ;
#24 = CARTESIAN_POINT ( 'NONE',  ( -3.648658427701410467, -1.629462344874299529, -4.274380914349391603 ) ) ;
#25 = FACE_OUTER_BOUND ( 'NONE', #20, .T. ) ;
#26 = ADVANCED_FACE ( 'NONE', ( #5557 ), #2789, .T. ) ;
#27 = VERTEX_POINT ( 'NONE', #2749 ) ;
#28 = FACE_OUTER_BOUND ( 'NONE', #2756, .T. ) ;
#29 = CARTESIAN_POINT ( 'NONE',  ( -4.104580082274609687, -5.609160164549192196, -5.049999999999998934 ) ) ;
#30 = CARTESIAN_POINT ( 'NONE',  ( 3.367072820786987553, -1.129146899646780611, -3.433365929902293168 ) ) ;
#31 = LINE ( 'NONE', #3408, #7030 ) ;
#32 = DIRECTION ( 'NONE',  ( -1.000000000000000000, -6.439293542825907934E-15, 5.585196838722983974E-30 ) ) ;
#33 = DIRECTION ( 'NONE',  ( 0.000000000000000000, 0.000000000000000000, -1.000000000000000000 ) ) ;
#34 = LINE ( 'NONE', #6263, #4113 ) ;
#35 = LINE ( 'NONE', #2270, #3689 ) ;
#36 = CARTESIAN_POINT ( 'NONE',  ( -1.149999999999999911, 2.900000000000000355, -3.100000000000000977 ) ) ;
#37 = FACE_OUTER_BOUND ( 'NONE', #6131, .T. ) ;
#38 = DIRECTION ( 'NONE',  ( -1.000000000000000000, 0.000000000000000000, 0.000000000000000000 ) ) ;
#39 = DIRECTION ( 'NONE',  ( -0.000000000000000000, -0.000000000000000000, -1.000000000000000000 ) ) ;
#40 = EDGE_CURVE ( 'NONE', #6027, #155, #757, .T. ) ;
#41 = CARTESIAN_POINT ( 'NONE',  ( -3.700000000000018829, -2.000000000000000888, -5.371878022344831471 ) ) ;
#42 = ORIENTED_EDGE ( 'NONE', *, *, #132, .F. ) ;
#43 = EDGE_LOOP ( 'NONE', ( #1729, #1490, #1439, #1522 ) ) ;
#44 = LINE ( 'NONE', #182, #6098 ) ;
#45 =( NAMED_UNIT ( * ) SI_UNIT ( $, .STERADIAN. ) SOLID_ANGLE_UNIT ( ) );
#46 = EDGE_LOOP ( 'NONE', ( #389, #5448, #5924, #5749 ) ) ;
#47 = CARTESIAN_POINT ( 'NONE',  ( -2.925000000000000266, -2.299999999999999822, 0.000000000000000000 ) ) ;
#48 = CARTESIAN_POINT ( 'NONE',  ( 1.050000000000000044, 0.000000000000000000, -3.100000000000000977 ) ) ;
#49 = EDGE_CURVE ( 'NONE', #7275, #2514, #6704, .T. ) ;
#50 = VERTEX_POINT ( 'NONE', #5518 ) ;
#51 = ORIENTED_EDGE ( 'NONE', *, *, #5802, .F. ) ;
#52 = CARTESIAN_POINT ( 'NONE',  ( 3.300000000000015810, -1.999999999999999556, -4.391147680321848767 ) ) ;
#53 = CARTESIAN_POINT ( 'NONE',  ( -3.700000000000009504, -1.953143444990798283, -3.060156501862068001 ) ) ;
#54 = LINE ( 'NONE', #3431, #7131 ) ;
#55 = ORIENTED_EDGE ( 'NONE', *, *, #4465, .T. ) ;
#56 = CARTESIAN_POINT ( 'NONE',  ( -3.000000000000000000, -3.000000000000000000, 0.4000000000000000222 ) ) ;
#57 = CARTESIAN_POINT ( 'NONE',  ( -3.700000000000009059, -0.09371311001840533506, -2.849999999999997424 ) ) ;
#58 = CARTESIAN_POINT ( 'NONE',  ( 3.631028864079375307, -1.626118514280026295, -3.854041602971548741 ) ) ;
#59 = CARTESIAN_POINT ( 'NONE',  ( 2.392722035830079958E-16, 1.599999999999999645, -3.200000000000000178 ) ) ;
#60 = LINE ( 'NONE', #4581, #5042 ) ;
#61 = DIRECTION ( 'NONE',  ( 0.000000000000000000, 0.000000000000000000, -1.000000000000000000 ) ) ;
#62 = CARTESIAN_POINT ( 'NONE',  ( 3.199999999999999289, 3.000000000000002665, 0.3999999999999989675 ) ) ;
#63 = AXIS2_PLACEMENT_3D ( 'NONE', #6982, #7063, #6516 ) ;
#64 = CARTESIAN_POINT ( 'NONE',  ( 2.300000000000000266, 2.925000000000000266, 0.6500000000000001332 ) ) ;
#65 = CARTESIAN_POINT ( 'NONE',  ( -2.925000000000000266, 2.299999999999999822, 0.4000000000000000222 ) ) ;
#66 = EDGE_CURVE ( 'NONE', #4096, #3984, #1098, .T. ) ;
#67 = DIRECTION ( 'NONE',  ( -1.000000000000000000, 0.000000000000000000, 0.000000000000000000 ) ) ;
#68 = CIRCLE ( 'NONE', #6541, 0.6250000000000001110 ) ;
#69 = AXIS2_PLACEMENT_3D ( 'NONE', #5028, #2668, #4910 ) ;
#70 = DIRECTION ( 'NONE',  ( 0.000000000000000000, 0.000000000000000000, -1.000000000000000000 ) ) ;
#71 = CARTESIAN_POINT ( 'NONE',  ( 3.300000000000013145, -7.999999999999998224, -4.549999999999998934 ) ) ;
#72 = CARTESIAN_POINT ( 'NONE',  ( -1.350000000000000089, -1.599999999999999867, -3.200000000000000178 ) ) ;
#73 = ORIENTED_EDGE ( 'NONE', *, *, #6312, .F. ) ;
#74 = ORIENTED_EDGE ( 'NONE', *, *, #4917, .F. ) ;
#75 = DIRECTION ( 'NONE',  ( -4.343693137204245902E-16, 0.9615239476408233843, 0.2747211278973775705 ) ) ;
#76 = EDGE_CURVE ( 'NONE', #17, #381, #5586, .T. ) ;
#77 = LINE ( 'NONE', #1285, #5149 ) ;
#78 = ORIENTED_EDGE ( 'NONE', *, *, #3717, .T. ) ;
#79 = AXIS2_PLACEMENT_3D ( 'NONE', #4088, #3092, #4712 ) ;
#80 = CARTESIAN_POINT ( 'NONE',  ( 2.600000000000000533, 3.100000000000000533, -1.900000000000000133 ) ) ;
#81 = CARTESIAN_POINT ( 'NONE',  ( -3.000000000000000000, 3.000000000000000000, -3.100000000000000977 ) ) ;
#82 = ORIENTED_EDGE ( 'NONE', *, *, #1854, .T. ) ;
#83 = ORIENTED_EDGE ( 'NONE', *, *, #4573, .F. ) ;
#84 = EDGE_CURVE ( 'NONE', #1747, #887, #4954, .T. ) ;
#85 = AXIS2_PLACEMENT_3D ( 'NONE', #6554, #2904, #3453 ) ;
#86 = EDGE_CURVE ( 'NONE', #3269, #1113, #296, .T. ) ;
#87 = FILL_AREA_STYLE ('',( #2875 ) ) ;
#88 = CARTESIAN_POINT ( 'NONE',  ( -3.700000000000011280, -0.08796338649817916910, -4.274394068176251338 ) ) ;
#89 = VECTOR ( 'NONE', #6740, 1000.000000000000000 ) ;
#90 = ORIENTED_EDGE ( 'NONE', *, *, #1884, .T. ) ;
#91 = CARTESIAN_POINT ( 'NONE',  ( 1.450000000000000178, 1.499999999999999334, -2.850000000000000089 ) ) ;
#92 = PLANE ( 'NONE',  #4748 ) ;
#93 = EDGE_CURVE ( 'NONE', #2835, #1574, #6743, .T. ) ;
#94 = EDGE_CURVE ( 'NONE', #3822, #633, #5593, .T. ) ;
#95 = CIRCLE ( 'NONE', #2321, 0.09999999999999982514 ) ;
#96 = ADVANCED_FACE ( 'NONE', ( #3373 ), #2239, .T. ) ;
#97 = CARTESIAN_POINT ( 'NONE',  ( 3.600319854690734456, -1.468402559596534873, -4.274347714189232761 ) ) ;
#98 = DIRECTION ( 'NONE',  ( 1.000000000000000000, 0.000000000000000000, 0.000000000000000000 ) ) ;
#99 = DIRECTION ( 'NONE',  ( -0.000000000000000000, -0.000000000000000000, -1.000000000000000000 ) ) ;
#100 = VERTEX_POINT ( 'NONE', #5069 ) ;
#101 = CYLINDRICAL_SURFACE ( 'NONE', #4228, 0.09999999999999982514 ) ;
#102 = DIRECTION ( 'NONE',  ( -3.491481338843133355E-15, -0.000000000000000000, -1.000000000000000000 ) ) ;
#103 =( BOUNDED_CURVE ( )  B_SPLINE_CURVE ( 3, ( #3013, #672, #4709, #6351 ),
 .UNSPECIFIED., .F., .T. ) 
 B_SPLINE_CURVE_WITH_KNOTS ( ( 4, 4 ),
 ( 3.141592653589793116, 4.712388980384689674 ),
 .UNSPECIFIED. ) 
 CURVE ( )  GEOMETRIC_REPRESENTATION_ITEM ( )  RATIONAL_B_SPLINE_CURVE ( ( 1.000000000000000000, 0.8047378541243649375, 0.8047378541243649375, 1.000000000000000000 ) ) 
 REPRESENTATION_ITEM ( '' )  );
#104 = EDGE_CURVE ( 'NONE', #501, #4289, #35, .T. ) ;
#105 = CARTESIAN_POINT ( 'NONE',  ( 3.700000000000004174, -3.999999999999998224, -0.5999999999999976463 ) ) ;
#106 = AXIS2_PLACEMENT_3D ( 'NONE', #6914, #5144, #2862 ) ;
#107 = CYLINDRICAL_SURFACE ( 'NONE', #586, 0.09999999999999939493 ) ;
#108 = CIRCLE ( 'NONE', #5643, 0.6250000000000001110 ) ;
#109 = CARTESIAN_POINT ( 'NONE',  ( -1.149999999999999911, 2.900000000000000355, -2.850000000000000089 ) ) ;
#110 = DIRECTION ( 'NONE',  ( 0.000000000000000000, 0.000000000000000000, -1.000000000000000000 ) ) ;
#111 = CARTESIAN_POINT ( 'NONE',  ( 2.075000000000000178, -8.000000000000000000, -3.060232526704262934 ) ) ;
#112 = ADVANCED_FACE ( 'NONE', ( #6949 ), #650, .F. ) ;
#113 = VERTEX_POINT ( 'NONE', #2301 ) ;
#114 = ORIENTED_EDGE ( 'NONE', *, *, #3979, .F. ) ;
#115 = VECTOR ( 'NONE', #2611, 1000.000000000000000 ) ;
#116 = VECTOR ( 'NONE', #1111, 1000.000000000000000 ) ;
#117 = CARTESIAN_POINT ( 'NONE',  ( 2.900000000000000355, 1.600000000000000089, -3.100000000000000977 ) ) ;
#118 = LINE ( 'NONE', #4045, #2561 ) ;
#119 = AXIS2_PLACEMENT_3D ( 'NONE', #1429, #4178, #4219 ) ;
#120 = VECTOR ( 'NONE', #2796, 1000.000000000000000 ) ;
#121 = CARTESIAN_POINT ( 'NONE',  ( -1.450000000000000178, -1.499999999999999334, -3.158578643762690152 ) ) ;
#122 = DIRECTION ( 'NONE',  ( -1.000000000000000000, 1.734723475976810250E-14, 0.000000000000000000 ) ) ;
#123 = LINE ( 'NONE', #1121, #6237 ) ;
#124 = ORIENTED_EDGE ( 'NONE', *, *, #1206, .F. ) ;
#125 = VERTEX_POINT ( 'NONE', #1795 ) ;
#126 = AXIS2_PLACEMENT_3D ( 'NONE', #1902, #7021, #207 ) ;
#127 = CARTESIAN_POINT ( 'NONE',  ( 3.300000000000018474, -1.259259259259258412, -5.231773687770130188 ) ) ;
#128 = CARTESIAN_POINT ( 'NONE',  ( -3.700000000000018385, -0.08660584626043252299, -4.601304182183914904 ) ) ;
#129 = CARTESIAN_POINT ( 'NONE',  ( -2.300000000000000266, -1.674999999999999822, 0.6500000000000001332 ) ) ;
#130 = AXIS2_PLACEMENT_3D ( 'NONE', #5987, #458, #7160 ) ;
#131 = VERTEX_POINT ( 'NONE', #2407 ) ;
#132 = EDGE_CURVE ( 'NONE', #3010, #6505, #5137, .T. ) ;
#133 = CARTESIAN_POINT ( 'NONE',  ( 1.675000000000000711, -2.299999999999999378, 0.4000000000000000222 ) ) ;
#134 = DIRECTION ( 'NONE',  ( 0.000000000000000000, 0.000000000000000000, -1.000000000000000000 ) ) ;
#135 = EDGE_CURVE ( 'NONE', #7032, #1961, #1269, .T. ) ;
#136 = ORIENTED_EDGE ( 'NONE', *, *, #7055, .T. ) ;
#137 = CARTESIAN_POINT ( 'NONE',  ( 3.685051546484063412, -1.635703364144516891, -5.021554705230492743 ) ) ;
#138 = CARTESIAN_POINT ( 'NONE',  ( -2.299999999999999822, 2.299999999999999822, 0.9000000000000001332 ) ) ;
#139 = PLANE ( 'NONE',  #5703 ) ;
#140 = ORIENTED_EDGE ( 'NONE', *, *, #979, .T. ) ;
#141 = ADVANCED_FACE ( 'NONE', ( #2857 ), #4067, .T. ) ;
#142 = LINE ( 'NONE', #2371, #3766 ) ;
#143 = DIRECTION ( 'NONE',  ( -4.517509052022934484E-16, 1.000000000000000000, 0.000000000000000000 ) ) ;
#144 = DIRECTION ( 'NONE',  ( 4.517509052022934484E-16, -1.000000000000000000, 0.000000000000000000 ) ) ;
#145 = CARTESIAN_POINT ( 'NONE',  ( -3.795015528100091906, -4.990031056200156634, -5.049999999999998934 ) ) ;
#146 = SPHERICAL_SURFACE ( 'NONE', #3714, 0.1000000000000000056 ) ;
#147 = LINE ( 'NONE', #1177, #1530 ) ;
#148 = PLANE ( 'NONE',  #5282 ) ;
#149 = ORIENTED_EDGE ( 'NONE', *, *, #356, .F. ) ;
#150 = ORIENTED_EDGE ( 'NONE', *, *, #2138, .T. ) ;
#151 = LINE ( 'NONE', #2384, #3385 ) ;
#152 = DIRECTION ( 'NONE',  ( 0.9417419115948374442, -0.3363363969981563728, 0.000000000000000000 ) ) ;
#153 = CARTESIAN_POINT ( 'NONE',  ( 2.299999999999998934, 2.300000000000000711, 0.4000000000000000222 ) ) ;
#154 =( NAMED_UNIT ( * ) PLANE_ANGLE_UNIT ( ) SI_UNIT ( $, .RADIAN. ) );
#155 = VERTEX_POINT ( 'NONE', #1866 ) ;
#156 = ORIENTED_EDGE ( 'NONE', *, *, #1937, .T. ) ;
#157 = CARTESIAN_POINT ( 'NONE',  ( 3.202900065305541943, -1.260050911846114285, -4.858162128904227828 ) ) ;
#158 = ADVANCED_FACE ( 'NONE', ( #171 ), #1494, .T. ) ;
#159 = CARTESIAN_POINT ( 'NONE',  ( -3.700000000000010836, -0.08941806551905646938, -3.854081064452110184 ) ) ;
#160 = DIRECTION ( 'NONE',  ( -1.000000000000000000, 0.000000000000000000, 0.000000000000000000 ) ) ;
#161 = VERTEX_POINT ( 'NONE', #4034 ) ;
#162 = FACE_OUTER_BOUND ( 'NONE', #5640, .T. ) ;
#163 = DIRECTION ( 'NONE',  ( 1.000000000000000000, -8.972707634362798240E-16, 0.000000000000000000 ) ) ;
#164 = ORIENTED_EDGE ( 'NONE', *, *, #6323, .T. ) ;
#165 = CARTESIAN_POINT ( 'NONE',  ( 3.640389927498949074, -1.000016897347567157, -5.020543119474988991 ) ) ;
#166 = EDGE_CURVE ( 'NONE', #238, #788, #4585, .T. ) ;
#167 = CARTESIAN_POINT ( 'NONE',  ( 0.8499999999999999778, 2.600000000000000533, -2.649999999999999911 ) ) ;
#168 = CARTESIAN_POINT ( 'NONE',  ( -6.460349496741234770E-15, -2.400000000000007017, -3.200000000000000178 ) ) ;
#169 = EDGE_LOOP ( 'NONE', ( #1700, #596, #513, #5425 ) ) ;
#170 = FACE_OUTER_BOUND ( 'NONE', #844, .T. ) ;
#171 = FACE_OUTER_BOUND ( 'NONE', #216, .T. ) ;
#172 = CARTESIAN_POINT ( 'NONE',  ( -1.350000000000000089, 0.000000000000000000, -3.100000000000000977 ) ) ;
#173 = CARTESIAN_POINT ( 'NONE',  ( 0.000000000000000000, 0.000000000000000000, 1.100000000000000089 ) ) ;
#174 = EDGE_CURVE ( 'NONE', #2358, #4555, #1590, .T. ) ;
#175 = DIRECTION ( 'NONE',  ( -2.602085213965209064E-15, 1.734723475976804333E-15, 1.000000000000000000 ) ) ;
#176 = CIRCLE ( 'NONE', #3697, 0.1000000000000000472 ) ;
#177 = DIRECTION ( 'NONE',  ( -0.000000000000000000, -0.000000000000000000, -1.000000000000000000 ) ) ;
#178 = CARTESIAN_POINT ( 'NONE',  ( -2.075000000000000178, -8.000000000000000000, -3.060232526704262934 ) ) ;
#179 = ORIENTED_EDGE ( 'NONE', *, *, #1146, .T. ) ;
#180 = ORIENTED_EDGE ( 'NONE', *, *, #5544, .T. ) ;
#181 = VECTOR ( 'NONE', #2475, 1000.000000000000114 ) ;
#182 = CARTESIAN_POINT ( 'NONE',  ( 0.8499999999999999778, -1.733333333333333171, -2.750000000000000000 ) ) ;
#183 = CARTESIAN_POINT ( 'NONE',  ( 0.8499999999999999778, 0.4333333333333333481, -2.750000000000000000 ) ) ;
#184 = EDGE_CURVE ( 'NONE', #3648, #4676, #4105, .T. ) ;
#185 = CARTESIAN_POINT ( 'NONE',  ( 1.450000000000000178, -1.500000000000000444, -3.158578643762690152 ) ) ;
#186 = VERTEX_POINT ( 'NONE', #688 ) ;
#187 = DIRECTION ( 'NONE',  ( 5.782411586589324901E-15, -1.000000000000000000, -2.891205793294662451E-15 ) ) ;
#188 = ORIENTED_EDGE ( 'NONE', *, *, #1396, .T. ) ;
#189 = ORIENTED_EDGE ( 'NONE', *, *, #4583, .T. ) ;
#190 = CARTESIAN_POINT ( 'NONE',  ( 3.300000000000018030, -0.09418335084988774253, -5.231773687770131076 ) ) ;
#191 = AXIS2_PLACEMENT_3D ( 'NONE', #6355, #5343, #5835 ) ;
#192 = CARTESIAN_POINT ( 'NONE',  ( -3.700000000000018385, -1.120370370370370239, -5.371878022344839465 ) ) ;
#193 = CARTESIAN_POINT ( 'NONE',  ( -4.200000000000015277, -7.286606874731855754, -5.049999999999997158 ) ) ;
#194 = VERTEX_POINT ( 'NONE', #5178 ) ;
#195 = CARTESIAN_POINT ( 'NONE',  ( 3.300000000000015810, -7.499999999999997335, -4.049999999999998934 ) ) ;
#196 = DIRECTION ( 'NONE',  ( 0.000000000000000000, 0.000000000000000000, -1.000000000000000000 ) ) ;
#197 = VECTOR ( 'NONE', #1496, 1000.000000000000000 ) ;
#198 = EDGE_CURVE ( 'NONE', #925, #1825, #6368, .T. ) ;
#200 = EDGE_CURVE ( 'NONE', #2139, #3831, #2373, .T. ) ;
#199 = CARTESIAN_POINT ( 'NONE',  ( -1.149999999999999911, -3.000000000000000000, -2.850000000000000089 ) ) ;
#201 = VERTEX_POINT ( 'NONE', #1828 ) ;
#202 = VECTOR ( 'NONE', #1899, 1000.000000000000000 ) ;
#203 = CARTESIAN_POINT ( 'NONE',  ( 3.469184676373342047, -0.5358284726501650885, -2.849999999999996092 ) ) ;
#204 = CARTESIAN_POINT ( 'NONE',  ( -3.700000000000009948, -2.000000000000000444, -2.849999999999997424 ) ) ;
#205 = CARTESIAN_POINT ( 'NONE',  ( -4.600000000000014744, -4.587538820250191662, -4.050000000000012257 ) ) ;
#206 = ORIENTED_EDGE ( 'NONE', *, *, #5070, .F. ) ;
#207 = DIRECTION ( 'NONE',  ( 0.000000000000000000, 0.000000000000000000, 1.000000000000000000 ) ) ;
#208 = CARTESIAN_POINT ( 'NONE',  ( 3.657366486774653147, -5.832766962299167801, -5.049999999999998934 ) ) ;
#209 = VECTOR ( 'NONE', #1393, 1000.000000000000000 ) ;
#210 = LINE ( 'NONE', #3105, #2676 ) ;
#211 = LINE ( 'NONE', #1313, #5880 ) ;
#212 = CARTESIAN_POINT ( 'NONE',  ( 1.899999999999999689, -7.500000000000000000, -1.900000000000000133 ) ) ;
#213 = VECTOR ( 'NONE', #2457, 1000.000000000000000 ) ;
#214 = DIRECTION ( 'NONE',  ( 1.000000000000000000, 0.000000000000000000, 0.000000000000000000 ) ) ;
#215 = CARTESIAN_POINT ( 'NONE',  ( 2.999999999999998668, 3.000000000000001332, 0.000000000000000000 ) ) ;
#216 = EDGE_LOOP ( 'NONE', ( #4230, #994, #1836, #4999 ) ) ;
#217 = ORIENTED_EDGE ( 'NONE', *, *, #2154, .T. ) ;
#218 = EDGE_CURVE ( 'NONE', #6021, #7040, #3547, .T. ) ;
#219 = AXIS2_PLACEMENT_3D ( 'NONE', #2923, #4646, #1716 ) ;
#220 = AXIS2_PLACEMENT_3D ( 'NONE', #3557, #4625, #1841 ) ;
#221 = CARTESIAN_POINT ( 'NONE',  ( 3.700000000000000622, 1.671478349248485739E-15, -0.09999999999998808453 ) ) ;
#222 = EDGE_CURVE ( 'NONE', #3724, #3883, #1170, .T. ) ;
#223 = CARTESIAN_POINT ( 'NONE',  ( 2.299999999999998934, 2.300000000000000711, 0.4000000000000000222 ) ) ;
#224 = FACE_OUTER_BOUND ( 'NONE', #4775, .T. ) ;
#226 = ORIENTED_EDGE ( 'NONE', *, *, #2160, .F. ) ;
#225 = VECTOR ( 'NONE', #1377, 1000.000000000000114 ) ;
#228 = CIRCLE ( 'NONE', #3398, 0.6250000000000001110 ) ;
#227 = CARTESIAN_POINT ( 'NONE',  ( -2.300000000000000266, -2.299999999999999378, 0.9000000000000001332 ) ) ;
#229 = ORIENTED_EDGE ( 'NONE', *, *, #6353, .F. ) ;
#230 = VERTEX_POINT ( 'NONE', #5670 ) ;
#231 = EDGE_CURVE ( 'NONE', #3831, #7040, #5468, .T. ) ;
#232 = VECTOR ( 'NONE', #2308, 1000.000000000000000 ) ;
#233 = DIRECTION ( 'NONE',  ( 0.000000000000000000, 0.000000000000000000, 1.000000000000000000 ) ) ;
#234 =( BOUNDED_CURVE ( )  B_SPLINE_CURVE ( 3, ( #4510, #2824, #4199, #784 ),
 .UNSPECIFIED., .F., .T. ) 
 B_SPLINE_CURVE_WITH_KNOTS ( ( 4, 4 ),
 ( 0.000000000000000000, 1.570796326794896558 ),
 .UNSPECIFIED. ) 
 CURVE ( )  GEOMETRIC_REPRESENTATION_ITEM ( )  RATIONAL_B_SPLINE_CURVE ( ( 1.000000000000000000, 0.8047378541243649375, 0.8047378541243649375, 1.000000000000000000 ) ) 
 REPRESENTATION_ITEM ( '' )  );
#235 = AXIS2_PLACEMENT_3D ( 'NONE', #3235, #1514, #449 ) ;
#236 = CARTESIAN_POINT ( 'NONE',  ( -3.585086612194839262, -0.7072392552293246260, -4.601506343645016095 ) ) ;
#237 = DIRECTION ( 'NONE',  ( -1.000000000000000000, 0.000000000000000000, 0.000000000000000000 ) ) ;
#238 = VERTEX_POINT ( 'NONE', #3143 ) ;
#239 = DIRECTION ( 'NONE',  ( -1.000000000000000000, -4.517509052022934484E-16, -3.491481338843133750E-15 ) ) ;
#240 = VECTOR ( 'NONE', #686, 1000.000000000000000 ) ;
#241 = CARTESIAN_POINT ( 'NONE',  ( -2.299999999999999822, -2.299999999999999822, 0.000000000000000000 ) ) ;
#242 = VECTOR ( 'NONE', #2572, 1000.000000000000000 ) ;
#243 = DIRECTION ( 'NONE',  ( 0.000000000000000000, 0.000000000000000000, 1.000000000000000000 ) ) ;
#244 = ORIENTED_EDGE ( 'NONE', *, *, #3366, .T. ) ;
#245 = AXIS2_PLACEMENT_3D ( 'NONE', #6257, #5129, #3466 ) ;
#246 = EDGE_CURVE ( 'NONE', #3432, #131, #5850, .T. ) ;
#247 = CARTESIAN_POINT ( 'NONE',  ( 3.344139186151720011, -0.6948026880367431657, -2.850000000000001865 ) ) ;
#248 = CARTESIAN_POINT ( 'NONE',  ( 2.299999999999998934, 2.300000000000000711, 0.4000000000000000222 ) ) ;
#249 = CARTESIAN_POINT ( 'NONE',  ( -3.437244651700124276, -5.168916494400138006, -5.049999999999998934 ) ) ;
#250 = ORIENTED_EDGE ( 'NONE', *, *, #4757, .T. ) ;
#251 = DIRECTION ( 'NONE',  ( -0.3363363969981563173, -0.9417419115948373332, 0.000000000000000000 ) ) ;
#252 = DIRECTION ( 'NONE',  ( -1.000000000000000000, 0.000000000000000000, 0.000000000000000000 ) ) ;
#253 = CARTESIAN_POINT ( 'NONE',  ( -3.700000000000009948, -4.158455393585500385E-16, -2.850000000000028511 ) ) ;
#254 = EDGE_CURVE ( 'NONE', #1399, #2769, #5398, .T. ) ;
#255 = DIRECTION ( 'NONE',  ( 0.000000000000000000, 0.000000000000000000, -1.000000000000000000 ) ) ;
#256 = CARTESIAN_POINT ( 'NONE',  ( 3.300000000000011369, -1.999999999999999556, -2.849999999999998757 ) ) ;
#257 = CARTESIAN_POINT ( 'NONE',  ( 2.299999999999999822, -2.299999999999999822, 0.9000000000000001332 ) ) ;
#258 = DIRECTION ( 'NONE',  ( 0.000000000000000000, -1.000000000000000000, 3.523657060577896116E-15 ) ) ;
#259 = ORIENTED_EDGE ( 'NONE', *, *, #1457, .F. ) ;
#260 = ORIENTED_EDGE ( 'NONE', *, *, #4985, .T. ) ;
#261 = PLANE ( 'NONE',  #4898 ) ;
#262 = FACE_OUTER_BOUND ( 'NONE', #7270, .T. ) ;
#263 = DIRECTION ( 'NONE',  ( -2.654501759898880774E-15, -0.5547001962252291474, 0.8320502943378437211 ) ) ;
#264 = EDGE_LOOP ( 'NONE', ( #7086, #5905 ) ) ;
#265 = DIRECTION ( 'NONE',  ( -0.000000000000000000, -0.000000000000000000, -1.000000000000000000 ) ) ;
#266 = EDGE_CURVE ( 'NONE', #1352, #113, #284, .T. ) ;
#267 = VERTEX_POINT ( 'NONE', #3031 ) ;
#268 = ORIENTED_EDGE ( 'NONE', *, *, #423, .T. ) ;
#269 = CARTESIAN_POINT ( 'NONE',  ( -3.300000000000013589, -2.000000000000000888, -3.830730342022995227 ) ) ;
#270 = EDGE_CURVE ( 'NONE', #722, #4592, #320, .T. ) ;
#271 = DIRECTION ( 'NONE',  ( 0.000000000000000000, 0.000000000000000000, 1.000000000000000000 ) ) ;
#272 = FACE_OUTER_BOUND ( 'NONE', #5336, .T. ) ;
#273 = ORIENTED_EDGE ( 'NONE', *, *, #3281, .T. ) ;
#274 = DIRECTION ( 'NONE',  ( -0.000000000000000000, -0.000000000000000000, -1.000000000000000000 ) ) ;
#275 = CARTESIAN_POINT ( 'NONE',  ( 3.300000000000000266, 1.490777987167568597E-15, -0.09999999999998941680 ) ) ;
#276 = CARTESIAN_POINT ( 'NONE',  ( -3.200000000000000622, 4.336808689942017736E-16, -0.09999999999998968048 ) ) ;
#277 = VERTEX_POINT ( 'NONE', #946 ) ;
#278 = EDGE_CURVE ( 'NONE', #6348, #4245, #2013, .T. ) ;
#279 = CARTESIAN_POINT ( 'NONE',  ( 3.687752137055941848, -0.2048160270238170433, -4.274396475417888475 ) ) ;
#280 = CARTESIAN_POINT ( 'NONE',  ( -2.075000000000000178, -8.000000000000000000, -2.200000000000000178 ) ) ;
#281 = CARTESIAN_POINT ( 'NONE',  ( -2.899999999999999467, 1.500000000000000000, -2.850000000000000089 ) ) ;
#282 = ORIENTED_EDGE ( 'NONE', *, *, #5070, .T. ) ;
#283 = CYLINDRICAL_SURFACE ( 'NONE', #2459, 0.6250000000000001110 ) ;
#284 = LINE ( 'NONE', #6479, #2289 ) ;
#285 = DIRECTION ( 'NONE',  ( 1.000000000000000000, 0.000000000000000000, 0.000000000000000000 ) ) ;
#286 = DIRECTION ( 'NONE',  ( -1.000000000000000000, -1.214306433183762947E-13, -2.891205793294673889E-15 ) ) ;
#287 = CARTESIAN_POINT ( 'NONE',  ( -3.700000000000021494, -4.000000000000000000, -6.049999999999997158 ) ) ;
#288 = FACE_OUTER_BOUND ( 'NONE', #1665, .T. ) ;
#289 = CARTESIAN_POINT ( 'NONE',  ( 3.700000000000004174, -3.499999999999998224, -0.5999999999999977573 ) ) ;
#290 = ORIENTED_EDGE ( 'NONE', *, *, #1798, .T. ) ;
#291 = ORIENTED_EDGE ( 'NONE', *, *, #4391, .F. ) ;
#292 = EDGE_CURVE ( 'NONE', #1545, #6754, #1380, .T. ) ;
#293 = EDGE_CURVE ( 'NONE', #2000, #5280, #871, .T. ) ;
#294 = DIRECTION ( 'NONE',  ( 0.000000000000000000, 1.000000000000000000, 0.000000000000000000 ) ) ;
#295 = DIRECTION ( 'NONE',  ( 1.000000000000000000, 0.000000000000000000, 0.000000000000000000 ) ) ;
#296 = CIRCLE ( 'NONE', #4401, 0.6250000000000001110 ) ;
#297 = FACE_OUTER_BOUND ( 'NONE', #3723, .T. ) ;
#298 = ORIENTED_EDGE ( 'NONE', *, *, #4717, .T. ) ;
#299 = DIRECTION ( 'NONE',  ( -0.000000000000000000, -0.000000000000000000, -1.000000000000000000 ) ) ;
#300 = ORIENTED_EDGE ( 'NONE', *, *, #4802, .T. ) ;
#301 = EDGE_LOOP ( 'NONE', ( #4267, #5424, #5582, #179 ) ) ;
#302 = VECTOR ( 'NONE', #6000, 1000.000000000000000 ) ;
#303 = DIRECTION ( 'NONE',  ( 0.8944271909999157444, 0.4472135954999583718, 0.000000000000000000 ) ) ;
#304 = VERTEX_POINT ( 'NONE', #363 ) ;
#305 = AXIS2_PLACEMENT_3D ( 'NONE', #3610, #6465, #6225 ) ;
#306 = PLANE ( 'NONE',  #4459 ) ;
#307 = DIRECTION ( 'NONE',  ( 0.000000000000000000, -1.000000000000000000, 0.000000000000000000 ) ) ;
#308 = EDGE_LOOP ( 'NONE', ( #2366, #1029, #848, #2106, #1793 ) ) ;
#309 = ORIENTED_EDGE ( 'NONE', *, *, #3179, .F. ) ;
#310 = DIRECTION ( 'NONE',  ( 0.000000000000000000, 1.000000000000000000, 0.000000000000000000 ) ) ;
#311 = DIRECTION ( 'NONE',  ( 1.000000000000000000, 0.000000000000000000, -3.491481338843133355E-15 ) ) ;
#312 = VECTOR ( 'NONE', #3378, 1000.000000000000000 ) ;
#313 = VERTEX_POINT ( 'NONE', #3735 ) ;
#314 = EDGE_CURVE ( 'NONE', #6173, #131, #4631, .T. ) ;
#315 = CARTESIAN_POINT ( 'NONE',  ( 3.700000000000016165, -0.1958792758983939619, -5.231804981911395203 ) ) ;
#316 = DIRECTION ( 'NONE',  ( 1.000000000000000000, 4.517509052022934484E-16, 3.491481338843133355E-15 ) ) ;
#317 = DIRECTION ( 'NONE',  ( -0.000000000000000000, -0.000000000000000000, -1.000000000000000000 ) ) ;
#318 = ORIENTED_EDGE ( 'NONE', *, *, #2952, .F. ) ;
#319 = DIRECTION ( 'NONE',  ( 0.000000000000000000, -1.000000000000000000, 0.000000000000000000 ) ) ;
#320 = LINE ( 'NONE', #1424, #1821 ) ;
#321 = EDGE_CURVE ( 'NONE', #5540, #7078, #888, .T. ) ;
#322 = EDGE_CURVE ( 'NONE', #3193, #3167, #1467, .T. ) ;
#323 = AXIS2_PLACEMENT_3D ( 'NONE', #3702, #5966, #122 ) ;
#324 = CARTESIAN_POINT ( 'NONE',  ( 2.300000000000000266, 1.963427199554092617, 0.9000000000000001332 ) ) ;
#325 = PLANE ( 'NONE',  #5123 ) ;
#326 = CARTESIAN_POINT ( 'NONE',  ( -3.300000000000014033, -7.286606874731848649, -4.549999999999998934 ) ) ;
#327 = LINE ( 'NONE', #6405, #1634 ) ;
#328 = CARTESIAN_POINT ( 'NONE',  ( -3.700000000000010836, -3.500000000000000000, -3.049999999999999378 ) ) ;
#329 = VECTOR ( 'NONE', #2350, 1000.000000000000000 ) ;
#330 = ORIENTED_EDGE ( 'NONE', *, *, #3605, .T. ) ;
#331 = VERTEX_POINT ( 'NONE', #5889 ) ;
#332 = EDGE_CURVE ( 'NONE', #3900, #4564, #3107, .T. ) ;
#333 = CYLINDRICAL_SURFACE ( 'NONE', #5502, 0.6250000000000001110 ) ;
#334 = CARTESIAN_POINT ( 'NONE',  ( -3.700000000000017941, -4.000000000000000000, -5.049999999999998934 ) ) ;
#335 = AXIS2_PLACEMENT_3D ( 'NONE', #1173, #6265, #690 ) ;
#336 = EDGE_CURVE ( 'NONE', #1327, #6745, #2519, .T. ) ;
#337 = FACE_OUTER_BOUND ( 'NONE', #407, .T. ) ;
#338 = ORIENTED_EDGE ( 'NONE', *, *, #5089, .F. ) ;
#339 = LINE ( 'NONE', #3085, #1281 ) ;
#340 = ORIENTED_EDGE ( 'NONE', *, *, #2677, .T. ) ;
#341 = ORIENTED_EDGE ( 'NONE', *, *, #5709, .F. ) ;
#342 = VECTOR ( 'NONE', #4079, 1000.000000000000000 ) ;
#343 = DIRECTION ( 'NONE',  ( -0.000000000000000000, -0.000000000000000000, -1.000000000000000000 ) ) ;
#344 = ORIENTED_EDGE ( 'NONE', *, *, #3558, .T. ) ;
#345 = AXIS2_PLACEMENT_3D ( 'NONE', #6979, #5847, #3693 ) ;
#346 = CARTESIAN_POINT ( 'NONE',  ( 2.392722035830079958E-16, 1.599999999999999645, -3.100000000000000977 ) ) ;
#347 = LINE ( 'NONE', #415, #6899 ) ;
#348 = VERTEX_POINT ( 'NONE', #3185 ) ;
#349 = ORIENTED_EDGE ( 'NONE', *, *, #6182, .T. ) ;
#350 = CARTESIAN_POINT ( 'NONE',  ( -3.300000000000010036, -0.09418335084988924133, -2.850000000000001865 ) ) ;
#351 = DIRECTION ( 'NONE',  ( -0.000000000000000000, -0.000000000000000000, -1.000000000000000000 ) ) ;
#352 = CIRCLE ( 'NONE', #2114, 0.5000000000000017764 ) ;
#353 = ORIENTED_EDGE ( 'NONE', *, *, #2832, .F. ) ;
#354 = CARTESIAN_POINT ( 'NONE',  ( -1.674999999999999822, -2.299999999999999822, 0.000000000000000000 ) ) ;
#355 = AXIS2_PLACEMENT_3D ( 'NONE', #657, #2019, #5968 ) ;
#356 = EDGE_CURVE ( 'NONE', #4096, #4296, #7130, .T. ) ;
#357 = CIRCLE ( 'NONE', #3759, 0.6250000000000001110 ) ;
#358 = CARTESIAN_POINT ( 'NONE',  ( -3.000000000000000000, 4.336808689942017736E-16, 9.703609443745283617E-15 ) ) ;
#359 = CARTESIAN_POINT ( 'NONE',  ( 1.149999999999999911, -2.900000000000000355, -2.850000000000000089 ) ) ;
#360 = VERTEX_POINT ( 'NONE', #4833 ) ;
#361 = DIRECTION ( 'NONE',  ( 1.000000000000000000, 0.000000000000000000, 0.000000000000000000 ) ) ;
#362 = EDGE_CURVE ( 'NONE', #1140, #4186, #908, .T. ) ;
#363 = CARTESIAN_POINT ( 'NONE',  ( -2.075000000000000178, -8.000000000000000000, -2.200000000000000178 ) ) ;
#364 = CIRCLE ( 'NONE', #4471, 0.09999999999999939493 ) ;
#365 = CARTESIAN_POINT ( 'NONE',  ( -2.300000000000000266, 2.299999999999998934, 0.9000000000000002442 ) ) ;
#366 = EDGE_CURVE ( 'NONE', #3876, #376, #7097, .T. ) ;
#367 = LINE ( 'NONE', #2601, #4429 ) ;
#368 = CARTESIAN_POINT ( 'NONE',  ( 1.350000000000000089, 2.400000000000001688, -3.200000000000000178 ) ) ;
#369 = DIRECTION ( 'NONE',  ( 0.000000000000000000, 0.000000000000000000, -1.000000000000000000 ) ) ;
#370 = ORIENTED_EDGE ( 'NONE', *, *, #4213, .F. ) ;
#371 = EDGE_LOOP ( 'NONE', ( #6394, #3174, #2752, #6417 ) ) ;
#372 = DIRECTION ( 'NONE',  ( -1.000000000000000000, 0.000000000000000000, 0.000000000000000000 ) ) ;
#373 = EDGE_CURVE ( 'NONE', #5572, #3336, #176, .T. ) ;
#374 = LINE ( 'NONE', #3117, #6699 ) ;
#375 = DIRECTION ( 'NONE',  ( 0.000000000000000000, -0.000000000000000000, 1.000000000000000000 ) ) ;
#376 = VERTEX_POINT ( 'NONE', #1492 ) ;
#377 = CARTESIAN_POINT ( 'NONE',  ( 2.900000000000000355, -3.000000000000000000, -3.100000000000000977 ) ) ;
#378 = ORIENTED_EDGE ( 'NONE', *, *, #3423, .T. ) ;
#379 = VERTEX_POINT ( 'NONE', #4755 ) ;
#380 = CARTESIAN_POINT ( 'NONE',  ( -3.300000000000010481, -4.336808689942017736E-16, -2.990104334574712919 ) ) ;
#381 = VERTEX_POINT ( 'NONE', #6400 ) ;
#382 = CARTESIAN_POINT ( 'NONE',  ( -1.350000000000000089, 0.000000000000000000, -3.100000000000000977 ) ) ;
#383 = CARTESIAN_POINT ( 'NONE',  ( -3.000000000000000000, 2.399999999999999467, -2.850000000000000089 ) ) ;
#384 = ORIENTED_EDGE ( 'NONE', *, *, #1790, .F. ) ;
#385 = EDGE_LOOP ( 'NONE', ( #7054, #6667, #378, #3536 ) ) ;
#386 = DIRECTION ( 'NONE',  ( 0.000000000000000000, 1.000000000000000000, 0.000000000000000000 ) ) ;
#387 = DIRECTION ( 'NONE',  ( -1.000000000000000000, 0.000000000000000000, -2.891205793294673889E-15 ) ) ;
#388 = ADVANCED_FACE ( 'NONE', ( #6437 ), #837, .T. ) ;
#389 = ORIENTED_EDGE ( 'NONE', *, *, #5375, .T. ) ;
#390 = CARTESIAN_POINT ( 'NONE',  ( 3.700000000000017941, 1.283667572167140392E-15, -5.021617185908054282 ) ) ;
#391 = DIRECTION ( 'NONE',  ( -2.917253218490780933E-16, -8.168309011774198050E-16, -1.000000000000000000 ) ) ;
#392 = ORIENTED_EDGE ( 'NONE', *, *, #76, .F. ) ;
#393 = CARTESIAN_POINT ( 'NONE',  ( 3.352432279564662831, -6.983904117433511693, -5.049999999999998934 ) ) ;
#394 = CARTESIAN_POINT ( 'NONE',  ( 0.8499999999999999778, -0.4333333333333333481, -2.649999999999999911 ) ) ;
#395 = EDGE_CURVE ( 'NONE', #1500, #2612, #5789, .T. ) ;
#396 = CARTESIAN_POINT ( 'NONE',  ( 3.700000000000019718, -2.000000000000000888, -3.433768060727972582 ) ) ;
#397 = DIRECTION ( 'NONE',  ( 0.000000000000000000, 0.000000000000000000, -1.000000000000000000 ) ) ;
#398 = CARTESIAN_POINT ( 'NONE',  ( -3.300000000000012257, -7.500000000000001776, -5.049999999999999822 ) ) ;
#399 = ORIENTED_EDGE ( 'NONE', *, *, #4134, .F. ) ;
#400 = VERTEX_POINT ( 'NONE', #3215 ) ;
#401 = LINE ( 'NONE', #1023, #680 ) ;
#402 = VERTEX_POINT ( 'NONE', #2820 ) ;
#403 = CARTESIAN_POINT ( 'NONE',  ( 0.000000000000000000, -0.4833333333333333925, -2.750000000000000000 ) ) ;
#404 = DIRECTION ( 'NONE',  ( 0.000000000000000000, 1.000000000000000000, 0.000000000000000000 ) ) ;
#405 = VERTEX_POINT ( 'NONE', #5062 ) ;
#406 = CARTESIAN_POINT ( 'NONE',  ( 3.700000000000016609, -4.587538820250190774, -4.049999999999998934 ) ) ;
#407 = EDGE_LOOP ( 'NONE', ( #4240, #1431, #563, #4554 ) ) ;
#408 = ORIENTED_EDGE ( 'NONE', *, *, #2592, .F. ) ;
#409 = EDGE_CURVE ( 'NONE', #3384, #3, #6035, .T. ) ;
#410 = VECTOR ( 'NONE', #7179, 1000.000000000000000 ) ;
#411 = CARTESIAN_POINT ( 'NONE',  ( -1.450000000000000178, 2.500000000000001332, -3.100000000000000977 ) ) ;
#412 = CARTESIAN_POINT ( 'NONE',  ( -3.300000000000011813, -2.000000000000000888, -3.363715893440616611 ) ) ;
#413 = ORIENTED_EDGE ( 'NONE', *, *, #5619, .T. ) ;
#414 = CARTESIAN_POINT ( 'NONE',  ( -3.700000000000017053, -0.08396765301964355388, -5.231773687770120418 ) ) ;
#415 = CARTESIAN_POINT ( 'NONE',  ( -3.300000000000002043, 2.600000000000000533, -0.6000000000000008660 ) ) ;
#416 = VECTOR ( 'NONE', #5507, 1000.000000000000000 ) ;
#417 = EDGE_LOOP ( 'NONE', ( #3619, #6380, #6641, #5417 ) ) ;
#418 = EDGE_LOOP ( 'NONE', ( #6275, #814, #4816, #1189 ) ) ;
#419 = CARTESIAN_POINT ( 'NONE',  ( 6.460349496741230037E-15, -2.400000000000007461, -3.100000000000000977 ) ) ;
#420 = ORIENTED_EDGE ( 'NONE', *, *, #1974, .F. ) ;
#421 = AXIS2_PLACEMENT_3D ( 'NONE', #4680, #6941, #1896 ) ;
#422 = CARTESIAN_POINT ( 'NONE',  ( 3.700000000000018829, 1.470622946781628435E-15, -3.433768060727970362 ) ) ;
#423 = EDGE_CURVE ( 'NONE', #1084, #5941, #469, .T. ) ;
#424 = CARTESIAN_POINT ( 'NONE',  ( 2.900000000000000799, -2.399999999999999467, -3.100000000000000977 ) ) ;
#425 = ORIENTED_EDGE ( 'NONE', *, *, #166, .T. ) ;
#426 = ADVANCED_FACE ( 'NONE', ( #2082 ), #6110, .F. ) ;
#427 = CARTESIAN_POINT ( 'NONE',  ( -2.900000000000000355, 1.600000000000000089, -3.100000000000000977 ) ) ;
#428 = VECTOR ( 'NONE', #798, 1000.000000000000000 ) ;
#429 = DIRECTION ( 'NONE',  ( 1.000000000000000000, 0.000000000000000000, 0.000000000000000000 ) ) ;
#430 = AXIS2_PLACEMENT_3D ( 'NONE', #1256, #1922, #237 ) ;
#431 = DIRECTION ( 'NONE',  ( 1.000000000000000000, 0.000000000000000000, 0.000000000000000000 ) ) ;
#432 = CARTESIAN_POINT ( 'NONE',  ( -2.900000000000000355, 2.400000000000000355, -2.850000000000000089 ) ) ;
#433 = FACE_OUTER_BOUND ( 'NONE', #6955, .T. ) ;
#434 = PLANE ( 'NONE',  #1286 ) ;
#435 = ORIENTED_EDGE ( 'NONE', *, *, #5713, .F. ) ;
#436 = PLANE ( 'NONE',  #5222 ) ;
#437 = DIRECTION ( 'NONE',  ( -1.000000000000000000, 0.000000000000000000, 0.000000000000000000 ) ) ;
#438 = EDGE_LOOP ( 'NONE', ( #2370, #1703, #4356, #5543, #298, #604 ) ) ;
#439 = CARTESIAN_POINT ( 'NONE',  ( 3.700000000000015277, 2.600000000000000533, -4.748279434898255325 ) ) ;
#440 = AXIS2_PLACEMENT_3D ( 'NONE', #3486, #1772, #75 ) ;
#441 = DIRECTION ( 'NONE',  ( -0.000000000000000000, -0.000000000000000000, -1.000000000000000000 ) ) ;
#442 = ORIENTED_EDGE ( 'NONE', *, *, #1041, .F. ) ;
#443 = EDGE_CURVE ( 'NONE', #5364, #6684, #575, .T. ) ;
#444 = DIRECTION ( 'NONE',  ( 1.000000000000000000, 0.000000000000000000, 0.000000000000000000 ) ) ;
#445 = VERTEX_POINT ( 'NONE', #3775 ) ;
#446 = ORIENTED_EDGE ( 'NONE', *, *, #541, .F. ) ;
#447 = ADVANCED_FACE ( 'NONE', ( #4358 ), #4903, .T. ) ;
#448 = AXIS2_PLACEMENT_3D ( 'NONE', #6809, #2374, #6744 ) ;
#449 = DIRECTION ( 'NONE',  ( 0.000000000000000000, 0.000000000000000000, -1.000000000000000000 ) ) ;
#450 = CARTESIAN_POINT ( 'NONE',  ( -3.286933477046821928, -0.2037428474490202146, -3.830730342022995227 ) ) ;
#451 = ORIENTED_EDGE ( 'NONE', *, *, #5719, .F. ) ;
#452 = CARTESIAN_POINT ( 'NONE',  ( 0.8499999999999999778, -0.4833333333333333925, -2.799999999999999822 ) ) ;
#453 = DIRECTION ( 'NONE',  ( -0.000000000000000000, -0.000000000000000000, -1.000000000000000000 ) ) ;
#454 = ADVANCED_FACE ( 'NONE', ( #3294 ), #6621, .T. ) ;
#455 = CIRCLE ( 'NONE', #1268, 0.4999999999999998335 ) ;
#456 = ORIENTED_EDGE ( 'NONE', *, *, #2755, .T. ) ;
#457 = ORIENTED_EDGE ( 'NONE', *, *, #2058, .T. ) ;
#458 = DIRECTION ( 'NONE',  ( 0.000000000000000000, -1.000000000000000000, 0.000000000000000000 ) ) ;
#459 = CIRCLE ( 'NONE', #5871, 0.6250000000000001110 ) ;
#460 = CARTESIAN_POINT ( 'NONE',  ( 3.300000000000010036, 1.057097118173370965E-15, -2.849999999999999201 ) ) ;
#461 = ORIENTED_EDGE ( 'NONE', *, *, #3878, .T. ) ;
#462 = VECTOR ( 'NONE', #1614, 1000.000000000000000 ) ;
#463 = CARTESIAN_POINT ( 'NONE',  ( -3.700000000000020162, -1.763888888888889950, -5.371878022344835912 ) ) ;
#464 = CARTESIAN_POINT ( 'NONE',  ( 1.149999999999999911, 2.900000000000000355, -3.100000000000000977 ) ) ;
#465 = CARTESIAN_POINT ( 'NONE',  ( 4.128237442572071814, -6.000935160798246848, -4.049999999999998934 ) ) ;
#466 = ORIENTED_EDGE ( 'NONE', *, *, #1570, .T. ) ;
#467 = DIRECTION ( 'NONE',  ( -1.000000000000000000, 2.602085213965215059E-14, 0.000000000000000000 ) ) ;
#468 = AXIS2_PLACEMENT_3D ( 'NONE', #5489, #4456, #7151 ) ;
#469 = LINE ( 'NONE', #3890, #2760 ) ;
#470 = EDGE_CURVE ( 'NONE', #6446, #1972, #5466, .T. ) ;
#471 = EDGE_CURVE ( 'NONE', #3001, #4272, #1233, .T. ) ;
#472 = VECTOR ( 'NONE', #1768, 1000.000000000000000 ) ;
#473 = CIRCLE ( 'NONE', #5884, 0.6250000000000001110 ) ;
#474 = CARTESIAN_POINT ( 'NONE',  ( -2.300000000000000266, 2.299999999999999378, 0.9000000000000001332 ) ) ;
#475 = DIRECTION ( 'NONE',  ( -2.093631781351320838E-15, 1.000000000000000000, 0.000000000000000000 ) ) ;
#476 = CARTESIAN_POINT ( 'NONE',  ( -2.300000000000001599, 2.300000000000000266, 0.9000000000000003553 ) ) ;
#477 = DIRECTION ( 'NONE',  ( 3.918314502740957776E-31, -8.673617379884035472E-16, -1.000000000000000000 ) ) ;
#478 = ORIENTED_EDGE ( 'NONE', *, *, #6998, .T. ) ;
#479 = CARTESIAN_POINT ( 'NONE',  ( 3.700000000000012612, -3.999999999999998224, -3.049999999999999378 ) ) ;
#480 = CIRCLE ( 'NONE', #5412, 0.09999999999999982514 ) ;
#481 = CARTESIAN_POINT ( 'NONE',  ( 3.700000000000016609, -4.587538820250191662, -5.049999999999998934 ) ) ;
#482 = EDGE_CURVE ( 'NONE', #3493, #1463, #2742, .T. ) ;
#483 = ORIENTED_EDGE ( 'NONE', *, *, #2764, .F. ) ;
#484 = DIRECTION ( 'NONE',  ( 4.517509052022934484E-16, -1.000000000000000000, 0.000000000000000000 ) ) ;
#485 = CIRCLE ( 'NONE', #6255, 0.05000000000000012768 ) ;
#486 = CARTESIAN_POINT ( 'NONE',  ( -3.700000000000010836, -3.500000000000000000, -3.049999999999999378 ) ) ;
#487 = ORIENTED_EDGE ( 'NONE', *, *, #4303, .F. ) ;
#488 = CARTESIAN_POINT ( 'NONE',  ( 3.795015528100093238, -4.990031056200153969, -4.049999999999998934 ) ) ;
#489 = VERTEX_POINT ( 'NONE', #4433 ) ;
#490 = ORIENTED_EDGE ( 'NONE', *, *, #6551, .F. ) ;
#491 = CARTESIAN_POINT ( 'NONE',  ( -3.700000000000010836, -2.000000000000000888, -3.854081064452107519 ) ) ;
#492 = EDGE_CURVE ( 'NONE', #6990, #7123, #2664, .T. ) ;
#493 = CARTESIAN_POINT ( 'NONE',  ( -3.300000000000018474, -0.09418335084988924133, -5.371878022344844794 ) ) ;
#494 = ORIENTED_EDGE ( 'NONE', *, *, #4319, .F. ) ;
#495 = CYLINDRICAL_SURFACE ( 'NONE', #1172, 0.6250000000000001110 ) ;
#496 = CARTESIAN_POINT ( 'NONE',  ( -3.200000000000000622, 3.000000000000000444, -8.673617379884035472E-16 ) ) ;
#497 = ORIENTED_EDGE ( 'NONE', *, *, #5663, .F. ) ;
#498 = ORIENTED_EDGE ( 'NONE', *, *, #362, .F. ) ;
#499 = EDGE_CURVE ( 'NONE', #5651, #5641, #2781, .T. ) ;
#500 = CARTESIAN_POINT ( 'NONE',  ( 3.300000000000014477, -1.905816649150110509, -3.830730342022995227 ) ) ;
#501 = VERTEX_POINT ( 'NONE', #4980 ) ;
#502 = CARTESIAN_POINT ( 'NONE',  ( -3.700000000000016609, -1.471683892699812590, -5.231171085938932208 ) ) ;
#503 = LINE ( 'NONE', #1564, #4759 ) ;
#504 = LINE ( 'NONE', #465, #1163 ) ;
#505 = ORIENTED_EDGE ( 'NONE', *, *, #4062, .T. ) ;
#506 = CARTESIAN_POINT ( 'NONE',  ( 1.350000000000000089, -2.900000000000000355, -3.200000000000000178 ) ) ;
#507 = CARTESIAN_POINT ( 'NONE',  ( -1.408578643762689930, 1.541421356237309359, -3.200000000000000622 ) ) ;
#508 = ADVANCED_FACE ( 'NONE', ( #6588 ), #1534, .T. ) ;
#509 = CARTESIAN_POINT ( 'NONE',  ( 3.300000000000017142, -7.286606874731847761, -5.049999999999999822 ) ) ;
#510 = DIRECTION ( 'NONE',  ( 0.000000000000000000, 1.000000000000000000, -3.523657060577896116E-15 ) ) ;
#511 = CARTESIAN_POINT ( 'NONE',  ( -3.550000000000001599, 2.925000000000002487, 0.6500000000000000222 ) ) ;
#512 = CARTESIAN_POINT ( 'NONE',  ( 2.299999999999999378, 1.963427199554093505, 0.9000000000000001332 ) ) ;
#513 = ORIENTED_EDGE ( 'NONE', *, *, #1798, .F. ) ;
#514 = VERTEX_POINT ( 'NONE', #7208 ) ;
#515 = CARTESIAN_POINT ( 'NONE',  ( -1.350000000000000089, -2.900000000000000355, -3.100000000000000977 ) ) ;
#516 = VERTEX_POINT ( 'NONE', #1014 ) ;
#517 = DIRECTION ( 'NONE',  ( -1.000000000000000000, 0.000000000000000000, 0.000000000000000000 ) ) ;
#518 = DIRECTION ( 'NONE',  ( 0.000000000000000000, 0.000000000000000000, -1.000000000000000000 ) ) ;
#519 = ORIENTED_EDGE ( 'NONE', *, *, #4168, .T. ) ;
#520 = CARTESIAN_POINT ( 'NONE',  ( 4.600000000000016520, -4.587538820250189886, -4.050000000000012257 ) ) ;
#521 = EDGE_CURVE ( 'NONE', #2006, #4555, #3253, .T. ) ;
#522 = ORIENTED_EDGE ( 'NONE', *, *, #1753, .F. ) ;
#523 = ORIENTED_EDGE ( 'NONE', *, *, #627, .T. ) ;
#524 = CARTESIAN_POINT ( 'NONE',  ( 3.300000000000015810, -4.000000000000000888, -5.049999999999998934 ) ) ;
#525 = CARTESIAN_POINT ( 'NONE',  ( -3.300000000000018030, -4.336808689942017736E-16, -5.231773687770131076 ) ) ;
#526 = EDGE_LOOP ( 'NONE', ( #6085, #5187 ) ) ;
#527 = DIRECTION ( 'NONE',  ( -0.000000000000000000, -0.000000000000000000, -1.000000000000000000 ) ) ;
#528 = DIRECTION ( 'NONE',  ( -0.000000000000000000, -0.000000000000000000, -1.000000000000000000 ) ) ;
#529 = VERTEX_POINT ( 'NONE', #6736 ) ;
#530 = VERTEX_POINT ( 'NONE', #6181 ) ;
#531 = CARTESIAN_POINT ( 'NONE',  ( 3.300000000000011369, -1.905816649150110509, -2.990104334574712919 ) ) ;
#532 = ORIENTED_EDGE ( 'NONE', *, *, #640, .F. ) ;
#533 = AXIS2_PLACEMENT_3D ( 'NONE', #2963, #5813, #2890 ) ;
#534 = CARTESIAN_POINT ( 'NONE',  ( -3.433892703588353967, -1.301082346714760751, -3.433518830182402226 ) ) ;
#535 = CARTESIAN_POINT ( 'NONE',  ( -2.299999999999999822, -2.299999999999999822, 0.4000000000000000222 ) ) ;
#536 = DIRECTION ( 'NONE',  ( -8.673617379884049672E-15, 1.000000000000000000, 3.761581922631332917E-29 ) ) ;
#537 = ORIENTED_EDGE ( 'NONE', *, *, #858, .F. ) ;
#538 = DIRECTION ( 'NONE',  ( 0.000000000000000000, 0.000000000000000000, 1.000000000000000000 ) ) ;
#539 = CARTESIAN_POINT ( 'NONE',  ( -2.299999999999999822, 2.299999999999999822, 0.4000000000000000222 ) ) ;
#540 = VECTOR ( 'NONE', #4159, 1000.000000000000000 ) ;
#541 = EDGE_CURVE ( 'NONE', #3167, #125, #4866, .T. ) ;
#542 = CARTESIAN_POINT ( 'NONE',  ( 3.692222468107806854, -1.859399599620010779, -3.060156501862070666 ) ) ;
#543 = AXIS2_PLACEMENT_3D ( 'NONE', #1314, #175, #286 ) ;
#544 = DIRECTION ( 'NONE',  ( 0.000000000000000000, 0.000000000000000000, -1.000000000000000000 ) ) ;
#545 = CARTESIAN_POINT ( 'NONE',  ( 2.925000000000001155, -2.299999999999998490, 0.4000000000000000222 ) ) ;
#546 = ADVANCED_FACE ( 'NONE', ( #746 ), #1225, .T. ) ;
#547 = CARTESIAN_POINT ( 'NONE',  ( 2.299999999999999822, 2.299999999999999822, 0.9000000000000001332 ) ) ;
#548 = ORIENTED_EDGE ( 'NONE', *, *, #6106, .T. ) ;
#549 = CARTESIAN_POINT ( 'NONE',  ( -3.700000000000014388, -4.000000000000002665, -5.049999999999998934 ) ) ;
#550 = AXIS2_PLACEMENT_3D ( 'NONE', #1276, #6813, #3517 ) ;
#551 = CARTESIAN_POINT ( 'NONE',  ( 2.900000000000000355, -1.599999999999999423, -3.200000000000000178 ) ) ;
#552 = ORIENTED_EDGE ( 'NONE', *, *, #778, .T. ) ;
#553 = CARTESIAN_POINT ( 'NONE',  ( 3.700000000000012612, -3.499999999999998224, -3.049999999999999378 ) ) ;
#554 = LINE ( 'NONE', #6081, #4693 ) ;
#555 = ADVANCED_FACE ( 'NONE', ( #6286 ), #92, .F. ) ;
#556 = DIRECTION ( 'NONE',  ( 0.000000000000000000, 0.000000000000000000, 1.000000000000000000 ) ) ;
#557 = AXIS2_PLACEMENT_3D ( 'NONE', #3762, #6026, #1559 ) ;
#558 = ORIENTED_EDGE ( 'NONE', *, *, #1099, .T. ) ;
#559 = ORIENTED_EDGE ( 'NONE', *, *, #5395, .T. ) ;
#560 = FACE_OUTER_BOUND ( 'NONE', #417, .T. ) ;
#561 = CARTESIAN_POINT ( 'NONE',  ( -3.116257737327599031, -1.000000000000000444, -4.391147680321848767 ) ) ;
#562 = EDGE_CURVE ( 'NONE', #4423, #3193, #1711, .T. ) ;
#563 = ORIENTED_EDGE ( 'NONE', *, *, #6762, .T. ) ;
#564 = CARTESIAN_POINT ( 'NONE',  ( -1.050000000000000044, 0.000000000000000000, -2.850000000000000089 ) ) ;
#565 = DIRECTION ( 'NONE',  ( -1.000000000000000000, 0.000000000000000000, 0.000000000000000000 ) ) ;
#566 = ORIENTED_EDGE ( 'NONE', *, *, #3159, .F. ) ;
#567 = VERTEX_POINT ( 'NONE', #2365 ) ;
#568 = VECTOR ( 'NONE', #1932, 1000.000000000000114 ) ;
#569 = CARTESIAN_POINT ( 'NONE',  ( 2.876494900217184458, -1.262712082465007102, -2.850000000000000089 ) ) ;
#570 = AXIS2_PLACEMENT_3D ( 'NONE', #6708, #5595, #437 ) ;
#571 = CARTESIAN_POINT ( 'NONE',  ( -3.670320304398590139, -1.750498639517153343, -3.854076363850396536 ) ) ;
#572 = LINE ( 'NONE', #1088, #2303 ) ;
#573 = VERTEX_POINT ( 'NONE', #29 ) ;
#574 = DIRECTION ( 'NONE',  ( -1.000000000000000000, 0.000000000000000000, 0.000000000000000000 ) ) ;
#575 = LINE ( 'NONE', #4947, #2055 ) ;
#576 = VECTOR ( 'NONE', #2995, 1000.000000000000000 ) ;
#577 = ADVANCED_FACE ( 'NONE', ( #3996 ), #642, .T. ) ;
#578 = CARTESIAN_POINT ( 'NONE',  ( 3.693567373595604053, -1.760542711589303089, -5.021609743288669492 ) ) ;
#579 = AXIS2_PLACEMENT_3D ( 'NONE', #553, #2675, #956 ) ;
#580 = EDGE_CURVE ( 'NONE', #567, #4189, #679, .T. ) ;
#581 = DIRECTION ( 'NONE',  ( 1.000000000000000000, -2.691812290308839669E-15, 0.000000000000000000 ) ) ;
#582 = FACE_OUTER_BOUND ( 'NONE', #738, .T. ) ;
#583 = PLANE ( 'NONE',  #6125 ) ;
#584 = DIRECTION ( 'NONE',  ( -1.000000000000000000, 0.000000000000000000, 0.000000000000000000 ) ) ;
#585 = VECTOR ( 'NONE', #7071, 1000.000000000000000 ) ;
#586 = AXIS2_PLACEMENT_3D ( 'NONE', #2343, #4588, #6845 ) ;
#587 = CARTESIAN_POINT ( 'NONE',  ( -0.8499999999999999778, -2.600000000000000533, -2.649999999999999911 ) ) ;
#588 = EDGE_LOOP ( 'NONE', ( #3821, #3177, #6020, #7271 ) ) ;
#589 = CARTESIAN_POINT ( 'NONE',  ( 1.350000000000000089, -1.600000000000000311, -3.200000000000000178 ) ) ;
#590 = LINE ( 'NONE', #6194, #3945 ) ;
#591 = DIRECTION ( 'NONE',  ( 3.491481338843133355E-15, 2.168404344971008868E-16, 1.000000000000000000 ) ) ;
#592 = AXIS2_PLACEMENT_3D ( 'NONE', #3511, #3029, #5849 ) ;
#594 = VECTOR ( 'NONE', #4151, 1000.000000000000000 ) ;
#593 = PRESENTATION_STYLE_ASSIGNMENT (( #5039 ) ) ;
#595 = ORIENTED_EDGE ( 'NONE', *, *, #7154, .T. ) ;
#596 = ORIENTED_EDGE ( 'NONE', *, *, #4035, .F. ) ;
#597 = DIRECTION ( 'NONE',  ( 0.000000000000000000, -1.000000000000000000, 0.000000000000000000 ) ) ;
#598 = AXIS2_PLACEMENT_3D ( 'NONE', #1423, #6981, #2444 ) ;
#599 = CARTESIAN_POINT ( 'NONE',  ( -3.300000000000015810, -4.336808689942017736E-16, -4.391147680321848767 ) ) ;
#600 = EDGE_LOOP ( 'NONE', ( #7049, #6907, #2026, #1324, #3111 ) ) ;
#601 = CARTESIAN_POINT ( 'NONE',  ( 2.299999999999999822, -1.674999999999999822, 0.6500000000000001332 ) ) ;
#602 = FACE_OUTER_BOUND ( 'NONE', #371, .T. ) ;
#603 = ORIENTED_EDGE ( 'NONE', *, *, #734, .F. ) ;
#604 = ORIENTED_EDGE ( 'NONE', *, *, #1790, .T. ) ;
#605 = CARTESIAN_POINT ( 'NONE',  ( 3.278597828075718201, -1.797246988481828955, -2.990104334574712919 ) ) ;
#606 = UNCERTAINTY_MEASURE_WITH_UNIT (LENGTH_MEASURE( 1.000000000000000082E-05 ), #5019, 'distance_accuracy_value', 'NONE');
#607 = CARTESIAN_POINT ( 'NONE',  ( -3.631028864079374419, -1.626118514280028071, -3.854041602971548741 ) ) ;
#608 = DIRECTION ( 'NONE',  ( 0.000000000000000000, 0.000000000000000000, 1.000000000000000000 ) ) ;
#609 = ORIENTED_EDGE ( 'NONE', *, *, #2987, .F. ) ;
#610 = CARTESIAN_POINT ( 'NONE',  ( 1.149999999999999911, -3.000000000000000000, -3.100000000000000977 ) ) ;
#611 = EDGE_CURVE ( 'NONE', #1825, #514, #2398, .T. ) ;
#613 = EDGE_CURVE ( 'NONE', #7141, #2638, #1159, .T. ) ;
#612 = CARTESIAN_POINT ( 'NONE',  ( -3.227960847199673911, -1.000113306498448651, -2.849999999999998312 ) ) ;
#614 = CARTESIAN_POINT ( 'NONE',  ( 3.556096043592630984, -1.124022296722309466, -4.601630913479777263 ) ) ;
#615 = LINE ( 'NONE', #720, #2550 ) ;
#616 = LINE ( 'NONE', #3370, #3271 ) ;
#617 = DIRECTION ( 'NONE',  ( 0.000000000000000000, 1.000000000000000000, 0.000000000000000000 ) ) ;
#618 = DIRECTION ( 'NONE',  ( 1.000000000000000000, 0.000000000000000000, 0.000000000000000000 ) ) ;
#619 = DIRECTION ( 'NONE',  ( -1.000000000000000000, 0.000000000000000000, 0.000000000000000000 ) ) ;
#620 = CARTESIAN_POINT ( 'NONE',  ( -3.700000000000016609, -2.000000000000000888, -4.748279434898255325 ) ) ;
#621 = CARTESIAN_POINT ( 'NONE',  ( 1.450000000000000178, 0.000000000000000000, -2.850000000000000089 ) ) ;
#622 = CARTESIAN_POINT ( 'NONE',  ( -3.795015528100091018, -4.990031056200155746, -4.049999999999998934 ) ) ;
#623 = PLANE ( 'NONE',  #106 ) ;
#624 = CARTESIAN_POINT ( 'NONE',  ( 3.691437579568225935, -1.858825984276806231, -2.849999999999994760 ) ) ;
#625 = ORIENTED_EDGE ( 'NONE', *, *, #3892, .F. ) ;
#626 = ORIENTED_EDGE ( 'NONE', *, *, #2377, .T. ) ;
#627 = EDGE_CURVE ( 'NONE', #997, #2976, #5954, .T. ) ;
#628 = DIRECTION ( 'NONE',  ( -1.000000000000000000, 0.000000000000000000, 0.000000000000000000 ) ) ;
#629 = VERTEX_POINT ( 'NONE', #2262 ) ;
#630 = LINE ( 'NONE', #3599, #4923 ) ;
#631 = CARTESIAN_POINT ( 'NONE',  ( 3.746809205874645166, -5.788045602749172680, -4.049999999999998934 ) ) ;
#632 = ORIENTED_EDGE ( 'NONE', *, *, #5249, .T. ) ;
#633 = VERTEX_POINT ( 'NONE', #2294 ) ;
#634 = EDGE_CURVE ( 'NONE', #1463, #1581, #6884, .T. ) ;
#635 = CARTESIAN_POINT ( 'NONE',  ( 3.300000000000018474, -0.5015907582572950441, -5.371878022344844794 ) ) ;
#636 = CARTESIAN_POINT ( 'NONE',  ( -3.700000000000018829, -0.09089848803369647567, -3.433768060727969029 ) ) ;
#637 = CARTESIAN_POINT ( 'NONE',  ( -3.300000000000010481, -2.000000000000000888, -2.849999999999998757 ) ) ;
#638 = CIRCLE ( 'NONE', #69, 0.6250000000000001110 ) ;
#639 = ORIENTED_EDGE ( 'NONE', *, *, #5061, .F. ) ;
#640 = EDGE_CURVE ( 'NONE', #2285, #3492, #3523, .T. ) ;
#641 = DIRECTION ( 'NONE',  ( 0.000000000000000000, 1.000000000000000000, 0.000000000000000000 ) ) ;
#642 = CYLINDRICAL_SURFACE ( 'NONE', #4521, 0.09999999999999982514 ) ;
#643 = EDGE_CURVE ( 'NONE', #6546, #958, #3435, .T. ) ;
#644 = CARTESIAN_POINT ( 'NONE',  ( 3.700000000000019273, -1.762509617146803320, -5.231753318496019212 ) ) ;
#645 = DIRECTION ( 'NONE',  ( 2.917253218490784384E-16, -8.168309011774197064E-16, -1.000000000000000000 ) ) ;
#646 = CARTESIAN_POINT ( 'NONE',  ( 0.8499999999999999778, -0.4333333333333333481, -2.649999999999999911 ) ) ;
#647 = EDGE_LOOP ( 'NONE', ( #2076, #6092, #1811, #6247 ) ) ;
#648 = LINE ( 'NONE', #2269, #3886 ) ;
#649 = VECTOR ( 'NONE', #5926, 1000.000000000000000 ) ;
#650 = PLANE ( 'NONE',  #533 ) ;
#651 = DIRECTION ( 'NONE',  ( -1.000000000000000000, 0.000000000000000000, 0.000000000000000000 ) ) ;
#652 = DIRECTION ( 'NONE',  ( -1.000000000000000000, 0.000000000000000000, 0.000000000000000000 ) ) ;
#653 = AXIS2_PLACEMENT_3D ( 'NONE', #828, #3096, #6539 ) ;
#654 = PLANE ( 'NONE',  #6427 ) ;
#655 = CARTESIAN_POINT ( 'NONE',  ( -3.000000000000000000, 1.301042606982605321E-15, 0.000000000000000000 ) ) ;
#656 =( BOUNDED_SURFACE ( )  B_SPLINE_SURFACE ( 2, 3, ( 
 ( #601, #6093, #1036, #3279 ),
 ( #18, #4495, #2943, #3490 ),
 ( #1807, #4627, #6854, #2355 ) ),
 .UNSPECIFIED., .F., .F., .F. ) 
 B_SPLINE_SURFACE_WITH_KNOTS ( ( 3, 3 ),
 ( 4, 4 ),
 ( 0.000000000000000000, 1.000000000000000000 ),
 ( 0.000000000000000000, 1.000000000000000000 ),
 .UNSPECIFIED. ) 
 GEOMETRIC_REPRESENTATION_ITEM ( )  RATIONAL_B_SPLINE_SURFACE ( (
 ( 1.000000000000000000, 0.3333333333333334259, 0.3333333333333334259, 1.000000000000000000),
 ( 1.000000000000000000, 0.3333333333333334259, 0.3333333333333334259, 1.000000000000000000),
 ( 1.000000000000000000, 0.3333333333333334259, 0.3333333333333334259, 1.000000000000000000) ) ) 
 REPRESENTATION_ITEM ( '' )  SURFACE ( )  );
#657 = CARTESIAN_POINT ( 'NONE',  ( -1.149999999999999911, 2.900000000000000355, -3.100000000000000977 ) ) ;
#658 = VERTEX_POINT ( 'NONE', #3956 ) ;
#659 = ORIENTED_EDGE ( 'NONE', *, *, #2412, .T. ) ;
#660 = AXIS2_PLACEMENT_3D ( 'NONE', #694, #2933, #1799 ) ;
#661 = CARTESIAN_POINT ( 'NONE',  ( 3.200000000000000622, 1.445602896647339311E-15, 9.703609443745264684E-15 ) ) ;
#662 = DIRECTION ( 'NONE',  ( -0.4472135954999579277, -0.8944271909999158554, 0.000000000000000000 ) ) ;
#663 = EDGE_CURVE ( 'NONE', #6999, #2038, #2882, .T. ) ;
#664 = AXIS2_PLACEMENT_3D ( 'NONE', #5092, #1746, #3952 ) ;
#665 = DIRECTION ( 'NONE',  ( -1.000000000000000000, 0.000000000000000000, 0.000000000000000000 ) ) ;
#666 = CARTESIAN_POINT ( 'NONE',  ( 3.300000000000017142, 2.600000000000000533, -5.371878022344833248 ) ) ;
#667 = CARTESIAN_POINT ( 'NONE',  ( -1.626854399108186300, -1.963427199554093061, 0.9000000000000002442 ) ) ;
#668 = EDGE_CURVE ( 'NONE', #2778, #4489, #5721, .T. ) ;
#669 = ORIENTED_EDGE ( 'NONE', *, *, #3866, .T. ) ;
#670 = EDGE_LOOP ( 'NONE', ( #7091, #6751, #969, #5592 ) ) ;
#671 = CIRCLE ( 'NONE', #1253, 1.800000000000000266 ) ;
#672 = CARTESIAN_POINT ( 'NONE',  ( 1.450000000000000178, 2.500000000000001776, -3.158578643762690152 ) ) ;
#673 = EDGE_CURVE ( 'NONE', #27, #6717, #68, .T. ) ;
#674 = CARTESIAN_POINT ( 'NONE',  ( -3.495264784830661497, -1.000049688873430043, -4.274167948927182437 ) ) ;
#675 = DIRECTION ( 'NONE',  ( 0.000000000000000000, 1.000000000000000000, 0.000000000000000000 ) ) ;
#676 = VECTOR ( 'NONE', #904, 1000.000000000000000 ) ;
#677 = ORIENTED_EDGE ( 'NONE', *, *, #3303, .F. ) ;
#678 = CARTESIAN_POINT ( 'NONE',  ( 1.050000000000000044, 0.000000000000000000, -2.850000000000000089 ) ) ;
#679 = LINE ( 'NONE', #6767, #1347 ) ;
#680 = VECTOR ( 'NONE', #2132, 1000.000000000000000 ) ;
#681 = ADVANCED_FACE ( 'NONE', ( #6392 ), #5988, .F. ) ;
#682 = CARTESIAN_POINT ( 'NONE',  ( 3.700000000000019273, -1.956697076869782892, -4.601304182183907798 ) ) ;
#683 = CARTESIAN_POINT ( 'NONE',  ( -3.700000000000016609, 2.999999999999999112, -4.748279434898255325 ) ) ;
#684 = DIRECTION ( 'NONE',  ( 7.570943305532645426E-31, -1.000000000000000000, 2.168404344971008868E-16 ) ) ;
#685 = ORIENTED_EDGE ( 'NONE', *, *, #49, .F. ) ;
#686 = DIRECTION ( 'NONE',  ( 3.878959614448867451E-16, -7.757919228897726028E-16, -1.000000000000000000 ) ) ;
#687 = STYLED_ITEM ( 'NONE', ( #5151 ), #3756 ) ;
#688 = CARTESIAN_POINT ( 'NONE',  ( -4.104580082274608799, -5.609160164549191308, -4.049999999999998934 ) ) ;
#689 = EDGE_CURVE ( 'NONE', #6204, #7120, #4413, .T. ) ;
#690 = DIRECTION ( 'NONE',  ( -1.000000000000000000, 0.000000000000000000, 0.000000000000000000 ) ) ;
#691 = AXIS2_PLACEMENT_3D ( 'NONE', #4751, #6476, #7018 ) ;
#692 = DIRECTION ( 'NONE',  ( -0.000000000000000000, -1.000000000000000000, -0.000000000000000000 ) ) ;
#693 = AXIS2_PLACEMENT_3D ( 'NONE', #3967, #4006, #6192 ) ;
#694 = CARTESIAN_POINT ( 'NONE',  ( 0.8499999999999999778, -1.683333333333333348, -2.750000000000000000 ) ) ;
#695 = PLANE ( 'NONE',  #4793 ) ;
#696 = DIRECTION ( 'NONE',  ( 0.000000000000000000, -0.000000000000000000, 1.000000000000000000 ) ) ;
#697 = ORIENTED_EDGE ( 'NONE', *, *, #3362, .F. ) ;
#698 = ORIENTED_EDGE ( 'NONE', *, *, #701, .F. ) ;
#699 = VECTOR ( 'NONE', #317, 1000.000000000000000 ) ;
#700 = CIRCLE ( 'NONE', #3507, 0.4999999999999993339 ) ;
#701 = EDGE_CURVE ( 'NONE', #2650, #1390, #4133, .T. ) ;
#702 = PLANE ( 'NONE',  #1967 ) ;
#703 = CARTESIAN_POINT ( 'NONE',  ( 3.300000000000015810, -7.499999999999999112, -5.049999999999999822 ) ) ;
#704 = VECTOR ( 'NONE', #6414, 1000.000000000000000 ) ;
#705 = CARTESIAN_POINT ( 'NONE',  ( 1.899999999999999689, -7.500000000000000000, -2.200000000000000178 ) ) ;
#706 = SURFACE_SIDE_STYLE ('',( #6345 ) ) ;
#707 = ORIENTED_EDGE ( 'NONE', *, *, #1485, .T. ) ;
#708 = ORIENTED_EDGE ( 'NONE', *, *, #6436, .T. ) ;
#709 = EDGE_CURVE ( 'NONE', #1039, #2650, #3468, .T. ) ;
#710 = CARTESIAN_POINT ( 'NONE',  ( 3.300000000000017142, -1.999999999999999556, -4.858162128904228716 ) ) ;
#711 = ADVANCED_FACE ( 'NONE', ( #3573 ), #5918, .T. ) ;
#712 = CARTESIAN_POINT ( 'NONE',  ( -3.367289138262552051, -0.8711109301738972910, -3.433366198847782158 ) ) ;
#713 = CARTESIAN_POINT ( 'NONE',  ( 3.000000000000000000, -3.000000000000000000, -2.850000000000000089 ) ) ;
#714 = CIRCLE ( 'NONE', #5896, 0.09999999999999982514 ) ;
#715 = ORIENTED_EDGE ( 'NONE', *, *, #6551, .T. ) ;
#716 = DIRECTION ( 'NONE',  ( -1.000000000000000000, 0.000000000000000000, 0.000000000000000000 ) ) ;
#717 = DIRECTION ( 'NONE',  ( 0.000000000000000000, 0.000000000000000000, 1.000000000000000000 ) ) ;
#718 = ORIENTED_EDGE ( 'NONE', *, *, #5096, .T. ) ;
#719 = CARTESIAN_POINT ( 'NONE',  ( 3.700000000000011280, -0.08796338649817747601, -4.274394068176251338 ) ) ;
#720 = CARTESIAN_POINT ( 'NONE',  ( 0.000000000000000000, -3.000000000000000000, -2.850000000000000089 ) ) ;
#721 = FACE_OUTER_BOUND ( 'NONE', #5969, .T. ) ;
#722 = VERTEX_POINT ( 'NONE', #5239 ) ;
#723 = DIRECTION ( 'NONE',  ( -1.000000000000000000, 0.000000000000000000, 0.000000000000000000 ) ) ;
#724 = DIRECTION ( 'NONE',  ( -0.000000000000000000, -0.000000000000000000, -1.000000000000000000 ) ) ;
#725 = EDGE_CURVE ( 'NONE', #4520, #5986, #7004, .T. ) ;
#726 = DIRECTION ( 'NONE',  ( 6.439293542825907934E-15, -1.000000000000000000, 0.000000000000000000 ) ) ;
#727 = CYLINDRICAL_SURFACE ( 'NONE', #4795, 0.8999999999999998002 ) ;
#728 = DIRECTION ( 'NONE',  ( -0.000000000000000000, -0.000000000000000000, -1.000000000000000000 ) ) ;
#729 = CARTESIAN_POINT ( 'NONE',  ( 3.299999999999998490, 3.000000000000001332, -0.09999999999999989453 ) ) ;
#730 = CARTESIAN_POINT ( 'NONE',  ( 0.8499999999999999778, -0.4333333333333333481, -2.750000000000000000 ) ) ;
#731 = ORIENTED_EDGE ( 'NONE', *, *, #977, .F. ) ;
#732 = ORIENTED_EDGE ( 'NONE', *, *, #1728, .T. ) ;
#733 = CARTESIAN_POINT ( 'NONE',  ( 2.900000000000000355, -2.399999999999999467, -3.100000000000000977 ) ) ;
#734 = EDGE_CURVE ( 'NONE', #1972, #4642, #6974, .T. ) ;
#735 = DIRECTION ( 'NONE',  ( 0.000000000000000000, 0.000000000000000000, 1.000000000000000000 ) ) ;
#736 = ORIENTED_EDGE ( 'NONE', *, *, #84, .F. ) ;
#737 = DIRECTION ( 'NONE',  ( -0.000000000000000000, -0.000000000000000000, -1.000000000000000000 ) ) ;
#738 = EDGE_LOOP ( 'NONE', ( #4708, #5225, #3052, #1613 ) ) ;
#739 = ORIENTED_EDGE ( 'NONE', *, *, #3315, .T. ) ;
#740 = CARTESIAN_POINT ( 'NONE',  ( 3.300000000000018918, -1.905816649150110509, -5.231773687770131076 ) ) ;
#741 = CARTESIAN_POINT ( 'NONE',  ( -3.506841186714635850, -0.8747010928229275173, -4.274193137236153461 ) ) ;
#742 = LINE ( 'NONE', #4157, #5608 ) ;
#743 = ORIENTED_EDGE ( 'NONE', *, *, #3113, .T. ) ;
#744 = LINE ( 'NONE', #2473, #4633 ) ;
#745 = FACE_OUTER_BOUND ( 'NONE', #4848, .T. ) ;
#746 = FACE_OUTER_BOUND ( 'NONE', #2798, .T. ) ;
#747 = ORIENTED_EDGE ( 'NONE', *, *, #200, .T. ) ;
#748 = ADVANCED_FACE ( 'NONE', ( #1416 ), #5277, .T. ) ;
#749 = CARTESIAN_POINT ( 'NONE',  ( 3.347349097313216948, -1.000085739001676188, -3.433315822229837888 ) ) ;
#750 = EDGE_CURVE ( 'NONE', #3339, #1994, #2037, .T. ) ;
#751 = DIRECTION ( 'NONE',  ( -1.000000000000000000, 0.000000000000000000, 0.000000000000000000 ) ) ;
#752 = DIRECTION ( 'NONE',  ( -0.000000000000000000, -0.000000000000000000, -1.000000000000000000 ) ) ;
#753 = ORIENTED_EDGE ( 'NONE', *, *, #3223, .F. ) ;
#754 = DIRECTION ( 'NONE',  ( 0.000000000000000000, 0.000000000000000000, -1.000000000000000000 ) ) ;
#755 = EDGE_CURVE ( 'NONE', #4613, #2211, #2004, .T. ) ;
#756 = DIRECTION ( 'NONE',  ( 1.000000000000000000, -5.987542637623614683E-15, 5.585196838722983974E-30 ) ) ;
#757 = CIRCLE ( 'NONE', #5707, 0.5000000000000017764 ) ;
#758 = DIRECTION ( 'NONE',  ( -3.878959614448864000E-16, -7.757919228897728000E-16, -1.000000000000000000 ) ) ;
#759 = CARTESIAN_POINT ( 'NONE',  ( -3.200000000000000622, 3.000000000000000000, -8.673617379884035472E-16 ) ) ;
#760 = DIRECTION ( 'NONE',  ( 1.000000000000000000, 5.981805089575197183E-16, 0.000000000000000000 ) ) ;
#761 = EDGE_CURVE ( 'NONE', #6745, #1327, #3353, .T. ) ;
#762 = AXIS2_PLACEMENT_3D ( 'NONE', #6695, #3924, #5022 ) ;
#763 = CARTESIAN_POINT ( 'NONE',  ( 0.8499999999999999778, -2.600000000000000533, -2.649999999999999911 ) ) ;
#764 = DIRECTION ( 'NONE',  ( 0.9438583563660174480, -0.3303504247281062733, 0.000000000000000000 ) ) ;
#765 = ORIENTED_EDGE ( 'NONE', *, *, #1776, .F. ) ;
#766 = EDGE_LOOP ( 'NONE', ( #2136, #3609, #5379, #6636 ) ) ;
#767 = AXIS2_PLACEMENT_3D ( 'NONE', #5075, #70, #1765 ) ;
#768 = DIRECTION ( 'NONE',  ( 0.3303504247281062178, -0.9438583563660173370, 0.000000000000000000 ) ) ;
#769 = EDGE_CURVE ( 'NONE', #3192, #6765, #3823, .T. ) ;
#770 = FACE_OUTER_BOUND ( 'NONE', #2849, .T. ) ;
#771 = PRODUCT_DEFINITION ( 'UNKNOWN', '', #1659, #5163 ) ;
#772 = DIRECTION ( 'NONE',  ( -1.000000000000000000, -6.938893903907227392E-16, 0.000000000000000000 ) ) ;
#773 = ORIENTED_EDGE ( 'NONE', *, *, #5973, .T. ) ;
#774 = FACE_OUTER_BOUND ( 'NONE', #1596, .T. ) ;
#775 = VECTOR ( 'NONE', #5462, 1000.000000000000000 ) ;
#776 = ORIENTED_EDGE ( 'NONE', *, *, #409, .F. ) ;
#777 = ORIENTED_EDGE ( 'NONE', *, *, #1748, .F. ) ;
#778 = EDGE_CURVE ( 'NONE', #7040, #6971, #3726, .T. ) ;
#779 = CARTESIAN_POINT ( 'NONE',  ( 3.300000000000018474, 1.057097118173375106E-15, -5.371878022344844794 ) ) ;
#780 = CIRCLE ( 'NONE', #5845, 0.9000000000000014655 ) ;
#781 = CARTESIAN_POINT ( 'NONE',  ( -3.700000000000016609, -0.3624598851928434451, -5.231598611585615011 ) ) ;
#782 = DIRECTION ( 'NONE',  ( -1.000000000000000000, 0.000000000000000000, 0.000000000000000000 ) ) ;
#783 = VERTEX_POINT ( 'NONE', #6426 ) ;
#784 = CARTESIAN_POINT ( 'NONE',  ( 1.350000000000000089, 1.599999999999999423, -3.200000000000000178 ) ) ;
#785 = CYLINDRICAL_SURFACE ( 'NONE', #5063, 0.09999999999999982514 ) ;
#786 = VECTOR ( 'NONE', #4286, 1000.000000000000000 ) ;
#787 = DIRECTION ( 'NONE',  ( -1.000000000000000000, 0.000000000000000000, 0.000000000000000000 ) ) ;
#788 = VERTEX_POINT ( 'NONE', #862 ) ;
#789 = AXIS2_PLACEMENT_3D ( 'NONE', #1182, #5112, #628 ) ;
#790 = CARTESIAN_POINT ( 'NONE',  ( 3.678903385430622119, -0.2119667387870315389, -3.433772875211241526 ) ) ;
#791 = CARTESIAN_POINT ( 'NONE',  ( 2.299999999999999822, -2.925000000000000711, 0.6500000000000001332 ) ) ;
#792 = FACE_OUTER_BOUND ( 'NONE', #906, .T. ) ;
#793 = ORIENTED_EDGE ( 'NONE', *, *, #6127, .T. ) ;
#794 = CARTESIAN_POINT ( 'NONE',  ( 2.600000000000000533, -7.500000000000000000, -1.900000000000000133 ) ) ;
#795 = DIRECTION ( 'NONE',  ( 0.000000000000000000, 1.000000000000000000, 0.000000000000000000 ) ) ;
#796 = VECTOR ( 'NONE', #5751, 1000.000000000000000 ) ;
#797 = CARTESIAN_POINT ( 'NONE',  ( 1.350000000000000089, 2.900000000000000355, -3.100000000000000977 ) ) ;
#798 = DIRECTION ( 'NONE',  ( -0.000000000000000000, -0.000000000000000000, -1.000000000000000000 ) ) ;
#799 = LINE ( 'NONE', #2017, #3598 ) ;
#800 = CARTESIAN_POINT ( 'NONE',  ( 3.437244651700127385, -5.168916494400138006, -5.049999999999998934 ) ) ;
#801 = CARTESIAN_POINT ( 'NONE',  ( -2.900000000000000355, -1.599999999999999201, -2.850000000000000089 ) ) ;
#802 = ORIENTED_EDGE ( 'NONE', *, *, #5762, .T. ) ;
#803 = ORIENTED_EDGE ( 'NONE', *, *, #2502, .T. ) ;
#804 = CIRCLE ( 'NONE', #4453, 0.5000000000000004441 ) ;
#805 = EDGE_CURVE ( 'NONE', #2758, #3528, #3612, .T. ) ;
#806 = VECTOR ( 'NONE', #4445, 1000.000000000000000 ) ;
#807 = CARTESIAN_POINT ( 'NONE',  ( 2.900000000000000355, -3.000000000000000000, -3.100000000000000977 ) ) ;
#808 = CARTESIAN_POINT ( 'NONE',  ( 0.8499999999999999778, 1.733333333333333171, -2.750000000000000000 ) ) ;
#809 = DIRECTION ( 'NONE',  ( -1.000000000000000000, 0.000000000000000000, 0.000000000000000000 ) ) ;
#811 = EDGE_LOOP ( 'NONE', ( #5607, #4582, #1983, #451 ) ) ;
#810 = AXIS2_PLACEMENT_3D ( 'NONE', #6149, #2187, #2079 ) ;
#813 = AXIS2_PLACEMENT_3D ( 'NONE', #3824, #4964, #3274 ) ;
#812 = CARTESIAN_POINT ( 'NONE',  ( 3.300000000000010481, 1.048274411220978366E-15, -2.849999999999998312 ) ) ;
#814 = ORIENTED_EDGE ( 'NONE', *, *, #2978, .T. ) ;
#815 = ORIENTED_EDGE ( 'NONE', *, *, #2582, .T. ) ;
#816 = ADVANCED_FACE ( 'NONE', ( #4715 ), #4274, .T. ) ;
#817 = CIRCLE ( 'NONE', #2695, 0.09999999999999982514 ) ;
#818 = CARTESIAN_POINT ( 'NONE',  ( -3.300000000000011813, -0.09418335084988924133, -3.363715893440616611 ) ) ;
#819 = AXIS2_PLACEMENT_3D ( 'NONE', #3978, #6244, #1186 ) ;
#820 = ORIENTED_EDGE ( 'NONE', *, *, #5989, .T. ) ;
#821 = CYLINDRICAL_SURFACE ( 'NONE', #6469, 0.09999999999999982514 ) ;
#822 = CARTESIAN_POINT ( 'NONE',  ( -3.700000000000016609, 2.599999999999999645, -4.748279434898255325 ) ) ;
#823 = VERTEX_POINT ( 'NONE', #1372 ) ;
#824 = CARTESIAN_POINT ( 'NONE',  ( 4.104580082274611463, -5.609160164549189531, -4.049999999999998934 ) ) ;
#825 = AXIS2_PLACEMENT_3D ( 'NONE', #2300, #5701, #723 ) ;
#826 = FACE_OUTER_BOUND ( 'NONE', #3130, .T. ) ;
#827 = AXIS2_PLACEMENT_3D ( 'NONE', #2495, #5976, #5938 ) ;
#828 = CARTESIAN_POINT ( 'NONE',  ( -1.450000000000000178, 0.000000000000000000, -2.850000000000000089 ) ) ;
#829 = ORIENTED_EDGE ( 'NONE', *, *, #5231, .T. ) ;
#830 = AXIS2_PLACEMENT_3D ( 'NONE', #7198, #2112, #3799 ) ;
#831 = CARTESIAN_POINT ( 'NONE',  ( 3.585086612194839706, -0.7072392552293230716, -4.601506343645016095 ) ) ;
#832 = EDGE_CURVE ( 'NONE', #4935, #3384, #3063, .T. ) ;
#833 = DIRECTION ( 'NONE',  ( 3.252606517456511724E-15, 0.000000000000000000, -1.000000000000000000 ) ) ;
#834 = CARTESIAN_POINT ( 'NONE',  ( 0.000000000000000000, 0.000000000000000000, -3.200000000000000178 ) ) ;
#835 = EDGE_LOOP ( 'NONE', ( #6157, #4817, #4368, #2844, #2363, #2416 ) ) ;
#836 = FACE_OUTER_BOUND ( 'NONE', #4020, .T. ) ;
#837 = PLANE ( 'NONE',  #1940 ) ;
#838 = CARTESIAN_POINT ( 'NONE',  ( -1.450000000000000178, -2.900000000000000355, -3.100000000000000977 ) ) ;
#839 = FACE_OUTER_BOUND ( 'NONE', #169, .T. ) ;
#840 = LINE ( 'NONE', #4762, #7023 ) ;
#841 = LINE ( 'NONE', #2521, #6344 ) ;
#842 = DIRECTION ( 'NONE',  ( 1.000000000000000000, 0.000000000000000000, 0.000000000000000000 ) ) ;
#843 = ORIENTED_EDGE ( 'NONE', *, *, #4704, .T. ) ;
#844 = EDGE_LOOP ( 'NONE', ( #3301, #1852, #2399, #7214, #6283, #3914, #1875, #5977 ) ) ;
#845 = CARTESIAN_POINT ( 'NONE',  ( -2.600000000000000533, -7.500000000000000000, -3.060232526704262934 ) ) ;
#846 = CARTESIAN_POINT ( 'NONE',  ( -1.350000000000000089, -2.900000000000000355, -2.850000000000000089 ) ) ;
#847 = DIRECTION ( 'NONE',  ( 0.000000000000000000, 0.000000000000000000, 1.000000000000000000 ) ) ;
#848 = ORIENTED_EDGE ( 'NONE', *, *, #1271, .T. ) ;
#849 = EDGE_CURVE ( 'NONE', #4158, #4858, #3701, .T. ) ;
#850 = DIRECTION ( 'NONE',  ( 6.071532165918819308E-15, -1.000000000000000000, 0.000000000000000000 ) ) ;
#851 = EDGE_LOOP ( 'NONE', ( #1636, #6309, #2907, #5881 ) ) ;
#852 = ORIENTED_EDGE ( 'NONE', *, *, #1556, .T. ) ;
#853 =( BOUNDED_SURFACE ( )  B_SPLINE_SURFACE ( 2, 3, ( 
 ( #3928, #6663, #1096, #2825 ),
 ( #6187, #2198, #1060, #512 ),
 ( #547, #3372, #982, #2088 ) ),
 .UNSPECIFIED., .F., .F., .F. ) 
 B_SPLINE_SURFACE_WITH_KNOTS ( ( 3, 3 ),
 ( 4, 4 ),
 ( 0.000000000000000000, 1.000000000000000000 ),
 ( 0.000000000000000000, 1.000000000000000000 ),
 .UNSPECIFIED. ) 
 GEOMETRIC_REPRESENTATION_ITEM ( )  RATIONAL_B_SPLINE_SURFACE ( (
 ( 1.000000000000000000, 0.3333333333333335369, 0.3333333333333335369, 1.000000000000000000),
 ( 1.000000000000000000, 0.3333333333333335369, 0.3333333333333335369, 1.000000000000000000),
 ( 1.000000000000000000, 0.3333333333333335369, 0.3333333333333335369, 1.000000000000000000) ) ) 
 REPRESENTATION_ITEM ( '' )  SURFACE ( )  );
#854 = CARTESIAN_POINT ( 'NONE',  ( -3.300000000000013589, -1.905816649150112285, -3.830730342022995227 ) ) ;
#855 = ORIENTED_EDGE ( 'NONE', *, *, #5, .T. ) ;
#856 = DIRECTION ( 'NONE',  ( -1.393553005160055722E-15, 0.9615239476408233843, 0.2747211278973775705 ) ) ;
#857 = DIRECTION ( 'NONE',  ( -0.000000000000000000, -0.000000000000000000, -1.000000000000000000 ) ) ;
#858 = EDGE_CURVE ( 'NONE', #6834, #1399, #3176, .T. ) ;
#859 = ORIENTED_EDGE ( 'NONE', *, *, #3045, .T. ) ;
#860 = ORIENTED_EDGE ( 'NONE', *, *, #613, .F. ) ;
#861 = DIRECTION ( 'NONE',  ( -3.491481338843133750E-15, -1.577279855319301123E-30, 1.000000000000000000 ) ) ;
#862 = CARTESIAN_POINT ( 'NONE',  ( -1.674999999999999822, 2.299999999999999822, 0.000000000000000000 ) ) ;
#863 = ORIENTED_EDGE ( 'NONE', *, *, #3136, .F. ) ;
#864 = ADVANCED_FACE ( 'NONE', ( #7122 ), #4414, .T. ) ;
#865 = CARTESIAN_POINT ( 'NONE',  ( 3.506841186714636294, -0.8747010928229258520, -4.274193137236153461 ) ) ;
#866 = EDGE_CURVE ( 'NONE', #267, #516, #234, .T. ) ;
#867 = DIRECTION ( 'NONE',  ( 0.000000000000000000, 1.000000000000000000, 0.000000000000000000 ) ) ;
#868 = DIRECTION ( 'NONE',  ( 3.491481338843133355E-15, 1.826686381626124362E-16, 1.000000000000000000 ) ) ;
#869 = ORIENTED_EDGE ( 'NONE', *, *, #3913, .F. ) ;
#870 = DIRECTION ( 'NONE',  ( -0.3363363969981563173, -0.9417419115948373332, 0.000000000000000000 ) ) ;
#871 = LINE ( 'NONE', #5357, #1000 ) ;
#872 = FACE_OUTER_BOUND ( 'NONE', #4388, .T. ) ;
#873 = EDGE_CURVE ( 'NONE', #4969, #5841, #1353, .T. ) ;
#874 = CARTESIAN_POINT ( 'NONE',  ( -1.149999999999999911, -2.900000000000000355, -3.100000000000000977 ) ) ;
#875 = DIRECTION ( 'NONE',  ( 5.585196838722948941E-30, -1.734723475976801572E-15, -1.000000000000000000 ) ) ;
#876 = DIRECTION ( 'NONE',  ( 3.491481338843133355E-15, 1.577279855319300948E-30, -1.000000000000000000 ) ) ;
#877 = FACE_OUTER_BOUND ( 'NONE', #6506, .T. ) ;
#878 = ORIENTED_EDGE ( 'NONE', *, *, #6755, .F. ) ;
#879 = ORIENTED_EDGE ( 'NONE', *, *, #3381, .T. ) ;
#880 = PLANE ( 'NONE',  #3851 ) ;
#881 = EDGE_CURVE ( 'NONE', #2612, #5941, #1168, .T. ) ;
#882 = DIRECTION ( 'NONE',  ( 0.000000000000000000, -0.000000000000000000, 1.000000000000000000 ) ) ;
#883 = FACE_BOUND ( 'NONE', #2687, .T. ) ;
#884 = ORIENTED_EDGE ( 'NONE', *, *, #6088, .F. ) ;
#885 = CARTESIAN_POINT ( 'NONE',  ( 3.751540677934136259, -5.866400601998983610, -4.049999999999998934 ) ) ;
#886 = EDGE_LOOP ( 'NONE', ( #7113, #1810, #2383 ) ) ;
#887 = VERTEX_POINT ( 'NONE', #3962 ) ;
#888 = CIRCLE ( 'NONE', #6068, 0.09999999999999982514 ) ;
#889 = EDGE_CURVE ( 'NONE', #6505, #6349, #7008, .T. ) ;
#890 = FACE_OUTER_BOUND ( 'NONE', #4188, .T. ) ;
#891 = AXIS2_PLACEMENT_3D ( 'NONE', #7090, #4746, #6508 ) ;
#892 = ADVANCED_FACE ( 'NONE', ( #2982 ), #1301, .T. ) ;
#893 = DIRECTION ( 'NONE',  ( 0.000000000000000000, 0.000000000000000000, 1.000000000000000000 ) ) ;
#894 = CARTESIAN_POINT ( 'NONE',  ( 3.000000000000000000, 0.000000000000000000, -2.850000000000000089 ) ) ;
#895 = ORIENTED_EDGE ( 'NONE', *, *, #443, .T. ) ;
#896 = ORIENTED_EDGE ( 'NONE', *, *, #2555, .T. ) ;
#897 = DIRECTION ( 'NONE',  ( 1.000000000000000000, 0.000000000000000000, 0.000000000000000000 ) ) ;
#898 = CARTESIAN_POINT ( 'NONE',  ( -3.700000000000014388, -4.587538820250192551, -4.049999999999998934 ) ) ;
#899 = VECTOR ( 'NONE', #2624, 1000.000000000000000 ) ;
#900 = EDGE_CURVE ( 'NONE', #2021, #1402, #744, .T. ) ;
#901 = EDGE_LOOP ( 'NONE', ( #2816, #5486, #3300, #136 ) ) ;
#902 = DIRECTION ( 'NONE',  ( -1.000000000000000000, 0.000000000000000000, 0.000000000000000000 ) ) ;
#903 = VECTOR ( 'NONE', #3912, 1000.000000000000000 ) ;
#904 = DIRECTION ( 'NONE',  ( 0.000000000000000000, 3.523657060577896116E-15, 1.000000000000000000 ) ) ;
#905 = DIRECTION ( 'NONE',  ( 0.000000000000000000, 0.000000000000000000, -1.000000000000000000 ) ) ;
#906 = EDGE_LOOP ( 'NONE', ( #3123, #6383, #6172, #4374, #5646, #5800, #1543, #3694, #5146, #3310, #7196, #1471, #2146, #4953, #3102, #869 ) ) ;
#907 = CARTESIAN_POINT ( 'NONE',  ( 0.000000000000000000, 0.000000000000000000, 0.000000000000000000 ) ) ;
#908 = LINE ( 'NONE', #5434, #302 ) ;
#909 = AXIS2_PLACEMENT_3D ( 'NONE', #3333, #397, #7175 ) ;
#910 = EDGE_CURVE ( 'NONE', #1084, #4021, #3018, .T. ) ;
#911 = CARTESIAN_POINT ( 'NONE',  ( 3.795015528100092794, -4.990031056200153081, -4.049999999999998934 ) ) ;
#912 = CARTESIAN_POINT ( 'NONE',  ( -2.300000000000000266, -2.636572800445907028, 0.9000000000000001332 ) ) ;
#913 = CARTESIAN_POINT ( 'NONE',  ( 3.700000000000015277, 2.600000000000000533, -4.748279434898255325 ) ) ;
#914 = CARTESIAN_POINT ( 'NONE',  ( 1.149999999999999911, -3.000000000000000000, -2.850000000000000089 ) ) ;
#915 = VECTOR ( 'NONE', #2552, 1000.000000000000000 ) ;
#916 = EDGE_LOOP ( 'NONE', ( #457, #776, #1984, #2436 ) ) ;
#917 = ORIENTED_EDGE ( 'NONE', *, *, #1317, .F. ) ;
#918 = DIRECTION ( 'NONE',  ( -4.517509052022934484E-16, 1.000000000000000000, -3.523657060577896116E-15 ) ) ;
#919 = DIRECTION ( 'NONE',  ( -1.000000000000000000, 8.673617379884051249E-15, 0.000000000000000000 ) ) ;
#920 = VECTOR ( 'NONE', #1235, 1000.000000000000114 ) ;
#921 = LINE ( 'NONE', #5864, #7058 ) ;
#922 = ORIENTED_EDGE ( 'NONE', *, *, #3184, .F. ) ;
#923 = DIRECTION ( 'NONE',  ( 9.591836914396311808E-16, 0.9615239476408233843, 0.2747211278973775705 ) ) ;
#924 = EDGE_CURVE ( 'NONE', #3947, #7221, #1597, .T. ) ;
#925 = VERTEX_POINT ( 'NONE', #1412 ) ;
#926 = VERTEX_POINT ( 'NONE', #6390 ) ;
#927 = PLANE ( 'NONE',  #5635 ) ;
#928 = AXIS2_PLACEMENT_3D ( 'NONE', #5207, #3473, #4509 ) ;
#929 = CIRCLE ( 'NONE', #1986, 0.5000000000000004441 ) ;
#930 = LINE ( 'NONE', #6533, #2334 ) ;
#931 = CYLINDRICAL_SURFACE ( 'NONE', #7016, 1.300000000000000044 ) ;
#932 = ORIENTED_EDGE ( 'NONE', *, *, #1527, .F. ) ;
#933 = ORIENTED_EDGE ( 'NONE', *, *, #1819, .F. ) ;
#934 = CARTESIAN_POINT ( 'NONE',  ( -7.178166107490245297E-16, -1.600000000000000533, -3.100000000000000977 ) ) ;
#935 = CARTESIAN_POINT ( 'NONE',  ( 2.299999999999999822, 2.299999999999999822, 0.000000000000000000 ) ) ;
#936 = AXIS2_PLACEMENT_3D ( 'NONE', #3732, #6691, #1531 ) ;
#937 = VECTOR ( 'NONE', #1557, 1000.000000000000000 ) ;
#938 = ORIENTED_EDGE ( 'NONE', *, *, #4849, .F. ) ;
#939 = CARTESIAN_POINT ( 'NONE',  ( 3.700000000000009948, 1.237797480254288502E-15, -2.849999999999997868 ) ) ;
#940 = AXIS2_PLACEMENT_3D ( 'NONE', #3553, #696, #6954 ) ;
#941 = AXIS2_PLACEMENT_3D ( 'NONE', #4995, #2641, #6712 ) ;
#942 = CARTESIAN_POINT ( 'NONE',  ( 2.600000000000000533, -7.500000000000000000, -2.200000000000000178 ) ) ;
#943 = DIRECTION ( 'NONE',  ( 0.000000000000000000, 0.000000000000000000, 1.000000000000000000 ) ) ;
#944 = EDGE_LOOP ( 'NONE', ( #626, #933, #5887, #5950 ) ) ;
#945 = CARTESIAN_POINT ( 'NONE',  ( 1.049999999999998712, -2.925000000000000266, 0.6500000000000001332 ) ) ;
#946 = CARTESIAN_POINT ( 'NONE',  ( -2.900000000000000355, -1.599999999999999201, -3.200000000000000178 ) ) ;
#947 = CARTESIAN_POINT ( 'NONE',  ( -2.299999999999999822, 2.299999999999999822, 0.9000000000000001332 ) ) ;
#948 = CARTESIAN_POINT ( 'NONE',  ( 2.900000000000000355, -1.599999999999999201, -3.100000000000000977 ) ) ;
#949 = LINE ( 'NONE', #2711, #4094 ) ;
#950 = EDGE_CURVE ( 'NONE', #1696, #125, #6937, .T. ) ;
#951 = DIRECTION ( 'NONE',  ( -0.000000000000000000, -0.000000000000000000, -1.000000000000000000 ) ) ;
#952 = ORIENTED_EDGE ( 'NONE', *, *, #4789, .F. ) ;
#953 = EDGE_LOOP ( 'NONE', ( #5451, #5428, #1631, #5407 ) ) ;
#954 = CARTESIAN_POINT ( 'NONE',  ( 3.700000000000015721, -7.500000000000002665, -5.049999999999999822 ) ) ;
#955 = ORIENTED_EDGE ( 'NONE', *, *, #1698, .F. ) ;
#956 = DIRECTION ( 'NONE',  ( 0.000000000000000000, 0.000000000000000000, -1.000000000000000000 ) ) ;
#957 = CARTESIAN_POINT ( 'NONE',  ( -2.899999999999999911, 2.500000000000000000, -3.100000000000000977 ) ) ;
#958 = VERTEX_POINT ( 'NONE', #6424 ) ;
#959 = CARTESIAN_POINT ( 'NONE',  ( 3.437244651700126497, -5.168916494400136230, -5.049999999999998934 ) ) ;
#960 = ORIENTED_EDGE ( 'NONE', *, *, #4497, .F. ) ;
#961 = VERTEX_POINT ( 'NONE', #3537 ) ;
#962 = PLANE ( 'NONE',  #3403 ) ;
#963 = CARTESIAN_POINT ( 'NONE',  ( -3.162683124596869177, -1.502836447387380314, -3.363715893440616611 ) ) ;
#964 = ADVANCED_FACE ( 'NONE', ( #5067 ), #4091, .T. ) ;
#965 = ORIENTED_EDGE ( 'NONE', *, *, #1176, .F. ) ;
#966 = EDGE_CURVE ( 'NONE', #4996, #3768, #5916, .T. ) ;
#967 = CARTESIAN_POINT ( 'NONE',  ( -1.450000000000000178, -2.500000000000003997, -3.158578643762690152 ) ) ;
#968 = LINE ( 'NONE', #1589, #5731 ) ;
#969 = ORIENTED_EDGE ( 'NONE', *, *, #6998, .F. ) ;
#970 = VERTEX_POINT ( 'NONE', #1894 ) ;
#971 = ORIENTED_EDGE ( 'NONE', *, *, #1689, .F. ) ;
#972 = CARTESIAN_POINT ( 'NONE',  ( 3.000000000000000000, 0.000000000000000000, -2.850000000000000089 ) ) ;
#973 = PLANE ( 'NONE',  #6119 ) ;
#974 = VERTEX_POINT ( 'NONE', #824 ) ;
#975 = CARTESIAN_POINT ( 'NONE',  ( 1.350000000000000089, -3.000000000000000000, -2.850000000000000089 ) ) ;
#976 = CARTESIAN_POINT ( 'NONE',  ( -3.700000000000010836, -4.000000000000000000, -3.049999999999999378 ) ) ;
#977 = EDGE_CURVE ( 'NONE', #400, #6248, #7247, .T. ) ;
#978 = LINE ( 'NONE', #3296, #1954 ) ;
#979 = EDGE_CURVE ( 'NONE', #4189, #1341, #5356, .T. ) ;
#980 = CARTESIAN_POINT ( 'NONE',  ( 1.149999999999999911, 3.000000000000000000, -2.850000000000000089 ) ) ;
#981 = FACE_OUTER_BOUND ( 'NONE', #670, .T. ) ;
#982 = CARTESIAN_POINT ( 'NONE',  ( 2.299999999999998934, 2.300000000000000266, 0.9000000000000002442 ) ) ;
#983 = ORIENTED_EDGE ( 'NONE', *, *, #3681, .T. ) ;
#984 = EDGE_LOOP ( 'NONE', ( #1357, #3447, #3173, #3198, #1583, #2836, #4593, #3563, #3008, #2147, #2615, #6044, #1653, #7127, #632, #3170 ) ) ;
#985 = LINE ( 'NONE', #6666, #1152 ) ;
#986 = ORIENTED_EDGE ( 'NONE', *, *, #4917, .T. ) ;
#987 = CARTESIAN_POINT ( 'NONE',  ( 4.600000000000016520, -4.587538820250189886, -4.049999999999998934 ) ) ;
#988 = EDGE_CURVE ( 'NONE', #2835, #331, #6357, .T. ) ;
#989 = AXIS2_PLACEMENT_3D ( 'NONE', #6072, #2236, #6039 ) ;
#990 = CYLINDRICAL_SURFACE ( 'NONE', #5409, 0.6250000000000001110 ) ;
#991 = ORIENTED_EDGE ( 'NONE', *, *, #3833, .T. ) ;
#992 = DIRECTION ( 'NONE',  ( -3.491481338843133355E-15, 0.000000000000000000, -1.000000000000000000 ) ) ;
#993 = ORIENTED_EDGE ( 'NONE', *, *, #3371, .F. ) ;
#994 = ORIENTED_EDGE ( 'NONE', *, *, #3560, .T. ) ;
#995 = CARTESIAN_POINT ( 'NONE',  ( 4.200000000000016165, -7.286606874731852201, -4.049999999999996270 ) ) ;
#996 = CARTESIAN_POINT ( 'NONE',  ( -3.300000000000018474, -1.000000000000000444, -5.371878022344844794 ) ) ;
#997 = VERTEX_POINT ( 'NONE', #2433 ) ;
#998 = CARTESIAN_POINT ( 'NONE',  ( -2.299999999999999822, -2.299999999999999822, 0.9000000000000001332 ) ) ;
#999 = CARTESIAN_POINT ( 'NONE',  ( -2.900000000000000355, -1.599999999999999201, -3.100000000000000977 ) ) ;
#1000 = VECTOR ( 'NONE', #3104, 1000.000000000000000 ) ;
#1001 = ORIENTED_EDGE ( 'NONE', *, *, #4779, .F. ) ;
#1002 = ORIENTED_EDGE ( 'NONE', *, *, #4213, .T. ) ;
#1003 = DIRECTION ( 'NONE',  ( -0.000000000000000000, -0.000000000000000000, -1.000000000000000000 ) ) ;
#1004 = EDGE_CURVE ( 'NONE', #3984, #405, #5801, .T. ) ;
#1005 = CARTESIAN_POINT ( 'NONE',  ( 3.300000000000013589, 1.057097118173372345E-15, -3.830730342022995227 ) ) ;
#1006 = ORIENTED_EDGE ( 'NONE', *, *, #580, .F. ) ;
#1007 = AXIS2_PLACEMENT_3D ( 'NONE', #1448, #7052, #4825 ) ;
#1008 = CARTESIAN_POINT ( 'NONE',  ( 3.000000000000000000, 3.000000000000000000, 0.000000000000000000 ) ) ;
#1009 = CARTESIAN_POINT ( 'NONE',  ( -3.200000000000000622, 3.000000000000000000, -0.1000000000000002554 ) ) ;
#1010 = EDGE_LOOP ( 'NONE', ( #707, #4458, #6279, #3566 ) ) ;
#1011 = DIRECTION ( 'NONE',  ( 0.000000000000000000, 0.000000000000000000, -1.000000000000000000 ) ) ;
#1012 = CIRCLE ( 'NONE', #6893, 0.6250000000000001110 ) ;
#1013 = EDGE_CURVE ( 'NONE', #5953, #1453, #4714, .T. ) ;
#1014 = CARTESIAN_POINT ( 'NONE',  ( 1.350000000000000089, 1.599999999999999423, -3.200000000000000178 ) ) ;
#1015 = VECTOR ( 'NONE', #3280, 1000.000000000000000 ) ;
#1016 = CARTESIAN_POINT ( 'NONE',  ( 3.700000000000010836, -1.999999999999999112, -2.849999999999997424 ) ) ;
#1017 = DIRECTION ( 'NONE',  ( -1.000000000000000000, 0.000000000000000000, 0.000000000000000000 ) ) ;
#1018 = CYLINDRICAL_SURFACE ( 'NONE', #5473, 0.09999999999999982514 ) ;
#1019 = CARTESIAN_POINT ( 'NONE',  ( -3.000000000000000000, -3.000000000000000000, -3.200000000000000178 ) ) ;
#1020 = ORIENTED_EDGE ( 'NONE', *, *, #3878, .F. ) ;
#1021 = DIRECTION ( 'NONE',  ( 1.000000000000000000, 4.517509052022934484E-16, 3.491481338843133355E-15 ) ) ;
#1022 = AXIS2_PLACEMENT_3D ( 'NONE', #5027, #2158, #1094 ) ;
#1023 = CARTESIAN_POINT ( 'NONE',  ( -1.449999999999999956, 2.400000000000003908, -3.200000000000000178 ) ) ;
#1024 = ORIENTED_EDGE ( 'NONE', *, *, #6762, .F. ) ;
#1025 = CARTESIAN_POINT ( 'NONE',  ( 3.700000000000023270, -3.999999999999998224, -6.049999999999997158 ) ) ;
#1026 = VECTOR ( 'NONE', #4137, 1000.000000000000000 ) ;
#1027 = FACE_OUTER_BOUND ( 'NONE', #2768, .T. ) ;
#1028 = EDGE_LOOP ( 'NONE', ( #6175, #4257, #7146, #6096 ) ) ;
#1029 = ORIENTED_EDGE ( 'NONE', *, *, #2600, .T. ) ;
#1030 = VERTEX_POINT ( 'NONE', #5876 ) ;
#1031 = ADVANCED_FACE ( 'NONE', ( #3061 ), #2767, .T. ) ;
#1032 = VECTOR ( 'NONE', #1433, 1000.000000000000000 ) ;
#1033 = LINE ( 'NONE', #6638, #5048 ) ;
#1034 = CARTESIAN_POINT ( 'NONE',  ( -3.300000000000018030, -1.498409241742704401, -5.231773687770130188 ) ) ;
#1035 = ORIENTED_EDGE ( 'NONE', *, *, #200, .F. ) ;
#1036 = CARTESIAN_POINT ( 'NONE',  ( 3.550000000000001155, -2.925000000000000266, 0.6500000000000001332 ) ) ;
#1037 = CARTESIAN_POINT ( 'NONE',  ( 3.300000000000016254, 2.709888451158951383, -5.132889013954586410 ) ) ;
#1038 =( GEOMETRIC_REPRESENTATION_CONTEXT ( 3 ) GLOBAL_UNCERTAINTY_ASSIGNED_CONTEXT ( ( #2813 ) ) GLOBAL_UNIT_ASSIGNED_CONTEXT ( ( #1997, #4819, #7042 ) ) REPRESENTATION_CONTEXT ( 'NONE', 'WORKASPACE' ) );
#1039 = VERTEX_POINT ( 'NONE', #3417 ) ;
#1040 = ORIENTED_EDGE ( 'NONE', *, *, #6305, .F. ) ;
#1041 = EDGE_CURVE ( 'NONE', #1116, #1437, #5214, .T. ) ;
#1042 = CIRCLE ( 'NONE', #6460, 1.800000000000000266 ) ;
#1043 = CARTESIAN_POINT ( 'NONE',  ( 3.300000000000012701, -1.905816649150110509, -3.363715893440616611 ) ) ;
#1044 = ORIENTED_EDGE ( 'NONE', *, *, #4177, .T. ) ;
#1045 = AXIS2_PLACEMENT_3D ( 'NONE', #173, #1797, #6230 ) ;
#1046 = CARTESIAN_POINT ( 'NONE',  ( -3.584978171884241505, -1.292888032007503574, -4.601506682002191262 ) ) ;
#1047 = CARTESIAN_POINT ( 'NONE',  ( -3.700000000000002398, -3.500000000000000444, -0.5999999999999973133 ) ) ;
#1048 = FACE_OUTER_BOUND ( 'NONE', #3781, .T. ) ;
#1049 = VERTEX_POINT ( 'NONE', #3934 ) ;
#1050 = LINE ( 'NONE', #506, #2827 ) ;
#1051 = VECTOR ( 'NONE', #2870, 1000.000000000000000 ) ;
#1052 = DIRECTION ( 'NONE',  ( -1.000000000000000000, 0.000000000000000000, 3.491481338843133355E-15 ) ) ;
#1053 = VECTOR ( 'NONE', #951, 1000.000000000000000 ) ;
#1054 = CIRCLE ( 'NONE', #819, 0.6250000000000001110 ) ;
#1055 = EDGE_CURVE ( 'NONE', #4623, #3010, #590, .T. ) ;
#1056 = EDGE_CURVE ( 'NONE', #5526, #4822, #5470, .T. ) ;
#1057 = DIRECTION ( 'NONE',  ( 0.000000000000000000, 0.000000000000000000, 1.000000000000000000 ) ) ;
#1058 = DIRECTION ( 'NONE',  ( 0.3303504247281062178, -0.9438583563660173370, 0.000000000000000000 ) ) ;
#1059 = CARTESIAN_POINT ( 'NONE',  ( -6.460349496741234770E-15, -2.400000000000007017, -3.100000000000000977 ) ) ;
#1060 = CARTESIAN_POINT ( 'NONE',  ( 2.973145600891811124, 1.963427199554092173, 0.9000000000000002442 ) ) ;
#1061 = ORIENTED_EDGE ( 'NONE', *, *, #689, .T. ) ;
#1062 = ORIENTED_EDGE ( 'NONE', *, *, #4639, .T. ) ;
#1063 = AXIS2_PLACEMENT_3D ( 'NONE', #6773, #5068, #6367 ) ;
#1064 = CARTESIAN_POINT ( 'NONE',  ( 3.700000000000012612, -8.000000000000000000, -4.549999999999998934 ) ) ;
#1065 = EDGE_LOOP ( 'NONE', ( #4683, #1990, #1151, #4925 ) ) ;
#1066 = DIRECTION ( 'NONE',  ( -1.000000000000000000, 0.000000000000000000, 0.000000000000000000 ) ) ;
#1067 = AXIS2_PLACEMENT_3D ( 'NONE', #1895, #6973, #3572 ) ;
#1068 = CARTESIAN_POINT ( 'NONE',  ( 1.350000000000000089, -2.400000000000003908, -3.200000000000000178 ) ) ;
#1069 = ORIENTED_EDGE ( 'NONE', *, *, #2125, .T. ) ;
#1070 = LINE ( 'NONE', #5564, #6938 ) ;
#1071 = ORIENTED_EDGE ( 'NONE', *, *, #769, .F. ) ;
#1072 = EDGE_LOOP ( 'NONE', ( #3124, #1300, #4412, #2679, #4468, #5034 ) ) ;
#1073 = DIRECTION ( 'NONE',  ( -1.000000000000000000, 0.000000000000000000, 0.000000000000000000 ) ) ;
#1074 = CARTESIAN_POINT ( 'NONE',  ( -3.300000000000018474, -1.794705538039001125, -5.371878022344844794 ) ) ;
#1075 = ORIENTED_EDGE ( 'NONE', *, *, #6883, .T. ) ;
#1076 = EDGE_CURVE ( 'NONE', #7141, #2681, #5833, .T. ) ;
#1077 = CARTESIAN_POINT ( 'NONE',  ( 3.199999999999999289, 3.000000000000001332, -0.1000000000000002554 ) ) ;
#1078 = DIRECTION ( 'NONE',  ( 0.000000000000000000, -0.000000000000000000, 1.000000000000000000 ) ) ;
#1079 = EDGE_CURVE ( 'NONE', #1351, #4193, #2295, .T. ) ;
#1080 = ORIENTED_EDGE ( 'NONE', *, *, #6216, .F. ) ;
#1081 = EDGE_LOOP ( 'NONE', ( #1231, #4115 ) ) ;
#1082 = CARTESIAN_POINT ( 'NONE',  ( -3.300000000000014033, -7.286606874731847761, -4.049999999999998934 ) ) ;
#1083 = CARTESIAN_POINT ( 'NONE',  ( 2.828233073500720174, -0.9999999999999991118, -2.990104334574714695 ) ) ;
#1084 = VERTEX_POINT ( 'NONE', #4619 ) ;
#1085 = ADVANCED_FACE ( 'NONE', ( #5706 ), #146, .T. ) ;
#1086 = ADVANCED_FACE ( 'NONE', ( #1238 ), #6268, .F. ) ;
#1087 = CARTESIAN_POINT ( 'NONE',  ( -3.592477367349697470, -1.619139133752178328, -3.060156501862071554 ) ) ;
#1088 = CARTESIAN_POINT ( 'NONE',  ( -3.700000000000000178, 0.000000000000000000, 1.187103655206665341E-14 ) ) ;
#1089 = CARTESIAN_POINT ( 'NONE',  ( -1.800000000000000266, 0.000000000000000000, 0.4000000000000000222 ) ) ;
#1090 = ORIENTED_EDGE ( 'NONE', *, *, #3548, .F. ) ;
#1091 = DIRECTION ( 'NONE',  ( 1.000000000000000000, 0.000000000000000000, 0.000000000000000000 ) ) ;
#1092 = CARTESIAN_POINT ( 'NONE',  ( 0.000000000000000000, 0.000000000000000000, -2.850000000000000089 ) ) ;
#1093 = CARTESIAN_POINT ( 'NONE',  ( 2.925000000000000266, 2.299999999999999822, 0.000000000000000000 ) ) ;
#1094 = DIRECTION ( 'NONE',  ( 0.000000000000000000, 0.000000000000000000, 1.000000000000000000 ) ) ;
#1095 = CARTESIAN_POINT ( 'NONE',  ( -2.299999999999999822, 1.674999999999999378, 0.6500000000000001332 ) ) ;
#1096 = CARTESIAN_POINT ( 'NONE',  ( 3.549999999999998490, 1.675000000000000266, 0.6500000000000000222 ) ) ;
#1097 = ORIENTED_EDGE ( 'NONE', *, *, #1689, .T. ) ;
#1098 = LINE ( 'NONE', #7252, #6649 ) ;
#1099 = EDGE_CURVE ( 'NONE', #4676, #5540, #4589, .T. ) ;
#1100 = CARTESIAN_POINT ( 'NONE',  ( -2.925000000000000266, 2.299999999999999822, 0.000000000000000000 ) ) ;
#1101 = ORIENTED_EDGE ( 'NONE', *, *, #3583, .T. ) ;
#1102 = DIRECTION ( 'NONE',  ( 0.000000000000000000, 0.000000000000000000, 1.000000000000000000 ) ) ;
#1103 = DIRECTION ( 'NONE',  ( -0.8944271909999159664, 0.4472135954999579832, 0.000000000000000000 ) ) ;
#1104 = ORIENTED_EDGE ( 'NONE', *, *, #1728, .F. ) ;
#1105 = LINE ( 'NONE', #3343, #1524 ) ;
#1106 = ORIENTED_EDGE ( 'NONE', *, *, #4380, .F. ) ;
#1107 = ORIENTED_EDGE ( 'NONE', *, *, #2700, .F. ) ;
#1108 = FACE_OUTER_BOUND ( 'NONE', #2554, .T. ) ;
#1109 = CARTESIAN_POINT ( 'NONE',  ( -3.300000000000009148, -8.000000000000000000, -4.549999999999998934 ) ) ;
#1110 = ORIENTED_EDGE ( 'NONE', *, *, #6951, .F. ) ;
#1111 = DIRECTION ( 'NONE',  ( -0.000000000000000000, -0.000000000000000000, -1.000000000000000000 ) ) ;
#1112 = ORIENTED_EDGE ( 'NONE', *, *, #5655, .T. ) ;
#1113 = VERTEX_POINT ( 'NONE', #2376 ) ;
#1114 = ADVANCED_FACE ( 'NONE', ( #4070 ), #654, .T. ) ;
#1115 = CARTESIAN_POINT ( 'NONE',  ( 3.011975336173138729, -0.9999999999999991118, -3.830730342022995671 ) ) ;
#1116 = VERTEX_POINT ( 'NONE', #5675 ) ;
#1117 = EDGE_CURVE ( 'NONE', #4623, #2642, #2895, .T. ) ;
#1118 = AXIS2_PLACEMENT_3D ( 'NONE', #539, #1682, #429 ) ;
#1119 = CARTESIAN_POINT ( 'NONE',  ( -3.698918719983950609, -1.872607153021129456, -5.021617879810360563 ) ) ;
#1120 = CYLINDRICAL_SURFACE ( 'NONE', #5130, 0.6250000000000001110 ) ;
#1121 = CARTESIAN_POINT ( 'NONE',  ( 2.899999999999999467, 1.500000000000000000, -3.100000000000000977 ) ) ;
#1122 = ORIENTED_EDGE ( 'NONE', *, *, #6935, .F. ) ;
#1123 = PLANE ( 'NONE',  #3644 ) ;
#1124 = CARTESIAN_POINT ( 'NONE',  ( 3.700000000000015721, -7.500000000000001776, -4.549999999999998934 ) ) ;
#1125 = EDGE_CURVE ( 'NONE', #6962, #4489, #3968, .T. ) ;
#1126 = VECTOR ( 'NONE', #6897, 1000.000000000000000 ) ;
#1127 = CARTESIAN_POINT ( 'NONE',  ( 3.700000000000020162, -1.638888888888888840, -5.371878022344834136 ) ) ;
#1128 = VECTOR ( 'NONE', #4725, 1000.000000000000000 ) ;
#1129 = CARTESIAN_POINT ( 'NONE',  ( -3.000000000000000000, 3.000000000000000000, -2.850000000000000089 ) ) ;
#1130 = FACE_OUTER_BOUND ( 'NONE', #886, .T. ) ;
#1131 = FACE_OUTER_BOUND ( 'NONE', #1361, .T. ) ;
#1132 = CARTESIAN_POINT ( 'NONE',  ( 2.600000000000000533, -7.500000000000000000, -1.900000000000000133 ) ) ;
#1133 = VECTOR ( 'NONE', #675, 1000.000000000000000 ) ;
#1134 = CARTESIAN_POINT ( 'NONE',  ( 3.729129044202597498, -7.118438676232774043, -4.049999999999998934 ) ) ;
#1135 = ORIENTED_EDGE ( 'NONE', *, *, #4739, .T. ) ;
#1136 = CARTESIAN_POINT ( 'NONE',  ( -3.000000000000000000, -3.000000000000000000, -3.200000000000000178 ) ) ;
#1137 = DIRECTION ( 'NONE',  ( -1.000000000000000000, 4.486353817181402078E-16, 0.000000000000000000 ) ) ;
#1138 = CARTESIAN_POINT ( 'NONE',  ( 2.899999999999999467, 1.500000000000000000, -3.100000000000000977 ) ) ;
#1139 = VECTOR ( 'NONE', #6005, 1000.000000000000000 ) ;
#1140 = VERTEX_POINT ( 'NONE', #622 ) ;
#1141 = EDGE_LOOP ( 'NONE', ( #2359, #5979, #3182, #1944 ) ) ;
#1142 = DIRECTION ( 'NONE',  ( 0.000000000000000000, 1.000000000000000000, 0.000000000000000000 ) ) ;
#1143 = CARTESIAN_POINT ( 'NONE',  ( -3.000000000000000000, -3.000000000000000000, -3.200000000000000178 ) ) ;
#1144 = CIRCLE ( 'NONE', #1616, 0.09999999999999982514 ) ;
#1145 = ORIENTED_EDGE ( 'NONE', *, *, #254, .T. ) ;
#1146 = EDGE_CURVE ( 'NONE', #1030, #6291, #1244, .T. ) ;
#1147 = DIRECTION ( 'NONE',  ( 0.000000000000000000, -1.000000000000000000, 0.000000000000000000 ) ) ;
#1148 = ADVANCED_FACE ( 'NONE', ( #1724 ), #2966, .T. ) ;
#1149 = CARTESIAN_POINT ( 'NONE',  ( 2.425000000000000266, -8.000000000000000000, -1.900000000000000133 ) ) ;
#1150 = ORIENTED_EDGE ( 'NONE', *, *, #6943, .T. ) ;
#1151 = ORIENTED_EDGE ( 'NONE', *, *, #6500, .T. ) ;
#1152 = VECTOR ( 'NONE', #2673, 1000.000000000000000 ) ;
#1153 = DIRECTION ( 'NONE',  ( 8.673617379884051249E-15, -1.000000000000000000, 0.000000000000000000 ) ) ;
#1154 = VECTOR ( 'NONE', #2839, 1000.000000000000000 ) ;
#1155 = CARTESIAN_POINT ( 'NONE',  ( -3.693567373595603165, -1.760542711589305087, -5.021609743288669492 ) ) ;
#1156 = DIRECTION ( 'NONE',  ( -1.000000000000000000, 0.000000000000000000, 0.000000000000000000 ) ) ;
#1157 = ORIENTED_EDGE ( 'NONE', *, *, #2263, .T. ) ;
#1158 = DIRECTION ( 'NONE',  ( 0.000000000000000000, 0.000000000000000000, 1.000000000000000000 ) ) ;
#1159 = LINE ( 'NONE', #4640, #7244 ) ;
#1160 = AXIS2_PLACEMENT_3D ( 'NONE', #2048, #1428, #4144 ) ;
#1161 =( GEOMETRIC_REPRESENTATION_CONTEXT ( 3 ) GLOBAL_UNCERTAINTY_ASSIGNED_CONTEXT ( ( #3461 ) ) GLOBAL_UNIT_ASSIGNED_CONTEXT ( ( #2352, #3450, #45 ) ) REPRESENTATION_CONTEXT ( 'NONE', 'WORKASPACE' ) );
#1162 = CARTESIAN_POINT ( 'NONE',  ( 3.566091891172920914, -1.467018513674720470, -3.853942002491066443 ) ) ;
#1163 = VECTOR ( 'NONE', #391, 1000.000000000000000 ) ;
#1164 = ADVANCED_FACE ( 'NONE', ( #4549 ), #6877, .T. ) ;
#1165 = AXIS2_PLACEMENT_3D ( 'NONE', #6912, #1236, #2932 ) ;
#1166 = LINE ( 'NONE', #1684, #3846 ) ;
#1167 = CARTESIAN_POINT ( 'NONE',  ( 2.900000000000000355, -1.599999999999999201, -3.100000000000000977 ) ) ;
#1168 = LINE ( 'NONE', #6772, #5233 ) ;
#1169 = CARTESIAN_POINT ( 'NONE',  ( 3.700000000000018829, 1.237797480254292446E-15, -5.371878022344831471 ) ) ;
#1170 = LINE ( 'NONE', #5778, #5350 ) ;
#1171 = VECTOR ( 'NONE', #2757, 1000.000000000000000 ) ;
#1172 = AXIS2_PLACEMENT_3D ( 'NONE', #5493, #4524, #3795 ) ;
#1173 = CARTESIAN_POINT ( 'NONE',  ( -1.350000000000000089, 2.900000000000000355, -2.850000000000000089 ) ) ;
#1174 = DIRECTION ( 'NONE',  ( 0.000000000000000000, 1.000000000000000000, 0.000000000000000000 ) ) ;
#1175 = DIRECTION ( 'NONE',  ( 0.000000000000000000, 0.000000000000000000, -1.000000000000000000 ) ) ;
#1176 = EDGE_CURVE ( 'NONE', #6179, #3454, #6747, .T. ) ;
#1177 = CARTESIAN_POINT ( 'NONE',  ( 3.300000000000016254, 1.057097118173373923E-15, -4.748279434898257101 ) ) ;
#1179 = VECTOR ( 'NONE', #263, 1000.000000000000000 ) ;
#1178 = LINE ( 'NONE', #3419, #472 ) ;
#1180 = VERTEX_POINT ( 'NONE', #1692 ) ;
#1181 = ORIENTED_EDGE ( 'NONE', *, *, #663, .T. ) ;
#1182 = CARTESIAN_POINT ( 'NONE',  ( 1.149999999999999911, 2.900000000000000355, -2.850000000000000089 ) ) ;
#1183 = VECTOR ( 'NONE', #4784, 1000.000000000000000 ) ;
#1184 = DIRECTION ( 'NONE',  ( 3.491481338843133355E-15, -1.396527051659241882E-16, -1.000000000000000000 ) ) ;
#1185 = ORIENTED_EDGE ( 'NONE', *, *, #2509, .F. ) ;
#1186 = DIRECTION ( 'NONE',  ( -1.000000000000000000, 0.000000000000000000, 0.000000000000000000 ) ) ;
#1187 = DIRECTION ( 'NONE',  ( -0.000000000000000000, -0.000000000000000000, -1.000000000000000000 ) ) ;
#1188 = ORIENTED_EDGE ( 'NONE', *, *, #2544, .F. ) ;
#1189 = ORIENTED_EDGE ( 'NONE', *, *, #6441, .F. ) ;
#1190 = EDGE_CURVE ( 'NONE', #4162, #3336, #1905, .T. ) ;
#1191 = DIRECTION ( 'NONE',  ( 0.8944271909999172987, 0.4472135954999552077, 0.000000000000000000 ) ) ;
#1192 = CARTESIAN_POINT ( 'NONE',  ( -3.697235051735586531, -1.869900702525675085, -4.601303944796274692 ) ) ;
#1193 = LINE ( 'NONE', #6177, #2075 ) ;
#1194 = EDGE_LOOP ( 'NONE', ( #1803, #1365, #7158, #5487 ) ) ;
#1195 = DIRECTION ( 'NONE',  ( -0.000000000000000000, -0.000000000000000000, -1.000000000000000000 ) ) ;
#1196 = CARTESIAN_POINT ( 'NONE',  ( -3.700000000000009948, -4.158455393585500385E-16, -2.850000000000028511 ) ) ;
#1197 = EDGE_CURVE ( 'NONE', #3204, #6300, #6485, .T. ) ;
#1198 = CARTESIAN_POINT ( 'NONE',  ( 3.254361941448102424, -1.131957227084807949, -2.849999999999996980 ) ) ;
#1199 = DIRECTION ( 'NONE',  ( 0.000000000000000000, 0.000000000000000000, -1.000000000000000000 ) ) ;
#1200 = DIRECTION ( 'NONE',  ( -1.000000000000000000, 2.691812290308839669E-15, 0.000000000000000000 ) ) ;
#1201 = CARTESIAN_POINT ( 'NONE',  ( 1.350000000000000089, 3.000000000000000000, -2.850000000000000089 ) ) ;
#1202 = DIRECTION ( 'NONE',  ( -5.987542637623614683E-15, -1.000000000000000000, 0.000000000000000000 ) ) ;
#1203 = EDGE_CURVE ( 'NONE', #4642, #5539, #1359, .T. ) ;
#1204 = CYLINDRICAL_SURFACE ( 'NONE', #448, 0.09999999999999982514 ) ;
#1205 = FACE_OUTER_BOUND ( 'NONE', #5573, .T. ) ;
#1206 = EDGE_CURVE ( 'NONE', #6971, #1329, #2780, .T. ) ;
#1207 = DIRECTION ( 'NONE',  ( 1.000000000000000000, 6.938893903907227392E-16, 0.000000000000000000 ) ) ;
#1208 = DIRECTION ( 'NONE',  ( 1.000000000000000000, 0.000000000000000000, -3.491481338843133355E-15 ) ) ;
#1209 = DIRECTION ( 'NONE',  ( -0.3303504247281062178, 0.9438583563660173370, 0.000000000000000000 ) ) ;
#1210 = ORIENTED_EDGE ( 'NONE', *, *, #1317, .T. ) ;
#1211 = VERTEX_POINT ( 'NONE', #2998 ) ;
#1212 = ADVANCED_FACE ( 'NONE', ( #4696 ), #5325, .T. ) ;
#1213 = DIRECTION ( 'NONE',  ( 0.000000000000000000, 0.000000000000000000, 1.000000000000000000 ) ) ;
#1214 = DIRECTION ( 'NONE',  ( 0.000000000000000000, 0.000000000000000000, 1.000000000000000000 ) ) ;
#1215 = ORIENTED_EDGE ( 'NONE', *, *, #2138, .F. ) ;
#1216 = CARTESIAN_POINT ( 'NONE',  ( -1.149999999999999911, -3.000000000000000000, -3.100000000000000977 ) ) ;
#1217 = CARTESIAN_POINT ( 'NONE',  ( 1.350000000000000089, -2.900000000000000355, -2.850000000000000089 ) ) ;
#1218 = ORIENTED_EDGE ( 'NONE', *, *, #174, .T. ) ;
#1219 = ORIENTED_EDGE ( 'NONE', *, *, #6224, .F. ) ;
#1220 = CARTESIAN_POINT ( 'NONE',  ( -3.376759760754480144, -0.6964661213341752921, -3.060156501862070666 ) ) ;
#1221 = CARTESIAN_POINT ( 'NONE',  ( 1.674999999999998934, 2.300000000000000266, 0.000000000000000000 ) ) ;
#1222 = ORIENTED_EDGE ( 'NONE', *, *, #1910, .T. ) ;
#1223 = EDGE_CURVE ( 'NONE', #2034, #3876, #4874, .T. ) ;
#1224 = CARTESIAN_POINT ( 'NONE',  ( 0.000000000000000000, 1.683333333333333348, -2.750000000000000000 ) ) ;
#1225 = PLANE ( 'NONE',  #7001 ) ;
#1226 = VECTOR ( 'NONE', #1610, 1000.000000000000000 ) ;
#1227 = CARTESIAN_POINT ( 'NONE',  ( 3.700000000000017941, -1.958016173490176204, -5.231773687770116865 ) ) ;
#1228 = EDGE_CURVE ( 'NONE', #6815, #5241, #2413, .T. ) ;
#1229 = LINE ( 'NONE', #6222, #4190 ) ;
#1230 = LINE ( 'NONE', #646, #7046 ) ;
#1231 = ORIENTED_EDGE ( 'NONE', *, *, #3303, .T. ) ;
#1232 = CARTESIAN_POINT ( 'NONE',  ( -1.050000000000000044, 2.900000000000000355, -3.100000000000000977 ) ) ;
#1233 = CIRCLE ( 'NONE', #1118, 0.6250000000000001110 ) ;
#1234 = DIRECTION ( 'NONE',  ( -1.000000000000000000, 0.000000000000000000, 0.000000000000000000 ) ) ;
#1235 = DIRECTION ( 'NONE',  ( 0.3363363969981568724, -0.9417419115948372221, 0.000000000000000000 ) ) ;
#1236 = DIRECTION ( 'NONE',  ( 0.000000000000000000, 0.000000000000000000, -1.000000000000000000 ) ) ;
#1237 = AXIS2_PLACEMENT_3D ( 'NONE', #3652, #3571, #4744 ) ;
#1238 = FACE_OUTER_BOUND ( 'NONE', #6558, .T. ) ;
#1239 = CARTESIAN_POINT ( 'NONE',  ( 2.299999999999999822, -1.674999999999999822, 0.6500000000000001332 ) ) ;
#1240 = ADVANCED_FACE ( 'NONE', ( #4143 ), #1426, .T. ) ;
#1241 = CARTESIAN_POINT ( 'NONE',  ( 3.671761229044312458, -0.2179417263067571220, -2.850000000000000089 ) ) ;
#1242 = EDGE_LOOP ( 'NONE', ( #2574, #4484, #731, #4090 ) ) ;
#1243 = ORIENTED_EDGE ( 'NONE', *, *, #7043, .T. ) ;
#1244 = CIRCLE ( 'NONE', #5240, 1.750000000000000000 ) ;
#1245 = CARTESIAN_POINT ( 'NONE',  ( -7.178166107490234451E-16, 1.599999999999998757, -3.100000000000000977 ) ) ;
#1246 = LINE ( 'NONE', #2314, #342 ) ;
#1247 = VECTOR ( 'NONE', #4821, 1000.000000000000000 ) ;
#1248 = DIRECTION ( 'NONE',  ( -0.000000000000000000, -0.000000000000000000, -1.000000000000000000 ) ) ;
#1249 = EDGE_CURVE ( 'NONE', #6142, #974, #2560, .T. ) ;
#1250 = DIRECTION ( 'NONE',  ( 0.000000000000000000, 0.000000000000000000, 1.000000000000000000 ) ) ;
#1251 = ORIENTED_EDGE ( 'NONE', *, *, #4097, .F. ) ;
#1252 = ORIENTED_EDGE ( 'NONE', *, *, #6572, .T. ) ;
#1253 = AXIS2_PLACEMENT_3D ( 'NONE', #5553, #2745, #4983 ) ;
#1254 = CARTESIAN_POINT ( 'NONE',  ( 3.300000000000018474, -0.09418335084988774253, -5.371878022344844794 ) ) ;
#1255 = CARTESIAN_POINT ( 'NONE',  ( -3.612008547451134088, -0.3776914841118543253, -3.433741125930354077 ) ) ;
#1256 = CARTESIAN_POINT ( 'NONE',  ( -2.900000000000000355, -1.599999999999999201, -2.850000000000000089 ) ) ;
#1257 = ADVANCED_FACE ( 'NONE', ( #1384 ), #1939, .T. ) ;
#1258 = CIRCLE ( 'NONE', #4663, 0.09999999999999982514 ) ;
#1259 = VERTEX_POINT ( 'NONE', #212 ) ;
#1260 = CARTESIAN_POINT ( 'NONE',  ( -2.600000000000000533, 3.100000000000000533, -1.900000000000000133 ) ) ;
#1261 = CARTESIAN_POINT ( 'NONE',  ( -3.300000000000014921, -4.587538820250192551, -4.049999999999998934 ) ) ;
#1262 = ORIENTED_EDGE ( 'NONE', *, *, #805, .T. ) ;
#1263 = CARTESIAN_POINT ( 'NONE',  ( 3.295475105373457225, -0.8694471484751687962, -3.060156501862069334 ) ) ;
#1264 = CARTESIAN_POINT ( 'NONE',  ( 1.450000000000000178, 2.900000000000000355, -3.100000000000000977 ) ) ;
#1265 = CYLINDRICAL_SURFACE ( 'NONE', #3451, 1.800000000000000266 ) ;
#1266 = ORIENTED_EDGE ( 'NONE', *, *, #3990, .F. ) ;
#1267 = PLANE ( 'NONE',  #592 ) ;
#1268 = AXIS2_PLACEMENT_3D ( 'NONE', #2428, #6932, #1191 ) ;
#1269 = LINE ( 'NONE', #4544, #6774 ) ;
#1270 = CARTESIAN_POINT ( 'NONE',  ( 4.200000000000016165, -7.286606874731852201, -4.049999999999997158 ) ) ;
#1271 = EDGE_CURVE ( 'NONE', #7149, #3204, #1012, .T. ) ;
#1272 = ADVANCED_FACE ( 'NONE', ( #5360 ), #325, .T. ) ;
#1273 = AXIS2_PLACEMENT_3D ( 'NONE', #1387, #214, #6443 ) ;
#1274 = LINE ( 'NONE', #2965, #6812 ) ;
#1275 = VECTOR ( 'NONE', #4877, 1000.000000000000000 ) ;
#1276 = CARTESIAN_POINT ( 'NONE',  ( 2.600000000000000533, -7.500000000000000000, -1.900000000000000133 ) ) ;
#1277 = CARTESIAN_POINT ( 'NONE',  ( -3.300000000000014477, -7.286606874731849537, -5.049999999999999822 ) ) ;
#1278 = CARTESIAN_POINT ( 'NONE',  ( 3.700000000000009059, -0.09371311001840368360, -2.849999999999997424 ) ) ;
#1279 = VERTEX_POINT ( 'NONE', #5965 ) ;
#1280 = ORIENTED_EDGE ( 'NONE', *, *, #93, .F. ) ;
#1281 = VECTOR ( 'NONE', #3788, 1000.000000000000000 ) ;
#1282 = CIRCLE ( 'NONE', #5400, 0.6250000000000001110 ) ;
#1283 = DIRECTION ( 'NONE',  ( -0.000000000000000000, -0.000000000000000000, -1.000000000000000000 ) ) ;
#1284 = ADVANCED_FACE ( 'NONE', ( #3627 ), #5253, .T. ) ;
#1285 = CARTESIAN_POINT ( 'NONE',  ( 3.300000000000016254, 6.234162491791721493E-16, -4.748279434898257101 ) ) ;
#1286 = AXIS2_PLACEMENT_3D ( 'NONE', #1019, #4364, #6626 ) ;
#1287 = AXIS2_PLACEMENT_3D ( 'NONE', #4409, #6195, #4958 ) ;
#1288 = CYLINDRICAL_SURFACE ( 'NONE', #3165, 0.6250000000000001110 ) ;
#1289 = VERTEX_POINT ( 'NONE', #4801 ) ;
#1290 = DIRECTION ( 'NONE',  ( 1.000000000000000000, 4.486353817181400106E-16, 0.000000000000000000 ) ) ;
#1291 = VERTEX_POINT ( 'NONE', #6518 ) ;
#1292 = ORIENTED_EDGE ( 'NONE', *, *, #2555, .F. ) ;
#1293 = VECTOR ( 'NONE', #6109, 1000.000000000000000 ) ;
#1294 = ADVANCED_FACE ( 'NONE', ( #839 ), #1736, .T. ) ;
#1295 = CARTESIAN_POINT ( 'NONE',  ( 2.243176908590702025E-15, 2.500000000000002665, -2.850000000000000089 ) ) ;
#1296 = EDGE_CURVE ( 'NONE', #3822, #360, #2744, .T. ) ;
#1297 = CARTESIAN_POINT ( 'NONE',  ( -3.700000000000015277, -1.121087672733814600, -5.229159837403211775 ) ) ;
#1298 = FACE_OUTER_BOUND ( 'NONE', #6191, .T. ) ;
#1299 = VECTOR ( 'NONE', #641, 1000.000000000000000 ) ;
#1300 = ORIENTED_EDGE ( 'NONE', *, *, #3434, .F. ) ;
#1301 = PLANE ( 'NONE',  #305 ) ;
#1302 = DIRECTION ( 'NONE',  ( 1.000000000000000000, 4.486353817181400106E-16, 0.000000000000000000 ) ) ;
#1303 = CARTESIAN_POINT ( 'NONE',  ( -2.425000000000000266, -8.000000000000000000, -3.060232526704262934 ) ) ;
#1304 = EDGE_CURVE ( 'NONE', #186, #5475, #1476, .T. ) ;
#1305 = EDGE_LOOP ( 'NONE', ( #6607, #2319, #2799, #4599, #1337 ) ) ;
#1306 = CARTESIAN_POINT ( 'NONE',  ( 3.631374384824479939, -0.3742237463772736250, -3.854040662255686644 ) ) ;
#1307 = LINE ( 'NONE', #280, #568 ) ;
#1308 = CARTESIAN_POINT ( 'NONE',  ( -3.700000000000016609, 2.999999999999999112, -4.748279434898255325 ) ) ;
#1309 = EDGE_LOOP ( 'NONE', ( #2481, #3782, #5796, #2721 ) ) ;
#1310 = DIRECTION ( 'NONE',  ( 0.000000000000000000, 1.000000000000000000, 0.000000000000000000 ) ) ;
#1311 = CARTESIAN_POINT ( 'NONE',  ( 3.300000000000009148, 2.600000000000000533, -3.050000000000000711 ) ) ;
#1312 = LINE ( 'NONE', #4724, #5868 ) ;
#1313 = CARTESIAN_POINT ( 'NONE',  ( 3.300000000000016254, -4.587538820250190774, -4.049999999999998934 ) ) ;
#1314 = CARTESIAN_POINT ( 'NONE',  ( 4.200000000000018829, -7.286606874731853978, -5.049999999999997158 ) ) ;
#1315 = LINE ( 'NONE', #1725, #5054 ) ;
#1316 = DIRECTION ( 'NONE',  ( 0.000000000000000000, -0.000000000000000000, 1.000000000000000000 ) ) ;
#1317 = EDGE_CURVE ( 'NONE', #3522, #4559, #4361, .T. ) ;
#1318 = ORIENTED_EDGE ( 'NONE', *, *, #2848, .T. ) ;
#1319 = ADVANCED_FACE ( 'NONE', ( #2046 ), #2629, .F. ) ;
#1320 = ORIENTED_EDGE ( 'NONE', *, *, #5842, .F. ) ;
#1321 = CARTESIAN_POINT ( 'NONE',  ( -3.700000000000010836, -3.500000000000000000, -3.049999999999999378 ) ) ;
#1322 = PLANE ( 'NONE',  #220 ) ;
#1323 = DIRECTION ( 'NONE',  ( 0.000000000000000000, -1.000000000000000000, 0.000000000000000000 ) ) ;
#1324 = ORIENTED_EDGE ( 'NONE', *, *, #5691, .T. ) ;
#1325 = PLANE ( 'NONE',  #2810 ) ;
#1326 = ORIENTED_EDGE ( 'NONE', *, *, #3834, .T. ) ;
#1327 = VERTEX_POINT ( 'NONE', #1093 ) ;
#1328 = CARTESIAN_POINT ( 'NONE',  ( 3.300000000000018918, -1.794705538038999570, -5.231773687770131076 ) ) ;
#1329 = VERTEX_POINT ( 'NONE', #509 ) ;
#1330 = CARTESIAN_POINT ( 'NONE',  ( -3.527562540632487309, -0.5338739651232639050, -3.433675058496081345 ) ) ;
#1331 = CARTESIAN_POINT ( 'NONE',  ( -0.8499999999999999778, -0.4333333333333333481, -2.750000000000000000 ) ) ;
#1332 = EDGE_LOOP ( 'NONE', ( #3097, #5009, #7138, #1002, #3263, #1222, #3897, #5870 ) ) ;
#1333 = CARTESIAN_POINT ( 'NONE',  ( 0.000000000000000000, 0.000000000000000000, -2.850000000000000089 ) ) ;
#1334 = EDGE_CURVE ( 'NONE', #4884, #1049, #5511, .T. ) ;
#1335 = DIRECTION ( 'NONE',  ( -1.000000000000000000, -0.000000000000000000, -0.000000000000000000 ) ) ;
#1336 = CARTESIAN_POINT ( 'NONE',  ( -3.700000000000016609, 2.999999999999999112, -4.748279434898255325 ) ) ;
#1337 = ORIENTED_EDGE ( 'NONE', *, *, #4268, .T. ) ;
#1338 = CARTESIAN_POINT ( 'NONE',  ( 3.670852167465112892, -0.5289764490115625994, -5.021396305607317423 ) ) ;
#1339 = DIRECTION ( 'NONE',  ( -0.000000000000000000, -0.000000000000000000, -1.000000000000000000 ) ) ;
#1340 = FACE_OUTER_BOUND ( 'NONE', #5825, .T. ) ;
#1341 = VERTEX_POINT ( 'NONE', #6553 ) ;
#1342 = ADVANCED_FACE ( 'NONE', ( #6036 ), #4949, .T. ) ;
#1343 = CARTESIAN_POINT ( 'NONE',  ( 1.674999999999999822, 2.299999999999999822, 0.000000000000000000 ) ) ;
#1344 = DIRECTION ( 'NONE',  ( -1.000000000000000000, -2.093631781351319655E-15, 0.000000000000000000 ) ) ;
#1345 = CLOSED_SHELL ( 'NONE', ( #1031, #7228, #3918, #4529, #2063, #6975, #158, #1623, #5338, #3098, #4661, #2471, #5036, #6847, #2946, #5387, #6535, #6246, #3808, #3709, #6543, #4880, #5617, #6492, #3144, #4905, #1294, #5937, #6511, #4626, #426, #3844, #5284, #1257, #577, #5139, #3161, #7066, #2893, #2030, #2205, #4602, #6634, #4259, #6458, #5477, #2084, #454, #5853, #6132, #5972, #4294, #964, #1817, #3491, #5488, #1672, #1995, #3589, #2500, #7089, #816, #26, #4960, #4216, #3626, #3577, #1774, #3273, #5909, #1212, #7143, #4455, #5332, #555, #6989, #508, #3134, #6393, #3496, #3295, #5420, #6274, #2162, #4761, #5831, #1475, #1240, #4447, #7246, #2408, #5780, #3957, #4491, #3950, #7132, #2929, #6061, #7220, #5575, #5743, #6926, #3891, #711, #5088, #2879, #6219, #4885, #1284, #3073, #3065, #1085, #5742, #5609, #2281, #6640, #388, #748, #4351, #4022, #5215, #7045 ) ) ;
#1346 = LINE ( 'NONE', #2964, #4446 ) ;
#1347 = VECTOR ( 'NONE', #163, 1000.000000000000000 ) ;
#1348 = CARTESIAN_POINT ( 'NONE',  ( -3.700000000000014388, -4.587538820250193439, -5.049999999999998934 ) ) ;
#1349 = DIRECTION ( 'NONE',  ( -0.000000000000000000, -0.000000000000000000, -1.000000000000000000 ) ) ;
#1350 = LINE ( 'NONE', #3191, #2113 ) ;
#1351 = VERTEX_POINT ( 'NONE', #4982 ) ;
#1352 = VERTEX_POINT ( 'NONE', #2599 ) ;
#1353 = CIRCLE ( 'NONE', #6889, 1.800000000000000266 ) ;
#1354 = FACE_BOUND ( 'NONE', #4786, .T. ) ;
#1355 = DIRECTION ( 'NONE',  ( 0.000000000000000000, 0.000000000000000000, -1.000000000000000000 ) ) ;
#1356 = CARTESIAN_POINT ( 'NONE',  ( -1.149999999999999911, -2.900000000000000355, -2.850000000000000089 ) ) ;
#1357 = ORIENTED_EDGE ( 'NONE', *, *, #5680, .T. ) ;
#1358 = LINE ( 'NONE', #6416, #6585 ) ;
#1359 = CIRCLE ( 'NONE', #5359, 0.09999999999999982514 ) ;
#1360 = ORIENTED_EDGE ( 'NONE', *, *, #5509, .F. ) ;
#1361 = EDGE_LOOP ( 'NONE', ( #3207, #1373, #1929, #6644 ) ) ;
#1362 = CARTESIAN_POINT ( 'NONE',  ( -3.162683124596869177, -0.4971635526126205185, -3.363715893440616611 ) ) ;
#1363 = CIRCLE ( 'NONE', #6552, 1.300000000000000044 ) ;
#1364 = EDGE_CURVE ( 'NONE', #5320, #3432, #7134, .T. ) ;
#1365 = ORIENTED_EDGE ( 'NONE', *, *, #1190, .F. ) ;
#1366 = CARTESIAN_POINT ( 'NONE',  ( -3.490342747705788451, -0.5350735015809806594, -3.060156501862064449 ) ) ;
#1367 = DIRECTION ( 'NONE',  ( -1.000000000000000000, 0.000000000000000000, 0.000000000000000000 ) ) ;
#1368 = ORIENTED_EDGE ( 'NONE', *, *, #5404, .F. ) ;
#1369 = DIRECTION ( 'NONE',  ( -1.000000000000000000, 0.000000000000000000, 0.000000000000000000 ) ) ;
#1370 = CARTESIAN_POINT ( 'NONE',  ( -3.278597828075715537, -0.2027530115181711556, -2.850000000000001865 ) ) ;
#1371 = CIRCLE ( 'NONE', #6210, 1.300000000000000044 ) ;
#1372 = CARTESIAN_POINT ( 'NONE',  ( -1.899999999999999689, 3.100000000000000533, -2.200000000000000178 ) ) ;
#1373 = ORIENTED_EDGE ( 'NONE', *, *, #3779, .F. ) ;
#1374 = CIRCLE ( 'NONE', #5499, 0.09999999999999982514 ) ;
#1375 = CARTESIAN_POINT ( 'NONE',  ( 3.655061166456356592, -0.7102588294049673179, -5.021026252406373125 ) ) ;
#1376 = DIRECTION ( 'NONE',  ( 0.000000000000000000, 0.000000000000000000, 1.000000000000000000 ) ) ;
#1377 = DIRECTION ( 'NONE',  ( -0.4472135954999579277, -0.8944271909999158554, 0.000000000000000000 ) ) ;
#1378 = ORIENTED_EDGE ( 'NONE', *, *, #6686, .F. ) ;
#1379 = LINE ( 'NONE', #5925, #6134 ) ;
#1380 = LINE ( 'NONE', #394, #4163 ) ;
#1381 = CIRCLE ( 'NONE', #1742, 0.09999999999999982514 ) ;
#1382 = DIRECTION ( 'NONE',  ( 0.000000000000000000, 1.000000000000000000, 0.000000000000000000 ) ) ;
#1383 = EDGE_CURVE ( 'NONE', #3724, #1545, #978, .T. ) ;
#1384 = FACE_OUTER_BOUND ( 'NONE', #851, .T. ) ;
#1385 = AXIS2_PLACEMENT_3D ( 'NONE', #1976, #4212, #5251 ) ;
#1386 = DIRECTION ( 'NONE',  ( -0.3303504247281062178, -0.9438583563660173370, 0.000000000000000000 ) ) ;
#1387 = CARTESIAN_POINT ( 'NONE',  ( 0.000000000000000000, 0.4833333333333333925, -2.750000000000000000 ) ) ;
#1388 = CARTESIAN_POINT ( 'NONE',  ( 1.800000000000000266, 2.204364238465236069E-16, 0.4000000000000000222 ) ) ;
#1389 = ORIENTED_EDGE ( 'NONE', *, *, #6738, .T. ) ;
#1390 = VERTEX_POINT ( 'NONE', #3847 ) ;
#1391 = VECTOR ( 'NONE', #5327, 1000.000000000000000 ) ;
#1392 = AXIS2_PLACEMENT_3D ( 'NONE', #2607, #1949, #4703 ) ;
#1393 = DIRECTION ( 'NONE',  ( 3.491481338843133355E-15, 1.577279855319300948E-30, -1.000000000000000000 ) ) ;
#1394 = CARTESIAN_POINT ( 'NONE',  ( 3.700000000000016165, -3.499999999999998224, -4.049999999999998934 ) ) ;
#1395 = EDGE_CURVE ( 'NONE', #4884, #6862, #5401, .T. ) ;
#1396 = EDGE_CURVE ( 'NONE', #514, #201, #7245, .T. ) ;
#1397 = FACE_BOUND ( 'NONE', #1081, .T. ) ;
#1399 = VERTEX_POINT ( 'NONE', #4435 ) ;
#1398 = STYLED_ITEM ( 'NONE', ( #4628 ), #5913 ) ;
#1401 = VECTOR ( 'NONE', #5946, 1000.000000000000000 ) ;
#1400 = DIRECTION ( 'NONE',  ( 1.000000000000000000, -2.691812290308839669E-15, 0.000000000000000000 ) ) ;
#1402 = VERTEX_POINT ( 'NONE', #3737 ) ;
#1403 = VERTEX_POINT ( 'NONE', #1569 ) ;
#1404 = VECTOR ( 'NONE', #3630, 1000.000000000000000 ) ;
#1405 = CARTESIAN_POINT ( 'NONE',  ( -3.041440302102032867, -1.261367288006567389, -3.830730342022995671 ) ) ;
#1406 = ADVANCED_FACE ( 'NONE', ( #2126 ), #3893, .T. ) ;
#1407 = CIRCLE ( 'NONE', #5528, 0.09999999999999982514 ) ;
#1408 = ORIENTED_EDGE ( 'NONE', *, *, #314, .T. ) ;
#1409 = DIRECTION ( 'NONE',  ( -0.000000000000000000, -0.000000000000000000, -1.000000000000000000 ) ) ;
#1410 = DIRECTION ( 'NONE',  ( 4.517509052022934484E-16, -1.000000000000000000, 3.523657060577896116E-15 ) ) ;
#1411 = ORIENTED_EDGE ( 'NONE', *, *, #2636, .F. ) ;
#1412 = CARTESIAN_POINT ( 'NONE',  ( 3.300000000000012257, -3.999999999999998224, -3.050000000000000711 ) ) ;
#1413 = VECTOR ( 'NONE', #1794, 1000.000000000000000 ) ;
#1414 = CARTESIAN_POINT ( 'NONE',  ( -3.121833710861379174, -1.504153465084881347, -2.850000000000002309 ) ) ;
#1415 = EDGE_CURVE ( 'NONE', #4193, #3900, #6622, .T. ) ;
#1416 = FACE_OUTER_BOUND ( 'NONE', #2220, .T. ) ;
#1417 = ORIENTED_EDGE ( 'NONE', *, *, #4553, .T. ) ;
#1418 = AXIS2_PLACEMENT_3D ( 'NONE', #4308, #386, #3320 ) ;
#1419 = CARTESIAN_POINT ( 'NONE',  ( 3.492655314267393951, -0.7021224293290845297, -3.853707843293153523 ) ) ;
#1420 = LINE ( 'NONE', #3658, #3012 ) ;
#1421 = DIRECTION ( 'NONE',  ( -1.000000000000000000, -6.439293542825907934E-15, 5.585196838722983974E-30 ) ) ;
#1422 = ORIENTED_EDGE ( 'NONE', *, *, #6140, .T. ) ;
#1423 = CARTESIAN_POINT ( 'NONE',  ( 2.299999999999999822, -2.299999999999999822, 0.000000000000000000 ) ) ;
#1424 = CARTESIAN_POINT ( 'NONE',  ( -5.234079453378311957E-15, 2.500000000000006217, -2.850000000000000089 ) ) ;
#1425 = CARTESIAN_POINT ( 'NONE',  ( -2.600000000000000533, 3.100000000000000533, -1.900000000000000133 ) ) ;
#1426 = SPHERICAL_SURFACE ( 'NONE', #2190, 0.1000000000000000056 ) ;
#1427 = LINE ( 'NONE', #326, #5733 ) ;
#1428 = DIRECTION ( 'NONE',  ( -5.981805089575197183E-16, 1.000000000000000000, 0.000000000000000000 ) ) ;
#1429 = CARTESIAN_POINT ( 'NONE',  ( -1.149999999999999911, -2.900000000000000355, -3.100000000000000977 ) ) ;
#1430 = ORIENTED_EDGE ( 'NONE', *, *, #4303, .T. ) ;
#1431 = ORIENTED_EDGE ( 'NONE', *, *, #6037, .T. ) ;
#1432 = ADVANCED_FACE ( 'NONE', ( #3807 ), #4422, .F. ) ;
#1433 = DIRECTION ( 'NONE',  ( 1.000000000000000000, 0.000000000000000000, 0.000000000000000000 ) ) ;
#1434 = EDGE_CURVE ( 'NONE', #1291, #6062, #2039, .T. ) ;
#1435 = DIRECTION ( 'NONE',  ( 0.000000000000000000, 0.000000000000000000, 1.000000000000000000 ) ) ;
#1436 = CARTESIAN_POINT ( 'NONE',  ( 3.700000000000010836, -1.999999999999998668, -2.849999999999997424 ) ) ;
#1437 = VERTEX_POINT ( 'NONE', #6105 ) ;
#1438 = CARTESIAN_POINT ( 'NONE',  ( 2.299999999999999822, -2.299999999999999822, 0.6500000000000001332 ) ) ;
#1439 = ORIENTED_EDGE ( 'NONE', *, *, #709, .T. ) ;
#1440 = ORIENTED_EDGE ( 'NONE', *, *, #988, .F. ) ;
#1441 = EDGE_CURVE ( 'NONE', #402, #958, #6314, .T. ) ;
#1442 = ORIENTED_EDGE ( 'NONE', *, *, #4382, .T. ) ;
#1443 = CARTESIAN_POINT ( 'NONE',  ( 3.000000000000000000, -3.000000000000000000, 0.000000000000000000 ) ) ;
#1444 = DIRECTION ( 'NONE',  ( -1.000000000000000000, -6.505213034913037648E-15, 0.000000000000000000 ) ) ;
#1445 = ORIENTED_EDGE ( 'NONE', *, *, #2784, .T. ) ;
#1446 = EDGE_LOOP ( 'NONE', ( #6918, #5820, #5421, #140 ) ) ;
#1447 = LINE ( 'NONE', #2474, #5179 ) ;
#1448 = CARTESIAN_POINT ( 'NONE',  ( -3.700000000000016609, 2.599999999999999645, -4.748279434898255325 ) ) ;
#1449 = ORIENTED_EDGE ( 'NONE', *, *, #1013, .T. ) ;
#1450 = CARTESIAN_POINT ( 'NONE',  ( 3.000000000000000000, 1.600000000000000755, -3.100000000000000977 ) ) ;
#1451 = DIRECTION ( 'NONE',  ( -1.000000000000000000, -0.000000000000000000, -0.000000000000000000 ) ) ;
#1452 = CARTESIAN_POINT ( 'NONE',  ( 3.300000000000019362, -1.999999999999999556, -5.371878022344844794 ) ) ;
#1453 = VERTEX_POINT ( 'NONE', #1450 ) ;
#1454 = PLANE ( 'NONE',  #6249 ) ;
#1455 = CARTESIAN_POINT ( 'NONE',  ( 2.299999999999999822, 2.299999999999999822, 0.000000000000000000 ) ) ;
#1456 = FACE_OUTER_BOUND ( 'NONE', #2316, .T. ) ;
#1457 = EDGE_CURVE ( 'NONE', #5953, #4822, #4276, .T. ) ;
#1458 = CARTESIAN_POINT ( 'NONE',  ( -0.8499999999999999778, 2.600000000000000533, -2.649999999999999911 ) ) ;
#1459 = SPHERICAL_SURFACE ( 'NONE', #7266, 0.1000000000000000056 ) ;
#1460 = CARTESIAN_POINT ( 'NONE',  ( 2.299999999999999378, -2.636572800445907916, 0.9000000000000001332 ) ) ;
#1461 = DIRECTION ( 'NONE',  ( -1.000000000000000000, 0.000000000000000000, 0.000000000000000000 ) ) ;
#1462 = CIRCLE ( 'NONE', #2633, 1.800000000000000266 ) ;
#1463 = VERTEX_POINT ( 'NONE', #1486 ) ;
#1464 = ORIENTED_EDGE ( 'NONE', *, *, #2755, .F. ) ;
#1465 = DIRECTION ( 'NONE',  ( -0.9438583563660174480, -0.3303504247281062733, 0.000000000000000000 ) ) ;
#1466 = DIRECTION ( 'NONE',  ( 0.000000000000000000, 0.000000000000000000, -1.000000000000000000 ) ) ;
#1467 = CIRCLE ( 'NONE', #63, 0.4999999999999987232 ) ;
#1468 = CARTESIAN_POINT ( 'NONE',  ( 3.300000000000016254, 2.709888451158950939, -5.132889013954586410 ) ) ;
#1469 = ORIENTED_EDGE ( 'NONE', *, *, #7238, .F. ) ;
#1470 = FACE_OUTER_BOUND ( 'NONE', #2001, .T. ) ;
#1471 = ORIENTED_EDGE ( 'NONE', *, *, #1928, .T. ) ;
#1472 = ORIENTED_EDGE ( 'NONE', *, *, #4472, .F. ) ;
#1473 = VECTOR ( 'NONE', #4161, 1000.000000000000000 ) ;
#1474 = ORIENTED_EDGE ( 'NONE', *, *, #5680, .F. ) ;
#1475 = ADVANCED_FACE ( 'NONE', ( #4828 ), #6651, .T. ) ;
#1476 = CIRCLE ( 'NONE', #4061, 0.4999999999999994449 ) ;
#1477 = CARTESIAN_POINT ( 'NONE',  ( 3.700000000000017053, -7.286606874731850425, -5.049999999999998934 ) ) ;
#1478 = CARTESIAN_POINT ( 'NONE',  ( 4.600000000000016520, -4.587538820250189886, -4.050000000000012257 ) ) ;
#1479 = ORIENTED_EDGE ( 'NONE', *, *, #2284, .F. ) ;
#1480 = ORIENTED_EDGE ( 'NONE', *, *, #858, .T. ) ;
#1481 = APPLICATION_PROTOCOL_DEFINITION ( 'draft international standard', 'automotive_design', 1998, #7 ) ;
#1482 = DIRECTION ( 'NONE',  ( 1.000000000000000000, 0.000000000000000000, 0.000000000000000000 ) ) ;
#1483 = VECTOR ( 'NONE', #2470, 1000.000000000000114 ) ;
#1484 = ORIENTED_EDGE ( 'NONE', *, *, #2809, .F. ) ;
#1485 = EDGE_CURVE ( 'NONE', #7103, #3876, #5956, .T. ) ;
#1486 = CARTESIAN_POINT ( 'NONE',  ( 2.924999999999999378, 2.300000000000001155, 0.000000000000000000 ) ) ;
#1487 = AXIS2_PLACEMENT_3D ( 'NONE', #4570, #1784, #4025 ) ;
#1488 = DIRECTION ( 'NONE',  ( 2.905088075659517683E-15, -0.5547001962252291474, 0.8320502943378437211 ) ) ;
#1489 = FACE_OUTER_BOUND ( 'NONE', #3655, .T. ) ;
#1490 = ORIENTED_EDGE ( 'NONE', *, *, #2533, .F. ) ;
#1491 = CARTESIAN_POINT ( 'NONE',  ( -3.746809205874642501, -5.788045602749174456, -4.049999999999998934 ) ) ;
#1492 = CARTESIAN_POINT ( 'NONE',  ( -0.8499999999999999778, 1.733333333333333171, -2.750000000000000000 ) ) ;
#1493 = AXIS2_PLACEMENT_3D ( 'NONE', #432, #2667, #1757 ) ;
#1494 =( BOUNDED_SURFACE ( )  B_SPLINE_SURFACE ( 2, 3, ( 
 ( #3476, #1761, #4003, #64 ),
 ( #5702, #3441, #6329, #1903 ),
 ( #6228, #2339, #5211, #2994 ) ),
 .UNSPECIFIED., .F., .F., .F. ) 
 B_SPLINE_SURFACE_WITH_KNOTS ( ( 3, 3 ),
 ( 4, 4 ),
 ( 0.000000000000000000, 1.000000000000000000 ),
 ( 0.000000000000000000, 1.000000000000000000 ),
 .UNSPECIFIED. ) 
 GEOMETRIC_REPRESENTATION_ITEM ( )  RATIONAL_B_SPLINE_SURFACE ( (
 ( 1.000000000000000000, 0.3333333333333332038, 0.3333333333333332038, 1.000000000000000000),
 ( 1.000000000000000000, 0.3333333333333332038, 0.3333333333333332038, 1.000000000000000000),
 ( 1.000000000000000000, 0.3333333333333332038, 0.3333333333333332038, 1.000000000000000000) ) ) 
 REPRESENTATION_ITEM ( '' )  SURFACE ( )  );
#1495 = CARTESIAN_POINT ( 'NONE',  ( -2.600000000000000533, -7.500000000000000000, -1.900000000000000133 ) ) ;
#1496 = DIRECTION ( 'NONE',  ( -0.000000000000000000, -0.000000000000000000, -1.000000000000000000 ) ) ;
#1497 = FACE_OUTER_BOUND ( 'NONE', #6502, .T. ) ;
#1498 = CARTESIAN_POINT ( 'NONE',  ( 3.795015528100093682, -4.990031056200153969, -5.049999999999998934 ) ) ;
#1499 = AXIS2_PLACEMENT_3D ( 'NONE', #2278, #597, #6819 ) ;
#1500 = VERTEX_POINT ( 'NONE', #7125 ) ;
#1501 = ORIENTED_EDGE ( 'NONE', *, *, #5697, .F. ) ;
#1502 = EDGE_CURVE ( 'NONE', #5475, #4931, #4313, .T. ) ;
#1503 = EDGE_CURVE ( 'NONE', #1581, #1463, #1714, .T. ) ;
#1504 = CARTESIAN_POINT ( 'NONE',  ( 1.149999999999999911, -2.900000000000000355, -3.100000000000000977 ) ) ;
#1505 = CYLINDRICAL_SURFACE ( 'NONE', #1518, 0.6250000000000001110 ) ;
#1506 = VECTOR ( 'NONE', #3899, 1000.000000000000000 ) ;
#1507 = DIRECTION ( 'NONE',  ( -1.000000000000000000, 0.000000000000000000, 0.000000000000000000 ) ) ;
#1508 = EDGE_LOOP ( 'NONE', ( #5776, #291, #884, #6750 ) ) ;
#1509 = DIRECTION ( 'NONE',  ( -0.000000000000000000, -0.000000000000000000, -1.000000000000000000 ) ) ;
#1510 = ORIENTED_EDGE ( 'NONE', *, *, #832, .T. ) ;
#1511 = EDGE_LOOP ( 'NONE', ( #5771, #829, #2692, #1918 ) ) ;
#1512 = CIRCLE ( 'NONE', #4208, 0.09999999999999982514 ) ;
#1513 = STYLED_ITEM ( 'NONE', ( #6280 ), #3646 ) ;
#1514 = DIRECTION ( 'NONE',  ( 1.000000000000000000, 0.000000000000000000, 0.000000000000000000 ) ) ;
#1515 = CARTESIAN_POINT ( 'NONE',  ( -2.876494900217184902, -0.7372879175349925651, -2.990104334574713807 ) ) ;
#1516 = EDGE_LOOP ( 'NONE', ( #5267, #2208, #4855, #1464, #5114, #1107 ) ) ;
#1517 = VECTOR ( 'NONE', #5245, 1000.000000000000000 ) ;
#1518 = AXIS2_PLACEMENT_3D ( 'NONE', #223, #1355, #2458 ) ;
#1519 = CARTESIAN_POINT ( 'NONE',  ( -3.700000000000016609, -4.336808689942015764E-16, -5.231773687770122194 ) ) ;
#1520 = CYLINDRICAL_SURFACE ( 'NONE', #3126, 0.09999999999999939493 ) ;
#1521 = ORIENTED_EDGE ( 'NONE', *, *, #4472, .T. ) ;
#1522 = ORIENTED_EDGE ( 'NONE', *, *, #701, .T. ) ;
#1523 = PRODUCT_CONTEXT ( 'NONE', #1646, 'mechanical' ) ;
#1524 = VECTOR ( 'NONE', #6715, 1000.000000000000000 ) ;
#1525 = EDGE_CURVE ( 'NONE', #2052, #501, #6617, .T. ) ;
#1526 = VERTEX_POINT ( 'NONE', #1047 ) ;
#1527 = EDGE_CURVE ( 'NONE', #1601, #629, #503, .T. ) ;
#1528 = LINE ( 'NONE', #5547, #1603 ) ;
#1529 = VECTOR ( 'NONE', #2012, 1000.000000000000000 ) ;
#1530 = VECTOR ( 'NONE', #4620, 1000.000000000000000 ) ;
#1531 = DIRECTION ( 'NONE',  ( 0.3363363969981568724, -0.9417419115948372221, 0.000000000000000000 ) ) ;
#1532 = VERTEX_POINT ( 'NONE', #2077 ) ;
#1533 = DIRECTION ( 'NONE',  ( 0.000000000000000000, -1.000000000000000000, 0.000000000000000000 ) ) ;
#1534 = CYLINDRICAL_SURFACE ( 'NONE', #762, 0.09999999999999982514 ) ;
#1535 = EDGE_CURVE ( 'NONE', #1402, #925, #3289, .T. ) ;
#1536 = AXIS2_PLACEMENT_3D ( 'NONE', #241, #2003, #6425 ) ;
#1537 = CARTESIAN_POINT ( 'NONE',  ( 3.700000000000012612, -1.999999999999998668, -4.274394068176243344 ) ) ;
#1538 = DIRECTION ( 'NONE',  ( -1.000000000000000000, 0.000000000000000000, 0.000000000000000000 ) ) ;
#1539 = DIRECTION ( 'NONE',  ( -0.000000000000000000, -0.000000000000000000, -1.000000000000000000 ) ) ;
#1540 = CIRCLE ( 'NONE', #3413, 0.09999999999999982514 ) ;
#1541 = CARTESIAN_POINT ( 'NONE',  ( -3.700000000000014388, -3.500000000000000000, -4.049999999999998934 ) ) ;
#1542 = EDGE_LOOP ( 'NONE', ( #5441, #6584, #5052, #3318 ) ) ;
#1543 = ORIENTED_EDGE ( 'NONE', *, *, #1502, .T. ) ;
#1544 = DIRECTION ( 'NONE',  ( 0.000000000000000000, -1.000000000000000000, 0.000000000000000000 ) ) ;
#1545 = VERTEX_POINT ( 'NONE', #4975 ) ;
#1546 = CARTESIAN_POINT ( 'NONE',  ( 3.300000000000015810, -7.499999999999998224, -4.549999999999998934 ) ) ;
#1547 = EDGE_CURVE ( 'NONE', #5364, #1211, #2651, .T. ) ;
#1548 = LINE ( 'NONE', #4448, #4575 ) ;
#1549 = VERTEX_POINT ( 'NONE', #2186 ) ;
#1550 = CYLINDRICAL_SURFACE ( 'NONE', #6002, 0.5000000000000004441 ) ;
#1551 = ORIENTED_EDGE ( 'NONE', *, *, #3605, .F. ) ;
#1552 = ORIENTED_EDGE ( 'NONE', *, *, #4391, .T. ) ;
#1553 = CARTESIAN_POINT ( 'NONE',  ( -3.700000000000009948, -2.000000000000000888, -3.060156501862068001 ) ) ;
#1554 = CARTESIAN_POINT ( 'NONE',  ( -3.300000000000018474, -2.000000000000000888, -5.371878022344844794 ) ) ;
#1555 = VERTEX_POINT ( 'NONE', #1008 ) ;
#1556 = EDGE_CURVE ( 'NONE', #331, #2133, #6582, .T. ) ;
#1557 = DIRECTION ( 'NONE',  ( 0.000000000000000000, 0.000000000000000000, 1.000000000000000000 ) ) ;
#1558 = EDGE_CURVE ( 'NONE', #3784, #3193, #1528, .T. ) ;
#1559 = DIRECTION ( 'NONE',  ( 1.000000000000000000, 0.000000000000000000, 0.000000000000000000 ) ) ;
#1560 = EDGE_LOOP ( 'NONE', ( #180, #4405, #5685, #1566 ) ) ;
#1561 = ORIENTED_EDGE ( 'NONE', *, *, #5024, .F. ) ;
#1562 = CYLINDRICAL_SURFACE ( 'NONE', #1892, 0.6250000000000001110 ) ;
#1563 = ORIENTED_EDGE ( 'NONE', *, *, #611, .F. ) ;
#1564 = CARTESIAN_POINT ( 'NONE',  ( -0.8499999999999999778, 2.600000000000000533, -2.799999999999999822 ) ) ;
#1565 = DIRECTION ( 'NONE',  ( 0.000000000000000000, -1.000000000000000000, 0.000000000000000000 ) ) ;
#1566 = ORIENTED_EDGE ( 'NONE', *, *, #4072, .F. ) ;
#1567 = CARTESIAN_POINT ( 'NONE',  ( 1.626854399108186300, -1.963427199554093061, 0.9000000000000002442 ) ) ;
#1568 = DIRECTION ( 'NONE',  ( 0.000000000000000000, 0.000000000000000000, -1.000000000000000000 ) ) ;
#1569 = CARTESIAN_POINT ( 'NONE',  ( 1.674999999999999822, 2.299999999999999822, 0.6500000000000001332 ) ) ;
#1570 = EDGE_CURVE ( 'NONE', #4289, #823, #2117, .T. ) ;
#1571 = LINE ( 'NONE', #4909, #197 ) ;
#1572 = CARTESIAN_POINT ( 'NONE',  ( -3.550000000000002931, 1.674999999999999378, 0.6500000000000000222 ) ) ;
#1573 = FACE_OUTER_BOUND ( 'NONE', #5757, .T. ) ;
#1574 = VERTEX_POINT ( 'NONE', #3247 ) ;
#1575 = LINE ( 'NONE', #3964, #5823 ) ;
#1576 = CARTESIAN_POINT ( 'NONE',  ( 2.900000000000000355, -2.399999999999999467, -3.100000000000000977 ) ) ;
#1577 = ORIENTED_EDGE ( 'NONE', *, *, #4442, .T. ) ;
#1578 = DIRECTION ( 'NONE',  ( -1.000000000000000000, -6.439293542825907934E-15, 5.585196838722983974E-30 ) ) ;
#1579 = EDGE_CURVE ( 'NONE', #4931, #6027, #4428, .T. ) ;
#1580 = DIRECTION ( 'NONE',  ( -1.000000000000000000, -4.517509052022934484E-16, -3.491481338843132961E-15 ) ) ;
#1581 = VERTEX_POINT ( 'NONE', #1221 ) ;
#1582 = DIRECTION ( 'NONE',  ( 0.000000000000000000, 1.000000000000000000, -3.523657060577896116E-15 ) ) ;
#1583 = ORIENTED_EDGE ( 'NONE', *, *, #6657, .T. ) ;
#1584 = ORIENTED_EDGE ( 'NONE', *, *, #5989, .F. ) ;
#1585 = DIRECTION ( 'NONE',  ( -1.000000000000000000, -6.439293542825908723E-15, 5.585196838722984675E-30 ) ) ;
#1586 = CARTESIAN_POINT ( 'NONE',  ( -3.300000000000018030, -1.905816649150112285, -5.231773687770131076 ) ) ;
#1587 = ORIENTED_EDGE ( 'NONE', *, *, #6267, .F. ) ;
#1588 = LINE ( 'NONE', #564, #7173 ) ;
#1589 = CARTESIAN_POINT ( 'NONE',  ( -1.050000000000000044, -2.900000000000000355, -2.850000000000000089 ) ) ;
#1590 = CIRCLE ( 'NONE', #3227, 0.09999999999999982514 ) ;
#1591 = EDGE_LOOP ( 'NONE', ( #3765, #777, #5970, #55 ) ) ;
#1592 = VERTEX_POINT ( 'NONE', #6213 ) ;
#1593 = CARTESIAN_POINT ( 'NONE',  ( -2.925000000000000266, 2.299999999999999822, 0.6500000000000001332 ) ) ;
#1594 = EDGE_CURVE ( 'NONE', #2681, #2499, #5165, .T. ) ;
#1595 = CARTESIAN_POINT ( 'NONE',  ( 2.973594834911661433, -1.261920429878151007, -3.363715893440616611 ) ) ;
#1596 = EDGE_LOOP ( 'NONE', ( #2956, #3421, #2390, #5678 ) ) ;
#1597 = CIRCLE ( 'NONE', #1237, 0.6250000000000001110 ) ;
#1598 = CARTESIAN_POINT ( 'NONE',  ( -3.700000000000009504, -1.953143444990798283, -2.849999999999996980 ) ) ;
#1599 = DIRECTION ( 'NONE',  ( 0.000000000000000000, 0.000000000000000000, 1.000000000000000000 ) ) ;
#1600 = CARTESIAN_POINT ( 'NONE',  ( -1.350000000000000089, 0.000000000000000000, -3.100000000000000977 ) ) ;
#1601 = VERTEX_POINT ( 'NONE', #5658 ) ;
#1602 = CARTESIAN_POINT ( 'NONE',  ( -2.900000000000000355, 2.400000000000000355, -3.100000000000000977 ) ) ;
#1603 = VECTOR ( 'NONE', #3770, 1000.000000000000000 ) ;
#1604 = AXIS2_PLACEMENT_3D ( 'NONE', #6094, #2653, #1999 ) ;
#1605 = CARTESIAN_POINT ( 'NONE',  ( -1.899999999999999689, -7.500000000000000000, -1.900000000000000133 ) ) ;
#1606 = DIRECTION ( 'NONE',  ( 1.000000000000000000, 4.517509052022934484E-16, 3.491481338843133355E-15 ) ) ;
#1607 = PLANE ( 'NONE',  #989 ) ;
#1608 = PLANE ( 'NONE',  #1647 ) ;
#1609 = ORIENTED_EDGE ( 'NONE', *, *, #755, .F. ) ;
#1610 = DIRECTION ( 'NONE',  ( 0.000000000000000000, 0.000000000000000000, 1.000000000000000000 ) ) ;
#1611 = AXIS2_PLACEMENT_3D ( 'NONE', #4496, #4525, #1738 ) ;
#1612 = DIRECTION ( 'NONE',  ( -0.000000000000000000, -0.000000000000000000, -1.000000000000000000 ) ) ;
#1613 = ORIENTED_EDGE ( 'NONE', *, *, #5578, .T. ) ;
#1614 = DIRECTION ( 'NONE',  ( -1.000000000000000000, 1.495451272393800528E-16, 0.000000000000000000 ) ) ;
#1615 = EDGE_CURVE ( 'NONE', #3454, #5641, #3364, .T. ) ;
#1616 = AXIS2_PLACEMENT_3D ( 'NONE', #5206, #98, #6770 ) ;
#1617 = DIRECTION ( 'NONE',  ( -1.000000000000000000, 0.000000000000000000, 0.000000000000000000 ) ) ;
#1618 = EDGE_LOOP ( 'NONE', ( #1917, #3354, #309 ) ) ;
#1619 = CARTESIAN_POINT ( 'NONE',  ( -1.674999999999999822, -2.299999999999999822, 0.4000000000000000222 ) ) ;
#1620 = ORIENTED_EDGE ( 'NONE', *, *, #3145, .F. ) ;
#1621 = EDGE_LOOP ( 'NONE', ( #6576, #6680, #3632, #4440 ) ) ;
#1622 = DIRECTION ( 'NONE',  ( 1.000000000000000000, -5.987542637623615472E-15, 5.585196838722984675E-30 ) ) ;
#1623 = ADVANCED_FACE ( 'NONE', ( #6796 ), #2478, .T. ) ;
#1624 = VECTOR ( 'NONE', #4068, 1000.000000000000000 ) ;
#1625 = CARTESIAN_POINT ( 'NONE',  ( -1.899999999999999689, 3.100000000000000533, -1.900000000000000133 ) ) ;
#1626 = CARTESIAN_POINT ( 'NONE',  ( -3.300000000000018474, -1.498409241742704401, -5.371878022344843906 ) ) ;
#1627 = EDGE_LOOP ( 'NONE', ( #7279, #3716 ) ) ;
#1628 = DIRECTION ( 'NONE',  ( -3.491481338843133355E-15, 0.000000000000000000, -1.000000000000000000 ) ) ;
#1629 = DIRECTION ( 'NONE',  ( -0.4472135954999579277, -0.8944271909999158554, 0.000000000000000000 ) ) ;
#1630 = ORIENTED_EDGE ( 'NONE', *, *, #673, .F. ) ;
#1631 = ORIENTED_EDGE ( 'NONE', *, *, #2312, .T. ) ;
#1632 = DIRECTION ( 'NONE',  ( 2.691812290308838880E-15, -1.000000000000000000, 0.000000000000000000 ) ) ;
#1633 = EDGE_CURVE ( 'NONE', #2038, #445, #1363, .T. ) ;
#1634 = VECTOR ( 'NONE', #2563, 1000.000000000000000 ) ;
#1635 = CARTESIAN_POINT ( 'NONE',  ( 3.121833710861380062, -1.504153465084880015, -2.849999999999999645 ) ) ;
#1636 = ORIENTED_EDGE ( 'NONE', *, *, #4380, .T. ) ;
#1637 = AXIS2_PLACEMENT_3D ( 'NONE', #621, #67, #6811 ) ;
#1638 = CARTESIAN_POINT ( 'NONE',  ( -3.440346001568110434, -1.127290827049261868, -3.853477868213591950 ) ) ;
#1639 = CARTESIAN_POINT ( 'NONE',  ( -1.350000000000000089, 2.900000000000000355, -3.100000000000000977 ) ) ;
#1640 = EDGE_CURVE ( 'NONE', #2320, #4258, #1193, .T. ) ;
#1641 = CYLINDRICAL_SURFACE ( 'NONE', #3396, 0.09999999999999982514 ) ;
#1642 = ORIENTED_EDGE ( 'NONE', *, *, #1579, .T. ) ;
#1643 = VECTOR ( 'NONE', #2152, 1000.000000000000114 ) ;
#1644 = CARTESIAN_POINT ( 'NONE',  ( 2.299999999999999822, -2.925000000000001155, 0.6500000000000001332 ) ) ;
#1645 = DIRECTION ( 'NONE',  ( 0.000000000000000000, 0.000000000000000000, -1.000000000000000000 ) ) ;
#1646 = APPLICATION_CONTEXT ( 'automotive_design' ) ;
#1647 = AXIS2_PLACEMENT_3D ( 'NONE', #2747, #2669, #3780 ) ;
#1648 = CIRCLE ( 'NONE', #5169, 0.09999999999999982514 ) ;
#1649 = CARTESIAN_POINT ( 'NONE',  ( 2.153449832247074575E-15, 2.400000000000003464, -3.200000000000000178 ) ) ;
#1650 = CARTESIAN_POINT ( 'NONE',  ( 2.899999999999999911, -2.499999999999999556, -2.850000000000000089 ) ) ;
#1651 = FACE_OUTER_BOUND ( 'NONE', #1560, .T. ) ;
#1652 = FACE_BOUND ( 'NONE', #526, .T. ) ;
#1653 = ORIENTED_EDGE ( 'NONE', *, *, #1884, .F. ) ;
#1654 = FACE_OUTER_BOUND ( 'NONE', #901, .T. ) ;
#1655 = VECTOR ( 'NONE', #6328, 1000.000000000000000 ) ;
#1656 = CARTESIAN_POINT ( 'NONE',  ( 3.700000000000012612, -3.499999999999998224, -3.049999999999999378 ) ) ;
#1657 = ORIENTED_EDGE ( 'NONE', *, *, #6719, .F. ) ;
#1658 = CARTESIAN_POINT ( 'NONE',  ( -2.900000000000000355, 2.400000000000000355, -3.100000000000000977 ) ) ;
#1659 = PRODUCT_DEFINITION_FORMATION_WITH_SPECIFIED_SOURCE ( 'ANY', '', #3186, .NOT_KNOWN. ) ;
#1660 = FACE_OUTER_BOUND ( 'NONE', #3705, .T. ) ;
#1661 = ORIENTED_EDGE ( 'NONE', *, *, #4236, .T. ) ;
#1662 = ADVANCED_FACE ( 'NONE', ( #25 ), #1120, .F. ) ;
#1663 = CARTESIAN_POINT ( 'NONE',  ( -3.200000000000000622, 2.195509399283147268E-15, 0.4000000000000095701 ) ) ;
#1664 = EDGE_LOOP ( 'NONE', ( #6327, #732, #1106, #259, #1449, #6890, #3060, #878, #344, #5549, #3355, #4945 ) ) ;
#1665 = EDGE_LOOP ( 'NONE', ( #3614, #1863, #1815, #3231 ) ) ;
#1666 = EDGE_CURVE ( 'NONE', #7120, #3492, #572, .T. ) ;
#1667 = CARTESIAN_POINT ( 'NONE',  ( -3.700000000000009948, -2.000000000000000444, -2.849999999999997424 ) ) ;
#1668 = CARTESIAN_POINT ( 'NONE',  ( -3.300000000000015810, -0.09418335084988922745, -4.391147680321848767 ) ) ;
#1669 = VERTEX_POINT ( 'NONE', #5057 ) ;
#1670 = CARTESIAN_POINT ( 'NONE',  ( 3.000000000000000000, 2.399999999999999467, -3.100000000000000977 ) ) ;
#1671 = LINE ( 'NONE', #81, #5491 ) ;
#1672 = ADVANCED_FACE ( 'NONE', ( #2912 ), #3325, .T. ) ;
#1673 = ORIENTED_EDGE ( 'NONE', *, *, #2192, .F. ) ;
#1674 = ORIENTED_EDGE ( 'NONE', *, *, #6824, .F. ) ;
#1675 = FACE_OUTER_BOUND ( 'NONE', #5458, .T. ) ;
#1676 = ORIENTED_EDGE ( 'NONE', *, *, #3423, .F. ) ;
#1677 = CARTESIAN_POINT ( 'NONE',  ( -3.700000000000018385, -1.956697076869784668, -4.601304182183907798 ) ) ;
#1678 = CARTESIAN_POINT ( 'NONE',  ( -2.299999999999999822, -1.963427199554093061, 0.9000000000000001332 ) ) ;
#1679 = LINE ( 'NONE', #4666, #2333 ) ;
#1680 = ORIENTED_EDGE ( 'NONE', *, *, #443, .F. ) ;
#1681 = CARTESIAN_POINT ( 'NONE',  ( -2.900000000000000355, 1.600000000000000089, -2.850000000000000089 ) ) ;
#1682 = DIRECTION ( 'NONE',  ( 0.000000000000000000, 0.000000000000000000, 1.000000000000000000 ) ) ;
#1683 = CARTESIAN_POINT ( 'NONE',  ( 3.649061435579257218, -1.741316489862833050, -2.850000000000000089 ) ) ;
#1684 = CARTESIAN_POINT ( 'NONE',  ( -3.700000000000017941, 2.709888451158950051, -5.132889013954584634 ) ) ;
#1685 = DIRECTION ( 'NONE',  ( -0.000000000000000000, -0.000000000000000000, -1.000000000000000000 ) ) ;
#1686 = CARTESIAN_POINT ( 'NONE',  ( 4.128237442572071814, -6.000935160798246848, -4.049999999999998934 ) ) ;
#1687 = CARTESIAN_POINT ( 'NONE',  ( -4.200000000000015277, -7.286606874731855754, -5.049999999999997158 ) ) ;
#1688 = LINE ( 'NONE', #4587, #920 ) ;
#1689 = EDGE_CURVE ( 'NONE', #6990, #7197, #54, .T. ) ;
#1690 = ORIENTED_EDGE ( 'NONE', *, *, #2115, .F. ) ;
#1691 = CARTESIAN_POINT ( 'NONE',  ( -2.900000000000000355, -3.000000000000000000, -3.100000000000000977 ) ) ;
#1692 = CARTESIAN_POINT ( 'NONE',  ( -3.000000000000000000, 2.399999999999999467, -2.850000000000000089 ) ) ;
#1693 = CYLINDRICAL_SURFACE ( 'NONE', #941, 0.09999999999999939493 ) ;
#1694 = DIRECTION ( 'NONE',  ( 0.000000000000000000, 0.000000000000000000, 1.000000000000000000 ) ) ;
#1695 = ORIENTED_EDGE ( 'NONE', *, *, #2184, .T. ) ;
#1696 = VERTEX_POINT ( 'NONE', #2259 ) ;
#1697 = LINE ( 'NONE', #6304, #6797 ) ;
#1698 = EDGE_CURVE ( 'NONE', #4592, #7007, #2291, .T. ) ;
#1699 = CARTESIAN_POINT ( 'NONE',  ( -3.300000000000018474, -1.259259259259260189, -5.371878022344843906 ) ) ;
#1700 = ORIENTED_EDGE ( 'NONE', *, *, #1712, .F. ) ;
#1701 = LINE ( 'NONE', #3390, #116 ) ;
#1702 = DIRECTION ( 'NONE',  ( -1.000000000000000000, -6.505213034913037648E-15, 0.000000000000000000 ) ) ;
#1703 = ORIENTED_EDGE ( 'NONE', *, *, #988, .T. ) ;
#1704 = ORIENTED_EDGE ( 'NONE', *, *, #470, .F. ) ;
#1705 = CARTESIAN_POINT ( 'NONE',  ( 3.286933477046821928, -0.2037428474490187713, -3.830730342022995227 ) ) ;
#1706 = VECTOR ( 'NONE', #5131, 1000.000000000000000 ) ;
#1707 = CARTESIAN_POINT ( 'NONE',  ( -3.700000000000011280, -1.956018306750909819, -4.274394068176243344 ) ) ;
#1708 = CARTESIAN_POINT ( 'NONE',  ( -2.299999999999999378, -2.299999999999999378, 0.9000000000000002442 ) ) ;
#1709 = VERTEX_POINT ( 'NONE', #637 ) ;
#1710 = LINE ( 'NONE', #3363, #2941 ) ;
#1711 = LINE ( 'NONE', #2328, #1706 ) ;
#1712 = EDGE_CURVE ( 'NONE', #3947, #3260, #3585, .T. ) ;
#1713 = CARTESIAN_POINT ( 'NONE',  ( 3.700000000000019718, -1.999999999999999112, -5.371878022344831471 ) ) ;
#1714 = CIRCLE ( 'NONE', #3122, 0.6250000000000001110 ) ;
#1715 = LINE ( 'NONE', #4030, #3729 ) ;
#1716 = DIRECTION ( 'NONE',  ( 8.673617379884030739E-15, 1.000000000000000000, 0.000000000000000000 ) ) ;
#1717 = DIRECTION ( 'NONE',  ( 1.000000000000000000, 0.000000000000000000, 0.000000000000000000 ) ) ;
#1718 = CARTESIAN_POINT ( 'NONE',  ( -3.700000000000002398, -4.000000000000000000, -0.5999999999999976463 ) ) ;
#1719 = DIRECTION ( 'NONE',  ( 3.491481338843133355E-15, 1.577279855319300948E-30, -1.000000000000000000 ) ) ;
#1720 = CIRCLE ( 'NONE', #4882, 0.5000000000000017764 ) ;
#1721 = CARTESIAN_POINT ( 'NONE',  ( -2.900000000000000355, 1.600000000000000755, -3.100000000000000977 ) ) ;
#1722 = EDGE_CURVE ( 'NONE', #6348, #3688, #6205, .T. ) ;
#1723 = PLANE ( 'NONE',  #1637 ) ;
#1724 = FACE_OUTER_BOUND ( 'NONE', #953, .T. ) ;
#1725 = CARTESIAN_POINT ( 'NONE',  ( 1.450000000000000178, 1.499999999999999334, -2.850000000000000089 ) ) ;
#1726 = CARTESIAN_POINT ( 'NONE',  ( -2.299999999999999822, -2.299999999999999822, 0.9000000000000001332 ) ) ;
#1727 = VECTOR ( 'NONE', #4803, 1000.000000000000000 ) ;
#1728 = EDGE_CURVE ( 'NONE', #7110, #4241, #6282, .T. ) ;
#1729 = ORIENTED_EDGE ( 'NONE', *, *, #2665, .F. ) ;
#1730 = EDGE_CURVE ( 'NONE', #2358, #2758, #5485, .T. ) ;
#1731 = ORIENTED_EDGE ( 'NONE', *, *, #3159, .T. ) ;
#1732 = CARTESIAN_POINT ( 'NONE',  ( 3.729129044202598386, -7.118438676232774043, -5.049999999999998934 ) ) ;
#1733 = LINE ( 'NONE', #2942, #5037 ) ;
#1734 = CIRCLE ( 'NONE', #4776, 0.8999999999999998002 ) ;
#1735 = ORIENTED_EDGE ( 'NONE', *, *, #2743, .T. ) ;
#1736 =( BOUNDED_SURFACE ( )  B_SPLINE_SURFACE ( 2, 3, ( 
 ( #1871, #3551, #5816, #3588 ),
 ( #3074, #5294, #5854, #6153 ),
 ( #947, #4284, #365, #474 ) ),
 .UNSPECIFIED., .F., .F., .F. ) 
 B_SPLINE_SURFACE_WITH_KNOTS ( ( 3, 3 ),
 ( 4, 4 ),
 ( 0.000000000000000000, 1.000000000000000000 ),
 ( 0.000000000000000000, 1.000000000000000000 ),
 .UNSPECIFIED. ) 
 GEOMETRIC_REPRESENTATION_ITEM ( )  RATIONAL_B_SPLINE_SURFACE ( (
 ( 1.000000000000000000, 0.3333333333333335369, 0.3333333333333335369, 1.000000000000000000),
 ( 1.000000000000000000, 0.3333333333333335369, 0.3333333333333335369, 1.000000000000000000),
 ( 1.000000000000000000, 0.3333333333333335369, 0.3333333333333335369, 1.000000000000000000) ) ) 
 REPRESENTATION_ITEM ( '' )  SURFACE ( )  );
#1737 = LINE ( 'NONE', #1881, #3881 ) ;
#1738 = DIRECTION ( 'NONE',  ( 0.000000000000000000, 0.000000000000000000, -1.000000000000000000 ) ) ;
#1739 = VERTEX_POINT ( 'NONE', #713 ) ;
#1740 = EDGE_CURVE ( 'NONE', #926, #4393, #6861, .T. ) ;
#1741 = ORIENTED_EDGE ( 'NONE', *, *, #6951, .T. ) ;
#1742 = AXIS2_PLACEMENT_3D ( 'NONE', #3636, #294, #6493 ) ;
#1743 = CYLINDRICAL_SURFACE ( 'NONE', #5389, 0.4999999999999991673 ) ;
#1744 = CIRCLE ( 'NONE', #3023, 0.09999999999999982514 ) ;
#1745 = CARTESIAN_POINT ( 'NONE',  ( -3.700000000000017497, -1.288186359273386206, -5.230153689223908664 ) ) ;
#1746 = DIRECTION ( 'NONE',  ( -1.495451272393800528E-16, -1.000000000000000000, 0.000000000000000000 ) ) ;
#1747 = VERTEX_POINT ( 'NONE', #3568 ) ;
#1748 = EDGE_CURVE ( 'NONE', #1532, #4290, #1842, .T. ) ;
#1749 = CARTESIAN_POINT ( 'NONE',  ( -2.899999999999999911, -2.499999999999999112, -3.100000000000000977 ) ) ;
#1750 = DIRECTION ( 'NONE',  ( -0.000000000000000000, -0.000000000000000000, -1.000000000000000000 ) ) ;
#1751 = CIRCLE ( 'NONE', #2102, 0.5000000000000004441 ) ;
#1752 = VECTOR ( 'NONE', #692, 1000.000000000000000 ) ;
#1753 = EDGE_CURVE ( 'NONE', #1696, #4158, #742, .T. ) ;
#1754 = CARTESIAN_POINT ( 'NONE',  ( 3.491243797827541684, -1.464323601945829001, -3.060156501862068890 ) ) ;
#1755 = AXIS2_PLACEMENT_3D ( 'NONE', #6365, #3659, #5923 ) ;
#1756 = CIRCLE ( 'NONE', #813, 0.09999999999999982514 ) ;
#1757 = DIRECTION ( 'NONE',  ( -1.000000000000000000, 0.000000000000000000, 0.000000000000000000 ) ) ;
#1758 = DIRECTION ( 'NONE',  ( 0.000000000000000000, 0.000000000000000000, -1.000000000000000000 ) ) ;
#1759 = EDGE_CURVE ( 'NONE', #1601, #3883, #3244, .T. ) ;
#1760 = LINE ( 'NONE', #5669, #240 ) ;
#1761 = CARTESIAN_POINT ( 'NONE',  ( 1.049999999999999822, 1.675000000000000266, 0.6500000000000000222 ) ) ;
#1762 = AXIS2_PLACEMENT_3D ( 'NONE', #2056, #375, #1507 ) ;
#1763 = CARTESIAN_POINT ( 'NONE',  ( 0.000000000000000000, 0.000000000000000000, -2.850000000000000089 ) ) ;
#1764 = DIRECTION ( 'NONE',  ( -1.000000000000000000, -4.517509052022934484E-16, -3.491481338843133355E-15 ) ) ;
#1765 = DIRECTION ( 'NONE',  ( -1.000000000000000000, 0.000000000000000000, 0.000000000000000000 ) ) ;
#1766 = CARTESIAN_POINT ( 'NONE',  ( 4.128237442572070925, -6.000935160798247736, -5.049999999999998934 ) ) ;
#1767 = AXIS2_PLACEMENT_3D ( 'NONE', #1681, #5550, #7241 ) ;
#1769 = AXIS2_PLACEMENT_3D ( 'NONE', #913, #3150, #6555 ) ;
#1768 = DIRECTION ( 'NONE',  ( -1.000000000000000000, 0.000000000000000000, 0.000000000000000000 ) ) ;
#1770 = ORIENTED_EDGE ( 'NONE', *, *, #2354, .F. ) ;
#1771 = ORIENTED_EDGE ( 'NONE', *, *, #1547, .F. ) ;
#1772 = DIRECTION ( 'NONE',  ( 3.233037401832881481E-15, 0.2747211278973775705, -0.9615239476408233843 ) ) ;
#1773 = CARTESIAN_POINT ( 'NONE',  ( 3.437244651700127385, -5.168916494400137118, -4.049999999999998934 ) ) ;
#1774 = ADVANCED_FACE ( 'NONE', ( #3650 ), #2980, .T. ) ;
#1775 = EDGE_LOOP ( 'NONE', ( #3200, #2549, #497, #1484 ) ) ;
#1776 = EDGE_CURVE ( 'NONE', #4862, #2682, #4635, .T. ) ;
#1777 = CARTESIAN_POINT ( 'NONE',  ( -3.000000000000000000, 3.100000000000000533, -3.200000000000000178 ) ) ;
#1778 = CARTESIAN_POINT ( 'NONE',  ( -2.075000000000000178, -8.000000000000000000, -1.900000000000000133 ) ) ;
#1779 = EDGE_LOOP ( 'NONE', ( #2865, #5298, #677, #5530, #739 ) ) ;
#1780 = EDGE_LOOP ( 'NONE', ( #3237, #4306, #4220, #3684 ) ) ;
#1781 = CARTESIAN_POINT ( 'NONE',  ( 3.300000000000018030, 1.057097118173374909E-15, -5.231773687770131076 ) ) ;
#1782 = ADVANCED_FACE ( 'NONE', ( #6895 ), #4742, .F. ) ;
#1783 = CARTESIAN_POINT ( 'NONE',  ( -3.700000000000018385, -0.8796296296296293171, -5.371878022344837689 ) ) ;
#1784 = DIRECTION ( 'NONE',  ( -1.000000000000000000, -6.439293542825907934E-15, 5.585196838722983974E-30 ) ) ;
#1785 = EDGE_LOOP ( 'NONE', ( #4328, #3742, #3942, #4668 ) ) ;
#1786 = FACE_OUTER_BOUND ( 'NONE', #3789, .T. ) ;
#1787 = DIRECTION ( 'NONE',  ( 0.000000000000000000, 3.523657060577895721E-15, 1.000000000000000000 ) ) ;
#1788 = EDGE_CURVE ( 'NONE', #4059, #5819, #1850, .T. ) ;
#1789 = CARTESIAN_POINT ( 'NONE',  ( 3.693603188895389522, -1.863038787686704278, -3.433768352897363929 ) ) ;
#1790 = EDGE_CURVE ( 'NONE', #1994, #5712, #3059, .T. ) ;
#1791 = LINE ( 'NONE', #4541, #3137 ) ;
#1792 = FACE_OUTER_BOUND ( 'NONE', #1845, .T. ) ;
#1793 = ORIENTED_EDGE ( 'NONE', *, *, #4770, .F. ) ;
#1794 = DIRECTION ( 'NONE',  ( -0.000000000000000000, -0.000000000000000000, -1.000000000000000000 ) ) ;
#1795 = CARTESIAN_POINT ( 'NONE',  ( 3.700000000000015721, -7.500000000000000000, -4.049999999999998934 ) ) ;
#1796 = PLANE ( 'NONE',  #6103 ) ;
#1797 = DIRECTION ( 'NONE',  ( 0.000000000000000000, 0.000000000000000000, 1.000000000000000000 ) ) ;
#1798 = EDGE_CURVE ( 'NONE', #7031, #238, #6319, .T. ) ;
#1799 = DIRECTION ( 'NONE',  ( 0.000000000000000000, 0.000000000000000000, -1.000000000000000000 ) ) ;
#1800 = LINE ( 'NONE', #6233, #6597 ) ;
#1801 = DIRECTION ( 'NONE',  ( 0.000000000000000000, 0.000000000000000000, 1.000000000000000000 ) ) ;
#1802 = ORIENTED_EDGE ( 'NONE', *, *, #6199, .F. ) ;
#1803 = ORIENTED_EDGE ( 'NONE', *, *, #373, .T. ) ;
#1804 = FACE_OUTER_BOUND ( 'NONE', #588, .T. ) ;
#1805 = CARTESIAN_POINT ( 'NONE',  ( 4.128237442572071814, -6.000935160798246848, -4.049999999999998934 ) ) ;
#1806 = EDGE_CURVE ( 'NONE', #2454, #4116, #4604, .T. ) ;
#1807 = CARTESIAN_POINT ( 'NONE',  ( 2.299999999999999822, -2.299999999999999822, 0.9000000000000001332 ) ) ;
#1808 = DIRECTION ( 'NONE',  ( 0.000000000000000000, 1.000000000000000000, 0.000000000000000000 ) ) ;
#1809 = DIRECTION ( 'NONE',  ( 0.000000000000000000, 0.000000000000000000, -1.000000000000000000 ) ) ;
#1810 = ORIENTED_EDGE ( 'NONE', *, *, #6824, .T. ) ;
#1811 = ORIENTED_EDGE ( 'NONE', *, *, #4841, .T. ) ;
#1812 = CARTESIAN_POINT ( 'NONE',  ( 3.300000000000016254, -0.09418335084988774253, -4.858162128904228716 ) ) ;
#1813 = CARTESIAN_POINT ( 'NONE',  ( -3.700000000000016165, -0.1958792758983956550, -5.231804981911395203 ) ) ;
#1814 = DIRECTION ( 'NONE',  ( 1.000000000000000000, 0.000000000000000000, 0.000000000000000000 ) ) ;
#1815 = ORIENTED_EDGE ( 'NONE', *, *, #4892, .F. ) ;
#1816 = CARTESIAN_POINT ( 'NONE',  ( -3.300000000000014921, -4.587538820250192551, -4.049999999999998934 ) ) ;
#1817 = ADVANCED_FACE ( 'NONE', ( #1298 ), #6316, .T. ) ;
#1819 = EDGE_CURVE ( 'NONE', #7251, #3474, #5914, .T. ) ;
#1818 = CARTESIAN_POINT ( 'NONE',  ( 2.299999999999998934, 2.300000000000000711, 0.000000000000000000 ) ) ;
#1820 = ORIENTED_EDGE ( 'NONE', *, *, #3321, .F. ) ;
#1821 = VECTOR ( 'NONE', #1344, 1000.000000000000000 ) ;
#1822 = CARTESIAN_POINT ( 'NONE',  ( 3.700000000000016609, -1.874011505843004910, -5.231775586871186157 ) ) ;
#1823 = CARTESIAN_POINT ( 'NONE',  ( -3.300000000000016254, 2.599999999999999645, -4.748279434898257101 ) ) ;
#1824 = DIRECTION ( 'NONE',  ( -1.000000000000000000, 0.000000000000000000, 0.000000000000000000 ) ) ;
#1825 = VERTEX_POINT ( 'NONE', #3535 ) ;
#1826 = DIRECTION ( 'NONE',  ( -0.000000000000000000, -0.000000000000000000, -1.000000000000000000 ) ) ;
#1827 = AXIS2_PLACEMENT_3D ( 'NONE', #208, #2446, #619 ) ;
#1828 = CARTESIAN_POINT ( 'NONE',  ( 3.300000000000016254, -4.587538820250190774, -4.049999999999998934 ) ) ;
#1829 = DIRECTION ( 'NONE',  ( -1.000000000000000000, 0.000000000000000000, 0.000000000000000000 ) ) ;
#1830 = CARTESIAN_POINT ( 'NONE',  ( -4.600000000000014744, -4.587538820250191662, -4.050000000000012257 ) ) ;
#1831 = VECTOR ( 'NONE', #239, 1000.000000000000000 ) ;
#1832 = DIRECTION ( 'NONE',  ( -1.000000000000000000, 0.000000000000000000, 0.000000000000000000 ) ) ;
#1833 = CARTESIAN_POINT ( 'NONE',  ( -3.700000000000002398, -3.500000000000000000, -0.5999999999999977573 ) ) ;
#1834 = CARTESIAN_POINT ( 'NONE',  ( 3.649061435579257218, -1.741316489862833050, -2.850000000000000089 ) ) ;
#1835 = ORIENTED_EDGE ( 'NONE', *, *, #541, .T. ) ;
#1836 = ORIENTED_EDGE ( 'NONE', *, *, #4465, .F. ) ;
#1837 = EDGE_CURVE ( 'NONE', #5280, #5041, #780, .T. ) ;
#1838 = VECTOR ( 'NONE', #760, 1000.000000000000000 ) ;
#1839 = CARTESIAN_POINT ( 'NONE',  ( 0.8499999999999999778, 2.600000000000000533, -2.649999999999999911 ) ) ;
#1840 = EDGE_CURVE ( 'NONE', #2960, #4423, #1720, .T. ) ;
#1841 = DIRECTION ( 'NONE',  ( -0.4472135954999579277, -0.8944271909999158554, 0.000000000000000000 ) ) ;
#1842 = CIRCLE ( 'NONE', #191, 0.6250000000000001110 ) ;
#1843 = PLANE ( 'NONE',  #5768 ) ;
#1844 = ORIENTED_EDGE ( 'NONE', *, *, #292, .F. ) ;
#1845 = EDGE_LOOP ( 'NONE', ( #1882, #5337, #3593, #5501 ) ) ;
#1846 = EDGE_CURVE ( 'NONE', #6248, #3510, #5308, .T. ) ;
#1847 = CIRCLE ( 'NONE', #1611, 0.09999999999999982514 ) ;
#1848 = CARTESIAN_POINT ( 'NONE',  ( 3.300000000000019362, -1.999999999999999556, -5.371878022344844794 ) ) ;
#1849 = CARTESIAN_POINT ( 'NONE',  ( -3.674349783048587614, -0.2166260169596228025, -3.060156501862068446 ) ) ;
#1850 = LINE ( 'NONE', #6463, #1483 ) ;
#1851 = VECTOR ( 'NONE', #4277, 1000.000000000000000 ) ;
#1852 = ORIENTED_EDGE ( 'NONE', *, *, #470, .T. ) ;
#1853 = DIRECTION ( 'NONE',  ( -1.000000000000000000, 0.000000000000000000, 0.000000000000000000 ) ) ;
#1854 = EDGE_CURVE ( 'NONE', #4884, #7240, #3015, .T. ) ;
#1855 = LINE ( 'NONE', #6766, #1299 ) ;
#1856 = DIRECTION ( 'NONE',  ( -4.517509052022934484E-16, 1.000000000000000000, -3.523657060577896116E-15 ) ) ;
#1857 = EDGE_LOOP ( 'NONE', ( #4512, #1252, #4042 ) ) ;
#1858 = CIRCLE ( 'NONE', #4197, 0.6250000000000001110 ) ;
#1859 = ADVANCED_FACE ( 'NONE', ( #272 ), #7006, .T. ) ;
#1860 = CARTESIAN_POINT ( 'NONE',  ( 3.700000000000017053, -0.8789334814492055781, -5.229161585548885327 ) ) ;
#1861 = DIRECTION ( 'NONE',  ( 0.000000000000000000, 0.000000000000000000, -1.000000000000000000 ) ) ;
#1862 = PLANE ( 'NONE',  #6919 ) ;
#1863 = ORIENTED_EDGE ( 'NONE', *, *, #6958, .T. ) ;
#1864 = LINE ( 'NONE', #5101, #5890 ) ;
#1865 = AXIS2_PLACEMENT_3D ( 'NONE', #2517, #6369, #1867 ) ;
#1866 = CARTESIAN_POINT ( 'NONE',  ( -3.700000000000013500, -7.286606874731852201, -5.049999999999998934 ) ) ;
#1867 = DIRECTION ( 'NONE',  ( -1.000000000000000000, 0.000000000000000000, 0.000000000000000000 ) ) ;
#1868 = VECTOR ( 'NONE', #4727, 1000.000000000000000 ) ;
#1869 = CARTESIAN_POINT ( 'NONE',  ( 3.000000000000000000, -1.599999999999999867, -3.100000000000000977 ) ) ;
#1870 = AXIS2_PLACEMENT_3D ( 'NONE', #4811, #3005, #3637 ) ;
#1871 = CARTESIAN_POINT ( 'NONE',  ( -2.299999999999999822, 2.925000000000000711, 0.6500000000000001332 ) ) ;
#1872 = LINE ( 'NONE', #2488, #1868 ) ;
#1873 = FACE_OUTER_BOUND ( 'NONE', #1857, .T. ) ;
#1874 = EDGE_LOOP ( 'NONE', ( #2188, #7148, #6965, #6366 ) ) ;
#1875 = ORIENTED_EDGE ( 'NONE', *, *, #4408, .T. ) ;
#1876 = PLANE ( 'NONE',  #5143 ) ;
#1877 = FACE_OUTER_BOUND ( 'NONE', #1664, .T. ) ;
#1878 = CIRCLE ( 'NONE', #3748, 0.09999999999999939493 ) ;
#1879 = EDGE_CURVE ( 'NONE', #277, #1437, #4536, .T. ) ;
#1880 = AXIS2_PLACEMENT_3D ( 'NONE', #5152, #1248, #5824 ) ;
#1881 = CARTESIAN_POINT ( 'NONE',  ( -3.000000000000000000, -3.000000000000000000, -3.100000000000000977 ) ) ;
#1882 = ORIENTED_EDGE ( 'NONE', *, *, #5223, .T. ) ;
#1883 = CARTESIAN_POINT ( 'NONE',  ( -1.050000000000000711, -2.925000000000000266, 0.6500000000000001332 ) ) ;
#1884 = EDGE_CURVE ( 'NONE', #3822, #2211, #3128, .T. ) ;
#1885 = ORIENTED_EDGE ( 'NONE', *, *, #6430, .F. ) ;
#1886 = EDGE_LOOP ( 'NONE', ( #5444, #2276, #2654, #399 ) ) ;
#1887 = AXIS2_PLACEMENT_3D ( 'NONE', #6515, #2556, #2597 ) ;
#1888 = FACE_OUTER_BOUND ( 'NONE', #6166, .T. ) ;
#1889 = EDGE_CURVE ( 'NONE', #6862, #3909, #7195, .T. ) ;
#1890 = CARTESIAN_POINT ( 'NONE',  ( -3.347349097313216504, -1.000085739001677743, -3.433315822229837888 ) ) ;
#1891 = DIRECTION ( 'NONE',  ( -2.602085213965209064E-15, 1.734723475976804333E-15, 1.000000000000000000 ) ) ;
#1892 = AXIS2_PLACEMENT_3D ( 'NONE', #2656, #1003, #3879 ) ;
#1893 = EDGE_LOOP ( 'NONE', ( #519, #6419, #765, #2169 ) ) ;
#1894 = CARTESIAN_POINT ( 'NONE',  ( -1.350000000000000089, -3.000000000000000000, -2.850000000000000089 ) ) ;
#1895 = CARTESIAN_POINT ( 'NONE',  ( 3.000000000000000000, 3.100000000000000533, -3.200000000000000178 ) ) ;
#1896 = DIRECTION ( 'NONE',  ( -1.000000000000000000, -2.891205793294679017E-15, 0.000000000000000000 ) ) ;
#1897 = ORIENTED_EDGE ( 'NONE', *, *, #4577, .F. ) ;
#1898 = CARTESIAN_POINT ( 'NONE',  ( 3.700000000000017053, -1.000007085056161094, -5.228834137532245130 ) ) ;
#1899 = DIRECTION ( 'NONE',  ( 0.000000000000000000, 1.000000000000000000, 0.000000000000000000 ) ) ;
#1900 = CARTESIAN_POINT ( 'NONE',  ( -3.000000000000000000, -3.000000000000000000, 0.4000000000000000222 ) ) ;
#1901 = VERTEX_POINT ( 'NONE', #4383 ) ;
#1902 = CARTESIAN_POINT ( 'NONE',  ( 2.900000000000000355, -1.599999999999999867, -3.100000000000000977 ) ) ;
#1903 = CARTESIAN_POINT ( 'NONE',  ( 2.300000000000000711, 2.636572800445907028, 0.9000000000000001332 ) ) ;
#1904 = CARTESIAN_POINT ( 'NONE',  ( 2.900000000000000799, 2.400000000000000355, -2.850000000000000089 ) ) ;
#1905 = LINE ( 'NONE', #1977, #1838 ) ;
#1906 = LINE ( 'NONE', #763, #6113 ) ;
#1907 = CARTESIAN_POINT ( 'NONE',  ( -0.8499999999999999778, -2.600000000000000533, -2.850000000000000089 ) ) ;
#1908 = ORIENTED_EDGE ( 'NONE', *, *, #1594, .F. ) ;
#1909 = VERTEX_POINT ( 'NONE', #1037 ) ;
#1910 = EDGE_CURVE ( 'NONE', #7083, #4207, #6643, .T. ) ;
#1911 = EDGE_CURVE ( 'NONE', #6613, #1739, #7048, .T. ) ;
#1912 = FACE_OUTER_BOUND ( 'NONE', #5750, .T. ) ;
#1913 = SPHERICAL_SURFACE ( 'NONE', #3156, 0.1000000000000000056 ) ;
#1914 = SPHERICAL_SURFACE ( 'NONE', #1762, 0.1000000000000000056 ) ;
#1915 = EDGE_LOOP ( 'NONE', ( #6792, #6079, #4198, #3345 ) ) ;
#1916 = DIRECTION ( 'NONE',  ( -1.000000000000000000, 0.000000000000000000, 0.000000000000000000 ) ) ;
#1917 = ORIENTED_EDGE ( 'NONE', *, *, #5446, .F. ) ;
#1918 = ORIENTED_EDGE ( 'NONE', *, *, #3315, .F. ) ;
#1919 = ADVANCED_FACE ( 'NONE', ( #2540 ), #931, .T. ) ;
#1920 = CARTESIAN_POINT ( 'NONE',  ( -2.936398330017312652, -1.000000000000000444, -3.363715893440616611 ) ) ;
#1921 = CARTESIAN_POINT ( 'NONE',  ( -3.700000000000009504, -0.09371311001840530730, -3.060156501862067557 ) ) ;
#1922 = DIRECTION ( 'NONE',  ( -0.000000000000000000, -0.000000000000000000, -1.000000000000000000 ) ) ;
#1923 = ORIENTED_EDGE ( 'NONE', *, *, #4684, .T. ) ;
#1924 = DIRECTION ( 'NONE',  ( -0.3303504247281062178, -0.9438583563660173370, 0.000000000000000000 ) ) ;
#1925 =( BOUNDED_CURVE ( )  B_SPLINE_CURVE ( 3, ( #6887, #185, #6923, #3452 ),
 .UNSPECIFIED., .F., .T. ) 
 B_SPLINE_CURVE_WITH_KNOTS ( ( 4, 4 ),
 ( 0.000000000000000000, 1.570796326794896558 ),
 .UNSPECIFIED. ) 
 CURVE ( )  GEOMETRIC_REPRESENTATION_ITEM ( )  RATIONAL_B_SPLINE_CURVE ( ( 1.000000000000000000, 0.8047378541243649375, 0.8047378541243649375, 1.000000000000000000 ) ) 
 REPRESENTATION_ITEM ( '' )  );
#1926 = CARTESIAN_POINT ( 'NONE',  ( -2.828233073500719286, -1.000000000000000444, -2.850000000000003642 ) ) ;
#1927 = DIRECTION ( 'NONE',  ( 0.000000000000000000, 0.000000000000000000, -1.000000000000000000 ) ) ;
#1928 = EDGE_CURVE ( 'NONE', #7259, #2000, #3835, .T. ) ;
#1929 = ORIENTED_EDGE ( 'NONE', *, *, #6060, .T. ) ;
#1930 = VECTOR ( 'NONE', #7287, 1000.000000000000000 ) ;
#1931 = CARTESIAN_POINT ( 'NONE',  ( 3.700000000000018385, -0.08333333333333210746, -5.371878022344837689 ) ) ;
#1932 = DIRECTION ( 'NONE',  ( 0.3303504247281062178, 0.9438583563660173370, 0.000000000000000000 ) ) ;
#1933 = LINE ( 'NONE', #1900, #2443 ) ;
#1934 = ORIENTED_EDGE ( 'NONE', *, *, #6160, .T. ) ;
#1935 = FACE_OUTER_BOUND ( 'NONE', #301, .T. ) ;
#1936 = DIRECTION ( 'NONE',  ( -1.000000000000000000, -8.673617379884032317E-15, -1.880790961315662535E-29 ) ) ;
#1937 = EDGE_CURVE ( 'NONE', #5329, #5539, #968, .T. ) ;
#1938 = CARTESIAN_POINT ( 'NONE',  ( -3.000000000000000000, 1.600000000000000755, -3.100000000000000977 ) ) ;
#1939 = CYLINDRICAL_SURFACE ( 'NONE', #5478, 0.09999999999999982514 ) ;
#1940 = AXIS2_PLACEMENT_3D ( 'NONE', #3071, #5322, #7022 ) ;
#1941 = CARTESIAN_POINT ( 'NONE',  ( 1.350000000000000089, 2.900000000000000355, -3.100000000000000977 ) ) ;
#1942 = CARTESIAN_POINT ( 'NONE',  ( 2.299999999999999822, -2.925000000000000711, 0.6500000000000001332 ) ) ;
#1943 = ORIENTED_EDGE ( 'NONE', *, *, #1759, .T. ) ;
#1944 = ORIENTED_EDGE ( 'NONE', *, *, #278, .F. ) ;
#1945 = EDGE_CURVE ( 'NONE', #1180, #6200, #4780, .T. ) ;
#1946 = AXIS2_PLACEMENT_3D ( 'NONE', #1333, #33, #1369 ) ;
#1947 = DIRECTION ( 'NONE',  ( 0.000000000000000000, 1.000000000000000000, 0.000000000000000000 ) ) ;
#1948 = CIRCLE ( 'NONE', #3805, 0.09999999999999982514 ) ;
#1949 = DIRECTION ( 'NONE',  ( -1.000000000000000000, 0.000000000000000000, 0.000000000000000000 ) ) ;
#1950 = EDGE_CURVE ( 'NONE', #4290, #1403, #6673, .T. ) ;
#1951 = DIRECTION ( 'NONE',  ( -1.000000000000000000, 0.000000000000000000, 0.000000000000000000 ) ) ;
#1952 = ORIENTED_EDGE ( 'NONE', *, *, #6776, .F. ) ;
#1953 = DIRECTION ( 'NONE',  ( -1.000000000000000000, -6.439293542825908723E-15, 5.585196838722984675E-30 ) ) ;
#1954 = VECTOR ( 'NONE', #5552, 1000.000000000000000 ) ;
#1955 = ORIENTED_EDGE ( 'NONE', *, *, #6182, .F. ) ;
#1956 = ORIENTED_EDGE ( 'NONE', *, *, #499, .F. ) ;
#1957 = CARTESIAN_POINT ( 'NONE',  ( 3.700000000000016165, -3.999999999999998224, -4.049999999999998934 ) ) ;
#1958 = VECTOR ( 'NONE', #307, 1000.000000000000000 ) ;
#1959 = CARTESIAN_POINT ( 'NONE',  ( 2.299999999999999822, 2.299999999999999822, 0.9000000000000001332 ) ) ;
#1960 = DIRECTION ( 'NONE',  ( 1.000000000000000000, 0.000000000000000000, 0.000000000000000000 ) ) ;
#1961 = VERTEX_POINT ( 'NONE', #7156 ) ;
#1962 = CARTESIAN_POINT ( 'NONE',  ( 2.899999999999999911, -2.499999999999999556, -3.100000000000000977 ) ) ;
#1963 = LINE ( 'NONE', #7088, #4586 ) ;
#1964 = VECTOR ( 'NONE', #5718, 1000.000000000000000 ) ;
#1965 = DIRECTION ( 'NONE',  ( -1.000000000000000000, 0.000000000000000000, 0.000000000000000000 ) ) ;
#1966 = ORIENTED_EDGE ( 'NONE', *, *, #6100, .T. ) ;
#1967 = AXIS2_PLACEMENT_3D ( 'NONE', #661, #2900, #5150 ) ;
#1968 = CARTESIAN_POINT ( 'NONE',  ( 3.612008547451134088, -0.3776914841118527155, -3.433741125930354077 ) ) ;
#1969 = ADVANCED_FACE ( 'NONE', ( #5456 ), #1520, .F. ) ;
#1970 = DIRECTION ( 'NONE',  ( 1.000000000000000000, -2.891205793294679017E-15, 0.000000000000000000 ) ) ;
#1971 = DIRECTION ( 'NONE',  ( -0.000000000000000000, -0.000000000000000000, -1.000000000000000000 ) ) ;
#1972 = VERTEX_POINT ( 'NONE', #5947 ) ;
#1973 = CARTESIAN_POINT ( 'NONE',  ( 3.700000000000004174, -3.499999999999998668, -0.5999999999999973133 ) ) ;
#1974 = EDGE_CURVE ( 'NONE', #1549, #161, #347, .T. ) ;
#1975 = DIRECTION ( 'NONE',  ( -0.000000000000000000, -1.000000000000000000, -0.000000000000000000 ) ) ;
#1976 = CARTESIAN_POINT ( 'NONE',  ( -4.600000000000014744, -4.587538820250191662, -4.049999999999998934 ) ) ;
#1977 = CARTESIAN_POINT ( 'NONE',  ( 9.570888143320321804E-16, -1.600000000000001199, -3.200000000000000178 ) ) ;
#1978 = EDGE_CURVE ( 'NONE', #405, #489, #2585, .T. ) ;
#1979 = AXIS2_PLACEMENT_3D ( 'NONE', #5781, #5212, #726 ) ;
#1980 = CARTESIAN_POINT ( 'NONE',  ( -2.299999999999999822, -2.299999999999999822, 0.9000000000000001332 ) ) ;
#1981 = DIRECTION ( 'NONE',  ( -1.000000000000000000, 8.972707634362798240E-16, 0.000000000000000000 ) ) ;
#1982 = DIRECTION ( 'NONE',  ( -1.000000000000000000, -4.517509052022934484E-16, -3.491481338843133355E-15 ) ) ;
#1983 = ORIENTED_EDGE ( 'NONE', *, *, #4802, .F. ) ;
#1984 = ORIENTED_EDGE ( 'NONE', *, *, #832, .F. ) ;
#1985 = AXIS2_PLACEMENT_3D ( 'NONE', #6848, #3552, #4040 ) ;
#1986 = AXIS2_PLACEMENT_3D ( 'NONE', #3901, #1578, #6014 ) ;
#1987 = DIRECTION ( 'NONE',  ( 1.000000000000000000, 8.673617379884050263E-16, 3.496552006265757716E-15 ) ) ;
#1988 = CARTESIAN_POINT ( 'NONE',  ( -2.299999999999999822, -2.299999999999999822, 0.4000000000000000222 ) ) ;
#1989 = CARTESIAN_POINT ( 'NONE',  ( 0.000000000000000000, 0.000000000000000000, 0.000000000000000000 ) ) ;
#1990 = ORIENTED_EDGE ( 'NONE', *, *, #5805, .F. ) ;
#1992 = AXIS2_PLACEMENT_3D ( 'NONE', #2761, #6133, #6089 ) ;
#1991 = CARTESIAN_POINT ( 'NONE',  ( 3.300000000000010036, -0.09418335084988774253, -2.850000000000001865 ) ) ;
#1993 = ORIENTED_EDGE ( 'NONE', *, *, #5395, .F. ) ;
#1994 = VERTEX_POINT ( 'NONE', #4891 ) ;
#1995 = ADVANCED_FACE ( 'NONE', ( #4305 ), #4346, .T. ) ;
#1996 = VECTOR ( 'NONE', #258, 1000.000000000000000 ) ;
#1997 =( LENGTH_UNIT ( ) NAMED_UNIT ( * ) SI_UNIT ( .MILLI., .METRE. ) );
#1998 = CARTESIAN_POINT ( 'NONE',  ( -3.700000000000009948, -4.065758146820642121E-16, -3.060156501862068446 ) ) ;
#1999 = DIRECTION ( 'NONE',  ( 1.000000000000000000, 0.000000000000000000, -2.891205793294673889E-15 ) ) ;
#2000 = VERTEX_POINT ( 'NONE', #2033 ) ;
#2001 = EDGE_LOOP ( 'NONE', ( #5683, #3864, #1674, #1104 ) ) ;
#2002 = VECTOR ( 'NONE', #2889, 1000.000000000000000 ) ;
#2003 = DIRECTION ( 'NONE',  ( 0.000000000000000000, 0.000000000000000000, 1.000000000000000000 ) ) ;
#2004 = LINE ( 'NONE', #898, #1473 ) ;
#2005 = ADVANCED_FACE ( 'NONE', ( #6574 ), #4271, .T. ) ;
#2006 = VERTEX_POINT ( 'NONE', #6056 ) ;
#2007 = VECTOR ( 'NONE', #4895, 1000.000000000000000 ) ;
#2008 = CARTESIAN_POINT ( 'NONE',  ( 3.625465885078906325, -0.5303152829326954754, -4.601379746497314294 ) ) ;
#2009 = DIRECTION ( 'NONE',  ( -0.000000000000000000, -0.000000000000000000, -1.000000000000000000 ) ) ;
#2010 = LINE ( 'NONE', #4102, #4331 ) ;
#2011 = ORIENTED_EDGE ( 'NONE', *, *, #3817, .F. ) ;
#2012 = DIRECTION ( 'NONE',  ( 0.000000000000000000, 1.000000000000000000, 0.000000000000000000 ) ) ;
#2013 = LINE ( 'NONE', #3662, #649 ) ;
#2014 = FACE_OUTER_BOUND ( 'NONE', #944, .T. ) ;
#2015 = EDGE_CURVE ( 'NONE', #7240, #7224, #2691, .T. ) ;
#2016 = DIRECTION ( 'NONE',  ( 1.000000000000000000, 0.000000000000000000, 0.000000000000000000 ) ) ;
#2017 = CARTESIAN_POINT ( 'NONE',  ( -3.000000000000000000, 3.000000000000000000, -3.100000000000000977 ) ) ;
#2018 = DIRECTION ( 'NONE',  ( 0.3363363969981568724, -0.9417419115948372221, 0.000000000000000000 ) ) ;
#2019 = DIRECTION ( 'NONE',  ( 0.000000000000000000, 0.000000000000000000, 1.000000000000000000 ) ) ;
#2020 = ORIENTED_EDGE ( 'NONE', *, *, #7068, .T. ) ;
#2021 = VERTEX_POINT ( 'NONE', #7230 ) ;
#2022 = EDGE_CURVE ( 'NONE', #2101, #2682, #6171, .T. ) ;
#2023 = FACE_OUTER_BOUND ( 'NONE', #6648, .T. ) ;
#2024 = CARTESIAN_POINT ( 'NONE',  ( -2.600000000000000533, 3.100000000000000533, -1.900000000000000133 ) ) ;
#2025 = LINE ( 'NONE', #3672, #594 ) ;
#2026 = ORIENTED_EDGE ( 'NONE', *, *, #5900, .T. ) ;
#2027 = CARTESIAN_POINT ( 'NONE',  ( 1.450000000000000178, 0.000000000000000000, -2.850000000000000089 ) ) ;
#2028 = EDGE_LOOP ( 'NONE', ( #6496, #3660, #1771 ) ) ;
#2029 = ORIENTED_EDGE ( 'NONE', *, *, #2248, .F. ) ;
#2030 = ADVANCED_FACE ( 'NONE', ( #602 ), #2842, .T. ) ;
#2031 = CARTESIAN_POINT ( 'NONE',  ( -3.278597828075716869, -1.797246988481830732, -2.849999999999999201 ) ) ;
#2032 = CARTESIAN_POINT ( 'NONE',  ( 1.149999999999999911, 2.900000000000000355, -2.850000000000000089 ) ) ;
#2033 = CARTESIAN_POINT ( 'NONE',  ( -3.352432279564657946, -6.983904117433510805, -4.049999999999999822 ) ) ;
#2034 = VERTEX_POINT ( 'NONE', #2318 ) ;
#2035 = ORIENTED_EDGE ( 'NONE', *, *, #1640, .T. ) ;
#2036 = CARTESIAN_POINT ( 'NONE',  ( -3.000000000000000000, -3.000000000000000000, -3.100000000000000977 ) ) ;
#2037 = LINE ( 'NONE', #5839, #6193 ) ;
#2038 = VERTEX_POINT ( 'NONE', #2283 ) ;
#2039 = LINE ( 'NONE', #354, #899 ) ;
#2040 = EDGE_CURVE ( 'NONE', #1453, #131, #7139, .T. ) ;
#2041 = CARTESIAN_POINT ( 'NONE',  ( 3.700000000000017497, -7.286606874731850425, -5.049999999999998934 ) ) ;
#2042 = CYLINDRICAL_SURFACE ( 'NONE', #810, 0.09999999999999982514 ) ;
#2043 = ORIENTED_EDGE ( 'NONE', *, *, #2058, .F. ) ;
#2044 = LINE ( 'NONE', #4902, #4698 ) ;
#2045 = CARTESIAN_POINT ( 'NONE',  ( 3.700000000000004174, -3.999999999999998224, -0.5999999999999976463 ) ) ;
#2046 = FACE_OUTER_BOUND ( 'NONE', #2060, .T. ) ;
#2047 = DIRECTION ( 'NONE',  ( -0.000000000000000000, -0.000000000000000000, -1.000000000000000000 ) ) ;
#2048 = CARTESIAN_POINT ( 'NONE',  ( 8.972707634362802184E-16, -1.500000000000001110, -2.850000000000000089 ) ) ;
#2049 = DIRECTION ( 'NONE',  ( -1.000000000000000000, 1.611452925619907854E-15, 1.074301950413271771E-15 ) ) ;
#2050 = AXIS2_PLACEMENT_3D ( 'NONE', #4482, #5630, #2826 ) ;
#2051 = VERTEX_POINT ( 'NONE', #6682 ) ;
#2052 = VERTEX_POINT ( 'NONE', #1778 ) ;
#2053 = LINE ( 'NONE', #4367, #4318 ) ;
#2054 = DIRECTION ( 'NONE',  ( -1.000000000000000000, 0.000000000000000000, 0.000000000000000000 ) ) ;
#2055 = VECTOR ( 'NONE', #6152, 1000.000000000000000 ) ;
#2056 = CARTESIAN_POINT ( 'NONE',  ( 2.900000000000000355, 1.600000000000000089, -3.100000000000000977 ) ) ;
#2057 = ORIENTED_EDGE ( 'NONE', *, *, #1978, .F. ) ;
#2058 = EDGE_CURVE ( 'NONE', #100, #3, #3352, .T. ) ;
#2059 = CARTESIAN_POINT ( 'NONE',  ( 3.300000000000010925, -1.905816649150110509, -2.850000000000001865 ) ) ;
#2060 = EDGE_LOOP ( 'NONE', ( #349, #718, #1075, #1219 ) ) ;
#2061 = EDGE_LOOP ( 'NONE', ( #3485, #4527, #5652, #4451, #4956 ) ) ;
#2062 = VECTOR ( 'NONE', #2268, 1000.000000000000000 ) ;
#2063 = ADVANCED_FACE ( 'NONE', ( #6277 ), #5650, .T. ) ;
#2064 = LINE ( 'NONE', #4191, #2218 ) ;
#2065 = ORIENTED_EDGE ( 'NONE', *, *, #2542, .T. ) ;
#2066 = VECTOR ( 'NONE', #2085, 1000.000000000000000 ) ;
#2067 = DIRECTION ( 'NONE',  ( -0.000000000000000000, -0.000000000000000000, -1.000000000000000000 ) ) ;
#2068 = CARTESIAN_POINT ( 'NONE',  ( -3.700000000000014388, -4.000000000000002665, -5.049999999999998934 ) ) ;
#2069 = EDGE_CURVE ( 'NONE', #1140, #186, #19, .T. ) ;
#2070 = ORIENTED_EDGE ( 'NONE', *, *, #4062, .F. ) ;
#2071 = PRODUCT_DEFINITION_SHAPE ( 'NONE', 'NONE',  #771 ) ;
#2072 = ORIENTED_EDGE ( 'NONE', *, *, #492, .T. ) ;
#2073 = APPLICATION_PROTOCOL_DEFINITION ( 'draft international standard', 'automotive_design', 1998, #1646 ) ;
#2074 = CARTESIAN_POINT ( 'NONE',  ( 0.000000000000000000, 0.000000000000000000, 0.4000000000000000222 ) ) ;
#2075 = VECTOR ( 'NONE', #6690, 1000.000000000000000 ) ;
#2076 = ORIENTED_EDGE ( 'NONE', *, *, #3683, .F. ) ;
#2077 = CARTESIAN_POINT ( 'NONE',  ( 2.925000000000000266, 2.299999999999999822, 0.6500000000000001332 ) ) ;
#2078 = AXIS2_PLACEMENT_3D ( 'NONE', #4420, #2804, #1702 ) ;
#2079 = DIRECTION ( 'NONE',  ( 0.000000000000000000, 0.000000000000000000, -1.000000000000000000 ) ) ;
#2080 = ORIENTED_EDGE ( 'NONE', *, *, #4595, .F. ) ;
#2081 = CARTESIAN_POINT ( 'NONE',  ( 2.299999999999999378, -2.636572800445907916, 0.9000000000000001332 ) ) ;
#2082 = FACE_OUTER_BOUND ( 'NONE', #1621, .T. ) ;
#2083 = AXIS2_PLACEMENT_3D ( 'NONE', #4247, #316, #833 ) ;
#2084 = ADVANCED_FACE ( 'NONE', ( #5117 ), #6245, .T. ) ;
#2085 = DIRECTION ( 'NONE',  ( -1.000000000000000000, 0.000000000000000000, 0.000000000000000000 ) ) ;
#2086 = CARTESIAN_POINT ( 'NONE',  ( -2.299999999999999822, -2.299999999999999822, 0.000000000000000000 ) ) ;
#2087 = CARTESIAN_POINT ( 'NONE',  ( 1.149999999999999911, 2.900000000000000355, -3.200000000000000178 ) ) ;
#2088 = CARTESIAN_POINT ( 'NONE',  ( 2.299999999999999378, 2.300000000000000266, 0.9000000000000001332 ) ) ;
#2089 = AXIS2_PLACEMENT_3D ( 'NONE', #515, #4333, #6121 ) ;
#2090 = ORIENTED_EDGE ( 'NONE', *, *, #7164, .F. ) ;
#2091 = ORIENTED_EDGE ( 'NONE', *, *, #5709, .T. ) ;
#2092 = CARTESIAN_POINT ( 'NONE',  ( 2.075000000000000178, -8.000000000000000000, -2.200000000000000178 ) ) ;
#2093 = VERTEX_POINT ( 'NONE', #496 ) ;
#2094 = B_SPLINE_CURVE_WITH_KNOTS ( 'NONE', 2,
 ( #7069, #912, #1980 ),
 .UNSPECIFIED., .F., .F.,
 ( 3, 3 ),
 ( 0.000000000000000000, 1.000000000000000000 ),
 .UNSPECIFIED. ) ;
#2095 = DIRECTION ( 'NONE',  ( 0.000000000000000000, -0.000000000000000000, 1.000000000000000000 ) ) ;
#2096 = VECTOR ( 'NONE', #5791, 1000.000000000000000 ) ;
#2097 = CARTESIAN_POINT ( 'NONE',  ( -3.729129044202594390, -7.118438676232775819, -4.049999999999998934 ) ) ;
#2098 = ORIENTED_EDGE ( 'NONE', *, *, #6966, .F. ) ;
#2099 = FACE_OUTER_BOUND ( 'NONE', #5374, .T. ) ;
#2100 = ORIENTED_EDGE ( 'NONE', *, *, #2377, .F. ) ;
#2101 = VERTEX_POINT ( 'NONE', #3875 ) ;
#2102 = AXIS2_PLACEMENT_3D ( 'NONE', #5107, #2345, #3518 ) ;
#2103 = AXIS2_PLACEMENT_3D ( 'NONE', #5333, #7108, #295 ) ;
#2104 = DIRECTION ( 'NONE',  ( -0.000000000000000000, -0.000000000000000000, -1.000000000000000000 ) ) ;
#2105 = FACE_OUTER_BOUND ( 'NONE', #2442, .T. ) ;
#2106 = ORIENTED_EDGE ( 'NONE', *, *, #1197, .T. ) ;
#2107 = VECTOR ( 'NONE', #3921, 1000.000000000000000 ) ;
#2108 = CARTESIAN_POINT ( 'NONE',  ( 2.299999999999999822, -1.674999999999999822, 0.6500000000000001332 ) ) ;
#2109 = DIRECTION ( 'NONE',  ( -0.000000000000000000, -0.000000000000000000, -1.000000000000000000 ) ) ;
#2110 = ORIENTED_EDGE ( 'NONE', *, *, #3331, .F. ) ;
#2111 = ORIENTED_EDGE ( 'NONE', *, *, #1395, .T. ) ;
#2112 = DIRECTION ( 'NONE',  ( 1.000000000000000000, -5.987542637623615472E-15, 5.585196838722984675E-30 ) ) ;
#2113 = VECTOR ( 'NONE', #1982, 1000.000000000000000 ) ;
#2114 = AXIS2_PLACEMENT_3D ( 'NONE', #4238, #3091, #5873 ) ;
#2115 = EDGE_CURVE ( 'NONE', #2778, #7123, #1847, .T. ) ;
#2116 = ORIENTED_EDGE ( 'NONE', *, *, #2548, .F. ) ;
#2117 = LINE ( 'NONE', #4354, #5725 ) ;
#2118 = AXIS2_PLACEMENT_3D ( 'NONE', #3811, #6074, #3258 ) ;
#2119 = CIRCLE ( 'NONE', #4344, 0.6250000000000001110 ) ;
#2120 = FACE_OUTER_BOUND ( 'NONE', #3424, .T. ) ;
#2121 = VERTEX_POINT ( 'NONE', #3980 ) ;
#2122 = CARTESIAN_POINT ( 'NONE',  ( 1.049999999999999378, -1.675000000000000933, 0.6500000000000001332 ) ) ;
#2123 = DIRECTION ( 'NONE',  ( -0.000000000000000000, -0.000000000000000000, -1.000000000000000000 ) ) ;
#2124 = VECTOR ( 'NONE', #2818, 1000.000000000000000 ) ;
#2125 = EDGE_CURVE ( 'NONE', #4559, #6051, #6757, .T. ) ;
#2126 = FACE_OUTER_BOUND ( 'NONE', #5756, .T. ) ;
#2127 = CARTESIAN_POINT ( 'NONE',  ( -1.350000000000000089, 3.000000000000000000, -3.100000000000000977 ) ) ;
#2128 = CARTESIAN_POINT ( 'NONE',  ( 2.899999999999999467, -1.499999999999999334, -2.850000000000000089 ) ) ;
#2129 = LINE ( 'NONE', #1686, #5766 ) ;
#2130 = VERTEX_POINT ( 'NONE', #6207 ) ;
#2131 = EDGE_LOOP ( 'NONE', ( #2658, #6671, #6499, #708 ) ) ;
#2132 = DIRECTION ( 'NONE',  ( 1.000000000000000000, 2.093631781351319655E-15, 0.000000000000000000 ) ) ;
#2133 = VERTEX_POINT ( 'NONE', #1149 ) ;
#2134 = SPHERICAL_SURFACE ( 'NONE', #5872, 0.1000000000000000056 ) ;
#2135 = DIRECTION ( 'NONE',  ( -1.000000000000000000, 0.000000000000000000, 0.000000000000000000 ) ) ;
#2136 = ORIENTED_EDGE ( 'NONE', *, *, #866, .T. ) ;
#2137 =( NAMED_UNIT ( * ) PLANE_ANGLE_UNIT ( ) SI_UNIT ( $, .RADIAN. ) );
#2138 = EDGE_CURVE ( 'NONE', #5641, #2612, #3391, .T. ) ;
#2139 = VERTEX_POINT ( 'NONE', #631 ) ;
#2140 = EDGE_LOOP ( 'NONE', ( #2975, #960, #408, #2149 ) ) ;
#2141 = CARTESIAN_POINT ( 'NONE',  ( -0.8499999999999999778, 0.4833333333333333925, -2.799999999999999822 ) ) ;
#2142 = CARTESIAN_POINT ( 'NONE',  ( -3.300000000000015810, -2.000000000000000888, -4.391147680321848767 ) ) ;
#2143 = EDGE_LOOP ( 'NONE', ( #3283, #2525, #1266, #3304 ) ) ;
#2144 = DIRECTION ( 'NONE',  ( -1.000000000000000000, 0.000000000000000000, 0.000000000000000000 ) ) ;
#2145 = DIRECTION ( 'NONE',  ( 0.000000000000000000, 1.000000000000000000, 0.000000000000000000 ) ) ;
#2146 = ORIENTED_EDGE ( 'NONE', *, *, #7199, .F. ) ;
#2147 = ORIENTED_EDGE ( 'NONE', *, *, #5119, .F. ) ;
#2148 = CARTESIAN_POINT ( 'NONE',  ( 3.300000000000012701, -1.999999999999999556, -3.363715893440616611 ) ) ;
#2149 = ORIENTED_EDGE ( 'NONE', *, *, #6709, .T. ) ;
#2150 = CARTESIAN_POINT ( 'NONE',  ( -3.685051546484062079, -1.635703364144518668, -5.021554705230492743 ) ) ;
#2151 = CARTESIAN_POINT ( 'NONE',  ( 3.700000000000016609, 1.237797480254291657E-15, -5.231773687770122194 ) ) ;
#2152 = DIRECTION ( 'NONE',  ( -0.3363363969981563173, -0.9417419115948373332, 0.000000000000000000 ) ) ;
#2153 = ORIENTED_EDGE ( 'NONE', *, *, #4717, .F. ) ;
#2154 = EDGE_CURVE ( 'NONE', #2034, #3089, #5571, .T. ) ;
#2155 = CARTESIAN_POINT ( 'NONE',  ( 3.657366486774653147, -5.832766962299167801, -4.049999999999998934 ) ) ;
#2156 = DIRECTION ( 'NONE',  ( -0.000000000000000000, -0.000000000000000000, -1.000000000000000000 ) ) ;
#2157 = DIRECTION ( 'NONE',  ( -3.491481338843133355E-15, -0.000000000000000000, -1.000000000000000000 ) ) ;
#2158 = DIRECTION ( 'NONE',  ( 0.000000000000000000, 1.000000000000000000, 0.000000000000000000 ) ) ;
#2159 = DIRECTION ( 'NONE',  ( -0.000000000000000000, -0.000000000000000000, -1.000000000000000000 ) ) ;
#2160 = EDGE_CURVE ( 'NONE', #3715, #1211, #1671, .T. ) ;
#2161 = DIRECTION ( 'NONE',  ( 0.000000000000000000, 3.469446951953618922E-15, 1.000000000000000000 ) ) ;
#2162 = ADVANCED_FACE ( 'NONE', ( #2729 ), #6826, .T. ) ;
#2163 = VERTEX_POINT ( 'NONE', #6139 ) ;
#2164 = CARTESIAN_POINT ( 'NONE',  ( -2.299999999999999822, 2.299999999999999822, 0.000000000000000000 ) ) ;
#2165 = EDGE_LOOP ( 'NONE', ( #3554, #2662, #4481, #3232 ) ) ;
#2166 = CARTESIAN_POINT ( 'NONE',  ( 0.000000000000000000, 0.000000000000000000, -2.850000000000000089 ) ) ;
#2167 = ORIENTED_EDGE ( 'NONE', *, *, #1730, .T. ) ;
#2168 = FILL_AREA_STYLE ('',( #5601 ) ) ;
#2169 = ORIENTED_EDGE ( 'NONE', *, *, #5811, .T. ) ;
#2170 = ORIENTED_EDGE ( 'NONE', *, *, #6037, .F. ) ;
#2171 = CARTESIAN_POINT ( 'NONE',  ( 2.300000000000000266, 1.674999999999999822, 0.6500000000000001332 ) ) ;
#2172 = CARTESIAN_POINT ( 'NONE',  ( -3.300000000000018474, -1.905816649150112285, -5.371878022344844794 ) ) ;
#2173 = EDGE_CURVE ( 'NONE', #7044, #277, #5008, .T. ) ;
#2174 = ORIENTED_EDGE ( 'NONE', *, *, #900, .T. ) ;
#2175 = DIRECTION ( 'NONE',  ( 1.000000000000000000, 0.000000000000000000, 0.000000000000000000 ) ) ;
#2176 = CARTESIAN_POINT ( 'NONE',  ( -2.425000000000000266, -8.000000000000000000, -3.060232526704262934 ) ) ;
#2177 = VECTOR ( 'NONE', #6067, 1000.000000000000000 ) ;
#2178 = ORIENTED_EDGE ( 'NONE', *, *, #395, .T. ) ;
#2179 = ORIENTED_EDGE ( 'NONE', *, *, #4849, .T. ) ;
#2180 = DIRECTION ( 'NONE',  ( 1.000000000000000000, 0.000000000000000000, 0.000000000000000000 ) ) ;
#2181 = CARTESIAN_POINT ( 'NONE',  ( 2.900000000000000799, 2.400000000000000355, -3.100000000000000977 ) ) ;
#2182 = ORIENTED_EDGE ( 'NONE', *, *, #1945, .T. ) ;
#2183 = AXIS2_PLACEMENT_3D ( 'NONE', #6676, #1622, #3868 ) ;
#2184 = EDGE_CURVE ( 'NONE', #997, #6594, #5361, .T. ) ;
#2185 = CARTESIAN_POINT ( 'NONE',  ( -3.367072820786987108, -1.129146899646782165, -3.433365929902293168 ) ) ;
#2186 = CARTESIAN_POINT ( 'NONE',  ( -3.300000000000001599, -3.500000000000000444, -0.5999999999999989786 ) ) ;
#2187 = DIRECTION ( 'NONE',  ( 0.000000000000000000, -1.000000000000000000, 0.000000000000000000 ) ) ;
#2188 = ORIENTED_EDGE ( 'NONE', *, *, #1535, .T. ) ;
#2189 = DIRECTION ( 'NONE',  ( -0.000000000000000000, -1.000000000000000000, -0.000000000000000000 ) ) ;
#2190 = AXIS2_PLACEMENT_3D ( 'NONE', #6952, #3664, #3106 ) ;
#2191 = CARTESIAN_POINT ( 'NONE',  ( 0.000000000000000000, -3.000000000000000000, -2.850000000000000089 ) ) ;
#2192 = EDGE_CURVE ( 'NONE', #4523, #2358, #799, .T. ) ;
#2193 = AXIS2_PLACEMENT_3D ( 'NONE', #999, #3829, #1444 ) ;
#2194 = CARTESIAN_POINT ( 'NONE',  ( 3.300000000000012701, 2.600000000000000533, -4.050000000000000711 ) ) ;
#2195 = EDGE_CURVE ( 'NONE', #1574, #2133, #840, .T. ) ;
#2196 = CARTESIAN_POINT ( 'NONE',  ( -1.450000000000000178, -1.599999999999999867, -3.200000000000000178 ) ) ;
#2197 = CARTESIAN_POINT ( 'NONE',  ( 0.8499999999999999778, -2.600000000000000533, -2.649999999999999911 ) ) ;
#2198 = CARTESIAN_POINT ( 'NONE',  ( 2.973145600891812457, 2.636572800445906584, 0.9000000000000002442 ) ) ;
#2199 = EDGE_LOOP ( 'NONE', ( #7267, #4379, #6271, #2466 ) ) ;
#2200 = DIRECTION ( 'NONE',  ( 0.000000000000000000, 0.000000000000000000, 1.000000000000000000 ) ) ;
#2201 = VECTOR ( 'NONE', #1629, 1000.000000000000114 ) ;
#2202 = CARTESIAN_POINT ( 'NONE',  ( -2.299999999999999822, 2.299999999999999822, 0.9000000000000001332 ) ) ;
#2203 = ORIENTED_EDGE ( 'NONE', *, *, #5719, .T. ) ;
#2204 = CARTESIAN_POINT ( 'NONE',  ( 3.300000000000016698, -7.199999999999998401, -5.049999999999998934 ) ) ;
#2205 = ADVANCED_FACE ( 'NONE', ( #4217 ), #6985, .F. ) ;
#2206 = VECTOR ( 'NONE', #4101, 1000.000000000000000 ) ;
#2207 = FACE_OUTER_BOUND ( 'NONE', #1542, .T. ) ;
#2208 = ORIENTED_EDGE ( 'NONE', *, *, #2548, .T. ) ;
#2209 = DIRECTION ( 'NONE',  ( -0.000000000000000000, -0.000000000000000000, -1.000000000000000000 ) ) ;
#2210 = ORIENTED_EDGE ( 'NONE', *, *, #6046, .F. ) ;
#2211 = VERTEX_POINT ( 'NONE', #1348 ) ;
#2212 = CIRCLE ( 'NONE', #6334, 0.09999999999999982514 ) ;
#2213 = CYLINDRICAL_SURFACE ( 'NONE', #235, 0.05000000000000012768 ) ;
#2214 = CARTESIAN_POINT ( 'NONE',  ( -3.202900065305541499, -0.7399490881538851594, -4.858162128904228716 ) ) ;
#2215 = ORIENTED_EDGE ( 'NONE', *, *, #1223, .F. ) ;
#2216 = DIRECTION ( 'NONE',  ( -0.000000000000000000, -0.000000000000000000, -1.000000000000000000 ) ) ;
#2217 = DIRECTION ( 'NONE',  ( -3.491481338843133750E-15, 0.000000000000000000, -1.000000000000000000 ) ) ;
#2218 = VECTOR ( 'NONE', #343, 1000.000000000000000 ) ;
#2219 = ORIENTED_EDGE ( 'NONE', *, *, #6401, .T. ) ;
#2220 = EDGE_LOOP ( 'NONE', ( #217, #3504, #2254, #4747 ) ) ;
#2221 = CARTESIAN_POINT ( 'NONE',  ( 3.300000000000011813, -0.09418335084988774253, -3.363715893440616611 ) ) ;
#2222 = ORIENTED_EDGE ( 'NONE', *, *, #4939, .F. ) ;
#2223 = CIRCLE ( 'NONE', #1870, 0.05000000000000012768 ) ;
#2224 = CARTESIAN_POINT ( 'NONE',  ( -3.700000000000017941, -1.874999999999999334, -5.371878022344834136 ) ) ;
#2225 = CARTESIAN_POINT ( 'NONE',  ( -3.550000000000000266, -1.675000000000000933, 0.6500000000000001332 ) ) ;
#2226 = ORIENTED_EDGE ( 'NONE', *, *, #1945, .F. ) ;
#2227 = AXIS2_PLACEMENT_3D ( 'NONE', #3212, #1565, #4430 ) ;
#2228 = CARTESIAN_POINT ( 'NONE',  ( 3.000000000000001332, -2.999999999999998668, 0.4000000000000000222 ) ) ;
#2229 = AXIS2_PLACEMENT_3D ( 'NONE', #7268, #2216, #2144 ) ;
#2230 = EDGE_CURVE ( 'NONE', #2163, #7189, #5894, .T. ) ;
#2231 = CARTESIAN_POINT ( 'NONE',  ( -1.450000000000000178, 1.499999999999999334, -3.158578643762690152 ) ) ;
#2232 = VECTOR ( 'NONE', #1209, 1000.000000000000114 ) ;
#2233 = VECTOR ( 'NONE', #5747, 1000.000000000000000 ) ;
#2234 = CARTESIAN_POINT ( 'NONE',  ( 3.625786212530448083, -1.469475477398181296, -4.601379507412809211 ) ) ;
#2235 = CARTESIAN_POINT ( 'NONE',  ( -3.200000000000000622, 2.999999999999999556, -0.1000000000000002554 ) ) ;
#2236 = DIRECTION ( 'NONE',  ( 0.000000000000000000, -1.000000000000000000, 0.000000000000000000 ) ) ;
#2237 = FACE_BOUND ( 'NONE', #6523, .T. ) ;
#2238 = ORIENTED_EDGE ( 'NONE', *, *, #1558, .T. ) ;
#2239 = PLANE ( 'NONE',  #2050 ) ;
#2240 = VECTOR ( 'NONE', #3923, 1000.000000000000000 ) ;
#2241 = DIRECTION ( 'NONE',  ( -3.491481338843133355E-15, 0.000000000000000000, -1.000000000000000000 ) ) ;
#2242 = VERTEX_POINT ( 'NONE', #5326 ) ;
#2243 = FACE_OUTER_BOUND ( 'NONE', #1242, .T. ) ;
#2244 = DIRECTION ( 'NONE',  ( -0.000000000000000000, -0.000000000000000000, -1.000000000000000000 ) ) ;
#2245 = CARTESIAN_POINT ( 'NONE',  ( 3.700000000000021938, -0.4999999999999983902, -6.049999999999997158 ) ) ;
#2246 = ORIENTED_EDGE ( 'NONE', *, *, #1974, .T. ) ;
#2247 = EDGE_LOOP ( 'NONE', ( #3064, #639, #2759, #4373 ) ) ;
#2248 = EDGE_CURVE ( 'NONE', #6850, #5297, #1371, .T. ) ;
#2249 = CYLINDRICAL_SURFACE ( 'NONE', #6003, 0.5000000000000017764 ) ;
#2250 = CARTESIAN_POINT ( 'NONE',  ( -3.300000000000018030, -1.259259259259260189, -5.231773687770130188 ) ) ;
#2251 = EDGE_LOOP ( 'NONE', ( #5980, #5073, #5949, #1661 ) ) ;
#2252 = DIRECTION ( 'NONE',  ( -1.000000000000000000, 0.000000000000000000, 0.000000000000000000 ) ) ;
#2253 = CARTESIAN_POINT ( 'NONE',  ( 0.8499999999999999778, -2.600000000000000533, -2.850000000000000089 ) ) ;
#2254 = ORIENTED_EDGE ( 'NONE', *, *, #1527, .T. ) ;
#2255 = ORIENTED_EDGE ( 'NONE', *, *, #4997, .T. ) ;
#2256 = ADVANCED_FACE ( 'NONE', ( #7026 ), #5931, .T. ) ;
#2257 = CARTESIAN_POINT ( 'NONE',  ( 3.191225343168462736, -0.4980837765166420961, -3.830730342022995227 ) ) ;
#2258 = CARTESIAN_POINT ( 'NONE',  ( -3.700000000000015721, -1.637575289437060766, -5.231602688021017578 ) ) ;
#2259 = CARTESIAN_POINT ( 'NONE',  ( 3.300000000000015810, -7.499999999999997335, -4.049999999999998934 ) ) ;
#2260 = ORIENTED_EDGE ( 'NONE', *, *, #49, .T. ) ;
#2261 = CARTESIAN_POINT ( 'NONE',  ( -2.899999999999999911, 2.500000000000000000, -3.100000000000000977 ) ) ;
#2262 = CARTESIAN_POINT ( 'NONE',  ( -0.8499999999999999778, 1.683333333333333348, -2.799999999999999822 ) ) ;
#2263 = EDGE_CURVE ( 'NONE', #4296, #405, #3075, .T. ) ;
#2264 = EDGE_CURVE ( 'NONE', #2523, #5722, #4726, .T. ) ;
#2265 = CARTESIAN_POINT ( 'NONE',  ( 3.695011048408686882, -1.865452594876104930, -3.854081502706202755 ) ) ;
#2266 = LINE ( 'NONE', #167, #89 ) ;
#2267 = CARTESIAN_POINT ( 'NONE',  ( 0.000000000000000000, 3.000000000000000000, 0.4000000000000000222 ) ) ;
#2268 = DIRECTION ( 'NONE',  ( 1.000000000000000000, 2.691812290308837303E-15, 0.000000000000000000 ) ) ;
#2269 = CARTESIAN_POINT ( 'NONE',  ( 3.300000000000015810, -4.000000000000000000, -5.049999999999998934 ) ) ;
#2270 = CARTESIAN_POINT ( 'NONE',  ( -1.899999999999999689, -7.500000000000000000, -1.900000000000000133 ) ) ;
#2271 = CARTESIAN_POINT ( 'NONE',  ( -1.408578643762689930, 2.458578643762693527, -3.200000000000000622 ) ) ;
#2272 = FACE_OUTER_BOUND ( 'NONE', #2604, .T. ) ;
#2273 = DIRECTION ( 'NONE',  ( -0.000000000000000000, -0.000000000000000000, -1.000000000000000000 ) ) ;
#2274 = LINE ( 'NONE', #71, #2233 ) ;
#2275 = DIRECTION ( 'NONE',  ( 0.000000000000000000, 0.000000000000000000, -1.000000000000000000 ) ) ;
#2276 = ORIENTED_EDGE ( 'NONE', *, *, #966, .T. ) ;
#2277 = ORIENTED_EDGE ( 'NONE', *, *, #2125, .F. ) ;
#2278 = CARTESIAN_POINT ( 'NONE',  ( 0.8499999999999999778, 1.733333333333333171, -2.649999999999999911 ) ) ;
#2279 = SURFACE_STYLE_USAGE ( .BOTH. , #6786 ) ;
#2280 = ORIENTED_EDGE ( 'NONE', *, *, #4488, .F. ) ;
#2281 = ADVANCED_FACE ( 'NONE', ( #4254 ), #1459, .T. ) ;
#2282 = DIRECTION ( 'NONE',  ( -1.495451272393801514E-16, -1.000000000000000000, 0.000000000000000000 ) ) ;
#2283 = CARTESIAN_POINT ( 'NONE',  ( -3.300000000000015365, -4.587538820250193439, -5.049999999999998934 ) ) ;
#2284 = EDGE_CURVE ( 'NONE', #360, #6028, #3149, .T. ) ;
#2285 = VERTEX_POINT ( 'NONE', #4836 ) ;
#2286 = EDGE_LOOP ( 'NONE', ( #290, #425, #6408, #2731, #3561 ) ) ;
#2287 = CARTESIAN_POINT ( 'NONE',  ( 3.291664351028914304, -1.795695373969848685, -4.391147680321848767 ) ) ;
#2288 = EDGE_CURVE ( 'NONE', #7149, #6118, #2094, .T. ) ;
#2289 = VECTOR ( 'NONE', #795, 1000.000000000000000 ) ;
#2290 = CARTESIAN_POINT ( 'NONE',  ( -3.700000000000015721, -1.874011505843006686, -5.231775586871186157 ) ) ;
#2291 = LINE ( 'NONE', #4533, #5012 ) ;
#2292 = ORIENTED_EDGE ( 'NONE', *, *, #3330, .T. ) ;
#2293 = CARTESIAN_POINT ( 'NONE',  ( -3.700000000000014388, -3.500000000000000000, -4.049999999999998934 ) ) ;
#2294 = CARTESIAN_POINT ( 'NONE',  ( -3.300000000000014921, -4.000000000000002665, -5.049999999999998934 ) ) ;
#2295 = CIRCLE ( 'NONE', #660, 0.05000000000000012768 ) ;
#2296 = CARTESIAN_POINT ( 'NONE',  ( 3.528303630158646342, -1.465623900666656265, -3.433675352753944754 ) ) ;
#2297 = AXIS2_PLACEMENT_3D ( 'NONE', #4486, #1175, #1207 ) ;
#2298 = FACE_OUTER_BOUND ( 'NONE', #6301, .T. ) ;
#2299 = CARTESIAN_POINT ( 'NONE',  ( -3.300000000000010481, -3.500000000000000444, -3.050000000000000711 ) ) ;
#2300 = CARTESIAN_POINT ( 'NONE',  ( -2.299999999999999822, -2.299999999999999822, 0.6500000000000001332 ) ) ;
#2301 = CARTESIAN_POINT ( 'NONE',  ( -1.350000000000000089, -2.400000000000003908, -3.200000000000000178 ) ) ;
#2302 = EDGE_CURVE ( 'NONE', #2242, #530, #7099, .T. ) ;
#2303 = VECTOR ( 'NONE', #2815, 1000.000000000000000 ) ;
#2304 = FACE_OUTER_BOUND ( 'NONE', #3420, .T. ) ;
#2305 = DIRECTION ( 'NONE',  ( -0.000000000000000000, -0.000000000000000000, -1.000000000000000000 ) ) ;
#2306 = CARTESIAN_POINT ( 'NONE',  ( -3.795015528100091462, -4.990031056200155746, -5.049999999999998934 ) ) ;
#2307 = DIRECTION ( 'NONE',  ( 4.517509052022934484E-16, -1.000000000000000000, 0.000000000000000000 ) ) ;
#2308 = DIRECTION ( 'NONE',  ( -0.000000000000000000, -0.000000000000000000, -1.000000000000000000 ) ) ;
#2309 = CIRCLE ( 'NONE', #323, 0.09999999999999982514 ) ;
#2310 = EDGE_LOOP ( 'NONE', ( #6278, #993, #353, #6566 ) ) ;
#2311 = VERTEX_POINT ( 'NONE', #256 ) ;
#2312 = EDGE_CURVE ( 'NONE', #7259, #5041, #1427, .T. ) ;
#2313 = DIRECTION ( 'NONE',  ( -1.000000000000000000, 0.000000000000000000, 0.000000000000000000 ) ) ;
#2314 = CARTESIAN_POINT ( 'NONE',  ( -2.925000000000000266, 2.299999999999999822, 0.000000000000000000 ) ) ;
#2315 = CIRCLE ( 'NONE', #4080, 0.09999999999999982514 ) ;
#2316 = EDGE_LOOP ( 'NONE', ( #7119, #483, #114, #5287, #5529 ) ) ;
#2317 = CARTESIAN_POINT ( 'NONE',  ( 3.700000000000016165, -3.499999999999998224, -4.049999999999998934 ) ) ;
#2318 = CARTESIAN_POINT ( 'NONE',  ( 0.8499999999999999778, 1.683333333333333348, -2.799999999999999822 ) ) ;
#2319 = ORIENTED_EDGE ( 'NONE', *, *, #5728, .T. ) ;
#2320 = VERTEX_POINT ( 'NONE', #6404 ) ;
#2321 = AXIS2_PLACEMENT_3D ( 'NONE', #1504, #3814, #3194 ) ;
#2322 = SURFACE_STYLE_FILL_AREA ( #87 ) ;
#2323 = EDGE_CURVE ( 'NONE', #5848, #1437, #2309, .T. ) ;
#2324 = CARTESIAN_POINT ( 'NONE',  ( -3.700000000000016609, -1.000007085056162870, -5.228834137532245130 ) ) ;
#2325 = CARTESIAN_POINT ( 'NONE',  ( -2.299999999999999822, 2.299999999999999822, 0.9000000000000001332 ) ) ;
#2326 = ORIENTED_EDGE ( 'NONE', *, *, #4939, .T. ) ;
#2327 = CARTESIAN_POINT ( 'NONE',  ( -0.8499999999999999778, 2.600000000000000533, -2.850000000000000089 ) ) ;
#2328 = CARTESIAN_POINT ( 'NONE',  ( 3.700000000000017497, -7.200000000000001066, -5.049999999999998934 ) ) ;
#2329 = CIRCLE ( 'NONE', #3392, 0.09999999999999982514 ) ;
#2330 = EDGE_CURVE ( 'NONE', #6815, #376, #2356, .T. ) ;
#2331 = AXIS2_PLACEMENT_3D ( 'NONE', #5300, #7034, #2054 ) ;
#2332 = CARTESIAN_POINT ( 'NONE',  ( 3.700000000000012168, -1.956018306750908042, -4.274394068176243344 ) ) ;
#2333 = VECTOR ( 'NONE', #3601, 1000.000000000000000 ) ;
#2334 = VECTOR ( 'NONE', #2067, 1000.000000000000000 ) ;
#2335 = CARTESIAN_POINT ( 'NONE',  ( -1.450000000000000178, 1.500000000000000000, -3.100000000000000977 ) ) ;
#2336 = LINE ( 'NONE', #168, #6810 ) ;
#2337 = ORIENTED_EDGE ( 'NONE', *, *, #966, .F. ) ;
#2338 = LINE ( 'NONE', #1232, #2002 ) ;
#2339 = CARTESIAN_POINT ( 'NONE',  ( 2.300000000000000266, 2.300000000000001599, 0.9000000000000003553 ) ) ;
#2340 = EDGE_CURVE ( 'NONE', #970, #6783, #367, .T. ) ;
#2341 = AXIS2_PLACEMENT_3D ( 'NONE', #2603, #4288, #6556 ) ;
#2342 = CARTESIAN_POINT ( 'NONE',  ( 2.299999999999999822, -2.299999999999999822, 0.6500000000000001332 ) ) ;
#2343 = CARTESIAN_POINT ( 'NONE',  ( 3.199999999999999289, 3.000000000000000888, -0.1000000000000002554 ) ) ;
#2344 = DIRECTION ( 'NONE',  ( 0.000000000000000000, 0.000000000000000000, 1.000000000000000000 ) ) ;
#2345 = DIRECTION ( 'NONE',  ( -1.000000000000000000, 5.987542637623614683E-15, -5.585196838722983974E-30 ) ) ;
#2346 = VECTOR ( 'NONE', #4722, 1000.000000000000000 ) ;
#2347 = PLANE ( 'NONE',  #8 ) ;
#2348 = VERTEX_POINT ( 'NONE', #4324 ) ;
#2349 = EDGE_LOOP ( 'NONE', ( #2538, #3983, #4876, #4973 ) ) ;
#2350 = DIRECTION ( 'NONE',  ( 0.000000000000000000, 1.000000000000000000, 0.000000000000000000 ) ) ;
#2351 = AXIS2_PLACEMENT_3D ( 'NONE', #2397, #1195, #4027 ) ;
#2352 =( LENGTH_UNIT ( ) NAMED_UNIT ( * ) SI_UNIT ( .MILLI., .METRE. ) );
#2353 =( BOUNDED_CURVE ( )  B_SPLINE_CURVE ( 3, ( #5007, #5570, #6681, #3351 ),
 .UNSPECIFIED., .F., .T. ) 
 B_SPLINE_CURVE_WITH_KNOTS ( ( 4, 4 ),
 ( 4.712388980384689674, 6.283185307179586232 ),
 .UNSPECIFIED. ) 
 CURVE ( )  GEOMETRIC_REPRESENTATION_ITEM ( )  RATIONAL_B_SPLINE_CURVE ( ( 1.000000000000000000, 0.8047378541243649375, 0.8047378541243649375, 1.000000000000000000 ) ) 
 REPRESENTATION_ITEM ( '' )  );
#2354 = EDGE_CURVE ( 'NONE', #6613, #7110, #1571, .T. ) ;
#2355 = CARTESIAN_POINT ( 'NONE',  ( 2.299999999999999378, -2.300000000000000266, 0.9000000000000001332 ) ) ;
#2356 = LINE ( 'NONE', #5402, #2660 ) ;
#2357 = CARTESIAN_POINT ( 'NONE',  ( -2.300000000000000266, -2.636572800445907028, 0.9000000000000001332 ) ) ;
#2358 = VERTEX_POINT ( 'NONE', #2127 ) ;
#2359 = ORIENTED_EDGE ( 'NONE', *, *, #1722, .T. ) ;
#2360 = CARTESIAN_POINT ( 'NONE',  ( 3.300000000000018474, -0.2052944619609988197, -5.371878022344844794 ) ) ;
#2361 = CARTESIAN_POINT ( 'NONE',  ( -3.556096043592630540, -1.124022296722311021, -4.601630913479777263 ) ) ;
#2362 = CARTESIAN_POINT ( 'NONE',  ( -0.8499999999999999778, 0.4833333333333333925, -2.750000000000000000 ) ) ;
#2363 = ORIENTED_EDGE ( 'NONE', *, *, #2439, .F. ) ;
#2364 = PLANE ( 'NONE',  #4349 ) ;
#2365 = CARTESIAN_POINT ( 'NONE',  ( 1.450000000000000400, 2.500000000000001332, -2.850000000000000089 ) ) ;
#2366 = ORIENTED_EDGE ( 'NONE', *, *, #1434, .F. ) ;
#2367 = CARTESIAN_POINT ( 'NONE',  ( 3.433892703588354856, -1.301082346714759197, -3.433518830182402226 ) ) ;
#2368 = EDGE_CURVE ( 'NONE', #6862, #7224, #3809, .T. ) ;
#2369 = CARTESIAN_POINT ( 'NONE',  ( 2.425000000000000266, -8.000000000000000000, -3.060232526704262934 ) ) ;
#2370 = ORIENTED_EDGE ( 'NONE', *, *, #3532, .F. ) ;
#2371 = CARTESIAN_POINT ( 'NONE',  ( -0.8499999999999999778, 2.600000000000000533, -2.649999999999999911 ) ) ;
#2372 = ADVANCED_FACE ( 'NONE', ( #6071 ), #3256, .F. ) ;
#2373 = LINE ( 'NONE', #4615, #2640 ) ;
#2374 = DIRECTION ( 'NONE',  ( 0.000000000000000000, -1.000000000000000000, 0.000000000000000000 ) ) ;
#2375 = LINE ( 'NONE', #5182, #2684 ) ;
#2376 = CARTESIAN_POINT ( 'NONE',  ( -1.674999999999999822, 2.299999999999999822, 0.000000000000000000 ) ) ;
#2377 = EDGE_CURVE ( 'NONE', #1352, #3474, #4074, .T. ) ;
#2378 = EDGE_CURVE ( 'NONE', #1909, #4258, #5250, .T. ) ;
#2379 = ADVANCED_FACE ( 'NONE', ( #3848 ), #7135, .F. ) ;
#2380 = LINE ( 'NONE', #2896, #10 ) ;
#2381 = CARTESIAN_POINT ( 'NONE',  ( 0.8499999999999999778, -1.733333333333333171, -2.649999999999999911 ) ) ;
#2382 = EDGE_LOOP ( 'NONE', ( #7206, #505, #7072, #5147, #4032 ) ) ;
#2383 = ORIENTED_EDGE ( 'NONE', *, *, #373, .F. ) ;
#2384 = CARTESIAN_POINT ( 'NONE',  ( 2.925000000000000266, -2.299999999999999822, 0.000000000000000000 ) ) ;
#2385 = CARTESIAN_POINT ( 'NONE',  ( 3.795015528100092794, -4.990031056200153969, -4.049999999999998934 ) ) ;
#2386 = EDGE_CURVE ( 'NONE', #6613, #2899, #2546, .T. ) ;
#2387 = LINE ( 'NONE', #4046, #3043 ) ;
#2388 = DIRECTION ( 'NONE',  ( 0.000000000000000000, 1.000000000000000000, 0.000000000000000000 ) ) ;
#2389 = ORIENTED_EDGE ( 'NONE', *, *, #6046, .T. ) ;
#2390 = ORIENTED_EDGE ( 'NONE', *, *, #5619, .F. ) ;
#2391 = EDGE_CURVE ( 'NONE', #1259, #6564, #6623, .T. ) ;
#2392 = CARTESIAN_POINT ( 'NONE',  ( 3.300000000000018918, -1.259259259259258412, -5.371878022344843906 ) ) ;
#2393 = CARTESIAN_POINT ( 'NONE',  ( -3.631374384824479939, -0.3742237463772752903, -3.854040662255686644 ) ) ;
#2394 = DIRECTION ( 'NONE',  ( 0.000000000000000000, 0.000000000000000000, 1.000000000000000000 ) ) ;
#2395 = ORIENTED_EDGE ( 'NONE', *, *, #3377, .F. ) ;
#2396 = CARTESIAN_POINT ( 'NONE',  ( 2.900000000000000799, 2.400000000000000355, -2.850000000000000089 ) ) ;
#2397 = CARTESIAN_POINT ( 'NONE',  ( 0.000000000000000000, 0.000000000000000000, 0.4000000000000000222 ) ) ;
#2398 = LINE ( 'NONE', #6900, #5829 ) ;
#2399 = ORIENTED_EDGE ( 'NONE', *, *, #4928, .T. ) ;
#2400 = VECTOR ( 'NONE', #1975, 1000.000000000000000 ) ;
#2401 = CARTESIAN_POINT ( 'NONE',  ( 3.648915630632441065, -0.3707890946171535362, -4.274380600777439199 ) ) ;
#2402 = CARTESIAN_POINT ( 'NONE',  ( -2.299999999999999822, 2.925000000000000711, 0.6500000000000001332 ) ) ;
#2403 = CARTESIAN_POINT ( 'NONE',  ( -3.700000000000012168, -7.500000000000003553, -4.549999999999998934 ) ) ;
#2404 = ORIENTED_EDGE ( 'NONE', *, *, #6808, .T. ) ;
#2405 = CARTESIAN_POINT ( 'NONE',  ( -2.899999999999999467, -1.499999999999999112, -2.850000000000000089 ) ) ;
#2406 = AXIS2_PLACEMENT_3D ( 'NONE', #2547, #4244, #5879 ) ;
#2407 = CARTESIAN_POINT ( 'NONE',  ( 2.900000000000000355, 1.600000000000000089, -3.200000000000000178 ) ) ;
#2408 = ADVANCED_FACE ( 'NONE', ( #6661 ), #5588, .T. ) ;
#2409 = DIRECTION ( 'NONE',  ( -3.491481338843133355E-15, -0.000000000000000000, -1.000000000000000000 ) ) ;
#2410 = DIRECTION ( 'NONE',  ( 3.491481338843133355E-15, 1.577279855319300948E-30, -1.000000000000000000 ) ) ;
#2411 = VECTOR ( 'NONE', #6069, 1000.000000000000000 ) ;
#2412 = EDGE_CURVE ( 'NONE', #2899, #3768, #4362, .T. ) ;
#2413 = LINE ( 'NONE', #1458, #1128 ) ;
#2414 = DIRECTION ( 'NONE',  ( -1.000000000000000000, 0.000000000000000000, 0.000000000000000000 ) ) ;
#2415 = CARTESIAN_POINT ( 'NONE',  ( 3.700000000000010836, -1.999999999999972244, -2.850000000000037392 ) ) ;
#2416 = ORIENTED_EDGE ( 'NONE', *, *, #2863, .T. ) ;
#2417 = ORIENTED_EDGE ( 'NONE', *, *, #3623, .T. ) ;
#2418 = AXIS2_PLACEMENT_3D ( 'NONE', #4502, #608, #1156 ) ;
#2419 = EDGE_CURVE ( 'NONE', #5841, #4969, #671, .T. ) ;
#2420 = DIRECTION ( 'NONE',  ( 1.000000000000000000, 0.000000000000000000, 0.000000000000000000 ) ) ;
#2421 = AXIS2_PLACEMENT_3D ( 'NONE', #3189, #544, #1017 ) ;
#2422 = LINE ( 'NONE', #6379, #7053 ) ;
#2423 = ORIENTED_EDGE ( 'NONE', *, *, #7209, .T. ) ;
#2424 = DIRECTION ( 'NONE',  ( -1.000000000000000000, 0.000000000000000000, 0.000000000000000000 ) ) ;
#2425 = ORIENTED_EDGE ( 'NONE', *, *, #5955, .T. ) ;
#2426 = ORIENTED_EDGE ( 'NONE', *, *, #3416, .T. ) ;
#2427 = VECTOR ( 'NONE', #1808, 1000.000000000000000 ) ;
#2428 = CARTESIAN_POINT ( 'NONE',  ( 3.657366486774653147, -5.832766962299167801, -5.049999999999998934 ) ) ;
#2429 = CARTESIAN_POINT ( 'NONE',  ( -3.556189544341495257, -0.8760850962730765135, -4.601630694961569290 ) ) ;
#2430 = CARTESIAN_POINT ( 'NONE',  ( -3.000000000000000000, -3.000000000000000000, 0.000000000000000000 ) ) ;
#2431 = VECTOR ( 'NONE', #2440, 1000.000000000000000 ) ;
#2432 = ORIENTED_EDGE ( 'NONE', *, *, #2978, .F. ) ;
#2433 = CARTESIAN_POINT ( 'NONE',  ( 3.200000000000000622, 3.641112295930486776E-15, 0.4000000000000095701 ) ) ;
#2434 = LINE ( 'NONE', #5313, #5664 ) ;
#2435 = CARTESIAN_POINT ( 'NONE',  ( 2.300000000000000711, -2.299999999999998934, 0.000000000000000000 ) ) ;
#2436 = ORIENTED_EDGE ( 'NONE', *, *, #5460, .T. ) ;
#2437 = VECTOR ( 'NONE', #5559, 1000.000000000000000 ) ;
#2438 = CARTESIAN_POINT ( 'NONE',  ( 3.434143584298114504, -0.6992231866806443152, -3.433519246622004584 ) ) ;
#2439 = EDGE_CURVE ( 'NONE', #5729, #5526, #2710, .T. ) ;
#2440 = DIRECTION ( 'NONE',  ( 2.905088075659517683E-15, -0.5547001962252291474, 0.8320502943378437211 ) ) ;
#2441 = DIRECTION ( 'NONE',  ( 0.000000000000000000, 0.000000000000000000, -1.000000000000000000 ) ) ;
#2442 = EDGE_LOOP ( 'NONE', ( #3093, #1552, #603, #1704, #6851, #3790, #3903, #2723, #4340, #3201, #5939, #2116 ) ) ;
#2443 = VECTOR ( 'NONE', #1971, 1000.000000000000000 ) ;
#2444 = DIRECTION ( 'NONE',  ( -1.000000000000000000, 0.000000000000000000, 0.000000000000000000 ) ) ;
#2445 = VECTOR ( 'NONE', #3941, 1000.000000000000000 ) ;
#2446 = DIRECTION ( 'NONE',  ( -0.000000000000000000, -0.000000000000000000, -1.000000000000000000 ) ) ;
#2447 = DIRECTION ( 'NONE',  ( 0.000000000000000000, 0.000000000000000000, 1.000000000000000000 ) ) ;
#2448 = VECTOR ( 'NONE', #6545, 1000.000000000000000 ) ;
#2449 = LINE ( 'NONE', #4695, #5761 ) ;
#2450 = AXIS2_PLACEMENT_3D ( 'NONE', #846, #1466, #2571 ) ;
#2451 = DIRECTION ( 'NONE',  ( 0.000000000000000000, 1.000000000000000000, 0.000000000000000000 ) ) ;
#2452 = CARTESIAN_POINT ( 'NONE',  ( -0.8499999999999999778, 2.600000000000000533, -2.649999999999999911 ) ) ;
#2453 = CARTESIAN_POINT ( 'NONE',  ( 3.227960847199674355, -1.000113306498447319, -2.849999999999998312 ) ) ;
#2454 = VERTEX_POINT ( 'NONE', #4398 ) ;
#2455 = ORIENTED_EDGE ( 'NONE', *, *, #4017, .T. ) ;
#2456 = AXIS2_PLACEMENT_3D ( 'NONE', #289, #4728, #6987 ) ;
#2457 = DIRECTION ( 'NONE',  ( 4.517509052022813197E-16, -1.000000000000000000, 3.469446951953602356E-15 ) ) ;
#2458 = DIRECTION ( 'NONE',  ( 1.000000000000000000, 6.938893903907227392E-16, 0.000000000000000000 ) ) ;
#2459 = AXIS2_PLACEMENT_3D ( 'NONE', #2482, #4209, #4280 ) ;
#2460 = VECTOR ( 'NONE', #2307, 1000.000000000000000 ) ;
#2461 = LINE ( 'NONE', #2972, #4100 ) ;
#2462 = ORIENTED_EDGE ( 'NONE', *, *, #4669, .T. ) ;
#2463 = EDGE_CURVE ( 'NONE', #277, #6272, #7248, .T. ) ;
#2464 = DIRECTION ( 'NONE',  ( 1.000000000000000000, 0.000000000000000000, 0.000000000000000000 ) ) ;
#2465 = VERTEX_POINT ( 'NONE', #3894 ) ;
#2466 = ORIENTED_EDGE ( 'NONE', *, *, #4928, .F. ) ;
#2467 = CARTESIAN_POINT ( 'NONE',  ( 3.295092976454764067, -0.2047117660922725402, -4.858162128904228716 ) ) ;
#2468 = VERTEX_POINT ( 'NONE', #6154 ) ;
#2469 = CARTESIAN_POINT ( 'NONE',  ( -3.648915630632441065, -0.3707890946171551461, -4.274380600777439199 ) ) ;
#2470 = DIRECTION ( 'NONE',  ( -0.4472135954999579277, -0.8944271909999158554, 0.000000000000000000 ) ) ;
#2471 = ADVANCED_FACE ( 'NONE', ( #5438 ), #2785, .T. ) ;
#2472 = ORIENTED_EDGE ( 'NONE', *, *, #4089, .T. ) ;
#2473 = CARTESIAN_POINT ( 'NONE',  ( 3.300000000000000711, 2.600000000000000977, -0.6000000000000008660 ) ) ;
#2474 = CARTESIAN_POINT ( 'NONE',  ( -6.729530725772094243E-16, 1.499999999999998668, -2.850000000000000089 ) ) ;
#2475 = DIRECTION ( 'NONE',  ( -0.3363363969981563173, -0.9417419115948373332, 0.000000000000000000 ) ) ;
#2476 = ORIENTED_EDGE ( 'NONE', *, *, #4863, .T. ) ;
#2477 = CARTESIAN_POINT ( 'NONE',  ( 3.424963227244800734, -1.000067653802884537, -3.853402706704910585 ) ) ;
#2478 =( BOUNDED_SURFACE ( )  B_SPLINE_SURFACE ( 2, 3, ( 
 ( #2775, #6764, #2225, #129 ),
 ( #5580, #4470, #6732, #1678 ),
 ( #3885, #1708, #5126, #6254 ) ),
 .UNSPECIFIED., .F., .F., .F. ) 
 B_SPLINE_SURFACE_WITH_KNOTS ( ( 3, 3 ),
 ( 4, 4 ),
 ( 0.000000000000000000, 1.000000000000000000 ),
 ( 0.000000000000000000, 1.000000000000000000 ),
 .UNSPECIFIED. ) 
 GEOMETRIC_REPRESENTATION_ITEM ( )  RATIONAL_B_SPLINE_SURFACE ( (
 ( 1.000000000000000000, 0.3333333333333334259, 0.3333333333333334259, 1.000000000000000000),
 ( 1.000000000000000000, 0.3333333333333334259, 0.3333333333333334259, 1.000000000000000000),
 ( 1.000000000000000000, 0.3333333333333334259, 0.3333333333333334259, 1.000000000000000000) ) ) 
 REPRESENTATION_ITEM ( '' )  SURFACE ( )  );
#2479 = CARTESIAN_POINT ( 'NONE',  ( 2.600000000000000533, -7.500000000000000000, -1.900000000000000133 ) ) ;
#2480 = DIRECTION ( 'NONE',  ( 1.000000000000000000, 0.000000000000000000, -3.491481338843133355E-15 ) ) ;
#2481 = ORIENTED_EDGE ( 'NONE', *, *, #2378, .T. ) ;
#2482 = CARTESIAN_POINT ( 'NONE',  ( -2.299999999999999822, 2.299999999999999822, 0.4000000000000000222 ) ) ;
#2483 = CARTESIAN_POINT ( 'NONE',  ( 3.700000000000016165, -4.000000000000000888, -5.049999999999998934 ) ) ;
#2484 = CARTESIAN_POINT ( 'NONE',  ( -3.299999999999999822, -4.336808689942017736E-16, -0.09999999999998931965 ) ) ;
#2485 = EDGE_CURVE ( 'NONE', #4241, #5572, #6322, .T. ) ;
#2486 = CARTESIAN_POINT ( 'NONE',  ( 0.000000000000000000, 0.000000000000000000, -2.649999999999999911 ) ) ;
#2487 = CARTESIAN_POINT ( 'NONE',  ( 4.600000000000016520, -4.587538820250189886, -5.049999999999998934 ) ) ;
#2488 = CARTESIAN_POINT ( 'NONE',  ( 3.200000000000000622, 1.445602896647339311E-15, 9.703609443745264684E-15 ) ) ;
#2489 = PLANE ( 'NONE',  #2456 ) ;
#2490 = ORIENTED_EDGE ( 'NONE', *, *, #3249, .T. ) ;
#2491 = ORIENTED_EDGE ( 'NONE', *, *, #5288, .F. ) ;
#2492 = CARTESIAN_POINT ( 'NONE',  ( 3.700000000000012612, -3.499999999999998224, -3.049999999999999378 ) ) ;
#2493 = CYLINDRICAL_SURFACE ( 'NONE', #5397, 0.09999999999999982514 ) ;
#2494 = B_SPLINE_CURVE_WITH_KNOTS ( 'NONE', 2,
 ( #1239, #5184, #5784 ),
 .UNSPECIFIED., .F., .F.,
 ( 3, 3 ),
 ( 0.000000000000000000, 1.000000000000000000 ),
 .UNSPECIFIED. ) ;
#2495 = CARTESIAN_POINT ( 'NONE',  ( -0.8499999999999999778, 1.683333333333333348, -2.750000000000000000 ) ) ;
#2496 = ORIENTED_EDGE ( 'NONE', *, *, #6705, .F. ) ;
#2497 = CARTESIAN_POINT ( 'NONE',  ( -1.800000000000000266, 0.000000000000000000, 0.000000000000000000 ) ) ;
#2498 = VERTEX_POINT ( 'NONE', #3777 ) ;
#2499 = VERTEX_POINT ( 'NONE', #980 ) ;
#2500 = ADVANCED_FACE ( 'NONE', ( #3217 ), #5471, .T. ) ;
#2501 = CARTESIAN_POINT ( 'NONE',  ( -3.286933477046821928, -1.796257152550981395, -3.830730342022994783 ) ) ;
#2502 = EDGE_CURVE ( 'NONE', #823, #1049, #2922, .T. ) ;
#2503 = CARTESIAN_POINT ( 'NONE',  ( 2.299999999999999822, 2.636572800445907472, 0.9000000000000001332 ) ) ;
#2504 = DIRECTION ( 'NONE',  ( -0.000000000000000000, -0.000000000000000000, -1.000000000000000000 ) ) ;
#2505 = ORIENTED_EDGE ( 'NONE', *, *, #2173, .T. ) ;
#2506 = CARTESIAN_POINT ( 'NONE',  ( -3.700000000000014388, -3.500000000000000000, -4.049999999999998934 ) ) ;
#2507 = LINE ( 'NONE', #275, #5659 ) ;
#2508 = DIRECTION ( 'NONE',  ( -1.000000000000000000, 0.000000000000000000, 0.000000000000000000 ) ) ;
#2509 = EDGE_CURVE ( 'NONE', #5475, #1901, #3508, .T. ) ;
#2510 = ORIENTED_EDGE ( 'NONE', *, *, #4514, .T. ) ;
#2511 = CARTESIAN_POINT ( 'NONE',  ( 3.700000000000017053, -0.7118385812726728545, -5.230156396081302894 ) ) ;
#2512 = DIRECTION ( 'NONE',  ( -5.782411586589343045E-15, 1.000000000000000000, 0.000000000000000000 ) ) ;
#2513 = CARTESIAN_POINT ( 'NONE',  ( -3.700000000000012168, -7.500000000000003553, -4.549999999999998934 ) ) ;
#2514 = VERTEX_POINT ( 'NONE', #1264 ) ;
#2515 = CARTESIAN_POINT ( 'NONE',  ( 3.751540677934137147, -5.866400601998984499, -4.049999999999998934 ) ) ;
#2516 = DIRECTION ( 'NONE',  ( 1.000000000000000000, 0.000000000000000000, 0.000000000000000000 ) ) ;
#2517 = CARTESIAN_POINT ( 'NONE',  ( 1.350000000000000089, -2.900000000000000355, -3.100000000000000977 ) ) ;
#2518 = DIRECTION ( 'NONE',  ( -1.000000000000000000, 0.000000000000000000, 0.000000000000000000 ) ) ;
#2519 = CIRCLE ( 'NONE', #3462, 0.6250000000000001110 ) ;
#2520 = DIRECTION ( 'NONE',  ( -1.000000000000000000, 0.000000000000000000, 0.000000000000000000 ) ) ;
#2521 = CARTESIAN_POINT ( 'NONE',  ( -1.450000000000000178, 1.500000000000000000, -2.850000000000000089 ) ) ;
#2522 = FACE_OUTER_BOUND ( 'NONE', #6827, .T. ) ;
#2523 = VERTEX_POINT ( 'NONE', #6804 ) ;
#2524 = EDGE_CURVE ( 'NONE', #7078, #7251, #31, .T. ) ;
#2525 = ORIENTED_EDGE ( 'NONE', *, *, #5802, .T. ) ;
#2526 = AXIS2_PLACEMENT_3D ( 'NONE', #5386, #1927, #7011 ) ;
#2527 = CARTESIAN_POINT ( 'NONE',  ( 3.199999999999999289, 3.000000000000000888, -0.1000000000000002554 ) ) ;
#2528 = CARTESIAN_POINT ( 'NONE',  ( 0.000000000000000000, -3.000000000000000000, -2.850000000000000089 ) ) ;
#2529 = DIRECTION ( 'NONE',  ( 0.000000000000000000, 1.000000000000000000, 0.000000000000000000 ) ) ;
#2530 = EDGE_LOOP ( 'NONE', ( #5985, #2029, #4463, #149, #2735, #6537, #4941, #2866, #802, #5046, #3946, #6688, #2070, #124, #4076, #2724 ) ) ;
#2531 = CARTESIAN_POINT ( 'NONE',  ( -3.729129044202595278, -7.118438676232775819, -5.049999999999998934 ) ) ;
#2532 = VECTOR ( 'NONE', #3400, 1000.000000000000000 ) ;
#2533 = EDGE_CURVE ( 'NONE', #1039, #6964, #1166, .T. ) ;
#2534 = EDGE_LOOP ( 'NONE', ( #3798, #244, #6362 ) ) ;
#2535 = ORIENTED_EDGE ( 'NONE', *, *, #3469, .T. ) ;
#2536 = CARTESIAN_POINT ( 'NONE',  ( -3.278597828075716869, -0.2027530115181711556, -2.849999999999999201 ) ) ;
#2537 = VECTOR ( 'NONE', #4239, 1000.000000000000000 ) ;
#2538 = ORIENTED_EDGE ( 'NONE', *, *, #3720, .T. ) ;
#2539 = LINE ( 'NONE', #4195, #3873 ) ;
#2540 = FACE_OUTER_BOUND ( 'NONE', #2251, .T. ) ;
#2541 = ORIENTED_EDGE ( 'NONE', *, *, #5205, .F. ) ;
#2542 = EDGE_CURVE ( 'NONE', #313, #3594, #5627, .T. ) ;
#2543 = ORIENTED_EDGE ( 'NONE', *, *, #4243, .F. ) ;
#2544 = EDGE_CURVE ( 'NONE', #7031, #3260, #7107, .T. ) ;
#2545 = DIRECTION ( 'NONE',  ( 0.000000000000000000, 0.000000000000000000, 1.000000000000000000 ) ) ;
#2546 = CIRCLE ( 'NONE', #2421, 0.1000000000000002554 ) ;
#2547 = CARTESIAN_POINT ( 'NONE',  ( 0.000000000000000000, 3.000000000000000000, 0.4000000000000000222 ) ) ;
#2548 = EDGE_CURVE ( 'NONE', #970, #3648, #615, .T. ) ;
#2549 = ORIENTED_EDGE ( 'NONE', *, *, #4756, .F. ) ;
#2550 = VECTOR ( 'NONE', #4000, 1000.000000000000000 ) ;
#2551 = CARTESIAN_POINT ( 'NONE',  ( 3.495264784830661942, -1.000049688873428710, -4.274167948927182437 ) ) ;
#2552 = DIRECTION ( 'NONE',  ( 0.000000000000000000, 1.000000000000000000, 0.000000000000000000 ) ) ;
#2553 = DIRECTION ( 'NONE',  ( -1.000000000000000000, 0.000000000000000000, 0.000000000000000000 ) ) ;
#2554 = EDGE_LOOP ( 'NONE', ( #558, #5866, #1472, #456 ) ) ;
#2555 = EDGE_CURVE ( 'NONE', #3492, #2973, #1791, .T. ) ;
#2556 = DIRECTION ( 'NONE',  ( -2.602085213965209064E-15, 1.734723475976804333E-15, 1.000000000000000000 ) ) ;
#2557 = CARTESIAN_POINT ( 'NONE',  ( 2.899999999999999467, 1.600000000000000089, -3.100000000000000977 ) ) ;
#2558 = CIRCLE ( 'NONE', #3494, 0.5000000000000017764 ) ;
#2559 = CARTESIAN_POINT ( 'NONE',  ( 2.299999999999999822, 2.299999999999999822, 0.9000000000000001332 ) ) ;
#2560 = LINE ( 'NONE', #911, #3357 ) ;
#2561 = VECTOR ( 'NONE', #662, 1000.000000000000114 ) ;
#2562 = CARTESIAN_POINT ( 'NONE',  ( 3.300000000000018030, -3.999999999999998224, -4.748279434898257101 ) ) ;
#2563 = DIRECTION ( 'NONE',  ( -0.000000000000000000, -0.000000000000000000, -1.000000000000000000 ) ) ;
#2564 = EDGE_CURVE ( 'NONE', #1500, #3819, #4611, .T. ) ;
#2565 = DIRECTION ( 'NONE',  ( 1.000000000000000000, 0.000000000000000000, -3.491481338843133355E-15 ) ) ;
#2566 = ORIENTED_EDGE ( 'NONE', *, *, #4127, .T. ) ;
#2567 = ORIENTED_EDGE ( 'NONE', *, *, #1203, .F. ) ;
#2568 = VECTOR ( 'NONE', #6520, 1000.000000000000000 ) ;
#2569 = AXIS2_PLACEMENT_3D ( 'NONE', #1394, #5975, #4293 ) ;
#2570 = DIRECTION ( 'NONE',  ( 1.000000000000000000, 0.000000000000000000, 0.000000000000000000 ) ) ;
#2571 = DIRECTION ( 'NONE',  ( -1.000000000000000000, 0.000000000000000000, 0.000000000000000000 ) ) ;
#2572 = DIRECTION ( 'NONE',  ( 0.000000000000000000, 0.000000000000000000, -1.000000000000000000 ) ) ;
#2574 = ORIENTED_EDGE ( 'NONE', *, *, #3866, .F. ) ;
#2573 = VECTOR ( 'NONE', #5995, 1000.000000000000000 ) ;
#2576 = VECTOR ( 'NONE', #856, 999.9999999999998863 ) ;
#2575 = LINE ( 'NONE', #959, #4099 ) ;
#2577 = ORIENTED_EDGE ( 'NONE', *, *, #1525, .F. ) ;
#2578 = ORIENTED_EDGE ( 'NONE', *, *, #3681, .F. ) ;
#2579 = VECTOR ( 'NONE', #4986, 1000.000000000000000 ) ;
#2580 = CARTESIAN_POINT ( 'NONE',  ( -3.121833710861379174, -0.4958465349151196522, -2.990104334574713807 ) ) ;
#2581 = VECTOR ( 'NONE', #6670, 1000.000000000000000 ) ;
#2582 = EDGE_CURVE ( 'NONE', #5219, #3522, #5023, .T. ) ;
#2583 = ADVANCED_FACE ( 'NONE', ( #2298 ), #2958, .T. ) ;
#2584 = LINE ( 'NONE', #5307, #4568 ) ;
#2585 = LINE ( 'NONE', #3172, #1247 ) ;
#2586 = ORIENTED_EDGE ( 'NONE', *, *, #1223, .T. ) ;
#2587 = ORIENTED_EDGE ( 'NONE', *, *, #13, .T. ) ;
#2588 = VECTOR ( 'NONE', #3475, 1000.000000000000000 ) ;
#2589 = CARTESIAN_POINT ( 'NONE',  ( -2.900000000000000355, 1.600000000000000089, -3.100000000000000977 ) ) ;
#2590 = CARTESIAN_POINT ( 'NONE',  ( 0.000000000000000000, 2.900000000000000355, -3.200000000000000178 ) ) ;
#2591 = ORIENTED_EDGE ( 'NONE', *, *, #5249, .F. ) ;
#2592 = EDGE_CURVE ( 'NONE', #5241, #5454, #2266, .T. ) ;
#2593 = CARTESIAN_POINT ( 'NONE',  ( 3.700000000000018829, 1.237797480254292446E-15, -5.371878022344837689 ) ) ;
#2594 = DIRECTION ( 'NONE',  ( -0.000000000000000000, -0.000000000000000000, -1.000000000000000000 ) ) ;
#2595 = DIRECTION ( 'NONE',  ( -1.000000000000000000, 0.000000000000000000, 0.000000000000000000 ) ) ;
#2596 = ORIENTED_EDGE ( 'NONE', *, *, #5435, .F. ) ;
#2597 = DIRECTION ( 'NONE',  ( -1.000000000000000000, 5.782411586589347778E-15, -2.891205793294673889E-15 ) ) ;
#2598 = DIRECTION ( 'NONE',  ( 0.000000000000000000, 0.000000000000000000, 1.000000000000000000 ) ) ;
#2599 = CARTESIAN_POINT ( 'NONE',  ( -1.350000000000000089, -2.900000000000000355, -3.200000000000000178 ) ) ;
#2600 = EDGE_CURVE ( 'NONE', #1291, #7149, #7144, .T. ) ;
#2601 = CARTESIAN_POINT ( 'NONE',  ( -1.350000000000000089, -3.000000000000000000, -2.850000000000000089 ) ) ;
#2602 = LINE ( 'NONE', #4837, #2683 ) ;
#2603 = CARTESIAN_POINT ( 'NONE',  ( 6.729530725772113570E-15, -2.500000000000007550, -2.850000000000000089 ) ) ;
#2604 = EDGE_LOOP ( 'NONE', ( #4700, #5919, #685, #2210 ) ) ;
#2605 = ORIENTED_EDGE ( 'NONE', *, *, #750, .F. ) ;
#2606 = CARTESIAN_POINT ( 'NONE',  ( 2.425000000000000266, -8.000000000000000000, -2.200000000000000178 ) ) ;
#2607 = CARTESIAN_POINT ( 'NONE',  ( 1.450000000000000178, 0.000000000000000000, -2.850000000000000089 ) ) ;
#2608 = EDGE_CURVE ( 'NONE', #4642, #3087, #1144, .T. ) ;
#2609 = DIRECTION ( 'NONE',  ( 1.000000000000000000, 0.000000000000000000, 0.000000000000000000 ) ) ;
#2610 = ORIENTED_EDGE ( 'NONE', *, *, #2040, .F. ) ;
#2611 = DIRECTION ( 'NONE',  ( 0.000000000000000000, 1.000000000000000000, 0.000000000000000000 ) ) ;
#2612 = VERTEX_POINT ( 'NONE', #2335 ) ;
#2613 = ORIENTED_EDGE ( 'NONE', *, *, #643, .T. ) ;
#2614 = CARTESIAN_POINT ( 'NONE',  ( -3.300000000000011813, -1.905816649150112285, -3.363715893440616611 ) ) ;
#2615 = ORIENTED_EDGE ( 'NONE', *, *, #3720, .F. ) ;
#2616 = CARTESIAN_POINT ( 'NONE',  ( 3.700000000000016165, -3.499999999999998224, -4.049999999999998934 ) ) ;
#2617 = CARTESIAN_POINT ( 'NONE',  ( 2.299999999999999822, 2.299999999999999822, 0.6500000000000001332 ) ) ;
#2618 = EDGE_LOOP ( 'NONE', ( #4449, #6730, #435, #6514 ) ) ;
#2619 = VERTEX_POINT ( 'NONE', #1129 ) ;
#2620 = CARTESIAN_POINT ( 'NONE',  ( -1.450000000000000178, -2.500000000000003109, -3.100000000000000977 ) ) ;
#2621 = EDGE_CURVE ( 'NONE', #7039, #27, #6289, .T. ) ;
#2622 = CARTESIAN_POINT ( 'NONE',  ( 3.700000000000004174, -3.499999999999998224, -0.5999999999999977573 ) ) ;
#2623 = VERTEX_POINT ( 'NONE', #4508 ) ;
#2624 = DIRECTION ( 'NONE',  ( -0.000000000000000000, -0.000000000000000000, -1.000000000000000000 ) ) ;
#2625 = LINE ( 'NONE', #2739, #4681 ) ;
#2626 = ORIENTED_EDGE ( 'NONE', *, *, #634, .T. ) ;
#2627 = LINE ( 'NONE', #2663, #1293 ) ;
#2628 = DIRECTION ( 'NONE',  ( -0.000000000000000000, -0.000000000000000000, -1.000000000000000000 ) ) ;
#2629 = PLANE ( 'NONE',  #4418 ) ;
#2630 = DIRECTION ( 'NONE',  ( -1.000000000000000000, 0.000000000000000000, 3.523657060577910710E-15 ) ) ;
#2631 = CARTESIAN_POINT ( 'NONE',  ( 0.8499999999999999778, -2.600000000000000533, -2.649999999999999911 ) ) ;
#2632 = LINE ( 'NONE', #1498, #6358 ) ;
#2633 = AXIS2_PLACEMENT_3D ( 'NONE', #2672, #7290, #4366 ) ;
#2634 = ORIENTED_EDGE ( 'NONE', *, *, #3042, .T. ) ;
#2635 = EDGE_LOOP ( 'NONE', ( #1044, #5227 ) ) ;
#2636 = EDGE_CURVE ( 'NONE', #4158, #1329, #1715, .T. ) ;
#2637 = PLANE ( 'NONE',  #4670 ) ;
#2638 = VERTEX_POINT ( 'NONE', #3960 ) ;
#2639 = PLANE ( 'NONE',  #579 ) ;
#2640 = VECTOR ( 'NONE', #6871, 1000.000000000000000 ) ;
#2641 = DIRECTION ( 'NONE',  ( 0.000000000000000000, 0.000000000000000000, 1.000000000000000000 ) ) ;
#2642 = VERTEX_POINT ( 'NONE', #5735 ) ;
#2643 = LINE ( 'NONE', #4881, #4808 ) ;
#2644 = ORIENTED_EDGE ( 'NONE', *, *, #6500, .F. ) ;
#2645 = ORIENTED_EDGE ( 'NONE', *, *, #4553, .F. ) ;
#2646 = EDGE_CURVE ( 'NONE', #348, #6291, #1229, .T. ) ;
#2647 = AXIS2_PLACEMENT_3D ( 'NONE', #109, #4516, #38 ) ;
#2648 = FACE_OUTER_BOUND ( 'NONE', #6498, .T. ) ;
#2649 = CARTESIAN_POINT ( 'NONE',  ( -3.278597828075717313, -0.2027530115181711556, -2.990104334574712919 ) ) ;
#2650 = VERTEX_POINT ( 'NONE', #683 ) ;
#2651 = CIRCLE ( 'NONE', #6784, 0.09999999999999982514 ) ;
#2652 = LINE ( 'NONE', #4890, #2576 ) ;
#2653 = DIRECTION ( 'NONE',  ( 2.602085213965208275E-15, 1.734723475976805517E-15, 1.000000000000000000 ) ) ;
#2654 = ORIENTED_EDGE ( 'NONE', *, *, #2412, .F. ) ;
#2655 = EDGE_LOOP ( 'NONE', ( #4879, #3675, #4490, #5110 ) ) ;
#2656 = CARTESIAN_POINT ( 'NONE',  ( -2.299999999999999822, 2.299999999999999822, 0.000000000000000000 ) ) ;
#2657 = VECTOR ( 'NONE', #782, 1000.000000000000000 ) ;
#2658 = ORIENTED_EDGE ( 'NONE', *, *, #4194, .F. ) ;
#2659 = CARTESIAN_POINT ( 'NONE',  ( -2.075000000000000178, -8.000000000000000000, -1.900000000000000133 ) ) ;
#2660 = VECTOR ( 'NONE', #4597, 1000.000000000000000 ) ;
#2661 = CARTESIAN_POINT ( 'NONE',  ( -2.899999999999999467, -1.499999999999999112, -3.100000000000000977 ) ) ;
#2662 = ORIENTED_EDGE ( 'NONE', *, *, #246, .F. ) ;
#2663 = CARTESIAN_POINT ( 'NONE',  ( 3.700000000000017497, -7.200000000000000178, -4.049999999999998934 ) ) ;
#2664 = LINE ( 'NONE', #4317, #3939 ) ;
#2665 = EDGE_CURVE ( 'NONE', #6964, #1390, #4434, .T. ) ;
#2666 = DIRECTION ( 'NONE',  ( 0.000000000000000000, 0.000000000000000000, -1.000000000000000000 ) ) ;
#2667 = DIRECTION ( 'NONE',  ( -0.000000000000000000, -0.000000000000000000, -1.000000000000000000 ) ) ;
#2668 = DIRECTION ( 'NONE',  ( -0.000000000000000000, -0.000000000000000000, -1.000000000000000000 ) ) ;
#2669 = DIRECTION ( 'NONE',  ( -3.357142920038715937E-15, 0.2747211278973775705, -0.9615239476408233843 ) ) ;
#2670 = AXIS2_PLACEMENT_3D ( 'NONE', #3116, #5974, #3004 ) ;
#2671 = ORIENTED_EDGE ( 'NONE', *, *, #4985, .F. ) ;
#2672 = CARTESIAN_POINT ( 'NONE',  ( 0.000000000000000000, 0.000000000000000000, 0.000000000000000000 ) ) ;
#2673 = DIRECTION ( 'NONE',  ( -1.000000000000000000, 0.000000000000000000, 3.252606517456512119E-15 ) ) ;
#2674 = ORIENTED_EDGE ( 'NONE', *, *, #3184, .T. ) ;
#2675 = DIRECTION ( 'NONE',  ( 4.517509052022934484E-16, -1.000000000000000000, 0.000000000000000000 ) ) ;
#2676 = VECTOR ( 'NONE', #2447, 1000.000000000000000 ) ;
#2677 = EDGE_CURVE ( 'NONE', #3474, #6783, #6445, .T. ) ;
#2678 = CARTESIAN_POINT ( 'NONE',  ( -2.299999999999999822, 2.299999999999999822, 0.000000000000000000 ) ) ;
#2679 = ORIENTED_EDGE ( 'NONE', *, *, #2368, .T. ) ;
#2680 = CARTESIAN_POINT ( 'NONE',  ( 3.299999999999999822, 1.057097118173366626E-15, -0.09999999999998931965 ) ) ;
#2681 = VERTEX_POINT ( 'NONE', #5808 ) ;
#2682 = VERTEX_POINT ( 'NONE', #2989 ) ;
#2683 = VECTOR ( 'NONE', #7100, 1000.000000000000000 ) ;
#2684 = VECTOR ( 'NONE', #2860, 1000.000000000000000 ) ;
#2685 = CARTESIAN_POINT ( 'NONE',  ( -3.700000000000018829, -2.000000000000002665, -3.433768060727972582 ) ) ;
#2686 = CARTESIAN_POINT ( 'NONE',  ( -3.191834743483424219, -1.000000000000000444, -4.858162128904228716 ) ) ;
#2687 = EDGE_LOOP ( 'NONE', ( #1135, #5596 ) ) ;
#2688 = AXIS2_PLACEMENT_3D ( 'NONE', #4314, #6583, #7166 ) ;
#2689 = EDGE_CURVE ( 'NONE', #131, #516, #6364, .T. ) ;
#2690 = VECTOR ( 'NONE', #3869, 1000.000000000000000 ) ;
#2691 = LINE ( 'NONE', #2176, #903 ) ;
#2692 = ORIENTED_EDGE ( 'NONE', *, *, #5180, .F. ) ;
#2693 = ORIENTED_EDGE ( 'NONE', *, *, #1666, .T. ) ;
#2694 =( NAMED_UNIT ( * ) SI_UNIT ( $, .STERADIAN. ) SOLID_ANGLE_UNIT ( ) );
#2695 = AXIS2_PLACEMENT_3D ( 'NONE', #4256, #4838, #1461 ) ;
#2696 = AXIS2_PLACEMENT_3D ( 'NONE', #6526, #3711, #4844 ) ;
#2697 = DIRECTION ( 'NONE',  ( 0.000000000000000000, 0.000000000000000000, -1.000000000000000000 ) ) ;
#2698 = ORIENTED_EDGE ( 'NONE', *, *, #246, .T. ) ;
#2699 = EDGE_CURVE ( 'NONE', #5086, #6490, #5285, .T. ) ;
#2700 = EDGE_CURVE ( 'NONE', #658, #2121, #5391, .T. ) ;
#2701 = CARTESIAN_POINT ( 'NONE',  ( -3.528303630158645010, -1.465623900666657820, -3.433675352753944754 ) ) ;
#2702 = CARTESIAN_POINT ( 'NONE',  ( 3.700000000000009948, 1.264902534566426113E-15, -3.060156501862068446 ) ) ;
#2703 = AXIS2_PLACEMENT_3D ( 'NONE', #3440, #3963, #3546 ) ;
#2704 = PLANE ( 'NONE',  #936 ) ;
#2705 = ORIENTED_EDGE ( 'NONE', *, *, #6904, .F. ) ;
#2706 = CARTESIAN_POINT ( 'NONE',  ( -3.000000000000000000, 3.000000000000000000, -3.200000000000000178 ) ) ;
#2707 = CARTESIAN_POINT ( 'NONE',  ( -1.350000000000000089, 1.599999999999999867, -3.200000000000000178 ) ) ;
#2708 = EDGE_CURVE ( 'NONE', #4393, #1555, #3617, .T. ) ;
#2709 = CARTESIAN_POINT ( 'NONE',  ( -2.600000000000000533, -7.500000000000000000, -2.200000000000000178 ) ) ;
#2710 = LINE ( 'NONE', #4950, #5018 ) ;
#2711 = CARTESIAN_POINT ( 'NONE',  ( -3.300000000000014477, 2.599999999999999645, -4.050000000000000711 ) ) ;
#2712 = FACE_OUTER_BOUND ( 'NONE', #4783, .T. ) ;
#2713 = EDGE_LOOP ( 'NONE', ( #6050, #6418, #3676, #3079, #6141, #7201, #3574, #2543 ) ) ;
#2714 = DIRECTION ( 'NONE',  ( 1.000000000000000000, 0.000000000000000000, 0.000000000000000000 ) ) ;
#2715 = ADVANCED_FACE ( 'NONE', ( #3139 ), #4645, .T. ) ;
#2716 = LINE ( 'NONE', #3262, #6450 ) ;
#2717 = EDGE_LOOP ( 'NONE', ( #330, #4233, #4084, #2541 ) ) ;
#2718 = CARTESIAN_POINT ( 'NONE',  ( -1.450000000000000178, 1.500000000000000000, -2.850000000000000089 ) ) ;
#2719 = B_SPLINE_SURFACE_WITH_KNOTS ( 'NONE', 3, 3, ( 
 ( #6608, #1553, #2685, #491, #6212, #4389, #7277, #6147, #4469 ),
 ( #1598, #53, #2846, #6104, #1707, #1677, #3919, #6731, #5579 ),
 ( #6650, #6176, #3884, #4942, #5616, #1192, #1119, #2290, #2224 ),
 ( #4427, #3358, #4532, #571, #3430, #2814, #1155, #6253, #463 ),
 ( #6763, #1087, #5056, #607, #24, #3989, #2150, #2258, #4501 ),
 ( #6795, #6689, #2701, #3951, #3324, #7236, #7203, #502, #3288 ),
 ( #3838, #3399, #534, #2774, #5657, #1046, #5546, #1745, #5091 ),
 ( #2737, #4974, #2185, #1638, #5016, #2361, #4634, #1297, #192 ),
 ( #6421, #3497, #1890, #3534, #674, #5272, #4603, #2324, #4156 ),
 ( #5234, #5798, #712, #5763, #741, #2429, #2979, #6387, #1783 ),
 ( #4052, #1220, #5834, #4128, #4674, #236, #6933, #3014, #6860 ),
 ( #6315, #1366, #1330, #6831, #5726, #4024, #2911, #3567, #5125 ),
 ( #4569, #5197, #1255, #2393, #2469, #6281, #4711, #781, #3463 ),
 ( #6894, #1849, #4087, #2949, #6969, #5164, #6354, #1813, #2877 ),
 ( #5689, #1921, #636, #159, #88, #128, #3649, #414, #5982 ),
 ( #4270, #1998, #4304, #7155, #4741, #3607, #3721, #1519, #6503 ) ),
 .UNSPECIFIED., .F., .F., .F.,
 ( 4, 1, 1, 1, 1, 1, 1, 1, 1, 1, 1, 1, 1, 4 ),
 ( 4, 1, 1, 1, 1, 1, 4 ),
 ( 0.000000000000000000, 0.06250000000000000000, 0.1250000000000000000, 0.1666666666666666574, 0.2500000000000000000, 0.3750000000000000000, 0.4444444444444444198, 0.5000000000000000000, 0.5555555555555555802, 0.6250000000000000000, 0.7500000000000000000, 0.8333333333333333703, 0.8750000000000000000, 1.000000000000000000 ),
 ( 0.000000000000000000, 0.2500000000000000000, 0.4444444444444445308, 0.5000000000000000000, 0.7500000000000000000, 0.8333333333333333703, 1.000000000000000000 ),
 .UNSPECIFIED. ) ;
#2720 = CARTESIAN_POINT ( 'NONE',  ( 1.450000000000000178, -2.500000000000001332, -3.100000000000000977 ) ) ;
#2721 = ORIENTED_EDGE ( 'NONE', *, *, #2808, .T. ) ;
#2722 =( NAMED_UNIT ( * ) SI_UNIT ( $, .STERADIAN. ) SOLID_ANGLE_UNIT ( ) );
#2723 = ORIENTED_EDGE ( 'NONE', *, *, #3910, .F. ) ;
#2724 = ORIENTED_EDGE ( 'NONE', *, *, #231, .F. ) ;
#2725 = CARTESIAN_POINT ( 'NONE',  ( 2.900000000000000355, -2.399999999999999467, -2.850000000000000089 ) ) ;
#2726 = CARTESIAN_POINT ( 'NONE',  ( -3.300000000000015810, -1.905816649150112285, -4.391147680321848767 ) ) ;
#2727 = ORIENTED_EDGE ( 'NONE', *, *, #3145, .T. ) ;
#2728 = CARTESIAN_POINT ( 'NONE',  ( -1.450000000000000178, 2.900000000000000355, -3.100000000000000977 ) ) ;
#2729 = FACE_OUTER_BOUND ( 'NONE', #4721, .T. ) ;
#2730 = EDGE_LOOP ( 'NONE', ( #3976, #1469, #697, #6782 ) ) ;
#2731 = ORIENTED_EDGE ( 'NONE', *, *, #3767, .F. ) ;
#2732 = DIRECTION ( 'NONE',  ( 0.000000000000000000, 0.000000000000000000, 1.000000000000000000 ) ) ;
#2733 = EDGE_CURVE ( 'NONE', #2285, #1526, #6978, .T. ) ;
#2734 = FACE_OUTER_BOUND ( 'NONE', #3427, .T. ) ;
#2735 = ORIENTED_EDGE ( 'NONE', *, *, #6705, .T. ) ;
#2736 = EDGE_CURVE ( 'NONE', #304, #2348, #1307, .T. ) ;
#2737 = CARTESIAN_POINT ( 'NONE',  ( -3.254361941448101980, -1.131957227084809503, -2.849999999999996980 ) ) ;
#2738 = DIRECTION ( 'NONE',  ( 0.000000000000000000, -0.000000000000000000, 1.000000000000000000 ) ) ;
#2739 = CARTESIAN_POINT ( 'NONE',  ( 1.050000000000000044, 0.000000000000000000, -2.850000000000000089 ) ) ;
#2740 = ORIENTED_EDGE ( 'NONE', *, *, #1485, .F. ) ;
#2741 = CARTESIAN_POINT ( 'NONE',  ( 8.972707634362802184E-16, -1.500000000000001110, -3.100000000000000977 ) ) ;
#2742 = LINE ( 'NONE', #5584, #5229 ) ;
#2743 = EDGE_CURVE ( 'NONE', #2051, #1709, #5957, .T. ) ;
#2744 = LINE ( 'NONE', #3255, #4173 ) ;
#2745 = DIRECTION ( 'NONE',  ( -0.000000000000000000, -0.000000000000000000, -1.000000000000000000 ) ) ;
#2746 = CARTESIAN_POINT ( 'NONE',  ( -2.299999999999999378, 2.925000000000001155, 0.6500000000000001332 ) ) ;
#2747 = CARTESIAN_POINT ( 'NONE',  ( -3.700000000000021494, -0.5000000000000002220, -6.049999999999997158 ) ) ;
#2748 = VERTEX_POINT ( 'NONE', #6396 ) ;
#2749 = CARTESIAN_POINT ( 'NONE',  ( 1.675000000000000711, -2.299999999999999378, 0.000000000000000000 ) ) ;
#2750 = EDGE_CURVE ( 'NONE', #2211, #4186, #1734, .T. ) ;
#2751 = DIRECTION ( 'NONE',  ( 1.211350928885219204E-29, -1.000000000000000000, 3.469446951953602356E-15 ) ) ;
#2752 = ORIENTED_EDGE ( 'NONE', *, *, #6470, .F. ) ;
#2753 = CARTESIAN_POINT ( 'NONE',  ( -3.437244651700125164, -5.168916494400138895, -4.049999999999998934 ) ) ;
#2754 = DIRECTION ( 'NONE',  ( -1.000000000000000000, -6.938893903907227392E-16, 0.000000000000000000 ) ) ;
#2755 = EDGE_CURVE ( 'NONE', #4338, #4676, #2315, .T. ) ;
#2756 = EDGE_LOOP ( 'NONE', ( #3631, #6703, #2215, #2888 ) ) ;
#2757 = DIRECTION ( 'NONE',  ( -1.591815266738517020E-30, 3.523657060577896116E-15, 1.000000000000000000 ) ) ;
#2758 = VERTEX_POINT ( 'NONE', #7059 ) ;
#2759 = ORIENTED_EDGE ( 'NONE', *, *, #2284, .T. ) ;
#2760 = VECTOR ( 'NONE', #4395, 1000.000000000000000 ) ;
#2761 = CARTESIAN_POINT ( 'NONE',  ( -2.299999999999999822, 2.299999999999999822, 0.4000000000000000222 ) ) ;
#2762 = DIRECTION ( 'NONE',  ( 1.000000000000000000, 0.000000000000000000, 0.000000000000000000 ) ) ;
#2763 = VERTEX_POINT ( 'NONE', #791 ) ;
#2764 = EDGE_CURVE ( 'NONE', #3053, #7259, #5846, .T. ) ;
#2765 = CARTESIAN_POINT ( 'NONE',  ( -3.300000000000016254, -4.000000000000000000, -4.748279434898257101 ) ) ;
#2766 = DIRECTION ( 'NONE',  ( 1.000000000000000000, -1.495451272393800528E-16, 0.000000000000000000 ) ) ;
#2767 = CONICAL_SURFACE ( 'NONE', #7124, 1.750000000000000000, 0.02268928027592633651 ) ;
#2768 = EDGE_LOOP ( 'NONE', ( #1474, #2110, #3088, #1389 ) ) ;
#2769 = VERTEX_POINT ( 'NONE', #4205 ) ;
#2770 = CARTESIAN_POINT ( 'NONE',  ( 0.000000000000000000, 0.000000000000000000, 0.000000000000000000 ) ) ;
#2771 = CARTESIAN_POINT ( 'NONE',  ( 2.936398330017313096, -0.9999999999999991118, -3.363715893440616611 ) ) ;
#2772 = EDGE_LOOP ( 'NONE', ( #5898, #2803, #5311, #736 ) ) ;
#2773 = VECTOR ( 'NONE', #1924, 1000.000000000000114 ) ;
#2774 = CARTESIAN_POINT ( 'NONE',  ( -3.492459649318765180, -1.298118622902359354, -3.853707218633753762 ) ) ;
#2775 = CARTESIAN_POINT ( 'NONE',  ( -2.299999999999999822, -2.925000000000000266, 0.6500000000000001332 ) ) ;
#2776 = EDGE_CURVE ( 'NONE', #3493, #1279, #3254, .T. ) ;
#2777 = CYLINDRICAL_SURFACE ( 'NONE', #2920, 0.4999999999999991673 ) ;
#2778 = VERTEX_POINT ( 'NONE', #6432 ) ;
#2779 = CYLINDRICAL_SURFACE ( 'NONE', #4812, 0.1000000000000000472 ) ;
#2780 = CIRCLE ( 'NONE', #543, 0.9000000000000014655 ) ;
#2781 = LINE ( 'NONE', #3804, #2177 ) ;
#2782 = VECTOR ( 'NONE', #1410, 1000.000000000000000 ) ;
#2783 = CARTESIAN_POINT ( 'NONE',  ( 3.700000000000017497, -1.999999999999998224, -5.231773687770115089 ) ) ;
#2784 = EDGE_CURVE ( 'NONE', #6901, #2320, #5740, .T. ) ;
#2785 = CYLINDRICAL_SURFACE ( 'NONE', #6902, 0.6250000000000001110 ) ;
#2786 = CARTESIAN_POINT ( 'NONE',  ( 4.104580082274612352, -5.609160164549190419, -5.049999999999998934 ) ) ;
#2787 = LINE ( 'NONE', #6742, #5167 ) ;
#2788 = EDGE_LOOP ( 'NONE', ( #2945, #3603, #6165, #189 ) ) ;
#2789 = CYLINDRICAL_SURFACE ( 'NONE', #6183, 0.09999999999999982514 ) ;
#2790 = VECTOR ( 'NONE', #6442, 1000.000000000000000 ) ;
#2791 = LINE ( 'NONE', #5631, #5262 ) ;
#2792 = ORIENTED_EDGE ( 'NONE', *, *, #7182, .F. ) ;
#2793 = LINE ( 'NONE', #4957, #3982 ) ;
#2794 = EDGE_CURVE ( 'NONE', #2348, #823, #6475, .T. ) ;
#2795 = AXIS2_PLACEMENT_3D ( 'NONE', #5430, #2594, #3731 ) ;
#2796 = DIRECTION ( 'NONE',  ( -3.491481338843133355E-15, 1.826686381626108585E-16, 1.000000000000000000 ) ) ;
#2797 =( LENGTH_UNIT ( ) NAMED_UNIT ( * ) SI_UNIT ( .MILLI., .METRE. ) );
#2798 = EDGE_LOOP ( 'NONE', ( #4807, #5349, #2985, #2840 ) ) ;
#2799 = ORIENTED_EDGE ( 'NONE', *, *, #761, .F. ) ;
#2800 = VECTOR ( 'NONE', #3515, 1000.000000000000000 ) ;
#2801 = CARTESIAN_POINT ( 'NONE',  ( -1.674999999999999822, 2.299999999999999822, 0.4000000000000000222 ) ) ;
#2802 = CARTESIAN_POINT ( 'NONE',  ( -3.300000000000018030, -2.000000000000000888, -5.231773687770131076 ) ) ;
#2803 = ORIENTED_EDGE ( 'NONE', *, *, #2937, .T. ) ;
#2804 = DIRECTION ( 'NONE',  ( -6.505213034913037648E-15, 1.000000000000000000, 0.000000000000000000 ) ) ;
#2805 = VECTOR ( 'NONE', #4500, 1000.000000000000000 ) ;
#2806 = ORIENTED_EDGE ( 'NONE', *, *, #5928, .T. ) ;
#2807 = ORIENTED_EDGE ( 'NONE', *, *, #492, .F. ) ;
#2808 = EDGE_CURVE ( 'NONE', #6901, #1909, #1420, .T. ) ;
#2809 = EDGE_CURVE ( 'NONE', #2778, #4232, #4790, .T. ) ;
#2810 = AXIS2_PLACEMENT_3D ( 'NONE', #6733, #2388, #1250 ) ;
#2811 = CARTESIAN_POINT ( 'NONE',  ( 2.828233073500719730, -0.9999999999999991118, -2.850000000000000977 ) ) ;
#2812 = CIRCLE ( 'NONE', #4095, 0.09999999999999982514 ) ;
#2813 = UNCERTAINTY_MEASURE_WITH_UNIT (LENGTH_MEASURE( 1.000000000000000082E-05 ), #1997, 'distance_accuracy_value', 'NONE');
#2814 = CARTESIAN_POINT ( 'NONE',  ( -3.683551088572483145, -1.756772294004485868, -4.601306728343174335 ) ) ;
#2815 = DIRECTION ( 'NONE',  ( -3.491481338843133355E-15, -1.396527051659257659E-16, -1.000000000000000000 ) ) ;
#2816 = ORIENTED_EDGE ( 'NONE', *, *, #198, .T. ) ;
#2817 = AXIS2_PLACEMENT_3D ( 'NONE', #1600, #6107, #3771 ) ;
#2818 = DIRECTION ( 'NONE',  ( -1.000000000000000000, -4.517509052022934484E-16, -3.491481338843133355E-15 ) ) ;
#2819 = VECTOR ( 'NONE', #5116, 1000.000000000000000 ) ;
#2820 = CARTESIAN_POINT ( 'NONE',  ( -3.746809205874641613, -5.788045602749174456, -5.049999999999998934 ) ) ;
#2821 = CARTESIAN_POINT ( 'NONE',  ( 3.655018759029681874, -1.289801280502447023, -5.021025263362324687 ) ) ;
#2822 = DIRECTION ( 'NONE',  ( 0.000000000000000000, -1.000000000000000000, 0.000000000000000000 ) ) ;
#2823 = CARTESIAN_POINT ( 'NONE',  ( 0.000000000000000000, 0.000000000000000000, 0.4000000000000000222 ) ) ;
#2824 = CARTESIAN_POINT ( 'NONE',  ( 1.450000000000000178, 1.499999999999999334, -3.158578643762690152 ) ) ;
#2825 = CARTESIAN_POINT ( 'NONE',  ( 2.299999999999999822, 1.675000000000000266, 0.6500000000000001332 ) ) ;
#2826 = DIRECTION ( 'NONE',  ( 0.000000000000000000, 0.000000000000000000, -1.000000000000000000 ) ) ;
#2827 = VECTOR ( 'NONE', #1533, 1000.000000000000000 ) ;
#2828 = EDGE_CURVE ( 'NONE', #658, #3474, #3543, .T. ) ;
#2829 = DIRECTION ( 'NONE',  ( 0.000000000000000000, -1.000000000000000000, 6.505213034913037648E-15 ) ) ;
#2830 = ORIENTED_EDGE ( 'NONE', *, *, #5190, .F. ) ;
#2831 = CARTESIAN_POINT ( 'NONE',  ( -2.900000000000000355, 2.400000000000000355, -3.200000000000000178 ) ) ;
#2832 = EDGE_CURVE ( 'NONE', #4423, #6857, #4829, .T. ) ;
#2833 = DIRECTION ( 'NONE',  ( 0.000000000000000000, 1.000000000000000000, 0.000000000000000000 ) ) ;
#2834 = DIRECTION ( 'NONE',  ( -3.252606517456511724E-15, 0.000000000000000000, -1.000000000000000000 ) ) ;
#2835 = VERTEX_POINT ( 'NONE', #942 ) ;
#2836 = ORIENTED_EDGE ( 'NONE', *, *, #278, .T. ) ;
#2837 = EDGE_CURVE ( 'NONE', #1709, #1549, #7093, .T. ) ;
#2838 = FACE_OUTER_BOUND ( 'NONE', #766, .T. ) ;
#2839 = DIRECTION ( 'NONE',  ( 1.000000000000000000, 0.000000000000000000, -3.491481338843133750E-15 ) ) ;
#2840 = ORIENTED_EDGE ( 'NONE', *, *, #5365, .F. ) ;
#2841 = CARTESIAN_POINT ( 'NONE',  ( 2.425000000000000266, -8.000000000000000000, -1.900000000000000133 ) ) ;
#2842 = CYLINDRICAL_SURFACE ( 'NONE', #5614, 0.09999999999999982514 ) ;
#2843 = EDGE_LOOP ( 'NONE', ( #4970, #3309, #3837, #5120, #83 ) ) ;
#2844 = ORIENTED_EDGE ( 'NONE', *, *, #1056, .F. ) ;
#2845 = CARTESIAN_POINT ( 'NONE',  ( 2.876494900217185346, -0.7372879175349912328, -2.990104334574713807 ) ) ;
#2846 = CARTESIAN_POINT ( 'NONE',  ( -3.700000000000018829, -1.954550755983153421, -3.433768060727972582 ) ) ;
#2847 = DIRECTION ( 'NONE',  ( -0.000000000000000000, -0.000000000000000000, -1.000000000000000000 ) ) ;
#2848 = EDGE_CURVE ( 'NONE', #974, #7162, #5981, .T. ) ;
#2849 = EDGE_LOOP ( 'NONE', ( #6637, #5376, #338, #3394 ) ) ;
#2850 = DIRECTION ( 'NONE',  ( -0.9417419115948372221, -0.3363363969981568724, 0.000000000000000000 ) ) ;
#2851 = CARTESIAN_POINT ( 'NONE',  ( -3.344139186151719567, -0.6948026880367446090, -2.850000000000001865 ) ) ;
#2852 = CARTESIAN_POINT ( 'NONE',  ( 3.492459649318765624, -1.298118622902357577, -3.853707218633753762 ) ) ;
#2853 = CARTESIAN_POINT ( 'NONE',  ( -3.200000000000000622, -4.336808689942017736E-16, -0.09999999999998968048 ) ) ;
#2854 = DIRECTION ( 'NONE',  ( 0.000000000000000000, 0.000000000000000000, 1.000000000000000000 ) ) ;
#2855 = CARTESIAN_POINT ( 'NONE',  ( 0.8499999999999999778, -0.4833333333333333925, -2.750000000000000000 ) ) ;
#2856 = DIRECTION ( 'NONE',  ( 0.000000000000000000, -1.000000000000000000, 0.000000000000000000 ) ) ;
#2857 = FACE_OUTER_BOUND ( 'NONE', #3749, .T. ) ;
#2858 = B_SPLINE_CURVE_WITH_KNOTS ( 'NONE', 2,
 ( #4694, #324, #2559 ),
 .UNSPECIFIED., .F., .F.,
 ( 3, 3 ),
 ( 0.000000000000000000, 1.000000000000000000 ),
 .UNSPECIFIED. ) ;
#2859 = DIRECTION ( 'NONE',  ( 0.000000000000000000, 0.000000000000000000, 1.000000000000000000 ) ) ;
#2860 = DIRECTION ( 'NONE',  ( -0.000000000000000000, -0.000000000000000000, -1.000000000000000000 ) ) ;
#2861 = DIRECTION ( 'NONE',  ( 1.000000000000000000, 0.000000000000000000, 0.000000000000000000 ) ) ;
#2862 = DIRECTION ( 'NONE',  ( -1.000000000000000000, 0.000000000000000000, 0.000000000000000000 ) ) ;
#2863 = EDGE_CURVE ( 'NONE', #5729, #7000, #5994, .T. ) ;
#2864 = CARTESIAN_POINT ( 'NONE',  ( 3.254361941448102424, -1.131957227084807949, -2.849999999999996980 ) ) ;
#2865 = ORIENTED_EDGE ( 'NONE', *, *, #4124, .T. ) ;
#2866 = ORIENTED_EDGE ( 'NONE', *, *, #3635, .T. ) ;
#2867 = LINE ( 'NONE', #6340, #6330 ) ;
#2868 = LINE ( 'NONE', #2385, #3148 ) ;
#2869 = EDGE_LOOP ( 'NONE', ( #6030, #986, #955, #5383 ) ) ;
#2870 = DIRECTION ( 'NONE',  ( 4.517509052022934484E-16, -1.000000000000000000, 0.000000000000000000 ) ) ;
#2871 = CARTESIAN_POINT ( 'NONE',  ( 0.8499999999999999778, 2.600000000000000533, -2.799999999999999822 ) ) ;
#2872 = EDGE_CURVE ( 'NONE', #567, #50, #2867, .T. ) ;
#2873 = ORIENTED_EDGE ( 'NONE', *, *, #7242, .T. ) ;
#2874 = VERTEX_POINT ( 'NONE', #3449 ) ;
#2875 = FILL_AREA_STYLE_COLOUR ( '', #6111 ) ;
#2876 = VECTOR ( 'NONE', #4476, 1000.000000000000000 ) ;
#2877 = CARTESIAN_POINT ( 'NONE',  ( -3.700000000000018385, -0.1944444444444450582, -5.371878022344830583 ) ) ;
#2878 = CARTESIAN_POINT ( 'NONE',  ( -2.299999999999999378, 1.963427199554093505, 0.9000000000000001332 ) ) ;
#2879 = ADVANCED_FACE ( 'NONE', ( #2838 ), #4557, .T. ) ;
#2880 = EDGE_LOOP ( 'NONE', ( #5128, #2671, #3270, #4991 ) ) ;
#2881 = PLANE ( 'NONE',  #4004 ) ;
#2882 = LINE ( 'NONE', #1261, #2883 ) ;
#2883 = VECTOR ( 'NONE', #2915, 1000.000000000000000 ) ;
#2884 = CARTESIAN_POINT ( 'NONE',  ( 3.700000000000019718, -1.954550755983151644, -3.433768060727972582 ) ) ;
#2885 = VECTOR ( 'NONE', #4906, 1000.000000000000000 ) ;
#2886 = DIRECTION ( 'NONE',  ( 1.000000000000000000, 0.000000000000000000, -3.491481338843133355E-15 ) ) ;
#2887 = DIRECTION ( 'NONE',  ( -1.000000000000000000, 0.000000000000000000, 0.000000000000000000 ) ) ;
#2888 = ORIENTED_EDGE ( 'NONE', *, *, #6086, .F. ) ;
#2889 = DIRECTION ( 'NONE',  ( 0.000000000000000000, 1.000000000000000000, 0.000000000000000000 ) ) ;
#2890 = DIRECTION ( 'NONE',  ( 0.4472135954999583718, -0.8944271909999157444, 0.000000000000000000 ) ) ;
#2891 = DIRECTION ( 'NONE',  ( -1.000000000000000000, 0.000000000000000000, 0.000000000000000000 ) ) ;
#2892 = EDGE_CURVE ( 'NONE', #1180, #4592, #1258, .T. ) ;
#2893 = ADVANCED_FACE ( 'NONE', ( #1804 ), #5790, .T. ) ;
#2894 = CARTESIAN_POINT ( 'NONE',  ( 0.8499999999999999778, -1.683333333333333570, -2.799999999999999822 ) ) ;
#2895 = LINE ( 'NONE', #5105, #3707 ) ;
#2896 = CARTESIAN_POINT ( 'NONE',  ( -1.674999999999999822, 2.299999999999999822, 0.4000000000000000222 ) ) ;
#2897 = CARTESIAN_POINT ( 'NONE',  ( 3.343803370996313973, -1.305601146198355655, -2.849999999999998757 ) ) ;
#2898 = ORIENTED_EDGE ( 'NONE', *, *, #7121, .T. ) ;
#2899 = VERTEX_POINT ( 'NONE', #2940 ) ;
#2900 = DIRECTION ( 'NONE',  ( -4.517509052022934484E-16, 1.000000000000000000, 4.336808689942044557E-15 ) ) ;
#2901 = PLANE ( 'NONE',  #6339 ) ;
#2902 = VECTOR ( 'NONE', #645, 1000.000000000000000 ) ;
#2903 = DIRECTION ( 'NONE',  ( -1.000000000000000000, 0.000000000000000000, 0.000000000000000000 ) ) ;
#2904 = DIRECTION ( 'NONE',  ( 3.491481338843133750E-15, 1.577279855319300773E-30, -1.000000000000000000 ) ) ;
#2905 =( NAMED_UNIT ( * ) SI_UNIT ( $, .STERADIAN. ) SOLID_ANGLE_UNIT ( ) );
#2906 = ORIENTED_EDGE ( 'NONE', *, *, #218, .F. ) ;
#2907 = ORIENTED_EDGE ( 'NONE', *, *, #5437, .F. ) ;
#2908 = VECTOR ( 'NONE', #5672, 1000.000000000000000 ) ;
#2909 = CARTESIAN_POINT ( 'NONE',  ( 3.300000000000018474, -0.9999999999999988898, -5.231773687770131076 ) ) ;
#2910 = VECTOR ( 'NONE', #758, 1000.000000000000000 ) ;
#2911 = CARTESIAN_POINT ( 'NONE',  ( -3.670852167465112448, -0.5289764490115642648, -5.021396305607317423 ) ) ;
#2912 = FACE_OUTER_BOUND ( 'NONE', #4806, .T. ) ;
#2913 = ORIENTED_EDGE ( 'NONE', *, *, #94, .F. ) ;
#2914 = CARTESIAN_POINT ( 'NONE',  ( 2.900000000000000355, 2.399999999999999467, -3.100000000000000977 ) ) ;
#2915 = DIRECTION ( 'NONE',  ( -0.000000000000000000, -0.000000000000000000, -1.000000000000000000 ) ) ;
#2916 = CIRCLE ( 'NONE', #928, 1.300000000000000044 ) ;
#2917 = AXIS2_PLACEMENT_3D ( 'NONE', #403, #517, #3858 ) ;
#2918 = ADVANCED_FACE ( 'NONE', ( #3940 ), #702, .F. ) ;
#2919 = CARTESIAN_POINT ( 'NONE',  ( 3.700000000000011724, -1.955290967240469246, -3.854081064452107519 ) ) ;
#2920 = AXIS2_PLACEMENT_3D ( 'NONE', #2974, #4473, #1916 ) ;
#2921 = CIRCLE ( 'NONE', #5648, 0.09999999999999982514 ) ;
#2922 = LINE ( 'NONE', #3438, #4656 ) ;
#2923 = CARTESIAN_POINT ( 'NONE',  ( -2.900000000000000355, -1.599999999999999201, -3.100000000000000977 ) ) ;
#2924 = ORIENTED_EDGE ( 'NONE', *, *, #761, .T. ) ;
#2925 = DIRECTION ( 'NONE',  ( 2.602085213965209064E-15, -1.734723475976804333E-15, -1.000000000000000000 ) ) ;
#2926 = CARTESIAN_POINT ( 'NONE',  ( -3.000000000000000000, 0.000000000000000000, -2.850000000000000089 ) ) ;
#2927 = B_SPLINE_CURVE_WITH_KNOTS ( 'NONE', 3,
 ( #2415, #5108, #624, #1834, #6270, #5818, #2897, #2864, #2453, #6234, #3520, #4073, #6299, #1241, #1278, #5785 ),
 .UNSPECIFIED., .F., .F.,
 ( 4, 1, 1, 1, 1, 1, 1, 1, 1, 1, 1, 1, 1, 4 ),
 ( 0.000000000000000000, 0.06250000000000000000, 0.1250000000000000000, 0.1666666666666666574, 0.2500000000000000000, 0.3750000000000000000, 0.4444444444444444198, 0.5000000000000000000, 0.5555555555555555802, 0.6250000000000000000, 0.7500000000000000000, 0.8333333333333333703, 0.8750000000000000000, 1.000000000000000000 ),
 .UNSPECIFIED. ) ;
#2928 = AXIS2_PLACEMENT_3D ( 'NONE', #3862, #6749, #1694 ) ;
#2929 = ADVANCED_FACE ( 'NONE', ( #6273 ), #5188, .T. ) ;
#2930 = VECTOR ( 'NONE', #2529, 1000.000000000000000 ) ;
#2931 = DIRECTION ( 'NONE',  ( -1.000000000000000000, 0.000000000000000000, 0.000000000000000000 ) ) ;
#2932 = DIRECTION ( 'NONE',  ( 1.000000000000000000, 6.938893903907227392E-16, 0.000000000000000000 ) ) ;
#2933 = DIRECTION ( 'NONE',  ( 1.000000000000000000, 0.000000000000000000, 0.000000000000000000 ) ) ;
#2934 = LINE ( 'NONE', #5076, #3028 ) ;
#2935 = CONICAL_SURFACE ( 'NONE', #6596, 1.750000000000000000, 0.02268928027592633651 ) ;
#2936 = DIRECTION ( 'NONE',  ( 0.000000000000000000, 1.000000000000000000, 0.000000000000000000 ) ) ;
#2937 = EDGE_CURVE ( 'NONE', #4564, #1351, #44, .T. ) ;
#2938 = EDGE_LOOP ( 'NONE', ( #773, #1035, #5020, #3084 ) ) ;
#2939 = ORIENTED_EDGE ( 'NONE', *, *, #2837, .F. ) ;
#2940 = CARTESIAN_POINT ( 'NONE',  ( 2.899999999999999911, -2.499999999999999556, -2.850000000000000089 ) ) ;
#2941 = VECTOR ( 'NONE', #3402, 1000.000000000000000 ) ;
#2942 = CARTESIAN_POINT ( 'NONE',  ( 3.700000000000016609, 1.237797480254291460E-15, -4.748279434898255325 ) ) ;
#2943 = CARTESIAN_POINT ( 'NONE',  ( 2.973145600891814233, -2.636572800445908804, 0.9000000000000002442 ) ) ;
#2944 = CARTESIAN_POINT ( 'NONE',  ( -2.299999999999999822, -2.299999999999999822, 0.4000000000000000222 ) ) ;
#2945 = ORIENTED_EDGE ( 'NONE', *, *, #3457, .T. ) ;
#2946 = ADVANCED_FACE ( 'NONE', ( #6852 ), #4044, .F. ) ;
#2947 = VERTEX_POINT ( 'NONE', #3422 ) ;
#2948 = CARTESIAN_POINT ( 'NONE',  ( 3.135054598115170066, -0.7393959462822986550, -4.391147680321848767 ) ) ;
#2949 = CARTESIAN_POINT ( 'NONE',  ( -3.683546491039677129, -0.2083699475279159052, -3.854088286177020262 ) ) ;
#2950 = CARTESIAN_POINT ( 'NONE',  ( 1.050000000000000044, -2.900000000000000355, -2.850000000000000089 ) ) ;
#2951 = EDGE_LOOP ( 'NONE', ( #6896, #6936, #6158, #4421 ) ) ;
#2952 = EDGE_CURVE ( 'NONE', #194, #5087, #6785, .T. ) ;
#2953 = CARTESIAN_POINT ( 'NONE',  ( 0.8499999999999999778, 1.733333333333333171, -2.649999999999999911 ) ) ;
#2954 = DIRECTION ( 'NONE',  ( 0.000000000000000000, -1.000000000000000000, 0.000000000000000000 ) ) ;
#2955 = EDGE_CURVE ( 'NONE', #1116, #6179, #1697, .T. ) ;
#2956 = ORIENTED_EDGE ( 'NONE', *, *, #2699, .F. ) ;
#2957 = CARTESIAN_POINT ( 'NONE',  ( 3.700000000000018385, -0.08660584626043085765, -4.601304182183914904 ) ) ;
#2958 = PLANE ( 'NONE',  #5256 ) ;
#2959 = DIRECTION ( 'NONE',  ( 0.000000000000000000, 0.000000000000000000, 1.000000000000000000 ) ) ;
#2960 = VERTEX_POINT ( 'NONE', #1732 ) ;
#2961 = ADVANCED_FACE ( 'NONE', ( #6202 ), #3975, .T. ) ;
#2962 = LINE ( 'NONE', #4066, #1655 ) ;
#2963 = CARTESIAN_POINT ( 'NONE',  ( 3.437244651700126497, -5.168916494400136230, -4.049999999999998934 ) ) ;
#2964 = CARTESIAN_POINT ( 'NONE',  ( 0.8499999999999999778, 2.600000000000000533, -2.799999999999999822 ) ) ;
#2965 = CARTESIAN_POINT ( 'NONE',  ( -3.200000000000000622, 2.195509399283147268E-15, 0.4000000000000095701 ) ) ;
#2966 = CYLINDRICAL_SURFACE ( 'NONE', #5604, 0.9000000000000014655 ) ;
#2967 = FACE_OUTER_BOUND ( 'NONE', #43, .T. ) ;
#2968 = DIRECTION ( 'NONE',  ( -0.9438583563660174480, -0.3303504247281062733, 0.000000000000000000 ) ) ;
#2969 = ORIENTED_EDGE ( 'NONE', *, *, #5230, .F. ) ;
#2970 = EDGE_LOOP ( 'NONE', ( #859, #6209, #6161, #938 ) ) ;
#2971 = LINE ( 'NONE', #3487, #1154 ) ;
#2972 = CARTESIAN_POINT ( 'NONE',  ( -3.000000000000000000, 3.000000000000000000, 0.4000000000000000222 ) ) ;
#2973 = VERTEX_POINT ( 'NONE', #6239 ) ;
#2974 = CARTESIAN_POINT ( 'NONE',  ( 3.657366486774653147, -5.832766962299167801, -4.050000000000012257 ) ) ;
#2975 = ORIENTED_EDGE ( 'NONE', *, *, #135, .T. ) ;
#2976 = VERTEX_POINT ( 'NONE', #5681 ) ;
#2977 = CARTESIAN_POINT ( 'NONE',  ( 3.300000000000018030, -0.2052944619609988197, -5.231773687770131076 ) ) ;
#2978 = EDGE_CURVE ( 'NONE', #6173, #1453, #1374, .T. ) ;
#2979 = CARTESIAN_POINT ( 'NONE',  ( -3.643760476893855849, -0.8779546981471503253, -5.020662763942602247 ) ) ;
#2980 = CYLINDRICAL_SURFACE ( 'NONE', #6083, 0.09999999999999982514 ) ;
#2981 = ORIENTED_EDGE ( 'NONE', *, *, #5071, .F. ) ;
#2982 = FACE_OUTER_BOUND ( 'NONE', #2530, .T. ) ;
#2983 = CARTESIAN_POINT ( 'NONE',  ( -2.876494900217184014, -1.262712082465008434, -2.850000000000002753 ) ) ;
#2984 = CARTESIAN_POINT ( 'NONE',  ( -3.469184676373341603, -0.5358284726501666428, -2.849999999999996092 ) ) ;
#2985 = ORIENTED_EDGE ( 'NONE', *, *, #3773, .T. ) ;
#2986 = VECTOR ( 'NONE', #143, 1000.000000000000000 ) ;
#2987 = EDGE_CURVE ( 'NONE', #5454, #7103, #4014, .T. ) ;
#2988 = CARTESIAN_POINT ( 'NONE',  ( 3.700000000000018385, -0.1944444444444433651, -5.371878022344830583 ) ) ;
#2989 = CARTESIAN_POINT ( 'NONE',  ( 1.050000000000000044, -2.900000000000000355, -3.100000000000000977 ) ) ;
#2990 = FACE_OUTER_BOUND ( 'NONE', #5496, .T. ) ;
#2991 = EDGE_LOOP ( 'NONE', ( #6610, #5660 ) ) ;
#2992 = LINE ( 'NONE', #794, #1529 ) ;
#2993 = VECTOR ( 'NONE', #2244, 1000.000000000000000 ) ;
#2994 = CARTESIAN_POINT ( 'NONE',  ( 2.300000000000000266, 2.299999999999999378, 0.9000000000000001332 ) ) ;
#2995 = DIRECTION ( 'NONE',  ( -1.211350928885219204E-29, 1.000000000000000000, -3.469446951953602356E-15 ) ) ;
#2996 = DIRECTION ( 'NONE',  ( 0.000000000000000000, -1.000000000000000000, 3.523657060577896116E-15 ) ) ;
#2997 = EDGE_CURVE ( 'NONE', #5031, #3953, #151, .T. ) ;
#2998 = CARTESIAN_POINT ( 'NONE',  ( 1.149999999999999911, 3.000000000000000000, -3.100000000000000977 ) ) ;
#2999 = CARTESIAN_POINT ( 'NONE',  ( -1.350000000000000089, 3.000000000000000000, -2.850000000000000089 ) ) ;
#3000 = SPHERICAL_SURFACE ( 'NONE', #5525, 0.1000000000000000056 ) ;
#3001 = VERTEX_POINT ( 'NONE', #6885 ) ;
#3002 = ORIENTED_EDGE ( 'NONE', *, *, #336, .F. ) ;
#3003 = VECTOR ( 'NONE', #3498, 1000.000000000000000 ) ;
#3004 = DIRECTION ( 'NONE',  ( -1.000000000000000000, 0.000000000000000000, 0.000000000000000000 ) ) ;
#3005 = DIRECTION ( 'NONE',  ( -1.000000000000000000, 0.000000000000000000, 0.000000000000000000 ) ) ;
#3006 = EDGE_CURVE ( 'NONE', #3800, #2139, #4078, .T. ) ;
#3007 = DIRECTION ( 'NONE',  ( 0.000000000000000000, 1.000000000000000000, 0.000000000000000000 ) ) ;
#3008 = ORIENTED_EDGE ( 'NONE', *, *, #5309, .F. ) ;
#3009 = CARTESIAN_POINT ( 'NONE',  ( -2.299999999999999822, -2.299999999999999822, 0.9000000000000001332 ) ) ;
#3010 = VERTEX_POINT ( 'NONE', #1321 ) ;
#3011 = ORIENTED_EDGE ( 'NONE', *, *, #900, .F. ) ;
#3012 = VECTOR ( 'NONE', #5922, 1000.000000000000000 ) ;
#3013 = CARTESIAN_POINT ( 'NONE',  ( 1.450000000000000400, 2.500000000000001332, -3.100000000000000977 ) ) ;
#3014 = CARTESIAN_POINT ( 'NONE',  ( -3.700000000000016609, -0.7118385812726744089, -5.230156396081302894 ) ) ;
#3015 = LINE ( 'NONE', #5273, #6788 ) ;
#3016 = AXIS2_PLACEMENT_3D ( 'NONE', #105, #144, #6844 ) ;
#3017 = ORIENTED_EDGE ( 'NONE', *, *, #332, .T. ) ;
#3018 = LINE ( 'NONE', #5837, #4285 ) ;
#3019 = CARTESIAN_POINT ( 'NONE',  ( 0.8499999999999999778, 0.4833333333333333925, -2.750000000000000000 ) ) ;
#3020 = ADVANCED_FACE ( 'NONE', ( #4260, #1354, #5901, #3157, #4767, #6448 ), #261, .F. ) ;
#3021 = CARTESIAN_POINT ( 'NONE',  ( 3.751540677934137147, -5.866400601998984499, -5.049999999999998934 ) ) ;
#3022 = ORIENTED_EDGE ( 'NONE', *, *, #7164, .T. ) ;
#3023 = AXIS2_PLACEMENT_3D ( 'NONE', #797, #4108, #6517 ) ;
#3024 = CARTESIAN_POINT ( 'NONE',  ( 3.683546491039677129, -0.2083699475279142677, -3.854088286177020262 ) ) ;
#3025 = CARTESIAN_POINT ( 'NONE',  ( -3.300000000000014477, -7.199999999999999289, -4.049999999999998934 ) ) ;
#3026 = LINE ( 'NONE', #1308, #4914 ) ;
#3027 = EDGE_LOOP ( 'NONE', ( #206, #3570, #5795, #1251 ) ) ;
#3028 = VECTOR ( 'NONE', #4071, 1000.000000000000000 ) ;
#3029 = DIRECTION ( 'NONE',  ( -2.312604857413967285E-15, 0.8320502943378437211, 0.5547001962252291474 ) ) ;
#3030 = CIRCLE ( 'NONE', #1045, 1.725037507957206451 ) ;
#3032 = EDGE_CURVE ( 'NONE', #3800, #5297, #6524, .T. ) ;
#3031 = CARTESIAN_POINT ( 'NONE',  ( 1.450000000000000178, 1.499999999999999334, -3.100000000000000977 ) ) ;
#3033 = DIRECTION ( 'NONE',  ( 0.000000000000000000, 0.000000000000000000, 1.000000000000000000 ) ) ;
#3034 = CIRCLE ( 'NONE', #5997, 0.6250000000000001110 ) ;
#3035 = CARTESIAN_POINT ( 'NONE',  ( -2.299999999999999822, -2.299999999999999822, 0.6500000000000001332 ) ) ;
#3036 = CARTESIAN_POINT ( 'NONE',  ( 3.200000000000000622, 3.641112295930486776E-15, 0.4000000000000095701 ) ) ;
#3037 = PLANE ( 'NONE',  #3981 ) ;
#3038 = CARTESIAN_POINT ( 'NONE',  ( -3.200000000000000622, 3.000000000000001332, 0.3999999999999989675 ) ) ;
#3039 = ORIENTED_EDGE ( 'NONE', *, *, #2391, .F. ) ;
#3040 = VERTEX_POINT ( 'NONE', #3596 ) ;
#3041 = VECTOR ( 'NONE', #2209, 1000.000000000000000 ) ;
#3042 = EDGE_CURVE ( 'NONE', #7184, #2947, #3080, .T. ) ;
#3043 = VECTOR ( 'NONE', #5263, 1000.000000000000000 ) ;
#3044 = DIRECTION ( 'NONE',  ( 0.000000000000000000, 0.000000000000000000, -1.000000000000000000 ) ) ;
#3045 = EDGE_CURVE ( 'NONE', #4232, #2682, #1381, .T. ) ;
#3046 = PLANE ( 'NONE',  #1392 ) ;
#3047 = CIRCLE ( 'NONE', #1767, 0.09999999999999982514 ) ;
#3048 = CIRCLE ( 'NONE', #827, 0.05000000000000012768 ) ;
#3049 = DIRECTION ( 'NONE',  ( -0.000000000000000000, -0.000000000000000000, -1.000000000000000000 ) ) ;
#3050 = ORIENTED_EDGE ( 'NONE', *, *, #4826, .T. ) ;
#3051 = FACE_OUTER_BOUND ( 'NONE', #1141, .T. ) ;
#3052 = ORIENTED_EDGE ( 'NONE', *, *, #5626, .T. ) ;
#3053 = VERTEX_POINT ( 'NONE', #3670 ) ;
#3054 = ADVANCED_FACE ( 'NONE', ( #2023 ), #1876, .T. ) ;
#3055 = VECTOR ( 'NONE', #1335, 1000.000000000000000 ) ;
#3056 = CARTESIAN_POINT ( 'NONE',  ( -3.300000000000011813, -4.336808689942017736E-16, -3.363715893440616611 ) ) ;
#3057 = ORIENTED_EDGE ( 'NONE', *, *, #725, .F. ) ;
#3058 = CARTESIAN_POINT ( 'NONE',  ( -0.8499999999999999778, -2.600000000000000533, -2.649999999999999911 ) ) ;
#3059 = LINE ( 'NONE', #6388, #5243 ) ;
#3060 = ORIENTED_EDGE ( 'NONE', *, *, #6768, .F. ) ;
#3061 = FACE_OUTER_BOUND ( 'NONE', #647, .T. ) ;
#3062 = LINE ( 'NONE', #3653, #1183 ) ;
#3063 = LINE ( 'NONE', #5314, #4170 ) ;
#3064 = ORIENTED_EDGE ( 'NONE', *, *, #3806, .F. ) ;
#3065 = ADVANCED_FACE ( 'NONE', ( #3708 ), #7074, .T. ) ;
#3066 = CARTESIAN_POINT ( 'NONE',  ( 3.565513906344174977, -0.5325853521364805054, -3.853941561104275326 ) ) ;
#3067 = CARTESIAN_POINT ( 'NONE',  ( -1.899999999999999689, -7.500000000000000000, -2.200000000000000178 ) ) ;
#3068 = CARTESIAN_POINT ( 'NONE',  ( -1.800000000000000266, 0.000000000000000000, 0.4000000000000000222 ) ) ;
#3069 = ORIENTED_EDGE ( 'NONE', *, *, #84, .T. ) ;
#3070 = LINE ( 'NONE', #4691, #2346 ) ;
#3071 = CARTESIAN_POINT ( 'NONE',  ( 0.000000000000000000, 0.000000000000000000, -2.799999999999999822 ) ) ;
#3072 = PLANE ( 'NONE',  #4787 ) ;
#3073 = ADVANCED_FACE ( 'NONE', ( #7033 ), #3556, .T. ) ;
#3074 = CARTESIAN_POINT ( 'NONE',  ( -2.299999999999999822, 2.636572800445907472, 0.9000000000000001332 ) ) ;
#3075 = LINE ( 'NONE', #2562, #2790 ) ;
#3076 = CARTESIAN_POINT ( 'NONE',  ( 2.243176908590702025E-15, 2.500000000000002665, -3.100000000000000977 ) ) ;
#3077 = CARTESIAN_POINT ( 'NONE',  ( 3.300000000000021583, 0.2915135853376580877, -6.287270378006486915 ) ) ;
#3078 = ORIENTED_EDGE ( 'NONE', *, *, #755, .T. ) ;
#3079 = ORIENTED_EDGE ( 'NONE', *, *, #6224, .T. ) ;
#3080 = LINE ( 'NONE', #2492, #209 ) ;
#3081 = DIRECTION ( 'NONE',  ( 8.673617379884049672E-15, 1.000000000000000000, 0.000000000000000000 ) ) ;
#3082 = ADVANCED_FACE ( 'NONE', ( #4117 ), #880, .F. ) ;
#3083 = FACE_BOUND ( 'NONE', #3917, .T. ) ;
#3084 = ORIENTED_EDGE ( 'NONE', *, *, #3032, .T. ) ;
#3085 = CARTESIAN_POINT ( 'NONE',  ( 3.352432279564661055, -6.983904117433509029, -4.049999999999998934 ) ) ;
#3086 = ADVANCED_FACE ( 'NONE', ( #1912 ), #4182, .T. ) ;
#3087 = VERTEX_POINT ( 'NONE', #4660 ) ;
#3088 = ORIENTED_EDGE ( 'NONE', *, *, #1788, .T. ) ;
#3089 = VERTEX_POINT ( 'NONE', #5410 ) ;
#3090 = EDGE_CURVE ( 'NONE', #6616, #4474, #4224, .T. ) ;
#3091 = DIRECTION ( 'NONE',  ( 2.602085213965208275E-15, 1.734723475976805517E-15, 1.000000000000000000 ) ) ;
#3092 = DIRECTION ( 'NONE',  ( -0.000000000000000000, -0.000000000000000000, -1.000000000000000000 ) ) ;
#3093 = ORIENTED_EDGE ( 'NONE', *, *, #2340, .T. ) ;
#3094 = ORIENTED_EDGE ( 'NONE', *, *, #5578, .F. ) ;
#3095 = CARTESIAN_POINT ( 'NONE',  ( 4.128237442572070925, -6.000935160798246848, -4.049999999999998934 ) ) ;
#3096 = DIRECTION ( 'NONE',  ( -1.000000000000000000, 0.000000000000000000, 0.000000000000000000 ) ) ;
#3097 = ORIENTED_EDGE ( 'NONE', *, *, #6669, .F. ) ;
#3098 = ADVANCED_FACE ( 'NONE', ( #5936 ), #333, .T. ) ;
#3099 = CARTESIAN_POINT ( 'NONE',  ( 3.696433950078047204, -0.1979260160679777170, -5.021628620305819801 ) ) ;
#3100 = DIRECTION ( 'NONE',  ( 0.000000000000000000, 0.000000000000000000, 1.000000000000000000 ) ) ;
#3101 = DIRECTION ( 'NONE',  ( 0.000000000000000000, 3.523657060577897299E-15, 1.000000000000000000 ) ) ;
#3102 = ORIENTED_EDGE ( 'NONE', *, *, #1788, .F. ) ;
#3103 = LINE ( 'NONE', #2515, #5772 ) ;
#3104 = DIRECTION ( 'NONE',  ( -2.602085213965208275E-15, -1.734723475976805517E-15, -1.000000000000000000 ) ) ;
#3105 = CARTESIAN_POINT ( 'NONE',  ( 3.000000000000000000, 3.000000000000000000, -3.200000000000000178 ) ) ;
#3106 = DIRECTION ( 'NONE',  ( -1.000000000000000000, 0.000000000000000000, 0.000000000000000000 ) ) ;
#3107 = CIRCLE ( 'NONE', #6536, 0.05000000000000012768 ) ;
#3108 = CARTESIAN_POINT ( 'NONE',  ( -1.050000000000000044, 0.000000000000000000, -2.850000000000000089 ) ) ;
#3109 = LINE ( 'NONE', #5932, #5633 ) ;
#3110 = DIRECTION ( 'NONE',  ( 0.000000000000000000, -1.000000000000000000, 0.000000000000000000 ) ) ;
#3111 = ORIENTED_EDGE ( 'NONE', *, *, #5497, .T. ) ;
#3112 = ORIENTED_EDGE ( 'NONE', *, *, #689, .F. ) ;
#3113 = EDGE_CURVE ( 'NONE', #6356, #2976, #6921, .T. ) ;
#3114 = EDGE_CURVE ( 'NONE', #331, #3166, #6410, .T. ) ;
#3115 = AXIS2_PLACEMENT_3D ( 'NONE', #5804, #5769, #717 ) ;
#3116 = CARTESIAN_POINT ( 'NONE',  ( 1.149999999999999911, 2.900000000000000355, -3.100000000000000977 ) ) ;
#3117 = CARTESIAN_POINT ( 'NONE',  ( -0.8499999999999997558, -0.4333333333333333481, -2.649999999999999911 ) ) ;
#3118 = B_SPLINE_SURFACE_WITH_KNOTS ( 'NONE', 3, 3, ( 
 ( #6687, #7234, #5656, #1635, #569, #2811, #3836, #5576, #6729, #6647, #460 ),
 ( #7274, #531, #605, #4940, #3882, #1083, #2845, #6145, #7200, #3322, #5963 ),
 ( #2148, #1043, #5615, #4387, #1595, #2771, #5013, #6101, #3286, #2221, #5542 ),
 ( #5055, #500, #4467, #3916, #6174, #1115, #3356, #2257, #1705, #3948, #1005 ),
 ( #52, #6211, #2287, #4530, #6794, #3698, #2948, #5196, #5760, #6859, #3533 ),
 ( #710, #5160, #6251, #6892, #157, #4632, #5797, #5830, #2467, #1812, #5232 ),
 ( #3460, #740, #1328, #5724, #127, #2909, #6385, #4050, #2977, #190, #1781 ),
 ( #1848, #4567, #5687, #6313, #2392, #3495, #3565, #635, #2360, #1254, #779 ) ),
 .UNSPECIFIED., .F., .F., .F.,
 ( 4, 1, 1, 1, 1, 4 ),
 ( 4, 1, 1, 1, 1, 1, 1, 1, 4 ),
 ( 0.000000000000000000, 0.1666666666666666574, 0.4444444444444444198, 0.5555555555555555802, 0.8333333333333333703, 1.000000000000000000 ),
 ( 0.000000000000000000, 0.1412750262748332375, 0.1666666666666666574, 0.4444444444444444198, 0.5000000000000000000, 0.5555555555555555802, 0.8333333333333333703, 0.8587249737251667625, 1.000000000000000000 ),
 .UNSPECIFIED. ) ;
#3119 = FACE_BOUND ( 'NONE', #1627, .T. ) ;
#3120 = ORIENTED_EDGE ( 'NONE', *, *, #3793, .T. ) ;
#3121 = CARTESIAN_POINT ( 'NONE',  ( -3.700000000000021494, -0.5000000000000002220, -6.049999999999997158 ) ) ;
#3122 = AXIS2_PLACEMENT_3D ( 'NONE', #3839, #3178, #6031 ) ;
#3123 = ORIENTED_EDGE ( 'NONE', *, *, #5373, .F. ) ;
#3124 = ORIENTED_EDGE ( 'NONE', *, *, #104, .T. ) ;
#3125 = CARTESIAN_POINT ( 'NONE',  ( -3.300000000000010481, -1.905816649150112285, -2.990104334574712919 ) ) ;
#3126 = AXIS2_PLACEMENT_3D ( 'NONE', #5494, #3680, #3206 ) ;
#3127 = FACE_OUTER_BOUND ( 'NONE', #4966, .T. ) ;
#3128 = LINE ( 'NONE', #2068, #5971 ) ;
#3129 = VERTEX_POINT ( 'NONE', #5521 ) ;
#3130 = EDGE_LOOP ( 'NONE', ( #1326, #7227, #5228, #3361 ) ) ;
#3131 = CARTESIAN_POINT ( 'NONE',  ( -3.300000000000010036, -1.905816649150112285, -2.850000000000001865 ) ) ;
#3132 = AXIS2_PLACEMENT_3D ( 'NONE', #1217, #5537, #5085 ) ;
#3133 = DIRECTION ( 'NONE',  ( -1.000000000000000000, -6.938893903907227392E-16, 0.000000000000000000 ) ) ;
#3134 = ADVANCED_FACE ( 'NONE', ( #4404 ), #3224, .T. ) ;
#3135 = ORIENTED_EDGE ( 'NONE', *, *, #4826, .F. ) ;
#3136 = EDGE_CURVE ( 'NONE', #4559, #3492, #985, .T. ) ;
#3137 = VECTOR ( 'NONE', #6185, 1000.000000000000000 ) ;
#3138 = DIRECTION ( 'NONE',  ( 3.491481338843133355E-15, 1.577279855319300948E-30, -1.000000000000000000 ) ) ;
#3139 = FACE_OUTER_BOUND ( 'NONE', #4120, .T. ) ;
#3140 = DIRECTION ( 'NONE',  ( -4.517509052022934484E-16, 1.000000000000000000, 0.000000000000000000 ) ) ;
#3141 = ORIENTED_EDGE ( 'NONE', *, *, #2378, .F. ) ;
#3142 = CYLINDRICAL_SURFACE ( 'NONE', #1887, 0.9000000000000014655 ) ;
#3143 = CARTESIAN_POINT ( 'NONE',  ( -1.674999999999999822, 2.299999999999999822, 0.6500000000000001332 ) ) ;
#3144 = ADVANCED_FACE ( 'NONE', ( #3338 ), #5443, .T. ) ;
#3145 = EDGE_CURVE ( 'NONE', #2623, #7120, #5479, .T. ) ;
#3146 = VECTOR ( 'NONE', #7254, 1000.000000000000000 ) ;
#3147 = DIRECTION ( 'NONE',  ( -1.000000000000000000, 0.000000000000000000, 0.000000000000000000 ) ) ;
#3148 = VECTOR ( 'NONE', #5752, 1000.000000000000000 ) ;
#3149 = LINE ( 'NONE', #287, #1727 ) ;
#3150 = DIRECTION ( 'NONE',  ( -1.000000000000000000, -4.517509052022934484E-16, -3.491481338843133355E-15 ) ) ;
#3151 = FACE_OUTER_BOUND ( 'NONE', #1886, .T. ) ;
#3152 = EDGE_LOOP ( 'NONE', ( #4600, #4608 ) ) ;
#3153 = ORIENTED_EDGE ( 'NONE', *, *, #6858, .T. ) ;
#3154 = EDGE_CURVE ( 'NONE', #3528, #3087, #6629, .T. ) ;
#3155 = VECTOR ( 'NONE', #2018, 1000.000000000000114 ) ;
#3156 = AXIS2_PLACEMENT_3D ( 'NONE', #5261, #882, #5411 ) ;
#3157 = FACE_BOUND ( 'NONE', #3152, .T. ) ;
#3158 = CARTESIAN_POINT ( 'NONE',  ( -0.8499999999999997558, 0.4333333333333333481, -2.750000000000000000 ) ) ;
#3159 = EDGE_CURVE ( 'NONE', #3384, #1747, #3302, .T. ) ;
#3160 = DIRECTION ( 'NONE',  ( 1.000000000000000000, 0.000000000000000000, 0.000000000000000000 ) ) ;
#3161 = ADVANCED_FACE ( 'NONE', ( #6159 ), #4916, .T. ) ;
#3163 = ORIENTED_EDGE ( 'NONE', *, *, #174, .F. ) ;
#3162 = AXIS2_PLACEMENT_3D ( 'NONE', #5155, #2464, #1809 ) ;
#3165 = AXIS2_PLACEMENT_3D ( 'NONE', #3425, #5753, #2903 ) ;
#3164 = DIRECTION ( 'NONE',  ( 0.000000000000000000, 1.000000000000000000, 0.000000000000000000 ) ) ;
#3166 = VERTEX_POINT ( 'NONE', #2092 ) ;
#3167 = VERTEX_POINT ( 'NONE', #1064 ) ;
#3168 = STYLED_ITEM ( 'NONE', ( #593 ), #6099 ) ;
#3169 = CARTESIAN_POINT ( 'NONE',  ( -3.300000000000010036, -4.336808689942017736E-16, -2.849999999999999201 ) ) ;
#3170 = ORIENTED_EDGE ( 'NONE', *, *, #1633, .T. ) ;
#3171 = DIRECTION ( 'NONE',  ( -1.000000000000000000, -4.517509052022934484E-16, -3.491481338843133355E-15 ) ) ;
#3172 = CARTESIAN_POINT ( 'NONE',  ( 3.300000000000019362, 2.600000000000000533, -6.049999999999998046 ) ) ;
#3173 = ORIENTED_EDGE ( 'NONE', *, *, #3344, .T. ) ;
#3174 = ORIENTED_EDGE ( 'NONE', *, *, #6302, .T. ) ;
#3175 = VECTOR ( 'NONE', #3889, 1000.000000000000000 ) ;
#3176 = LINE ( 'NONE', #2622, #4754 ) ;
#3177 = ORIENTED_EDGE ( 'NONE', *, *, #4109, .T. ) ;
#3178 = DIRECTION ( 'NONE',  ( -0.000000000000000000, -0.000000000000000000, -1.000000000000000000 ) ) ;
#3179 = EDGE_CURVE ( 'NONE', #3768, #7110, #4312, .T. ) ;
#3180 = CARTESIAN_POINT ( 'NONE',  ( 1.450000000000000178, 0.000000000000000000, -2.850000000000000089 ) ) ;
#3181 = DIRECTION ( 'NONE',  ( -1.000000000000000000, 0.000000000000000000, 0.000000000000000000 ) ) ;
#3182 = ORIENTED_EDGE ( 'NONE', *, *, #5691, .F. ) ;
#3183 = LINE ( 'NONE', #2228, #5291 ) ;
#3184 = EDGE_CURVE ( 'NONE', #4179, #6082, #401, .T. ) ;
#3185 = CARTESIAN_POINT ( 'NONE',  ( -1.725037507957206451, -2.127846780518393872E-16, 1.100000000000000089 ) ) ;
#3186 = PRODUCT ( 'CUI_DEVICES_TS11-674-43-BK-160-RA-D', 'CUI_DEVICES_TS11-674-43-BK-160-RA-D', '', ( #1523 ) ) ;
#3187 = DIRECTION ( 'NONE',  ( -0.3303504247281062178, -0.9438583563660173370, 0.000000000000000000 ) ) ;
#3188 = EDGE_CURVE ( 'NONE', #2498, #6964, #2053, .T. ) ;
#3189 = CARTESIAN_POINT ( 'NONE',  ( 2.900000000000000355, -2.399999999999999467, -2.850000000000000089 ) ) ;
#3190 = LINE ( 'NONE', #3849, #4526 ) ;
#3191 = CARTESIAN_POINT ( 'NONE',  ( 3.700000000000004174, -3.999999999999998224, -0.5999999999999976463 ) ) ;
#3192 = VERTEX_POINT ( 'NONE', #481 ) ;
#3193 = VERTEX_POINT ( 'NONE', #954 ) ;
#3194 = DIRECTION ( 'NONE',  ( -1.000000000000000000, 0.000000000000000000, 0.000000000000000000 ) ) ;
#3195 = ORIENTED_EDGE ( 'NONE', *, *, #2837, .T. ) ;
#3196 = FACE_OUTER_BOUND ( 'NONE', #3246, .T. ) ;
#3197 = DIRECTION ( 'NONE',  ( 0.000000000000000000, 0.000000000000000000, 1.000000000000000000 ) ) ;
#3198 = ORIENTED_EDGE ( 'NONE', *, *, #1837, .T. ) ;
#3199 = CARTESIAN_POINT ( 'NONE',  ( -1.350000000000000089, 2.400000000000003908, -3.200000000000000178 ) ) ;
#3200 = ORIENTED_EDGE ( 'NONE', *, *, #668, .T. ) ;
#3201 = ORIENTED_EDGE ( 'NONE', *, *, #1740, .F. ) ;
#3202 = DIRECTION ( 'NONE',  ( 0.000000000000000000, -0.5547001962252291474, 0.8320502943378437211 ) ) ;
#3203 = CARTESIAN_POINT ( 'NONE',  ( -2.876494900217184014, -1.262712082465008434, -2.850000000000000089 ) ) ;
#3204 = VERTEX_POINT ( 'NONE', #6560 ) ;
#3205 = DIRECTION ( 'NONE',  ( 0.000000000000000000, 1.000000000000000000, 0.000000000000000000 ) ) ;
#3206 = DIRECTION ( 'NONE',  ( 1.000000000000000000, 0.000000000000000000, 0.000000000000000000 ) ) ;
#3207 = ORIENTED_EDGE ( 'NONE', *, *, #3188, .F. ) ;
#3208 = ORIENTED_EDGE ( 'NONE', *, *, #6312, .T. ) ;
#3209 = EDGE_CURVE ( 'NONE', #2682, #7080, #95, .T. ) ;
#3210 = ORIENTED_EDGE ( 'NONE', *, *, #6016, .F. ) ;
#3211 = CARTESIAN_POINT ( 'NONE',  ( -1.350000000000000089, 2.900000000000000355, -3.100000000000000977 ) ) ;
#3212 = CARTESIAN_POINT ( 'NONE',  ( 1.350000000000000089, 0.000000000000000000, -3.100000000000000977 ) ) ;
#3213 = ORIENTED_EDGE ( 'NONE', *, *, #2323, .T. ) ;
#3214 = CARTESIAN_POINT ( 'NONE',  ( -3.300000000000017586, 2.709888451158950051, -5.132889013954586410 ) ) ;
#3215 = CARTESIAN_POINT ( 'NONE',  ( 0.8499999999999999778, -0.4833333333333334481, -2.799999999999999822 ) ) ;
#3216 = CARTESIAN_POINT ( 'NONE',  ( 3.700000000000018829, -1.999999999999999112, -5.021617185908048064 ) ) ;
#3217 = FACE_OUTER_BOUND ( 'NONE', #5059, .T. ) ;
#3218 = DIRECTION ( 'NONE',  ( 0.000000000000000000, 1.000000000000000000, 0.000000000000000000 ) ) ;
#3219 = LINE ( 'NONE', #5516, #2579 ) ;
#3220 = CLOSED_SHELL ( 'NONE', ( #1342, #2005, #5786, #1859, #4731, #3054, #546, #6260 ) ) ;
#3221 = ORIENTED_EDGE ( 'NONE', *, *, #66, .F. ) ;
#3222 = DIRECTION ( 'NONE',  ( 3.491481338843133355E-15, -1.396527051659241882E-16, -1.000000000000000000 ) ) ;
#3223 = EDGE_CURVE ( 'NONE', #50, #2514, #2716, .T. ) ;
#3224 = SPHERICAL_SURFACE ( 'NONE', #2089, 0.1000000000000000056 ) ;
#3225 = ORIENTED_EDGE ( 'NONE', *, *, #2733, .T. ) ;
#3226 = FACE_OUTER_BOUND ( 'NONE', #2382, .T. ) ;
#3227 = AXIS2_PLACEMENT_3D ( 'NONE', #6843, #5739, #1234 ) ;
#3228 = DIRECTION ( 'NONE',  ( -0.000000000000000000, -0.000000000000000000, -1.000000000000000000 ) ) ;
#3229 = EDGE_LOOP ( 'NONE', ( #4279, #4452, #4774, #413 ) ) ;
#3230 = CARTESIAN_POINT ( 'NONE',  ( -3.000000000000000000, 1.600000000000000755, -2.850000000000000089 ) ) ;
#3231 = ORIENTED_EDGE ( 'NONE', *, *, #2439, .T. ) ;
#3232 = ORIENTED_EDGE ( 'NONE', *, *, #3691, .F. ) ;
#3233 = AXIS2_PLACEMENT_3D ( 'NONE', #5952, #243, #2508 ) ;
#3234 = ADVANCED_FACE ( 'NONE', ( #6598 ), #2637, .F. ) ;
#3235 = CARTESIAN_POINT ( 'NONE',  ( 0.000000000000000000, -1.683333333333333348, -2.750000000000000000 ) ) ;
#3236 = CARTESIAN_POINT ( 'NONE',  ( -3.300000000000018474, 2.599999999999999645, -5.371878022344833248 ) ) ;
#3237 = ORIENTED_EDGE ( 'NONE', *, *, #1271, .F. ) ;
#3238 = VECTOR ( 'NONE', #728, 1000.000000000000000 ) ;
#3239 = CARTESIAN_POINT ( 'NONE',  ( -2.299999999999999822, 2.299999999999999822, 0.000000000000000000 ) ) ;
#3240 = CARTESIAN_POINT ( 'NONE',  ( -2.600000000000000533, -7.500000000000000000, -2.200000000000000178 ) ) ;
#3241 = EDGE_LOOP ( 'NONE', ( #6018, #5934 ) ) ;
#3242 = ORIENTED_EDGE ( 'NONE', *, *, #6660, .T. ) ;
#3243 = LINE ( 'NONE', #5011, #2007 ) ;
#3244 = CIRCLE ( 'NONE', #7261, 0.05000000000000012768 ) ;
#3245 = LINE ( 'NONE', #3397, #2805 ) ;
#3246 = EDGE_LOOP ( 'NONE', ( #820, #2203, #4901, #318 ) ) ;
#3247 = CARTESIAN_POINT ( 'NONE',  ( 2.600000000000000533, -7.500000000000000000, -1.900000000000000133 ) ) ;
#3248 = AXIS2_PLACEMENT_3D ( 'NONE', #3108, #3628, #3590 ) ;
#3249 = EDGE_CURVE ( 'NONE', #2454, #2093, #7216, .T. ) ;
#3250 = FACE_OUTER_BOUND ( 'NONE', #3602, .T. ) ;
#3251 = ORIENTED_EDGE ( 'NONE', *, *, #2368, .F. ) ;
#3252 = FACE_OUTER_BOUND ( 'NONE', #6821, .T. ) ;
#3253 = LINE ( 'NONE', #7281, #2876 ) ;
#3254 = CIRCLE ( 'NONE', #4309, 0.6250000000000001110 ) ;
#3255 = CARTESIAN_POINT ( 'NONE',  ( -3.700000000000014388, -4.000000000000000000, -4.049999999999998934 ) ) ;
#3256 = CYLINDRICAL_SURFACE ( 'NONE', #909, 0.6250000000000001110 ) ;
#3257 = DIRECTION ( 'NONE',  ( -1.000000000000000000, 2.691812290308839669E-15, 0.000000000000000000 ) ) ;
#3258 = DIRECTION ( 'NONE',  ( 1.000000000000000000, 6.938893903907203923E-15, -3.469446951953601961E-15 ) ) ;
#3259 = CIRCLE ( 'NONE', #4439, 0.6250000000000001110 ) ;
#3260 = VERTEX_POINT ( 'NONE', #2202 ) ;
#3261 = CARTESIAN_POINT ( 'NONE',  ( 1.450000000000000178, 2.900000000000000355, -2.850000000000000089 ) ) ;
#3262 = CARTESIAN_POINT ( 'NONE',  ( 1.450000000000000178, 2.900000000000000355, -3.100000000000000977 ) ) ;
#3263 = ORIENTED_EDGE ( 'NONE', *, *, #4678, .T. ) ;
#3264 = PLANE ( 'NONE',  #3503 ) ;
#3265 = DIRECTION ( 'NONE',  ( -1.000000000000000000, -4.517509052022934484E-16, -3.491481338843133750E-15 ) ) ;
#3266 = ORIENTED_EDGE ( 'NONE', *, *, #1502, .F. ) ;
#3267 = EDGE_CURVE ( 'NONE', #7184, #1825, #4443, .T. ) ;
#3268 = DIRECTION ( 'NONE',  ( -1.000000000000000000, 0.000000000000000000, 3.496552006265754955E-15 ) ) ;
#3269 = VERTEX_POINT ( 'NONE', #1100 ) ;
#3270 = ORIENTED_EDGE ( 'NONE', *, *, #4659, .F. ) ;
#3271 = VECTOR ( 'NONE', #2854, 1000.000000000000000 ) ;
#3272 = CIRCLE ( 'NONE', #4563, 0.09999999999999982514 ) ;
#3273 = ADVANCED_FACE ( 'NONE', ( #2304 ), #1796, .T. ) ;
#3274 = DIRECTION ( 'NONE',  ( -1.000000000000000000, 0.000000000000000000, 0.000000000000000000 ) ) ;
#3275 = CARTESIAN_POINT ( 'NONE',  ( -3.300000000000018030, -1.794705538039001125, -5.231773687770131076 ) ) ;
#3276 = EDGE_LOOP ( 'NONE', ( #156, #3242, #860, #3853 ) ) ;
#3277 = VECTOR ( 'NONE', #6454, 1000.000000000000000 ) ;
#3278 = AXIS2_PLACEMENT_3D ( 'NONE', #5567, #6677, #5452 ) ;
#3279 = CARTESIAN_POINT ( 'NONE',  ( 2.299999999999999822, -2.925000000000001155, 0.6500000000000001332 ) ) ;
#3280 = DIRECTION ( 'NONE',  ( 1.000000000000000000, 0.000000000000000000, 0.000000000000000000 ) ) ;
#3281 = EDGE_CURVE ( 'NONE', #5305, #2006, #7276, .T. ) ;
#3282 = EDGE_LOOP ( 'NONE', ( #2426, #4792, #6595, #1673 ) ) ;
#3283 = ORIENTED_EDGE ( 'NONE', *, *, #222, .T. ) ;
#3284 =( LENGTH_UNIT ( ) NAMED_UNIT ( * ) SI_UNIT ( .MILLI., .METRE. ) );
#3285 = VECTOR ( 'NONE', #6781, 1000.000000000000000 ) ;
#3286 = CARTESIAN_POINT ( 'NONE',  ( 3.283504851620970832, -0.2033357073868958809, -3.363715893440616611 ) ) ;
#3287 = ORIENTED_EDGE ( 'NONE', *, *, #4710, .F. ) ;
#3288 = CARTESIAN_POINT ( 'NONE',  ( -3.700000000000019718, -1.472222222222223653, -5.371878022344831471 ) ) ;
#3289 = LINE ( 'NONE', #6542, #5840 ) ;
#3290 = CIRCLE ( 'NONE', #126, 0.09999999999999982514 ) ;
#3291 = PRODUCT_RELATED_PRODUCT_CATEGORY ( 'part', '', ( #3186 ) ) ;
#3292 = CARTESIAN_POINT ( 'NONE',  ( -2.600000000000000533, -7.500000000000000000, -1.900000000000000133 ) ) ;
#3293 = ORIENTED_EDGE ( 'NONE', *, *, #76, .T. ) ;
#3294 = FACE_OUTER_BOUND ( 'NONE', #5603, .T. ) ;
#3295 = ADVANCED_FACE ( 'NONE', ( #3478 ), #1204, .T. ) ;
#3296 = CARTESIAN_POINT ( 'NONE',  ( 0.8499999999999999778, 0.4333333333333333481, -2.649999999999999911 ) ) ;
#3297 = CARTESIAN_POINT ( 'NONE',  ( 1.899999999999999689, -7.500000000000000000, -1.900000000000000133 ) ) ;
#3298 = DIRECTION ( 'NONE',  ( -4.336808689942025625E-15, -1.000000000000000000, 0.000000000000000000 ) ) ;
#3299 = FACE_OUTER_BOUND ( 'NONE', #2143, .T. ) ;
#3300 = ORIENTED_EDGE ( 'NONE', *, *, #5928, .F. ) ;
#3301 = ORIENTED_EDGE ( 'NONE', *, *, #5637, .F. ) ;
#3302 = LINE ( 'NONE', #4990, #6575 ) ;
#3303 = EDGE_CURVE ( 'NONE', #3594, #3953, #3259, .T. ) ;
#3304 = ORIENTED_EDGE ( 'NONE', *, *, #1383, .F. ) ;
#3305 = CARTESIAN_POINT ( 'NONE',  ( -3.000000000000000000, 3.000000000000000000, 0.000000000000000000 ) ) ;
#3306 = CARTESIAN_POINT ( 'NONE',  ( 0.8499999999999999778, -2.600000000000000533, -2.649999999999999911 ) ) ;
#3307 = ORIENTED_EDGE ( 'NONE', *, *, #910, .F. ) ;
#3308 = SURFACE_SIDE_STYLE ('',( #5639 ) ) ;
#3309 = ORIENTED_EDGE ( 'NONE', *, *, #4035, .T. ) ;
#3310 = ORIENTED_EDGE ( 'NONE', *, *, #4329, .F. ) ;
#3311 = CARTESIAN_POINT ( 'NONE',  ( -3.300000000000009148, -8.000000000000000000, -4.549999999999998934 ) ) ;
#3312 = ADVANCED_FACE ( 'NONE', ( #5704 ), #4036, .T. ) ;
#3313 = CARTESIAN_POINT ( 'NONE',  ( 0.000000000000000000, 0.000000000000000000, 1.100000000000000089 ) ) ;
#3314 = ORIENTED_EDGE ( 'NONE', *, *, #3699, .T. ) ;
#3315 = EDGE_CURVE ( 'NONE', #313, #4384, #1858, .T. ) ;
#3316 = CARTESIAN_POINT ( 'NONE',  ( -1.149999999999999911, 3.000000000000000000, -3.100000000000000977 ) ) ;
#3317 = DIRECTION ( 'NONE',  ( -1.000000000000000000, 0.000000000000000000, 0.000000000000000000 ) ) ;
#3318 = ORIENTED_EDGE ( 'NONE', *, *, #889, .T. ) ;
#3319 = ORIENTED_EDGE ( 'NONE', *, *, #2564, .T. ) ;
#3320 = DIRECTION ( 'NONE',  ( 0.000000000000000000, 0.000000000000000000, 1.000000000000000000 ) ) ;
#3321 = EDGE_CURVE ( 'NONE', #2285, #6146, #6294, .T. ) ;
#3322 = CARTESIAN_POINT ( 'NONE',  ( 3.300000000000010481, -0.09418335084988774253, -2.990104334574712919 ) ) ;
#3323 = ORIENTED_EDGE ( 'NONE', *, *, #5435, .T. ) ;
#3324 = CARTESIAN_POINT ( 'NONE',  ( -3.600319854690733568, -1.468402559596536650, -4.274347714189232761 ) ) ;
#3325 = PLANE ( 'NONE',  #664 ) ;
#3326 = DIRECTION ( 'NONE',  ( 0.000000000000000000, 1.000000000000000000, -3.523657060577896116E-15 ) ) ;
#3327 = EDGE_LOOP ( 'NONE', ( #1695, #1955, #5827, #1112, #78, #4752, #12, #5959 ) ) ;
#3328 = CARTESIAN_POINT ( 'NONE',  ( 9.570888143320321804E-16, -1.600000000000001199, -3.100000000000000977 ) ) ;
#3329 = DIRECTION ( 'NONE',  ( -1.000000000000000000, 0.000000000000000000, 0.000000000000000000 ) ) ;
#3330 = EDGE_CURVE ( 'NONE', #6962, #6990, #4781, .T. ) ;
#3331 = EDGE_CURVE ( 'NONE', #4059, #445, #5140, .T. ) ;
#3332 = CARTESIAN_POINT ( 'NONE',  ( 3.584978171884241949, -1.292888032007501797, -4.601506682002191262 ) ) ;
#3333 = CARTESIAN_POINT ( 'NONE',  ( 2.299999999999998934, 2.300000000000000711, 0.4000000000000000222 ) ) ;
#3334 = CARTESIAN_POINT ( 'NONE',  ( 1.450000000000000178, -2.500000000000001332, -2.850000000000000089 ) ) ;
#3335 = DIRECTION ( 'NONE',  ( 0.000000000000000000, 0.000000000000000000, 1.000000000000000000 ) ) ;
#3336 = VERTEX_POINT ( 'NONE', #551 ) ;
#3337 = CARTESIAN_POINT ( 'NONE',  ( 0.8499999999999999778, -1.733333333333333171, -2.649999999999999911 ) ) ;
#3338 = FACE_OUTER_BOUND ( 'NONE', #6734, .T. ) ;
#3339 = VERTEX_POINT ( 'NONE', #4616 ) ;
#3340 = DIRECTION ( 'NONE',  ( 3.252606517456512119E-15, 1.469367938527858684E-30, -1.000000000000000000 ) ) ;
#3341 = CARTESIAN_POINT ( 'NONE',  ( 3.300000000000015810, 3.000000000000000444, -4.748279434898257101 ) ) ;
#3342 = EDGE_LOOP ( 'NONE', ( #5556, #2222, #1501, #7019 ) ) ;
#3343 = CARTESIAN_POINT ( 'NONE',  ( -2.900000000000000355, 0.000000000000000000, -3.200000000000000178 ) ) ;
#3344 = EDGE_CURVE ( 'NONE', #958, #5280, #1688, .T. ) ;
#3345 = ORIENTED_EDGE ( 'NONE', *, *, #3793, .F. ) ;
#3346 = VERTEX_POINT ( 'NONE', #1134 ) ;
#3347 = VECTOR ( 'NONE', #5248, 1000.000000000000000 ) ;
#3348 = DIRECTION ( 'NONE',  ( -2.602085213965209064E-15, 1.734723475976804333E-15, 1.000000000000000000 ) ) ;
#3349 = LINE ( 'NONE', #5606, #4673 ) ;
#3350 = ORIENTED_EDGE ( 'NONE', *, *, #3136, .T. ) ;
#3351 = CARTESIAN_POINT ( 'NONE',  ( 1.450000000000000178, -2.500000000000001332, -3.100000000000000977 ) ) ;
#3352 = LINE ( 'NONE', #2253, #6438 ) ;
#3353 = CIRCLE ( 'NONE', #3582, 0.6250000000000001110 ) ;
#3354 = ORIENTED_EDGE ( 'NONE', *, *, #5832, .F. ) ;
#3355 = ORIENTED_EDGE ( 'NONE', *, *, #5585, .F. ) ;
#3356 = CARTESIAN_POINT ( 'NONE',  ( 3.041440302102032867, -0.7386327119934323893, -3.830730342022995671 ) ) ;
#3357 = VECTOR ( 'NONE', #5930, 999.9999999999998863 ) ;
#3358 = CARTESIAN_POINT ( 'NONE',  ( -3.653730803984490905, -1.742690423391165977, -3.060156501862072442 ) ) ;
#3359 = DIRECTION ( 'NONE',  ( -0.000000000000000000, -0.000000000000000000, -1.000000000000000000 ) ) ;
#3360 = CARTESIAN_POINT ( 'NONE',  ( -2.299999999999999822, -1.963427199554093061, 0.9000000000000001332 ) ) ;
#3361 = ORIENTED_EDGE ( 'NONE', *, *, #4072, .T. ) ;
#3362 = EDGE_CURVE ( 'NONE', #4347, #6082, #4370, .T. ) ;
#3363 = CARTESIAN_POINT ( 'NONE',  ( -1.350000000000000089, 0.000000000000000000, -3.200000000000000178 ) ) ;
#3364 = CIRCLE ( 'NONE', #2418, 0.09999999999999982514 ) ;
#3365 = DIRECTION ( 'NONE',  ( -1.000000000000000000, 5.987542637623614683E-15, -5.585196838722983974E-30 ) ) ;
#3366 = EDGE_CURVE ( 'NONE', #7007, #4179, #5746, .T. ) ;
#3367 = VECTOR ( 'NONE', #2766, 1000.000000000000000 ) ;
#3368 = CARTESIAN_POINT ( 'NONE',  ( 3.677906667518521466, -1.753934642099854058, -4.274392501309006498 ) ) ;
#3369 = DIRECTION ( 'NONE',  ( 0.000000000000000000, 0.000000000000000000, -1.000000000000000000 ) ) ;
#3370 = CARTESIAN_POINT ( 'NONE',  ( 3.000000000000000000, -3.000000000000000000, -3.200000000000000178 ) ) ;
#3371 = EDGE_CURVE ( 'NONE', #6857, #3346, #2558, .T. ) ;
#3372 = CARTESIAN_POINT ( 'NONE',  ( 2.300000000000000266, 2.300000000000000266, 0.9000000000000002442 ) ) ;
#3373 = FACE_OUTER_BOUND ( 'NONE', #4622, .T. ) ;
#3374 = VECTOR ( 'NONE', #5174, 1000.000000000000000 ) ;
#3375 = ORIENTED_EDGE ( 'NONE', *, *, #4038, .F. ) ;
#3376 = DIRECTION ( 'NONE',  ( 1.000000000000000000, 2.691812290308837303E-15, 0.000000000000000000 ) ) ;
#3377 = EDGE_CURVE ( 'NONE', #3001, #3269, #5103, .T. ) ;
#3378 = DIRECTION ( 'NONE',  ( -0.000000000000000000, -0.000000000000000000, -1.000000000000000000 ) ) ;
#3379 = VECTOR ( 'NONE', #867, 1000.000000000000000 ) ;
#3380 = PLANE ( 'NONE',  #4107 ) ;
#3381 = EDGE_CURVE ( 'NONE', #161, #2642, #2791, .T. ) ;
#3382 = LINE ( 'NONE', #6672, #3285 ) ;
#3383 = ORIENTED_EDGE ( 'NONE', *, *, #4283, .F. ) ;
#3384 = VERTEX_POINT ( 'NONE', #587 ) ;
#3385 = VECTOR ( 'NONE', #4624, 1000.000000000000000 ) ;
#3386 = DIRECTION ( 'NONE',  ( -1.000000000000000000, -4.486353817181400106E-16, 0.000000000000000000 ) ) ;
#3387 = DIRECTION ( 'NONE',  ( 0.000000000000000000, -1.000000000000000000, 0.000000000000000000 ) ) ;
#3388 = EDGE_CURVE ( 'NONE', #3454, #3819, #6220, .T. ) ;
#3389 = ORIENTED_EDGE ( 'NONE', *, *, #5992, .F. ) ;
#3390 = CARTESIAN_POINT ( 'NONE',  ( 0.8499999999999999778, 2.600000000000000533, -2.649999999999999911 ) ) ;
#3391 = LINE ( 'NONE', #3426, #3367 ) ;
#3392 = AXIS2_PLACEMENT_3D ( 'NONE', #5134, #5699, #1758 ) ;
#3393 = MECHANICAL_DESIGN_GEOMETRIC_PRESENTATION_REPRESENTATION (  '', ( #687 ), #1161 ) ;
#3394 = ORIENTED_EDGE ( 'NONE', *, *, #2863, .F. ) ;
#3395 = ORIENTED_EDGE ( 'NONE', *, *, #6968, .F. ) ;
#3396 = AXIS2_PLACEMENT_3D ( 'NONE', #6652, #3181, #943 ) ;
#3397 = CARTESIAN_POINT ( 'NONE',  ( 1.899999999999999689, -7.500000000000000000, -1.900000000000000133 ) ) ;
#3398 = AXIS2_PLACEMENT_3D ( 'NONE', #5561, #6045, #5035 ) ;
#3399 = CARTESIAN_POINT ( 'NONE',  ( -3.376454728654989079, -1.303900694762708534, -3.060156501862067557 ) ) ;
#3400 = DIRECTION ( 'NONE',  ( -2.602085213965208275E-15, -1.734723475976805517E-15, -1.000000000000000000 ) ) ;
#3401 = ORIENTED_EDGE ( 'NONE', *, *, #2195, .F. ) ;
#3402 = DIRECTION ( 'NONE',  ( 0.000000000000000000, 1.000000000000000000, 0.000000000000000000 ) ) ;
#3403 = AXIS2_PLACEMENT_3D ( 'NONE', #1667, #4415, #3202 ) ;
#3404 = CARTESIAN_POINT ( 'NONE',  ( -3.254361941448101980, -1.131957227084809503, -2.849999999999996980 ) ) ;
#3405 = AXIS2_PLACEMENT_3D ( 'NONE', #1602, #538, #467 ) ;
#3406 = AXIS2_PLACEMENT_3D ( 'NONE', #4734, #3049, #1951 ) ;
#3407 = CARTESIAN_POINT ( 'NONE',  ( 3.440346001568110879, -1.127290827049260757, -3.853477868213591950 ) ) ;
#3408 = CARTESIAN_POINT ( 'NONE',  ( -6.729530725772116725E-15, -2.500000000000007105, -3.100000000000000977 ) ) ;
#3409 = CARTESIAN_POINT ( 'NONE',  ( -1.450000000000000178, 0.000000000000000000, -2.850000000000000089 ) ) ;
#3410 = DIRECTION ( 'NONE',  ( -0.000000000000000000, -0.000000000000000000, -1.000000000000000000 ) ) ;
#3411 = DIRECTION ( 'NONE',  ( 5.782411586589324901E-15, -1.000000000000000000, -2.891205793294662451E-15 ) ) ;
#3412 = DIRECTION ( 'NONE',  ( 0.000000000000000000, 1.000000000000000000, 0.000000000000000000 ) ) ;
#3413 = AXIS2_PLACEMENT_3D ( 'NONE', #6835, #5767, #5693 ) ;
#3414 = CARTESIAN_POINT ( 'NONE',  ( 2.299999999999999822, -2.299999999999999822, 0.000000000000000000 ) ) ;
#3415 = CARTESIAN_POINT ( 'NONE',  ( 2.299999999999999822, -2.299999999999999822, 0.6500000000000001332 ) ) ;
#3416 = EDGE_CURVE ( 'NONE', #4523, #3528, #2212, .T. ) ;
#3417 = CARTESIAN_POINT ( 'NONE',  ( -3.700000000000018385, 2.709888451158950051, -5.132889013954584634 ) ) ;
#3418 = FACE_OUTER_BOUND ( 'NONE', #1775, .T. ) ;
#3419 = CARTESIAN_POINT ( 'NONE',  ( 0.8499999999999999778, 1.733333333333333171, -2.649999999999999911 ) ) ;
#3420 = EDGE_LOOP ( 'NONE', ( #2389, #1430, #6532, #5194, #6882, #1006 ) ) ;
#3421 = ORIENTED_EDGE ( 'NONE', *, *, #4359, .T. ) ;
#3422 = CARTESIAN_POINT ( 'NONE',  ( 3.700000000000016165, -3.499999999999998224, -4.049999999999998934 ) ) ;
#3423 = EDGE_CURVE ( 'NONE', #6630, #4623, #6777, .T. ) ;
#3424 = EDGE_LOOP ( 'NONE', ( #6602, #1422, #625, #2098 ) ) ;
#3425 = CARTESIAN_POINT ( 'NONE',  ( 2.299999999999999822, 2.299999999999999822, 0.000000000000000000 ) ) ;
#3426 = CARTESIAN_POINT ( 'NONE',  ( 2.243176908590700546E-16, 1.499999999999999556, -3.100000000000000977 ) ) ;
#3427 = EDGE_LOOP ( 'NONE', ( #2898, #1584, #7073, #4667 ) ) ;
#3428 = ORIENTED_EDGE ( 'NONE', *, *, #2872, .F. ) ;
#3429 = PLANE ( 'NONE',  #3859 ) ;
#3430 = CARTESIAN_POINT ( 'NONE',  ( -3.677906667518520578, -1.753934642099855834, -4.274392501309006498 ) ) ;
#3431 = CARTESIAN_POINT ( 'NONE',  ( 1.450000000000000178, 0.000000000000000000, -2.850000000000000089 ) ) ;
#3432 = VERTEX_POINT ( 'NONE', #6911 ) ;
#3433 = DIRECTION ( 'NONE',  ( -3.491481338843133355E-15, 0.000000000000000000, -1.000000000000000000 ) ) ;
#3434 = EDGE_CURVE ( 'NONE', #3909, #4289, #5852, .T. ) ;
#3436 = ADVANCED_FACE ( 'NONE', ( #1456 ), #5892, .F. ) ;
#3435 = LINE ( 'NONE', #5694, #4058 ) ;
#3437 = CARTESIAN_POINT ( 'NONE',  ( 3.643723911836733276, -1.122096063209991001, -5.020662125197072889 ) ) ;
#3438 = CARTESIAN_POINT ( 'NONE',  ( -2.600000000000000533, 3.100000000000000533, -2.200000000000000178 ) ) ;
#3439 = CARTESIAN_POINT ( 'NONE',  ( 0.000000000000000000, 0.000000000000000000, 0.000000000000000000 ) ) ;
#3440 = CARTESIAN_POINT ( 'NONE',  ( 0.000000000000000000, 0.000000000000000000, -2.850000000000000089 ) ) ;
#3441 = CARTESIAN_POINT ( 'NONE',  ( 1.626854399108186078, 1.963427199554094615, 0.9000000000000003553 ) ) ;
#3442 = DIRECTION ( 'NONE',  ( -0.000000000000000000, -0.000000000000000000, -1.000000000000000000 ) ) ;
#3443 = CARTESIAN_POINT ( 'NONE',  ( 1.149999999999999911, 2.900000000000000355, -3.100000000000000977 ) ) ;
#3444 = DIRECTION ( 'NONE',  ( 1.000000000000000000, 0.000000000000000000, 0.000000000000000000 ) ) ;
#3445 = CYLINDRICAL_SURFACE ( 'NONE', #4907, 0.4000000000000001887 ) ;
#3446 = DIRECTION ( 'NONE',  ( 4.517509052022934484E-16, -1.000000000000000000, 0.000000000000000000 ) ) ;
#3447 = ORIENTED_EDGE ( 'NONE', *, *, #1441, .T. ) ;
#3448 = VERTEX_POINT ( 'NONE', #3663 ) ;
#3449 = CARTESIAN_POINT ( 'NONE',  ( -3.200000000000000622, 3.000000000000001776, 0.3999999999999989675 ) ) ;
#3450 =( NAMED_UNIT ( * ) PLANE_ANGLE_UNIT ( ) SI_UNIT ( $, .RADIAN. ) );
#3451 = AXIS2_PLACEMENT_3D ( 'NONE', #2823, #3509, #4064 ) ;
#3452 = CARTESIAN_POINT ( 'NONE',  ( 1.350000000000000089, -1.600000000000000311, -3.200000000000000178 ) ) ;
#3453 = DIRECTION ( 'NONE',  ( 1.000000000000000000, 4.517509052022934484E-16, 3.491481338843133750E-15 ) ) ;
#3454 = VERTEX_POINT ( 'NONE', #1938 ) ;
#3455 = VERTEX_POINT ( 'NONE', #5323 ) ;
#3456 = EDGE_CURVE ( 'NONE', #2514, #3715, #1744, .T. ) ;
#3457 = EDGE_CURVE ( 'NONE', #400, #4193, #1346, .T. ) ;
#3458 = AXIS2_PLACEMENT_3D ( 'NONE', #6076, #2200, #2714 ) ;
#3459 = B_SPLINE_CURVE_WITH_KNOTS ( 'NONE', 2,
 ( #1942, #1460, #257 ),
 .UNSPECIFIED., .F., .F.,
 ( 3, 3 ),
 ( 0.000000000000000000, 1.000000000000000000 ),
 .UNSPECIFIED. ) ;
#3460 = CARTESIAN_POINT ( 'NONE',  ( 3.300000000000018918, -1.999999999999999556, -5.231773687770131076 ) ) ;
#3461 = UNCERTAINTY_MEASURE_WITH_UNIT (LENGTH_MEASURE( 1.000000000000000082E-05 ), #2352, 'distance_accuracy_value', 'NONE');
#3462 = AXIS2_PLACEMENT_3D ( 'NONE', #1455, #2628, #3696 ) ;
#3463 = CARTESIAN_POINT ( 'NONE',  ( -3.700000000000018829, -0.3611111111111118821, -5.371878022344833248 ) ) ;
#3464 = CARTESIAN_POINT ( 'NONE',  ( 3.000000000000000000, -3.000000000000000000, -3.100000000000000977 ) ) ;
#3465 = ORIENTED_EDGE ( 'NONE', *, *, #3717, .F. ) ;
#3466 = DIRECTION ( 'NONE',  ( 1.000000000000000000, 2.093631781351319655E-15, 0.000000000000000000 ) ) ;
#3467 = CARTESIAN_POINT ( 'NONE',  ( -3.254651492154263970, -0.8683835334878836631, -2.849999999999999201 ) ) ;
#3468 = CIRCLE ( 'NONE', #1007, 0.4000000000000001887 ) ;
#3469 = EDGE_CURVE ( 'NONE', #186, #573, #7065, .T. ) ;
#3470 = CARTESIAN_POINT ( 'NONE',  ( 3.700000000000010392, -1.953143444990796507, -2.849999999999996980 ) ) ;
#3471 = VECTOR ( 'NONE', #3730, 1000.000000000000114 ) ;
#3472 = DIRECTION ( 'NONE',  ( -0.02268733357278140961, -2.778397044109503898E-18, -0.9997426093226983168 ) ) ;
#3473 = DIRECTION ( 'NONE',  ( 0.000000000000000000, 0.000000000000000000, 1.000000000000000000 ) ) ;
#3474 = VERTEX_POINT ( 'NONE', #838 ) ;
#3475 = DIRECTION ( 'NONE',  ( 4.517509052022934484E-16, -1.000000000000000000, 3.523657060577896116E-15 ) ) ;
#3476 = CARTESIAN_POINT ( 'NONE',  ( 2.299999999999999822, 1.675000000000000266, 0.6500000000000001332 ) ) ;
#3477 = AXIS2_PLACEMENT_3D ( 'NONE', #2617, #2109, #3722 ) ;
#3478 = FACE_OUTER_BOUND ( 'NONE', #46, .T. ) ;
#3479 = CARTESIAN_POINT ( 'NONE',  ( 6.729530725772113570E-15, -2.500000000000007550, -2.850000000000000089 ) ) ;
#3480 = DIRECTION ( 'NONE',  ( 1.000000000000000000, 6.746146851020905872E-15, -2.891205793294673889E-15 ) ) ;
#3481 = CARTESIAN_POINT ( 'NONE',  ( 3.700000000000009948, 1.255632809889940434E-15, -2.850000000000028511 ) ) ;
#3482 = SPHERICAL_SURFACE ( 'NONE', #940, 0.1000000000000000056 ) ;
#3483 = AXIS2_PLACEMENT_3D ( 'NONE', #5514, #4478, #475 ) ;
#3484 = ORIENTED_EDGE ( 'NONE', *, *, #1879, .F. ) ;
#3485 = ORIENTED_EDGE ( 'NONE', *, *, #6694, .T. ) ;
#3486 = CARTESIAN_POINT ( 'NONE',  ( 3.700000000000021938, -0.4999999999999986122, -6.049999999999997158 ) ) ;
#3487 = CARTESIAN_POINT ( 'NONE',  ( -3.700000000000021494, -0.5000000000000000000, -6.049999999999997158 ) ) ;
#3488 = VECTOR ( 'NONE', #3369, 1000.000000000000000 ) ;
#3489 = EDGE_CURVE ( 'NONE', #4489, #7123, #4556, .T. ) ;
#3490 = CARTESIAN_POINT ( 'NONE',  ( 2.299999999999999378, -2.636572800445907916, 0.9000000000000001332 ) ) ;
#3491 = ADVANCED_FACE ( 'NONE', ( #872 ), #3072, .F. ) ;
#3492 = VERTEX_POINT ( 'NONE', #253 ) ;
#3493 = VERTEX_POINT ( 'NONE', #4172 ) ;
#3494 = AXIS2_PLACEMENT_3D ( 'NONE', #1270, #6331, #3931 ) ;
#3495 = CARTESIAN_POINT ( 'NONE',  ( 3.300000000000018918, -0.9999999999999988898, -5.371878022344844794 ) ) ;
#3496 = ADVANCED_FACE ( 'NONE', ( #2014 ), #3586, .T. ) ;
#3497 = CARTESIAN_POINT ( 'NONE',  ( -3.271231102873038754, -1.000102920069424250, -3.060156501862067557 ) ) ;
#3498 = DIRECTION ( 'NONE',  ( -0.000000000000000000, -1.000000000000000000, -0.000000000000000000 ) ) ;
#3499 = ORIENTED_EDGE ( 'NONE', *, *, #4243, .T. ) ;
#3500 = PLANE ( 'NONE',  #245 ) ;
#3501 = DIRECTION ( 'NONE',  ( -1.000000000000000000, 0.000000000000000000, 0.000000000000000000 ) ) ;
#3502 = CIRCLE ( 'NONE', #345, 0.09999999999999982514 ) ;
#3503 = AXIS2_PLACEMENT_3D ( 'NONE', #1546, #3816, #5523 ) ;
#3504 = ORIENTED_EDGE ( 'NONE', *, *, #4283, .T. ) ;
#3505 = CARTESIAN_POINT ( 'NONE',  ( 3.700000000000018829, -0.09089848803369481034, -3.433768060727969029 ) ) ;
#3506 = MECHANICAL_DESIGN_GEOMETRIC_PRESENTATION_REPRESENTATION (  '', ( #1398 ), #5519 ) ;
#3507 = AXIS2_PLACEMENT_3D ( 'NONE', #1077, #5084, #3874 ) ;
#3508 = LINE ( 'NONE', #6325, #2902 ) ;
#3509 = DIRECTION ( 'NONE',  ( -0.000000000000000000, -0.000000000000000000, -1.000000000000000000 ) ) ;
#3510 = VERTEX_POINT ( 'NONE', #5293 ) ;
#3511 = CARTESIAN_POINT ( 'NONE',  ( 3.700000000000010836, -1.999999999999998668, -2.849999999999997424 ) ) ;
#3512 = CARTESIAN_POINT ( 'NONE',  ( 3.751540677934136259, -5.866400601998983610, -4.050000000000012257 ) ) ;
#3513 = AXIS2_PLACEMENT_3D ( 'NONE', #801, #5328, #6489 ) ;
#3514 = AXIS2_PLACEMENT_3D ( 'NONE', #5638, #6124, #5524 ) ;
#3515 = DIRECTION ( 'NONE',  ( -0.000000000000000000, -0.000000000000000000, -1.000000000000000000 ) ) ;
#3516 = DIRECTION ( 'NONE',  ( 0.000000000000000000, 0.000000000000000000, 1.000000000000000000 ) ) ;
#3517 = DIRECTION ( 'NONE',  ( 0.000000000000000000, 0.000000000000000000, 1.000000000000000000 ) ) ;
#3518 = DIRECTION ( 'NONE',  ( -6.071532165918819308E-15, -1.000000000000000000, 0.000000000000000000 ) ) ;
#3519 = AXIS2_PLACEMENT_3D ( 'NONE', #427, #6735, #6034 ) ;
#3520 = CARTESIAN_POINT ( 'NONE',  ( 3.344139186151720011, -0.6948026880367431657, -2.850000000000001865 ) ) ;
#3521 = ORIENTED_EDGE ( 'NONE', *, *, #1579, .F. ) ;
#3522 = VERTEX_POINT ( 'NONE', #2484 ) ;
#3523 = B_SPLINE_CURVE_WITH_KNOTS ( 'NONE', 3,
 ( #6258, #4505, #4093, #6800, #4057, #6361, #4028, #3404, #612, #3467, #2851, #2984, #6320, #5095, #57, #1196 ),
 .UNSPECIFIED., .F., .F.,
 ( 4, 1, 1, 1, 1, 1, 1, 1, 1, 1, 1, 1, 1, 4 ),
 ( 0.000000000000000000, 0.06250000000000000000, 0.1250000000000000000, 0.1666666666666666574, 0.2500000000000000000, 0.3750000000000000000, 0.4444444444444444198, 0.5000000000000000000, 0.5555555555555555802, 0.6250000000000000000, 0.7500000000000000000, 0.8333333333333333703, 0.8750000000000000000, 1.000000000000000000 ),
 .UNSPECIFIED. ) ;
#3524 = EDGE_CURVE ( 'NONE', #3784, #961, #7157, .T. ) ;
#3525 = DIRECTION ( 'NONE',  ( -1.000000000000000000, 0.000000000000000000, 0.000000000000000000 ) ) ;
#3526 = AXIS2_PLACEMENT_3D ( 'NONE', #2589, #4679, #5276 ) ;
#3527 = FILL_AREA_STYLE_COLOUR ( '', #7041 ) ;
#3528 = VERTEX_POINT ( 'NONE', #7024 ) ;
#3529 = CARTESIAN_POINT ( 'NONE',  ( -2.299999999999999822, -1.674999999999999822, 0.6500000000000001332 ) ) ;
#3530 = ORIENTED_EDGE ( 'NONE', *, *, #1249, .T. ) ;
#3531 = EDGE_LOOP ( 'NONE', ( #6041, #6398, #2100 ) ) ;
#3532 = EDGE_CURVE ( 'NONE', #2835, #5712, #1312, .T. ) ;
#3533 = CARTESIAN_POINT ( 'NONE',  ( 3.300000000000015810, 1.057097118173373331E-15, -4.391147680321848767 ) ) ;
#3534 = CARTESIAN_POINT ( 'NONE',  ( -3.424963227244800290, -1.000067653802886092, -3.853402706704910585 ) ) ;
#3535 = CARTESIAN_POINT ( 'NONE',  ( 3.300000000000012257, -3.499999999999999112, -3.050000000000000711 ) ) ;
#3536 = ORIENTED_EDGE ( 'NONE', *, *, #1117, .T. ) ;
#3537 = CARTESIAN_POINT ( 'NONE',  ( 3.300000000000013145, -7.999999999999998224, -4.549999999999998934 ) ) ;
#3538 = CARTESIAN_POINT ( 'NONE',  ( 0.000000000000000000, 0.000000000000000000, -2.649999999999999911 ) ) ;
#3539 = DIRECTION ( 'NONE',  ( 0.000000000000000000, 0.000000000000000000, -1.000000000000000000 ) ) ;
#3540 = EDGE_CURVE ( 'NONE', #3522, #3455, #5814, .T. ) ;
#3541 = EDGE_LOOP ( 'NONE', ( #5442, #7187, #4122, #5867 ) ) ;
#3542 = CARTESIAN_POINT ( 'NONE',  ( 3.700000000000018829, -0.7129629629629617993, -5.371878022344836801 ) ) ;
#3543 = LINE ( 'NONE', #3692, #2206 ) ;
#3544 = CARTESIAN_POINT ( 'NONE',  ( 3.700000000000010836, -1.999999999999998668, -2.849999999999997424 ) ) ;
#3545 = ORIENTED_EDGE ( 'NONE', *, *, #4497, .T. ) ;
#3546 = DIRECTION ( 'NONE',  ( -1.000000000000000000, 0.000000000000000000, 0.000000000000000000 ) ) ;
#3547 = LINE ( 'NONE', #3512, #3347 ) ;
#3548 = EDGE_CURVE ( 'NONE', #4613, #1140, #3974, .T. ) ;
#3549 = DIRECTION ( 'NONE',  ( 0.000000000000000000, 1.000000000000000000, 0.000000000000000000 ) ) ;
#3550 = CARTESIAN_POINT ( 'NONE',  ( 1.149999999999999911, -2.900000000000000355, -3.200000000000000178 ) ) ;
#3551 = CARTESIAN_POINT ( 'NONE',  ( -1.050000000000000711, 2.925000000000000266, 0.6500000000000000222 ) ) ;
#3552 = DIRECTION ( 'NONE',  ( 0.000000000000000000, 0.000000000000000000, 1.000000000000000000 ) ) ;
#3553 = CARTESIAN_POINT ( 'NONE',  ( 1.149999999999999911, -2.900000000000000355, -3.100000000000000977 ) ) ;
#3554 = ORIENTED_EDGE ( 'NONE', *, *, #2040, .T. ) ;
#3555 = ORIENTED_EDGE ( 'NONE', *, *, #3752, .T. ) ;
#3556 = CYLINDRICAL_SURFACE ( 'NONE', #5382, 0.09999999999999982514 ) ;
#3557 = CARTESIAN_POINT ( 'NONE',  ( -3.795015528100090574, -4.990031056200154858, -4.049999999999998934 ) ) ;
#3558 = EDGE_CURVE ( 'NONE', #4474, #1555, #210, .T. ) ;
#3559 = LINE ( 'NONE', #80, #2819 ) ;
#3560 = EDGE_CURVE ( 'NONE', #4290, #529, #2858, .T. ) ;
#3561 = ORIENTED_EDGE ( 'NONE', *, *, #4796, .T. ) ;
#3562 = CARTESIAN_POINT ( 'NONE',  ( 3.700000000000012612, -3.999999999999998224, -3.049999999999999378 ) ) ;
#3563 = ORIENTED_EDGE ( 'NONE', *, *, #40, .F. ) ;
#3564 = ORIENTED_EDGE ( 'NONE', *, *, #3540, .T. ) ;
#3565 = CARTESIAN_POINT ( 'NONE',  ( 3.300000000000018918, -0.7407407407407395894, -5.371878022344844794 ) ) ;
#3566 = ORIENTED_EDGE ( 'NONE', *, *, #6287, .F. ) ;
#3567 = CARTESIAN_POINT ( 'NONE',  ( -3.700000000000015277, -0.5282753649587690337, -5.231169173262848027 ) ) ;
#3568 = CARTESIAN_POINT ( 'NONE',  ( -0.8499999999999999778, -1.733333333333333171, -2.649999999999999911 ) ) ;
#3569 = VECTOR ( 'NONE', #4984, 1000.000000000000000 ) ;
#3570 = ORIENTED_EDGE ( 'NONE', *, *, #4330, .T. ) ;
#3571 = DIRECTION ( 'NONE',  ( -0.000000000000000000, -0.000000000000000000, -1.000000000000000000 ) ) ;
#3572 = DIRECTION ( 'NONE',  ( 0.000000000000000000, 0.000000000000000000, 1.000000000000000000 ) ) ;
#3573 = FACE_OUTER_BOUND ( 'NONE', #6929, .T. ) ;
#3574 = ORIENTED_EDGE ( 'NONE', *, *, #6413, .F. ) ;
#3575 = AXIS2_PLACEMENT_3D ( 'NONE', #5623, #6655, #7243 ) ;
#3576 = CARTESIAN_POINT ( 'NONE',  ( 3.545654243167450481, -0.7049998006469672118, -4.274269661123265784 ) ) ;
#3577 = ADVANCED_FACE ( 'NONE', ( #6950 ), #4798, .T. ) ;
#3578 = DIRECTION ( 'NONE',  ( -1.000000000000000000, 0.000000000000000000, 0.000000000000000000 ) ) ;
#3579 = DIRECTION ( 'NONE',  ( -1.000000000000000000, 0.000000000000000000, 0.000000000000000000 ) ) ;
#3580 = ORIENTED_EDGE ( 'NONE', *, *, #4261, .F. ) ;
#3581 = LINE ( 'NONE', #3734, #6829 ) ;
#3582 = AXIS2_PLACEMENT_3D ( 'NONE', #935, #351, #787 ) ;
#3583 = EDGE_CURVE ( 'NONE', #1259, #3339, #3245, .T. ) ;
#3584 = DIRECTION ( 'NONE',  ( -0.000000000000000000, -1.000000000000000000, -0.000000000000000000 ) ) ;
#3585 = B_SPLINE_CURVE_WITH_KNOTS ( 'NONE', 2,
 ( #6148, #2878, #2325 ),
 .UNSPECIFIED., .F., .F.,
 ( 3, 3 ),
 ( 0.000000000000000000, 1.000000000000000000 ),
 .UNSPECIFIED. ) ;
#3586 = CYLINDRICAL_SURFACE ( 'NONE', #3738, 0.09999999999999982514 ) ;
#3587 = VECTOR ( 'NONE', #6063, 1000.000000000000000 ) ;
#3588 = CARTESIAN_POINT ( 'NONE',  ( -2.299999999999999822, 1.674999999999999378, 0.6500000000000001332 ) ) ;
#3589 = ADVANCED_FACE ( 'NONE', ( #1675 ), #5090, .T. ) ;
#3590 = DIRECTION ( 'NONE',  ( 0.000000000000000000, 0.000000000000000000, 1.000000000000000000 ) ) ;
#3591 = LINE ( 'NONE', #4218, #1391 ) ;
#3592 = DIRECTION ( 'NONE',  ( 0.000000000000000000, 4.336808689942043768E-15, 1.000000000000000000 ) ) ;
#3593 = ORIENTED_EDGE ( 'NONE', *, *, #423, .F. ) ;
#3594 = VERTEX_POINT ( 'NONE', #5500 ) ;
#3595 = VECTOR ( 'NONE', #2145, 1000.000000000000000 ) ;
#3596 = CARTESIAN_POINT ( 'NONE',  ( 1.450000000000000178, -1.499999999999999778, -3.100000000000000977 ) ) ;
#3597 = DIRECTION ( 'NONE',  ( -0.000000000000000000, -0.000000000000000000, -1.000000000000000000 ) ) ;
#3598 = VECTOR ( 'NONE', #4047, 1000.000000000000000 ) ;
#3599 = CARTESIAN_POINT ( 'NONE',  ( 1.674999999999998934, 2.300000000000000266, 0.4000000000000000222 ) ) ;
#3600 = ORIENTED_EDGE ( 'NONE', *, *, #409, .T. ) ;
#3601 = DIRECTION ( 'NONE',  ( -3.491481338843133355E-15, 1.826686381626108585E-16, 1.000000000000000000 ) ) ;
#3602 = EDGE_LOOP ( 'NONE', ( #6455, #340, #4167, #991 ) ) ;
#3603 = ORIENTED_EDGE ( 'NONE', *, *, #1415, .T. ) ;
#3604 = AXIS2_PLACEMENT_3D ( 'NONE', #6905, #1376, #751 ) ;
#3605 = EDGE_CURVE ( 'NONE', #5986, #3432, #5508, .T. ) ;
#3606 = ORIENTED_EDGE ( 'NONE', *, *, #521, .F. ) ;
#3607 = CARTESIAN_POINT ( 'NONE',  ( -3.700000000000018385, -3.764590876685777751E-16, -4.601304182183914904 ) ) ;
#3608 = DIRECTION ( 'NONE',  ( 0.3303504247281062178, -0.9438583563660173370, 0.000000000000000000 ) ) ;
#3609 = ORIENTED_EDGE ( 'NONE', *, *, #2689, .F. ) ;
#3610 = CARTESIAN_POINT ( 'NONE',  ( 3.795015528100093682, -4.990031056200153969, -5.049999999999998934 ) ) ;
#3611 = CARTESIAN_POINT ( 'NONE',  ( -3.300000000000010481, -4.425035759465945693E-16, -2.849999999999998312 ) ) ;
#3612 = LINE ( 'NONE', #2590, #5961 ) ;
#3613 = ADVANCED_FACE ( 'NONE', ( #2734 ), #3118, .F. ) ;
#3614 = ORIENTED_EDGE ( 'NONE', *, *, #5437, .T. ) ;
#3615 = AXIS2_PLACEMENT_3D ( 'NONE', #1295, #4671, #5122 ) ;
#3616 = CARTESIAN_POINT ( 'NONE',  ( 3.376759760754480588, -0.6964661213341739598, -3.060156501862070666 ) ) ;
#3617 = LINE ( 'NONE', #5885, #202 ) ;
#3618 = DIRECTION ( 'NONE',  ( 6.071532165918819308E-15, -1.000000000000000000, 0.000000000000000000 ) ) ;
#3619 = ORIENTED_EDGE ( 'NONE', *, *, #1079, .F. ) ;
#3620 = AXIS2_PLACEMENT_3D ( 'NONE', #1167, #4001, #2887 ) ;
#3621 = DIRECTION ( 'NONE',  ( -0.000000000000000000, -0.000000000000000000, -1.000000000000000000 ) ) ;
#3622 = DIRECTION ( 'NONE',  ( 0.000000000000000000, 0.000000000000000000, 1.000000000000000000 ) ) ;
#3623 = EDGE_CURVE ( 'NONE', #50, #5320, #103, .T. ) ;
#3624 = DIRECTION ( 'NONE',  ( 0.000000000000000000, -1.000000000000000000, 0.000000000000000000 ) ) ;
#3625 = CIRCLE ( 'NONE', #468, 0.09999999999999939493 ) ;
#3626 = ADVANCED_FACE ( 'NONE', ( #5269 ), #4601, .T. ) ;
#3627 = FACE_OUTER_BOUND ( 'NONE', #2970, .T. ) ;
#3628 = DIRECTION ( 'NONE',  ( -1.000000000000000000, 0.000000000000000000, 0.000000000000000000 ) ) ;
#3629 = CARTESIAN_POINT ( 'NONE',  ( 3.300000000000015810, 2.600000000000000533, -4.748279434898257101 ) ) ;
#3630 = DIRECTION ( 'NONE',  ( -0.000000000000000000, -0.000000000000000000, -1.000000000000000000 ) ) ;
#3631 = ORIENTED_EDGE ( 'NONE', *, *, #4863, .F. ) ;
#3632 = ORIENTED_EDGE ( 'NONE', *, *, #5259, .F. ) ;
#3633 = PRESENTATION_LAYER_ASSIGNMENT (  '', '', ( #3168 ) ) ;
#3634 = CIRCLE ( 'NONE', #3406, 0.6250000000000001110 ) ;
#3635 = EDGE_CURVE ( 'NONE', #5393, #5083, #455, .T. ) ;
#3636 = CARTESIAN_POINT ( 'NONE',  ( 1.149999999999999911, -2.900000000000000355, -3.100000000000000977 ) ) ;
#3637 = DIRECTION ( 'NONE',  ( 0.000000000000000000, 0.000000000000000000, 1.000000000000000000 ) ) ;
#3638 = AXIS2_PLACEMENT_3D ( 'NONE', #6156, #3335, #618 ) ;
#3639 = FACE_BOUND ( 'NONE', #264, .T. ) ;
#3640 = ORIENTED_EDGE ( 'NONE', *, *, #5324, .T. ) ;
#3641 = CARTESIAN_POINT ( 'NONE',  ( 3.000000000000000000, 1.600000000000000755, -2.850000000000000089 ) ) ;
#3642 = ORIENTED_EDGE ( 'NONE', *, *, #2699, .T. ) ;
#3643 = ORIENTED_EDGE ( 'NONE', *, *, #5955, .F. ) ;
#3644 = AXIS2_PLACEMENT_3D ( 'NONE', #5730, #6284, #3433 ) ;
#3645 = ADVANCED_FACE ( 'NONE', ( #1888 ), #1743, .T. ) ;
#3646 = MANIFOLD_SOLID_BREP ( 'Mirror3', #5106 ) ;
#3647 = DIRECTION ( 'NONE',  ( 0.000000000000000000, 0.000000000000000000, -1.000000000000000000 ) ) ;
#3648 = VERTEX_POINT ( 'NONE', #5306 ) ;
#3649 = CARTESIAN_POINT ( 'NONE',  ( -3.700000000000018385, -0.08486455634233175394, -5.021617185908053393 ) ) ;
#3650 = FACE_OUTER_BOUND ( 'NONE', #3733, .T. ) ;
#3651 = ORIENTED_EDGE ( 'NONE', *, *, #4227, .F. ) ;
#3652 = CARTESIAN_POINT ( 'NONE',  ( -2.299999999999999822, 2.299999999999999822, 0.6500000000000001332 ) ) ;
#3653 = CARTESIAN_POINT ( 'NONE',  ( -2.425000000000000266, -8.000000000000000000, -2.200000000000000178 ) ) ;
#3654 = DIRECTION ( 'NONE',  ( 0.000000000000000000, 0.000000000000000000, -1.000000000000000000 ) ) ;
#3655 = EDGE_LOOP ( 'NONE', ( #4845, #3521, #3266, #5860 ) ) ;
#3656 = CARTESIAN_POINT ( 'NONE',  ( 3.367289138262552495, -0.8711109301738956257, -3.433366198847782158 ) ) ;
#3657 = ADVANCED_FACE ( 'NONE', ( #7002 ), #3429, .T. ) ;
#3658 = CARTESIAN_POINT ( 'NONE',  ( 3.700000000000016609, 2.709888451158951828, -5.132889013954584634 ) ) ;
#3659 = DIRECTION ( 'NONE',  ( 0.000000000000000000, 1.000000000000000000, 4.336808689942044557E-15 ) ) ;
#3660 = ORIENTED_EDGE ( 'NONE', *, *, #4109, .F. ) ;
#3661 = CARTESIAN_POINT ( 'NONE',  ( 3.000000000000000000, 0.000000000000000000, -2.850000000000000089 ) ) ;
#3662 = CARTESIAN_POINT ( 'NONE',  ( -3.300000000000012257, -7.500000000000001776, -5.049999999999999822 ) ) ;
#3663 = CARTESIAN_POINT ( 'NONE',  ( -2.299999999999999822, -1.674999999999999822, 0.6500000000000001332 ) ) ;
#3664 = DIRECTION ( 'NONE',  ( 0.000000000000000000, -0.000000000000000000, 1.000000000000000000 ) ) ;
#3665 = DIRECTION ( 'NONE',  ( 3.491481338843133355E-15, 1.577279855319300948E-30, -1.000000000000000000 ) ) ;
#3666 = CARTESIAN_POINT ( 'NONE',  ( -4.128237442572069149, -6.000935160798249512, -5.049999999999998934 ) ) ;
#3667 = CARTESIAN_POINT ( 'NONE',  ( 3.199999999999999289, 3.000000000000001332, -0.1000000000000002554 ) ) ;
#3668 = ORIENTED_EDGE ( 'NONE', *, *, #5728, .F. ) ;
#3669 = EDGE_LOOP ( 'NONE', ( #2011, #392 ) ) ;
#3670 = CARTESIAN_POINT ( 'NONE',  ( -3.300000000000012257, -7.499999999999999112, -4.049999999999998934 ) ) ;
#3671 = PLANE ( 'NONE',  #2569 ) ;
#3672 = CARTESIAN_POINT ( 'NONE',  ( 1.450000000000000178, -1.499999999999999778, -2.850000000000000089 ) ) ;
#3673 = ORIENTED_EDGE ( 'NONE', *, *, #499, .T. ) ;
#3674 = CARTESIAN_POINT ( 'NONE',  ( 2.899999999999999911, 2.500000000000000000, -3.100000000000000977 ) ) ;
#3675 = ORIENTED_EDGE ( 'NONE', *, *, #4779, .T. ) ;
#3676 = ORIENTED_EDGE ( 'NONE', *, *, #5192, .T. ) ;
#3677 = ADVANCED_FACE ( 'NONE', ( #890 ), #927, .T. ) ;
#3678 = CARTESIAN_POINT ( 'NONE',  ( -2.828233073500719286, -1.000000000000000444, -2.850000000000000977 ) ) ;
#3679 = LINE ( 'NONE', #2616, #5520 ) ;
#3680 = DIRECTION ( 'NONE',  ( 0.000000000000000000, 0.000000000000000000, 1.000000000000000000 ) ) ;
#3681 = EDGE_CURVE ( 'NONE', #6616, #3715, #2064, .T. ) ;
#3682 = ADVANCED_FACE ( 'NONE', ( #4235 ), #4360, .T. ) ;
#3683 = EDGE_CURVE ( 'NONE', #348, #2465, #6920, .T. ) ;
#3684 = ORIENTED_EDGE ( 'NONE', *, *, #4962, .F. ) ;
#3685 = VERTEX_POINT ( 'NONE', #6721 ) ;
#3686 = CARTESIAN_POINT ( 'NONE',  ( -1.050000000000000044, 2.900000000000000355, -2.850000000000000089 ) ) ;
#3687 = DIRECTION ( 'NONE',  ( -0.000000000000000000, -0.000000000000000000, -1.000000000000000000 ) ) ;
#3688 = VERTEX_POINT ( 'NONE', #1109 ) ;
#3689 = VECTOR ( 'NONE', #6909, 1000.000000000000000 ) ;
#3690 = CARTESIAN_POINT ( 'NONE',  ( 3.700000000000010836, 1.460043481138425801E-15, -3.854081064452110184 ) ) ;
#3691 = EDGE_CURVE ( 'NONE', #1453, #4520, #3349, .T. ) ;
#3692 = CARTESIAN_POINT ( 'NONE',  ( -1.450000000000000178, -2.900000000000000355, -2.850000000000000089 ) ) ;
#3693 = DIRECTION ( 'NONE',  ( 0.000000000000000000, 0.000000000000000000, 1.000000000000000000 ) ) ;
#3694 = ORIENTED_EDGE ( 'NONE', *, *, #4442, .F. ) ;
#3695 = DIRECTION ( 'NONE',  ( 0.000000000000000000, -1.000000000000000000, 0.000000000000000000 ) ) ;
#3696 = DIRECTION ( 'NONE',  ( -1.000000000000000000, 0.000000000000000000, 0.000000000000000000 ) ) ;
#3697 = AXIS2_PLACEMENT_3D ( 'NONE', #6549, #1936, #4141 ) ;
#3698 = CARTESIAN_POINT ( 'NONE',  ( 3.116257737327599475, -0.9999999999999991118, -4.391147680321848767 ) ) ;
#3699 = EDGE_CURVE ( 'NONE', #6051, #2051, #16, .T. ) ;
#3700 = CARTESIAN_POINT ( 'NONE',  ( 2.900000000000000355, -1.599999999999999201, -2.850000000000000089 ) ) ;
#3701 = CIRCLE ( 'NONE', #6659, 0.9000000000000014655 ) ;
#3702 = CARTESIAN_POINT ( 'NONE',  ( -2.900000000000000355, -1.599999999999999201, -3.100000000000000977 ) ) ;
#3703 = PLANE ( 'NONE',  #1160 ) ;
#3704 = CARTESIAN_POINT ( 'NONE',  ( -3.200000000000000622, 0.000000000000000000, 9.703609443745264684E-15 ) ) ;
#3705 = EDGE_LOOP ( 'NONE', ( #3580, #4571, #5264, #6024 ) ) ;
#3706 = ORIENTED_EDGE ( 'NONE', *, *, #5080, .F. ) ;
#3707 = VECTOR ( 'NONE', #5142, 1000.000000000000000 ) ;
#3708 = FACE_OUTER_BOUND ( 'NONE', #2028, .T. ) ;
#3709 = ADVANCED_FACE ( 'NONE', ( #2105 ), #6203, .T. ) ;
#3710 = DIRECTION ( 'NONE',  ( -1.000000000000000000, 2.691812290308839275E-15, 0.000000000000000000 ) ) ;
#3711 = DIRECTION ( 'NONE',  ( 0.000000000000000000, 0.000000000000000000, -1.000000000000000000 ) ) ;
#3712 = EDGE_LOOP ( 'NONE', ( #5258, #4180, #7050, #4665 ) ) ;
#3713 = CYLINDRICAL_SURFACE ( 'NONE', #6243, 0.09999999999999982514 ) ;
#3714 = AXIS2_PLACEMENT_3D ( 'NONE', #6232, #4007, #1832 ) ;
#3715 = VERTEX_POINT ( 'NONE', #6886 ) ;
#3716 = ORIENTED_EDGE ( 'NONE', *, *, #4573, .T. ) ;
#3717 = EDGE_CURVE ( 'NONE', #6108, #194, #77, .T. ) ;
#3718 = CARTESIAN_POINT ( 'NONE',  ( -3.300000000000010036, -1.905816649150112285, -2.849999999999999201 ) ) ;
#3719 = AXIS2_PLACEMENT_3D ( 'NONE', #6612, #453, #7085 ) ;
#3720 = EDGE_CURVE ( 'NONE', #4186, #573, #118, .T. ) ;
#3721 = CARTESIAN_POINT ( 'NONE',  ( -3.700000000000017941, -3.878107770813535811E-16, -5.021617185908054282 ) ) ;
#3722 = DIRECTION ( 'NONE',  ( -1.000000000000000000, 0.000000000000000000, 0.000000000000000000 ) ) ;
#3723 = EDGE_LOOP ( 'NONE', ( #6389, #6798, #3375, #494, #6942, #2170, #5000, #4327, #983, #4847, #4735, #1908 ) ) ;
#3724 = VERTEX_POINT ( 'NONE', #5822 ) ;
#3725 = AXIS2_PLACEMENT_3D ( 'NONE', #948, #7286, #1538 ) ;
#3726 = LINE ( 'NONE', #3021, #181 ) ;
#3727 = ADVANCED_FACE ( 'NONE', ( #6853 ), #2901, .T. ) ;
#3728 = ORIENTED_EDGE ( 'NONE', *, *, #6323, .F. ) ;
#3729 = VECTOR ( 'NONE', #6867, 1000.000000000000000 ) ;
#3730 = DIRECTION ( 'NONE',  ( 0.3363363969981568724, -0.9417419115948372221, 0.000000000000000000 ) ) ;
#3731 = DIRECTION ( 'NONE',  ( 0.8944271909999162995, 0.4472135954999572616, 0.000000000000000000 ) ) ;
#3732 = CARTESIAN_POINT ( 'NONE',  ( -4.128237442572069149, -6.000935160798248624, -4.049999999999998934 ) ) ;
#3733 = EDGE_LOOP ( 'NONE', ( #2260, #5565, #2578, #487 ) ) ;
#3734 = CARTESIAN_POINT ( 'NONE',  ( 3.000000000000000000, 2.399999999999999467, -2.850000000000000089 ) ) ;
#3735 = CARTESIAN_POINT ( 'NONE',  ( 1.674999999999999822, -2.299999999999999822, 0.6500000000000001332 ) ) ;
#3736 = VECTOR ( 'NONE', #2409, 1000.000000000000000 ) ;
#3737 = CARTESIAN_POINT ( 'NONE',  ( 3.300000000000003819, -3.999999999999998224, -0.5999999999999990896 ) ) ;
#3738 = AXIS2_PLACEMENT_3D ( 'NONE', #172, #3549, #3033 ) ;
#3739 = CARTESIAN_POINT ( 'NONE',  ( 3.300000000000015810, 2.600000000000000533, -4.748279434898257101 ) ) ;
#3740 = CARTESIAN_POINT ( 'NONE',  ( -2.425000000000000266, -8.000000000000000000, -1.900000000000000133 ) ) ;
#3741 = LINE ( 'NONE', #6007, #1053 ) ;
#3742 = ORIENTED_EDGE ( 'NONE', *, *, #881, .F. ) ;
#3743 = ORIENTED_EDGE ( 'NONE', *, *, #2955, .F. ) ;
#3744 = VECTOR ( 'NONE', #923, 999.9999999999998863 ) ;
#3745 = DIRECTION ( 'NONE',  ( 0.000000000000000000, -1.000000000000000000, 0.000000000000000000 ) ) ;
#3746 = DIRECTION ( 'NONE',  ( 0.000000000000000000, 1.000000000000000000, 0.000000000000000000 ) ) ;
#3747 = LINE ( 'NONE', #957, #704 ) ;
#3749 = EDGE_LOOP ( 'NONE', ( #1110, #446, #4851, #5875, #5121 ) ) ;
#3748 = AXIS2_PLACEMENT_3D ( 'NONE', #3667, #5440, #3592 ) ;
#3751 = VECTOR ( 'NONE', #4342, 1000.000000000000000 ) ;
#3750 = DIRECTION ( 'NONE',  ( 0.000000000000000000, 0.000000000000000000, 1.000000000000000000 ) ) ;
#3752 = EDGE_CURVE ( 'NONE', #6142, #6765, #2868, .T. ) ;
#3753 = VERTEX_POINT ( 'NONE', #183 ) ;
#3754 = ORIENTED_EDGE ( 'NONE', *, *, #336, .T. ) ;
#3755 = FACE_OUTER_BOUND ( 'NONE', #5266, .T. ) ;
#3756 = MANIFOLD_SOLID_BREP ( 'Fillet2', #1345 ) ;
#3757 = CIRCLE ( 'NONE', #355, 0.09999999999999982514 ) ;
#3758 = CARTESIAN_POINT ( 'NONE',  ( -3.283504851620970388, -1.796664292613104008, -3.363715893440616167 ) ) ;
#3759 = AXIS2_PLACEMENT_3D ( 'NONE', #4372, #441, #2754 ) ;
#3760 = ORIENTED_EDGE ( 'NONE', *, *, #3456, .F. ) ;
#3761 = DIRECTION ( 'NONE',  ( 0.000000000000000000, 0.000000000000000000, 1.000000000000000000 ) ) ;
#3762 = CARTESIAN_POINT ( 'NONE',  ( -2.600000000000000533, -7.500000000000000000, -1.900000000000000133 ) ) ;
#3763 = EDGE_LOOP ( 'NONE', ( #5788, #4738, #5476, #6605 ) ) ;
#3764 = ADVANCED_FACE ( 'NONE', ( #4662 ), #1322, .T. ) ;
#3765 = ORIENTED_EDGE ( 'NONE', *, *, #3560, .F. ) ;
#3766 = VECTOR ( 'NONE', #1826, 1000.000000000000000 ) ;
#3767 = EDGE_CURVE ( 'NONE', #7221, #2130, #1246, .T. ) ;
#3768 = VERTEX_POINT ( 'NONE', #6341 ) ;
#3769 = VECTOR ( 'NONE', #4971, 1000.000000000000000 ) ;
#3770 = DIRECTION ( 'NONE',  ( 1.000000000000000000, -5.987542637623615472E-15, 5.585196838722984675E-30 ) ) ;
#3771 = DIRECTION ( 'NONE',  ( 0.000000000000000000, 0.000000000000000000, 1.000000000000000000 ) ) ;
#3772 = EDGE_LOOP ( 'NONE', ( #5246, #4494, #2277, #3022 ) ) ;
#3773 = EDGE_CURVE ( 'NONE', #304, #2052, #5113, .T. ) ;
#3774 = LINE ( 'NONE', #2706, #6015 ) ;
#3775 = CARTESIAN_POINT ( 'NONE',  ( -3.437244651700125164, -5.168916494400139783, -5.049999999999998934 ) ) ;
#3776 = CARTESIAN_POINT ( 'NONE',  ( 3.700000000000019273, -1.999999999999998668, -4.601304182183908686 ) ) ;
#3777 = CARTESIAN_POINT ( 'NONE',  ( -3.300000000000020695, -0.4999999999999994449, -6.049999999999998046 ) ) ;
#3778 = CARTESIAN_POINT ( 'NONE',  ( 3.700000000000017497, 2.600000000000000533, -5.371878022344831471 ) ) ;
#3779 = EDGE_CURVE ( 'NONE', #6028, #2498, #2971, .T. ) ;
#3780 = DIRECTION ( 'NONE',  ( 0.000000000000000000, 0.9615239476408233843, 0.2747211278973775705 ) ) ;
#3781 = EDGE_LOOP ( 'NONE', ( #6428, #7159, #4827, #2111 ) ) ;
#3782 = ORIENTED_EDGE ( 'NONE', *, *, #1640, .F. ) ;
#3783 = CARTESIAN_POINT ( 'NONE',  ( -3.300000000000010036, -4.158455393585458477E-16, -2.849999999999999201 ) ) ;
#3784 = VERTEX_POINT ( 'NONE', #703 ) ;
#3785 = FACE_OUTER_BOUND ( 'NONE', #5787, .T. ) ;
#3786 = CARTESIAN_POINT ( 'NONE',  ( 2.925000000000000266, -2.299999999999999822, 0.6500000000000001332 ) ) ;
#3787 = ORIENTED_EDGE ( 'NONE', *, *, #322, .T. ) ;
#3788 = DIRECTION ( 'NONE',  ( 2.602085213965209064E-15, -1.734723475976804333E-15, -1.000000000000000000 ) ) ;
#3789 = EDGE_LOOP ( 'NONE', ( #2153, #3039, #1101, #5005 ) ) ;
#3790 = ORIENTED_EDGE ( 'NONE', *, *, #4756, .T. ) ;
#3791 = CARTESIAN_POINT ( 'NONE',  ( 3.300000000000015810, 3.000000000000000444, -4.748279434898257101 ) ) ;
#3792 = CARTESIAN_POINT ( 'NONE',  ( -3.300000000000013589, -0.09418335084988922745, -3.830730342022995227 ) ) ;
#3793 = EDGE_CURVE ( 'NONE', #5087, #6645, #1733, .T. ) ;
#3794 = ORIENTED_EDGE ( 'NONE', *, *, #4932, .T. ) ;
#3795 = DIRECTION ( 'NONE',  ( -1.000000000000000000, 0.000000000000000000, 0.000000000000000000 ) ) ;
#3796 = DIRECTION ( 'NONE',  ( 0.000000000000000000, -1.000000000000000000, 0.000000000000000000 ) ) ;
#3797 = EDGE_LOOP ( 'NONE', ( #6382, #922, #4266, #74 ) ) ;
#3798 = ORIENTED_EDGE ( 'NONE', *, *, #6876, .F. ) ;
#3799 = DIRECTION ( 'NONE',  ( -6.071532165918819308E-15, -1.000000000000000000, 0.000000000000000000 ) ) ;
#3800 = VERTEX_POINT ( 'NONE', #1773 ) ;
#3801 = FACE_OUTER_BOUND ( 'NONE', #6675, .T. ) ;
#3802 = ORIENTED_EDGE ( 'NONE', *, *, #2463, .T. ) ;
#3803 = CARTESIAN_POINT ( 'NONE',  ( 2.299999999999999378, -2.299999999999999378, 0.9000000000000002442 ) ) ;
#3804 = CARTESIAN_POINT ( 'NONE',  ( -2.899999999999999467, 1.500000000000000000, -2.850000000000000089 ) ) ;
#3805 = AXIS2_PLACEMENT_3D ( 'NONE', #4399, #4437, #3298 ) ;
#3806 = EDGE_CURVE ( 'NONE', #3685, #2498, #6922, .T. ) ;
#3807 = FACE_OUTER_BOUND ( 'NONE', #1915, .T. ) ;
#3808 = ADVANCED_FACE ( 'NONE', ( #1877 ), #4118, .T. ) ;
#3809 = LINE ( 'NONE', #6038, #4184 ) ;
#3810 = DIRECTION ( 'NONE',  ( 0.000000000000000000, -1.000000000000000000, 0.000000000000000000 ) ) ;
#3811 = CARTESIAN_POINT ( 'NONE',  ( -4.200000000000012612, -7.286606874731853978, -4.049999999999996270 ) ) ;
#3812 = EDGE_LOOP ( 'NONE', ( #4147, #2472, #3210, #2462 ) ) ;
#3813 = DIRECTION ( 'NONE',  ( 3.491481338843133355E-15, 1.577279855319300948E-30, -1.000000000000000000 ) ) ;
#3814 = DIRECTION ( 'NONE',  ( 0.000000000000000000, 0.000000000000000000, 1.000000000000000000 ) ) ;
#3815 = ORIENTED_EDGE ( 'NONE', *, *, #135, .F. ) ;
#3816 = DIRECTION ( 'NONE',  ( 1.000000000000000000, -5.987542637623614683E-15, 5.585196838722983974E-30 ) ) ;
#3817 = EDGE_CURVE ( 'NONE', #381, #17, #6346, .T. ) ;
#3818 = CYLINDRICAL_SURFACE ( 'NONE', #3514, 0.5000000000000004441 ) ;
#3819 = VERTEX_POINT ( 'NONE', #6525 ) ;
#3820 = LINE ( 'NONE', #4518, #5647 ) ;
#3821 = ORIENTED_EDGE ( 'NONE', *, *, #6285, .T. ) ;
#3822 = VERTEX_POINT ( 'NONE', #334 ) ;
#3823 = CIRCLE ( 'NONE', #421, 0.8999999999999998002 ) ;
#3824 = CARTESIAN_POINT ( 'NONE',  ( 1.350000000000000089, 2.900000000000000355, -2.850000000000000089 ) ) ;
#3825 = CARTESIAN_POINT ( 'NONE',  ( -3.300000000000018030, -0.2052944619610003185, -5.231773687770131076 ) ) ;
#3826 = ORIENTED_EDGE ( 'NONE', *, *, #1041, .T. ) ;
#3827 = VECTOR ( 'NONE', #5993, 1000.000000000000114 ) ;
#3828 = FACE_OUTER_BOUND ( 'NONE', #4872, .T. ) ;
#3829 = DIRECTION ( 'NONE',  ( -6.505213034913037648E-15, 1.000000000000000000, 0.000000000000000000 ) ) ;
#3830 = ORIENTED_EDGE ( 'NONE', *, *, #4514, .F. ) ;
#3831 = VERTEX_POINT ( 'NONE', #6994 ) ;
#3832 = FACE_OUTER_BOUND ( 'NONE', #2880, .T. ) ;
#3833 = EDGE_CURVE ( 'NONE', #970, #658, #7163, .T. ) ;
#3834 = EDGE_CURVE ( 'NONE', #6242, #3724, #374, .T. ) ;
#3835 = CIRCLE ( 'NONE', #1604, 0.9000000000000014655 ) ;
#3836 = CARTESIAN_POINT ( 'NONE',  ( 2.876494900217184902, -0.7372879175349913439, -2.850000000000000089 ) ) ;
#3837 = ORIENTED_EDGE ( 'NONE', *, *, #924, .T. ) ;
#3838 = CARTESIAN_POINT ( 'NONE',  ( -3.343803370996313973, -1.305601146198357210, -2.849999999999998757 ) ) ;
#3839 = CARTESIAN_POINT ( 'NONE',  ( 2.299999999999998934, 2.300000000000000711, 0.000000000000000000 ) ) ;
#3840 = AXIS2_PLACEMENT_3D ( 'NONE', #2235, #510, #2630 ) ;
#3841 = FACE_OUTER_BOUND ( 'NONE', #4897, .T. ) ;
#3842 = ORIENTED_EDGE ( 'NONE', *, *, #5538, .T. ) ;
#3843 = DIRECTION ( 'NONE',  ( 0.000000000000000000, 0.000000000000000000, 1.000000000000000000 ) ) ;
#3844 = ADVANCED_FACE ( 'NONE', ( #770 ), #3046, .F. ) ;
#3845 = CARTESIAN_POINT ( 'NONE',  ( -1.450000000000000178, 1.500000000000000000, -3.100000000000000977 ) ) ;
#3846 = VECTOR ( 'NONE', #2886, 1000.000000000000000 ) ;
#3847 = CARTESIAN_POINT ( 'NONE',  ( -3.300000000000016254, 2.999999999999999112, -4.748279434898257101 ) ) ;
#3848 = FACE_OUTER_BOUND ( 'NONE', #6126, .T. ) ;
#3849 = CARTESIAN_POINT ( 'NONE',  ( -1.450000000000000178, -2.500000000000003109, -2.850000000000000089 ) ) ;
#3850 = FACE_OUTER_BOUND ( 'NONE', #1332, .T. ) ;
#3851 = AXIS2_PLACEMENT_3D ( 'NONE', #5331, #6377, #5368 ) ;
#3852 = ORIENTED_EDGE ( 'NONE', *, *, #2582, .F. ) ;
#3853 = ORIENTED_EDGE ( 'NONE', *, *, #4618, .F. ) ;
#3854 = EDGE_CURVE ( 'NONE', #2121, #4338, #4225, .T. ) ;
#3855 = CARTESIAN_POINT ( 'NONE',  ( 0.000000000000000000, 3.000000000000000000, 0.000000000000000000 ) ) ;
#3856 = ADVANCED_FACE ( 'NONE', ( #4183 ), #3671, .T. ) ;
#3857 = ORIENTED_EDGE ( 'NONE', *, *, #6808, .F. ) ;
#3858 = DIRECTION ( 'NONE',  ( 0.000000000000000000, 0.000000000000000000, 1.000000000000000000 ) ) ;
#3859 = AXIS2_PLACEMENT_3D ( 'NONE', #1957, #4850, #3647 ) ;
#3860 = LINE ( 'NONE', #5482, #2581 ) ;
#3861 = EDGE_LOOP ( 'NONE', ( #2417, #5416, #4743, #753 ) ) ;
#3862 = CARTESIAN_POINT ( 'NONE',  ( -1.450000000000000178, 0.000000000000000000, -2.850000000000000089 ) ) ;
#3863 = VERTEX_POINT ( 'NONE', #4733 ) ;
#3864 = ORIENTED_EDGE ( 'NONE', *, *, #6873, .F. ) ;
#3865 = AXIS2_PLACEMENT_3D ( 'NONE', #834, #905, #2553 ) ;
#3866 = EDGE_CURVE ( 'NONE', #3510, #4431, #2223, .T. ) ;
#3867 = AXIS2_PLACEMENT_3D ( 'NONE', #439, #1764, #2410 ) ;
#3868 = DIRECTION ( 'NONE',  ( -6.071532165918819308E-15, -1.000000000000000000, 0.000000000000000000 ) ) ;
#3869 = DIRECTION ( 'NONE',  ( 1.000000000000000000, 0.000000000000000000, 0.000000000000000000 ) ) ;
#3870 = CARTESIAN_POINT ( 'NONE',  ( -3.291664351028913416, -1.795695373969850239, -4.391147680321848767 ) ) ;
#3871 = ORIENTED_EDGE ( 'NONE', *, *, #2015, .T. ) ;
#3872 = AXIS2_PLACEMENT_3D ( 'NONE', #1009, #3326, #4861 ) ;
#3873 = VECTOR ( 'NONE', #1409, 1000.000000000000000 ) ;
#3874 = DIRECTION ( 'NONE',  ( 0.000000000000000000, 3.469446951953618922E-15, 1.000000000000000000 ) ) ;
#3875 = CARTESIAN_POINT ( 'NONE',  ( 1.050000000000000044, 2.900000000000000355, -3.100000000000000977 ) ) ;
#3876 = VERTEX_POINT ( 'NONE', #808 ) ;
#3877 = ORIENTED_EDGE ( 'NONE', *, *, #5203, .F. ) ;
#3878 = EDGE_CURVE ( 'NONE', #7044, #5540, #2812, .T. ) ;
#3879 = DIRECTION ( 'NONE',  ( -1.000000000000000000, 0.000000000000000000, 0.000000000000000000 ) ) ;
#3880 = VECTOR ( 'NONE', #4145, 1000.000000000000000 ) ;
#3881 = VECTOR ( 'NONE', #5191, 1000.000000000000000 ) ;
#3882 = CARTESIAN_POINT ( 'NONE',  ( 2.876494900217184902, -1.262712082465007102, -2.990104334574713807 ) ) ;
#3883 = VERTEX_POINT ( 'NONE', #3158 ) ;
#3884 = CARTESIAN_POINT ( 'NONE',  ( -3.693603188895388634, -1.863038787686706055, -3.433768352897363929 ) ) ;
#3885 = CARTESIAN_POINT ( 'NONE',  ( -2.300000000000000266, -2.299999999999999378, 0.9000000000000001332 ) ) ;
#3886 = VECTOR ( 'NONE', #5177, 1000.000000000000000 ) ;
#3887 = DIRECTION ( 'NONE',  ( -1.000000000000000000, 0.000000000000000000, 0.000000000000000000 ) ) ;
#3888 = ORIENTED_EDGE ( 'NONE', *, *, #3281, .F. ) ;
#3889 = DIRECTION ( 'NONE',  ( -0.000000000000000000, -0.000000000000000000, -1.000000000000000000 ) ) ;
#3890 = CARTESIAN_POINT ( 'NONE',  ( -1.450000000000000178, -1.499999999999999778, -2.850000000000000089 ) ) ;
#3891 = ADVANCED_FACE ( 'NONE', ( #4843 ), #1913, .T. ) ;
#3892 = EDGE_CURVE ( 'NONE', #4519, #6841, #7285, .T. ) ;
#3893 = PLANE ( 'NONE',  #7012 ) ;
#3894 = CARTESIAN_POINT ( 'NONE',  ( 1.725037507957206451, 0.000000000000000000, 1.100000000000000089 ) ) ;
#3895 = CARTESIAN_POINT ( 'NONE',  ( 1.674999999999999822, 2.299999999999999822, 0.000000000000000000 ) ) ;
#3896 = FACE_BOUND ( 'NONE', #4873, .T. ) ;
#3897 = ORIENTED_EDGE ( 'NONE', *, *, #5096, .F. ) ;
#3898 = CARTESIAN_POINT ( 'NONE',  ( -1.674999999999999822, -2.299999999999999822, 0.4000000000000000222 ) ) ;
#3899 = DIRECTION ( 'NONE',  ( -1.000000000000000000, -4.517509052022934484E-16, -3.491481338843133355E-15 ) ) ;
#3900 = VERTEX_POINT ( 'NONE', #7075 ) ;
#3901 = CARTESIAN_POINT ( 'NONE',  ( -3.300000000000012257, -7.500000000000000000, -4.549999999999998934 ) ) ;
#3902 = PLANE ( 'NONE',  #6360 ) ;
#3903 = ORIENTED_EDGE ( 'NONE', *, *, #1125, .F. ) ;
#3904 = DIRECTION ( 'NONE',  ( -1.000000000000000000, -0.000000000000000000, -0.000000000000000000 ) ) ;
#3905 = ORIENTED_EDGE ( 'NONE', *, *, #3635, .F. ) ;
#3906 = ORIENTED_EDGE ( 'NONE', *, *, #1396, .F. ) ;
#3907 = FACE_OUTER_BOUND ( 'NONE', #3972, .T. ) ;
#3908 = CARTESIAN_POINT ( 'NONE',  ( -3.300000000000017586, -0.7407407407407410327, -5.231773687770131076 ) ) ;
#3909 = VERTEX_POINT ( 'NONE', #2024 ) ;
#3910 = EDGE_CURVE ( 'NONE', #1739, #6962, #6959, .T. ) ;
#3911 = LINE ( 'NONE', #6642, #5283 ) ;
#3912 = DIRECTION ( 'NONE',  ( 0.000000000000000000, 0.000000000000000000, 1.000000000000000000 ) ) ;
#3913 = EDGE_CURVE ( 'NONE', #6999, #4059, #6587, .T. ) ;
#3914 = ORIENTED_EDGE ( 'NONE', *, *, #1594, .T. ) ;
#3915 = ORIENTED_EDGE ( 'NONE', *, *, #6968, .T. ) ;
#3916 = CARTESIAN_POINT ( 'NONE',  ( 3.191225343168463180, -1.501916223483355850, -3.830730342022995227 ) ) ;
#3917 = EDGE_LOOP ( 'NONE', ( #2924, #3754 ) ) ;
#3918 = ADVANCED_FACE ( 'NONE', ( #6494 ), #6411, .T. ) ;
#3919 = CARTESIAN_POINT ( 'NONE',  ( -3.700000000000018385, -1.957567721828835428, -5.021617185908048953 ) ) ;
#3920 = CARTESIAN_POINT ( 'NONE',  ( -4.600000000000014744, -4.587538820250191662, -5.049999999999998934 ) ) ;
#3921 = DIRECTION ( 'NONE',  ( -4.517509052022934484E-16, 1.000000000000000000, 0.000000000000000000 ) ) ;
#3922 = EDGE_LOOP ( 'NONE', ( #5302, #1157, #6725, #3221 ) ) ;
#3923 = DIRECTION ( 'NONE',  ( -1.000000000000000000, -5.981805089575197183E-16, -0.000000000000000000 ) ) ;
#3924 = DIRECTION ( 'NONE',  ( 1.000000000000000000, 0.000000000000000000, 0.000000000000000000 ) ) ;
#3925 = CARTESIAN_POINT ( 'NONE',  ( 3.683551088572484034, -1.756772294004484092, -4.601306728343174335 ) ) ;
#3926 = DIRECTION ( 'NONE',  ( -1.000000000000000000, 0.000000000000000000, 0.000000000000000000 ) ) ;
#3927 = FACE_OUTER_BOUND ( 'NONE', #600, .T. ) ;
#3928 = CARTESIAN_POINT ( 'NONE',  ( 2.299999999999999822, 2.925000000000000711, 0.6500000000000001332 ) ) ;
#3929 = CARTESIAN_POINT ( 'NONE',  ( -0.8499999999999999778, -2.600000000000000533, -2.850000000000000089 ) ) ;
#3930 = ADVANCED_FACE ( 'NONE', ( #6561 ), #1505, .F. ) ;
#3931 = DIRECTION ( 'NONE',  ( -1.000000000000000000, 0.000000000000000000, -3.469446951953601961E-15 ) ) ;
#3932 = ORIENTED_EDGE ( 'NONE', *, *, #5594, .F. ) ;
#3933 = CARTESIAN_POINT ( 'NONE',  ( 3.700000000000019718, -3.999999999999998224, -5.049999999999998934 ) ) ;
#3934 = CARTESIAN_POINT ( 'NONE',  ( -2.600000000000000533, 3.100000000000000533, -2.200000000000000178 ) ) ;
#3935 = CARTESIAN_POINT ( 'NONE',  ( -2.299999999999999822, -2.299999999999999822, 0.6500000000000001332 ) ) ;
#3936 = DIRECTION ( 'NONE',  ( -0.000000000000000000, -0.000000000000000000, -1.000000000000000000 ) ) ;
#3937 = ORIENTED_EDGE ( 'NONE', *, *, #471, .T. ) ;
#3938 = ORIENTED_EDGE ( 'NONE', *, *, #5510, .F. ) ;
#3939 = VECTOR ( 'NONE', #2123, 1000.000000000000000 ) ;
#3940 = FACE_OUTER_BOUND ( 'NONE', #3327, .T. ) ;
#3941 = DIRECTION ( 'NONE',  ( 0.000000000000000000, -1.000000000000000000, 0.000000000000000000 ) ) ;
#3942 = ORIENTED_EDGE ( 'NONE', *, *, #395, .F. ) ;
#3943 = CARTESIAN_POINT ( 'NONE',  ( -2.299999999999999822, -1.963427199554093061, 0.9000000000000001332 ) ) ;
#3944 = CARTESIAN_POINT ( 'NONE',  ( -3.300000000000016254, -4.336808689942017736E-16, -4.748279434898257101 ) ) ;
#3945 = VECTOR ( 'NONE', #2833, 1000.000000000000000 ) ;
#3946 = ORIENTED_EDGE ( 'NONE', *, *, #562, .T. ) ;
#3947 = VERTEX_POINT ( 'NONE', #5861 ) ;
#3948 = CARTESIAN_POINT ( 'NONE',  ( 3.300000000000013589, -0.09418335084988772865, -3.830730342022995227 ) ) ;
#3949 = AXIS2_PLACEMENT_3D ( 'NONE', #6510, #1599, #7204 ) ;
#3950 = ADVANCED_FACE ( 'NONE', ( #262 ), #2493, .T. ) ;
#3951 = CARTESIAN_POINT ( 'NONE',  ( -3.566091891172920025, -1.467018513674722024, -3.853942002491066443 ) ) ;
#3952 = DIRECTION ( 'NONE',  ( 1.000000000000000000, -1.495451272393800528E-16, 0.000000000000000000 ) ) ;
#3953 = VERTEX_POINT ( 'NONE', #5597 ) ;
#3954 = CARTESIAN_POINT ( 'NONE',  ( -2.900000000000000799, -2.399999999999999467, -3.200000000000000178 ) ) ;
#3955 = AXIS2_PLACEMENT_3D ( 'NONE', #822, #4196, #5764 ) ;
#3956 = CARTESIAN_POINT ( 'NONE',  ( -1.450000000000000178, -2.900000000000000355, -2.850000000000000089 ) ) ;
#3957 = ADVANCED_FACE ( 'NONE', ( #7185 ), #2134, .T. ) ;
#3958 = VECTOR ( 'NONE', #2217, 1000.000000000000000 ) ;
#3959 = CARTESIAN_POINT ( 'NONE',  ( 3.700000000000019273, -1.957567721828833651, -5.021617185908048953 ) ) ;
#3960 = CARTESIAN_POINT ( 'NONE',  ( -1.050000000000000044, 2.900000000000000355, -3.100000000000000977 ) ) ;
#3961 = CARTESIAN_POINT ( 'NONE',  ( 2.899999999999999467, -1.499999999999999334, -3.100000000000000977 ) ) ;
#3962 = CARTESIAN_POINT ( 'NONE',  ( 0.8499999999999999778, -1.733333333333333171, -2.649999999999999911 ) ) ;
#3963 = DIRECTION ( 'NONE',  ( 0.000000000000000000, 0.000000000000000000, -1.000000000000000000 ) ) ;
#3964 = CARTESIAN_POINT ( 'NONE',  ( 3.700000000000000178, 1.671478349248485739E-15, 1.187103655206665341E-14 ) ) ;
#3965 = AXIS2_PLACEMENT_3D ( 'NONE', #1823, #4063, #6945 ) ;
#3966 = DIRECTION ( 'NONE',  ( 0.000000000000000000, 0.000000000000000000, 1.000000000000000000 ) ) ;
#3967 = CARTESIAN_POINT ( 'NONE',  ( -2.299999999999999822, 2.299999999999999822, 0.000000000000000000 ) ) ;
#3968 = LINE ( 'NONE', #6296, #5006 ) ;
#3969 = AXIS2_PLACEMENT_3D ( 'NONE', #4483, #2859, #2891 ) ;
#3970 = LINE ( 'NONE', #6814, #4223 ) ;
#3971 = LINE ( 'NONE', #5748, #6010 ) ;
#3972 = EDGE_LOOP ( 'NONE', ( #659, #7215, #1770, #6538 ) ) ;
#3973 = VERTEX_POINT ( 'NONE', #3305 ) ;
#3974 = CIRCLE ( 'NONE', #1385, 0.8999999999999998002 ) ;
#3975 = PLANE ( 'NONE',  #440 ) ;
#3976 = ORIENTED_EDGE ( 'NONE', *, *, #6430, .T. ) ;
#3977 = ADVANCED_FACE ( 'NONE', ( #3226 ), #3264, .F. ) ;
#3978 = CARTESIAN_POINT ( 'NONE',  ( -2.299999999999999822, -2.299999999999999822, 0.000000000000000000 ) ) ;
#3979 = EDGE_CURVE ( 'NONE', #3688, #3053, #929, .T. ) ;
#3980 = CARTESIAN_POINT ( 'NONE',  ( -1.450000000000000178, -2.500000000000003109, -2.850000000000000089 ) ) ;
#3981 = AXIS2_PLACEMENT_3D ( 'NONE', #3629, #4763, #876 ) ;
#3982 = VECTOR ( 'NONE', #6162, 1000.000000000000000 ) ;
#3983 = ORIENTED_EDGE ( 'NONE', *, *, #3469, .F. ) ;
#3984 = VERTEX_POINT ( 'NONE', #1025 ) ;
#3985 = VECTOR ( 'NONE', #299, 1000.000000000000000 ) ;
#3986 = DIRECTION ( 'NONE',  ( 1.000000000000000000, 0.000000000000000000, 0.000000000000000000 ) ) ;
#3987 = VECTOR ( 'NONE', #1585, 1000.000000000000000 ) ;
#3988 = UNCERTAINTY_MEASURE_WITH_UNIT (LENGTH_MEASURE( 1.000000000000000082E-05 ), #2797, 'distance_accuracy_value', 'NONE');
#3989 = CARTESIAN_POINT ( 'NONE',  ( -3.661775210869746999, -1.632126591231522150, -4.601325557152549095 ) ) ;
#3990 = EDGE_CURVE ( 'NONE', #1545, #3753, #6123, .T. ) ;
#3991 = DIRECTION ( 'NONE',  ( 0.000000000000000000, 1.000000000000000000, 0.000000000000000000 ) ) ;
#3992 = ORIENTED_EDGE ( 'NONE', *, *, #1304, .F. ) ;
#3993 = CIRCLE ( 'NONE', #6589, 0.09999999999999982514 ) ;
#3994 = FACE_OUTER_BOUND ( 'NONE', #2869, .T. ) ;
#3995 = CIRCLE ( 'NONE', #3998, 0.09999999999999982514 ) ;
#3996 = FACE_OUTER_BOUND ( 'NONE', #418, .T. ) ;
#3997 = AXIS2_PLACEMENT_3D ( 'NONE', #4952, #7213, #2161 ) ;
#3998 = AXIS2_PLACEMENT_3D ( 'NONE', #7109, #3160, #4295 ) ;
#3999 = CARTESIAN_POINT ( 'NONE',  ( 3.670977436959812490, -1.470924846011380183, -5.021397004469729808 ) ) ;
#4000 = DIRECTION ( 'NONE',  ( -1.000000000000000000, 0.000000000000000000, 0.000000000000000000 ) ) ;
#4001 = DIRECTION ( 'NONE',  ( 0.000000000000000000, -0.000000000000000000, 1.000000000000000000 ) ) ;
#4002 = CARTESIAN_POINT ( 'NONE',  ( 3.000000000000000000, -2.399999999999998579, -2.850000000000000089 ) ) ;
#4003 = CARTESIAN_POINT ( 'NONE',  ( 1.050000000000000266, 2.925000000000001599, 0.6500000000000000222 ) ) ;
#4004 = AXIS2_PLACEMENT_3D ( 'NONE', #6863, #5060, #5661 ) ;
#4005 = DIRECTION ( 'NONE',  ( 0.000000000000000000, 0.000000000000000000, -1.000000000000000000 ) ) ;
#4006 = DIRECTION ( 'NONE',  ( 0.000000000000000000, 0.000000000000000000, 1.000000000000000000 ) ) ;
#4007 = DIRECTION ( 'NONE',  ( 0.000000000000000000, -0.000000000000000000, 1.000000000000000000 ) ) ;
#4008 = ADVANCED_FACE ( 'NONE', ( #3785 ), #2639, .T. ) ;
#4009 = ADVANCED_FACE ( 'NONE', ( #3196 ), #4369, .F. ) ;
#4010 = LINE ( 'NONE', #6269, #2460 ) ;
#4011 = LINE ( 'NONE', #6916, #2232 ) ;
#4012 = ORIENTED_EDGE ( 'NONE', *, *, #4834, .F. ) ;
#4013 = ORIENTED_EDGE ( 'NONE', *, *, #5535, .T. ) ;
#4014 = LINE ( 'NONE', #1839, #796 ) ;
#4015 = DIRECTION ( 'NONE',  ( -0.3363363969981563173, -0.9417419115948373332, 0.000000000000000000 ) ) ;
#4016 = ORIENTED_EDGE ( 'NONE', *, *, #6106, .F. ) ;
#4017 = EDGE_CURVE ( 'NONE', #6084, #6142, #5279, .T. ) ;
#4018 = FACE_OUTER_BOUND ( 'NONE', #3282, .T. ) ;
#4019 = DIRECTION ( 'NONE',  ( -1.000000000000000000, 0.000000000000000000, 0.000000000000000000 ) ) ;
#4020 = EDGE_LOOP ( 'NONE', ( #3643, #3857, #4772, #552 ) ) ;
#4021 = VERTEX_POINT ( 'NONE', #2718 ) ;
#4022 = ADVANCED_FACE ( 'NONE', ( #2243 ), #6746, .T. ) ;
#4023 = SURFACE_STYLE_USAGE ( .BOTH. , #6830 ) ;
#4024 = CARTESIAN_POINT ( 'NONE',  ( -3.625465885078905881, -0.5303152829326970297, -4.601379746497314294 ) ) ;
#4025 = DIRECTION ( 'NONE',  ( 6.071532165918819308E-15, -1.000000000000000000, 0.000000000000000000 ) ) ;
#4026 = ORIENTED_EDGE ( 'NONE', *, *, #6719, .T. ) ;
#4027 = DIRECTION ( 'NONE',  ( -1.000000000000000000, 0.000000000000000000, 0.000000000000000000 ) ) ;
#4028 = CARTESIAN_POINT ( 'NONE',  ( -3.343803370996313973, -1.305601146198357210, -2.849999999999998757 ) ) ;
#4029 = CARTESIAN_POINT ( 'NONE',  ( 3.581626459467555090, -1.617439089904074034, -2.849999999999998757 ) ) ;
#4030 = CARTESIAN_POINT ( 'NONE',  ( 3.300000000000016698, -7.286606874731846872, -4.549999999999998934 ) ) ;
#4031 = DIRECTION ( 'NONE',  ( 0.000000000000000000, 0.000000000000000000, 1.000000000000000000 ) ) ;
#4032 = ORIENTED_EDGE ( 'NONE', *, *, #1753, .T. ) ;
#4033 = LINE ( 'NONE', #4543, #5532 ) ;
#4034 = CARTESIAN_POINT ( 'NONE',  ( -3.300000000000002043, -4.000000000000000000, -0.5999999999999990896 ) ) ;
#4035 = EDGE_CURVE ( 'NONE', #238, #3947, #6461, .T. ) ;
#4036 = PLANE ( 'NONE',  #3016 ) ;
#4037 = DIRECTION ( 'NONE',  ( -1.000000000000000000, 0.000000000000000000, 0.000000000000000000 ) ) ;
#4038 = EDGE_CURVE ( 'NONE', #5305, #2358, #2793, .T. ) ;
#4039 = DIRECTION ( 'NONE',  ( -0.000000000000000000, 0.000000000000000000, -1.000000000000000000 ) ) ;
#4040 = DIRECTION ( 'NONE',  ( -0.8944271909999172987, 0.4472135954999552077, 0.000000000000000000 ) ) ;
#4041 = ORIENTED_EDGE ( 'NONE', *, *, #3524, .F. ) ;
#4042 = ORIENTED_EDGE ( 'NONE', *, *, #3416, .F. ) ;
#4043 = EDGE_CURVE ( 'NONE', #4021, #5651, #7256, .T. ) ;
#4044 = PLANE ( 'NONE',  #1499 ) ;
#4045 = CARTESIAN_POINT ( 'NONE',  ( -3.795015528100091462, -4.990031056200155746, -5.049999999999998934 ) ) ;
#4046 = CARTESIAN_POINT ( 'NONE',  ( -3.300000000000016254, 2.999999999999999112, -4.748279434898257101 ) ) ;
#4047 = DIRECTION ( 'NONE',  ( -1.000000000000000000, 0.000000000000000000, 0.000000000000000000 ) ) ;
#4048 = ORIENTED_EDGE ( 'NONE', *, *, #6060, .F. ) ;
#4049 = EDGE_LOOP ( 'NONE', ( #5810, #51, #5935, #3383 ) ) ;
#4050 = CARTESIAN_POINT ( 'NONE',  ( 3.300000000000018474, -0.5015907582572950441, -5.231773687770131076 ) ) ;
#4051 = AXIS2_PLACEMENT_3D ( 'NONE', #5102, #756, #1202 ) ;
#4052 = CARTESIAN_POINT ( 'NONE',  ( -3.344139186151719567, -0.6948026880367446090, -2.850000000000001865 ) ) ;
#4053 = CARTESIAN_POINT ( 'NONE',  ( 3.199999999999999289, 3.000000000000001332, -8.673617379884035472E-16 ) ) ;
#4054 = ORIENTED_EDGE ( 'NONE', *, *, #2323, .F. ) ;
#4055 = EDGE_CURVE ( 'NONE', #1592, #1532, #228, .T. ) ;
#4056 = LINE ( 'NONE', #2293, #6727 ) ;
#4057 = CARTESIAN_POINT ( 'NONE',  ( -3.581626459467554202, -1.617439089904075589, -2.849999999999998757 ) ) ;
#4058 = VECTOR ( 'NONE', #3539, 1000.000000000000000 ) ;
#4059 = VERTEX_POINT ( 'NONE', #2753 ) ;
#4060 = CARTESIAN_POINT ( 'NONE',  ( 3.653730803984491793, -1.742690423391164201, -3.060156501862072442 ) ) ;
#4061 = AXIS2_PLACEMENT_3D ( 'NONE', #5469, #6112, #7210 ) ;
#4062 = EDGE_CURVE ( 'NONE', #1329, #3784, #4992, .T. ) ;
#4063 = DIRECTION ( 'NONE',  ( 1.000000000000000000, 0.000000000000000000, -3.491481338843133355E-15 ) ) ;
#4064 = DIRECTION ( 'NONE',  ( -1.000000000000000000, 0.000000000000000000, 0.000000000000000000 ) ) ;
#4065 = ORIENTED_EDGE ( 'NONE', *, *, #6384, .F. ) ;
#4066 = CARTESIAN_POINT ( 'NONE',  ( 1.450000000000000178, -2.500000000000001332, -3.100000000000000977 ) ) ;
#4067 = PLANE ( 'NONE',  #4051 ) ;
#4068 = DIRECTION ( 'NONE',  ( -0.000000000000000000, -0.000000000000000000, -1.000000000000000000 ) ) ;
#4069 = LINE ( 'NONE', #6332, #5156 ) ;
#4070 = FACE_OUTER_BOUND ( 'NONE', #984, .T. ) ;
#4071 = DIRECTION ( 'NONE',  ( 1.000000000000000000, 0.000000000000000000, -3.491481338843133355E-15 ) ) ;
#4072 = EDGE_CURVE ( 'NONE', #6754, #6242, #6711, .T. ) ;
#4073 = CARTESIAN_POINT ( 'NONE',  ( 3.469184676373342047, -0.5358284726501650885, -2.849999999999996092 ) ) ;
#4074 = CIRCLE ( 'NONE', #1022, 0.09999999999999982514 ) ;
#4075 = EDGE_LOOP ( 'NONE', ( #3057, #5600, #1551 ) ) ;
#4076 = ORIENTED_EDGE ( 'NONE', *, *, #778, .F. ) ;
#4077 = ADVANCED_FACE ( 'NONE', ( #4335 ), #7142, .F. ) ;
#4078 = LINE ( 'NONE', #6957, #6913 ) ;
#4079 = DIRECTION ( 'NONE',  ( -0.000000000000000000, -0.000000000000000000, -1.000000000000000000 ) ) ;
#4080 = AXIS2_PLACEMENT_3D ( 'NONE', #5352, #1861, #3578 ) ;
#4081 = DIRECTION ( 'NONE',  ( 0.000000000000000000, 0.000000000000000000, 1.000000000000000000 ) ) ;
#4082 = ADVANCED_FACE ( 'NONE', ( #6875 ), #4652, .F. ) ;
#4083 = FILL_AREA_STYLE_COLOUR ( '', #6817 ) ;
#4084 = ORIENTED_EDGE ( 'NONE', *, *, #3623, .F. ) ;
#4085 = ORIENTED_EDGE ( 'NONE', *, *, #2608, .T. ) ;
#4086 = AXIS2_PLACEMENT_3D ( 'NONE', #1576, #6012, #7140 ) ;
#4087 = CARTESIAN_POINT ( 'NONE',  ( -3.678903385430622119, -0.2119667387870331765, -3.433772875211241526 ) ) ;
#4088 = CARTESIAN_POINT ( 'NONE',  ( -2.299999999999999822, 2.299999999999999822, 0.6500000000000001332 ) ) ;
#4089 = EDGE_CURVE ( 'NONE', #4555, #4347, #5634, .T. ) ;
#4090 = ORIENTED_EDGE ( 'NONE', *, *, #4583, .F. ) ;
#4091 = PLANE ( 'NONE',  #1946 ) ;
#4092 = PLANE ( 'NONE',  #1067 ) ;
#4093 = CARTESIAN_POINT ( 'NONE',  ( -3.691437579568225047, -1.858825984276808008, -2.849999999999994760 ) ) ;
#4094 = VECTOR ( 'NONE', #3810, 1000.000000000000000 ) ;
#4095 = AXIS2_PLACEMENT_3D ( 'NONE', #5903, #3081, #919 ) ;
#4096 = VERTEX_POINT ( 'NONE', #3933 ) ;
#4097 = EDGE_CURVE ( 'NONE', #1113, #3269, #4908, .T. ) ;
#4098 = CARTESIAN_POINT ( 'NONE',  ( 3.700000000000019273, -0.5277777777777767909, -5.371878022344830583 ) ) ;
#4099 = VECTOR ( 'NONE', #6997, 1000.000000000000114 ) ;
#4100 = VECTOR ( 'NONE', #1323, 1000.000000000000000 ) ;
#4101 = DIRECTION ( 'NONE',  ( -0.000000000000000000, -0.000000000000000000, -1.000000000000000000 ) ) ;
#4102 = CARTESIAN_POINT ( 'NONE',  ( 3.700000000000023270, -3.999999999999998224, -6.049999999999997158 ) ) ;
#4103 = ORIENTED_EDGE ( 'NONE', *, *, #1854, .F. ) ;
#4104 = FACE_OUTER_BOUND ( 'NONE', #811, .T. ) ;
#4105 = LINE ( 'NONE', #2926, #5591 ) ;
#4106 = AXIS2_PLACEMENT_3D ( 'NONE', #6635, #1582, #3268 ) ;
#4107 = AXIS2_PLACEMENT_3D ( 'NONE', #486, #6163, #518 ) ;
#4108 = DIRECTION ( 'NONE',  ( 0.000000000000000000, 0.000000000000000000, 1.000000000000000000 ) ) ;
#4109 = EDGE_CURVE ( 'NONE', #1211, #2101, #3272, .T. ) ;
#4110 = DIRECTION ( 'NONE',  ( -0.000000000000000000, -0.000000000000000000, -1.000000000000000000 ) ) ;
#4111 = DIRECTION ( 'NONE',  ( -3.491481338843133750E-15, 0.000000000000000000, -1.000000000000000000 ) ) ;
#4112 = DIRECTION ( 'NONE',  ( 0.000000000000000000, 1.000000000000000000, 0.000000000000000000 ) ) ;
#4113 = VECTOR ( 'NONE', #2925, 1000.000000000000000 ) ;
#4114 = CARTESIAN_POINT ( 'NONE',  ( -1.149999999999999911, 2.900000000000000355, -3.100000000000000977 ) ) ;
#4115 = ORIENTED_EDGE ( 'NONE', *, *, #6838, .T. ) ;
#4116 = VERTEX_POINT ( 'NONE', #6778 ) ;
#4117 = FACE_OUTER_BOUND ( 'NONE', #3229, .T. ) ;
#4118 = PLANE ( 'NONE',  #6227 ) ;
#4119 = CARTESIAN_POINT ( 'NONE',  ( -1.408578643762689930, -1.541421356237309359, -3.200000000000000622 ) ) ;
#4120 = EDGE_LOOP ( 'NONE', ( #5176, #3651, #1897, #3401, #4647, #1923 ) ) ;
#4121 = CARTESIAN_POINT ( 'NONE',  ( -2.299999999999999822, -2.925000000000000266, 0.6500000000000001332 ) ) ;
#4122 = ORIENTED_EDGE ( 'NONE', *, *, #6694, .F. ) ;
#4123 = EDGE_LOOP ( 'NONE', ( #5836, #466, #803, #2020 ) ) ;
#4124 = EDGE_CURVE ( 'NONE', #4384, #5031, #108, .T. ) ;
#4125 = CARTESIAN_POINT ( 'NONE',  ( -3.657366486774650483, -5.832766962299169577, -4.050000000000012257 ) ) ;
#4126 = ORIENTED_EDGE ( 'NONE', *, *, #580, .T. ) ;
#4127 = EDGE_CURVE ( 'NONE', #3648, #926, #5673, .T. ) ;
#4128 = CARTESIAN_POINT ( 'NONE',  ( -3.492655314267393507, -0.7021224293290861951, -3.853707843293153523 ) ) ;
#4129 = DIRECTION ( 'NONE',  ( -1.000000000000000000, -1.353084311261904737E-13, -1.734723475976800981E-15 ) ) ;
#4130 = ORIENTED_EDGE ( 'NONE', *, *, #6709, .F. ) ;
#4131 = DIRECTION ( 'NONE',  ( 1.000000000000000000, 0.000000000000000000, -3.491481338843133355E-15 ) ) ;
#4132 = DIRECTION ( 'NONE',  ( 0.000000000000000000, 0.000000000000000000, 1.000000000000000000 ) ) ;
#4133 = LINE ( 'NONE', #1336, #5001 ) ;
#4134 = EDGE_CURVE ( 'NONE', #7197, #2899, #5782, .T. ) ;
#4135 = ORIENTED_EDGE ( 'NONE', *, *, #6625, .T. ) ;
#4136 = CARTESIAN_POINT ( 'NONE',  ( 3.700000000000018829, -1.120370370370368907, -5.371878022344839465 ) ) ;
#4137 = DIRECTION ( 'NONE',  ( 3.491481338843133750E-15, 0.000000000000000000, 1.000000000000000000 ) ) ;
#4138 = CARTESIAN_POINT ( 'NONE',  ( 1.450000000000000178, -1.499999999999999778, -2.850000000000000089 ) ) ;
#4139 = EDGE_LOOP ( 'NONE', ( #6054, #5135, #1956, #4629 ) ) ;
#4140 = CARTESIAN_POINT ( 'NONE',  ( 3.751540677934137147, -5.866400601998984499, -4.049999999999998934 ) ) ;
#4141 = DIRECTION ( 'NONE',  ( 8.673617379884030739E-15, -1.000000000000000000, 0.000000000000000000 ) ) ;
#4142 = DIRECTION ( 'NONE',  ( 1.000000000000000000, -4.486353817181402078E-16, 0.000000000000000000 ) ) ;
#4143 = FACE_OUTER_BOUND ( 'NONE', #6048, .T. ) ;
#4144 = DIRECTION ( 'NONE',  ( -1.000000000000000000, -5.981805089575197183E-16, 0.000000000000000000 ) ) ;
#4145 = DIRECTION ( 'NONE',  ( 0.000000000000000000, 1.000000000000000000, 0.000000000000000000 ) ) ;
#4146 = EDGE_CURVE ( 'NONE', #1961, #100, #6266, .T. ) ;
#4147 = ORIENTED_EDGE ( 'NONE', *, *, #521, .T. ) ;
#4148 = ORIENTED_EDGE ( 'NONE', *, *, #4397, .T. ) ;
#4149 = CARTESIAN_POINT ( 'NONE',  ( 0.000000000000000000, 3.000000000000000000, -2.850000000000000089 ) ) ;
#4150 = CARTESIAN_POINT ( 'NONE',  ( -6.729530725772116725E-15, -2.500000000000007105, -2.850000000000000089 ) ) ;
#4151 = DIRECTION ( 'NONE',  ( -0.000000000000000000, -0.000000000000000000, -1.000000000000000000 ) ) ;
#4152 = ORIENTED_EDGE ( 'NONE', *, *, #6311, .F. ) ;
#4153 = EDGE_LOOP ( 'NONE', ( #164, #4130, #5566, #6208, #2476, #932, #1943, #4839, #7235, #4148, #669, #6865, #3017, #1802, #566, #3600 ) ) ;
#4154 = ORIENTED_EDGE ( 'NONE', *, *, #6915, .F. ) ;
#4155 = CARTESIAN_POINT ( 'NONE',  ( -2.973594834911660989, -0.7380795701218485494, -3.363715893440616611 ) ) ;
#4156 = CARTESIAN_POINT ( 'NONE',  ( -3.700000000000018385, -0.9999999999999995559, -5.371878022344838577 ) ) ;
#4157 = CARTESIAN_POINT ( 'NONE',  ( 3.300000000000016698, -7.199999999999997513, -4.049999999999998934 ) ) ;
#4158 = VERTEX_POINT ( 'NONE', #5705 ) ;
#4159 = DIRECTION ( 'NONE',  ( -0.000000000000000000, -0.000000000000000000, -1.000000000000000000 ) ) ;
#4160 = CARTESIAN_POINT ( 'NONE',  ( -2.876494900217184458, -0.7372879175349927872, -2.850000000000002753 ) ) ;
#4161 = DIRECTION ( 'NONE',  ( 0.000000000000000000, -8.673617379884035472E-16, -1.000000000000000000 ) ) ;
#4162 = VERTEX_POINT ( 'NONE', #589 ) ;
#4163 = VECTOR ( 'NONE', #3584, 1000.000000000000000 ) ;
#4164 = CARTESIAN_POINT ( 'NONE',  ( 3.527562540632487753, -0.5338739651232622396, -3.433675058496081345 ) ) ;
#4165 = DIRECTION ( 'NONE',  ( -1.000000000000000000, -6.938893903907227392E-16, 0.000000000000000000 ) ) ;
#4166 = LINE ( 'NONE', #249, #225 ) ;
#4167 = ORIENTED_EDGE ( 'NONE', *, *, #2340, .F. ) ;
#4168 = EDGE_CURVE ( 'NONE', #783, #2101, #2375, .T. ) ;
#4169 = DIRECTION ( 'NONE',  ( -0.000000000000000000, -0.000000000000000000, -1.000000000000000000 ) ) ;
#4170 = VECTOR ( 'NONE', #1965, 1000.000000000000000 ) ;
#4171 = DIRECTION ( 'NONE',  ( 3.491481338843133355E-15, 1.577279855319300948E-30, -1.000000000000000000 ) ) ;
#4172 = CARTESIAN_POINT ( 'NONE',  ( 2.924999999999999378, 2.300000000000001155, 0.4000000000000000222 ) ) ;
#4173 = VECTOR ( 'NONE', #2157, 1000.000000000000000 ) ;
#4174 = DIRECTION ( 'NONE',  ( 0.000000000000000000, 0.000000000000000000, -1.000000000000000000 ) ) ;
#4175 = DIRECTION ( 'NONE',  ( 0.000000000000000000, -0.000000000000000000, 1.000000000000000000 ) ) ;
#4176 = CARTESIAN_POINT ( 'NONE',  ( -6.729530725772105090E-16, -1.500000000000000444, -2.850000000000000089 ) ) ;
#4177 = EDGE_CURVE ( 'NONE', #2465, #348, #3030, .T. ) ;
#4178 = DIRECTION ( 'NONE',  ( 0.000000000000000000, -0.000000000000000000, 1.000000000000000000 ) ) ;
#4179 = VERTEX_POINT ( 'NONE', #2831 ) ;
#4180 = ORIENTED_EDGE ( 'NONE', *, *, #1570, .F. ) ;
#4181 = AXIS2_PLACEMENT_3D ( 'NONE', #3240, #5983, #6534 ) ;
#4182 = CYLINDRICAL_SURFACE ( 'NONE', #6802, 0.4999999999999991673 ) ;
#4183 = FACE_OUTER_BOUND ( 'NONE', #6567, .T. ) ;
#4184 = VECTOR ( 'NONE', #1058, 1000.000000000000114 ) ;
#4185 = CARTESIAN_POINT ( 'NONE',  ( -3.700000000000010836, -7.286606874731850425, -4.049999999999998934 ) ) ;
#4186 = VERTEX_POINT ( 'NONE', #145 ) ;
#4187 = CARTESIAN_POINT ( 'NONE',  ( 3.121833710861379174, -0.4958465349151182644, -2.850000000000002753 ) ) ;
#4188 = EDGE_LOOP ( 'NONE', ( #4152, #7153, #3530, #5737 ) ) ;
#4189 = VERTEX_POINT ( 'NONE', #4617 ) ;
#4190 = VECTOR ( 'NONE', #3472, 1000.000000000000000 ) ;
#4191 = CARTESIAN_POINT ( 'NONE',  ( 1.350000000000000089, 3.000000000000000000, -2.850000000000000089 ) ) ;
#4192 = ADVANCED_FACE ( 'NONE', ( #37 ), #727, .F. ) ;
#4193 = VERTEX_POINT ( 'NONE', #2894 ) ;
#4194 = EDGE_CURVE ( 'NONE', #2642, #5495, #4069, .T. ) ;
#4195 = CARTESIAN_POINT ( 'NONE',  ( -2.899999999999999911, -2.499999999999999112, -2.850000000000000089 ) ) ;
#4196 = DIRECTION ( 'NONE',  ( 1.000000000000000000, 0.000000000000000000, -3.491481338843133355E-15 ) ) ;
#4197 = AXIS2_PLACEMENT_3D ( 'NONE', #2342, #5033, #651 ) ;
#4198 = ORIENTED_EDGE ( 'NONE', *, *, #5404, .T. ) ;
#4199 = CARTESIAN_POINT ( 'NONE',  ( 1.408578643762689930, 1.541421356237309359, -3.200000000000000622 ) ) ;
#4200 = SPHERICAL_SURFACE ( 'NONE', #3526, 0.1000000000000000056 ) ;
#4201 = CARTESIAN_POINT ( 'NONE',  ( 4.200000000000016165, -7.286606874731852201, -4.049999999999997158 ) ) ;
#4202 = EDGE_LOOP ( 'NONE', ( #2425, #5560, #1411, #4264 ) ) ;
#4203 = VECTOR ( 'NONE', #285, 1000.000000000000000 ) ;
#4204 = CARTESIAN_POINT ( 'NONE',  ( 3.547570690241576674, -1.000035702924768177, -4.601671625963649426 ) ) ;
#4205 = CARTESIAN_POINT ( 'NONE',  ( 3.700000000000012612, -3.999999999999998224, -3.049999999999999378 ) ) ;
#4206 = CARTESIAN_POINT ( 'NONE',  ( -3.700000000000014388, -3.500000000000000000, -4.049999999999998934 ) ) ;
#4207 = VERTEX_POINT ( 'NONE', #4548 ) ;
#4208 = AXIS2_PLACEMENT_3D ( 'NONE', #5472, #3218, #4325 ) ;
#4209 = DIRECTION ( 'NONE',  ( -0.000000000000000000, -0.000000000000000000, -1.000000000000000000 ) ) ;
#4210 = VECTOR ( 'NONE', #5213, 1000.000000000000000 ) ;
#4211 = CARTESIAN_POINT ( 'NONE',  ( 2.900000000000000355, 0.000000000000000000, -3.200000000000000178 ) ) ;
#4212 = DIRECTION ( 'NONE',  ( -0.000000000000000000, -0.000000000000000000, -1.000000000000000000 ) ) ;
#4213 = EDGE_CURVE ( 'NONE', #6204, #6490, #1274, .T. ) ;
#4214 = AXIS2_PLACEMENT_3D ( 'NONE', #346, #5649, #2282 ) ;
#4215 = DIRECTION ( 'NONE',  ( 0.000000000000000000, 0.000000000000000000, 1.000000000000000000 ) ) ;
#4216 = ADVANCED_FACE ( 'NONE', ( #2272 ), #1723, .F. ) ;
#4217 = FACE_OUTER_BOUND ( 'NONE', #3276, .T. ) ;
#4218 = CARTESIAN_POINT ( 'NONE',  ( 2.600000000000000533, 3.100000000000000533, -1.900000000000000133 ) ) ;
#4219 = DIRECTION ( 'NONE',  ( -1.000000000000000000, 0.000000000000000000, 0.000000000000000000 ) ) ;
#4220 = ORIENTED_EDGE ( 'NONE', *, *, #4546, .F. ) ;
#4221 = ORIENTED_EDGE ( 'NONE', *, *, #2848, .F. ) ;
#4222 = VECTOR ( 'NONE', #2565, 1000.000000000000000 ) ;
#4223 = VECTOR ( 'NONE', #4551, 1000.000000000000000 ) ;
#4224 = LINE ( 'NONE', #4149, #1032 ) ;
#4225 = LINE ( 'NONE', #4150, #5513 ) ;
#4226 = ADVANCED_FACE ( 'NONE', ( #1205 ), #107, .F. ) ;
#4227 = EDGE_CURVE ( 'NONE', #6714, #1259, #2449, .T. ) ;
#4228 = AXIS2_PLACEMENT_3D ( 'NONE', #5812, #2856, #754 ) ;
#4229 = CARTESIAN_POINT ( 'NONE',  ( 1.149999999999999911, 0.000000000000000000, -3.200000000000000178 ) ) ;
#4230 = ORIENTED_EDGE ( 'NONE', *, *, #1950, .F. ) ;
#4231 = CARTESIAN_POINT ( 'NONE',  ( 2.828233073500719730, -0.9999999999999991118, -2.850000000000003642 ) ) ;
#4232 = VERTEX_POINT ( 'NONE', #3550 ) ;
#4233 = ORIENTED_EDGE ( 'NONE', *, *, #1364, .F. ) ;
#4234 =( GEOMETRIC_REPRESENTATION_CONTEXT ( 3 ) GLOBAL_UNCERTAINTY_ASSIGNED_CONTEXT ( ( #5688 ) ) GLOBAL_UNIT_ASSIGNED_CONTEXT ( ( #3284, #5541, #2694 ) ) REPRESENTATION_CONTEXT ( 'NONE', 'WORKASPACE' ) );
#4235 = FACE_OUTER_BOUND ( 'NONE', #3772, .T. ) ;
#4236 = EDGE_CURVE ( 'NONE', #201, #6850, #211, .T. ) ;
#4237 = ORIENTED_EDGE ( 'NONE', *, *, #5230, .T. ) ;
#4238 = CARTESIAN_POINT ( 'NONE',  ( -4.200000000000012612, -7.286606874731853978, -4.049999999999997158 ) ) ;
#4239 = DIRECTION ( 'NONE',  ( -0.000000000000000000, -0.000000000000000000, -1.000000000000000000 ) ) ;
#4240 = ORIENTED_EDGE ( 'NONE', *, *, #2708, .T. ) ;
#4241 = VERTEX_POINT ( 'NONE', #1869 ) ;
#4242 = CARTESIAN_POINT ( 'NONE',  ( 3.700000000000019718, -1.999999999999999112, -5.371878022344831471 ) ) ;
#4243 = EDGE_CURVE ( 'NONE', #2093, #5219, #5815, .T. ) ;
#4244 = DIRECTION ( 'NONE',  ( 0.000000000000000000, -1.000000000000000000, 0.000000000000000000 ) ) ;
#4245 = VERTEX_POINT ( 'NONE', #5252 ) ;
#4246 = CARTESIAN_POINT ( 'NONE',  ( 3.582219468606518742, -0.3831343926248200749, -2.849999999999998312 ) ) ;
#4247 = CARTESIAN_POINT ( 'NONE',  ( 3.700000000000015277, 2.600000000000000533, -4.748279434898255325 ) ) ;
#4248 = LINE ( 'NONE', #3544, #4799 ) ;
#4249 = ORIENTED_EDGE ( 'NONE', *, *, #5231, .F. ) ;
#4250 = FACE_OUTER_BOUND ( 'NONE', #438, .T. ) ;
#4251 = DIRECTION ( 'NONE',  ( -1.000000000000000000, 0.000000000000000000, 0.000000000000000000 ) ) ;
#4252 = DIRECTION ( 'NONE',  ( -6.071532165918819308E-15, -1.000000000000000000, 0.000000000000000000 ) ) ;
#4253 = DIRECTION ( 'NONE',  ( -1.000000000000000000, 0.000000000000000000, 3.491481338843133750E-15 ) ) ;
#4254 = FACE_OUTER_BOUND ( 'NONE', #6664, .T. ) ;
#4255 = DIRECTION ( 'NONE',  ( 0.000000000000000000, 1.000000000000000000, 0.000000000000000000 ) ) ;
#4256 = CARTESIAN_POINT ( 'NONE',  ( 2.900000000000000355, 1.600000000000000089, -2.850000000000000089 ) ) ;
#4257 = ORIENTED_EDGE ( 'NONE', *, *, #6287, .T. ) ;
#4258 = VERTEX_POINT ( 'NONE', #3791 ) ;
#4259 = ADVANCED_FACE ( 'NONE', ( #3907 ), #5002, .T. ) ;
#4260 = FACE_OUTER_BOUND ( 'NONE', #2713, .T. ) ;
#4261 = EDGE_CURVE ( 'NONE', #3688, #5806, #7191, .T. ) ;
#4262 = DIRECTION ( 'NONE',  ( -1.000000000000000000, 0.000000000000000000, 0.000000000000000000 ) ) ;
#4263 = PLANE ( 'NONE',  #2696 ) ;
#4264 = ORIENTED_EDGE ( 'NONE', *, *, #849, .T. ) ;
#4265 = LINE ( 'NONE', #6528, #3744 ) ;
#4266 = ORIENTED_EDGE ( 'NONE', *, *, #3366, .F. ) ;
#4267 = ORIENTED_EDGE ( 'NONE', *, *, #2646, .F. ) ;
#4268 = EDGE_CURVE ( 'NONE', #1403, #1592, #4915, .T. ) ;
#4269 = CARTESIAN_POINT ( 'NONE',  ( -2.876494900217184458, -0.7372879175349927872, -2.850000000000000089 ) ) ;
#4270 = CARTESIAN_POINT ( 'NONE',  ( -3.700000000000009948, -4.336808689942017736E-16, -2.849999999999997868 ) ) ;
#4271 = PLANE ( 'NONE',  #557 ) ;
#4272 = VERTEX_POINT ( 'NONE', #2801 ) ;
#4273 = ORIENTED_EDGE ( 'NONE', *, *, #1879, .T. ) ;
#4274 = PLANE ( 'NONE',  #653 ) ;
#4275 = ORIENTED_EDGE ( 'NONE', *, *, #5119, .T. ) ;
#4276 = LINE ( 'NONE', #972, #5964 ) ;
#4277 = DIRECTION ( 'NONE',  ( -8.673617379884043361E-16, 1.734723475976806700E-15, 1.000000000000000000 ) ) ;
#4278 = CARTESIAN_POINT ( 'NONE',  ( -3.700000000000013944, -7.200000000000001954, -4.049999999999998934 ) ) ;
#4279 = ORIENTED_EDGE ( 'NONE', *, *, #2302, .T. ) ;
#4280 = DIRECTION ( 'NONE',  ( -1.000000000000000000, 0.000000000000000000, 0.000000000000000000 ) ) ;
#4281 = CARTESIAN_POINT ( 'NONE',  ( -0.8499999999999999778, 1.733333333333333171, -2.750000000000000000 ) ) ;
#4282 = AXIS2_PLACEMENT_3D ( 'NONE', #976, #7171, #1052 ) ;
#4283 = EDGE_CURVE ( 'NONE', #3089, #1601, #14, .T. ) ;
#4284 = CARTESIAN_POINT ( 'NONE',  ( -2.300000000000000266, 2.300000000000000266, 0.9000000000000002442 ) ) ;
#4285 = VECTOR ( 'NONE', #617, 1000.000000000000000 ) ;
#4286 = DIRECTION ( 'NONE',  ( -1.000000000000000000, -4.517509052022934484E-16, 0.000000000000000000 ) ) ;
#4287 = LINE ( 'NONE', #4176, #7161 ) ;
#4288 = DIRECTION ( 'NONE',  ( -2.691812290308837303E-15, 1.000000000000000000, 0.000000000000000000 ) ) ;
#4289 = VERTEX_POINT ( 'NONE', #1625 ) ;
#4290 = VERTEX_POINT ( 'NONE', #2171 ) ;
#4291 = AXIS2_PLACEMENT_3D ( 'NONE', #6371, #2451, #5893 ) ;
#4292 = DIRECTION ( 'NONE',  ( -1.000000000000000000, 0.000000000000000000, 0.000000000000000000 ) ) ;
#4293 = DIRECTION ( 'NONE',  ( -1.000000000000000000, -4.517509052022934484E-16, -3.491481338843133355E-15 ) ) ;
#4294 = ADVANCED_FACE ( 'NONE', ( #1108 ), #4886, .T. ) ;
#4295 = DIRECTION ( 'NONE',  ( 0.000000000000000000, 0.000000000000000000, -1.000000000000000000 ) ) ;
#4296 = VERTEX_POINT ( 'NONE', #524 ) ;
#4297 = CARTESIAN_POINT ( 'NONE',  ( -1.450000000000000178, 2.500000000000001332, -2.850000000000000089 ) ) ;
#4298 = ORIENTED_EDGE ( 'NONE', *, *, #2809, .T. ) ;
#4299 = ORIENTED_EDGE ( 'NONE', *, *, #3114, .F. ) ;
#4300 = CARTESIAN_POINT ( 'NONE',  ( 3.795015528100092794, -4.990031056200153081, -4.049999999999998934 ) ) ;
#4301 = VECTOR ( 'NONE', #6114, 1000.000000000000000 ) ;
#4302 = ORIENTED_EDGE ( 'NONE', *, *, #4609, .T. ) ;
#4303 = EDGE_CURVE ( 'NONE', #7275, #6616, #1756, .T. ) ;
#4304 = CARTESIAN_POINT ( 'NONE',  ( -3.700000000000018829, -2.008554024668659077E-16, -3.433768060727970362 ) ) ;
#4305 = FACE_OUTER_BOUND ( 'NONE', #4139, .T. ) ;
#4306 = ORIENTED_EDGE ( 'NONE', *, *, #2288, .T. ) ;
#4307 = ORIENTED_EDGE ( 'NONE', *, *, #5115, .T. ) ;
#4308 = CARTESIAN_POINT ( 'NONE',  ( 1.149999999999999911, 2.900000000000000355, -3.100000000000000977 ) ) ;
#4309 = AXIS2_PLACEMENT_3D ( 'NONE', #248, #2009, #4165 ) ;
#4310 = ORIENTED_EDGE ( 'NONE', *, *, #4382, .F. ) ;
#4311 = ADVANCED_FACE ( 'NONE', ( #6167 ), #2249, .F. ) ;
#4312 = CIRCLE ( 'NONE', #4086, 0.1000000000000002554 ) ;
#4313 = LINE ( 'NONE', #7237, #3471 ) ;
#4314 = CARTESIAN_POINT ( 'NONE',  ( -1.350000000000000089, -2.900000000000000355, -2.850000000000000089 ) ) ;
#4315 = ORIENTED_EDGE ( 'NONE', *, *, #4146, .F. ) ;
#4316 = CARTESIAN_POINT ( 'NONE',  ( 0.000000000000000000, 0.000000000000000000, -2.649999999999999911 ) ) ;
#4317 = CARTESIAN_POINT ( 'NONE',  ( 1.450000000000000178, -2.900000000000000355, -2.850000000000000089 ) ) ;
#4318 = VECTOR ( 'NONE', #7183, 999.9999999999998863 ) ;
#4319 = EDGE_CURVE ( 'NONE', #2619, #5305, #4926, .T. ) ;
#4320 = B_SPLINE_CURVE_WITH_KNOTS ( 'NONE', 3,
 ( #3611, #350, #1370, #6466, #4160, #1926, #2983, #1414, #5238, #3131, #5877 ),
 .UNSPECIFIED., .F., .F.,
 ( 4, 1, 1, 1, 1, 1, 1, 1, 4 ),
 ( 0.000000000000000000, 0.0003168404827136673055, 0.0003737868504530693792, 0.0009967649345415184169, 0.001121360551359208355, 0.001245956168176898292, 0.001868934252265347330, 0.001925880620004749621, 0.002242721102718416709 ),
 .UNSPECIFIED. ) ;
#4321 = CARTESIAN_POINT ( 'NONE',  ( 3.700000000000011724, -1.999999999999999112, -3.854081064452107519 ) ) ;
#4322 = AXIS2_PLACEMENT_3D ( 'NONE', #6906, #4720, #3101 ) ;
#4323 = AXIS2_PLACEMENT_3D ( 'NONE', #2181, #4972, #1153 ) ;
#4324 = CARTESIAN_POINT ( 'NONE',  ( -1.899999999999999689, -7.500000000000000000, -2.200000000000000178 ) ) ;
#4325 = DIRECTION ( 'NONE',  ( 0.000000000000000000, 0.000000000000000000, 1.000000000000000000 ) ) ;
#4326 = PLANE ( 'NONE',  #6713 ) ;
#4327 = ORIENTED_EDGE ( 'NONE', *, *, #3090, .F. ) ;
#4328 = ORIENTED_EDGE ( 'NONE', *, *, #4659, .T. ) ;
#4329 = EDGE_CURVE ( 'NONE', #3053, #1289, #4492, .T. ) ;
#4330 = EDGE_CURVE ( 'NONE', #4272, #3001, #6818, .T. ) ;
#4331 = VECTOR ( 'NONE', #3140, 1000.000000000000000 ) ;
#4332 = VECTOR ( 'NONE', #3376, 1000.000000000000000 ) ;
#4333 = DIRECTION ( 'NONE',  ( 0.000000000000000000, -0.000000000000000000, 1.000000000000000000 ) ) ;
#4334 = ORIENTED_EDGE ( 'NONE', *, *, #2736, .T. ) ;
#4335 = FACE_OUTER_BOUND ( 'NONE', #5915, .T. ) ;
#4336 = CARTESIAN_POINT ( 'NONE',  ( -3.437244651700124276, -5.168916494400138006, -4.049999999999998934 ) ) ;
#4338 = VERTEX_POINT ( 'NONE', #6720 ) ;
#4337 = CIRCLE ( 'NONE', #7057, 0.09999999999999982514 ) ;
#4339 = DIRECTION ( 'NONE',  ( -1.000000000000000000, 0.000000000000000000, 0.000000000000000000 ) ) ;
#4340 = ORIENTED_EDGE ( 'NONE', *, *, #5585, .T. ) ;
#4341 = ORIENTED_EDGE ( 'NONE', *, *, #1395, .F. ) ;
#4342 = DIRECTION ( 'NONE',  ( -1.000000000000000000, -6.439293542825908723E-15, 5.585196838722984675E-30 ) ) ;
#4343 = CARTESIAN_POINT ( 'NONE',  ( -3.295092976454764067, -0.2047117660922740390, -4.858162128904228716 ) ) ;
#4344 = AXIS2_PLACEMENT_3D ( 'NONE', #153, #6825, #772 ) ;
#4345 = EDGE_LOOP ( 'NONE', ( #1521, #5414, #1993, #5340 ) ) ;
#4346 = CYLINDRICAL_SURFACE ( 'NONE', #3719, 0.09999999999999982514 ) ;
#4347 = VERTEX_POINT ( 'NONE', #411 ) ;
#4348 = EDGE_LOOP ( 'NONE', ( #7255, #2337, #2645, #5344 ) ) ;
#4349 = AXIS2_PLACEMENT_3D ( 'NONE', #678, #716, #4606 ) ;
#4350 = CYLINDRICAL_SURFACE ( 'NONE', #830, 0.5000000000000004441 ) ;
#4351 = ADVANCED_FACE ( 'NONE', ( #560 ), #2213, .T. ) ;
#4352 = ORIENTED_EDGE ( 'NONE', *, *, #2502, .F. ) ;
#4353 = EDGE_CURVE ( 'NONE', #5819, #6546, #3625, .T. ) ;
#4354 = CARTESIAN_POINT ( 'NONE',  ( -1.899999999999999689, 3.100000000000000533, -1.900000000000000133 ) ) ;
#4355 = CYLINDRICAL_SURFACE ( 'NONE', #2227, 0.09999999999999982514 ) ;
#4356 = ORIENTED_EDGE ( 'NONE', *, *, #3114, .T. ) ;
#4357 = CARTESIAN_POINT ( 'NONE',  ( 3.199999999999999289, 3.000000000000003109, 0.3999999999999989675 ) ) ;
#4358 = FACE_OUTER_BOUND ( 'NONE', #2131, .T. ) ;
#4359 = EDGE_CURVE ( 'NONE', #5086, #2242, #1033, .T. ) ;
#4360 = B_SPLINE_SURFACE_WITH_KNOTS ( 'NONE', 3, 3, ( 
 ( #7082, #3718, #2031, #6501, #3203, #3678, #4269, #5944, #2536, #6967, #3169 ),
 ( #6023, #3125, #6459, #6570, #5910, #5378, #1515, #2580, #2649, #5419, #380 ),
 ( #412, #2614, #3758, #963, #5453, #1920, #4155, #1362, #5869, #818, #3056 ),
 ( #269, #854, #2501, #4740, #1405, #5339, #5645, #4929, #450, #3792, #7152 ),
 ( #2142, #2726, #3870, #7265, #6090, #561, #7226, #4457, #5003, #1668, #599 ),
 ( #6135, #5490, #6053, #6639, #4378, #2686, #2214, #4887, #4343, #6753, #7192 ),
 ( #2802, #1586, #3275, #1034, #2250, #4965, #3908, #6168, #3825, #6678, #525 ),
 ( #1554, #2172, #1074, #1626, #1699, #996, #5533, #4416, #4493, #493, #6609 ) ),
 .UNSPECIFIED., .F., .F., .F.,
 ( 4, 1, 1, 1, 1, 4 ),
 ( 4, 1, 1, 1, 1, 1, 1, 1, 4 ),
 ( 0.000000000000000000, 0.1666666666666666574, 0.4444444444444444198, 0.5555555555555555802, 0.8333333333333333703, 1.000000000000000000 ),
 ( 0.000000000000000000, 0.1412750262748332375, 0.1666666666666666574, 0.4444444444444444198, 0.5000000000000000000, 0.5555555555555555802, 0.8333333333333333703, 0.8587249737251667625, 1.000000000000000000 ),
 .UNSPECIFIED. ) ;
#4361 = LINE ( 'NONE', #7098, #4641 ) ;
#4362 = LINE ( 'NONE', #1650, #1139 ) ;
#4363 = LINE ( 'NONE', #3778, #1930 ) ;
#4364 = DIRECTION ( 'NONE',  ( -1.000000000000000000, 0.000000000000000000, 0.000000000000000000 ) ) ;
#4365 = EDGE_LOOP ( 'NONE', ( #3163, #2167, #1885 ) ) ;
#4366 = DIRECTION ( 'NONE',  ( 1.000000000000000000, 0.000000000000000000, 0.000000000000000000 ) ) ;
#4367 = CARTESIAN_POINT ( 'NONE',  ( -3.300000000000017586, 2.709888451158949607, -5.132889013954586410 ) ) ;
#4368 = ORIENTED_EDGE ( 'NONE', *, *, #1457, .T. ) ;
#4369 = PLANE ( 'NONE',  #6231 ) ;
#4370 =( BOUNDED_CURVE ( )  B_SPLINE_CURVE ( 3, ( #5741, #6874, #2271, #6229 ),
 .UNSPECIFIED., .F., .T. ) 
 B_SPLINE_CURVE_WITH_KNOTS ( ( 4, 4 ),
 ( 0.000000000000000000, 1.570796326794896558 ),
 .UNSPECIFIED. ) 
 CURVE ( )  GEOMETRIC_REPRESENTATION_ITEM ( )  RATIONAL_B_SPLINE_CURVE ( ( 1.000000000000000000, 0.8047378541243649375, 0.8047378541243649375, 1.000000000000000000 ) ) 
 REPRESENTATION_ITEM ( '' )  );
#4371 = ADVANCED_FACE ( 'NONE', ( #3755 ), #962, .T. ) ;
#4372 = CARTESIAN_POINT ( 'NONE',  ( 2.300000000000000711, -2.299999999999998934, 0.4000000000000000222 ) ) ;
#4373 = ORIENTED_EDGE ( 'NONE', *, *, #3779, .T. ) ;
#4374 = ORIENTED_EDGE ( 'NONE', *, *, #3548, .T. ) ;
#4375 = EDGE_LOOP ( 'NONE', ( #3937, #282, #6509, #2395 ) ) ;
#4376 = ADVANCED_FACE ( 'NONE', ( #2648 ), #2719, .T. ) ;
#4377 = CARTESIAN_POINT ( 'NONE',  ( 0.000000000000000000, 3.000000000000000000, -2.850000000000000089 ) ) ;
#4378 = CARTESIAN_POINT ( 'NONE',  ( -3.202900065305541499, -1.260050911846115840, -4.858162128904227828 ) ) ;
#4379 = ORIENTED_EDGE ( 'NONE', *, *, #1203, .T. ) ;
#4380 = EDGE_CURVE ( 'NONE', #4822, #4241, #2584, .T. ) ;
#4381 = CARTESIAN_POINT ( 'NONE',  ( -0.8499999999999999778, -1.733333333333333171, -2.750000000000000000 ) ) ;
#4382 = EDGE_CURVE ( 'NONE', #2947, #514, #3679, .T. ) ;
#4383 = CARTESIAN_POINT ( 'NONE',  ( -4.128237442572068261, -6.000935160798249512, -5.049999999999998934 ) ) ;
#4384 = VERTEX_POINT ( 'NONE', #2108 ) ;
#4385 = EDGE_LOOP ( 'NONE', ( #7112, #5613, #6415 ) ) ;
#4386 = LINE ( 'NONE', #2036, #3769 ) ;
#4387 = CARTESIAN_POINT ( 'NONE',  ( 3.162683124596870066, -1.502836447387379204, -3.363715893440616611 ) ) ;
#4388 = EDGE_LOOP ( 'NONE', ( #268, #260, #1378, #3877 ) ) ;
#4389 = CARTESIAN_POINT ( 'NONE',  ( -3.700000000000018385, -2.000000000000000444, -4.601304182183908686 ) ) ;
#4390 = DIRECTION ( 'NONE',  ( 0.000000000000000000, -1.000000000000000000, 0.000000000000000000 ) ) ;
#4391 = EDGE_CURVE ( 'NONE', #6783, #4642, #6462, .T. ) ;
#4392 = CYLINDRICAL_SURFACE ( 'NONE', #2817, 0.09999999999999982514 ) ;
#4393 = VERTEX_POINT ( 'NONE', #1443 ) ;
#4394 = DIRECTION ( 'NONE',  ( -0.000000000000000000, -0.000000000000000000, -1.000000000000000000 ) ) ;
#4395 = DIRECTION ( 'NONE',  ( -0.000000000000000000, -0.000000000000000000, -1.000000000000000000 ) ) ;
#4396 = CARTESIAN_POINT ( 'NONE',  ( 2.999999999999998668, 3.000000000000001332, 0.4000000000000000222 ) ) ;
#4397 = EDGE_CURVE ( 'NONE', #6242, #3510, #930, .T. ) ;
#4398 = CARTESIAN_POINT ( 'NONE',  ( 3.199999999999999289, 3.000000000000001776, -8.673617379884035472E-16 ) ) ;
#4399 = CARTESIAN_POINT ( 'NONE',  ( 2.900000000000000355, -2.399999999999999467, -3.100000000000000977 ) ) ;
#4400 = CARTESIAN_POINT ( 'NONE',  ( 1.899999999999999689, -7.500000000000000000, -2.200000000000000178 ) ) ;
#4401 = AXIS2_PLACEMENT_3D ( 'NONE', #2164, #4403, #6665 ) ;
#4402 = VERTEX_POINT ( 'NONE', #7047 ) ;
#4403 = DIRECTION ( 'NONE',  ( 0.000000000000000000, 0.000000000000000000, 1.000000000000000000 ) ) ;
#4404 = FACE_OUTER_BOUND ( 'NONE', #3531, .T. ) ;
#4405 = ORIENTED_EDGE ( 'NONE', *, *, #1846, .T. ) ;
#4406 = DIRECTION ( 'NONE',  ( -1.000000000000000000, -1.927470528863119344E-15, 0.000000000000000000 ) ) ;
#4407 = AXIS2_PLACEMENT_3D ( 'NONE', #1092, #1568, #3329 ) ;
#4408 = EDGE_CURVE ( 'NONE', #2499, #783, #2921, .T. ) ;
#4409 = CARTESIAN_POINT ( 'NONE',  ( -2.299999999999999822, 2.299999999999999822, 0.000000000000000000 ) ) ;
#4410 = ORIENTED_EDGE ( 'NONE', *, *, #1535, .F. ) ;
#4411 = ORIENTED_EDGE ( 'NONE', *, *, #270, .T. ) ;
#4412 = ORIENTED_EDGE ( 'NONE', *, *, #1889, .F. ) ;
#4413 = CIRCLE ( 'NONE', #6070, 0.4999999999999993339 ) ;
#4414 = CYLINDRICAL_SURFACE ( 'NONE', #2183, 0.5000000000000004441 ) ;
#4415 = DIRECTION ( 'NONE',  ( 1.936725383773011920E-15, 0.8320502943378437211, 0.5547001962252291474 ) ) ;
#4416 = CARTESIAN_POINT ( 'NONE',  ( -3.300000000000018030, -0.5015907582572965984, -5.371878022344844794 ) ) ;
#4417 = ORIENTED_EDGE ( 'NONE', *, *, #231, .T. ) ;
#4418 = AXIS2_PLACEMENT_3D ( 'NONE', #4396, #4867, #6658 ) ;
#4419 = FACE_OUTER_BOUND ( 'NONE', #2199, .T. ) ;
#4420 = CARTESIAN_POINT ( 'NONE',  ( 2.900000000000000355, 1.600000000000000089, -3.100000000000000977 ) ) ;
#4421 = ORIENTED_EDGE ( 'NONE', *, *, #7199, .T. ) ;
#4422 = B_SPLINE_SURFACE_WITH_KNOTS ( 'NONE', 3, 3, ( 
 ( #1016, #5436, #396, #4321, #1537, #3776, #3216, #2783, #1713 ),
 ( #3470, #6837, #2884, #2919, #2332, #682, #3959, #1227, #5064 ),
 ( #4540, #542, #1789, #2265, #4507, #6288, #6739, #1822, #5696 ),
 ( #1683, #4060, #4579, #4477, #3368, #3925, #578, #644, #5025 ),
 ( #4029, #5132, #7283, #58, #5173, #6184, #137, #5734, #1127 ),
 ( #6803, #1754, #2296, #1162, #97, #2234, #3999, #6769, #5625 ),
 ( #6324, #6259, #2367, #2852, #4610, #3332, #2821, #6866, #5587 ),
 ( #1198, #6221, #30, #3407, #5665, #614, #3437, #5097, #4136 ),
 ( #6363, #6395, #749, #2477, #2551, #4204, #165, #1898, #5242 ),
 ( #6472, #1263, #3656, #7015, #865, #4643, #4788, #1860, #5807 ),
 ( #247, #3616, #2438, #1419, #3576, #831, #1375, #2511, #3542 ),
 ( #203, #4718, #4164, #3066, #5351, #2008, #1338, #4749, #4098 ),
 ( #4246, #5844, #1968, #1306, #2401, #5204, #5882, #6903, #7056 ),
 ( #5316, #6429, #790, #3024, #279, #5921, #3099, #315, #2988 ),
 ( #6944, #4685, #3505, #5773, #719, #2957, #5281, #6977, #1931 ),
 ( #939, #2702, #422, #3690, #4943, #5429, #390, #2151, #2593 ) ),
 .UNSPECIFIED., .F., .F., .F.,
 ( 4, 1, 1, 1, 1, 1, 1, 1, 1, 1, 1, 1, 1, 4 ),
 ( 4, 1, 1, 1, 1, 1, 4 ),
 ( 0.000000000000000000, 0.06250000000000000000, 0.1250000000000000000, 0.1666666666666666574, 0.2500000000000000000, 0.3750000000000000000, 0.4444444444444444198, 0.5000000000000000000, 0.5555555555555555802, 0.6250000000000000000, 0.7500000000000000000, 0.8333333333333333703, 0.8750000000000000000, 1.000000000000000000 ),
 ( 0.000000000000000000, 0.2500000000000000000, 0.4444444444444445308, 0.5000000000000000000, 0.7500000000000000000, 0.8333333333333333703, 1.000000000000000000 ),
 .UNSPECIFIED. ) ;
#4423 = VERTEX_POINT ( 'NONE', #1477 ) ;
#4424 = EDGE_CURVE ( 'NONE', #113, #7251, #5127, .T. ) ;
#4425 = DIRECTION ( 'NONE',  ( -1.000000000000000000, 0.000000000000000000, 0.000000000000000000 ) ) ;
#4426 = ORIENTED_EDGE ( 'NONE', *, *, #709, .F. ) ;
#4427 = CARTESIAN_POINT ( 'NONE',  ( -3.649061435579256329, -1.741316489862834826, -2.850000000000000089 ) ) ;
#4428 = LINE ( 'NONE', #5017, #2532 ) ;
#4429 = VECTOR ( 'NONE', #2047, 1000.000000000000000 ) ;
#4430 = DIRECTION ( 'NONE',  ( 0.000000000000000000, 0.000000000000000000, -1.000000000000000000 ) ) ;
#4431 = VERTEX_POINT ( 'NONE', #7084 ) ;
#4432 = DIRECTION ( 'NONE',  ( 0.000000000000000000, 0.000000000000000000, 1.000000000000000000 ) ) ;
#4433 = CARTESIAN_POINT ( 'NONE',  ( 3.300000000000021139, -0.4999999999999979461, -6.049999999999998046 ) ) ;
#4434 = CIRCLE ( 'NONE', #3965, 0.4000000000000001887 ) ;
#4435 = CARTESIAN_POINT ( 'NONE',  ( 3.700000000000004174, -3.999999999999998224, -0.5999999999999976463 ) ) ;
#4436 = DIRECTION ( 'NONE',  ( 1.000000000000000000, -4.486353817181402078E-16, 0.000000000000000000 ) ) ;
#4437 = DIRECTION ( 'NONE',  ( -1.000000000000000000, 4.336808689942006692E-15, 0.000000000000000000 ) ) ;
#4438 = CARTESIAN_POINT ( 'NONE',  ( -3.751540677934133594, -5.866400601998985387, -4.049999999999998934 ) ) ;
#4439 = AXIS2_PLACEMENT_3D ( 'NONE', #3414, #3442, #2931 ) ;
#4440 = ORIENTED_EDGE ( 'NONE', *, *, #7133, .F. ) ;
#4441 = EDGE_LOOP ( 'NONE', ( #6881, #5483, #5621, #2613 ) ) ;
#4442 = EDGE_CURVE ( 'NONE', #4854, #4931, #352, .T. ) ;
#4443 = LINE ( 'NONE', #1656, #1506 ) ;
#4444 = ORIENTED_EDGE ( 'NONE', *, *, #924, .F. ) ;
#4445 = DIRECTION ( 'NONE',  ( -5.330660681387031650E-15, -1.000000000000000000, -2.891205793294662451E-15 ) ) ;
#4446 = VECTOR ( 'NONE', #3624, 1000.000000000000000 ) ;
#4447 = ADVANCED_FACE ( 'NONE', ( #5422 ), #821, .T. ) ;
#4448 = CARTESIAN_POINT ( 'NONE',  ( -3.700000000000002398, -3.500000000000000444, -0.5999999999999976463 ) ) ;
#4449 = ORIENTED_EDGE ( 'NONE', *, *, #1776, .T. ) ;
#4450 = CARTESIAN_POINT ( 'NONE',  ( -3.000000000000000000, 2.399999999999999467, -3.100000000000000977 ) ) ;
#4451 = ORIENTED_EDGE ( 'NONE', *, *, #1197, .F. ) ;
#4452 = ORIENTED_EDGE ( 'NONE', *, *, #6883, .F. ) ;
#4453 = AXIS2_PLACEMENT_3D ( 'NONE', #2403, #32, #6262 ) ;
#4454 = VECTOR ( 'NONE', #5141, 1000.000000000000000 ) ;
#4455 = ADVANCED_FACE ( 'NONE', ( #4852 ), #306, .F. ) ;
#4456 = DIRECTION ( 'NONE',  ( 0.000000000000000000, 0.000000000000000000, 1.000000000000000000 ) ) ;
#4457 = CARTESIAN_POINT ( 'NONE',  ( -3.230608367692934912, -0.4993535166557726557, -4.391147680321848767 ) ) ;
#4458 = ORIENTED_EDGE ( 'NONE', *, *, #366, .T. ) ;
#4459 = AXIS2_PLACEMENT_3D ( 'NONE', #3058, #5455, #271 ) ;
#4460 = CARTESIAN_POINT ( 'NONE',  ( -3.700000000000010836, -4.000000000000000000, -3.049999999999999378 ) ) ;
#4461 = DIRECTION ( 'NONE',  ( 0.000000000000000000, -1.000000000000000000, 0.000000000000000000 ) ) ;
#4462 = EDGE_LOOP ( 'NONE', ( #3905, #6530, #1318, #4565 ) ) ;
#4463 = ORIENTED_EDGE ( 'NONE', *, *, #6625, .F. ) ;
#4464 = VECTOR ( 'NONE', #842, 1000.000000000000000 ) ;
#4465 = EDGE_CURVE ( 'NONE', #1592, #529, #6137, .T. ) ;
#4466 = CIRCLE ( 'NONE', #1287, 0.6250000000000001110 ) ;
#4467 = CARTESIAN_POINT ( 'NONE',  ( 3.286933477046822816, -1.796257152550980063, -3.830730342022994783 ) ) ;
#4468 = ORIENTED_EDGE ( 'NONE', *, *, #5365, .T. ) ;
#4469 = CARTESIAN_POINT ( 'NONE',  ( -3.700000000000018829, -2.000000000000000888, -5.371878022344831471 ) ) ;
#4470 = CARTESIAN_POINT ( 'NONE',  ( -2.973145600891813345, -2.636572800445906140, 0.9000000000000002442 ) ) ;
#4471 = AXIS2_PLACEMENT_3D ( 'NONE', #2155, #4394, #4946 ) ;
#4472 = EDGE_CURVE ( 'NONE', #4338, #7078, #2539, .T. ) ;
#4473 = DIRECTION ( 'NONE',  ( 0.000000000000000000, 0.000000000000000000, 1.000000000000000000 ) ) ;
#4474 = VERTEX_POINT ( 'NONE', #5912 ) ;
#4475 = CYLINDRICAL_SURFACE ( 'NONE', #2351, 1.800000000000000266 ) ;
#4476 = DIRECTION ( 'NONE',  ( -0.000000000000000000, -0.000000000000000000, -1.000000000000000000 ) ) ;
#4477 = CARTESIAN_POINT ( 'NONE',  ( 3.670320304398591027, -1.750498639517151567, -3.854076363850396536 ) ) ;
#4478 = DIRECTION ( 'NONE',  ( 1.000000000000000000, 2.093631781351319655E-15, 0.000000000000000000 ) ) ;
#4479 = LINE ( 'NONE', #3334, #4672 ) ;
#4480 = PLANE ( 'NONE',  #3638 ) ;
#4481 = ORIENTED_EDGE ( 'NONE', *, *, #7104, .F. ) ;
#4482 = CARTESIAN_POINT ( 'NONE',  ( -3.700000000000014388, -4.000000000000000000, -4.049999999999998934 ) ) ;
#4483 = CARTESIAN_POINT ( 'NONE',  ( 1.350000000000000089, -2.900000000000000355, -2.850000000000000089 ) ) ;
#4484 = ORIENTED_EDGE ( 'NONE', *, *, #1846, .F. ) ;
#4485 = DIRECTION ( 'NONE',  ( -1.000000000000000000, 0.000000000000000000, 0.000000000000000000 ) ) ;
#4486 = CARTESIAN_POINT ( 'NONE',  ( 2.300000000000000711, -2.299999999999998934, 0.4000000000000000222 ) ) ;
#4487 = DIRECTION ( 'NONE',  ( 0.000000000000000000, 0.000000000000000000, -1.000000000000000000 ) ) ;
#4488 = EDGE_CURVE ( 'NONE', #2468, #6901, #2652, .T. ) ;
#4489 = VERTEX_POINT ( 'NONE', #5342 ) ;
#4490 = ORIENTED_EDGE ( 'NONE', *, *, #1503, .T. ) ;
#4491 = ADVANCED_FACE ( 'NONE', ( #3127 ), #6573, .T. ) ;
#4492 = LINE ( 'NONE', #5605, #3751 ) ;
#4493 = CARTESIAN_POINT ( 'NONE',  ( -3.300000000000018474, -0.2052944619610003185, -5.371878022344844794 ) ) ;
#4494 = ORIENTED_EDGE ( 'NONE', *, *, #3699, .F. ) ;
#4495 = CARTESIAN_POINT ( 'NONE',  ( 2.973145600891813345, -1.963427199554093061, 0.9000000000000002442 ) ) ;
#4496 = CARTESIAN_POINT ( 'NONE',  ( 1.350000000000000089, -2.900000000000000355, -3.100000000000000977 ) ) ;
#4497 = EDGE_CURVE ( 'NONE', #5454, #1961, #1701, .T. ) ;
#4498 = EDGE_LOOP ( 'NONE', ( #5711, #5079, #2807, #5612 ) ) ;
#4499 = ORIENTED_EDGE ( 'NONE', *, *, #2892, .T. ) ;
#4500 = DIRECTION ( 'NONE',  ( 0.000000000000000000, 1.000000000000000000, 0.000000000000000000 ) ) ;
#4501 = CARTESIAN_POINT ( 'NONE',  ( -3.700000000000019273, -1.638888888888890172, -5.371878022344834136 ) ) ;
#4502 = CARTESIAN_POINT ( 'NONE',  ( -2.900000000000000355, 1.600000000000000089, -3.100000000000000977 ) ) ;
#4503 = ORIENTED_EDGE ( 'NONE', *, *, #5348, .T. ) ;
#4504 = PLANE ( 'NONE',  #6833 ) ;
#4505 = CARTESIAN_POINT ( 'NONE',  ( -3.700000000000009504, -1.953143444990798283, -2.849999999999996980 ) ) ;
#4506 = B_SPLINE_CURVE_WITH_KNOTS ( 'NONE', 3,
 ( #812, #1991, #5303, #4187, #5372, #4231, #5449, #5940, #4846, #2059, #5335 ),
 .UNSPECIFIED., .F., .F.,
 ( 4, 1, 1, 1, 1, 1, 1, 1, 4 ),
 ( 0.000000000000000000, 0.0003168404827136673055, 0.0003737868504530693792, 0.0009967649345415184169, 0.001121360551359208355, 0.001245956168176898292, 0.001868934252265347330, 0.001925880620004749621, 0.002242721102718416709 ),
 .UNSPECIFIED. ) ;
#4507 = CARTESIAN_POINT ( 'NONE',  ( 3.696286263588377086, -1.867833135635986519, -4.274394214260937019 ) ) ;
#4508 = CARTESIAN_POINT ( 'NONE',  ( -3.700000000000000178, 3.000000000000000000, -0.09999999999999850675 ) ) ;
#4509 = DIRECTION ( 'NONE',  ( 1.000000000000000000, 6.672013369141565217E-16, 0.000000000000000000 ) ) ;
#4510 = CARTESIAN_POINT ( 'NONE',  ( 1.450000000000000178, 1.499999999999999334, -3.100000000000000977 ) ) ;
#4511 = CARTESIAN_POINT ( 'NONE',  ( 2.075000000000000178, -8.000000000000000000, -1.900000000000000133 ) ) ;
#4512 = ORIENTED_EDGE ( 'NONE', *, *, #6302, .F. ) ;
#4513 = DIRECTION ( 'NONE',  ( -1.000000000000000000, 0.000000000000000000, 0.000000000000000000 ) ) ;
#4514 = EDGE_CURVE ( 'NONE', #6356, #6925, #700, .T. ) ;
#4515 = DIRECTION ( 'NONE',  ( -0.000000000000000000, -0.000000000000000000, -1.000000000000000000 ) ) ;
#4516 = DIRECTION ( 'NONE',  ( 0.000000000000000000, 0.000000000000000000, 1.000000000000000000 ) ) ;
#4517 = CYLINDRICAL_SURFACE ( 'NONE', #5654, 0.09999999999999982514 ) ;
#4518 = CARTESIAN_POINT ( 'NONE',  ( 1.449999999999999956, -2.400000000000003908, -3.200000000000000178 ) ) ;
#4519 = VERTEX_POINT ( 'NONE', #47 ) ;
#4520 = VERTEX_POINT ( 'NONE', #1670 ) ;
#4521 = AXIS2_PLACEMENT_3D ( 'NONE', #5201, #1750, #3501 ) ;
#4522 = CARTESIAN_POINT ( 'NONE',  ( 3.300000000000010036, 1.074932447809027039E-15, -2.849999999999999201 ) ) ;
#4523 = VERTEX_POINT ( 'NONE', #3316 ) ;
#4524 = DIRECTION ( 'NONE',  ( -0.000000000000000000, -0.000000000000000000, -1.000000000000000000 ) ) ;
#4525 = DIRECTION ( 'NONE',  ( 0.000000000000000000, -1.000000000000000000, 0.000000000000000000 ) ) ;
#4526 = VECTOR ( 'NONE', #5439, 1000.000000000000000 ) ;
#4527 = ORIENTED_EDGE ( 'NONE', *, *, #1434, .T. ) ;
#4528 = ORIENTED_EDGE ( 'NONE', *, *, #3371, .T. ) ;
#4529 = ADVANCED_FACE ( 'NONE', ( #5536 ), #495, .T. ) ;
#4530 = CARTESIAN_POINT ( 'NONE',  ( 3.230608367692936689, -1.500646483344226789, -4.391147680321848767 ) ) ;
#4531 = AXIS2_PLACEMENT_3D ( 'NONE', #2486, #255, #2518 ) ;
#4532 = CARTESIAN_POINT ( 'NONE',  ( -3.661944828902490290, -1.747022974928201577, -3.433764926993494893 ) ) ;
#4533 = CARTESIAN_POINT ( 'NONE',  ( -2.899999999999999911, 2.500000000000000000, -2.850000000000000089 ) ) ;
#4534 = ORIENTED_EDGE ( 'NONE', *, *, #2263, .F. ) ;
#4535 = FACE_OUTER_BOUND ( 'NONE', #2951, .T. ) ;
#4536 = CIRCLE ( 'NONE', #2193, 0.09999999999999982514 ) ;
#4537 = DIRECTION ( 'NONE',  ( 3.491481338843133355E-15, 1.577279855319300948E-30, -1.000000000000000000 ) ) ;
#4538 = EDGE_CURVE ( 'NONE', #3166, #6714, #6756, .T. ) ;
#4539 = AXIS2_PLACEMENT_3D ( 'NONE', #4968, #1078, #3317 ) ;
#4540 = CARTESIAN_POINT ( 'NONE',  ( 3.691437579568225935, -1.858825984276806231, -2.849999999999994760 ) ) ;
#4541 = CARTESIAN_POINT ( 'NONE',  ( -3.700000000000016609, -4.336808689942017736E-16, -4.748279434898255325 ) ) ;
#4542 = CARTESIAN_POINT ( 'NONE',  ( -4.128237442572068261, -6.000935160798248624, -4.049999999999998934 ) ) ;
#4543 = CARTESIAN_POINT ( 'NONE',  ( 3.700000000000016165, -4.000000000000000888, -5.049999999999998934 ) ) ;
#4544 = CARTESIAN_POINT ( 'NONE',  ( 0.8499999999999999778, 2.600000000000000533, -2.850000000000000089 ) ) ;
#4545 = AXIS2_PLACEMENT_3D ( 'NONE', #5065, #5133, #5098 ) ;
#4546 = EDGE_CURVE ( 'NONE', #3448, #6118, #6484, .T. ) ;
#4547 = DIRECTION ( 'NONE',  ( -1.000000000000000000, 0.000000000000000000, 0.000000000000000000 ) ) ;
#4548 = CARTESIAN_POINT ( 'NONE',  ( 3.000000000000001332, -2.999999999999998668, 0.4000000000000000222 ) ) ;
#4549 = FACE_OUTER_BOUND ( 'NONE', #6692, .T. ) ;
#4550 = AXIS2_PLACEMENT_3D ( 'NONE', #6043, #1612, #4292 ) ;
#4551 = DIRECTION ( 'NONE',  ( 1.000000000000000000, 0.000000000000000000, -3.491481338843133750E-15 ) ) ;
#4552 = FACE_OUTER_BOUND ( 'NONE', #2772, .T. ) ;
#4553 = EDGE_CURVE ( 'NONE', #4988, #4996, #2353, .T. ) ;
#4554 = ORIENTED_EDGE ( 'NONE', *, *, #1740, .T. ) ;
#4555 = VERTEX_POINT ( 'NONE', #2728 ) ;
#4556 = CIRCLE ( 'NONE', #1865, 0.09999999999999982514 ) ;
#4557 = CYLINDRICAL_SURFACE ( 'NONE', #5624, 0.1000000000000000472 ) ;
#4558 = CARTESIAN_POINT ( 'NONE',  ( -2.075000000000000178, -8.000000000000000000, -3.060232526704262934 ) ) ;
#4559 = VERTEX_POINT ( 'NONE', #6206 ) ;
#4560 = DIRECTION ( 'NONE',  ( 0.000000000000000000, 1.000000000000000000, 0.000000000000000000 ) ) ;
#4561 = DIRECTION ( 'NONE',  ( -1.000000000000000000, 0.000000000000000000, 0.000000000000000000 ) ) ;
#4562 = VECTOR ( 'NONE', #1539, 1000.000000000000000 ) ;
#4563 = AXIS2_PLACEMENT_3D ( 'NONE', #3443, #3516, #652 ) ;
#4564 = VERTEX_POINT ( 'NONE', #4381 ) ;
#4565 = ORIENTED_EDGE ( 'NONE', *, *, #5805, .T. ) ;
#4566 = AXIS2_PLACEMENT_3D ( 'NONE', #2513, #1421, #3618 ) ;
#4567 = CARTESIAN_POINT ( 'NONE',  ( 3.300000000000019362, -1.905816649150110509, -5.371878022344844794 ) ) ;
#4568 = VECTOR ( 'NONE', #4778, 1000.000000000000000 ) ;
#4569 = CARTESIAN_POINT ( 'NONE',  ( -3.582219468606518742, -0.3831343926248216847, -2.849999999999998312 ) ) ;
#4570 = CARTESIAN_POINT ( 'NONE',  ( -3.300000000000012257, -7.500000000000000000, -4.549999999999998934 ) ) ;
#4571 = ORIENTED_EDGE ( 'NONE', *, *, #3979, .T. ) ;
#4572 = VECTOR ( 'NONE', #2049, 1000.000000000000000 ) ;
#4573 = EDGE_CURVE ( 'NONE', #788, #2130, #1282, .T. ) ;
#4574 = FACE_OUTER_BOUND ( 'NONE', #1893, .T. ) ;
#4575 = VECTOR ( 'NONE', #7219, 1000.000000000000000 ) ;
#4576 = DIRECTION ( 'NONE',  ( -6.071532165918840608E-15, -1.000000000000000000, 0.000000000000000000 ) ) ;
#4577 = EDGE_CURVE ( 'NONE', #2133, #6714, #7229, .T. ) ;
#4578 = VECTOR ( 'NONE', #3695, 1000.000000000000000 ) ;
#4579 = CARTESIAN_POINT ( 'NONE',  ( 3.661944828902491178, -1.747022974928199801, -3.433764926993494893 ) ) ;
#4580 = CARTESIAN_POINT ( 'NONE',  ( 1.675000000000000711, -2.299999999999999378, 0.4000000000000000222 ) ) ;
#4581 = CARTESIAN_POINT ( 'NONE',  ( -3.700000000000002398, -3.500000000000000000, -0.5999999999999977573 ) ) ;
#4582 = ORIENTED_EDGE ( 'NONE', *, *, #4948, .F. ) ;
#4583 = EDGE_CURVE ( 'NONE', #4431, #400, #4933, .T. ) ;
#4584 = FACE_OUTER_BOUND ( 'NONE', #4375, .T. ) ;
#4585 = LINE ( 'NONE', #6293, #4993 ) ;
#4586 = VECTOR ( 'NONE', #861, 1000.000000000000000 ) ;
#4587 = CARTESIAN_POINT ( 'NONE',  ( -3.751540677934134482, -5.866400601998986275, -5.049999999999998934 ) ) ;
#4588 = DIRECTION ( 'NONE',  ( -4.517509052022934484E-16, 1.000000000000000000, -3.523657060577896116E-15 ) ) ;
#4589 = LINE ( 'NONE', #5183, #312 ) ;
#4590 = DIRECTION ( 'NONE',  ( -0.000000000000000000, -0.000000000000000000, -1.000000000000000000 ) ) ;
#4591 = CARTESIAN_POINT ( 'NONE',  ( -2.925000000000000266, -2.299999999999999822, 0.000000000000000000 ) ) ;
#4592 = VERTEX_POINT ( 'NONE', #7194 ) ;
#4593 = ORIENTED_EDGE ( 'NONE', *, *, #5900, .F. ) ;
#4594 = CARTESIAN_POINT ( 'NONE',  ( -2.900000000000000355, 2.400000000000000355, -2.850000000000000089 ) ) ;
#4595 = EDGE_CURVE ( 'NONE', #633, #3685, #6170, .T. ) ;
#4596 = DIRECTION ( 'NONE',  ( 0.000000000000000000, 1.000000000000000000, 0.000000000000000000 ) ) ;
#4597 = DIRECTION ( 'NONE',  ( -0.000000000000000000, -0.000000000000000000, -1.000000000000000000 ) ) ;
#4598 = CARTESIAN_POINT ( 'NONE',  ( -2.300000000000002043, -2.300000000000000711, 0.9000000000000002442 ) ) ;
#4599 = ORIENTED_EDGE ( 'NONE', *, *, #5348, .F. ) ;
#4600 = ORIENTED_EDGE ( 'NONE', *, *, #86, .T. ) ;
#4601 = PLANE ( 'NONE',  #3615 ) ;
#4602 = ADVANCED_FACE ( 'NONE', ( #4419 ), #6723, .T. ) ;
#4603 = CARTESIAN_POINT ( 'NONE',  ( -3.640389927498948630, -1.000016897347568934, -5.020543119474988991 ) ) ;
#4604 = LINE ( 'NONE', #4053, #2782 ) ;
#4605 = ORIENTED_EDGE ( 'NONE', *, *, #4194, .T. ) ;
#4606 = DIRECTION ( 'NONE',  ( 0.000000000000000000, 0.000000000000000000, 1.000000000000000000 ) ) ;
#4607 = DIRECTION ( 'NONE',  ( -0.000000000000000000, -0.000000000000000000, -1.000000000000000000 ) ) ;
#4608 = ORIENTED_EDGE ( 'NONE', *, *, #4097, .T. ) ;
#4609 = EDGE_CURVE ( 'NONE', #6684, #5320, #3911, .T. ) ;
#4610 = CARTESIAN_POINT ( 'NONE',  ( 3.545508591715254010, -1.295177270888955734, -4.274269452903463495 ) ) ;
#4611 = LINE ( 'NONE', #59, #3374 ) ;
#4612 = CYLINDRICAL_SURFACE ( 'NONE', #691, 0.09999999999999982514 ) ;
#4613 = VERTEX_POINT ( 'NONE', #5610 ) ;
#4614 = CYLINDRICAL_SURFACE ( 'NONE', #1063, 0.6250000000000001110 ) ;
#4615 = CARTESIAN_POINT ( 'NONE',  ( 3.746809205874645166, -5.788045602749172680, -4.049999999999998934 ) ) ;
#4616 = CARTESIAN_POINT ( 'NONE',  ( 1.899999999999999689, 3.100000000000000533, -1.900000000000000133 ) ) ;
#4617 = CARTESIAN_POINT ( 'NONE',  ( 2.899999999999999911, 2.500000000000000000, -2.850000000000000089 ) ) ;
#4618 = EDGE_CURVE ( 'NONE', #5329, #7141, #1588, .T. ) ;
#4619 = CARTESIAN_POINT ( 'NONE',  ( -1.450000000000000178, -1.499999999999999778, -2.850000000000000089 ) ) ;
#4620 = DIRECTION ( 'NONE',  ( 3.491481338843133750E-15, 1.577279855319301123E-30, -1.000000000000000000 ) ) ;
#4621 = FACE_OUTER_BOUND ( 'NONE', #6130, .T. ) ;
#4622 = EDGE_LOOP ( 'NONE', ( #2913, #4840, #5109, #2080 ) ) ;
#4623 = VERTEX_POINT ( 'NONE', #4460 ) ;
#4624 = DIRECTION ( 'NONE',  ( -0.000000000000000000, -0.000000000000000000, -1.000000000000000000 ) ) ;
#4625 = DIRECTION ( 'NONE',  ( -0.8944271909999159664, 0.4472135954999579832, 0.000000000000000000 ) ) ;
#4626 = ADVANCED_FACE ( 'NONE', ( #3828 ), #656, .T. ) ;
#4627 = CARTESIAN_POINT ( 'NONE',  ( 2.300000000000000711, -2.300000000000000711, 0.9000000000000002442 ) ) ;
#4628 = PRESENTATION_STYLE_ASSIGNMENT (( #6888 ) ) ;
#4629 = ORIENTED_EDGE ( 'NONE', *, *, #6935, .T. ) ;
#4630 = EDGE_LOOP ( 'NONE', ( #6856, #226, #3135, #1680 ) ) ;
#4631 = CIRCLE ( 'NONE', #5111, 0.09999999999999982514 ) ;
#4632 = CARTESIAN_POINT ( 'NONE',  ( 3.191834743483424663, -0.9999999999999988898, -4.858162128904228716 ) ) ;
#4633 = VECTOR ( 'NONE', #5275, 1000.000000000000000 ) ;
#4634 = CARTESIAN_POINT ( 'NONE',  ( -3.643723911836732832, -1.122096063209992778, -5.020662125197072889 ) ) ;
#4635 = LINE ( 'NONE', #2950, #4644 ) ;
#4636 = ORIENTED_EDGE ( 'NONE', *, *, #1615, .F. ) ;
#4637 = DIRECTION ( 'NONE',  ( 0.000000000000000000, 0.000000000000000000, -1.000000000000000000 ) ) ;
#4638 = DIRECTION ( 'NONE',  ( 0.000000000000000000, -1.000000000000000000, 0.000000000000000000 ) ) ;
#4639 = EDGE_CURVE ( 'NONE', #2947, #6084, #5224, .T. ) ;
#4640 = CARTESIAN_POINT ( 'NONE',  ( -1.050000000000000044, 2.900000000000000355, -2.850000000000000089 ) ) ;
#4641 = VECTOR ( 'NONE', #6590, 1000.000000000000000 ) ;
#4642 = VERTEX_POINT ( 'NONE', #1216 ) ;
#4643 = CARTESIAN_POINT ( 'NONE',  ( 3.556189544341495701, -0.8760850962730748481, -4.601630694961569290 ) ) ;
#4644 = VECTOR ( 'NONE', #857, 1000.000000000000000 ) ;
#4645 = PLANE ( 'NONE',  #6685 ) ;
#4646 = DIRECTION ( 'NONE',  ( 1.000000000000000000, -8.673617379884032317E-15, 0.000000000000000000 ) ) ;
#4647 = ORIENTED_EDGE ( 'NONE', *, *, #6776, .T. ) ;
#4648 = PLANE ( 'NONE',  #2703 ) ;
#4649 = DIRECTION ( 'NONE',  ( -0.000000000000000000, -0.000000000000000000, -1.000000000000000000 ) ) ;
#4650 = VECTOR ( 'NONE', #1960, 1000.000000000000000 ) ;
#4651 = DIRECTION ( 'NONE',  ( -1.000000000000000000, 5.987542637623614683E-15, -5.585196838722983974E-30 ) ) ;
#4652 = CYLINDRICAL_SURFACE ( 'NONE', #1165, 0.6250000000000001110 ) ;
#4653 = DIRECTION ( 'NONE',  ( -1.000000000000000000, 0.000000000000000000, 0.000000000000000000 ) ) ;
#4654 = DIRECTION ( 'NONE',  ( -1.000000000000000000, -6.938893903907227392E-16, 0.000000000000000000 ) ) ;
#4655 = DIRECTION ( 'NONE',  ( 0.3303504247281062178, 0.9438583563660173370, 0.000000000000000000 ) ) ;
#4656 = VECTOR ( 'NONE', #3926, 1000.000000000000000 ) ;
#4657 = ORIENTED_EDGE ( 'NONE', *, *, #1364, .T. ) ;
#4658 = ORIENTED_EDGE ( 'NONE', *, *, #1748, .T. ) ;
#4659 = EDGE_CURVE ( 'NONE', #6272, #5941, #6960, .T. ) ;
#4660 = CARTESIAN_POINT ( 'NONE',  ( -1.149999999999999911, -2.900000000000000355, -3.200000000000000178 ) ) ;
#4661 = ADVANCED_FACE ( 'NONE', ( #224 ), #1288, .T. ) ;
#4662 = FACE_OUTER_BOUND ( 'NONE', #2349, .T. ) ;
#4663 = AXIS2_PLACEMENT_3D ( 'NONE', #4594, #5644, #3525 ) ;
#4664 = CARTESIAN_POINT ( 'NONE',  ( -1.450000000000000178, -1.499999999999999778, -3.100000000000000977 ) ) ;
#4665 = ORIENTED_EDGE ( 'NONE', *, *, #4789, .T. ) ;
#4666 = CARTESIAN_POINT ( 'NONE',  ( 3.700000000000015277, 3.000000000000000888, -4.748279434898255325 ) ) ;
#4667 = ORIENTED_EDGE ( 'NONE', *, *, #2264, .T. ) ;
#4668 = ORIENTED_EDGE ( 'NONE', *, *, #7043, .F. ) ;
#4669 = EDGE_CURVE ( 'NONE', #722, #2006, #2422, .T. ) ;
#4670 = AXIS2_PLACEMENT_3D ( 'NONE', #3783, #4875, #1544 ) ;
#4671 = DIRECTION ( 'NONE',  ( 8.972707634362798240E-16, 1.000000000000000000, 0.000000000000000000 ) ) ;
#4672 = VECTOR ( 'NONE', #6741, 1000.000000000000000 ) ;
#4673 = VECTOR ( 'NONE', #5045, 1000.000000000000000 ) ;
#4674 = CARTESIAN_POINT ( 'NONE',  ( -3.545654243167450037, -0.7049998006469688772, -4.274269661123265784 ) ) ;
#4675 = DIRECTION ( 'NONE',  ( 5.330660681387049794E-15, 1.000000000000000000, 0.000000000000000000 ) ) ;
#4676 = VERTEX_POINT ( 'NONE', #6343 ) ;
#4677 = CARTESIAN_POINT ( 'NONE',  ( 3.700000000000023270, -3.999999999999998224, -6.049999999999997158 ) ) ;
#4678 = EDGE_CURVE ( 'NONE', #6490, #7083, #2461, .T. ) ;
#4679 = DIRECTION ( 'NONE',  ( 0.000000000000000000, -0.000000000000000000, 1.000000000000000000 ) ) ;
#4680 = CARTESIAN_POINT ( 'NONE',  ( 4.600000000000016520, -4.587538820250189886, -5.049999999999998934 ) ) ;
#4681 = VECTOR ( 'NONE', #7239, 1000.000000000000000 ) ;
#4682 = AXIS2_PLACEMENT_3D ( 'NONE', #5481, #6600, #1066 ) ;
#4683 = ORIENTED_EDGE ( 'NONE', *, *, #5762, .F. ) ;
#4684 = EDGE_CURVE ( 'NONE', #3129, #3339, #3559, .T. ) ;
#4685 = CARTESIAN_POINT ( 'NONE',  ( 3.700000000000009504, -0.09371311001840365584, -3.060156501862067557 ) ) ;
#4686 =( GEOMETRIC_REPRESENTATION_CONTEXT ( 3 ) GLOBAL_UNCERTAINTY_ASSIGNED_CONTEXT ( ( #3988 ) ) GLOBAL_UNIT_ASSIGNED_CONTEXT ( ( #2797, #2137, #2722 ) ) REPRESENTATION_CONTEXT ( 'NONE', 'WORKASPACE' ) );
#4687 = VECTOR ( 'NONE', #2996, 1000.000000000000000 ) ;
#4688 = CARTESIAN_POINT ( 'NONE',  ( -4.600000000000014744, -4.587538820250191662, -5.049999999999998934 ) ) ;
#4689 = CARTESIAN_POINT ( 'NONE',  ( 2.925000000000000266, 2.299999999999999822, 0.000000000000000000 ) ) ;
#4690 = ORIENTED_EDGE ( 'NONE', *, *, #950, .T. ) ;
#4691 = CARTESIAN_POINT ( 'NONE',  ( -3.000000000000000000, -3.000000000000000000, 0.000000000000000000 ) ) ;
#4692 = CARTESIAN_POINT ( 'NONE',  ( -3.700000000000010836, -3.500000000000000000, -3.049999999999999378 ) ) ;
#4693 = VECTOR ( 'NONE', #1137, 1000.000000000000000 ) ;
#4694 = CARTESIAN_POINT ( 'NONE',  ( 2.300000000000000266, 1.674999999999999822, 0.6500000000000001332 ) ) ;
#4695 = CARTESIAN_POINT ( 'NONE',  ( 2.075000000000000178, -8.000000000000000000, -1.900000000000000133 ) ) ;
#4696 = FACE_OUTER_BOUND ( 'NONE', #1028, .T. ) ;
#4697 = CARTESIAN_POINT ( 'NONE',  ( -3.352432279564659723, -6.983904117433513470, -5.049999999999998934 ) ) ;
#4698 = VECTOR ( 'NONE', #2189, 1000.000000000000000 ) ;
#4699 = CARTESIAN_POINT ( 'NONE',  ( -0.8499999999999997558, -0.4333333333333333481, -2.649999999999999911 ) ) ;
#4700 = ORIENTED_EDGE ( 'NONE', *, *, #2872, .T. ) ;
#4701 = ORIENTED_EDGE ( 'NONE', *, *, #4669, .F. ) ;
#4702 = DIRECTION ( 'NONE',  ( 0.4472135954999583163, -0.8944271909999156334, 0.000000000000000000 ) ) ;
#4703 = DIRECTION ( 'NONE',  ( 0.000000000000000000, 0.000000000000000000, 1.000000000000000000 ) ) ;
#4704 = EDGE_CURVE ( 'NONE', #3040, #4162, #1925, .T. ) ;
#4705 = CARTESIAN_POINT ( 'NONE',  ( -2.600000000000000533, -7.500000000000000000, -2.200000000000000178 ) ) ;
#4706 = ORIENTED_EDGE ( 'NONE', *, *, #1296, .F. ) ;
#4707 = ORIENTED_EDGE ( 'NONE', *, *, #3540, .F. ) ;
#4708 = ORIENTED_EDGE ( 'NONE', *, *, #6401, .F. ) ;
#4709 = CARTESIAN_POINT ( 'NONE',  ( 1.408578643762689930, 2.458578643762691751, -3.200000000000000622 ) ) ;
#4710 = EDGE_CURVE ( 'NONE', #1390, #3455, #2387, .T. ) ;
#4711 = CARTESIAN_POINT ( 'NONE',  ( -3.685126432894557880, -0.3643819086742255409, -5.021553215763712608 ) ) ;
#4712 = DIRECTION ( 'NONE',  ( -1.000000000000000000, 0.000000000000000000, 0.000000000000000000 ) ) ;
#4713 = ORIENTED_EDGE ( 'NONE', *, *, #4639, .F. ) ;
#4714 = LINE ( 'NONE', #6972, #540 ) ;
#4715 = FACE_OUTER_BOUND ( 'NONE', #3812, .T. ) ;
#4716 = EDGE_LOOP ( 'NONE', ( #4315, #3815, #3728, #2043 ) ) ;
#4717 = EDGE_CURVE ( 'NONE', #6564, #1994, #6306, .T. ) ;
#4718 = CARTESIAN_POINT ( 'NONE',  ( 3.490342747705788895, -0.5350735015809791051, -3.060156501862064449 ) ) ;
#4719 = DIRECTION ( 'NONE',  ( -1.000000000000000000, -4.486353817181400106E-16, -0.000000000000000000 ) ) ;
#4720 = DIRECTION ( 'NONE',  ( -4.517509052022934484E-16, 1.000000000000000000, -3.523657060577896116E-15 ) ) ;
#4721 = EDGE_LOOP ( 'NONE', ( #478, #6477, #1020 ) ) ;
#4722 = DIRECTION ( 'NONE',  ( -0.000000000000000000, -1.000000000000000000, -0.000000000000000000 ) ) ;
#4723 = CARTESIAN_POINT ( 'NONE',  ( -2.900000000000000799, -2.399999999999999467, -3.100000000000000977 ) ) ;
#4724 = CARTESIAN_POINT ( 'NONE',  ( 2.600000000000000533, -7.500000000000000000, -2.200000000000000178 ) ) ;
#4725 = DIRECTION ( 'NONE',  ( 0.000000000000000000, 1.000000000000000000, 0.000000000000000000 ) ) ;
#4726 = LINE ( 'NONE', #666, #1964 ) ;
#4727 = DIRECTION ( 'NONE',  ( -1.000000000000000000, -4.517509052022934484E-16, 0.000000000000000000 ) ) ;
#4728 = DIRECTION ( 'NONE',  ( -3.491481338843133355E-15, 2.168404344970993091E-16, 1.000000000000000000 ) ) ;
#4729 = ORIENTED_EDGE ( 'NONE', *, *, #4684, .F. ) ;
#4730 = ORIENTED_EDGE ( 'NONE', *, *, #3321, .T. ) ;
#4731 = ADVANCED_FACE ( 'NONE', ( #6789 ), #1843, .T. ) ;
#4732 = CARTESIAN_POINT ( 'NONE',  ( 3.437244651700127385, -5.168916494400137118, -4.050000000000012257 ) ) ;
#4733 = CARTESIAN_POINT ( 'NONE',  ( 1.800000000000000266, 2.204364238465236069E-16, 0.000000000000000000 ) ) ;
#4734 = CARTESIAN_POINT ( 'NONE',  ( -2.299999999999999822, 2.299999999999999822, 0.6500000000000001332 ) ) ;
#4735 = ORIENTED_EDGE ( 'NONE', *, *, #6285, .F. ) ;
#4736 = CARTESIAN_POINT ( 'NONE',  ( -3.000000000000000000, 3.000000000000000000, 0.000000000000000000 ) ) ;
#4737 = ORIENTED_EDGE ( 'NONE', *, *, #7202, .F. ) ;
#4738 = ORIENTED_EDGE ( 'NONE', *, *, #663, .F. ) ;
#4739 = EDGE_CURVE ( 'NONE', #6300, #6062, #6823, .T. ) ;
#4740 = CARTESIAN_POINT ( 'NONE',  ( -3.191225343168462292, -1.501916223483357626, -3.830730342022995227 ) ) ;
#4741 = CARTESIAN_POINT ( 'NONE',  ( -3.700000000000011724, -2.786183360632266623E-16, -4.274394068176251338 ) ) ;
#4742 = PLANE ( 'NONE',  #3955 ) ;
#4743 = ORIENTED_EDGE ( 'NONE', *, *, #5558, .T. ) ;
#4744 = DIRECTION ( 'NONE',  ( -1.000000000000000000, 0.000000000000000000, 0.000000000000000000 ) ) ;
#4745 = DIRECTION ( 'NONE',  ( -4.517509052022813197E-16, 1.000000000000000000, -3.469446951953602356E-15 ) ) ;
#4746 = DIRECTION ( 'NONE',  ( 0.000000000000000000, -1.000000000000000000, 0.000000000000000000 ) ) ;
#4747 = ORIENTED_EDGE ( 'NONE', *, *, #6086, .T. ) ;
#4748 = AXIS2_PLACEMENT_3D ( 'NONE', #5170, #6864, #134 ) ;
#4749 = CARTESIAN_POINT ( 'NONE',  ( 3.700000000000015721, -0.5282753649587674794, -5.231169173262848027 ) ) ;
#4750 = CARTESIAN_POINT ( 'NONE',  ( -1.450000000000000178, 0.000000000000000000, -2.850000000000000089 ) ) ;
#4751 = CARTESIAN_POINT ( 'NONE',  ( 2.153449832247074575E-15, 2.400000000000003464, -3.100000000000000977 ) ) ;
#4752 = ORIENTED_EDGE ( 'NONE', *, *, #2952, .T. ) ;
#4753 = DIRECTION ( 'NONE',  ( 0.000000000000000000, 0.000000000000000000, -1.000000000000000000 ) ) ;
#4754 = VECTOR ( 'NONE', #4857, 1000.000000000000000 ) ;
#4755 = CARTESIAN_POINT ( 'NONE',  ( 3.000000000000000000, 2.656295322589485863E-15, 0.000000000000000000 ) ) ;
#4756 = EDGE_CURVE ( 'NONE', #7080, #4489, #1737, .T. ) ;
#4757 = EDGE_CURVE ( 'NONE', #1279, #3493, #2119, .T. ) ;
#4758 = CARTESIAN_POINT ( 'NONE',  ( 3.300000000000015810, -7.499999999999998224, -4.549999999999998934 ) ) ;
#4759 = VECTOR ( 'NONE', #4859, 1000.000000000000000 ) ;
#4760 = DIRECTION ( 'NONE',  ( -1.000000000000000000, 0.000000000000000000, 0.000000000000000000 ) ) ;
#4761 = ADVANCED_FACE ( 'NONE', ( #4018 ), #5717, .T. ) ;
#4762 = CARTESIAN_POINT ( 'NONE',  ( 2.600000000000000533, -7.500000000000000000, -1.900000000000000133 ) ) ;
#4763 = DIRECTION ( 'NONE',  ( -1.000000000000000000, -4.517509052022934484E-16, -3.491481338843133355E-15 ) ) ;
#4764 = LINE ( 'NONE', #7101, #4572 ) ;
#4765 = ORIENTED_EDGE ( 'NONE', *, *, #6838, .F. ) ;
#4766 = ORIENTED_EDGE ( 'NONE', *, *, #1666, .F. ) ;
#4767 = FACE_BOUND ( 'NONE', #5304, .T. ) ;
#4768 = DIRECTION ( 'NONE',  ( -1.000000000000000000, 0.000000000000000000, 0.000000000000000000 ) ) ;
#4769 = VECTOR ( 'NONE', #4436, 1000.000000000000000 ) ;
#4770 = EDGE_CURVE ( 'NONE', #6062, #6300, #1054, .T. ) ;
#4771 = LINE ( 'NONE', #1436, #1179 ) ;
#4772 = ORIENTED_EDGE ( 'NONE', *, *, #218, .T. ) ;
#4773 = FACE_OUTER_BOUND ( 'NONE', #4345, .T. ) ;
#4774 = ORIENTED_EDGE ( 'NONE', *, *, #1910, .F. ) ;
#4775 = EDGE_LOOP ( 'NONE', ( #3668, #4658, #6375, #4503, #3002 ) ) ;
#4776 = AXIS2_PLACEMENT_3D ( 'NONE', #4688, #1339, #1970 ) ;
#4777 = ORIENTED_EDGE ( 'NONE', *, *, #266, .T. ) ;
#4778 = DIRECTION ( 'NONE',  ( -0.000000000000000000, -0.000000000000000000, -1.000000000000000000 ) ) ;
#4779 = EDGE_CURVE ( 'NONE', #1279, #1581, #630, .T. ) ;
#4780 = LINE ( 'NONE', #383, #2537 ) ;
#4781 = CIRCLE ( 'NONE', #3969, 0.09999999999999982514 ) ;
#4782 = ORIENTED_EDGE ( 'NONE', *, *, #2776, .T. ) ;
#4783 = EDGE_LOOP ( 'NONE', ( #3826, #2873, #6619, #6956, #2566, #1024, #2705, #7223, #2182, #6828, #965, #3743 ) ) ;
#4784 = DIRECTION ( 'NONE',  ( 1.000000000000000000, 0.000000000000000000, 0.000000000000000000 ) ) ;
#4785 = DIRECTION ( 'NONE',  ( 0.000000000000000000, -1.000000000000000000, 3.523657060577896116E-15 ) ) ;
#4786 = EDGE_LOOP ( 'NONE', ( #3094, #7193 ) ) ;
#4787 = AXIS2_PLACEMENT_3D ( 'NONE', #6983, #6439, #4142 ) ;
#4788 = CARTESIAN_POINT ( 'NONE',  ( 3.643760476893856293, -0.8779546981471488820, -5.020662763942602247 ) ) ;
#4789 = EDGE_CURVE ( 'NONE', #501, #2348, #6961, .T. ) ;
#4790 = LINE ( 'NONE', #6512, #5138 ) ;
#4791 = DIRECTION ( 'NONE',  ( 3.491481338843133355E-15, 0.000000000000000000, 1.000000000000000000 ) ) ;
#4792 = ORIENTED_EDGE ( 'NONE', *, *, #805, .F. ) ;
#4793 = AXIS2_PLACEMENT_3D ( 'NONE', #1833, #591, #5708 ) ;
#4794 = CARTESIAN_POINT ( 'NONE',  ( -2.600000000000000533, -7.500000000000000000, -1.900000000000000133 ) ) ;
#4795 = AXIS2_PLACEMENT_3D ( 'NONE', #1830, #2305, #5104 ) ;
#4796 = EDGE_CURVE ( 'NONE', #7221, #7031, #3634, .T. ) ;
#4797 = DIRECTION ( 'NONE',  ( -1.000000000000000000, 0.000000000000000000, 0.000000000000000000 ) ) ;
#4798 = CYLINDRICAL_SURFACE ( 'NONE', #6807, 0.09999999999999982514 ) ;
#4799 = VECTOR ( 'NONE', #6513, 1000.000000000000000 ) ;
#4800 = VECTOR ( 'NONE', #2175, 1000.000000000000000 ) ;
#4801 = CARTESIAN_POINT ( 'NONE',  ( -3.700000000000012168, -7.500000000000002665, -4.049999999999998934 ) ) ;
#4802 = EDGE_CURVE ( 'NONE', #2163, #6834, #4771, .T. ) ;
#4803 = DIRECTION ( 'NONE',  ( 0.000000000000000000, 1.000000000000000000, 0.000000000000000000 ) ) ;
#4804 = FACE_OUTER_BOUND ( 'NONE', #1309, .T. ) ;
#4805 = CARTESIAN_POINT ( 'NONE',  ( 3.699999999999998845, 3.000000000000001776, -0.09999999999999850675 ) ) ;
#4806 = EDGE_LOOP ( 'NONE', ( #3673, #150, #7081, #4961 ) ) ;
#4807 = ORIENTED_EDGE ( 'NONE', *, *, #2015, .F. ) ;
#4808 = VECTOR ( 'NONE', #7147, 1000.000000000000000 ) ;
#4809 = VECTOR ( 'NONE', #3007, 1000.000000000000000 ) ;
#4810 = DIRECTION ( 'NONE',  ( -0.000000000000000000, -0.000000000000000000, -1.000000000000000000 ) ) ;
#4811 = CARTESIAN_POINT ( 'NONE',  ( -0.8499999999999999778, -0.4833333333333333925, -2.750000000000000000 ) ) ;
#4812 = AXIS2_PLACEMENT_3D ( 'NONE', #3328, #6586, #6693 ) ;
#4813 = DIRECTION ( 'NONE',  ( -1.393553005160055722E-15, 0.9615239476408233843, 0.2747211278973775705 ) ) ;
#4814 = EDGE_LOOP ( 'NONE', ( #4417, #2906, #5010, #747 ) ) ;
#4815 = LINE ( 'NONE', #4736, #3277 ) ;
#4816 = ORIENTED_EDGE ( 'NONE', *, *, #1013, .F. ) ;
#4817 = ORIENTED_EDGE ( 'NONE', *, *, #6441, .T. ) ;
#4818 = AXIS2_PLACEMENT_3D ( 'NONE', #1224, #574, #5200 ) ;
#4819 =( NAMED_UNIT ( * ) PLANE_ANGLE_UNIT ( ) SI_UNIT ( $, .RADIAN. ) );
#4820 = CARTESIAN_POINT ( 'NONE',  ( -1.408578643762689930, -2.458578643762693972, -3.200000000000000622 ) ) ;
#4821 = DIRECTION ( 'NONE',  ( -4.517509052022934484E-16, 1.000000000000000000, 0.000000000000000000 ) ) ;
#4822 = VERTEX_POINT ( 'NONE', #5413 ) ;
#4823 = ORIENTED_EDGE ( 'NONE', *, *, #673, .T. ) ;
#4824 = CARTESIAN_POINT ( 'NONE',  ( 3.000000000000000000, -2.399999999999998579, -3.100000000000000977 ) ) ;
#4825 = DIRECTION ( 'NONE',  ( -3.252606517456511724E-15, 0.000000000000000000, -1.000000000000000000 ) ) ;
#4826 = EDGE_CURVE ( 'NONE', #6684, #3715, #3995, .T. ) ;
#4827 = ORIENTED_EDGE ( 'NONE', *, *, #1334, .F. ) ;
#4828 = FACE_OUTER_BOUND ( 'NONE', #4365, .T. ) ;
#4829 = LINE ( 'NONE', #2041, #1851 ) ;
#4830 = DIRECTION ( 'NONE',  ( 1.000000000000000000, 0.000000000000000000, 0.000000000000000000 ) ) ;
#4831 = EDGE_LOOP ( 'NONE', ( #420, #7217, #6471, #6058 ) ) ;
#4832 = DIRECTION ( 'NONE',  ( 1.000000000000000000, 0.000000000000000000, 0.000000000000000000 ) ) ;
#4833 = CARTESIAN_POINT ( 'NONE',  ( -3.700000000000021494, -4.000000000000000000, -6.049999999999997158 ) ) ;
#4834 = EDGE_CURVE ( 'NONE', #489, #1909, #7036, .T. ) ;
#4835 = DIRECTION ( 'NONE',  ( 1.000000000000000000, -8.972707634362798240E-16, 0.000000000000000000 ) ) ;
#4836 = CARTESIAN_POINT ( 'NONE',  ( -3.700000000000009948, -1.999999999999974021, -2.850000000000037392 ) ) ;
#4837 = CARTESIAN_POINT ( 'NONE',  ( 2.899999999999999911, 2.500000000000000000, -2.850000000000000089 ) ) ;
#4838 = DIRECTION ( 'NONE',  ( 0.000000000000000000, 0.000000000000000000, 1.000000000000000000 ) ) ;
#4839 = ORIENTED_EDGE ( 'NONE', *, *, #222, .F. ) ;
#4840 = ORIENTED_EDGE ( 'NONE', *, *, #1296, .T. ) ;
#4841 = EDGE_CURVE ( 'NONE', #6291, #1030, #6250, .T. ) ;
#4842 = CARTESIAN_POINT ( 'NONE',  ( -1.149999999999999911, -2.900000000000000355, -3.200000000000000178 ) ) ;
#4843 = FACE_OUTER_BOUND ( 'NONE', #5432, .T. ) ;
#4844 = DIRECTION ( 'NONE',  ( -1.000000000000000000, 0.000000000000000000, 0.000000000000000000 ) ) ;
#4845 = ORIENTED_EDGE ( 'NONE', *, *, #5309, .T. ) ;
#4846 = CARTESIAN_POINT ( 'NONE',  ( 3.278597828075716425, -1.797246988481828955, -2.850000000000001865 ) ) ;
#4847 = ORIENTED_EDGE ( 'NONE', *, *, #2160, .T. ) ;
#4848 = EDGE_LOOP ( 'NONE', ( #5093, #4636, #5911 ) ) ;
#4849 = EDGE_CURVE ( 'NONE', #4232, #5364, #5301, .T. ) ;
#4850 = DIRECTION ( 'NONE',  ( 4.517509052022934484E-16, -1.000000000000000000, 0.000000000000000000 ) ) ;
#4851 = ORIENTED_EDGE ( 'NONE', *, *, #322, .F. ) ;
#4852 = FACE_OUTER_BOUND ( 'NONE', #4153, .T. ) ;
#4853 = DIRECTION ( 'NONE',  ( 7.570943305532645426E-31, -1.000000000000000000, 2.168404344971008868E-16 ) ) ;
#4854 = VERTEX_POINT ( 'NONE', #4185 ) ;
#4855 = ORIENTED_EDGE ( 'NONE', *, *, #184, .T. ) ;
#4856 = FACE_OUTER_BOUND ( 'NONE', #5492, .T. ) ;
#4857 = DIRECTION ( 'NONE',  ( 4.517509052022926596E-16, -1.000000000000000000, 2.168404344971008868E-16 ) ) ;
#4858 = VERTEX_POINT ( 'NONE', #7077 ) ;
#4859 = DIRECTION ( 'NONE',  ( 0.000000000000000000, 1.000000000000000000, 0.000000000000000000 ) ) ;
#4860 = EDGE_CURVE ( 'NONE', #1180, #2619, #921, .T. ) ;
#4861 = DIRECTION ( 'NONE',  ( 0.000000000000000000, 4.336808689942043768E-15, 1.000000000000000000 ) ) ;
#4862 = VERTEX_POINT ( 'NONE', #6495 ) ;
#4863 = EDGE_CURVE ( 'NONE', #376, #629, #3048, .T. ) ;
#4864 = CARTESIAN_POINT ( 'NONE',  ( 2.299999999999999822, -1.963427199554093061, 0.9000000000000001332 ) ) ;
#4865 = CARTESIAN_POINT ( 'NONE',  ( -0.8499999999999999778, -1.683333333333333348, -2.750000000000000000 ) ) ;
#4866 = CIRCLE ( 'NONE', #6303, 0.4999999999999987232 ) ;
#4867 = DIRECTION ( 'NONE',  ( -1.000000000000000000, -4.517509052022934484E-16, -0.000000000000000000 ) ) ;
#4868 = AXIS2_PLACEMENT_3D ( 'NONE', #1818, #4607, #6836 ) ;
#4869 = DIRECTION ( 'NONE',  ( -0.000000000000000000, -0.000000000000000000, -1.000000000000000000 ) ) ;
#4870 = CARTESIAN_POINT ( 'NONE',  ( -2.299999999999998934, 2.636572800445907916, 0.9000000000000001332 ) ) ;
#4871 = DIRECTION ( 'NONE',  ( 0.4472135954999583718, -0.8944271909999157444, 0.000000000000000000 ) ) ;
#4872 = EDGE_LOOP ( 'NONE', ( #4249, #3389, #6075, #5765 ) ) ;
#4873 = EDGE_LOOP ( 'NONE', ( #4782, #250 ) ) ;
#4874 = CIRCLE ( 'NONE', #6201, 0.05000000000000012768 ) ;
#4875 = DIRECTION ( 'NONE',  ( -3.252606517456512119E-15, -0.000000000000000000, -1.000000000000000000 ) ) ;
#4876 = ORIENTED_EDGE ( 'NONE', *, *, #2069, .F. ) ;
#4877 = DIRECTION ( 'NONE',  ( -1.000000000000000000, 0.000000000000000000, 0.000000000000000000 ) ) ;
#4878 = LINE ( 'NONE', #3341, #120 ) ;
#4879 = ORIENTED_EDGE ( 'NONE', *, *, #4757, .F. ) ;
#4880 = ADVANCED_FACE ( 'NONE', ( #297 ), #5447, .T. ) ;
#4881 = CARTESIAN_POINT ( 'NONE',  ( 0.8499999999999999778, 1.683333333333333348, -2.799999999999999822 ) ) ;
#4882 = AXIS2_PLACEMENT_3D ( 'NONE', #6422, #1891, #4129 ) ;
#4883 = ORIENTED_EDGE ( 'NONE', *, *, #2997, .F. ) ;
#4884 = VERTEX_POINT ( 'NONE', #4705 ) ;
#4885 = ADVANCED_FACE ( 'NONE', ( #5370 ), #1914, .T. ) ;
#4886 = CYLINDRICAL_SURFACE ( 'NONE', #7170, 0.09999999999999982514 ) ;
#4887 = CARTESIAN_POINT ( 'NONE',  ( -3.259150586264528027, -0.5002737405597957876, -4.858162128904228716 ) ) ;
#4888 = VECTOR ( 'NONE', #3665, 1000.000000000000000 ) ;
#4889 = ORIENTED_EDGE ( 'NONE', *, *, #6140, .F. ) ;
#4890 = CARTESIAN_POINT ( 'NONE',  ( 3.700000000000021938, -0.4999999999999986122, -6.049999999999997158 ) ) ;
#4891 = CARTESIAN_POINT ( 'NONE',  ( 1.899999999999999689, 3.100000000000000533, -2.200000000000000178 ) ) ;
#4892 = EDGE_CURVE ( 'NONE', #5729, #3040, #2025, .T. ) ;
#4893 = ORIENTED_EDGE ( 'NONE', *, *, #5373, .T. ) ;
#4894 = ORIENTED_EDGE ( 'NONE', *, *, #2808, .F. ) ;
#4895 = DIRECTION ( 'NONE',  ( 0.000000000000000000, 1.000000000000000000, 0.000000000000000000 ) ) ;
#4896 = AXIS2_PLACEMENT_3D ( 'NONE', #733, #5081, #5220 ) ;
#4897 = EDGE_LOOP ( 'NONE', ( #1417, #1657, #1690, #3395 ) ) ;
#4898 = AXIS2_PLACEMENT_3D ( 'NONE', #5821, #5299, #2570 ) ;
#4899 = DIRECTION ( 'NONE',  ( 1.000000000000000000, 0.000000000000000000, 0.000000000000000000 ) ) ;
#4900 = LINE ( 'NONE', #5463, #6924 ) ;
#4901 = ORIENTED_EDGE ( 'NONE', *, *, #6241, .T. ) ;
#4902 = CARTESIAN_POINT ( 'NONE',  ( 2.900000000000000355, 0.000000000000000000, -3.200000000000000178 ) ) ;
#4903 = PLANE ( 'NONE',  #4282 ) ;
#4904 = AXIS2_PLACEMENT_3D ( 'NONE', #6761, #2697, #4425 ) ;
#4905 = ADVANCED_FACE ( 'NONE', ( #1397, #3083, #883, #3119, #3639, #337 ), #4263, .F. ) ;
#4906 = DIRECTION ( 'NONE',  ( 4.517509052022934484E-16, -1.000000000000000000, 0.000000000000000000 ) ) ;
#4907 = AXIS2_PLACEMENT_3D ( 'NONE', #5676, #1208, #2834 ) ;
#4908 = CIRCLE ( 'NONE', #693, 0.6250000000000001110 ) ;
#4909 = CARTESIAN_POINT ( 'NONE',  ( 3.000000000000000000, -2.399999999999998579, -2.850000000000000089 ) ) ;
#4910 = DIRECTION ( 'NONE',  ( -1.000000000000000000, -6.938893903907227392E-16, 0.000000000000000000 ) ) ;
#4911 = DIRECTION ( 'NONE',  ( 0.000000000000000000, 0.000000000000000000, 1.000000000000000000 ) ) ;
#4912 = ORIENTED_EDGE ( 'NONE', *, *, #6686, .T. ) ;
#4913 = CARTESIAN_POINT ( 'NONE',  ( -1.350000000000000089, 2.900000000000000355, -2.850000000000000089 ) ) ;
#4914 = VECTOR ( 'NONE', #868, 1000.000000000000000 ) ;
#4915 = CIRCLE ( 'NONE', #3278, 0.6250000000000001110 ) ;
#4916 = CYLINDRICAL_SURFACE ( 'NONE', #4550, 0.09999999999999982514 ) ;
#4917 = EDGE_CURVE ( 'NONE', #4347, #7007, #3747, .T. ) ;
#4918 = ORIENTED_EDGE ( 'NONE', *, *, #1249, .F. ) ;
#4919 = DIRECTION ( 'NONE',  ( 0.000000000000000000, -1.000000000000000000, 0.000000000000000000 ) ) ;
#4920 = LINE ( 'NONE', #7186, #6716 ) ;
#4921 = ORIENTED_EDGE ( 'NONE', *, *, #873, .F. ) ;
#4923 = VECTOR ( 'NONE', #6017, 1000.000000000000000 ) ;
#4922 = CARTESIAN_POINT ( 'NONE',  ( 3.000000000000000000, 1.788933584601082316E-15, 9.703609443745283617E-15 ) ) ;
#4924 = ORIENTED_EDGE ( 'NONE', *, *, #2689, .T. ) ;
#4925 = ORIENTED_EDGE ( 'NONE', *, *, #6606, .T. ) ;
#4926 = LINE ( 'NONE', #4377, #2690 ) ;
#4927 = CIRCLE ( 'NONE', #3519, 0.1000000000000000472 ) ;
#4928 = EDGE_CURVE ( 'NONE', #1972, #5329, #1648, .T. ) ;
#4929 = CARTESIAN_POINT ( 'NONE',  ( -3.191225343168462292, -0.4980837765166434838, -3.830730342022995227 ) ) ;
#4930 = CIRCLE ( 'NONE', #4322, 0.09999999999999939493 ) ;
#4931 = VERTEX_POINT ( 'NONE', #2097 ) ;
#4932 = EDGE_CURVE ( 'NONE', #887, #1351, #3860, .T. ) ;
#4933 = LINE ( 'NONE', #452, #4800 ) ;
#4934 = DIRECTION ( 'NONE',  ( 0.000000000000000000, 0.000000000000000000, -1.000000000000000000 ) ) ;
#4935 = VERTEX_POINT ( 'NONE', #3306 ) ;
#4936 = ORIENTED_EDGE ( 'NONE', *, *, #3388, .F. ) ;
#4937 = CIRCLE ( 'NONE', #1418, 0.09999999999999982514 ) ;
#4938 = CARTESIAN_POINT ( 'NONE',  ( -2.425000000000000266, -8.000000000000000000, -1.900000000000000133 ) ) ;
#4939 = EDGE_CURVE ( 'NONE', #2468, #489, #5599, .T. ) ;
#4940 = CARTESIAN_POINT ( 'NONE',  ( 3.121833710861380506, -1.504153465084880015, -2.990104334574713363 ) ) ;
#4941 = ORIENTED_EDGE ( 'NONE', *, *, #6311, .T. ) ;
#4942 = CARTESIAN_POINT ( 'NONE',  ( -3.695011048408685994, -1.865452594876106263, -3.854081502706202755 ) ) ;
#4943 = CARTESIAN_POINT ( 'NONE',  ( 3.700000000000011724, 1.392860013185264451E-15, -4.274394068176251338 ) ) ;
#4944 = FACE_OUTER_BOUND ( 'NONE', #4630, .T. ) ;
#4945 = ORIENTED_EDGE ( 'NONE', *, *, #1911, .F. ) ;
#4946 = DIRECTION ( 'NONE',  ( -1.000000000000000000, 0.000000000000000000, 0.000000000000000000 ) ) ;
#4947 = CARTESIAN_POINT ( 'NONE',  ( 0.000000000000000000, 2.900000000000000355, -3.200000000000000178 ) ) ;
#4948 = EDGE_CURVE ( 'NONE', #6834, #2021, #4920, .T. ) ;
#4949 = PLANE ( 'NONE',  #7253 ) ;
#4950 = CARTESIAN_POINT ( 'NONE',  ( 8.972707634362802184E-16, -1.500000000000001110, -2.850000000000000089 ) ) ;
#4951 = DIRECTION ( 'NONE',  ( -2.691812290308838880E-15, -1.000000000000000000, 0.000000000000000000 ) ) ;
#4952 = CARTESIAN_POINT ( 'NONE',  ( -3.200000000000000622, 3.000000000000000000, -0.1000000000000002554 ) ) ;
#4953 = ORIENTED_EDGE ( 'NONE', *, *, #4353, .F. ) ;
#4954 = LINE ( 'NONE', #3337, #6412 ) ;
#4955 = DIRECTION ( 'NONE',  ( 0.000000000000000000, 1.000000000000000000, 0.000000000000000000 ) ) ;
#4956 = ORIENTED_EDGE ( 'NONE', *, *, #4962, .T. ) ;
#4957 = CARTESIAN_POINT ( 'NONE',  ( -1.350000000000000089, 3.000000000000000000, -2.850000000000000089 ) ) ;
#4958 = DIRECTION ( 'NONE',  ( -1.000000000000000000, 0.000000000000000000, 0.000000000000000000 ) ) ;
#4959 = EDGE_LOOP ( 'NONE', ( #5908, #5334, #2491, #3794, #6891, #5534, #5577, #6215, #1844, #6169, #6095, #5828, #2586, #2740, #609, #3545 ) ) ;
#4960 = ADVANCED_FACE ( 'NONE', ( #7258 ), #6632, .T. ) ;
#4961 = ORIENTED_EDGE ( 'NONE', *, *, #4043, .T. ) ;
#4962 = EDGE_CURVE ( 'NONE', #3204, #3448, #473, .T. ) ;
#4963 = ORIENTED_EDGE ( 'NONE', *, *, #1055, .F. ) ;
#4964 = DIRECTION ( 'NONE',  ( 0.000000000000000000, 0.000000000000000000, 1.000000000000000000 ) ) ;
#4965 = CARTESIAN_POINT ( 'NONE',  ( -3.300000000000018030, -1.000000000000000444, -5.231773687770131076 ) ) ;
#4966 = EDGE_LOOP ( 'NONE', ( #2178, #1215, #4154, #7061 ) ) ;
#4967 = CARTESIAN_POINT ( 'NONE',  ( 2.075000000000000178, -8.000000000000000000, -3.060232526704262934 ) ) ;
#4968 = CARTESIAN_POINT ( 'NONE',  ( -2.900000000000000799, -2.399999999999999467, -3.100000000000000977 ) ) ;
#4969 = VERTEX_POINT ( 'NONE', #6748 ) ;
#4970 = ORIENTED_EDGE ( 'NONE', *, *, #166, .F. ) ;
#4971 = DIRECTION ( 'NONE',  ( 0.000000000000000000, -1.000000000000000000, 0.000000000000000000 ) ) ;
#4972 = DIRECTION ( 'NONE',  ( -1.000000000000000000, -8.673617379884049672E-15, -0.000000000000000000 ) ) ;
#4973 = ORIENTED_EDGE ( 'NONE', *, *, #362, .T. ) ;
#4974 = CARTESIAN_POINT ( 'NONE',  ( -3.295212096815359981, -1.130862375711692902, -3.060156501862066669 ) ) ;
#4975 = CARTESIAN_POINT ( 'NONE',  ( 0.8499999999999999778, 0.4333333333333333481, -2.649999999999999911 ) ) ;
#4976 = CARTESIAN_POINT ( 'NONE',  ( -3.700000000000013944, -7.286606874731852201, -5.049999999999998934 ) ) ;
#4977 = ORIENTED_EDGE ( 'NONE', *, *, #6481, .T. ) ;
#4978 = ADVANCED_FACE ( 'NONE', ( #1660 ), #3818, .T. ) ;
#4979 = FACE_OUTER_BOUND ( 'NONE', #1511, .T. ) ;
#4980 = CARTESIAN_POINT ( 'NONE',  ( -1.899999999999999689, -7.500000000000000000, -1.900000000000000133 ) ) ;
#4981 = EDGE_CURVE ( 'NONE', #7039, #5371, #357, .T. ) ;
#4982 = CARTESIAN_POINT ( 'NONE',  ( 0.8499999999999999778, -1.733333333333333171, -2.750000000000000000 ) ) ;
#4983 = DIRECTION ( 'NONE',  ( 1.000000000000000000, 0.000000000000000000, 0.000000000000000000 ) ) ;
#4984 = DIRECTION ( 'NONE',  ( 1.000000000000000000, 0.000000000000000000, 0.000000000000000000 ) ) ;
#4985 = EDGE_CURVE ( 'NONE', #5941, #5848, #554, .T. ) ;
#4986 = DIRECTION ( 'NONE',  ( 0.02268733357278140961, 0.000000000000000000, -0.9997426093226983168 ) ) ;
#4987 = EDGE_CURVE ( 'NONE', #2130, #788, #4466, .T. ) ;
#4988 = VERTEX_POINT ( 'NONE', #1068 ) ;
#4989 = DIRECTION ( 'NONE',  ( -0.000000000000000000, -0.000000000000000000, -1.000000000000000000 ) ) ;
#4990 = CARTESIAN_POINT ( 'NONE',  ( -0.8499999999999999778, -2.600000000000000533, -2.649999999999999911 ) ) ;
#4991 = ORIENTED_EDGE ( 'NONE', *, *, #2463, .F. ) ;
#4992 = LINE ( 'NONE', #2204, #806 ) ;
#4993 = VECTOR ( 'NONE', #4649, 1000.000000000000000 ) ;
#4994 = ADVANCED_FACE ( 'NONE', ( #2207 ), #3380, .T. ) ;
#4995 = CARTESIAN_POINT ( 'NONE',  ( 3.657366486774653147, -5.832766962299167801, -4.050000000000012257 ) ) ;
#4996 = VERTEX_POINT ( 'NONE', #2720 ) ;
#4997 = EDGE_CURVE ( 'NONE', #1526, #1549, #1548, .T. ) ;
#4998 = CARTESIAN_POINT ( 'NONE',  ( -0.8499999999999999778, -1.733333333333333171, -2.649999999999999911 ) ) ;
#4999 = ORIENTED_EDGE ( 'NONE', *, *, #4268, .F. ) ;
#5000 = ORIENTED_EDGE ( 'NONE', *, *, #3558, .F. ) ;
#5001 = VECTOR ( 'NONE', #311, 1000.000000000000000 ) ;
#5002 = CYLINDRICAL_SURFACE ( 'NONE', #6707, 0.1000000000000002554 ) ;
#5003 = CARTESIAN_POINT ( 'NONE',  ( -3.291664351028913416, -0.2043046260301512040, -4.391147680321848767 ) ) ;
#5004 = ADVANCED_FACE ( 'NONE', ( #5562 ), #1693, .F. ) ;
#5005 = ORIENTED_EDGE ( 'NONE', *, *, #750, .T. ) ;
#5006 = VECTOR ( 'NONE', #2273, 1000.000000000000000 ) ;
#5007 = CARTESIAN_POINT ( 'NONE',  ( 1.350000000000000089, -2.400000000000003908, -3.200000000000000178 ) ) ;
#5008 = LINE ( 'NONE', #7269, #2427 ) ;
#5009 = ORIENTED_EDGE ( 'NONE', *, *, #5510, .T. ) ;
#5010 = ORIENTED_EDGE ( 'NONE', *, *, #6943, .F. ) ;
#5011 = CARTESIAN_POINT ( 'NONE',  ( -1.350000000000000089, 0.000000000000000000, -3.200000000000000178 ) ) ;
#5012 = VECTOR ( 'NONE', #5690, 1000.000000000000000 ) ;
#5013 = CARTESIAN_POINT ( 'NONE',  ( 2.973594834911661433, -0.7380795701218473281, -3.363715893440616611 ) ) ;
#5014 = ORIENTED_EDGE ( 'NONE', *, *, #5920, .F. ) ;
#5015 = ADVANCED_FACE ( 'NONE', ( #1027 ), #3902, .F. ) ;
#5016 = CARTESIAN_POINT ( 'NONE',  ( -3.506715601313982855, -1.125448330825582266, -4.274193002763409410 ) ) ;
#5017 = CARTESIAN_POINT ( 'NONE',  ( -3.729129044202593057, -7.118438676232774043, -4.049999999999998046 ) ) ;
#5018 = VECTOR ( 'NONE', #7211, 1000.000000000000000 ) ;
#5019 =( LENGTH_UNIT ( ) NAMED_UNIT ( * ) SI_UNIT ( .MILLI., .METRE. ) );
#5020 = ORIENTED_EDGE ( 'NONE', *, *, #3006, .F. ) ;
#5021 = CARTESIAN_POINT ( 'NONE',  ( -2.925000000000000266, -2.299999999999999822, 0.4000000000000000222 ) ) ;
#5022 = DIRECTION ( 'NONE',  ( 0.000000000000000000, 0.000000000000000000, -1.000000000000000000 ) ) ;
#5023 = CIRCLE ( 'NONE', #6568, 0.09999999999999939493 ) ;
#5024 = EDGE_CURVE ( 'NONE', #4258, #5186, #4878, .T. ) ;
#5025 = CARTESIAN_POINT ( 'NONE',  ( 3.700000000000021050, -1.763888888888888173, -5.371878022344835912 ) ) ;
#5026 = EDGE_CURVE ( 'NONE', #6200, #4179, #1407, .T. ) ;
#5027 = CARTESIAN_POINT ( 'NONE',  ( -1.350000000000000089, -2.900000000000000355, -3.100000000000000977 ) ) ;
#5028 = CARTESIAN_POINT ( 'NONE',  ( 2.300000000000000711, -2.299999999999998934, 0.4000000000000000222 ) ) ;
#5029 = CARTESIAN_POINT ( 'NONE',  ( -3.000000000000000000, 2.493664996716661776E-15, 0.4000000000000094036 ) ) ;
#5030 = VECTOR ( 'NONE', #3044, 1000.000000000000000 ) ;
#5031 = VERTEX_POINT ( 'NONE', #3786 ) ;
#5032 = DIRECTION ( 'NONE',  ( 1.000000000000000000, 0.000000000000000000, 0.000000000000000000 ) ) ;
#5033 = DIRECTION ( 'NONE',  ( -0.000000000000000000, -0.000000000000000000, -1.000000000000000000 ) ) ;
#5034 = ORIENTED_EDGE ( 'NONE', *, *, #1525, .T. ) ;
#5035 = DIRECTION ( 'NONE',  ( -1.000000000000000000, 0.000000000000000000, 0.000000000000000000 ) ) ;
#5036 = ADVANCED_FACE ( 'NONE', ( #6047 ), #990, .T. ) ;
#5037 = VECTOR ( 'NONE', #6820, 1000.000000000000000 ) ;
#5038 = CARTESIAN_POINT ( 'NONE',  ( -2.900000000000000355, 2.400000000000000355, -3.100000000000000977 ) ) ;
#5039 = SURFACE_STYLE_USAGE ( .BOTH. , #3308 ) ;
#5040 = ORIENTED_EDGE ( 'NONE', *, *, #2173, .F. ) ;
#5041 = VERTEX_POINT ( 'NONE', #1277 ) ;
#5042 = VECTOR ( 'NONE', #684, 1000.000000000000000 ) ;
#5043 = AXIS2_PLACEMENT_3D ( 'NONE', #987, #1102, #4406 ) ;
#5044 = CARTESIAN_POINT ( 'NONE',  ( -2.900000000000000799, -2.399999999999999467, -2.850000000000000089 ) ) ;
#5045 = DIRECTION ( 'NONE',  ( 0.000000000000000000, 1.000000000000000000, 0.000000000000000000 ) ) ;
#5046 = ORIENTED_EDGE ( 'NONE', *, *, #1840, .T. ) ;
#5047 = PRESENTATION_LAYER_ASSIGNMENT (  '', '', ( #1398 ) ) ;
#5048 = VECTOR ( 'NONE', #5531, 1000.000000000000000 ) ;
#5049 = DIRECTION ( 'NONE',  ( 0.000000000000000000, 1.000000000000000000, 0.000000000000000000 ) ) ;
#5050 = DIRECTION ( 'NONE',  ( -1.000000000000000000, 0.000000000000000000, 0.000000000000000000 ) ) ;
#5051 = ORIENTED_EDGE ( 'NONE', *, *, #1806, .F. ) ;
#5052 = ORIENTED_EDGE ( 'NONE', *, *, #132, .T. ) ;
#5053 = CIRCLE ( 'NONE', #3513, 0.09999999999999982514 ) ;
#5054 = VECTOR ( 'NONE', #177, 1000.000000000000000 ) ;
#5055 = CARTESIAN_POINT ( 'NONE',  ( 3.300000000000014477, -1.999999999999999556, -3.830730342022995227 ) ) ;
#5056 = CARTESIAN_POINT ( 'NONE',  ( -3.611565522318758159, -1.622742364566651885, -3.433741753074264214 ) ) ;
#5057 = CARTESIAN_POINT ( 'NONE',  ( 2.899999999999999467, 1.500000000000000000, -2.850000000000000089 ) ) ;
#5058 = CIRCLE ( 'NONE', #825, 0.6250000000000001110 ) ;
#5059 = EDGE_LOOP ( 'NONE', ( #5602, #5354, #2226, #4499 ) ) ;
#5060 = DIRECTION ( 'NONE',  ( -1.000000000000000000, 0.000000000000000000, 0.000000000000000000 ) ) ;
#5061 = EDGE_CURVE ( 'NONE', #360, #3685, #3970, .T. ) ;
#5062 = CARTESIAN_POINT ( 'NONE',  ( 3.300000000000022471, -3.999999999999998224, -6.049999999999998046 ) ) ;
#5063 = AXIS2_PLACEMENT_3D ( 'NONE', #419, #6059, #1632 ) ;
#5064 = CARTESIAN_POINT ( 'NONE',  ( 3.700000000000019273, -1.958333333333332371, -5.371878022344832360 ) ) ;
#5065 = CARTESIAN_POINT ( 'NONE',  ( -2.299999999999999822, -2.299999999999999822, 0.6500000000000001332 ) ) ;
#5066 = DIRECTION ( 'NONE',  ( -1.000000000000000000, 0.000000000000000000, 0.000000000000000000 ) ) ;
#5067 = FACE_OUTER_BOUND ( 'NONE', #1516, .T. ) ;
#5068 = DIRECTION ( 'NONE',  ( -0.000000000000000000, -0.000000000000000000, -1.000000000000000000 ) ) ;
#5070 = EDGE_CURVE ( 'NONE', #4272, #1113, #2380, .T. ) ;
#5069 = CARTESIAN_POINT ( 'NONE',  ( 0.8499999999999999778, -2.600000000000000533, -2.850000000000000089 ) ) ;
#5071 = EDGE_CURVE ( 'NONE', #961, #3167, #2274, .T. ) ;
#5072 = DIRECTION ( 'NONE',  ( 0.000000000000000000, -6.505213034913037648E-15, -1.000000000000000000 ) ) ;
#5073 = ORIENTED_EDGE ( 'NONE', *, *, #3032, .F. ) ;
#5074 = DIRECTION ( 'NONE',  ( 1.000000000000000000, 0.000000000000000000, 0.000000000000000000 ) ) ;
#5075 = CARTESIAN_POINT ( 'NONE',  ( 2.900000000000000355, -1.599999999999999201, -2.850000000000000089 ) ) ;
#5076 = CARTESIAN_POINT ( 'NONE',  ( -3.700000000000002398, -4.000000000000000000, -0.5999999999999976463 ) ) ;
#5077 = PLANE ( 'NONE',  #2928 ) ;
#5078 = EDGE_LOOP ( 'NONE', ( #6557, #595 ) ) ;
#5079 = ORIENTED_EDGE ( 'NONE', *, *, #3489, .T. ) ;
#5080 = EDGE_CURVE ( 'NONE', #194, #2523, #147, .T. ) ;
#5081 = DIRECTION ( 'NONE',  ( 0.000000000000000000, -0.000000000000000000, 1.000000000000000000 ) ) ;
#5082 = DIRECTION ( 'NONE',  ( 0.000000000000000000, 0.000000000000000000, -1.000000000000000000 ) ) ;
#5083 = VERTEX_POINT ( 'NONE', #1766 ) ;
#5084 = DIRECTION ( 'NONE',  ( 4.517509052022934484E-16, -1.000000000000000000, 3.523657060577896116E-15 ) ) ;
#5085 = DIRECTION ( 'NONE',  ( -1.000000000000000000, 0.000000000000000000, 0.000000000000000000 ) ) ;
#5086 = VERTEX_POINT ( 'NONE', #655 ) ;
#5087 = VERTEX_POINT ( 'NONE', #3481 ) ;
#5088 = ADVANCED_FACE ( 'NONE', ( #3418 ), #4517, .T. ) ;
#5089 = EDGE_CURVE ( 'NONE', #7000, #267, #1315, .T. ) ;
#5090 = PLANE ( 'NONE',  #4904 ) ;
#5091 = CARTESIAN_POINT ( 'NONE',  ( -3.700000000000019718, -1.287037037037038534, -5.371878022344836801 ) ) ;
#5092 = CARTESIAN_POINT ( 'NONE',  ( 2.243176908590700546E-16, 1.499999999999999556, -2.850000000000000089 ) ) ;
#5093 = ORIENTED_EDGE ( 'NONE', *, *, #6915, .T. ) ;
#5094 = CARTESIAN_POINT ( 'NONE',  ( -2.299999999999999822, 2.925000000000000711, 0.6500000000000001332 ) ) ;
#5095 = CARTESIAN_POINT ( 'NONE',  ( -3.671761229044312458, -0.2179417263067587873, -2.850000000000000089 ) ) ;
#5096 = EDGE_CURVE ( 'NONE', #6594, #4207, #4010, .T. ) ;
#5097 = CARTESIAN_POINT ( 'NONE',  ( 3.700000000000015721, -1.121087672733812823, -5.229159837403211775 ) ) ;
#5098 = DIRECTION ( 'NONE',  ( -1.000000000000000000, 0.000000000000000000, 0.000000000000000000 ) ) ;
#5099 = DIRECTION ( 'NONE',  ( -1.000000000000000000, 0.000000000000000000, 0.000000000000000000 ) ) ;
#5100 = DIRECTION ( 'NONE',  ( 1.000000000000000000, 0.000000000000000000, 0.000000000000000000 ) ) ;
#5101 = CARTESIAN_POINT ( 'NONE',  ( -3.300000000000014477, -7.200000000000000178, -5.049999999999998934 ) ) ;
#5102 = CARTESIAN_POINT ( 'NONE',  ( 3.700000000000015721, -7.500000000000001776, -4.549999999999998934 ) ) ;
#5103 = LINE ( 'NONE', #65, #2800 ) ;
#5104 = DIRECTION ( 'NONE',  ( -1.000000000000000000, 0.000000000000000000, 0.000000000000000000 ) ) ;
#5105 = CARTESIAN_POINT ( 'NONE',  ( -3.700000000000010836, -4.000000000000000000, -3.049999999999999378 ) ) ;
#5106 = CLOSED_SHELL ( 'NONE', ( #7076, #2715, #1164, #6793, #7114, #1406, #2583, #6252 ) ) ;
#5107 = CARTESIAN_POINT ( 'NONE',  ( 3.300000000000015810, -7.499999999999998224, -4.549999999999998934 ) ) ;
#5108 = CARTESIAN_POINT ( 'NONE',  ( 3.700000000000010392, -1.953143444990796507, -2.849999999999996980 ) ) ;
#5109 = ORIENTED_EDGE ( 'NONE', *, *, #5061, .T. ) ;
#5110 = ORIENTED_EDGE ( 'NONE', *, *, #482, .F. ) ;
#5111 = AXIS2_PLACEMENT_3D ( 'NONE', #2557, #2516, #5290 ) ;
#5112 = DIRECTION ( 'NONE',  ( -0.000000000000000000, -0.000000000000000000, -1.000000000000000000 ) ) ;
#5113 = LINE ( 'NONE', #4558, #5271 ) ;
#5114 = ORIENTED_EDGE ( 'NONE', *, *, #3854, .F. ) ;
#5115 = EDGE_CURVE ( 'NONE', #6146, #2973, #1800, .T. ) ;
#5116 = DIRECTION ( 'NONE',  ( -1.000000000000000000, 0.000000000000000000, 0.000000000000000000 ) ) ;
#5117 = FACE_OUTER_BOUND ( 'NONE', #4498, .T. ) ;
#5118 = VECTOR ( 'NONE', #4131, 1000.000000000000000 ) ;
#5119 = EDGE_CURVE ( 'NONE', #573, #1901, #5394, .T. ) ;
#5120 = ORIENTED_EDGE ( 'NONE', *, *, #3767, .T. ) ;
#5121 = ORIENTED_EDGE ( 'NONE', *, *, #2832, .T. ) ;
#5122 = DIRECTION ( 'NONE',  ( -1.000000000000000000, 8.972707634362798240E-16, 0.000000000000000000 ) ) ;
#5123 = AXIS2_PLACEMENT_3D ( 'NONE', #7025, #4111, #4253 ) ;
#5124 = ADVANCED_FACE ( 'NONE', ( #2967 ), #3445, .T. ) ;
#5125 = CARTESIAN_POINT ( 'NONE',  ( -3.700000000000018829, -0.5277777777777783452, -5.371878022344830583 ) ) ;
#5126 = CARTESIAN_POINT ( 'NONE',  ( -2.300000000000000711, -2.300000000000000711, 0.9000000000000002442 ) ) ;
#5127 =( BOUNDED_CURVE ( )  B_SPLINE_CURVE ( 3, ( #6025, #4820, #967, #6611 ),
 .UNSPECIFIED., .F., .T. ) 
 B_SPLINE_CURVE_WITH_KNOTS ( ( 4, 4 ),
 ( 4.712388980384689674, 6.283185307179586232 ),
 .UNSPECIFIED. ) 
 CURVE ( )  GEOMETRIC_REPRESENTATION_ITEM ( )  RATIONAL_B_SPLINE_CURVE ( ( 1.000000000000000000, 0.8047378541243649375, 0.8047378541243649375, 1.000000000000000000 ) ) 
 REPRESENTATION_ITEM ( '' )  );
#5128 = ORIENTED_EDGE ( 'NONE', *, *, #5509, .T. ) ;
#5129 = DIRECTION ( 'NONE',  ( 2.093631781351319655E-15, -1.000000000000000000, 0.000000000000000000 ) ) ;
#5130 = AXIS2_PLACEMENT_3D ( 'NONE', #535, #3359, #5618 ) ;
#5131 = DIRECTION ( 'NONE',  ( -5.330660681387031650E-15, -1.000000000000000000, -2.891205793294662451E-15 ) ) ;
#5132 = CARTESIAN_POINT ( 'NONE',  ( 3.592477367349698358, -1.619139133752176773, -3.060156501862071554 ) ) ;
#5133 = DIRECTION ( 'NONE',  ( -0.000000000000000000, -0.000000000000000000, -1.000000000000000000 ) ) ;
#5134 = CARTESIAN_POINT ( 'NONE',  ( 1.350000000000000089, 2.900000000000000355, -3.100000000000000977 ) ) ;
#5135 = ORIENTED_EDGE ( 'NONE', *, *, #1615, .T. ) ;
#5136 = CARTESIAN_POINT ( 'NONE',  ( 3.000000000000000000, 3.848917712323542318E-15, 0.4000000000000094036 ) ) ;
#5137 = LINE ( 'NONE', #4692, #5948 ) ;
#5138 = VECTOR ( 'NONE', #1451, 1000.000000000000000 ) ;
#5139 = ADVANCED_FACE ( 'NONE', ( #6879 ), #623, .T. ) ;
#5140 = LINE ( 'NONE', #6190, #1624 ) ;
#5141 = DIRECTION ( 'NONE',  ( 0.000000000000000000, 0.000000000000000000, 1.000000000000000000 ) ) ;
#5142 = DIRECTION ( 'NONE',  ( 1.000000000000000000, 0.000000000000000000, -3.491481338843133355E-15 ) ) ;
#5143 = AXIS2_PLACEMENT_3D ( 'NONE', #845, #1465, #768 ) ;
#5144 = DIRECTION ( 'NONE',  ( 0.000000000000000000, 0.000000000000000000, -1.000000000000000000 ) ) ;
#5145 = LINE ( 'NONE', #5255, #232 ) ;
#5146 = ORIENTED_EDGE ( 'NONE', *, *, #5843, .F. ) ;
#5147 = ORIENTED_EDGE ( 'NONE', *, *, #5171, .T. ) ;
#5148 = ADVANCED_FACE ( 'NONE', ( #6298 ), #695, .T. ) ;
#5149 = VECTOR ( 'NONE', #1184, 1000.000000000000000 ) ;
#5150 = DIRECTION ( 'NONE',  ( 1.959157251370490974E-30, -4.336808689942044557E-15, 1.000000000000000000 ) ) ;
#5151 = PRESENTATION_STYLE_ASSIGNMENT (( #2279 ) ) ;
#5152 = CARTESIAN_POINT ( 'NONE',  ( -2.299999999999999822, -2.299999999999999822, 0.000000000000000000 ) ) ;
#5153 = DIRECTION ( 'NONE',  ( 1.000000000000000000, 0.000000000000000000, 0.000000000000000000 ) ) ;
#5154 = VECTOR ( 'NONE', #7060, 1000.000000000000000 ) ;
#5156 = VECTOR ( 'NONE', #1174, 1000.000000000000000 ) ;
#5155 = CARTESIAN_POINT ( 'NONE',  ( -3.000000000000000000, 3.000000000000000000, 0.4000000000000000222 ) ) ;
#5157 = ORIENTED_EDGE ( 'NONE', *, *, #1190, .T. ) ;
#5158 = ORIENTED_EDGE ( 'NONE', *, *, #3113, .F. ) ;
#5159 = CIRCLE ( 'NONE', #6468, 0.6250000000000001110 ) ;
#5160 = CARTESIAN_POINT ( 'NONE',  ( 3.300000000000017142, -1.905816649150110509, -4.858162128904228716 ) ) ;
#5161 = VECTOR ( 'NONE', #1073, 1000.000000000000000 ) ;
#5162 = EDGE_CURVE ( 'NONE', #6630, #161, #2934, .T. ) ;
#5163 = PRODUCT_DEFINITION_CONTEXT ( 'detailed design', #7, 'design' ) ;
#5164 = CARTESIAN_POINT ( 'NONE',  ( -3.690881230212242681, -0.2018527544474066071, -4.601300270416252225 ) ) ;
#5165 = LINE ( 'NONE', #6832, #5367 ) ;
#5166 = EDGE_LOOP ( 'NONE', ( #7178, #4334, #952, #2577 ) ) ;
#5167 = VECTOR ( 'NONE', #477, 1000.000000000000000 ) ;
#5168 = CARTESIAN_POINT ( 'NONE',  ( -3.751540677934134482, -5.866400601998986275, -4.049999999999998934 ) ) ;
#5169 = AXIS2_PLACEMENT_3D ( 'NONE', #1356, #3197, #809 ) ;
#5170 = CARTESIAN_POINT ( 'NONE',  ( 0.8499999999999999778, -2.600000000000000533, -2.649999999999999911 ) ) ;
#5171 = EDGE_CURVE ( 'NONE', #961, #1696, #1751, .T. ) ;
#5172 = CIRCLE ( 'NONE', #598, 0.6250000000000001110 ) ;
#5173 = CARTESIAN_POINT ( 'NONE',  ( 3.648658427701410467, -1.629462344874298196, -4.274380914349391603 ) ) ;
#5174 = DIRECTION ( 'NONE',  ( -1.000000000000000000, 1.495451272393800528E-16, 0.000000000000000000 ) ) ;
#5175 = FACE_OUTER_BOUND ( 'NONE', #2717, .T. ) ;
#5176 = ORIENTED_EDGE ( 'NONE', *, *, #3583, .F. ) ;
#5177 = DIRECTION ( 'NONE',  ( 4.517509052022934484E-16, -1.000000000000000000, 0.000000000000000000 ) ) ;
#5178 = CARTESIAN_POINT ( 'NONE',  ( 3.300000000000010481, 1.048274411220978366E-15, -2.849999999999998312 ) ) ;
#5179 = VECTOR ( 'NONE', #1302, 1000.000000000000000 ) ;
#5180 = EDGE_CURVE ( 'NONE', #4384, #2748, #2494, .T. ) ;
#5181 = CARTESIAN_POINT ( 'NONE',  ( -2.899999999999999911, 2.400000000000000355, -3.100000000000000977 ) ) ;
#5182 = CARTESIAN_POINT ( 'NONE',  ( 1.050000000000000044, 2.900000000000000355, -2.850000000000000089 ) ) ;
#5183 = CARTESIAN_POINT ( 'NONE',  ( -3.000000000000000000, -2.399999999999998579, -2.850000000000000089 ) ) ;
#5184 = CARTESIAN_POINT ( 'NONE',  ( 2.299999999999999822, -1.963427199554093061, 0.9000000000000001332 ) ) ;
#5185 = LINE ( 'NONE', #215, #5408 ) ;
#5186 = VERTEX_POINT ( 'NONE', #729 ) ;
#5187 = ORIENTED_EDGE ( 'NONE', *, *, #873, .T. ) ;
#5188 = SPHERICAL_SURFACE ( 'NONE', #4896, 0.1000000000000000056 ) ;
#5189 = DIRECTION ( 'NONE',  ( 0.000000000000000000, 0.000000000000000000, -1.000000000000000000 ) ) ;
#5190 = EDGE_CURVE ( 'NONE', #6717, #27, #459, .T. ) ;
#5191 = DIRECTION ( 'NONE',  ( 1.000000000000000000, 0.000000000000000000, 0.000000000000000000 ) ) ;
#5192 = EDGE_CURVE ( 'NONE', #4116, #379, #1872, .T. ) ;
#5193 = CYLINDRICAL_SURFACE ( 'NONE', #6706, 0.6250000000000001110 ) ;
#5194 = ORIENTED_EDGE ( 'NONE', *, *, #6755, .T. ) ;
#5195 = ORIENTED_EDGE ( 'NONE', *, *, #1819, .T. ) ;
#5196 = CARTESIAN_POINT ( 'NONE',  ( 3.230608367692935357, -0.4993535166557712124, -4.391147680321848767 ) ) ;
#5197 = CARTESIAN_POINT ( 'NONE',  ( -3.593016017317588240, -0.3813817795449034875, -3.060156501862068446 ) ) ;
#5198 = CARTESIAN_POINT ( 'NONE',  ( 1.350000000000000089, 2.900000000000000355, -2.850000000000000089 ) ) ;
#5199 = ORIENTED_EDGE ( 'NONE', *, *, #5626, .F. ) ;
#5200 = DIRECTION ( 'NONE',  ( 0.000000000000000000, 0.000000000000000000, 1.000000000000000000 ) ) ;
#5201 = CARTESIAN_POINT ( 'NONE',  ( 2.900000000000000355, 1.600000000000000089, -2.850000000000000089 ) ) ;
#5202 = EDGE_LOOP ( 'NONE', ( #6627, #2596, #548, #6816 ) ) ;
#5203 = EDGE_CURVE ( 'NONE', #1084, #230, #4287, .T. ) ;
#5204 = CARTESIAN_POINT ( 'NONE',  ( 3.661966703404203827, -0.3680541990063625479, -4.601326066706977080 ) ) ;
#5205 = EDGE_CURVE ( 'NONE', #5986, #50, #7070, .T. ) ;
#5206 = CARTESIAN_POINT ( 'NONE',  ( -1.149999999999999911, -2.900000000000000355, -3.100000000000000977 ) ) ;
#5207 = CARTESIAN_POINT ( 'NONE',  ( 4.600000000000016520, -4.587538820250189886, -4.049999999999998934 ) ) ;
#5208 = ORIENTED_EDGE ( 'NONE', *, *, #4538, .T. ) ;
#5209 = FACE_OUTER_BOUND ( 'NONE', #3861, .T. ) ;
#5210 = ADVANCED_FACE ( 'NONE', ( #1497 ), #3037, .T. ) ;
#5211 = CARTESIAN_POINT ( 'NONE',  ( 2.300000000000001599, 2.300000000000000266, 0.9000000000000003553 ) ) ;
#5212 = DIRECTION ( 'NONE',  ( -1.000000000000000000, -6.439293542825907934E-15, 5.585196838722983974E-30 ) ) ;
#5213 = DIRECTION ( 'NONE',  ( -0.000000000000000000, -1.000000000000000000, -0.000000000000000000 ) ) ;
#5214 = LINE ( 'NONE', #5745, #2993 ) ;
#5215 = ADVANCED_FACE ( 'NONE', ( #6986 ), #5403, .T. ) ;
#5216 = DIRECTION ( 'NONE',  ( -0.000000000000000000, -0.000000000000000000, -1.000000000000000000 ) ) ;
#5217 = FACE_OUTER_BOUND ( 'NONE', #5166, .T. ) ;
#5218 = ORIENTED_EDGE ( 'NONE', *, *, #849, .F. ) ;
#5219 = VERTEX_POINT ( 'NONE', #5895 ) ;
#5220 = DIRECTION ( 'NONE',  ( -1.000000000000000000, 0.000000000000000000, 0.000000000000000000 ) ) ;
#5221 = CARTESIAN_POINT ( 'NONE',  ( 3.000000000000000000, -3.000000000000000000, -3.200000000000000178 ) ) ;
#5222 = AXIS2_PLACEMENT_3D ( 'NONE', #479, #1719, #1021 ) ;
#5223 = EDGE_CURVE ( 'NONE', #4021, #2612, #841, .T. ) ;
#5224 = LINE ( 'NONE', #2317, #1051 ) ;
#5225 = ORIENTED_EDGE ( 'NONE', *, *, #2419, .F. ) ;
#5226 = PLANE ( 'NONE',  #3162 ) ;
#5227 = ORIENTED_EDGE ( 'NONE', *, *, #3683, .T. ) ;
#5228 = ORIENTED_EDGE ( 'NONE', *, *, #292, .T. ) ;
#5229 = VECTOR ( 'NONE', #1645, 1000.000000000000000 ) ;
#5230 = EDGE_CURVE ( 'NONE', #5712, #3129, #3591, .T. ) ;
#5231 = EDGE_CURVE ( 'NONE', #2763, #2748, #3459, .T. ) ;
#5232 = CARTESIAN_POINT ( 'NONE',  ( 3.300000000000016254, 1.057097118173373923E-15, -4.858162128904228716 ) ) ;
#5233 = VECTOR ( 'NONE', #5668, 1000.000000000000000 ) ;
#5234 = CARTESIAN_POINT ( 'NONE',  ( -3.254651492154263970, -0.8683835334878836631, -2.849999999999999201 ) ) ;
#5235 = DIRECTION ( 'NONE',  ( 0.000000000000000000, 0.000000000000000000, 1.000000000000000000 ) ) ;
#5236 = ORIENTED_EDGE ( 'NONE', *, *, #198, .F. ) ;
#5237 = CARTESIAN_POINT ( 'NONE',  ( 2.600000000000000533, -7.500000000000000000, -2.200000000000000178 ) ) ;
#5238 = CARTESIAN_POINT ( 'NONE',  ( -3.278597828075715537, -1.797246988481830732, -2.850000000000001865 ) ) ;
#5239 = CARTESIAN_POINT ( 'NONE',  ( -1.450000000000000178, 2.500000000000001332, -2.850000000000000089 ) ) ;
#5240 = AXIS2_PLACEMENT_3D ( 'NONE', #6779, #2344, #2861 ) ;
#5241 = VERTEX_POINT ( 'NONE', #2452 ) ;
#5242 = CARTESIAN_POINT ( 'NONE',  ( 3.700000000000018829, -0.9999999999999978906, -5.371878022344838577 ) ) ;
#5243 = VECTOR ( 'NONE', #1814, 1000.000000000000000 ) ;
#5244 = DIRECTION ( 'NONE',  ( -1.000000000000000000, 0.000000000000000000, 0.000000000000000000 ) ) ;
#5245 = DIRECTION ( 'NONE',  ( -0.000000000000000000, -0.000000000000000000, -1.000000000000000000 ) ) ;
#5246 = ORIENTED_EDGE ( 'NONE', *, *, #2743, .F. ) ;
#5247 = CARTESIAN_POINT ( 'NONE',  ( -0.8499999999999999778, 1.733333333333333171, -2.649999999999999911 ) ) ;
#5248 = DIRECTION ( 'NONE',  ( -0.000000000000000000, -0.000000000000000000, -1.000000000000000000 ) ) ;
#5249 = EDGE_CURVE ( 'NONE', #633, #2038, #6487, .T. ) ;
#5250 = CIRCLE ( 'NONE', #6679, 0.4000000000000001887 ) ;
#5251 = DIRECTION ( 'NONE',  ( 1.000000000000000000, -1.927470528863119344E-15, 0.000000000000000000 ) ) ;
#5252 = CARTESIAN_POINT ( 'NONE',  ( -3.700000000000012168, -7.500000000000004441, -5.049999999999999822 ) ) ;
#5253 = CYLINDRICAL_SURFACE ( 'NONE', #4291, 0.09999999999999982514 ) ;
#5254 = FACE_OUTER_BOUND ( 'NONE', #916, .T. ) ;
#5255 = CARTESIAN_POINT ( 'NONE',  ( 1.149999999999999911, 3.000000000000000000, -2.850000000000000089 ) ) ;
#5256 = AXIS2_PLACEMENT_3D ( 'NONE', #2369, #2822, #1199 ) ;
#5257 = ORIENTED_EDGE ( 'NONE', *, *, #5558, .F. ) ;
#5258 = ORIENTED_EDGE ( 'NONE', *, *, #2794, .T. ) ;
#5259 = EDGE_CURVE ( 'NONE', #1669, #6173, #327, .T. ) ;
#5260 = CARTESIAN_POINT ( 'NONE',  ( 2.299999999999999822, -2.299999999999999822, 0.000000000000000000 ) ) ;
#5261 = CARTESIAN_POINT ( 'NONE',  ( 1.350000000000000089, -2.900000000000000355, -3.100000000000000977 ) ) ;
#5262 = VECTOR ( 'NONE', #2241, 1000.000000000000000 ) ;
#5263 = DIRECTION ( 'NONE',  ( 3.491481338843133355E-15, 1.826686381626124362E-16, 1.000000000000000000 ) ) ;
#5264 = ORIENTED_EDGE ( 'NONE', *, *, #4329, .T. ) ;
#5265 = CARTESIAN_POINT ( 'NONE',  ( -2.300000000000000711, -2.300000000000000711, 0.9000000000000002442 ) ) ;
#5266 = EDGE_LOOP ( 'NONE', ( #2939, #11, #3225, #2255 ) ) ;
#5267 = ORIENTED_EDGE ( 'NONE', *, *, #3833, .F. ) ;
#5268 = MECHANICAL_DESIGN_GEOMETRIC_PRESENTATION_REPRESENTATION (  '', ( #1513 ), #1038 ) ;
#5269 = FACE_OUTER_BOUND ( 'NONE', #6434, .T. ) ;
#5270 = VECTOR ( 'NONE', #5099, 1000.000000000000000 ) ;
#5271 = VECTOR ( 'NONE', #1214, 1000.000000000000000 ) ;
#5272 = CARTESIAN_POINT ( 'NONE',  ( -3.547570690241576674, -1.000035702924769954, -4.601671625963649426 ) ) ;
#5273 = CARTESIAN_POINT ( 'NONE',  ( -2.600000000000000533, -7.500000000000000000, -2.200000000000000178 ) ) ;
#5274 = ORIENTED_EDGE ( 'NONE', *, *, #4860, .T. ) ;
#5275 = DIRECTION ( 'NONE',  ( 4.517509052022926596E-16, -1.000000000000000000, 2.168404344971008868E-16 ) ) ;
#5276 = DIRECTION ( 'NONE',  ( -1.000000000000000000, 0.000000000000000000, 0.000000000000000000 ) ) ;
#5277 = PLANE ( 'NONE',  #2526 ) ;
#5278 = CIRCLE ( 'NONE', #3872, 0.09999999999999939493 ) ;
#5279 = CIRCLE ( 'NONE', #5043, 0.8999999999999998002 ) ;
#5280 = VERTEX_POINT ( 'NONE', #4697 ) ;
#5281 = CARTESIAN_POINT ( 'NONE',  ( 3.700000000000018385, -0.08486455634233008860, -5.021617185908053393 ) ) ;
#5282 = AXIS2_PLACEMENT_3D ( 'NONE', #2381, #2936, #1801 ) ;
#5283 = VECTOR ( 'NONE', #1147, 1000.000000000000000 ) ;
#5284 = ADVANCED_FACE ( 'NONE', ( #288 ), #3703, .T. ) ;
#5285 = LINE ( 'NONE', #358, #676 ) ;
#5286 = LINE ( 'NONE', #3068, #5154 ) ;
#5287 = ORIENTED_EDGE ( 'NONE', *, *, #1722, .F. ) ;
#5288 = EDGE_CURVE ( 'NONE', #887, #4935, #1906, .T. ) ;
#5289 = FACE_OUTER_BOUND ( 'NONE', #4202, .T. ) ;
#5290 = DIRECTION ( 'NONE',  ( 0.000000000000000000, 0.000000000000000000, -1.000000000000000000 ) ) ;
#5291 = VECTOR ( 'NONE', #1011, 1000.000000000000000 ) ;
#5292 = AXIS2_PLACEMENT_3D ( 'NONE', #1989, #6995, #2609 ) ;
#5293 = CARTESIAN_POINT ( 'NONE',  ( -0.8499999999999997558, -0.4333333333333333481, -2.750000000000000000 ) ) ;
#5294 = CARTESIAN_POINT ( 'NONE',  ( -1.626854399108186744, 2.636572800445906584, 0.9000000000000002442 ) ) ;
#5295 = LINE ( 'NONE', #3666, #3155 ) ;
#5296 = CARTESIAN_POINT ( 'NONE',  ( -3.300000000000014477, -3.500000000000000444, -4.050000000000000711 ) ) ;
#5297 = VERTEX_POINT ( 'NONE', #800 ) ;
#5298 = ORIENTED_EDGE ( 'NONE', *, *, #2997, .T. ) ;
#5299 = DIRECTION ( 'NONE',  ( 0.000000000000000000, 0.000000000000000000, 1.000000000000000000 ) ) ;
#5300 = CARTESIAN_POINT ( 'NONE',  ( -4.600000000000014744, -4.587538820250191662, -4.049999999999998934 ) ) ;
#5301 = LINE ( 'NONE', #4229, #2930 ) ;
#5302 = ORIENTED_EDGE ( 'NONE', *, *, #356, .T. ) ;
#5303 = CARTESIAN_POINT ( 'NONE',  ( 3.278597828075715537, -0.2027530115181696291, -2.850000000000001865 ) ) ;
#5304 = EDGE_LOOP ( 'NONE', ( #2830, #1630 ) ) ;
#5305 = VERTEX_POINT ( 'NONE', #2999 ) ;
#5306 = CARTESIAN_POINT ( 'NONE',  ( -3.000000000000000000, -3.000000000000000000, -2.850000000000000089 ) ) ;
#5307 = CARTESIAN_POINT ( 'NONE',  ( 3.000000000000000000, -1.599999999999999867, -2.850000000000000089 ) ) ;
#5308 = LINE ( 'NONE', #1331, #2657 ) ;
#5309 = EDGE_CURVE ( 'NONE', #1901, #6027, #5295, .T. ) ;
#5310 = EDGE_CURVE ( 'NONE', #3040, #267, #3109, .T. ) ;
#5311 = ORIENTED_EDGE ( 'NONE', *, *, #4932, .F. ) ;
#5312 = CARTESIAN_POINT ( 'NONE',  ( 0.000000000000000000, 0.000000000000000000, 0.000000000000000000 ) ) ;
#5313 = CARTESIAN_POINT ( 'NONE',  ( -3.751540677934134482, -5.866400601998986275, -4.049999999999998934 ) ) ;
#5314 = CARTESIAN_POINT ( 'NONE',  ( 0.8499999999999999778, -2.600000000000000533, -2.649999999999999911 ) ) ;
#5315 = EDGE_LOOP ( 'NONE', ( #2090, #3350, #532, #4065 ) ) ;
#5316 = CARTESIAN_POINT ( 'NONE',  ( 3.671761229044312458, -0.2179417263067571220, -2.850000000000000089 ) ) ;
#5317 = ADVANCED_FACE ( 'NONE', ( #4804 ), #5967, .T. ) ;
#5318 = CARTESIAN_POINT ( 'NONE',  ( 1.450000000000000178, 1.599999999999999423, -3.200000000000000178 ) ) ;
#5319 = CYLINDRICAL_SURFACE ( 'NONE', #7168, 1.300000000000000044 ) ;
#5320 = VERTEX_POINT ( 'NONE', #368 ) ;
#5321 = PLANE ( 'NONE',  #6480 ) ;
#5322 = DIRECTION ( 'NONE',  ( 0.000000000000000000, 0.000000000000000000, -1.000000000000000000 ) ) ;
#5323 = CARTESIAN_POINT ( 'NONE',  ( -3.299999999999999822, 3.000000000000000000, -0.09999999999999989453 ) ) ;
#5324 = EDGE_CURVE ( 'NONE', #4189, #5986, #2602, .T. ) ;
#5325 = PLANE ( 'NONE',  #4531 ) ;
#5326 = CARTESIAN_POINT ( 'NONE',  ( -3.000000000000000000, -3.000000000000000000, 0.000000000000000000 ) ) ;
#5327 = DIRECTION ( 'NONE',  ( 0.000000000000000000, 0.000000000000000000, 1.000000000000000000 ) ) ;
#5328 = DIRECTION ( 'NONE',  ( 0.000000000000000000, 0.000000000000000000, -1.000000000000000000 ) ) ;
#5329 = VERTEX_POINT ( 'NONE', #5817 ) ;
#5330 = ORIENTED_EDGE ( 'NONE', *, *, #6342, .F. ) ;
#5331 = CARTESIAN_POINT ( 'NONE',  ( -3.000000000000000000, -3.000000000000000000, 0.4000000000000000222 ) ) ;
#5332 = ADVANCED_FACE ( 'NONE', ( #5254 ), #6953, .F. ) ;
#5333 = CARTESIAN_POINT ( 'NONE',  ( -2.299999999999999822, -2.299999999999999822, 0.000000000000000000 ) ) ;
#5334 = ORIENTED_EDGE ( 'NONE', *, *, #5460, .F. ) ;
#5335 = CARTESIAN_POINT ( 'NONE',  ( 3.300000000000011369, -1.999999999999999556, -2.849999999999998757 ) ) ;
#5336 = EDGE_LOOP ( 'NONE', ( #5569, #4352, #7289, #6033, #2792, #4103 ) ) ;
#5337 = ORIENTED_EDGE ( 'NONE', *, *, #881, .T. ) ;
#5338 = ADVANCED_FACE ( 'NONE', ( #433 ), #6406, .T. ) ;
#5339 = CARTESIAN_POINT ( 'NONE',  ( -3.011975336173138285, -1.000000000000000444, -3.830730342022995671 ) ) ;
#5340 = ORIENTED_EDGE ( 'NONE', *, *, #3854, .T. ) ;
#5341 = EDGE_CURVE ( 'NONE', #7197, #4996, #4479, .T. ) ;
#5342 = CARTESIAN_POINT ( 'NONE',  ( 1.350000000000000089, -3.000000000000000000, -3.100000000000000977 ) ) ;
#5343 = DIRECTION ( 'NONE',  ( -0.000000000000000000, -0.000000000000000000, -1.000000000000000000 ) ) ;
#5344 = ORIENTED_EDGE ( 'NONE', *, *, #6127, .F. ) ;
#5345 = ORIENTED_EDGE ( 'NONE', *, *, #2386, .F. ) ;
#5346 = PLANE ( 'NONE',  #22 ) ;
#5347 = DIRECTION ( 'NONE',  ( 0.000000000000000000, 3.523657060577896510E-15, 1.000000000000000000 ) ) ;
#5348 = EDGE_CURVE ( 'NONE', #1403, #6745, #6624, .T. ) ;
#5349 = ORIENTED_EDGE ( 'NONE', *, *, #7182, .T. ) ;
#5350 = VECTOR ( 'NONE', #724, 1000.000000000000000 ) ;
#5351 = CARTESIAN_POINT ( 'NONE',  ( 3.599889607320198692, -0.5313064260295570218, -4.274347567060299724 ) ) ;
#5352 = CARTESIAN_POINT ( 'NONE',  ( -2.900000000000000799, -2.399999999999999467, -2.850000000000000089 ) ) ;
#5353 = CARTESIAN_POINT ( 'NONE',  ( 2.600000000000000533, 3.100000000000000533, -2.200000000000000178 ) ) ;
#5354 = ORIENTED_EDGE ( 'NONE', *, *, #6876, .T. ) ;
#5355 = CARTESIAN_POINT ( 'NONE',  ( -1.350000000000000089, -3.000000000000000000, -3.100000000000000977 ) ) ;
#5356 = CIRCLE ( 'NONE', #6308, 0.09999999999999982514 ) ;
#5357 = CARTESIAN_POINT ( 'NONE',  ( -3.352432279564657946, -6.983904117433510805, -4.049999999999998934 ) ) ;
#5358 = CARTESIAN_POINT ( 'NONE',  ( -3.300000000000000266, 0.000000000000000000, -0.09999999999998941680 ) ) ;
#5359 = AXIS2_PLACEMENT_3D ( 'NONE', #874, #4215, #4653 ) ;
#5360 = FACE_OUTER_BOUND ( 'NONE', #2247, .T. ) ;
#5361 = LINE ( 'NONE', #3036, #786 ) ;
#5362 = DIRECTION ( 'NONE',  ( -1.000000000000000000, 4.486353817181402078E-16, 0.000000000000000000 ) ) ;
#5363 = LINE ( 'NONE', #328, #4222 ) ;
#5364 = VERTEX_POINT ( 'NONE', #2087 ) ;
#5365 = EDGE_CURVE ( 'NONE', #7224, #2052, #6155, .T. ) ;
#5366 = EDGE_LOOP ( 'NONE', ( #559, #5195, #5990, #6423 ) ) ;
#5367 = VECTOR ( 'NONE', #7278, 1000.000000000000000 ) ;
#5368 = DIRECTION ( 'NONE',  ( 0.000000000000000000, 0.000000000000000000, 1.000000000000000000 ) ) ;
#5369 = CARTESIAN_POINT ( 'NONE',  ( -2.299999999999999822, -2.299999999999999822, 0.000000000000000000 ) ) ;
#5370 = FACE_OUTER_BOUND ( 'NONE', #5679, .T. ) ;
#5371 = VERTEX_POINT ( 'NONE', #545 ) ;
#5372 = CARTESIAN_POINT ( 'NONE',  ( 2.876494900217184902, -0.7372879175349913439, -2.850000000000002753 ) ) ;
#5373 = EDGE_CURVE ( 'NONE', #6349, #6999, #949, .T. ) ;
#5374 = EDGE_LOOP ( 'NONE', ( #1071, #6374, #2455, #3555 ) ) ;
#5375 = EDGE_CURVE ( 'NONE', #5539, #3087, #1512, .T. ) ;
#5376 = ORIENTED_EDGE ( 'NONE', *, *, #5310, .T. ) ;
#5377 = VECTOR ( 'NONE', #6839, 1000.000000000000000 ) ;
#5378 = CARTESIAN_POINT ( 'NONE',  ( -2.828233073500719730, -1.000000000000000444, -2.990104334574714695 ) ) ;
#5379 = ORIENTED_EDGE ( 'NONE', *, *, #314, .F. ) ;
#5380 = DIRECTION ( 'NONE',  ( -1.000000000000000000, 0.000000000000000000, 0.000000000000000000 ) ) ;
#5381 = CARTESIAN_POINT ( 'NONE',  ( -2.600000000000000533, -7.500000000000000000, -1.900000000000000133 ) ) ;
#5382 = AXIS2_PLACEMENT_3D ( 'NONE', #807, #1947, #6993 ) ;
#5383 = ORIENTED_EDGE ( 'NONE', *, *, #270, .F. ) ;
#5384 = ORIENTED_EDGE ( 'NONE', *, *, #2665, .T. ) ;
#5385 = CARTESIAN_POINT ( 'NONE',  ( 1.450000000000000178, -2.500000000000001332, -2.850000000000000089 ) ) ;
#5386 = CARTESIAN_POINT ( 'NONE',  ( 0.000000000000000000, 0.000000000000000000, -2.799999999999999822 ) ) ;
#5387 = ADVANCED_FACE ( 'NONE', ( #1651 ), #1607, .F. ) ;
#5388 = ORIENTED_EDGE ( 'NONE', *, *, #2391, .T. ) ;
#5389 = AXIS2_PLACEMENT_3D ( 'NONE', #4125, #233, #3986 ) ;
#5390 = DIRECTION ( 'NONE',  ( 0.000000000000000000, 0.000000000000000000, -1.000000000000000000 ) ) ;
#5391 = LINE ( 'NONE', #4750, #3379 ) ;
#5392 = PLANE ( 'NONE',  #1755 ) ;
#5393 = VERTEX_POINT ( 'NONE', #2786 ) ;
#5394 = CIRCLE ( 'NONE', #1985, 0.4999999999999998335 ) ;
#5395 = EDGE_CURVE ( 'NONE', #2121, #7251, #3190, .T. ) ;
#5396 = DIRECTION ( 'NONE',  ( -0.000000000000000000, -0.000000000000000000, -1.000000000000000000 ) ) ;
#5397 = AXIS2_PLACEMENT_3D ( 'NONE', #1691, #4919, #7218 ) ;
#5398 = LINE ( 'NONE', #2045, #7118 ) ;
#5399 = AXIS2_PLACEMENT_3D ( 'NONE', #5906, #6497, #1400 ) ;
#5400 = AXIS2_PLACEMENT_3D ( 'NONE', #3239, #527, #2252 ) ;
#5401 = LINE ( 'NONE', #1495, #6548 ) ;
#5402 = CARTESIAN_POINT ( 'NONE',  ( -0.8499999999999999778, 1.733333333333333171, -2.649999999999999911 ) ) ;
#5403 = CYLINDRICAL_SURFACE ( 'NONE', #1273, 0.05000000000000012768 ) ;
#5404 = EDGE_CURVE ( 'NONE', #7189, #6645, #4363, .T. ) ;
#5405 = PLANE ( 'NONE',  #2341 ) ;
#5406 = ORIENTED_EDGE ( 'NONE', *, *, #5655, .F. ) ;
#5407 = ORIENTED_EDGE ( 'NONE', *, *, #1837, .F. ) ;
#5408 = VECTOR ( 'NONE', #3446, 1000.000000000000000 ) ;
#5409 = AXIS2_PLACEMENT_3D ( 'NONE', #2678, #39, #2414 ) ;
#5410 = CARTESIAN_POINT ( 'NONE',  ( 0.8499999999999999778, 0.4833333333333334481, -2.799999999999999822 ) ) ;
#5411 = DIRECTION ( 'NONE',  ( -1.000000000000000000, 0.000000000000000000, 0.000000000000000000 ) ) ;
#5412 = AXIS2_PLACEMENT_3D ( 'NONE', #5777, #1310, #6226 ) ;
#5413 = CARTESIAN_POINT ( 'NONE',  ( 3.000000000000000000, -1.599999999999999867, -2.850000000000000089 ) ) ;
#5414 = ORIENTED_EDGE ( 'NONE', *, *, #2524, .T. ) ;
#5415 = CARTESIAN_POINT ( 'NONE',  ( 2.299999999999999822, -2.299999999999999822, 0.6500000000000001332 ) ) ;
#5416 = ORIENTED_EDGE ( 'NONE', *, *, #4609, .F. ) ;
#5417 = ORIENTED_EDGE ( 'NONE', *, *, #1415, .F. ) ;
#5418 = AXIS2_PLACEMENT_3D ( 'NONE', #934, #5459, #6615 ) ;
#5419 = CARTESIAN_POINT ( 'NONE',  ( -3.300000000000010481, -0.09418335084988924133, -2.990104334574712919 ) ) ;
#5420 = ADVANCED_FACE ( 'NONE', ( #981 ), #1018, .T. ) ;
#5421 = ORIENTED_EDGE ( 'NONE', *, *, #5324, .F. ) ;
#5422 = FACE_OUTER_BOUND ( 'NONE', #2730, .T. ) ;
#5423 = DIRECTION ( 'NONE',  ( 1.000000000000000000, 6.672013369141565217E-16, 0.000000000000000000 ) ) ;
#5424 = ORIENTED_EDGE ( 'NONE', *, *, #4177, .F. ) ;
#5425 = ORIENTED_EDGE ( 'NONE', *, *, #2544, .T. ) ;
#5426 = FACE_OUTER_BOUND ( 'NONE', #385, .T. ) ;
#5427 = DIRECTION ( 'NONE',  ( 2.602085213965209064E-15, -1.734723475976804333E-15, -1.000000000000000000 ) ) ;
#5428 = ORIENTED_EDGE ( 'NONE', *, *, #1928, .F. ) ;
#5429 = CARTESIAN_POINT ( 'NONE',  ( 3.700000000000018385, 1.295019261579916247E-15, -4.601304182183914904 ) ) ;
#5430 = CARTESIAN_POINT ( 'NONE',  ( 3.657366486774653147, -5.832766962299167801, -4.049999999999998934 ) ) ;
#5431 = LINE ( 'NONE', #7205, #1643 ) ;
#5432 = EDGE_LOOP ( 'NONE', ( #6338, #6013, #6337 ) ) ;
#5433 = CARTESIAN_POINT ( 'NONE',  ( 3.700000000000017053, 2.709888451158951828, -5.132889013954584634 ) ) ;
#5434 = CARTESIAN_POINT ( 'NONE',  ( -3.795015528100090574, -4.990031056200155746, -4.049999999999998934 ) ) ;
#5435 = EDGE_CURVE ( 'NONE', #5371, #7039, #638, .T. ) ;
#5436 = CARTESIAN_POINT ( 'NONE',  ( 3.700000000000010836, -1.999999999999999112, -3.060156501862068001 ) ) ;
#5437 = EDGE_CURVE ( 'NONE', #5526, #5572, #7176, .T. ) ;
#5438 = FACE_OUTER_BOUND ( 'NONE', #308, .T. ) ;
#5439 = DIRECTION ( 'NONE',  ( -0.000000000000000000, -0.000000000000000000, -1.000000000000000000 ) ) ;
#5440 = DIRECTION ( 'NONE',  ( 4.517509052022934484E-16, -1.000000000000000000, 3.523657060577896116E-15 ) ) ;
#5441 = ORIENTED_EDGE ( 'NONE', *, *, #6160, .F. ) ;
#5442 = ORIENTED_EDGE ( 'NONE', *, *, #2288, .F. ) ;
#5443 = PLANE ( 'NONE',  #570 ) ;
#5444 = ORIENTED_EDGE ( 'NONE', *, *, #5341, .T. ) ;
#5445 = DIRECTION ( 'NONE',  ( -0.000000000000000000, -0.000000000000000000, -1.000000000000000000 ) ) ;
#5446 = EDGE_CURVE ( 'NONE', #4402, #3768, #1948, .T. ) ;
#5447 = PLANE ( 'NONE',  #7181 ) ;
#5448 = ORIENTED_EDGE ( 'NONE', *, *, #3154, .F. ) ;
#5449 = CARTESIAN_POINT ( 'NONE',  ( 2.876494900217184458, -1.262712082465007102, -2.850000000000002753 ) ) ;
#5450 = ORIENTED_EDGE ( 'NONE', *, *, #4227, .T. ) ;
#5451 = ORIENTED_EDGE ( 'NONE', *, *, #293, .F. ) ;
#5452 = DIRECTION ( 'NONE',  ( -1.000000000000000000, 0.000000000000000000, 0.000000000000000000 ) ) ;
#5453 = CARTESIAN_POINT ( 'NONE',  ( -2.973594834911660989, -1.261920429878152339, -3.363715893440616611 ) ) ;
#5454 = VERTEX_POINT ( 'NONE', #5554 ) ;
#5455 = DIRECTION ( 'NONE',  ( -1.000000000000000000, 0.000000000000000000, 0.000000000000000000 ) ) ;
#5456 = FACE_OUTER_BOUND ( 'NONE', #4441, .T. ) ;
#5457 = ORIENTED_EDGE ( 'NONE', *, *, #2621, .T. ) ;
#5458 = EDGE_LOOP ( 'NONE', ( #1040, #6710, #1122, #5522, #3307, #6122 ) ) ;
#5459 = DIRECTION ( 'NONE',  ( 1.000000000000000000, -4.486353817181402078E-16, 0.000000000000000000 ) ) ;
#5460 = EDGE_CURVE ( 'NONE', #4935, #100, #7249, .T. ) ;
#5461 = ORIENTED_EDGE ( 'NONE', *, *, #40, .T. ) ;
#5462 = DIRECTION ( 'NONE',  ( -0.000000000000000000, -0.000000000000000000, -1.000000000000000000 ) ) ;
#5463 = CARTESIAN_POINT ( 'NONE',  ( 0.8499999999999999778, 0.4333333333333333481, -2.750000000000000000 ) ) ;
#5464 = EDGE_LOOP ( 'NONE', ( #2490, #1320, #3287, #698, #2091, #715, #3938, #3830, #5014, #2035, #6980, #3208 ) ) ;
#5465 = LINE ( 'NONE', #5021, #3175 ) ;
#5467 = ADVANCED_FACE ( 'NONE', ( #582 ), #1265, .F. ) ;
#5466 = LINE ( 'NONE', #2191, #416 ) ;
#5468 = CIRCLE ( 'NONE', #1827, 0.09999999999999939493 ) ;
#5469 = CARTESIAN_POINT ( 'NONE',  ( -3.657366486774650483, -5.832766962299169577, -4.049999999999998934 ) ) ;
#5470 = CIRCLE ( 'NONE', #767, 0.09999999999999982514 ) ;
#5471 = CYLINDRICAL_SURFACE ( 'NONE', #1493, 0.09999999999999982514 ) ;
#5472 = CARTESIAN_POINT ( 'NONE',  ( -1.150000000000000133, -2.900000000000000355, -3.100000000000000977 ) ) ;
#5473 = AXIS2_PLACEMENT_3D ( 'NONE', #1059, #3257, #4951 ) ;
#5474 = DIRECTION ( 'NONE',  ( 0.000000000000000000, 1.000000000000000000, 0.000000000000000000 ) ) ;
#5475 = VERTEX_POINT ( 'NONE', #4542 ) ;
#5476 = ORIENTED_EDGE ( 'NONE', *, *, #3913, .T. ) ;
#5477 = ADVANCED_FACE ( 'NONE', ( #721 ), #139, .F. ) ;
#5478 = AXIS2_PLACEMENT_3D ( 'NONE', #3700, #6440, #4760 ) ;
#5479 = LINE ( 'NONE', #6078, #7035 ) ;
#5480 = ORIENTED_EDGE ( 'NONE', *, *, #4134, .T. ) ;
#5481 = CARTESIAN_POINT ( 'NONE',  ( -2.299999999999999822, 2.299999999999999822, 0.6500000000000001332 ) ) ;
#5482 = CARTESIAN_POINT ( 'NONE',  ( 0.8499999999999999778, -1.733333333333333171, -2.649999999999999911 ) ) ;
#5483 = ORIENTED_EDGE ( 'NONE', *, *, #6738, .F. ) ;
#5484 = LINE ( 'NONE', #4922, #1171 ) ;
#5485 = CIRCLE ( 'NONE', #6431, 0.09999999999999982514 ) ;
#5486 = ORIENTED_EDGE ( 'NONE', *, *, #3267, .F. ) ;
#5487 = ORIENTED_EDGE ( 'NONE', *, *, #6958, .F. ) ;
#5488 = ADVANCED_FACE ( 'NONE', ( #1792 ), #6868, .T. ) ;
#5489 = CARTESIAN_POINT ( 'NONE',  ( -3.657366486774650483, -5.832766962299169577, -4.049999999999998934 ) ) ;
#5490 = CARTESIAN_POINT ( 'NONE',  ( -3.300000000000016254, -1.905816649150112285, -4.858162128904228716 ) ) ;
#5491 = VECTOR ( 'NONE', #4561, 1000.000000000000000 ) ;
#5492 = EDGE_LOOP ( 'NONE', ( #2981, #4041, #2238, #3787 ) ) ;
#5493 = CARTESIAN_POINT ( 'NONE',  ( 2.299999999999999822, 2.299999999999999822, 0.000000000000000000 ) ) ;
#5494 = CARTESIAN_POINT ( 'NONE',  ( -3.657366486774650483, -5.832766962299169577, -4.050000000000012257 ) ) ;
#5495 = VERTEX_POINT ( 'NONE', #2299 ) ;
#5496 = EDGE_LOOP ( 'NONE', ( #370, #1061, #2693, #863, #917, #3852, #6447, #3642 ) ) ;
#5497 = EDGE_CURVE ( 'NONE', #5806, #1289, #804, .T. ) ;
#5498 = FACE_OUTER_BOUND ( 'NONE', #2286, .T. ) ;
#5499 = AXIS2_PLACEMENT_3D ( 'NONE', #117, #1213, #2313 ) ;
#5500 = CARTESIAN_POINT ( 'NONE',  ( 1.674999999999999822, -2.299999999999999822, 0.000000000000000000 ) ) ;
#5501 = ORIENTED_EDGE ( 'NONE', *, *, #910, .T. ) ;
#5502 = AXIS2_PLACEMENT_3D ( 'NONE', #5260, #4810, #372 ) ;
#5503 = CARTESIAN_POINT ( 'NONE',  ( 2.425000000000000266, -8.000000000000000000, -3.060232526704262934 ) ) ;
#5504 = CYLINDRICAL_SURFACE ( 'NONE', #2688, 0.09999999999999982514 ) ;
#5505 = ORIENTED_EDGE ( 'NONE', *, *, #1712, .T. ) ;
#5506 = FACE_OUTER_BOUND ( 'NONE', #1194, .T. ) ;
#5507 = DIRECTION ( 'NONE',  ( -1.000000000000000000, 0.000000000000000000, 0.000000000000000000 ) ) ;
#5508 = CIRCLE ( 'NONE', #4323, 0.09999999999999982514 ) ;
#5509 = EDGE_CURVE ( 'NONE', #277, #5848, #5512, .T. ) ;
#5510 = EDGE_CURVE ( 'NONE', #6925, #2874, #6290, .T. ) ;
#5511 = LINE ( 'NONE', #2709, #2411 ) ;
#5512 = CIRCLE ( 'NONE', #219, 0.1000000000000000472 ) ;
#5513 = VECTOR ( 'NONE', #3710, 1000.000000000000000 ) ;
#5514 = CARTESIAN_POINT ( 'NONE',  ( -5.024716275243179794E-15, 2.400000000000006128, -3.100000000000000977 ) ) ;
#5515 = CARTESIAN_POINT ( 'NONE',  ( -2.300000000000000266, 1.963427199554092617, 0.9000000000000001332 ) ) ;
#5516 = CARTESIAN_POINT ( 'NONE',  ( 1.750000000000000000, 0.000000000000000000, 0.000000000000000000 ) ) ;
#5517 = ORIENTED_EDGE ( 'NONE', *, *, #3806, .T. ) ;
#5518 = CARTESIAN_POINT ( 'NONE',  ( 1.450000000000000400, 2.500000000000001332, -3.100000000000000977 ) ) ;
#5519 =( GEOMETRIC_REPRESENTATION_CONTEXT ( 3 ) GLOBAL_UNCERTAINTY_ASSIGNED_CONTEXT ( ( #606 ) ) GLOBAL_UNIT_ASSIGNED_CONTEXT ( ( #5019, #154, #2905 ) ) REPRESENTATION_CONTEXT ( 'NONE', 'WORKASPACE' ) );
#5520 = VECTOR ( 'NONE', #3171, 1000.000000000000000 ) ;
#5521 = CARTESIAN_POINT ( 'NONE',  ( 2.600000000000000533, 3.100000000000000533, -1.900000000000000133 ) ) ;
#5522 = ORIENTED_EDGE ( 'NONE', *, *, #4043, .F. ) ;
#5523 = DIRECTION ( 'NONE',  ( -5.987542637623614683E-15, -1.000000000000000000, 0.000000000000000000 ) ) ;
#5524 = DIRECTION ( 'NONE',  ( 6.071532165918819308E-15, -1.000000000000000000, 0.000000000000000000 ) ) ;
#5526 = VERTEX_POINT ( 'NONE', #5628 ) ;
#5525 = AXIS2_PLACEMENT_3D ( 'NONE', #4114, #1316, #6373 ) ;
#5528 = AXIS2_PLACEMENT_3D ( 'NONE', #5038, #6, #7145 ) ;
#5527 = DIRECTION ( 'NONE',  ( -1.000000000000000000, -2.691812290308837303E-15, -0.000000000000000000 ) ) ;
#5529 = ORIENTED_EDGE ( 'NONE', *, *, #6657, .F. ) ;
#5530 = ORIENTED_EDGE ( 'NONE', *, *, #2542, .F. ) ;
#5531 = DIRECTION ( 'NONE',  ( 0.000000000000000000, -1.000000000000000000, 0.000000000000000000 ) ) ;
#5532 = VECTOR ( 'NONE', #5738, 1000.000000000000000 ) ;
#5533 = CARTESIAN_POINT ( 'NONE',  ( -3.300000000000018474, -0.7407407407407411437, -5.371878022344844794 ) ) ;
#5534 = ORIENTED_EDGE ( 'NONE', *, *, #3457, .F. ) ;
#5535 = EDGE_CURVE ( 'NONE', #201, #3800, #2916, .T. ) ;
#5536 = FACE_OUTER_BOUND ( 'NONE', #1305, .T. ) ;
#5537 = DIRECTION ( 'NONE',  ( -0.000000000000000000, -0.000000000000000000, -1.000000000000000000 ) ) ;
#5538 = EDGE_CURVE ( 'NONE', #113, #7044, #2336, .T. ) ;
#5539 = VERTEX_POINT ( 'NONE', #6805 ) ;
#5540 = VERTEX_POINT ( 'NONE', #6771 ) ;
#5541 =( NAMED_UNIT ( * ) PLANE_ANGLE_UNIT ( ) SI_UNIT ( $, .RADIAN. ) );
#5542 = CARTESIAN_POINT ( 'NONE',  ( 3.300000000000011813, 1.057097118173371754E-15, -3.363715893440616611 ) ) ;
#5543 = ORIENTED_EDGE ( 'NONE', *, *, #6267, .T. ) ;
#5544 = EDGE_CURVE ( 'NONE', #6754, #6248, #1230, .T. ) ;
#5545 = ADVANCED_FACE ( 'NONE', ( #3927 ), #5667, .T. ) ;
#5546 = CARTESIAN_POINT ( 'NONE',  ( -3.655018759029681430, -1.289801280502448355, -5.021025263362324687 ) ) ;
#5547 = CARTESIAN_POINT ( 'NONE',  ( 3.300000000000015810, -7.499999999999999112, -5.049999999999999822 ) ) ;
#5548 = DIRECTION ( 'NONE',  ( 0.000000000000000000, 0.000000000000000000, 1.000000000000000000 ) ) ;
#5549 = ORIENTED_EDGE ( 'NONE', *, *, #2708, .F. ) ;
#5550 = DIRECTION ( 'NONE',  ( 0.000000000000000000, 0.000000000000000000, -1.000000000000000000 ) ) ;
#5551 = CARTESIAN_POINT ( 'NONE',  ( -0.8499999999999999778, -2.600000000000000533, -2.649999999999999911 ) ) ;
#5552 = DIRECTION ( 'NONE',  ( 1.000000000000000000, 0.000000000000000000, 0.000000000000000000 ) ) ;
#5553 = CARTESIAN_POINT ( 'NONE',  ( 0.000000000000000000, 0.000000000000000000, 0.4000000000000000222 ) ) ;
#5554 = CARTESIAN_POINT ( 'NONE',  ( 0.8499999999999999778, 2.600000000000000533, -2.649999999999999911 ) ) ;
#5555 = FACE_BOUND ( 'NONE', #3241, .T. ) ;
#5556 = ORIENTED_EDGE ( 'NONE', *, *, #1978, .T. ) ;
#5557 = FACE_OUTER_BOUND ( 'NONE', #6992, .T. ) ;
#5558 = EDGE_CURVE ( 'NONE', #6684, #2514, #2329, .T. ) ;
#5559 = DIRECTION ( 'NONE',  ( -1.000000000000000000, 0.000000000000000000, 0.000000000000000000 ) ) ;
#5560 = ORIENTED_EDGE ( 'NONE', *, *, #1206, .T. ) ;
#5561 = CARTESIAN_POINT ( 'NONE',  ( 2.299999999999999822, 2.299999999999999822, 0.6500000000000001332 ) ) ;
#5562 = FACE_OUTER_BOUND ( 'NONE', #4814, .T. ) ;
#5563 = ORIENTED_EDGE ( 'NONE', *, *, #66, .T. ) ;
#5564 = CARTESIAN_POINT ( 'NONE',  ( -3.300000000000016254, -3.500000000000000444, -4.748279434898257101 ) ) ;
#5565 = ORIENTED_EDGE ( 'NONE', *, *, #3456, .T. ) ;
#5566 = ORIENTED_EDGE ( 'NONE', *, *, #1228, .F. ) ;
#5567 = CARTESIAN_POINT ( 'NONE',  ( 2.299999999999999822, 2.299999999999999822, 0.6500000000000001332 ) ) ;
#5568 = DIRECTION ( 'NONE',  ( 0.000000000000000000, 0.000000000000000000, 1.000000000000000000 ) ) ;
#5569 = ORIENTED_EDGE ( 'NONE', *, *, #1334, .T. ) ;
#5570 = CARTESIAN_POINT ( 'NONE',  ( 1.408578643762689930, -2.458578643762694416, -3.200000000000000622 ) ) ;
#5571 = LINE ( 'NONE', #2871, #5620 ) ;
#5572 = VERTEX_POINT ( 'NONE', #3961 ) ;
#5573 = EDGE_LOOP ( 'NONE', ( #5051, #73, #4737, #5406 ) ) ;
#5574 = CARTESIAN_POINT ( 'NONE',  ( -2.425000000000000266, -8.000000000000000000, -2.200000000000000622 ) ) ;
#5575 = ADVANCED_FACE ( 'NONE', ( #1130 ), #6223, .T. ) ;
#5576 = CARTESIAN_POINT ( 'NONE',  ( 3.121833710861379174, -0.4958465349151182644, -2.850000000000000089 ) ) ;
#5577 = ORIENTED_EDGE ( 'NONE', *, *, #977, .T. ) ;
#5578 = EDGE_CURVE ( 'NONE', #6008, #3863, #1042, .T. ) ;
#5579 = CARTESIAN_POINT ( 'NONE',  ( -3.700000000000018385, -1.958333333333334147, -5.371878022344832360 ) ) ;
#5580 = CARTESIAN_POINT ( 'NONE',  ( -2.300000000000000266, -2.636572800445907028, 0.9000000000000001332 ) ) ;
#5581 = LINE ( 'NONE', #4278, #2448 ) ;
#5582 = ORIENTED_EDGE ( 'NONE', *, *, #6531, .T. ) ;
#5583 = CARTESIAN_POINT ( 'NONE',  ( 1.450000000000000178, -2.900000000000000355, -2.850000000000000089 ) ) ;
#5584 = CARTESIAN_POINT ( 'NONE',  ( 2.924999999999999378, 2.300000000000001155, 0.4000000000000000222 ) ) ;
#5585 = EDGE_CURVE ( 'NONE', #1739, #4393, #616, .T. ) ;
#5586 = CIRCLE ( 'NONE', #3458, 0.6250000000000001110 ) ;
#5587 = CARTESIAN_POINT ( 'NONE',  ( 3.700000000000020162, -1.287037037037036757, -5.371878022344836801 ) ) ;
#5588 = CYLINDRICAL_SURFACE ( 'NONE', #3483, 0.09999999999999982514 ) ;
#5589 = CARTESIAN_POINT ( 'NONE',  ( -2.300000000000000266, 2.300000000000001599, 0.9000000000000003553 ) ) ;
#5590 = CYLINDRICAL_SURFACE ( 'NONE', #2118, 0.5000000000000017764 ) ;
#5591 = VECTOR ( 'NONE', #3412, 1000.000000000000000 ) ;
#5592 = ORIENTED_EDGE ( 'NONE', *, *, #5538, .F. ) ;
#5593 = LINE ( 'NONE', #549, #5943 ) ;
#5594 = EDGE_CURVE ( 'NONE', #1526, #6630, #60, .T. ) ;
#5595 = DIRECTION ( 'NONE',  ( 0.000000000000000000, 0.000000000000000000, -1.000000000000000000 ) ) ;
#5596 = ORIENTED_EDGE ( 'NONE', *, *, #4770, .T. ) ;
#5597 = CARTESIAN_POINT ( 'NONE',  ( 2.925000000000000266, -2.299999999999999822, 0.000000000000000000 ) ) ;
#5598 = AXIS2_PLACEMENT_3D ( 'NONE', #2855, #5100, #61 ) ;
#5599 = LINE ( 'NONE', #2245, #6129 ) ;
#5600 = ORIENTED_EDGE ( 'NONE', *, *, #7104, .T. ) ;
#5601 = FILL_AREA_STYLE_COLOUR ( '', #6473 ) ;
#5602 = ORIENTED_EDGE ( 'NONE', *, *, #1698, .T. ) ;
#5603 = EDGE_LOOP ( 'NONE', ( #5345, #6540, #6787, #2292, #1097, #5480 ) ) ;
#5604 = AXIS2_PLACEMENT_3D ( 'NONE', #6846, #6333, #3480 ) ;
#5605 = CARTESIAN_POINT ( 'NONE',  ( -3.300000000000012257, -7.499999999999999112, -4.049999999999998934 ) ) ;
#5606 = CARTESIAN_POINT ( 'NONE',  ( 3.000000000000000000, -3.000000000000000000, -3.100000000000000977 ) ) ;
#5607 = ORIENTED_EDGE ( 'NONE', *, *, #6347, .T. ) ;
#5608 = VECTOR ( 'NONE', #4675, 1000.000000000000000 ) ;
#5609 = ADVANCED_FACE ( 'NONE', ( #5175 ), #4612, .T. ) ;
#5610 = CARTESIAN_POINT ( 'NONE',  ( -3.700000000000014388, -4.587538820250192551, -4.049999999999998934 ) ) ;
#5611 = DIRECTION ( 'NONE',  ( -0.000000000000000000, -1.000000000000000000, -0.000000000000000000 ) ) ;
#5612 = ORIENTED_EDGE ( 'NONE', *, *, #3330, .F. ) ;
#5613 = ORIENTED_EDGE ( 'NONE', *, *, #3209, .F. ) ;
#5614 = AXIS2_PLACEMENT_3D ( 'NONE', #6724, #1187, #565 ) ;
#5615 = CARTESIAN_POINT ( 'NONE',  ( 3.283504851620971277, -1.796664292613102454, -3.363715893440616167 ) ) ;
#5616 = CARTESIAN_POINT ( 'NONE',  ( -3.696286263588376197, -1.867833135635988295, -4.274394214260937019 ) ) ;
#5617 = ADVANCED_FACE ( 'NONE', ( #1340 ), #6397, .T. ) ;
#5618 = DIRECTION ( 'NONE',  ( -1.000000000000000000, 0.000000000000000000, 0.000000000000000000 ) ) ;
#5619 = EDGE_CURVE ( 'NONE', #7083, #2242, #1933, .T. ) ;
#5620 = VECTOR ( 'NONE', #4461, 1000.000000000000000 ) ;
#5621 = ORIENTED_EDGE ( 'NONE', *, *, #4353, .T. ) ;
#5622 = CYLINDRICAL_SURFACE ( 'NONE', #4818, 0.05000000000000012768 ) ;
#5623 = CARTESIAN_POINT ( 'NONE',  ( -6.729530725772094243E-16, 1.499999999999998668, -2.850000000000000089 ) ) ;
#5624 = AXIS2_PLACEMENT_3D ( 'NONE', #1245, #3386, #5715 ) ;
#5625 = CARTESIAN_POINT ( 'NONE',  ( 3.700000000000020606, -1.472222222222221877, -5.371878022344831471 ) ) ;
#5626 = EDGE_CURVE ( 'NONE', #5841, #6008, #5286, .T. ) ;
#5627 = LINE ( 'NONE', #5666, #5377 ) ;
#5628 = CARTESIAN_POINT ( 'NONE',  ( 2.899999999999999467, -1.499999999999999334, -2.850000000000000089 ) ) ;
#5629 = FACE_OUTER_BOUND ( 'NONE', #2635, .T. ) ;
#5630 = DIRECTION ( 'NONE',  ( 0.000000000000000000, -1.000000000000000000, 0.000000000000000000 ) ) ;
#5631 = CARTESIAN_POINT ( 'NONE',  ( -3.300000000000016254, -4.000000000000000000, -4.748279434898257101 ) ) ;
#5632 = ORIENTED_EDGE ( 'NONE', *, *, #7121, .F. ) ;
#5633 = VECTOR ( 'NONE', #4255, 1000.000000000000000 ) ;
#5634 = LINE ( 'NONE', #6295, #4210 ) ;
#5635 = AXIS2_PLACEMENT_3D ( 'NONE', #4300, #303, #7115 ) ;
#5636 = DIRECTION ( 'NONE',  ( -0.4472135954999579277, -0.8944271909999158554, 0.000000000000000000 ) ) ;
#5637 = EDGE_CURVE ( 'NONE', #6446, #4862, #5754, .T. ) ;
#5638 = CARTESIAN_POINT ( 'NONE',  ( -3.300000000000012257, -7.500000000000000000, -4.549999999999998934 ) ) ;
#5639 = SURFACE_STYLE_FILL_AREA ( #2168 ) ;
#5640 = EDGE_LOOP ( 'NONE', ( #3314, #1735, #3195, #2246, #879, #4605, #1934, #4893, #1181, #2591, #7232, #5517, #7102, #5384, #6718, #4707, #1210, #1069 ) ) ;
#5641 = VERTEX_POINT ( 'NONE', #6946 ) ;
#5642 = AXIS2_PLACEMENT_3D ( 'NONE', #424, #536, #6064 ) ;
#5643 = AXIS2_PLACEMENT_3D ( 'NONE', #3415, #4515, #4037 ) ;
#5644 = DIRECTION ( 'NONE',  ( 0.000000000000000000, 0.000000000000000000, -1.000000000000000000 ) ) ;
#5645 = CARTESIAN_POINT ( 'NONE',  ( -3.041440302102032422, -0.7386327119934337215, -3.830730342022995671 ) ) ;
#5646 = ORIENTED_EDGE ( 'NONE', *, *, #2069, .T. ) ;
#5647 = VECTOR ( 'NONE', #5527, 1000.000000000000000 ) ;
#5648 = AXIS2_PLACEMENT_3D ( 'NONE', #2032, #3761, #5380 ) ;
#5649 = DIRECTION ( 'NONE',  ( -1.000000000000000000, 1.495451272393800528E-16, 0.000000000000000000 ) ) ;
#5650 = CYLINDRICAL_SURFACE ( 'NONE', #6091, 0.6250000000000001110 ) ;
#5651 = VERTEX_POINT ( 'NONE', #281 ) ;
#5652 = ORIENTED_EDGE ( 'NONE', *, *, #4739, .F. ) ;
#5653 = CIRCLE ( 'NONE', #3405, 0.09999999999999982514 ) ;
#5654 = AXIS2_PLACEMENT_3D ( 'NONE', #6335, #6780, #110 ) ;
#5655 = EDGE_CURVE ( 'NONE', #4116, #6108, #4930, .T. ) ;
#5656 = CARTESIAN_POINT ( 'NONE',  ( 3.278597828075717757, -1.797246988481828955, -2.849999999999999201 ) ) ;
#5657 = CARTESIAN_POINT ( 'NONE',  ( -3.545508591715253566, -1.295177270888957288, -4.274269452903463495 ) ) ;
#5658 = CARTESIAN_POINT ( 'NONE',  ( -0.8499999999999999778, 0.4833333333333334481, -2.799999999999999822 ) ) ;
#5659 = VECTOR ( 'NONE', #4745, 1000.000000000000000 ) ;
#5660 = ORIENTED_EDGE ( 'NONE', *, *, #1503, .F. ) ;
#5661 = DIRECTION ( 'NONE',  ( 0.000000000000000000, 0.000000000000000000, -1.000000000000000000 ) ) ;
#5662 = DIRECTION ( 'NONE',  ( -0.000000000000000000, -0.000000000000000000, -1.000000000000000000 ) ) ;
#5663 = EDGE_CURVE ( 'NONE', #4232, #7080, #3502, .T. ) ;
#5664 = VECTOR ( 'NONE', #6391, 1000.000000000000114 ) ;
#5665 = CARTESIAN_POINT ( 'NONE',  ( 3.506715601313982855, -1.125448330825580712, -4.274193002763409410 ) ) ;
#5666 = CARTESIAN_POINT ( 'NONE',  ( 1.674999999999999822, -2.299999999999999822, 0.000000000000000000 ) ) ;
#5667 = PLANE ( 'NONE',  #5891 ) ;
#5668 = DIRECTION ( 'NONE',  ( -0.000000000000000000, -1.000000000000000000, -0.000000000000000000 ) ) ;
#5669 = CARTESIAN_POINT ( 'NONE',  ( 4.104580082274611463, -5.609160164549189531, -4.049999999999998934 ) ) ;
#5670 = CARTESIAN_POINT ( 'NONE',  ( -2.899999999999999467, -1.499999999999999112, -2.850000000000000089 ) ) ;
#5671 = ADVANCED_FACE ( 'NONE', ( #792 ), #1862, .T. ) ;
#5672 = DIRECTION ( 'NONE',  ( -3.491481338843133355E-15, 0.000000000000000000, -1.000000000000000000 ) ) ;
#5673 = LINE ( 'NONE', #1136, #4454 ) ;
#5674 = ADVANCED_FACE ( 'NONE', ( #5809 ), #5319, .T. ) ;
#5675 = CARTESIAN_POINT ( 'NONE',  ( -3.000000000000000000, -1.599999999999999867, -2.850000000000000089 ) ) ;
#5676 = CARTESIAN_POINT ( 'NONE',  ( -3.700000000000016609, 2.599999999999999645, -4.748279434898255325 ) ) ;
#5677 = DIRECTION ( 'NONE',  ( -0.3303504247281062178, 0.9438583563660173370, 0.000000000000000000 ) ) ;
#5678 = ORIENTED_EDGE ( 'NONE', *, *, #4678, .F. ) ;
#5679 = EDGE_LOOP ( 'NONE', ( #2432, #1408, #2610 ) ) ;
#5680 = EDGE_CURVE ( 'NONE', #445, #402, #4166, .T. ) ;
#5681 = CARTESIAN_POINT ( 'NONE',  ( 3.700000000000000178, 2.105159218242693824E-15, -0.09999999999998791800 ) ) ;
#5682 = FILL_AREA_STYLE ('',( #3527 ) ) ;
#5683 = ORIENTED_EDGE ( 'NONE', *, *, #5832, .T. ) ;
#5684 = CARTESIAN_POINT ( 'NONE',  ( -3.795015528100090574, -4.990031056200154858, -4.049999999999998934 ) ) ;
#5685 = ORIENTED_EDGE ( 'NONE', *, *, #4397, .F. ) ;
#5686 = ORIENTED_EDGE ( 'NONE', *, *, #4488, .T. ) ;
#5687 = CARTESIAN_POINT ( 'NONE',  ( 3.300000000000019362, -1.794705538038999570, -5.371878022344844794 ) ) ;
#5688 = UNCERTAINTY_MEASURE_WITH_UNIT (LENGTH_MEASURE( 1.000000000000000082E-05 ), #3284, 'distance_accuracy_value', 'NONE');
#5689 = CARTESIAN_POINT ( 'NONE',  ( -3.700000000000009059, -0.09371311001840533506, -2.849999999999997424 ) ) ;
#5690 = DIRECTION ( 'NONE',  ( -0.000000000000000000, -0.000000000000000000, -1.000000000000000000 ) ) ;
#5691 = EDGE_CURVE ( 'NONE', #4245, #5806, #5758, .T. ) ;
#5692 = EDGE_LOOP ( 'NONE', ( #4921, #2219, #2587, #5199 ) ) ;
#5693 = DIRECTION ( 'NONE',  ( 8.673617379884051249E-15, -1.000000000000000000, 0.000000000000000000 ) ) ;
#5694 = CARTESIAN_POINT ( 'NONE',  ( -3.751540677934133594, -5.866400601998985387, -4.050000000000012257 ) ) ;
#5695 =( BOUNDED_SURFACE ( )  B_SPLINE_SURFACE ( 2, 3, ( 
 ( #3529, #6927, #1883, #4121 ),
 ( #3360, #667, #5826, #2357 ),
 ( #3009, #5265, #4598, #227 ) ),
 .UNSPECIFIED., .F., .F., .F. ) 
 B_SPLINE_SURFACE_WITH_KNOTS ( ( 3, 3 ),
 ( 4, 4 ),
 ( 0.000000000000000000, 1.000000000000000000 ),
 ( 0.000000000000000000, 1.000000000000000000 ),
 .UNSPECIFIED. ) 
 GEOMETRIC_REPRESENTATION_ITEM ( )  RATIONAL_B_SPLINE_SURFACE ( (
 ( 1.000000000000000000, 0.3333333333333334259, 0.3333333333333334259, 1.000000000000000000),
 ( 1.000000000000000000, 0.3333333333333334259, 0.3333333333333334259, 1.000000000000000000),
 ( 1.000000000000000000, 0.3333333333333334259, 0.3333333333333334259, 1.000000000000000000) ) ) 
 REPRESENTATION_ITEM ( '' )  SURFACE ( )  );
#5696 = CARTESIAN_POINT ( 'NONE',  ( 3.700000000000018829, -1.874999999999997558, -5.371878022344834136 ) ) ;
#5697 = EDGE_CURVE ( 'NONE', #3984, #2468, #2010, .T. ) ;
#5698 = CARTESIAN_POINT ( 'NONE',  ( -2.299999999999999822, 2.636572800445907472, 0.9000000000000001332 ) ) ;
#5699 = DIRECTION ( 'NONE',  ( 0.000000000000000000, -1.000000000000000000, 0.000000000000000000 ) ) ;
#5700 = ADVANCED_FACE ( 'NONE', ( #2990 ), #5392, .F. ) ;
#5701 = DIRECTION ( 'NONE',  ( -0.000000000000000000, -0.000000000000000000, -1.000000000000000000 ) ) ;
#5702 = CARTESIAN_POINT ( 'NONE',  ( 2.299999999999999378, 1.963427199554093505, 0.9000000000000001332 ) ) ;
#5703 = AXIS2_PLACEMENT_3D ( 'NONE', #5775, #5066, #2959 ) ;
#5704 = FACE_OUTER_BOUND ( 'NONE', #1874, .T. ) ;
#5705 = CARTESIAN_POINT ( 'NONE',  ( 3.300000000000016698, -7.286606874731845984, -4.049999999999998934 ) ) ;
#5706 = FACE_OUTER_BOUND ( 'NONE', #4075, .T. ) ;
#5707 = AXIS2_PLACEMENT_3D ( 'NONE', #1687, #6775, #6628 ) ;
#5708 = DIRECTION ( 'NONE',  ( 1.000000000000000000, 0.000000000000000000, -3.491481338843133355E-15 ) ) ;
#5709 = EDGE_CURVE ( 'NONE', #2650, #2623, #3026, .T. ) ;
#5710 = CARTESIAN_POINT ( 'NONE',  ( -1.750000000000000000, -2.143131898507868297E-16, 0.000000000000000000 ) ) ;
#5711 = ORIENTED_EDGE ( 'NONE', *, *, #1125, .T. ) ;
#5712 = VERTEX_POINT ( 'NONE', #5353 ) ;
#5713 = EDGE_CURVE ( 'NONE', #6446, #7080, #6433, .T. ) ;
#5714 = VECTOR ( 'NONE', #5962, 1000.000000000000000 ) ;
#5715 = DIRECTION ( 'NONE',  ( 4.486353817181404050E-16, -1.000000000000000000, 0.000000000000000000 ) ) ;
#5716 = CARTESIAN_POINT ( 'NONE',  ( -3.300000000000020695, 2.599999999999999645, -6.049999999999998046 ) ) ;
#5717 = CYLINDRICAL_SURFACE ( 'NONE', #6011, 0.09999999999999982514 ) ;
#5718 = DIRECTION ( 'NONE',  ( 4.517509052022934484E-16, -1.000000000000000000, 0.000000000000000000 ) ) ;
#5719 = EDGE_CURVE ( 'NONE', #2311, #2163, #4248, .T. ) ;
#5720 = FILL_AREA_STYLE ('',( #4083 ) ) ;
#5721 = CIRCLE ( 'NONE', #3115, 0.09999999999999982514 ) ;
#5722 = VERTEX_POINT ( 'NONE', #1452 ) ;
#5723 = ORIENTED_EDGE ( 'NONE', *, *, #6669, .T. ) ;
#5724 = CARTESIAN_POINT ( 'NONE',  ( 3.300000000000018918, -1.498409241742702847, -5.231773687770130188 ) ) ;
#5725 = VECTOR ( 'NONE', #5390, 1000.000000000000000 ) ;
#5726 = CARTESIAN_POINT ( 'NONE',  ( -3.599889607320198248, -0.5313064260295586871, -4.274347567060299724 ) ) ;
#5727 = DIRECTION ( 'NONE',  ( -1.000000000000000000, 0.000000000000000000, 0.000000000000000000 ) ) ;
#5728 = EDGE_CURVE ( 'NONE', #1532, #1327, #5958, .T. ) ;
#5729 = VERTEX_POINT ( 'NONE', #4138 ) ;
#5730 = CARTESIAN_POINT ( 'NONE',  ( -3.300000000000016254, 2.599999999999999645, -4.748279434898257101 ) ) ;
#5731 = VECTOR ( 'NONE', #7117, 1000.000000000000000 ) ;
#5732 = CARTESIAN_POINT ( 'NONE',  ( 3.200000000000000622, 1.879283765641541282E-15, -0.09999999999998968048 ) ) ;
#5733 = VECTOR ( 'NONE', #875, 1000.000000000000000 ) ;
#5734 = CARTESIAN_POINT ( 'NONE',  ( 3.700000000000016609, -1.637575289437058990, -5.231602688021017578 ) ) ;
#5735 = CARTESIAN_POINT ( 'NONE',  ( -3.300000000000010481, -4.000000000000000000, -3.050000000000000711 ) ) ;
#5736 = DIRECTION ( 'NONE',  ( -1.000000000000000000, -6.439293542825907934E-15, 5.585196838722983974E-30 ) ) ;
#5737 = ORIENTED_EDGE ( 'NONE', *, *, #6579, .T. ) ;
#5738 = DIRECTION ( 'NONE',  ( 4.517509052022934484E-16, -1.000000000000000000, 0.000000000000000000 ) ) ;
#5739 = DIRECTION ( 'NONE',  ( 0.000000000000000000, 0.000000000000000000, 1.000000000000000000 ) ) ;
#5740 = CIRCLE ( 'NONE', #2083, 0.4000000000000001887 ) ;
#5741 = CARTESIAN_POINT ( 'NONE',  ( -1.450000000000000178, 2.500000000000001332, -3.100000000000000977 ) ) ;
#5742 = ADVANCED_FACE ( 'NONE', ( #4944 ), #1641, .T. ) ;
#5743 = ADVANCED_FACE ( 'NONE', ( #3841 ), #4355, .T. ) ;
#5744 = CARTESIAN_POINT ( 'NONE',  ( 0.8499999999999999778, -2.600000000000000533, -2.850000000000000089 ) ) ;
#5745 = CARTESIAN_POINT ( 'NONE',  ( -3.000000000000000000, -1.599999999999999867, -2.850000000000000089 ) ) ;
#5746 = CIRCLE ( 'NONE', #5984, 0.09999999999999982514 ) ;
#5747 = DIRECTION ( 'NONE',  ( 1.000000000000000000, -5.987542637623615472E-15, 5.585196838722984675E-30 ) ) ;
#5748 = CARTESIAN_POINT ( 'NONE',  ( -3.000000000000000000, -3.000000000000000000, -3.100000000000000977 ) ) ;
#5749 = ORIENTED_EDGE ( 'NONE', *, *, #6660, .F. ) ;
#5750 = EDGE_LOOP ( 'NONE', ( #5723, #523, #5158, #2510 ) ) ;
#5751 = DIRECTION ( 'NONE',  ( 0.000000000000000000, -1.000000000000000000, 0.000000000000000000 ) ) ;
#5752 = DIRECTION ( 'NONE',  ( 3.878959614448872382E-16, -7.757919228897723069E-16, -1.000000000000000000 ) ) ;
#5753 = DIRECTION ( 'NONE',  ( -0.000000000000000000, -0.000000000000000000, -1.000000000000000000 ) ) ;
#5754 = CIRCLE ( 'NONE', #6698, 0.09999999999999982514 ) ;
#5755 = AXIS2_PLACEMENT_3D ( 'NONE', #1988, #1435, #6449 ) ;
#5756 = EDGE_LOOP ( 'NONE', ( #7262, #6409, #6674, #1440 ) ) ;
#5757 = EDGE_LOOP ( 'NONE', ( #1642, #5461, #6726, #1577 ) ) ;
#5758 = CIRCLE ( 'NONE', #4566, 0.5000000000000004441 ) ;
#5759 = ADVANCED_FACE ( 'NONE', ( #1489 ), #2704, .T. ) ;
#5760 = CARTESIAN_POINT ( 'NONE',  ( 3.291664351028913416, -0.2043046260301497052, -4.391147680321848767 ) ) ;
#5761 = VECTOR ( 'NONE', #6370, 1000.000000000000114 ) ;
#5762 = EDGE_CURVE ( 'NONE', #5083, #2960, #5431, .T. ) ;
#5763 = CARTESIAN_POINT ( 'NONE',  ( -3.440514710225643480, -0.8729126011144066055, -3.853478271631824992 ) ) ;
#5764 = DIRECTION ( 'NONE',  ( -3.491481338843133355E-15, 0.000000000000000000, -1.000000000000000000 ) ) ;
#5765 = ORIENTED_EDGE ( 'NONE', *, *, #5180, .T. ) ;
#5766 = VECTOR ( 'NONE', #7288, 1000.000000000000114 ) ;
#5767 = DIRECTION ( 'NONE',  ( -1.000000000000000000, -8.673617379884049672E-15, -0.000000000000000000 ) ) ;
#5768 = AXIS2_PLACEMENT_3D ( 'NONE', #1777, #4560, #735 ) ;
#5769 = DIRECTION ( 'NONE',  ( -1.000000000000000000, -0.000000000000000000, -0.000000000000000000 ) ) ;
#5770 = EDGE_CURVE ( 'NONE', #155, #4854, #6618, .T. ) ;
#5771 = ORIENTED_EDGE ( 'NONE', *, *, #6001, .F. ) ;
#5772 = VECTOR ( 'NONE', #251, 1000.000000000000114 ) ;
#5773 = CARTESIAN_POINT ( 'NONE',  ( 3.700000000000010836, -0.08941806551905481792, -3.854081064452110184 ) ) ;
#5774 = DIRECTION ( 'NONE',  ( 0.000000000000000000, 3.523657060577896510E-15, 1.000000000000000000 ) ) ;
#5775 = CARTESIAN_POINT ( 'NONE',  ( 1.450000000000000178, 0.000000000000000000, -2.850000000000000089 ) ) ;
#5776 = ORIENTED_EDGE ( 'NONE', *, *, #2608, .F. ) ;
#5777 = CARTESIAN_POINT ( 'NONE',  ( -1.149999999999999911, 2.900000000000000355, -3.100000000000000977 ) ) ;
#5778 = CARTESIAN_POINT ( 'NONE',  ( -0.8499999999999997558, 0.4333333333333333481, -2.649999999999999911 ) ) ;
#5779 = CIRCLE ( 'NONE', #1536, 0.6250000000000001110 ) ;
#5780 = ADVANCED_FACE ( 'NONE', ( #7126 ), #4392, .T. ) ;
#5781 = CARTESIAN_POINT ( 'NONE',  ( -3.300000000000012257, -7.500000000000000000, -4.549999999999998934 ) ) ;
#5782 = LINE ( 'NONE', #3479, #4332 ) ;
#5783 = CARTESIAN_POINT ( 'NONE',  ( -3.000000000000000000, 1.600000000000000755, -2.850000000000000089 ) ) ;
#5784 = CARTESIAN_POINT ( 'NONE',  ( 2.299999999999999822, -2.299999999999999822, 0.9000000000000001332 ) ) ;
#5785 = CARTESIAN_POINT ( 'NONE',  ( 3.700000000000009948, 1.255632809889940434E-15, -2.850000000000028511 ) ) ;
#5786 = ADVANCED_FACE ( 'NONE', ( #1048 ), #973, .T. ) ;
#5787 = EDGE_LOOP ( 'NONE', ( #6491, #4310, #6791, #5859 ) ) ;
#5788 = ORIENTED_EDGE ( 'NONE', *, *, #1633, .F. ) ;
#5789 =( BOUNDED_CURVE ( )  B_SPLINE_CURVE ( 3, ( #2707, #507, #2231, #3845 ),
 .UNSPECIFIED., .F., .T. ) 
 B_SPLINE_CURVE_WITH_KNOTS ( ( 4, 4 ),
 ( 4.712388980384689674, 6.283185307179586232 ),
 .UNSPECIFIED. ) 
 CURVE ( )  GEOMETRIC_REPRESENTATION_ITEM ( )  RATIONAL_B_SPLINE_CURVE ( ( 1.000000000000000000, 0.8047378541243649375, 0.8047378541243649375, 1.000000000000000000 ) ) 
 REPRESENTATION_ITEM ( '' )  );
#5790 = CYLINDRICAL_SURFACE ( 'NONE', #789, 0.09999999999999982514 ) ;
#5791 = DIRECTION ( 'NONE',  ( 0.000000000000000000, 1.000000000000000000, 0.000000000000000000 ) ) ;
#5792 = CARTESIAN_POINT ( 'NONE',  ( -1.350000000000000089, -1.599999999999999867, -3.200000000000000178 ) ) ;
#5793 = ORIENTED_EDGE ( 'NONE', *, *, #4319, .T. ) ;
#5794 = LINE ( 'NONE', #3562, #2107 ) ;
#5795 = ORIENTED_EDGE ( 'NONE', *, *, #3377, .T. ) ;
#5796 = ORIENTED_EDGE ( 'NONE', *, *, #2784, .F. ) ;
#5797 = CARTESIAN_POINT ( 'NONE',  ( 3.202900065305541943, -0.7399490881538837161, -4.858162128904228716 ) ) ;
#5798 = CARTESIAN_POINT ( 'NONE',  ( -3.295475105373456781, -0.8694471484751702395, -3.060156501862069334 ) ) ;
#5799 = DIRECTION ( 'NONE',  ( -2.602085213965208275E-15, -1.734723475976805517E-15, -1.000000000000000000 ) ) ;
#5800 = ORIENTED_EDGE ( 'NONE', *, *, #1304, .T. ) ;
#5801 = LINE ( 'NONE', #4677, #1831 ) ;
#5802 = EDGE_CURVE ( 'NONE', #3883, #3753, #4900, .T. ) ;
#5803 = CARTESIAN_POINT ( 'NONE',  ( -2.299999999999999822, -2.925000000000000711, 0.6500000000000001332 ) ) ;
#5804 = CARTESIAN_POINT ( 'NONE',  ( 1.350000000000000089, -2.900000000000000355, -3.100000000000000977 ) ) ;
#5805 = EDGE_CURVE ( 'NONE', #7162, #5083, #504, .T. ) ;
#5806 = VERTEX_POINT ( 'NONE', #6032 ) ;
#5807 = CARTESIAN_POINT ( 'NONE',  ( 3.700000000000018829, -0.8796296296296276518, -5.371878022344837689 ) ) ;
#5808 = CARTESIAN_POINT ( 'NONE',  ( -1.149999999999999911, 3.000000000000000000, -2.850000000000000089 ) ) ;
#5809 = FACE_OUTER_BOUND ( 'NONE', #3763, .T. ) ;
#5810 = ORIENTED_EDGE ( 'NONE', *, *, #7106, .F. ) ;
#5811 = EDGE_CURVE ( 'NONE', #4862, #783, #2625, .T. ) ;
#5812 = CARTESIAN_POINT ( 'NONE',  ( 1.350000000000000089, 0.000000000000000000, -3.100000000000000977 ) ) ;
#5813 = DIRECTION ( 'NONE',  ( 0.8944271909999157444, 0.4472135954999583718, 0.000000000000000000 ) ) ;
#5814 = LINE ( 'NONE', #5358, #576 ) ;
#5815 = LINE ( 'NONE', #759, #4687 ) ;
#5816 = CARTESIAN_POINT ( 'NONE',  ( -1.049999999999999600, 1.674999999999999378, 0.6500000000000000222 ) ) ;
#5817 = CARTESIAN_POINT ( 'NONE',  ( -1.050000000000000044, -2.900000000000000355, -2.850000000000000089 ) ) ;
#5818 = CARTESIAN_POINT ( 'NONE',  ( 3.470176658158761640, -1.463507788113293406, -2.850000000000000977 ) ) ;
#5819 = VERTEX_POINT ( 'NONE', #7094 ) ;
#5820 = ORIENTED_EDGE ( 'NONE', *, *, #725, .T. ) ;
#5821 = CARTESIAN_POINT ( 'NONE',  ( 0.000000000000000000, 0.000000000000000000, 0.000000000000000000 ) ) ;
#5822 = CARTESIAN_POINT ( 'NONE',  ( -0.8499999999999997558, 0.4333333333333333481, -2.649999999999999911 ) ) ;
#5823 = VECTOR ( 'NONE', #3222, 1000.000000000000000 ) ;
#5824 = DIRECTION ( 'NONE',  ( -1.000000000000000000, 0.000000000000000000, 0.000000000000000000 ) ) ;
#5825 = EDGE_LOOP ( 'NONE', ( #1243, #3319, #1966, #2674, #6164, #1262, #5942, #2423, #4777, #3842, #2505, #3802 ) ) ;
#5826 = CARTESIAN_POINT ( 'NONE',  ( -1.626854399108187632, -2.636572800445907472, 0.9000000000000002442 ) ) ;
#5827 = ORIENTED_EDGE ( 'NONE', *, *, #5192, .F. ) ;
#5828 = ORIENTED_EDGE ( 'NONE', *, *, #2154, .F. ) ;
#5829 = VECTOR ( 'NONE', #4537, 1000.000000000000000 ) ;
#5830 = CARTESIAN_POINT ( 'NONE',  ( 3.259150586264528471, -0.5002737405597942333, -4.858162128904228716 ) ) ;
#5831 = ADVANCED_FACE ( 'NONE', ( #3801 ), #2042, .T. ) ;
#5832 = EDGE_CURVE ( 'NONE', #7110, #4402, #6350, .T. ) ;
#5833 = CIRCLE ( 'NONE', #2647, 0.09999999999999982514 ) ;
#5834 = CARTESIAN_POINT ( 'NONE',  ( -3.434143584298114060, -0.6992231866806457585, -3.433519246622004584 ) ) ;
#5835 = DIRECTION ( 'NONE',  ( -1.000000000000000000, 0.000000000000000000, 0.000000000000000000 ) ) ;
#5836 = ORIENTED_EDGE ( 'NONE', *, *, #3434, .T. ) ;
#5837 = CARTESIAN_POINT ( 'NONE',  ( -1.450000000000000178, 0.000000000000000000, -2.850000000000000089 ) ) ;
#5838 = FACE_OUTER_BOUND ( 'NONE', #4348, .T. ) ;
#5839 = CARTESIAN_POINT ( 'NONE',  ( 1.899999999999999689, 3.100000000000000533, -1.900000000000000133 ) ) ;
#5840 = VECTOR ( 'NONE', #3138, 1000.000000000000000 ) ;
#5841 = VERTEX_POINT ( 'NONE', #1089 ) ;
#5842 = EDGE_CURVE ( 'NONE', #3455, #2093, #5278, .T. ) ;
#5843 = EDGE_CURVE ( 'NONE', #1289, #4854, #5581, .T. ) ;
#5844 = CARTESIAN_POINT ( 'NONE',  ( 3.593016017317588240, -0.3813817795449019332, -3.060156501862068446 ) ) ;
#5845 = AXIS2_PLACEMENT_3D ( 'NONE', #193, #5799, #6934 ) ;
#5846 = LINE ( 'NONE', #3025, #6214 ) ;
#5847 = DIRECTION ( 'NONE',  ( -1.000000000000000000, -0.000000000000000000, -0.000000000000000000 ) ) ;
#5848 = VERTEX_POINT ( 'NONE', #2661 ) ;
#5849 = DIRECTION ( 'NONE',  ( 2.505863157606370084E-16, -0.5547001962252291474, 0.8320502943378437211 ) ) ;
#5850 = LINE ( 'NONE', #4211, #2400 ) ;
#5851 = VECTOR ( 'NONE', #5153, 1000.000000000000000 ) ;
#5852 = LINE ( 'NONE', #1425, #4203 ) ;
#5853 = ADVANCED_FACE ( 'NONE', ( #3250 ), #5504, .T. ) ;
#5854 = CARTESIAN_POINT ( 'NONE',  ( -1.626854399108186078, 1.963427199554091729, 0.9000000000000002442 ) ) ;
#5855 = CARTESIAN_POINT ( 'NONE',  ( 3.700000000000017497, -1.999999999999999112, -4.748279434898255325 ) ) ;
#5856 = DIRECTION ( 'NONE',  ( -0.000000000000000000, -1.000000000000000000, -0.000000000000000000 ) ) ;
#5857 = LINE ( 'NONE', #3077, #585 ) ;
#5858 = VECTOR ( 'NONE', #1488, 1000.000000000000000 ) ;
#5859 = ORIENTED_EDGE ( 'NONE', *, *, #3267, .T. ) ;
#5860 = ORIENTED_EDGE ( 'NONE', *, *, #2509, .T. ) ;
#5861 = CARTESIAN_POINT ( 'NONE',  ( -2.299999999999999378, 1.674999999999999822, 0.6500000000000001332 ) ) ;
#5862 = ADVANCED_FACE ( 'NONE', ( #2120 ), #5193, .F. ) ;
#5863 = VECTOR ( 'NONE', #3745, 1000.000000000000000 ) ;
#5864 = CARTESIAN_POINT ( 'NONE',  ( -3.000000000000000000, 0.000000000000000000, -2.850000000000000089 ) ) ;
#5865 = ORIENTED_EDGE ( 'NONE', *, *, #3532, .T. ) ;
#5866 = ORIENTED_EDGE ( 'NONE', *, *, #321, .T. ) ;
#5867 = ORIENTED_EDGE ( 'NONE', *, *, #4546, .T. ) ;
#5868 = VECTOR ( 'NONE', #1382, 1000.000000000000000 ) ;
#5869 = CARTESIAN_POINT ( 'NONE',  ( -3.283504851620970832, -0.2033357073868974074, -3.363715893440616611 ) ) ;
#5870 = ORIENTED_EDGE ( 'NONE', *, *, #2184, .F. ) ;
#5871 = AXIS2_PLACEMENT_3D ( 'NONE', #6372, #5216, #4654 ) ;
#5872 = AXIS2_PLACEMENT_3D ( 'NONE', #1658, #2095, #4485 ) ;
#5873 = DIRECTION ( 'NONE',  ( 1.000000000000000000, 0.000000000000000000, -3.469446951953601961E-15 ) ) ;
#5874 = DIRECTION ( 'NONE',  ( -1.000000000000000000, 0.000000000000000000, 0.000000000000000000 ) ) ;
#5875 = ORIENTED_EDGE ( 'NONE', *, *, #562, .F. ) ;
#5876 = CARTESIAN_POINT ( 'NONE',  ( 1.750000000000000000, 0.000000000000000000, 0.000000000000000000 ) ) ;
#5877 = CARTESIAN_POINT ( 'NONE',  ( -3.300000000000010481, -2.000000000000000888, -2.849999999999998757 ) ) ;
#5878 = ADVANCED_FACE ( 'NONE', ( #6178 ), #2777, .T. ) ;
#5879 = DIRECTION ( 'NONE',  ( 0.000000000000000000, 0.000000000000000000, -1.000000000000000000 ) ) ;
#5880 = VECTOR ( 'NONE', #4110, 1000.000000000000000 ) ;
#5881 = ORIENTED_EDGE ( 'NONE', *, *, #1056, .T. ) ;
#5882 = CARTESIAN_POINT ( 'NONE',  ( 3.685126432894557880, -0.3643819086742238755, -5.021553215763712608 ) ) ;
#5883 = VECTOR ( 'NONE', #3936, 1000.000000000000000 ) ;
#5884 = AXIS2_PLACEMENT_3D ( 'NONE', #3935, #3228, #2135 ) ;
#5885 = CARTESIAN_POINT ( 'NONE',  ( 3.000000000000000000, -3.000000000000000000, 0.000000000000000000 ) ) ;
#5886 = CARTESIAN_POINT ( 'NONE',  ( 1.149999999999999911, -3.000000000000000000, -2.850000000000000089 ) ) ;
#5887 = ORIENTED_EDGE ( 'NONE', *, *, #4424, .F. ) ;
#5888 = CARTESIAN_POINT ( 'NONE',  ( 0.8499999999999999778, -0.4333333333333333481, -2.649999999999999911 ) ) ;
#5889 = CARTESIAN_POINT ( 'NONE',  ( 2.425000000000000266, -8.000000000000000000, -2.200000000000000622 ) ) ;
#5890 = VECTOR ( 'NONE', #3411, 1000.000000000000000 ) ;
#5891 = AXIS2_PLACEMENT_3D ( 'NONE', #6326, #5736, #6186 ) ;
#5892 = PLANE ( 'NONE',  #1979 ) ;
#5893 = DIRECTION ( 'NONE',  ( 0.000000000000000000, 0.000000000000000000, 1.000000000000000000 ) ) ;
#5894 = LINE ( 'NONE', #5855, #4888 ) ;
#5895 = CARTESIAN_POINT ( 'NONE',  ( -3.200000000000000622, 0.000000000000000000, 9.703609443745264684E-15 ) ) ;
#5896 = AXIS2_PLACEMENT_3D ( 'NONE', #2914, #310, #2545 ) ;
#5897 = LINE ( 'NONE', #3704, #4464 ) ;
#5898 = ORIENTED_EDGE ( 'NONE', *, *, #6199, .T. ) ;
#5899 = ORIENTED_EDGE ( 'NONE', *, *, #4981, .T. ) ;
#5900 = EDGE_CURVE ( 'NONE', #155, #4245, #1358, .T. ) ;
#5901 = FACE_BOUND ( 'NONE', #5078, .T. ) ;
#5902 = ADVANCED_FACE ( 'NONE', ( #774 ), #5226, .F. ) ;
#5903 = CARTESIAN_POINT ( 'NONE',  ( -2.900000000000000799, -2.399999999999999467, -3.100000000000000977 ) ) ;
#5904 = CARTESIAN_POINT ( 'NONE',  ( -1.899999999999999689, -7.500000000000000000, -1.900000000000000133 ) ) ;
#5905 = ORIENTED_EDGE ( 'NONE', *, *, #4841, .F. ) ;
#5906 = CARTESIAN_POINT ( 'NONE',  ( -6.729530725772116725E-15, -2.500000000000007105, -2.850000000000000089 ) ) ;
#5907 = ORIENTED_EDGE ( 'NONE', *, *, #6305, .T. ) ;
#5908 = ORIENTED_EDGE ( 'NONE', *, *, #4146, .T. ) ;
#5909 = ADVANCED_FACE ( 'NONE', ( #6381 ), #1325, .F. ) ;
#5910 = CARTESIAN_POINT ( 'NONE',  ( -2.876494900217184458, -1.262712082465008434, -2.990104334574713807 ) ) ;
#5911 = ORIENTED_EDGE ( 'NONE', *, *, #3388, .T. ) ;
#5912 = CARTESIAN_POINT ( 'NONE',  ( 3.000000000000000000, 3.000000000000000000, -2.850000000000000089 ) ) ;
#5913 = MANIFOLD_SOLID_BREP ( 'Boss-Extrude5', #3220 ) ;
#5914 = LINE ( 'NONE', #6970, #3003 ) ;
#5915 = EDGE_LOOP ( 'NONE', ( #6057, #300, #1480, #1145, #2806, #2634, #1062, #4977, #2496, #5563, #6529, #5686, #1445, #6386, #743, #855, #3120, #1368 ) ) ;
#5916 = LINE ( 'NONE', #1962, #2062 ) ;
#5917 = CARTESIAN_POINT ( 'NONE',  ( 1.450000000000000178, -2.900000000000000355, -3.100000000000000977 ) ) ;
#5918 = CYLINDRICAL_SURFACE ( 'NONE', #891, 0.09999999999999982514 ) ;
#5919 = ORIENTED_EDGE ( 'NONE', *, *, #3223, .T. ) ;
#5920 = EDGE_CURVE ( 'NONE', #2320, #6356, #1679, .T. ) ;
#5921 = CARTESIAN_POINT ( 'NONE',  ( 3.690881230212242681, -0.2018527544474049140, -4.601300270416252225 ) ) ;
#5922 = DIRECTION ( 'NONE',  ( -1.000000000000000000, -4.517509052022934484E-16, -3.491481338843133355E-15 ) ) ;
#5923 = DIRECTION ( 'NONE',  ( 0.000000000000000000, -4.336808689942044557E-15, 1.000000000000000000 ) ) ;
#5924 = ORIENTED_EDGE ( 'NONE', *, *, #6572, .F. ) ;
#5925 = CARTESIAN_POINT ( 'NONE',  ( 1.350000000000000089, -1.499999999999999778, -3.200000000000000178 ) ) ;
#5926 = DIRECTION ( 'NONE',  ( -1.000000000000000000, -6.439293542825908723E-15, 5.585196838722984675E-30 ) ) ;
#5927 = CARTESIAN_POINT ( 'NONE',  ( -4.104580082274608799, -5.609160164549191308, -4.049999999999998934 ) ) ;
#5928 = EDGE_CURVE ( 'NONE', #2769, #7184, #5794, .T. ) ;
#5929 = EDGE_CURVE ( 'NONE', #267, #6173, #123, .T. ) ;
#5930 = DIRECTION ( 'NONE',  ( 0.4472135954999583718, -0.8944271909999157444, 0.000000000000000000 ) ) ;
#5931 = PLANE ( 'NONE',  #85 ) ;
#5932 = CARTESIAN_POINT ( 'NONE',  ( 1.450000000000000178, 1.499999999999999334, -3.100000000000000977 ) ) ;
#5933 = LINE ( 'NONE', #1388, #1404 ) ;
#5934 = ORIENTED_EDGE ( 'NONE', *, *, #4330, .F. ) ;
#5935 = ORIENTED_EDGE ( 'NONE', *, *, #1759, .F. ) ;
#5936 = FACE_OUTER_BOUND ( 'NONE', #7233, .T. ) ;
#5937 = ADVANCED_FACE ( 'NONE', ( #6963 ), #5695, .T. ) ;
#5938 = DIRECTION ( 'NONE',  ( 0.000000000000000000, 0.000000000000000000, 1.000000000000000000 ) ) ;
#5939 = ORIENTED_EDGE ( 'NONE', *, *, #4127, .F. ) ;
#5940 = CARTESIAN_POINT ( 'NONE',  ( 3.121833710861380062, -1.504153465084880015, -2.850000000000002309 ) ) ;
#5941 = VERTEX_POINT ( 'NONE', #6307 ) ;
#5942 = ORIENTED_EDGE ( 'NONE', *, *, #3154, .T. ) ;
#5943 = VECTOR ( 'NONE', #5032, 1000.000000000000000 ) ;
#5944 = CARTESIAN_POINT ( 'NONE',  ( -3.121833710861378730, -0.4958465349151196522, -2.850000000000000089 ) ) ;
#5945 = ADVANCED_FACE ( 'NONE', ( #3051 ), #1550, .T. ) ;
#5946 = DIRECTION ( 'NONE',  ( 1.000000000000000000, 0.000000000000000000, 0.000000000000000000 ) ) ;
#5947 = CARTESIAN_POINT ( 'NONE',  ( -1.149999999999999911, -3.000000000000000000, -2.850000000000000089 ) ) ;
#5948 = VECTOR ( 'NONE', #102, 1000.000000000000000 ) ;
#5949 = ORIENTED_EDGE ( 'NONE', *, *, #5535, .F. ) ;
#5950 = ORIENTED_EDGE ( 'NONE', *, *, #266, .F. ) ;
#5951 = CARTESIAN_POINT ( 'NONE',  ( 3.700000000000012612, -3.499999999999998224, -3.049999999999999378 ) ) ;
#5952 = CARTESIAN_POINT ( 'NONE',  ( 2.900000000000000799, 2.400000000000000355, -3.100000000000000977 ) ) ;
#5953 = VERTEX_POINT ( 'NONE', #3641 ) ;
#5954 = CIRCLE ( 'NONE', #6878, 0.4999999999999993339 ) ;
#5955 = EDGE_CURVE ( 'NONE', #4858, #6971, #339, .T. ) ;
#5956 = LINE ( 'NONE', #7092, #775 ) ;
#5957 = LINE ( 'NONE', #7017, #1026 ) ;
#5958 = LINE ( 'NONE', #4689, #1517 ) ;
#5959 = ORIENTED_EDGE ( 'NONE', *, *, #627, .F. ) ;
#5960 = CARTESIAN_POINT ( 'NONE',  ( 3.300000000000016698, -4.587538820250191662, -5.049999999999998934 ) ) ;
#5961 = VECTOR ( 'NONE', #1482, 1000.000000000000000 ) ;
#5962 = DIRECTION ( 'NONE',  ( -1.000000000000000000, -4.517509052022934484E-16, 0.000000000000000000 ) ) ;
#5963 = CARTESIAN_POINT ( 'NONE',  ( 3.300000000000010481, 1.057097118173371162E-15, -2.990104334574712919 ) ) ;
#5964 = VECTOR ( 'NONE', #4390, 1000.000000000000000 ) ;
#5965 = CARTESIAN_POINT ( 'NONE',  ( 1.674999999999998934, 2.300000000000000266, 0.4000000000000000222 ) ) ;
#5966 = DIRECTION ( 'NONE',  ( 0.000000000000000000, 0.000000000000000000, 1.000000000000000000 ) ) ;
#5967 = CYLINDRICAL_SURFACE ( 'NONE', #1769, 0.4000000000000001887 ) ;
#5968 = DIRECTION ( 'NONE',  ( -1.000000000000000000, 0.000000000000000000, 0.000000000000000000 ) ) ;
#5969 = EDGE_LOOP ( 'NONE', ( #2072, #4026, #6198, #971 ) ) ;
#5970 = ORIENTED_EDGE ( 'NONE', *, *, #4055, .F. ) ;
#5971 = VECTOR ( 'NONE', #3796, 1000.000000000000000 ) ;
#5972 = ADVANCED_FACE ( 'NONE', ( #4773 ), #6603, .T. ) ;
#5973 = EDGE_CURVE ( 'NONE', #5297, #3831, #2575, .T. ) ;
#5974 = DIRECTION ( 'NONE',  ( 0.000000000000000000, -0.000000000000000000, 1.000000000000000000 ) ) ;
#5975 = DIRECTION ( 'NONE',  ( -3.491481338843133355E-15, -1.577279855319300948E-30, 1.000000000000000000 ) ) ;
#5976 = DIRECTION ( 'NONE',  ( -1.000000000000000000, 0.000000000000000000, 0.000000000000000000 ) ) ;
#5977 = ORIENTED_EDGE ( 'NONE', *, *, #5811, .F. ) ;
#5978 = CARTESIAN_POINT ( 'NONE',  ( -3.300000000000019806, -5.000000005035698525E-07, -5.371878022344844794 ) ) ;
#5979 = ORIENTED_EDGE ( 'NONE', *, *, #4261, .T. ) ;
#5980 = ORIENTED_EDGE ( 'NONE', *, *, #2248, .T. ) ;
#5981 = CIRCLE ( 'NONE', #2795, 0.4999999999999994449 ) ;
#5982 = CARTESIAN_POINT ( 'NONE',  ( -3.700000000000018385, -0.08333333333333377280, -5.371878022344837689 ) ) ;
#5983 = DIRECTION ( 'NONE',  ( 0.000000000000000000, 0.000000000000000000, -1.000000000000000000 ) ) ;
#5984 = AXIS2_PLACEMENT_3D ( 'NONE', #5181, #1829, #2 ) ;
#5985 = ORIENTED_EDGE ( 'NONE', *, *, #5973, .F. ) ;
#5986 = VERTEX_POINT ( 'NONE', #3674 ) ;
#5987 = CARTESIAN_POINT ( 'NONE',  ( -3.700000000000002398, -4.000000000000000000, -0.5999999999999976463 ) ) ;
#5988 = PLANE ( 'NONE',  #2406 ) ;
#5989 = EDGE_CURVE ( 'NONE', #194, #2311, #4506, .T. ) ;
#5990 = ORIENTED_EDGE ( 'NONE', *, *, #2828, .F. ) ;
#5991 = AXIS2_PLACEMENT_3D ( 'NONE', #3313, #5568, #2762 ) ;
#5992 = EDGE_CURVE ( 'NONE', #5031, #2763, #3034, .T. ) ;
#5993 = DIRECTION ( 'NONE',  ( 0.3303504247281062178, 0.9438583563660173370, 0.000000000000000000 ) ) ;
#5994 = LINE ( 'NONE', #3180, #329 ) ;
#5995 = DIRECTION ( 'NONE',  ( 8.673617379884035472E-16, 1.734723475976807094E-15, 1.000000000000000000 ) ) ;
#5996 = EDGE_LOOP ( 'NONE', ( #6456, #5274, #5793, #273, #4701, #4411 ) ) ;
#5997 = AXIS2_PLACEMENT_3D ( 'NONE', #5415, #265, #6565 ) ;
#5998 = LINE ( 'NONE', #3661, #4578 ) ;
#5999 = AXIS2_PLACEMENT_3D ( 'NONE', #5369, #3597, #4262 ) ;
#6000 = DIRECTION ( 'NONE',  ( -3.878959614448868930E-16, -7.757919228897725042E-16, -1.000000000000000000 ) ) ;
#6001 = EDGE_CURVE ( 'NONE', #2763, #313, #5159, .T. ) ;
#6002 = AXIS2_PLACEMENT_3D ( 'NONE', #7111, #1953, #850 ) ;
#6003 = AXIS2_PLACEMENT_3D ( 'NONE', #995, #3348, #7225 ) ;
#6004 = CARTESIAN_POINT ( 'NONE',  ( 2.600000000000000533, -7.500000000000000000, -3.060232526704262934 ) ) ;
#6005 = DIRECTION ( 'NONE',  ( -0.000000000000000000, -0.000000000000000000, -1.000000000000000000 ) ) ;
#6006 = DIRECTION ( 'NONE',  ( 0.000000000000000000, -1.000000000000000000, 0.000000000000000000 ) ) ;
#6007 = CARTESIAN_POINT ( 'NONE',  ( -1.149999999999999911, 3.000000000000000000, -2.850000000000000089 ) ) ;
#6008 = VERTEX_POINT ( 'NONE', #2497 ) ;
#6009 = ORIENTED_EDGE ( 'NONE', *, *, #5026, .T. ) ;
#6010 = VECTOR ( 'NONE', #6849, 1000.000000000000000 ) ;
#6011 = AXIS2_PLACEMENT_3D ( 'NONE', #6276, #665, #4081 ) ;
#6012 = DIRECTION ( 'NONE',  ( 0.000000000000000000, 0.000000000000000000, 1.000000000000000000 ) ) ;
#6013 = ORIENTED_EDGE ( 'NONE', *, *, #3489, .F. ) ;
#6014 = DIRECTION ( 'NONE',  ( 6.071532165918819308E-15, -1.000000000000000000, 0.000000000000000000 ) ) ;
#6015 = VECTOR ( 'NONE', #4432, 1000.000000000000000 ) ;
#6016 = EDGE_CURVE ( 'NONE', #722, #4347, #7038, .T. ) ;
#6017 = DIRECTION ( 'NONE',  ( 0.000000000000000000, 0.000000000000000000, -1.000000000000000000 ) ) ;
#6018 = ORIENTED_EDGE ( 'NONE', *, *, #471, .F. ) ;
#6019 = CARTESIAN_POINT ( 'NONE',  ( -1.674999999999999822, -2.299999999999999822, 0.000000000000000000 ) ) ;
#6020 = ORIENTED_EDGE ( 'NONE', *, *, #4168, .F. ) ;
#6021 = VERTEX_POINT ( 'NONE', #885 ) ;
#6022 = DIRECTION ( 'NONE',  ( -0.000000000000000000, -0.000000000000000000, -1.000000000000000000 ) ) ;
#6023 = CARTESIAN_POINT ( 'NONE',  ( -3.300000000000010481, -2.000000000000000888, -2.990104334574712919 ) ) ;
#6024 = ORIENTED_EDGE ( 'NONE', *, *, #5497, .F. ) ;
#6025 = CARTESIAN_POINT ( 'NONE',  ( -1.350000000000000089, -2.400000000000003908, -3.200000000000000178 ) ) ;
#6026 = DIRECTION ( 'NONE',  ( 0.000000000000000000, 0.000000000000000000, 1.000000000000000000 ) ) ;
#6027 = VERTEX_POINT ( 'NONE', #2531 ) ;
#6028 = VERTEX_POINT ( 'NONE', #3121 ) ;
#6029 = SHAPE_DEFINITION_REPRESENTATION ( #2071, #7231 ) ;
#6030 = ORIENTED_EDGE ( 'NONE', *, *, #6016, .T. ) ;
#6031 = DIRECTION ( 'NONE',  ( -1.000000000000000000, -6.938893903907227392E-16, 0.000000000000000000 ) ) ;
#6032 = CARTESIAN_POINT ( 'NONE',  ( -3.700000000000009059, -8.000000000000003553, -4.549999999999998934 ) ) ;
#6033 = ORIENTED_EDGE ( 'NONE', *, *, #2736, .F. ) ;
#6034 = DIRECTION ( 'NONE',  ( 8.673617379884030739E-15, -1.000000000000000000, 0.000000000000000000 ) ) ;
#6035 = LINE ( 'NONE', #5551, #6188 ) ;
#6036 = FACE_OUTER_BOUND ( 'NONE', #3712, .T. ) ;
#6037 = EDGE_CURVE ( 'NONE', #1555, #3973, #4815, .T. ) ;
#6038 = CARTESIAN_POINT ( 'NONE',  ( -2.600000000000000533, -7.500000000000000000, -1.900000000000000133 ) ) ;
#6039 = DIRECTION ( 'NONE',  ( 0.000000000000000000, 0.000000000000000000, -1.000000000000000000 ) ) ;
#6040 = DIRECTION ( 'NONE',  ( 1.000000000000000000, 0.000000000000000000, 0.000000000000000000 ) ) ;
#6041 = ORIENTED_EDGE ( 'NONE', *, *, #6088, .T. ) ;
#6042 = ORIENTED_EDGE ( 'NONE', *, *, #4538, .F. ) ;
#6043 = CARTESIAN_POINT ( 'NONE',  ( 1.149999999999999911, -2.900000000000000355, -2.850000000000000089 ) ) ;
#6044 = ORIENTED_EDGE ( 'NONE', *, *, #2750, .F. ) ;
#6045 = DIRECTION ( 'NONE',  ( -0.000000000000000000, -0.000000000000000000, -1.000000000000000000 ) ) ;
#6046 = EDGE_CURVE ( 'NONE', #567, #7275, #7079, .T. ) ;
#6047 = FACE_OUTER_BOUND ( 'NONE', #2843, .T. ) ;
#6048 = EDGE_LOOP ( 'NONE', ( #4273, #4054, #1360 ) ) ;
#6049 = LINE ( 'NONE', #1619, #5883 ) ;
#6050 = ORIENTED_EDGE ( 'NONE', *, *, #3249, .F. ) ;
#6051 = VERTEX_POINT ( 'NONE', #5978 ) ;
#6052 = DIRECTION ( 'NONE',  ( -1.000000000000000000, 0.000000000000000000, 0.000000000000000000 ) ) ;
#6053 = CARTESIAN_POINT ( 'NONE',  ( -3.295092976454764067, -1.795288233907727626, -4.858162128904227828 ) ) ;
#6054 = ORIENTED_EDGE ( 'NONE', *, *, #1176, .T. ) ;
#6055 = CARTESIAN_POINT ( 'NONE',  ( -2.299999999999999822, -1.674999999999999822, 0.6500000000000001332 ) ) ;
#6056 = CARTESIAN_POINT ( 'NONE',  ( -1.450000000000000178, 2.900000000000000355, -2.850000000000000089 ) ) ;
#6057 = ORIENTED_EDGE ( 'NONE', *, *, #2230, .F. ) ;
#6058 = ORIENTED_EDGE ( 'NONE', *, *, #5162, .T. ) ;
#6059 = DIRECTION ( 'NONE',  ( -1.000000000000000000, -2.691812290308837303E-15, 0.000000000000000000 ) ) ;
#6060 = EDGE_CURVE ( 'NONE', #6028, #1039, #4265, .T. ) ;
#6061 = ADVANCED_FACE ( 'NONE', ( #1470 ), #3713, .T. ) ;
#6062 = VERTEX_POINT ( 'NONE', #6019 ) ;
#6063 = DIRECTION ( 'NONE',  ( 0.000000000000000000, 0.000000000000000000, 1.000000000000000000 ) ) ;
#6064 = DIRECTION ( 'NONE',  ( -1.000000000000000000, -8.673617379884051249E-15, 0.000000000000000000 ) ) ;
#6065 = ORIENTED_EDGE ( 'NONE', *, *, #640, .T. ) ;
#6066 = CARTESIAN_POINT ( 'NONE',  ( 2.299999999999999822, -2.299999999999999822, 0.9000000000000001332 ) ) ;
#6067 = DIRECTION ( 'NONE',  ( -0.000000000000000000, -0.000000000000000000, -1.000000000000000000 ) ) ;
#6068 = AXIS2_PLACEMENT_3D ( 'NONE', #4723, #3622, #4797 ) ;
#6069 = DIRECTION ( 'NONE',  ( 0.000000000000000000, 1.000000000000000000, 0.000000000000000000 ) ) ;
#6070 = AXIS2_PLACEMENT_3D ( 'NONE', #276, #4785, #5347 ) ;
#6071 = FACE_OUTER_BOUND ( 'NONE', #2655, .T. ) ;
#6072 = CARTESIAN_POINT ( 'NONE',  ( 0.8499999999999999778, -0.4333333333333333481, -2.649999999999999911 ) ) ;
#6073 = VECTOR ( 'NONE', #6701, 1000.000000000000000 ) ;
#6074 = DIRECTION ( 'NONE',  ( 2.602085213965208275E-15, 1.734723475976805517E-15, 1.000000000000000000 ) ) ;
#6075 = ORIENTED_EDGE ( 'NONE', *, *, #4124, .F. ) ;
#6076 = CARTESIAN_POINT ( 'NONE',  ( -2.299999999999999822, -2.299999999999999822, 0.4000000000000000222 ) ) ;
#6077 = VECTOR ( 'NONE', #4835, 1000.000000000000000 ) ;
#6078 = CARTESIAN_POINT ( 'NONE',  ( -3.700000000000000622, -1.381949069210957620E-31, -0.09999999999998808453 ) ) ;
#6079 = ORIENTED_EDGE ( 'NONE', *, *, #2230, .T. ) ;
#6080 = CARTESIAN_POINT ( 'NONE',  ( 0.8499999999999999778, 0.4333333333333333481, -2.649999999999999911 ) ) ;
#6081 = CARTESIAN_POINT ( 'NONE',  ( -2.899999999999999467, -1.499999999999999112, -3.100000000000000977 ) ) ;
#6082 = VERTEX_POINT ( 'NONE', #3199 ) ;
#6083 = AXIS2_PLACEMENT_3D ( 'NONE', #5198, #2504, #5874 ) ;
#6084 = VERTEX_POINT ( 'NONE', #406 ) ;
#6085 = ORIENTED_EDGE ( 'NONE', *, *, #2419, .T. ) ;
#6086 = EDGE_CURVE ( 'NONE', #629, #2034, #2643, .T. ) ;
#6087 = ADVANCED_FACE ( 'NONE', ( #2099 ), #6196, .F. ) ;
#6088 = EDGE_CURVE ( 'NONE', #1352, #6783, #4337, .T. ) ;
#6089 = DIRECTION ( 'NONE',  ( 1.000000000000000000, 0.000000000000000000, 0.000000000000000000 ) ) ;
#6090 = CARTESIAN_POINT ( 'NONE',  ( -3.135054598115169622, -1.260604053717701012, -4.391147680321848767 ) ) ;
#6091 = AXIS2_PLACEMENT_3D ( 'NONE', #6790, #528, #5050 ) ;
#6092 = ORIENTED_EDGE ( 'NONE', *, *, #2646, .T. ) ;
#6093 = CARTESIAN_POINT ( 'NONE',  ( 3.550000000000000266, -1.674999999999999822, 0.6500000000000001332 ) ) ;
#6094 = CARTESIAN_POINT ( 'NONE',  ( -4.200000000000012612, -7.286606874731853978, -4.049999999999997158 ) ) ;
#6095 = ORIENTED_EDGE ( 'NONE', *, *, #7106, .T. ) ;
#6096 = ORIENTED_EDGE ( 'NONE', *, *, #2592, .T. ) ;
#6097 = PLANE ( 'NONE',  #130 ) ;
#6098 = VECTOR ( 'NONE', #2420, 1000.000000000000000 ) ;
#6099 = MANIFOLD_SOLID_BREP ( 'Mirror4', #6872 ) ;
#6100 = EDGE_CURVE ( 'NONE', #3819, #4179, #1105, .T. ) ;
#6101 = CARTESIAN_POINT ( 'NONE',  ( 3.162683124596869622, -0.4971635526126190752, -3.363715893440616611 ) ) ;
#6102 = ORIENTED_EDGE ( 'NONE', *, *, #2750, .T. ) ;
#6103 = AXIS2_PLACEMENT_3D ( 'NONE', #1763, #4005, #4547 ) ;
#6104 = CARTESIAN_POINT ( 'NONE',  ( -3.700000000000010836, -1.955290967240471023, -3.854081064452107519 ) ) ;
#6105 = CARTESIAN_POINT ( 'NONE',  ( -3.000000000000000000, -1.599999999999999867, -3.100000000000000977 ) ) ;
#6106 = EDGE_CURVE ( 'NONE', #5371, #6717, #3382, .T. ) ;
#6107 = DIRECTION ( 'NONE',  ( 0.000000000000000000, 1.000000000000000000, 0.000000000000000000 ) ) ;
#6108 = VERTEX_POINT ( 'NONE', #2680 ) ;
#6109 = DIRECTION ( 'NONE',  ( 5.330660681387049794E-15, 1.000000000000000000, 0.000000000000000000 ) ) ;
#6110 = PLANE ( 'NONE',  #3575 ) ;
#6111 = COLOUR_RGB ( '',0.7921568627450980005, 0.8196078431372548767, 0.9333333333333333481 ) ;
#6112 = DIRECTION ( 'NONE',  ( 0.000000000000000000, 0.000000000000000000, 1.000000000000000000 ) ) ;
#6113 = VECTOR ( 'NONE', #5856, 1000.000000000000000 ) ;
#6114 = DIRECTION ( 'NONE',  ( 0.000000000000000000, 0.000000000000000000, -1.000000000000000000 ) ) ;
#6115 = DIRECTION ( 'NONE',  ( 0.000000000000000000, 0.000000000000000000, -1.000000000000000000 ) ) ;
#6116 = FACE_BOUND ( 'NONE', #3669, .T. ) ;
#6117 = ORIENTED_EDGE ( 'NONE', *, *, #5288, .T. ) ;
#6118 = VERTEX_POINT ( 'NONE', #1726 ) ;
#6119 = AXIS2_PLACEMENT_3D ( 'NONE', #3292, #3887, #5548 ) ;
#6120 = VECTOR ( 'NONE', #1628, 1000.000000000000000 ) ;
#6121 = DIRECTION ( 'NONE',  ( -1.000000000000000000, 0.000000000000000000, 0.000000000000000000 ) ) ;
#6122 = ORIENTED_EDGE ( 'NONE', *, *, #5203, .T. ) ;
#6123 = LINE ( 'NONE', #6080, #6928 ) ;
#6124 = DIRECTION ( 'NONE',  ( -1.000000000000000000, -6.439293542825908723E-15, 5.585196838722984675E-30 ) ) ;
#6126 = EDGE_LOOP ( 'NONE', ( #3499, #815, #3564, #6577 ) ) ;
#6125 = AXIS2_PLACEMENT_3D ( 'NONE', #7177, #4911, #6040 ) ;
#6127 = EDGE_CURVE ( 'NONE', #4402, #4988, #3820, .T. ) ;
#6129 = VECTOR ( 'NONE', #3265, 1000.000000000000000 ) ;
#6128 = FACE_OUTER_BOUND ( 'NONE', #5366, .T. ) ;
#6130 = EDGE_LOOP ( 'NONE', ( #5208, #5450, #5388, #1587 ) ) ;
#6131 = EDGE_LOOP ( 'NONE', ( #6102, #498, #1090, #3078 ) ) ;
#6132 = ADVANCED_FACE ( 'NONE', ( #6128 ), #5077, .T. ) ;
#6133 = DIRECTION ( 'NONE',  ( 0.000000000000000000, 0.000000000000000000, 1.000000000000000000 ) ) ;
#6134 = VECTOR ( 'NONE', #319, 1000.000000000000000 ) ;
#6135 = CARTESIAN_POINT ( 'NONE',  ( -3.300000000000016254, -2.000000000000000888, -4.858162128904228716 ) ) ;
#6136 = ORIENTED_EDGE ( 'NONE', *, *, #4236, .F. ) ;
#6137 = B_SPLINE_CURVE_WITH_KNOTS ( 'NONE', 2,
 ( #7116, #2503, #1959 ),
 .UNSPECIFIED., .F., .F.,
 ( 3, 3 ),
 ( 0.000000000000000000, 1.000000000000000000 ),
 .UNSPECIFIED. ) ;
#6138 = DIRECTION ( 'NONE',  ( -1.000000000000000000, 0.000000000000000000, 0.000000000000000000 ) ) ;
#6139 = CARTESIAN_POINT ( 'NONE',  ( 3.700000000000010836, -1.999999999999972244, -2.850000000000037392 ) ) ;
#6140 = EDGE_CURVE ( 'NONE', #17, #6841, #6049, .T. ) ;
#6141 = ORIENTED_EDGE ( 'NONE', *, *, #2302, .F. ) ;
#6142 = VERTEX_POINT ( 'NONE', #488 ) ;
#6143 = VECTOR ( 'NONE', #1158, 1000.000000000000000 ) ;
#6144 = CYLINDRICAL_SURFACE ( 'NONE', #5418, 0.1000000000000000472 ) ;
#6145 = CARTESIAN_POINT ( 'NONE',  ( 3.121833710861379618, -0.4958465349151182644, -2.990104334574713807 ) ) ;
#6146 = VERTEX_POINT ( 'NONE', #41 ) ;
#6147 = CARTESIAN_POINT ( 'NONE',  ( -3.700000000000016609, -2.000000000000000000, -5.231773687770115089 ) ) ;
#6148 = CARTESIAN_POINT ( 'NONE',  ( -2.299999999999999378, 1.674999999999999822, 0.6500000000000001332 ) ) ;
#6149 = CARTESIAN_POINT ( 'NONE',  ( -2.900000000000000355, -3.000000000000000000, -3.100000000000000977 ) ) ;
#6150 = ORIENTED_EDGE ( 'NONE', *, *, #6858, .F. ) ;
#6151 = CARTESIAN_POINT ( 'NONE',  ( 2.299999999999999378, -2.300000000000000266, 0.9000000000000001332 ) ) ;
#6152 = DIRECTION ( 'NONE',  ( 1.000000000000000000, 0.000000000000000000, 0.000000000000000000 ) ) ;
#6153 = CARTESIAN_POINT ( 'NONE',  ( -2.300000000000000266, 1.963427199554092617, 0.9000000000000001332 ) ) ;
#6154 = CARTESIAN_POINT ( 'NONE',  ( 3.700000000000021938, -0.4999999999999986122, -6.049999999999997158 ) ) ;
#6155 = LINE ( 'NONE', #3740, #3569 ) ;
#6156 = CARTESIAN_POINT ( 'NONE',  ( 0.000000000000000000, 0.000000000000000000, 0.4000000000000000222 ) ) ;
#6157 = ORIENTED_EDGE ( 'NONE', *, *, #7133, .T. ) ;
#6158 = ORIENTED_EDGE ( 'NONE', *, *, #643, .F. ) ;
#6159 = FACE_OUTER_BOUND ( 'NONE', #2618, .T. ) ;
#6160 = EDGE_CURVE ( 'NONE', #5495, #6349, #1070, .T. ) ;
#6161 = ORIENTED_EDGE ( 'NONE', *, *, #7272, .F. ) ;
#6162 = DIRECTION ( 'NONE',  ( -0.000000000000000000, -0.000000000000000000, -1.000000000000000000 ) ) ;
#6163 = DIRECTION ( 'NONE',  ( 0.000000000000000000, -1.000000000000000000, 0.000000000000000000 ) ) ;
#6164 = ORIENTED_EDGE ( 'NONE', *, *, #7238, .T. ) ;
#6165 = ORIENTED_EDGE ( 'NONE', *, *, #7028, .T. ) ;
#6166 = EDGE_LOOP ( 'NONE', ( #4275, #1185, #3992, #2535 ) ) ;
#6167 = FACE_OUTER_BOUND ( 'NONE', #2310, .T. ) ;
#6168 = CARTESIAN_POINT ( 'NONE',  ( -3.300000000000018030, -0.5015907582572965984, -5.231773687770131076 ) ) ;
#6169 = ORIENTED_EDGE ( 'NONE', *, *, #3990, .T. ) ;
#6170 = LINE ( 'NONE', #2765, #6120 ) ;
#6171 = LINE ( 'NONE', #48, #6559 ) ;
#6172 = ORIENTED_EDGE ( 'NONE', *, *, #7013, .T. ) ;
#6173 = VERTEX_POINT ( 'NONE', #1138 ) ;
#6174 = CARTESIAN_POINT ( 'NONE',  ( 3.041440302102033311, -1.261367288006566056, -3.830730342022995671 ) ) ;
#6175 = ORIENTED_EDGE ( 'NONE', *, *, #2987, .T. ) ;
#6176 = CARTESIAN_POINT ( 'NONE',  ( -3.692222468107805966, -1.859399599620012555, -3.060156501862070666 ) ) ;
#6177 = CARTESIAN_POINT ( 'NONE',  ( 3.700000000000015277, 3.000000000000000888, -4.748279434898255325 ) ) ;
#6178 = FACE_OUTER_BOUND ( 'NONE', #4462, .T. ) ;
#6179 = VERTEX_POINT ( 'NONE', #3230 ) ;
#6180 = CARTESIAN_POINT ( 'NONE',  ( 3.751540677934136703, -5.866400601998985387, -5.049999999999998934 ) ) ;
#6181 = CARTESIAN_POINT ( 'NONE',  ( 3.000000000000001332, -2.999999999999998668, 0.000000000000000000 ) ) ;
#6182 = EDGE_CURVE ( 'NONE', #379, #6594, #5484, .T. ) ;
#6183 = AXIS2_PLACEMENT_3D ( 'NONE', #4913, #4989, #584 ) ;
#6184 = CARTESIAN_POINT ( 'NONE',  ( 3.661775210869747887, -1.632126591231520374, -4.601325557152549095 ) ) ;
#6185 = DIRECTION ( 'NONE',  ( -3.491481338843133355E-15, 0.000000000000000000, -1.000000000000000000 ) ) ;
#6186 = DIRECTION ( 'NONE',  ( 6.439293542825907934E-15, -1.000000000000000000, 0.000000000000000000 ) ) ;
#6187 = CARTESIAN_POINT ( 'NONE',  ( 2.299999999999999822, 2.636572800445907472, 0.9000000000000001332 ) ) ;
#6188 = VECTOR ( 'NONE', #2156, 1000.000000000000000 ) ;
#6189 = DIRECTION ( 'NONE',  ( 1.000000000000000000, 0.000000000000000000, 0.000000000000000000 ) ) ;
#6190 = CARTESIAN_POINT ( 'NONE',  ( -3.437244651700125164, -5.168916494400138895, -4.050000000000012257 ) ) ;
#6191 = EDGE_LOOP ( 'NONE', ( #4912, #3213, #442, #5907 ) ) ;
#6192 = DIRECTION ( 'NONE',  ( 1.000000000000000000, 0.000000000000000000, 0.000000000000000000 ) ) ;
#6193 = VECTOR ( 'NONE', #3654, 1000.000000000000000 ) ;
#6194 = CARTESIAN_POINT ( 'NONE',  ( -3.700000000000010836, -4.000000000000000000, -3.049999999999999378 ) ) ;
#6195 = DIRECTION ( 'NONE',  ( -0.000000000000000000, -0.000000000000000000, -1.000000000000000000 ) ) ;
#6196 = CYLINDRICAL_SURFACE ( 'NONE', #6931, 0.8999999999999998002 ) ;
#6197 = ADVANCED_FACE ( 'NONE', ( #7222 ), #7188, .T. ) ;
#6198 = ORIENTED_EDGE ( 'NONE', *, *, #5341, .F. ) ;
#6199 = EDGE_CURVE ( 'NONE', #1747, #4564, #7260, .T. ) ;
#6200 = VERTEX_POINT ( 'NONE', #4450 ) ;
#6201 = AXIS2_PLACEMENT_3D ( 'NONE', #6984, #2016, #4174 ) ;
#6202 = FACE_OUTER_BOUND ( 'NONE', #6580, .T. ) ;
#6203 = PLANE ( 'NONE',  #6581 ) ;
#6204 = VERTEX_POINT ( 'NONE', #1663 ) ;
#6205 = CIRCLE ( 'NONE', #1487, 0.5000000000000004441 ) ;
#6206 = CARTESIAN_POINT ( 'NONE',  ( -3.300000000000010481, -4.425035759465945693E-16, -2.849999999999998312 ) ) ;
#6207 = CARTESIAN_POINT ( 'NONE',  ( -2.925000000000000266, 2.299999999999999822, 0.000000000000000000 ) ) ;
#6208 = ORIENTED_EDGE ( 'NONE', *, *, #2330, .T. ) ;
#6209 = ORIENTED_EDGE ( 'NONE', *, *, #2022, .F. ) ;
#6210 = AXIS2_PLACEMENT_3D ( 'NONE', #2487, #6519, #6855 ) ;
#6211 = CARTESIAN_POINT ( 'NONE',  ( 3.300000000000015810, -1.905816649150110509, -4.391147680321848767 ) ) ;
#6212 = CARTESIAN_POINT ( 'NONE',  ( -3.700000000000011724, -2.000000000000000444, -4.274394068176243344 ) ) ;
#6213 = CARTESIAN_POINT ( 'NONE',  ( 2.299999999999999822, 2.925000000000000711, 0.6500000000000001332 ) ) ;
#6214 = VECTOR ( 'NONE', #2512, 1000.000000000000000 ) ;
#6215 = ORIENTED_EDGE ( 'NONE', *, *, #5544, .F. ) ;
#6216 = EDGE_CURVE ( 'NONE', #6200, #3454, #3971, .T. ) ;
#6217 = LINE ( 'NONE', #1260, #6143 ) ;
#6218 = DIRECTION ( 'NONE',  ( 0.000000000000000000, 0.000000000000000000, -1.000000000000000000 ) ) ;
#6219 = ADVANCED_FACE ( 'NONE', ( #6336 ), #3482, .T. ) ;
#6220 = CIRCLE ( 'NONE', #7150, 0.09999999999999982514 ) ;
#6221 = CARTESIAN_POINT ( 'NONE',  ( 3.295212096815360425, -1.130862375711691348, -3.060156501862066669 ) ) ;
#6222 = CARTESIAN_POINT ( 'NONE',  ( -1.750000000000000000, -2.143131898507868297E-16, 0.000000000000000000 ) ) ;
#6223 = SPHERICAL_SURFACE ( 'NONE', #3620, 0.1000000000000000056 ) ;
#6224 = EDGE_CURVE ( 'NONE', #379, #530, #5185, .T. ) ;
#6225 = DIRECTION ( 'NONE',  ( 0.4472135954999583718, -0.8944271909999157444, 0.000000000000000000 ) ) ;
#6226 = DIRECTION ( 'NONE',  ( 0.000000000000000000, 0.000000000000000000, 1.000000000000000000 ) ) ;
#6227 = AXIS2_PLACEMENT_3D ( 'NONE', #5221, #6378, #5082 ) ;
#6228 = CARTESIAN_POINT ( 'NONE',  ( 2.299999999999999378, 2.300000000000000266, 0.9000000000000001332 ) ) ;
#6229 = CARTESIAN_POINT ( 'NONE',  ( -1.350000000000000089, 2.400000000000003908, -3.200000000000000178 ) ) ;
#6230 = DIRECTION ( 'NONE',  ( 1.000000000000000000, 0.000000000000000000, 0.000000000000000000 ) ) ;
#6231 = AXIS2_PLACEMENT_3D ( 'NONE', #6631, #3340, #484 ) ;
#6232 = CARTESIAN_POINT ( 'NONE',  ( 2.900000000000000799, 2.400000000000000355, -3.100000000000000977 ) ) ;
#6233 = CARTESIAN_POINT ( 'NONE',  ( -3.700000000000018829, 2.599999999999999645, -5.371878022344831471 ) ) ;
#6234 = CARTESIAN_POINT ( 'NONE',  ( 3.254651492154264414, -0.8683835334878821088, -2.849999999999999201 ) ) ;
#6235 = ORIENTED_EDGE ( 'NONE', *, *, #7202, .T. ) ;
#6236 = ORIENTED_EDGE ( 'NONE', *, *, #5071, .T. ) ;
#6237 = VECTOR ( 'NONE', #1290, 1000.000000000000000 ) ;
#6238 = VECTOR ( 'NONE', #4768, 1000.000000000000000 ) ;
#6239 = CARTESIAN_POINT ( 'NONE',  ( -3.700000000000018829, -4.336808689942017736E-16, -5.371878022344831471 ) ) ;
#6240 = SURFACE_STYLE_FILL_AREA ( #5682 ) ;
#6241 = EDGE_CURVE ( 'NONE', #2163, #5087, #2927, .T. ) ;
#6242 = VERTEX_POINT ( 'NONE', #4699 ) ;
#6243 = AXIS2_PLACEMENT_3D ( 'NONE', #377, #3164, #3750 ) ;
#6244 = DIRECTION ( 'NONE',  ( -0.000000000000000000, -0.000000000000000000, -1.000000000000000000 ) ) ;
#6245 = CYLINDRICAL_SURFACE ( 'NONE', #3132, 0.09999999999999982514 ) ;
#6246 = ADVANCED_FACE ( 'NONE', ( #4552 ), #148, .F. ) ;
#6247 = ORIENTED_EDGE ( 'NONE', *, *, #6531, .F. ) ;
#6248 = VERTEX_POINT ( 'NONE', #730 ) ;
#6249 = AXIS2_PLACEMENT_3D ( 'NONE', #4140, #6948, #870 ) ;
#6250 = CIRCLE ( 'NONE', #5292, 1.750000000000000000 ) ;
#6251 = CARTESIAN_POINT ( 'NONE',  ( 3.295092976454764955, -1.795288233907725850, -4.858162128904227828 ) ) ;
#6252 = ADVANCED_FACE ( 'NONE', ( #4621 ), #6880, .T. ) ;
#6253 = CARTESIAN_POINT ( 'NONE',  ( -3.700000000000018385, -1.762509617146805319, -5.231753318496019212 ) ) ;
#6254 = CARTESIAN_POINT ( 'NONE',  ( -2.299999999999999822, -2.299999999999999822, 0.9000000000000001332 ) ) ;
#6255 = AXIS2_PLACEMENT_3D ( 'NONE', #3019, #7051, #196 ) ;
#6256 = ORIENTED_EDGE ( 'NONE', *, *, #2264, .F. ) ;
#6257 = CARTESIAN_POINT ( 'NONE',  ( -5.234079453378311957E-15, 2.500000000000006217, -2.850000000000000089 ) ) ;
#6258 = CARTESIAN_POINT ( 'NONE',  ( -3.700000000000009948, -1.999999999999974021, -2.850000000000037392 ) ) ;
#6259 = CARTESIAN_POINT ( 'NONE',  ( 3.376454728654989079, -1.303900694762706980, -3.060156501862067557 ) ) ;
#6260 = ADVANCED_FACE ( 'NONE', ( #5217 ), #2347, .T. ) ;
#6261 = DIRECTION ( 'NONE',  ( 0.000000000000000000, -1.000000000000000000, 3.523657060577896116E-15 ) ) ;
#6262 = DIRECTION ( 'NONE',  ( 6.071532165918819308E-15, -1.000000000000000000, 0.000000000000000000 ) ) ;
#6263 = CARTESIAN_POINT ( 'NONE',  ( 3.729129044202595722, -7.118438676232772266, -4.049999999999998046 ) ) ;
#6264 = DIRECTION ( 'NONE',  ( 1.000000000000000000, 0.000000000000000000, 0.000000000000000000 ) ) ;
#6265 = DIRECTION ( 'NONE',  ( 0.000000000000000000, 0.000000000000000000, 1.000000000000000000 ) ) ;
#6266 = LINE ( 'NONE', #5744, #1752 ) ;
#6267 = EDGE_CURVE ( 'NONE', #3166, #6564, #4011, .T. ) ;
#6268 = CYLINDRICAL_SURFACE ( 'NONE', #2297, 0.6250000000000001110 ) ;
#6269 = CARTESIAN_POINT ( 'NONE',  ( 2.999999999999998668, 3.000000000000001332, 0.4000000000000000222 ) ) ;
#6270 = CARTESIAN_POINT ( 'NONE',  ( 3.581626459467555090, -1.617439089904074034, -2.849999999999998757 ) ) ;
#6271 = ORIENTED_EDGE ( 'NONE', *, *, #1937, .F. ) ;
#6272 = VERTEX_POINT ( 'NONE', #72 ) ;
#6273 = FACE_OUTER_BOUND ( 'NONE', #1618, .T. ) ;
#6274 = ADVANCED_FACE ( 'NONE', ( #1873 ), #3000, .T. ) ;
#6275 = ORIENTED_EDGE ( 'NONE', *, *, #5259, .T. ) ;
#6276 = CARTESIAN_POINT ( 'NONE',  ( -3.000000000000000000, 2.900000000000000355, -3.100000000000000977 ) ) ;
#6277 = FACE_OUTER_BOUND ( 'NONE', #1779, .T. ) ;
#6278 = ORIENTED_EDGE ( 'NONE', *, *, #6606, .F. ) ;
#6279 = ORIENTED_EDGE ( 'NONE', *, *, #2330, .F. ) ;
#6280 = PRESENTATION_STYLE_ASSIGNMENT (( #4023 ) ) ;
#6281 = CARTESIAN_POINT ( 'NONE',  ( -3.661966703404203827, -0.3680541990063642133, -4.601326066706977080 ) ) ;
#6282 = LINE ( 'NONE', #3464, #1133 ) ;
#6283 = ORIENTED_EDGE ( 'NONE', *, *, #1076, .T. ) ;
#6284 = DIRECTION ( 'NONE',  ( 1.000000000000000000, 0.000000000000000000, -3.491481338843133355E-15 ) ) ;
#6285 = EDGE_CURVE ( 'NONE', #2499, #1211, #5145, .T. ) ;
#6287 = EDGE_CURVE ( 'NONE', #7103, #6815, #1178, .T. ) ;
#6286 = FACE_OUTER_BOUND ( 'NONE', #4959, .T. ) ;
#6288 = CARTESIAN_POINT ( 'NONE',  ( 3.697235051735587863, -1.869900702525673308, -4.601303944796274692 ) ) ;
#6289 = LINE ( 'NONE', #4580, #3488 ) ;
#6290 = LINE ( 'NONE', #2267, #5270 ) ;
#6291 = VERTEX_POINT ( 'NONE', #5710 ) ;
#6292 = FACE_BOUND ( 'NONE', #4716, .T. ) ;
#6293 = CARTESIAN_POINT ( 'NONE',  ( -1.674999999999999822, 2.299999999999999822, 0.000000000000000000 ) ) ;
#6294 = LINE ( 'NONE', #620, #2908 ) ;
#6295 = CARTESIAN_POINT ( 'NONE',  ( -1.450000000000000178, 0.000000000000000000, -3.100000000000000977 ) ) ;
#6296 = CARTESIAN_POINT ( 'NONE',  ( 1.350000000000000089, -3.000000000000000000, -2.850000000000000089 ) ) ;
#6297 = AXIS2_PLACEMENT_3D ( 'NONE', #3409, #1824, #4031 ) ;
#6298 = FACE_OUTER_BOUND ( 'NONE', #4831, .T. ) ;
#6299 = CARTESIAN_POINT ( 'NONE',  ( 3.582219468606518742, -0.3831343926248200749, -2.849999999999998312 ) ) ;
#6300 = VERTEX_POINT ( 'NONE', #4591 ) ;
#6301 = EDGE_LOOP ( 'NONE', ( #852, #6571, #6042, #4299 ) ) ;
#6302 = EDGE_CURVE ( 'NONE', #2638, #4523, #3757, .T. ) ;
#6303 = AXIS2_PLACEMENT_3D ( 'NONE', #1124, #3365, #4576 ) ;
#6304 = CARTESIAN_POINT ( 'NONE',  ( -3.000000000000000000, 0.000000000000000000, -2.850000000000000089 ) ) ;
#6305 = EDGE_CURVE ( 'NONE', #1116, #230, #5053, .T. ) ;
#6306 = LINE ( 'NONE', #705, #4809 ) ;
#6307 = CARTESIAN_POINT ( 'NONE',  ( -1.450000000000000178, -1.499999999999999778, -3.100000000000000977 ) ) ;
#6308 = AXIS2_PLACEMENT_3D ( 'NONE', #2396, #4637, #1853 ) ;
#6309 = ORIENTED_EDGE ( 'NONE', *, *, #2485, .T. ) ;
#6310 = ORIENTED_EDGE ( 'NONE', *, *, #4981, .F. ) ;
#6311 = EDGE_CURVE ( 'NONE', #6765, #5393, #2632, .T. ) ;
#6312 = EDGE_CURVE ( 'NONE', #5186, #2454, #1878, .T. ) ;
#6313 = CARTESIAN_POINT ( 'NONE',  ( 3.300000000000019362, -1.498409241742702847, -5.371878022344843906 ) ) ;
#6314 = CIRCLE ( 'NONE', #3949, 0.09999999999999939493 ) ;
#6315 = CARTESIAN_POINT ( 'NONE',  ( -3.469184676373341603, -0.5358284726501666428, -2.849999999999996092 ) ) ;
#6316 = CYLINDRICAL_SURFACE ( 'NONE', #430, 0.09999999999999982514 ) ;
#6317 = ORIENTED_EDGE ( 'NONE', *, *, #6100, .F. ) ;
#6318 = CARTESIAN_POINT ( 'NONE',  ( 3.700000000000012612, -3.999999999999998224, -3.049999999999999378 ) ) ;
#6319 = CIRCLE ( 'NONE', #79, 0.6250000000000001110 ) ;
#6320 = CARTESIAN_POINT ( 'NONE',  ( -3.582219468606518742, -0.3831343926248216847, -2.849999999999998312 ) ) ;
#6321 = ORIENTED_EDGE ( 'NONE', *, *, #6966, .T. ) ;
#6322 = CIRCLE ( 'NONE', #3725, 0.09999999999999982514 ) ;
#6323 = EDGE_CURVE ( 'NONE', #3, #7032, #6407, .T. ) ;
#6324 = CARTESIAN_POINT ( 'NONE',  ( 3.343803370996313973, -1.305601146198355655, -2.849999999999998757 ) ) ;
#6325 = CARTESIAN_POINT ( 'NONE',  ( -4.128237442572069149, -6.000935160798248624, -4.049999999999998934 ) ) ;
#6326 = CARTESIAN_POINT ( 'NONE',  ( -3.700000000000012168, -7.500000000000003553, -4.549999999999998934 ) ) ;
#6327 = ORIENTED_EDGE ( 'NONE', *, *, #2354, .T. ) ;
#6328 = DIRECTION ( 'NONE',  ( 0.000000000000000000, 1.000000000000000000, 0.000000000000000000 ) ) ;
#6329 = CARTESIAN_POINT ( 'NONE',  ( 1.626854399108187410, 2.636572800445907916, 0.9000000000000003553 ) ) ;
#6330 = VECTOR ( 'NONE', #1283, 1000.000000000000000 ) ;
#6331 = DIRECTION ( 'NONE',  ( 2.602085213965209064E-15, -1.734723475976804333E-15, -1.000000000000000000 ) ) ;
#6332 = CARTESIAN_POINT ( 'NONE',  ( -3.300000000000010481, 2.599999999999999645, -3.050000000000000711 ) ) ;
#6333 = DIRECTION ( 'NONE',  ( 2.602085213965208275E-15, 1.734723475976805517E-15, 1.000000000000000000 ) ) ;
#6334 = AXIS2_PLACEMENT_3D ( 'NONE', #36, #4513, #3966 ) ;
#6335 = CARTESIAN_POINT ( 'NONE',  ( -3.000000000000000000, -2.900000000000000355, -3.100000000000000977 ) ) ;
#6336 = FACE_OUTER_BOUND ( 'NONE', #4385, .T. ) ;
#6337 = ORIENTED_EDGE ( 'NONE', *, *, #668, .F. ) ;
#6338 = ORIENTED_EDGE ( 'NONE', *, *, #2115, .T. ) ;
#6339 = AXIS2_PLACEMENT_3D ( 'NONE', #1805, #152, #4015 ) ;
#6340 = CARTESIAN_POINT ( 'NONE',  ( 1.450000000000000400, 2.500000000000001332, -2.850000000000000089 ) ) ;
#6341 = CARTESIAN_POINT ( 'NONE',  ( 2.899999999999999911, -2.499999999999999556, -3.100000000000000977 ) ) ;
#6342 = EDGE_CURVE ( 'NONE', #1399, #1402, #1350, .T. ) ;
#6343 = CARTESIAN_POINT ( 'NONE',  ( -3.000000000000000000, -2.399999999999998579, -2.850000000000000089 ) ) ;
#6344 = VECTOR ( 'NONE', #1349, 1000.000000000000000 ) ;
#6346 = CIRCLE ( 'NONE', #5755, 0.6250000000000001110 ) ;
#6345 = SURFACE_STYLE_FILL_AREA ( #5720 ) ;
#6347 = EDGE_CURVE ( 'NONE', #2311, #2021, #5857, .T. ) ;
#6348 = VERTEX_POINT ( 'NONE', #398 ) ;
#6349 = VERTEX_POINT ( 'NONE', #5296 ) ;
#6350 = CIRCLE ( 'NONE', #5642, 0.09999999999999982514 ) ;
#6351 = CARTESIAN_POINT ( 'NONE',  ( 1.350000000000000089, 2.400000000000001688, -3.200000000000000178 ) ) ;
#6352 = VECTOR ( 'NONE', #6138, 1000.000000000000000 ) ;
#6353 = EDGE_CURVE ( 'NONE', #2874, #6204, #6444, .T. ) ;
#6354 = CARTESIAN_POINT ( 'NONE',  ( -3.696433950078047204, -0.1979260160679794101, -5.021628620305819801 ) ) ;
#6355 = CARTESIAN_POINT ( 'NONE',  ( 2.299999999999999822, 2.299999999999999822, 0.6500000000000001332 ) ) ;
#6356 = VERTEX_POINT ( 'NONE', #4805 ) ;
#6357 = LINE ( 'NONE', #5237, #2773 ) ;
#6358 = VECTOR ( 'NONE', #4871, 999.9999999999998863 ) ;
#6359 = CARTESIAN_POINT ( 'NONE',  ( -3.700000000000000178, 4.336808689942079366E-16, -0.09999999999998791800 ) ) ;
#6360 = AXIS2_PLACEMENT_3D ( 'NONE', #4336, #1103, #6601 ) ;
#6361 = CARTESIAN_POINT ( 'NONE',  ( -3.470176658158760752, -1.463507788113294961, -2.850000000000000977 ) ) ;
#6362 = ORIENTED_EDGE ( 'NONE', *, *, #5026, .F. ) ;
#6363 = CARTESIAN_POINT ( 'NONE',  ( 3.227960847199674355, -1.000113306498447319, -2.849999999999998312 ) ) ;
#6364 = LINE ( 'NONE', #5318, #6910 ) ;
#6365 = CARTESIAN_POINT ( 'NONE',  ( -3.200000000000000622, 0.000000000000000000, 9.703609443745264684E-15 ) ) ;
#6366 = ORIENTED_EDGE ( 'NONE', *, *, #6342, .T. ) ;
#6367 = DIRECTION ( 'NONE',  ( -1.000000000000000000, 0.000000000000000000, 0.000000000000000000 ) ) ;
#6368 = LINE ( 'NONE', #1311, #2986 ) ;
#6369 = DIRECTION ( 'NONE',  ( 0.000000000000000000, 0.000000000000000000, 1.000000000000000000 ) ) ;
#6370 = DIRECTION ( 'NONE',  ( -0.3303504247281062178, 0.9438583563660173370, 0.000000000000000000 ) ) ;
#6371 = CARTESIAN_POINT ( 'NONE',  ( 1.149999999999999911, 0.000000000000000000, -3.100000000000000977 ) ) ;
#6372 = CARTESIAN_POINT ( 'NONE',  ( 2.300000000000000711, -2.299999999999998934, 0.000000000000000000 ) ) ;
#6373 = DIRECTION ( 'NONE',  ( -1.000000000000000000, 0.000000000000000000, 0.000000000000000000 ) ) ;
#6374 = ORIENTED_EDGE ( 'NONE', *, *, #6481, .F. ) ;
#6375 = ORIENTED_EDGE ( 'NONE', *, *, #1950, .T. ) ;
#6376 = ADVANCED_FACE ( 'NONE', ( #2522 ), #2489, .T. ) ;
#6377 = DIRECTION ( 'NONE',  ( 0.000000000000000000, 1.000000000000000000, 0.000000000000000000 ) ) ;
#6378 = DIRECTION ( 'NONE',  ( 1.000000000000000000, 0.000000000000000000, 0.000000000000000000 ) ) ;
#6379 = CARTESIAN_POINT ( 'NONE',  ( -1.450000000000000178, 0.000000000000000000, -2.850000000000000089 ) ) ;
#6380 = ORIENTED_EDGE ( 'NONE', *, *, #2937, .F. ) ;
#6381 = FACE_OUTER_BOUND ( 'NONE', #2140, .T. ) ;
#6382 = ORIENTED_EDGE ( 'NONE', *, *, #3362, .T. ) ;
#6383 = ORIENTED_EDGE ( 'NONE', *, *, #889, .F. ) ;
#6384 = EDGE_CURVE ( 'NONE', #1709, #2285, #4764, .T. ) ;
#6385 = CARTESIAN_POINT ( 'NONE',  ( 3.300000000000018030, -0.7407407407407394784, -5.231773687770131076 ) ) ;
#6386 = ORIENTED_EDGE ( 'NONE', *, *, #5920, .T. ) ;
#6387 = CARTESIAN_POINT ( 'NONE',  ( -3.700000000000016609, -0.8789334814492072434, -5.229161585548885327 ) ) ;
#6388 = CARTESIAN_POINT ( 'NONE',  ( 2.600000000000000533, 3.100000000000000533, -2.200000000000000178 ) ) ;
#6389 = ORIENTED_EDGE ( 'NONE', *, *, #6470, .T. ) ;
#6390 = CARTESIAN_POINT ( 'NONE',  ( -3.000000000000000000, -3.000000000000000000, 0.000000000000000000 ) ) ;
#6391 = DIRECTION ( 'NONE',  ( 0.3363363969981568724, -0.9417419115948372221, 0.000000000000000000 ) ) ;
#6392 = FACE_OUTER_BOUND ( 'NONE', #5464, .T. ) ;
#6393 = ADVANCED_FACE ( 'NONE', ( #877 ), #7029, .T. ) ;
#6394 = ORIENTED_EDGE ( 'NONE', *, *, #613, .T. ) ;
#6395 = CARTESIAN_POINT ( 'NONE',  ( 3.271231102873039198, -1.000102920069422696, -3.060156501862067557 ) ) ;
#6396 = CARTESIAN_POINT ( 'NONE',  ( 2.299999999999999822, -2.299999999999999822, 0.9000000000000001332 ) ) ;
#6397 = PLANE ( 'NONE',  #3865 ) ;
#6398 = ORIENTED_EDGE ( 'NONE', *, *, #2677, .F. ) ;
#6399 = CARTESIAN_POINT ( 'NONE',  ( 3.795015528100094127, -4.990031056200154858, -5.049999999999998934 ) ) ;
#6400 = CARTESIAN_POINT ( 'NONE',  ( -2.925000000000000266, -2.299999999999999822, 0.4000000000000000222 ) ) ;
#6401 = EDGE_CURVE ( 'NONE', #4969, #3863, #5933, .T. ) ;
#6402 = DIRECTION ( 'NONE',  ( -0.000000000000000000, -0.000000000000000000, -1.000000000000000000 ) ) ;
#6403 = DIRECTION ( 'NONE',  ( -0.000000000000000000, -0.000000000000000000, -1.000000000000000000 ) ) ;
#6404 = CARTESIAN_POINT ( 'NONE',  ( 3.700000000000015277, 3.000000000000000888, -4.748279434898255325 ) ) ;
#6405 = CARTESIAN_POINT ( 'NONE',  ( 2.899999999999999467, 1.500000000000000000, -2.850000000000000089 ) ) ;
#6406 =( BOUNDED_SURFACE ( )  B_SPLINE_SURFACE ( 2, 3, ( 
 ( #1095, #1572, #511, #2746 ),
 ( #5515, #6662, #6592, #4870 ),
 ( #7212, #476, #5589, #7136 ) ),
 .UNSPECIFIED., .F., .F., .F. ) 
 B_SPLINE_SURFACE_WITH_KNOTS ( ( 3, 3 ),
 ( 4, 4 ),
 ( 0.000000000000000000, 1.000000000000000000 ),
 ( 0.000000000000000000, 1.000000000000000000 ),
 .UNSPECIFIED. ) 
 GEOMETRIC_REPRESENTATION_ITEM ( )  RATIONAL_B_SPLINE_SURFACE ( (
 ( 1.000000000000000000, 0.3333333333333332038, 0.3333333333333332038, 1.000000000000000000),
 ( 1.000000000000000000, 0.3333333333333332038, 0.3333333333333332038, 1.000000000000000000),
 ( 1.000000000000000000, 0.3333333333333332038, 0.3333333333333332038, 1.000000000000000000) ) ) 
 REPRESENTATION_ITEM ( '' )  SURFACE ( )  );
#6407 = LINE ( 'NONE', #1907, #3880 ) ;
#6408 = ORIENTED_EDGE ( 'NONE', *, *, #4987, .F. ) ;
#6409 = ORIENTED_EDGE ( 'NONE', *, *, #2195, .T. ) ;
#6410 = LINE ( 'NONE', #2606, #2437 ) ;
#6411 = CYLINDRICAL_SURFACE ( 'NONE', #5999, 0.6250000000000001110 ) ;
#6412 = VECTOR ( 'NONE', #6189, 1000.000000000000000 ) ;
#6413 = EDGE_CURVE ( 'NONE', #5219, #5086, #5897, .T. ) ;
#6414 = DIRECTION ( 'NONE',  ( -1.000000000000000000, -2.093631781351319655E-15, 0.000000000000000000 ) ) ;
#6415 = ORIENTED_EDGE ( 'NONE', *, *, #3045, .F. ) ;
#6416 = CARTESIAN_POINT ( 'NONE',  ( -3.700000000000013944, -7.200000000000002842, -5.049999999999998934 ) ) ;
#6417 = ORIENTED_EDGE ( 'NONE', *, *, #1076, .F. ) ;
#6418 = ORIENTED_EDGE ( 'NONE', *, *, #1806, .T. ) ;
#6419 = ORIENTED_EDGE ( 'NONE', *, *, #2022, .T. ) ;
#6420 = VECTOR ( 'NONE', #6467, 1000.000000000000000 ) ;
#6421 = CARTESIAN_POINT ( 'NONE',  ( -3.227960847199673911, -1.000113306498448651, -2.849999999999998312 ) ) ;
#6422 = CARTESIAN_POINT ( 'NONE',  ( 4.200000000000018829, -7.286606874731853978, -5.049999999999997158 ) ) ;
#6423 = ORIENTED_EDGE ( 'NONE', *, *, #2700, .T. ) ;
#6424 = CARTESIAN_POINT ( 'NONE',  ( -3.751540677934134038, -5.866400601998987163, -5.049999999999998934 ) ) ;
#6425 = DIRECTION ( 'NONE',  ( 1.000000000000000000, 0.000000000000000000, 0.000000000000000000 ) ) ;
#6426 = CARTESIAN_POINT ( 'NONE',  ( 1.050000000000000044, 2.900000000000000355, -2.850000000000000089 ) ) ;
#6427 = AXIS2_PLACEMENT_3D ( 'NONE', #2306, #4039, #5636 ) ;
#6428 = ORIENTED_EDGE ( 'NONE', *, *, #1889, .T. ) ;
#6429 = CARTESIAN_POINT ( 'NONE',  ( 3.674349783048587614, -0.2166260169596211649, -3.060156501862068446 ) ) ;
#6430 = EDGE_CURVE ( 'NONE', #4555, #2758, #3993, .T. ) ;
#6431 = AXIS2_PLACEMENT_3D ( 'NONE', #1639, #1367, #2394 ) ;
#6432 = CARTESIAN_POINT ( 'NONE',  ( 1.350000000000000089, -2.900000000000000355, -3.200000000000000178 ) ) ;
#6433 = LINE ( 'NONE', #5886, #699 ) ;
#6434 = EDGE_LOOP ( 'NONE', ( #3640, #6522, #3428, #4126 ) ) ;
#6435 = CARTESIAN_POINT ( 'NONE',  ( 3.700000000000014388, -7.286606874731848649, -4.049999999999998934 ) ) ;
#6436 = EDGE_CURVE ( 'NONE', #3010, #5495, #5363, .T. ) ;
#6437 = FACE_OUTER_BOUND ( 'NONE', #2788, .T. ) ;
#6438 = VECTOR ( 'NONE', #4019, 1000.000000000000000 ) ;
#6439 = DIRECTION ( 'NONE',  ( -4.486353817181402078E-16, -1.000000000000000000, 0.000000000000000000 ) ) ;
#6440 = DIRECTION ( 'NONE',  ( -0.000000000000000000, -0.000000000000000000, -1.000000000000000000 ) ) ;
#6441 = EDGE_CURVE ( 'NONE', #1669, #5953, #817, .T. ) ;
#6442 = DIRECTION ( 'NONE',  ( 3.491481338843133355E-15, 1.577279855319300948E-30, -1.000000000000000000 ) ) ;
#6443 = DIRECTION ( 'NONE',  ( 0.000000000000000000, 0.000000000000000000, -1.000000000000000000 ) ) ;
#6444 = LINE ( 'NONE', #3038, #1996 ) ;
#6445 = CIRCLE ( 'NONE', #3604, 0.09999999999999982514 ) ;
#6446 = VERTEX_POINT ( 'NONE', #914 ) ;
#6447 = ORIENTED_EDGE ( 'NONE', *, *, #6413, .T. ) ;
#6448 = FACE_BOUND ( 'NONE', #2991, .T. ) ;
#6449 = DIRECTION ( 'NONE',  ( 1.000000000000000000, 0.000000000000000000, 0.000000000000000000 ) ) ;
#6450 = VECTOR ( 'NONE', #4955, 1000.000000000000000 ) ;
#6451 =( BOUNDED_SURFACE ( )  B_SPLINE_SURFACE ( 2, 3, ( 
 ( #1644, #945, #2122, #6654 ),
 ( #2081, #6620, #1567, #4864 ),
 ( #6151, #3803, #7128, #6066 ) ),
 .UNSPECIFIED., .F., .F., .F. ) 
 B_SPLINE_SURFACE_WITH_KNOTS ( ( 3, 3 ),
 ( 4, 4 ),
 ( 0.000000000000000000, 1.000000000000000000 ),
 ( 0.000000000000000000, 1.000000000000000000 ),
 .UNSPECIFIED. ) 
 GEOMETRIC_REPRESENTATION_ITEM ( )  RATIONAL_B_SPLINE_SURFACE ( (
 ( 1.000000000000000000, 0.3333333333333334259, 0.3333333333333334259, 1.000000000000000000),
 ( 1.000000000000000000, 0.3333333333333334259, 0.3333333333333334259, 1.000000000000000000),
 ( 1.000000000000000000, 0.3333333333333334259, 0.3333333333333334259, 1.000000000000000000) ) ) 
 REPRESENTATION_ITEM ( '' )  SURFACE ( )  );
#6452 = CARTESIAN_POINT ( 'NONE',  ( -3.000000000000000000, 3.000000000000000000, -3.200000000000000178 ) ) ;
#6453 = ORIENTED_EDGE ( 'NONE', *, *, #5992, .T. ) ;
#6454 = DIRECTION ( 'NONE',  ( -1.000000000000000000, -0.000000000000000000, -0.000000000000000000 ) ) ;
#6455 = ORIENTED_EDGE ( 'NONE', *, *, #2828, .T. ) ;
#6456 = ORIENTED_EDGE ( 'NONE', *, *, #2892, .F. ) ;
#6457 = PRESENTATION_LAYER_ASSIGNMENT (  '', '', ( #1513 ) ) ;
#6458 = ADVANCED_FACE ( 'NONE', ( #3151 ), #5405, .F. ) ;
#6459 = CARTESIAN_POINT ( 'NONE',  ( -3.278597828075717313, -1.797246988481830732, -2.990104334574712919 ) ) ;
#6460 = AXIS2_PLACEMENT_3D ( 'NONE', #3439, #99, #6840 ) ;
#6461 = CIRCLE ( 'NONE', #4682, 0.6250000000000001110 ) ;
#6462 = LINE ( 'NONE', #7005, #1401 ) ;
#6463 = CARTESIAN_POINT ( 'NONE',  ( -3.437244651700124276, -5.168916494400138006, -4.049999999999998934 ) ) ;
#6464 = ORIENTED_EDGE ( 'NONE', *, *, #4017, .F. ) ;
#6465 = DIRECTION ( 'NONE',  ( 0.000000000000000000, 0.000000000000000000, -1.000000000000000000 ) ) ;
#6466 = CARTESIAN_POINT ( 'NONE',  ( -3.121833710861378730, -0.4958465349151196522, -2.850000000000002753 ) ) ;
#6467 = DIRECTION ( 'NONE',  ( -0.000000000000000000, -0.000000000000000000, -1.000000000000000000 ) ) ;
#6468 = AXIS2_PLACEMENT_3D ( 'NONE', #1438, #1509, #4339 ) ;
#6469 = AXIS2_PLACEMENT_3D ( 'NONE', #382, #3205, #893 ) ;
#6470 = EDGE_CURVE ( 'NONE', #2681, #4523, #3741, .T. ) ;
#6471 = ORIENTED_EDGE ( 'NONE', *, *, #5594, .T. ) ;
#6472 = CARTESIAN_POINT ( 'NONE',  ( 3.254651492154264414, -0.8683835334878821088, -2.849999999999999201 ) ) ;
#6473 = COLOUR_RGB ( '',0.7921568627450980005, 0.8196078431372548767, 0.9333333333333333481 ) ;
#6474 = AXIS2_PLACEMENT_3D ( 'NONE', #2166, #4487, #1617 ) ;
#6475 = LINE ( 'NONE', #3067, #915 ) ;
#6476 = DIRECTION ( 'NONE',  ( 1.000000000000000000, -8.972707634362798240E-16, 0.000000000000000000 ) ) ;
#6477 = ORIENTED_EDGE ( 'NONE', *, *, #321, .F. ) ;
#6478 = CARTESIAN_POINT ( 'NONE',  ( 2.600000000000000533, -7.500000000000000000, -2.200000000000000178 ) ) ;
#6479 = CARTESIAN_POINT ( 'NONE',  ( -1.350000000000000089, 0.000000000000000000, -3.200000000000000178 ) ) ;
#6480 = AXIS2_PLACEMENT_3D ( 'NONE', #6478, #4753, #4832 ) ;
#6481 = EDGE_CURVE ( 'NONE', #6084, #3192, #2787, .T. ) ;
#6482 = CARTESIAN_POINT ( 'NONE',  ( -3.700000000000002398, -4.000000000000000000, -0.5999999999999976463 ) ) ;
#6483 = ADVANCED_FACE ( 'NONE', ( #1131 ), #1608, .T. ) ;
#6484 = B_SPLINE_CURVE_WITH_KNOTS ( 'NONE', 2,
 ( #6055, #3943, #998 ),
 .UNSPECIFIED., .F., .F.,
 ( 3, 3 ),
 ( 0.000000000000000000, 1.000000000000000000 ),
 .UNSPECIFIED. ) ;
#6485 = LINE ( 'NONE', #7067, #428 ) ;
#6486 = CARTESIAN_POINT ( 'NONE',  ( -3.000000000000000000, -3.000000000000000000, 0.000000000000000000 ) ) ;
#6487 = LINE ( 'NONE', #7027, #2568 ) ;
#6488 = AXIS2_PLACEMENT_3D ( 'NONE', #2770, #2732, #2180 ) ;
#6489 = DIRECTION ( 'NONE',  ( -1.000000000000000000, 0.000000000000000000, 0.000000000000000000 ) ) ;
#6490 = VERTEX_POINT ( 'NONE', #5029 ) ;
#6491 = ORIENTED_EDGE ( 'NONE', *, *, #611, .T. ) ;
#6492 = ADVANCED_FACE ( 'NONE', ( #5629 ), #583, .T. ) ;
#6493 = DIRECTION ( 'NONE',  ( 0.000000000000000000, 0.000000000000000000, 1.000000000000000000 ) ) ;
#6494 = FACE_OUTER_BOUND ( 'NONE', #2061, .T. ) ;
#6495 = CARTESIAN_POINT ( 'NONE',  ( 1.050000000000000044, -2.900000000000000355, -2.850000000000000089 ) ) ;
#6496 = ORIENTED_EDGE ( 'NONE', *, *, #7272, .T. ) ;
#6497 = DIRECTION ( 'NONE',  ( -2.691812290308839669E-15, -1.000000000000000000, 0.000000000000000000 ) ) ;
#6498 = EDGE_LOOP ( 'NONE', ( #6065, #896, #7190, #1820 ) ) ;
#6499 = ORIENTED_EDGE ( 'NONE', *, *, #1055, .T. ) ;
#6500 = EDGE_CURVE ( 'NONE', #7162, #3346, #2129, .T. ) ;
#6501 = CARTESIAN_POINT ( 'NONE',  ( -3.121833710861379174, -1.504153465084881347, -2.849999999999999645 ) ) ;
#6502 = EDGE_LOOP ( 'NONE', ( #6256, #3706, #3465, #6235, #1561, #3141, #4012, #2057, #4534, #4135, #6136, #3906, #1563, #5236, #4410, #3011, #7137, #5632 ) ) ;
#6503 = CARTESIAN_POINT ( 'NONE',  ( -3.700000000000018829, -4.336808689942017736E-16, -5.371878022344837689 ) ) ;
#6504 = CARTESIAN_POINT ( 'NONE',  ( -3.000000000000000000, -3.000000000000000000, 0.4000000000000000222 ) ) ;
#6505 = VERTEX_POINT ( 'NONE', #1541 ) ;
#6506 = EDGE_LOOP ( 'NONE', ( #2567, #4085, #6722 ) ) ;
#6507 = LINE ( 'NONE', #7010, #3055 ) ;
#6508 = DIRECTION ( 'NONE',  ( 0.000000000000000000, 0.000000000000000000, -1.000000000000000000 ) ) ;
#6509 = ORIENTED_EDGE ( 'NONE', *, *, #86, .F. ) ;
#6510 = CARTESIAN_POINT ( 'NONE',  ( -3.657366486774650483, -5.832766962299169577, -5.049999999999998934 ) ) ;
#6511 = ADVANCED_FACE ( 'NONE', ( #6702 ), #853, .T. ) ;
#6512 = CARTESIAN_POINT ( 'NONE',  ( 0.000000000000000000, -2.900000000000000355, -3.200000000000000178 ) ) ;
#6513 = DIRECTION ( 'NONE',  ( 1.000000000000000000, 2.063203830822201500E-15, 1.074301950413271771E-15 ) ) ;
#6514 = ORIENTED_EDGE ( 'NONE', *, *, #5637, .T. ) ;
#6515 = CARTESIAN_POINT ( 'NONE',  ( 4.200000000000016165, -7.286606874731852201, -4.049999999999996270 ) ) ;
#6516 = DIRECTION ( 'NONE',  ( -6.071532165918840608E-15, -1.000000000000000000, 0.000000000000000000 ) ) ;
#6517 = DIRECTION ( 'NONE',  ( -1.000000000000000000, 0.000000000000000000, 0.000000000000000000 ) ) ;
#6518 = CARTESIAN_POINT ( 'NONE',  ( -1.674999999999999822, -2.299999999999999822, 0.6500000000000001332 ) ) ;
#6519 = DIRECTION ( 'NONE',  ( 0.000000000000000000, 0.000000000000000000, 1.000000000000000000 ) ) ;
#6520 = DIRECTION ( 'NONE',  ( 0.000000000000000000, -1.000000000000000000, 0.000000000000000000 ) ) ;
#6521 = CARTESIAN_POINT ( 'NONE',  ( -1.349999999999999867, 2.900000000000000355, -3.100000000000000977 ) ) ;
#6522 = ORIENTED_EDGE ( 'NONE', *, *, #5205, .T. ) ;
#6523 = EDGE_LOOP ( 'NONE', ( #3323, #5899 ) ) ;
#6524 = LINE ( 'NONE', #4732, #5030 ) ;
#6525 = CARTESIAN_POINT ( 'NONE',  ( -2.900000000000000355, 1.600000000000000089, -3.200000000000000178 ) ) ;
#6526 = CARTESIAN_POINT ( 'NONE',  ( 0.000000000000000000, 0.000000000000000000, 0.000000000000000000 ) ) ;
#6527 = EDGE_LOOP ( 'NONE', ( #229, #490, #2727, #3112 ) ) ;
#6528 = CARTESIAN_POINT ( 'NONE',  ( -3.700000000000021494, -0.5000000000000002220, -6.049999999999997158 ) ) ;
#6529 = ORIENTED_EDGE ( 'NONE', *, *, #5697, .T. ) ;
#6530 = ORIENTED_EDGE ( 'NONE', *, *, #6579, .F. ) ;
#6531 = EDGE_CURVE ( 'NONE', #2465, #1030, #3219, .T. ) ;
#6532 = ORIENTED_EDGE ( 'NONE', *, *, #3090, .T. ) ;
#6533 = CARTESIAN_POINT ( 'NONE',  ( -0.8499999999999997558, -0.4333333333333333481, -2.649999999999999911 ) ) ;
#6534 = DIRECTION ( 'NONE',  ( -1.000000000000000000, 0.000000000000000000, 0.000000000000000000 ) ) ;
#6535 = ADVANCED_FACE ( 'NONE', ( #3299 ), #4326, .F. ) ;
#6536 = AXIS2_PLACEMENT_3D ( 'NONE', #4865, #4251, #2598 ) ;
#6537 = ORIENTED_EDGE ( 'NONE', *, *, #769, .T. ) ;
#6538 = ORIENTED_EDGE ( 'NONE', *, *, #2386, .T. ) ;
#6539 = DIRECTION ( 'NONE',  ( 0.000000000000000000, 0.000000000000000000, 1.000000000000000000 ) ) ;
#6540 = ORIENTED_EDGE ( 'NONE', *, *, #1911, .T. ) ;
#6541 = AXIS2_PLACEMENT_3D ( 'NONE', #2435, #3687, #3133 ) ;
#6542 = CARTESIAN_POINT ( 'NONE',  ( 3.300000000000018030, -3.999999999999998224, -4.748279434898257101 ) ) ;
#6543 = ADVANCED_FACE ( 'NONE', ( #2712 ), #434, .T. ) ;
#6544 = CARTESIAN_POINT ( 'NONE',  ( -3.300000000000021583, 0.2915135853376565889, -6.287270378006486915 ) ) ;
#6545 = DIRECTION ( 'NONE',  ( -5.782411586589343045E-15, 1.000000000000000000, 0.000000000000000000 ) ) ;
#6546 = VERTEX_POINT ( 'NONE', #4438 ) ;
#6547 = LINE ( 'NONE', #1491, #7064 ) ;
#6548 = VECTOR ( 'NONE', #1057, 1000.000000000000000 ) ;
#6549 = CARTESIAN_POINT ( 'NONE',  ( 2.900000000000000355, -1.599999999999999423, -3.100000000000000977 ) ) ;
#6550 = ADVANCED_FACE ( 'NONE', ( #1573 ), #5590, .F. ) ;
#6551 = EDGE_CURVE ( 'NONE', #2623, #2874, #7180, .T. ) ;
#6552 = AXIS2_PLACEMENT_3D ( 'NONE', #3920, #2847, #5727 ) ;
#6553 = CARTESIAN_POINT ( 'NONE',  ( 3.000000000000000000, 2.399999999999999467, -2.850000000000000089 ) ) ;
#6554 = CARTESIAN_POINT ( 'NONE',  ( 3.700000000000023270, -3.999999999999998224, -6.049999999999997158 ) ) ;
#6555 = DIRECTION ( 'NONE',  ( 3.252606517456511724E-15, 0.000000000000000000, -1.000000000000000000 ) ) ;
#6556 = DIRECTION ( 'NONE',  ( -1.000000000000000000, -2.691812290308837303E-15, 0.000000000000000000 ) ) ;
#6557 = ORIENTED_EDGE ( 'NONE', *, *, #3892, .T. ) ;
#6558 = EDGE_LOOP ( 'NONE', ( #6310, #5457, #4823, #4016 ) ) ;
#6559 = VECTOR ( 'NONE', #5611, 1000.000000000000000 ) ;
#6560 = CARTESIAN_POINT ( 'NONE',  ( -2.925000000000000266, -2.299999999999999822, 0.6500000000000001332 ) ) ;
#6561 = FACE_OUTER_BOUND ( 'NONE', #6614, .T. ) ;
#6562 = VECTOR ( 'NONE', #6752, 1000.000000000000000 ) ;
#6563 = DIRECTION ( 'NONE',  ( 0.000000000000000000, 1.000000000000000000, 0.000000000000000000 ) ) ;
#6564 = VERTEX_POINT ( 'NONE', #4400 ) ;
#6565 = DIRECTION ( 'NONE',  ( -1.000000000000000000, 0.000000000000000000, 0.000000000000000000 ) ) ;
#6566 = ORIENTED_EDGE ( 'NONE', *, *, #1840, .F. ) ;
#6567 = EDGE_LOOP ( 'NONE', ( #188, #4013, #6653, #1150, #2404, #5218, #522, #4690, #1741, #4528, #2644, #4221, #4918, #6464, #4713, #1442 ) ) ;
#6568 = AXIS2_PLACEMENT_3D ( 'NONE', #2853, #6261, #5774 ) ;
#6569 = ADVANCED_FACE ( 'NONE', ( #3850, #6116, #1652, #5555, #2237, #3896 ), #4480, .T. ) ;
#6570 = CARTESIAN_POINT ( 'NONE',  ( -3.121833710861379618, -1.504153465084881347, -2.990104334574713363 ) ) ;
#6571 = ORIENTED_EDGE ( 'NONE', *, *, #4577, .T. ) ;
#6572 = EDGE_CURVE ( 'NONE', #2638, #3528, #480, .T. ) ;
#6573 = CYLINDRICAL_SURFACE ( 'NONE', #4214, 0.1000000000000000472 ) ;
#6574 = FACE_OUTER_BOUND ( 'NONE', #1072, .T. ) ;
#6575 = VECTOR ( 'NONE', #7105, 1000.000000000000000 ) ;
#6576 = ORIENTED_EDGE ( 'NONE', *, *, #5089, .T. ) ;
#6577 = ORIENTED_EDGE ( 'NONE', *, *, #5842, .T. ) ;
#6578 = VECTOR ( 'NONE', #1981, 1000.000000000000000 ) ;
#6579 = EDGE_CURVE ( 'NONE', #974, #5393, #1760, .T. ) ;
#6580 = EDGE_LOOP ( 'NONE', ( #6633, #4894, #2280, #2326 ) ) ;
#6581 = AXIS2_PLACEMENT_3D ( 'NONE', #1143, #3387, #5189 ) ;
#6582 = LINE ( 'NONE', #5503, #3587 ) ;
#6583 = DIRECTION ( 'NONE',  ( -0.000000000000000000, -0.000000000000000000, -1.000000000000000000 ) ) ;
#6584 = ORIENTED_EDGE ( 'NONE', *, *, #6436, .F. ) ;
#6585 = VECTOR ( 'NONE', #187, 1000.000000000000000 ) ;
#6586 = DIRECTION ( 'NONE',  ( 1.000000000000000000, 5.981805089575197183E-16, 0.000000000000000000 ) ) ;
#6587 = CIRCLE ( 'NONE', #2331, 1.300000000000000044 ) ;
#6588 = FACE_OUTER_BOUND ( 'NONE', #1508, .T. ) ;
#6589 = AXIS2_PLACEMENT_3D ( 'NONE', #6521, #3110, #369 ) ;
#6590 = DIRECTION ( 'NONE',  ( -3.491481338843133355E-15, -1.396527051659257659E-16, -1.000000000000000000 ) ) ;
#6591 = DIRECTION ( 'NONE',  ( -1.000000000000000000, 0.000000000000000000, 0.000000000000000000 ) ) ;
#6592 = CARTESIAN_POINT ( 'NONE',  ( -2.973145600891814677, 2.636572800445909248, 0.9000000000000003553 ) ) ;
#6593 = DIRECTION ( 'NONE',  ( 0.000000000000000000, 0.000000000000000000, 1.000000000000000000 ) ) ;
#6594 = VERTEX_POINT ( 'NONE', #5136 ) ;
#6595 = ORIENTED_EDGE ( 'NONE', *, *, #1730, .F. ) ;
#6596 = AXIS2_PLACEMENT_3D ( 'NONE', #907, #4169, #361 ) ;
#6597 = VECTOR ( 'NONE', #4112, 1000.000000000000000 ) ;
#6598 = FACE_OUTER_BOUND ( 'NONE', #5315, .T. ) ;
#6599 = ORIENTED_EDGE ( 'NONE', *, *, #5171, .F. ) ;
#6600 = DIRECTION ( 'NONE',  ( -0.000000000000000000, -0.000000000000000000, -1.000000000000000000 ) ) ;
#6601 = DIRECTION ( 'NONE',  ( -0.4472135954999579277, -0.8944271909999158554, 0.000000000000000000 ) ) ;
#6602 = ORIENTED_EDGE ( 'NONE', *, *, #3817, .T. ) ;
#6603 = PLANE ( 'NONE',  #5399 ) ;
#6604 = ADVANCED_FACE ( 'NONE', ( #4584 ), #4614, .F. ) ;
#6605 = ORIENTED_EDGE ( 'NONE', *, *, #3331, .T. ) ;
#6606 = EDGE_CURVE ( 'NONE', #3346, #2960, #34, .T. ) ;
#6607 = ORIENTED_EDGE ( 'NONE', *, *, #4055, .T. ) ;
#6608 = CARTESIAN_POINT ( 'NONE',  ( -3.700000000000009948, -2.000000000000000888, -2.849999999999997424 ) ) ;
#6609 = CARTESIAN_POINT ( 'NONE',  ( -3.300000000000018474, -4.336808689942017736E-16, -5.371878022344844794 ) ) ;
#6610 = ORIENTED_EDGE ( 'NONE', *, *, #634, .F. ) ;
#6611 = CARTESIAN_POINT ( 'NONE',  ( -1.450000000000000178, -2.500000000000003109, -3.100000000000000977 ) ) ;
#6612 = CARTESIAN_POINT ( 'NONE',  ( -2.900000000000000355, 1.600000000000000089, -2.850000000000000089 ) ) ;
#6613 = VERTEX_POINT ( 'NONE', #4002 ) ;
#6614 = EDGE_LOOP ( 'NONE', ( #1001, #7087, #7003, #2626 ) ) ;
#6615 = DIRECTION ( 'NONE',  ( 4.486353817181404050E-16, 1.000000000000000000, 0.000000000000000000 ) ) ;
#6616 = VERTEX_POINT ( 'NONE', #1201 ) ;
#6617 = LINE ( 'NONE', #2659, #3827 ) ;
#6618 = LINE ( 'NONE', #4976, #2573 ) ;
#6619 = ORIENTED_EDGE ( 'NONE', *, *, #1099, .F. ) ;
#6620 = CARTESIAN_POINT ( 'NONE',  ( 1.626854399108184968, -2.636572800445906140, 0.9000000000000002442 ) ) ;
#6621 = PLANE ( 'NONE',  #4407 ) ;
#6622 = LINE ( 'NONE', #7174, #2066 ) ;
#6623 = LINE ( 'NONE', #3297, #4301 ) ;
#6624 = LINE ( 'NONE', #3895, #4562 ) ;
#6625 = EDGE_CURVE ( 'NONE', #4296, #6850, #648, .T. ) ;
#6626 = DIRECTION ( 'NONE',  ( 0.000000000000000000, 0.000000000000000000, 1.000000000000000000 ) ) ;
#6627 = ORIENTED_EDGE ( 'NONE', *, *, #2621, .F. ) ;
#6628 = DIRECTION ( 'NONE',  ( 1.000000000000000000, -1.127570259384920572E-13, -1.734723475976800981E-15 ) ) ;
#6629 = LINE ( 'NONE', #4842, #5863 ) ;
#6630 = VERTEX_POINT ( 'NONE', #1718 ) ;
#6631 = CARTESIAN_POINT ( 'NONE',  ( 3.300000000000010036, 1.074932447809027039E-15, -2.849999999999999201 ) ) ;
#6632 = PLANE ( 'NONE',  #6474 ) ;
#6633 = ORIENTED_EDGE ( 'NONE', *, *, #4834, .T. ) ;
#6634 = ADVANCED_FACE ( 'NONE', ( #6292, #170 ), #4648, .T. ) ;
#6635 = CARTESIAN_POINT ( 'NONE',  ( -3.200000000000000622, 2.999999999999999556, -0.1000000000000002554 ) ) ;
#6636 = ORIENTED_EDGE ( 'NONE', *, *, #5929, .F. ) ;
#6637 = ORIENTED_EDGE ( 'NONE', *, *, #4892, .T. ) ;
#6638 = CARTESIAN_POINT ( 'NONE',  ( -3.000000000000000000, 3.000000000000000000, 0.000000000000000000 ) ) ;
#6639 = CARTESIAN_POINT ( 'NONE',  ( -3.259150586264528471, -1.499726259440205212, -4.858162128904227828 ) ) ;
#6640 = ADVANCED_FACE ( 'NONE', ( #5209 ), #101, .T. ) ;
#6641 = ORIENTED_EDGE ( 'NONE', *, *, #332, .F. ) ;
#6642 = CARTESIAN_POINT ( 'NONE',  ( 1.350000000000000089, 2.500000000000001332, -3.200000000000000178 ) ) ;
#6643 = LINE ( 'NONE', #6504, #1015 ) ;
#6644 = ORIENTED_EDGE ( 'NONE', *, *, #2533, .T. ) ;
#6645 = VERTEX_POINT ( 'NONE', #1169 ) ;
#6646 = CARTESIAN_POINT ( 'NONE',  ( 1.450000000000000178, 2.900000000000000355, -2.850000000000000089 ) ) ;
#6647 = CARTESIAN_POINT ( 'NONE',  ( 3.300000000000010036, -0.09418335084988774253, -2.849999999999999201 ) ) ;
#6648 = EDGE_LOOP ( 'NONE', ( #4341, #82, #3871, #3251 ) ) ;
#6649 = VECTOR ( 'NONE', #3813, 1000.000000000000000 ) ;
#6650 = CARTESIAN_POINT ( 'NONE',  ( -3.691437579568225047, -1.858825984276808008, -2.849999999999994760 ) ) ;
#6651 = SPHERICAL_SURFACE ( 'NONE', #7129, 0.1000000000000000056 ) ;
#6652 = CARTESIAN_POINT ( 'NONE',  ( -3.000000000000000000, 2.900000000000000355, -3.100000000000000977 ) ) ;
#6653 = ORIENTED_EDGE ( 'NONE', *, *, #3006, .T. ) ;
#6654 = CARTESIAN_POINT ( 'NONE',  ( 2.299999999999999378, -1.674999999999999822, 0.6500000000000001332 ) ) ;
#6655 = DIRECTION ( 'NONE',  ( -4.486353817181400106E-16, 1.000000000000000000, 0.000000000000000000 ) ) ;
#6656 = VECTOR ( 'NONE', #252, 1000.000000000000000 ) ;
#6657 = EDGE_CURVE ( 'NONE', #5041, #6348, #1864, .T. ) ;
#6658 = DIRECTION ( 'NONE',  ( 0.000000000000000000, 0.000000000000000000, -1.000000000000000000 ) ) ;
#6659 = AXIS2_PLACEMENT_3D ( 'NONE', #4201, #5427, #387 ) ;
#6660 = EDGE_CURVE ( 'NONE', #5539, #2638, #2338, .T. ) ;
#6661 = FACE_OUTER_BOUND ( 'NONE', #3797, .T. ) ;
#6662 = CARTESIAN_POINT ( 'NONE',  ( -2.973145600891816009, 1.963427199554093283, 0.9000000000000003553 ) ) ;
#6663 = CARTESIAN_POINT ( 'NONE',  ( 3.549999999999999378, 2.925000000000000266, 0.6500000000000000222 ) ) ;
#6664 = EDGE_LOOP ( 'NONE', ( #3050, #3760, #5257 ) ) ;
#6665 = DIRECTION ( 'NONE',  ( 1.000000000000000000, 0.000000000000000000, 0.000000000000000000 ) ) ;
#6666 = CARTESIAN_POINT ( 'NONE',  ( -3.300000000000010036, -4.158455393585458477E-16, -2.849999999999999201 ) ) ;
#6667 = ORIENTED_EDGE ( 'NONE', *, *, #5162, .F. ) ;
#6668 = CARTESIAN_POINT ( 'NONE',  ( 2.243176908590700546E-16, 1.499999999999999556, -2.850000000000000089 ) ) ;
#6669 = EDGE_CURVE ( 'NONE', #6925, #997, #6842, .T. ) ;
#6670 = DIRECTION ( 'NONE',  ( -0.000000000000000000, -0.000000000000000000, -1.000000000000000000 ) ) ;
#6671 = ORIENTED_EDGE ( 'NONE', *, *, #1117, .F. ) ;
#6672 = CARTESIAN_POINT ( 'NONE',  ( 2.925000000000001155, -2.299999999999998490, 0.4000000000000000222 ) ) ;
#6673 = CIRCLE ( 'NONE', #3477, 0.6250000000000001110 ) ;
#6674 = ORIENTED_EDGE ( 'NONE', *, *, #1556, .F. ) ;
#6675 = EDGE_LOOP ( 'NONE', ( #461, #7095, #3484, #5040 ) ) ;
#6676 = CARTESIAN_POINT ( 'NONE',  ( 3.300000000000015810, -7.499999999999998224, -4.549999999999998934 ) ) ;
#6677 = DIRECTION ( 'NONE',  ( -0.000000000000000000, -0.000000000000000000, -1.000000000000000000 ) ) ;
#6678 = CARTESIAN_POINT ( 'NONE',  ( -3.300000000000018030, -0.09418335084988924133, -5.231773687770131076 ) ) ;
#6679 = AXIS2_PLACEMENT_3D ( 'NONE', #3739, #1606, #6700 ) ;
#6680 = ORIENTED_EDGE ( 'NONE', *, *, #5929, .T. ) ;
#6681 = CARTESIAN_POINT ( 'NONE',  ( 1.450000000000000178, -2.500000000000003997, -3.158578643762690152 ) ) ;
#6682 = CARTESIAN_POINT ( 'NONE',  ( -3.300000000000018474, -2.000000000000000888, -5.371878022344844794 ) ) ;
#6683 = ORIENTED_EDGE ( 'NONE', *, *, #2733, .F. ) ;
#6684 = VERTEX_POINT ( 'NONE', #6806 ) ;
#6685 = AXIS2_PLACEMENT_3D ( 'NONE', #2479, #3100, #5244 ) ;
#6686 = EDGE_CURVE ( 'NONE', #230, #5848, #6870, .T. ) ;
#6687 = CARTESIAN_POINT ( 'NONE',  ( 3.300000000000010925, -1.999999999999999556, -2.849999999999999201 ) ) ;
#6688 = ORIENTED_EDGE ( 'NONE', *, *, #1558, .F. ) ;
#6689 = CARTESIAN_POINT ( 'NONE',  ( -3.491243797827540796, -1.464323601945830111, -3.060156501862068890 ) ) ;
#6690 = DIRECTION ( 'NONE',  ( -1.000000000000000000, -4.517509052022934484E-16, -3.491481338843133355E-15 ) ) ;
#6691 = DIRECTION ( 'NONE',  ( -0.9417419115948372221, -0.3363363969981568724, 0.000000000000000000 ) ) ;
#6692 = EDGE_LOOP ( 'NONE', ( #1952, #1280, #5865, #4237 ) ) ;
#6693 = DIRECTION ( 'NONE',  ( -5.981805089575206058E-16, 1.000000000000000000, 0.000000000000000000 ) ) ;
#6694 = EDGE_CURVE ( 'NONE', #3448, #1291, #5058, .T. ) ;
#6695 = CARTESIAN_POINT ( 'NONE',  ( -3.000000000000000000, -2.900000000000000355, -3.100000000000000977 ) ) ;
#6696 = PRESENTATION_LAYER_ASSIGNMENT (  '', '', ( #687 ) ) ;
#6697 = DIRECTION ( 'NONE',  ( 0.9438583563660174480, -0.3303504247281062733, 0.000000000000000000 ) ) ;
#6698 = AXIS2_PLACEMENT_3D ( 'NONE', #359, #2441, #2595 ) ;
#6699 = VECTOR ( 'NONE', #3746, 1000.000000000000000 ) ;
#6700 = DIRECTION ( 'NONE',  ( 3.252606517456511724E-15, 0.000000000000000000, -1.000000000000000000 ) ) ;
#6701 = DIRECTION ( 'NONE',  ( -0.000000000000000000, -0.000000000000000000, -1.000000000000000000 ) ) ;
#6702 = FACE_OUTER_BOUND ( 'NONE', #1591, .T. ) ;
#6703 = ORIENTED_EDGE ( 'NONE', *, *, #366, .F. ) ;
#6704 = LINE ( 'NONE', #3261, #410 ) ;
#6705 = EDGE_CURVE ( 'NONE', #4096, #3192, #4033, .T. ) ;
#6706 = AXIS2_PLACEMENT_3D ( 'NONE', #2944, #737, #2424 ) ;
#6707 = AXIS2_PLACEMENT_3D ( 'NONE', #2725, #6022, #7264 ) ;
#6708 = CARTESIAN_POINT ( 'NONE',  ( 0.000000000000000000, 0.000000000000000000, -3.200000000000000178 ) ) ;
#6709 = EDGE_CURVE ( 'NONE', #5241, #7032, #142, .T. ) ;
#6710 = ORIENTED_EDGE ( 'NONE', *, *, #2955, .T. ) ;
#6711 = LINE ( 'NONE', #4, #1275 ) ;
#6712 = DIRECTION ( 'NONE',  ( -1.000000000000000000, 0.000000000000000000, 0.000000000000000000 ) ) ;
#6714 = VERTEX_POINT ( 'NONE', #4511 ) ;
#6713 = AXIS2_PLACEMENT_3D ( 'NONE', #7250, #5474, #6593 ) ;
#6716 = VECTOR ( 'NONE', #1580, 1000.000000000000000 ) ;
#6715 = DIRECTION ( 'NONE',  ( 0.000000000000000000, 1.000000000000000000, 0.000000000000000000 ) ) ;
#6717 = VERTEX_POINT ( 'NONE', #6908 ) ;
#6718 = ORIENTED_EDGE ( 'NONE', *, *, #4710, .T. ) ;
#6719 = EDGE_CURVE ( 'NONE', #7123, #4996, #2962, .T. ) ;
#6720 = CARTESIAN_POINT ( 'NONE',  ( -2.899999999999999911, -2.499999999999999112, -2.850000000000000089 ) ) ;
#6721 = CARTESIAN_POINT ( 'NONE',  ( -3.300000000000020695, -4.000000000000000000, -6.049999999999998046 ) ) ;
#6722 = ORIENTED_EDGE ( 'NONE', *, *, #5375, .F. ) ;
#6723 = CYLINDRICAL_SURFACE ( 'NONE', #2229, 0.09999999999999982514 ) ;
#6724 = CARTESIAN_POINT ( 'NONE',  ( -1.149999999999999911, 2.900000000000000355, -2.850000000000000089 ) ) ;
#6725 = ORIENTED_EDGE ( 'NONE', *, *, #1004, .F. ) ;
#6726 = ORIENTED_EDGE ( 'NONE', *, *, #5770, .T. ) ;
#6727 = VECTOR ( 'NONE', #4638, 1000.000000000000000 ) ;
#6728 = ADVANCED_FACE ( 'NONE', ( #4104 ), #1267, .T. ) ;
#6729 = CARTESIAN_POINT ( 'NONE',  ( 3.278597828075716869, -0.2027530115181696291, -2.849999999999999201 ) ) ;
#6730 = ORIENTED_EDGE ( 'NONE', *, *, #3209, .T. ) ;
#6731 = CARTESIAN_POINT ( 'NONE',  ( -3.700000000000017053, -1.958016173490177980, -5.231773687770116865 ) ) ;
#6732 = CARTESIAN_POINT ( 'NONE',  ( -2.973145600891813345, -1.963427199554093061, 0.9000000000000002442 ) ) ;
#6733 = CARTESIAN_POINT ( 'NONE',  ( 0.8499999999999999778, 2.600000000000000533, -2.649999999999999911 ) ) ;
#6734 = EDGE_LOOP ( 'NONE', ( #895, #4302, #4657, #2698, #4924, #3153, #5157, #6759, #793, #3915, #4298, #2179 ) ) ;
#6735 = DIRECTION ( 'NONE',  ( -1.000000000000000000, -8.673617379884032317E-15, -0.000000000000000000 ) ) ;
#6736 = CARTESIAN_POINT ( 'NONE',  ( 2.299999999999999822, 2.299999999999999822, 0.9000000000000001332 ) ) ;
#6737 = ADVANCED_FACE ( 'NONE', ( #5289 ), #3142, .T. ) ;
#6738 = EDGE_CURVE ( 'NONE', #5819, #402, #6547, .T. ) ;
#6739 = CARTESIAN_POINT ( 'NONE',  ( 3.698918719983951497, -1.872607153021127679, -5.021617879810360563 ) ) ;
#6740 = DIRECTION ( 'NONE',  ( 1.000000000000000000, 0.000000000000000000, 0.000000000000000000 ) ) ;
#6741 = DIRECTION ( 'NONE',  ( -0.000000000000000000, -0.000000000000000000, -1.000000000000000000 ) ) ;
#6742 = CARTESIAN_POINT ( 'NONE',  ( 3.700000000000016609, -4.587538820250190774, -4.049999999999998934 ) ) ;
#6743 = LINE ( 'NONE', #1132, #1226 ) ;
#6744 = DIRECTION ( 'NONE',  ( 0.000000000000000000, 0.000000000000000000, -1.000000000000000000 ) ) ;
#6745 = VERTEX_POINT ( 'NONE', #1343 ) ;
#6746 = CYLINDRICAL_SURFACE ( 'NONE', #2917, 0.05000000000000012768 ) ;
#6747 = LINE ( 'NONE', #5783, #3238 ) ;
#6748 = CARTESIAN_POINT ( 'NONE',  ( 1.800000000000000266, 2.204364238465236069E-16, 0.4000000000000000222 ) ) ;
#6749 = DIRECTION ( 'NONE',  ( -1.000000000000000000, 0.000000000000000000, 0.000000000000000000 ) ) ;
#6750 = ORIENTED_EDGE ( 'NONE', *, *, #7209, .F. ) ;
#6751 = ORIENTED_EDGE ( 'NONE', *, *, #2524, .F. ) ;
#6752 = DIRECTION ( 'NONE',  ( 1.000000000000000000, 4.517509052022934484E-16, 3.252606517456512119E-15 ) ) ;
#6753 = CARTESIAN_POINT ( 'NONE',  ( -3.300000000000016254, -0.09418335084988924133, -4.858162128904228716 ) ) ;
#6754 = VERTEX_POINT ( 'NONE', #5888 ) ;
#6755 = EDGE_CURVE ( 'NONE', #4474, #1341, #5998, .T. ) ;
#6756 = LINE ( 'NONE', #4967, #937 ) ;
#6757 = LINE ( 'NONE', #3944, #3958 ) ;
#6758 = ADVANCED_FACE ( 'NONE', ( #836 ), #1454, .F. ) ;
#6759 = ORIENTED_EDGE ( 'NONE', *, *, #6873, .T. ) ;
#6760 = ORIENTED_EDGE ( 'NONE', *, *, #4038, .T. ) ;
#6761 = CARTESIAN_POINT ( 'NONE',  ( 0.000000000000000000, 0.000000000000000000, -2.850000000000000089 ) ) ;
#6762 = EDGE_CURVE ( 'NONE', #3973, #926, #3070, .T. ) ;
#6763 = CARTESIAN_POINT ( 'NONE',  ( -3.581626459467554202, -1.617439089904075589, -2.849999999999998757 ) ) ;
#6764 = CARTESIAN_POINT ( 'NONE',  ( -3.549999999999999822, -2.925000000000000266, 0.6500000000000001332 ) ) ;
#6765 = VERTEX_POINT ( 'NONE', #6399 ) ;
#6766 = CARTESIAN_POINT ( 'NONE',  ( -0.8499999999999999778, 2.600000000000000533, -2.799999999999999822 ) ) ;
#6767 = CARTESIAN_POINT ( 'NONE',  ( 2.243176908590702025E-15, 2.500000000000002665, -2.850000000000000089 ) ) ;
#6768 = EDGE_CURVE ( 'NONE', #1341, #4520, #3581, .T. ) ;
#6769 = CARTESIAN_POINT ( 'NONE',  ( 3.700000000000017497, -1.471683892699810814, -5.231171085938932208 ) ) ;
#6770 = DIRECTION ( 'NONE',  ( 0.000000000000000000, 0.000000000000000000, -1.000000000000000000 ) ) ;
#6771 = CARTESIAN_POINT ( 'NONE',  ( -3.000000000000000000, -2.399999999999998579, -3.100000000000000977 ) ) ;
#6772 = CARTESIAN_POINT ( 'NONE',  ( -1.450000000000000178, 0.000000000000000000, -3.100000000000000977 ) ) ;
#6773 = CARTESIAN_POINT ( 'NONE',  ( -2.299999999999999822, 2.299999999999999822, 0.4000000000000000222 ) ) ;
#6774 = VECTOR ( 'NONE', #6264, 1000.000000000000000 ) ;
#6775 = DIRECTION ( 'NONE',  ( -2.602085213965208275E-15, -1.734723475976805517E-15, -1.000000000000000000 ) ) ;
#6776 = EDGE_CURVE ( 'NONE', #1574, #3129, #2992, .T. ) ;
#6777 = LINE ( 'NONE', #6482, #3736 ) ;
#6778 = CARTESIAN_POINT ( 'NONE',  ( 3.200000000000000622, 1.445602896647339311E-15, 9.703609443745264684E-15 ) ) ;
#6779 = CARTESIAN_POINT ( 'NONE',  ( 0.000000000000000000, 0.000000000000000000, 0.000000000000000000 ) ) ;
#6780 = DIRECTION ( 'NONE',  ( 1.000000000000000000, 0.000000000000000000, 0.000000000000000000 ) ) ;
#6781 = DIRECTION ( 'NONE',  ( 0.000000000000000000, 0.000000000000000000, -1.000000000000000000 ) ) ;
#6782 = ORIENTED_EDGE ( 'NONE', *, *, #4089, .F. ) ;
#6783 = VERTEX_POINT ( 'NONE', #5355 ) ;
#6784 = AXIS2_PLACEMENT_3D ( 'NONE', #464, #4899, #7165 ) ;
#6785 = LINE ( 'NONE', #4522, #6562 ) ;
#6786 = SURFACE_SIDE_STYLE ('',( #6240 ) ) ;
#6787 = ORIENTED_EDGE ( 'NONE', *, *, #3910, .T. ) ;
#6788 = VECTOR ( 'NONE', #3608, 1000.000000000000114 ) ;
#6789 = FACE_OUTER_BOUND ( 'NONE', #4123, .T. ) ;
#6790 = CARTESIAN_POINT ( 'NONE',  ( 2.299999999999999822, -2.299999999999999822, 0.000000000000000000 ) ) ;
#6791 = ORIENTED_EDGE ( 'NONE', *, *, #3042, .F. ) ;
#6792 = ORIENTED_EDGE ( 'NONE', *, *, #6241, .F. ) ;
#6793 = ADVANCED_FACE ( 'NONE', ( #4250 ), #5321, .T. ) ;
#6794 = CARTESIAN_POINT ( 'NONE',  ( 3.135054598115170066, -1.260604053717699902, -4.391147680321848767 ) ) ;
#6795 = CARTESIAN_POINT ( 'NONE',  ( -3.470176658158760752, -1.463507788113294961, -2.850000000000000977 ) ) ;
#6796 = FACE_OUTER_BOUND ( 'NONE', #1780, .T. ) ;
#6797 = VECTOR ( 'NONE', #1142, 1000.000000000000000 ) ;
#6798 = ORIENTED_EDGE ( 'NONE', *, *, #2192, .T. ) ;
#6799 = LINE ( 'NONE', #6318, #2124 ) ;
#6800 = CARTESIAN_POINT ( 'NONE',  ( -3.649061435579256329, -1.741316489862834826, -2.850000000000000089 ) ) ;
#6801 = ADVANCED_FACE ( 'NONE', ( #7096 ), #283, .F. ) ;
#6802 = AXIS2_PLACEMENT_3D ( 'NONE', #2527, #918, #1987 ) ;
#6803 = CARTESIAN_POINT ( 'NONE',  ( 3.470176658158761640, -1.463507788113293406, -2.850000000000000977 ) ) ;
#6804 = CARTESIAN_POINT ( 'NONE',  ( 3.300000000000019806, -4.999999990127918653E-07, -5.371878022344844794 ) ) ;
#6805 = CARTESIAN_POINT ( 'NONE',  ( -1.050000000000000044, -2.900000000000000355, -3.100000000000000977 ) ) ;
#6806 = CARTESIAN_POINT ( 'NONE',  ( 1.350000000000000089, 2.900000000000000355, -3.200000000000000178 ) ) ;
#6807 = AXIS2_PLACEMENT_3D ( 'NONE', #1904, #6402, #23 ) ;
#6808 = EDGE_CURVE ( 'NONE', #6021, #4858, #3103, .T. ) ;
#6809 = CARTESIAN_POINT ( 'NONE',  ( -1.149999999999999911, 0.000000000000000000, -3.100000000000000977 ) ) ;
#6810 = VECTOR ( 'NONE', #1200, 1000.000000000000000 ) ;
#6811 = DIRECTION ( 'NONE',  ( 0.000000000000000000, 0.000000000000000000, 1.000000000000000000 ) ) ;
#6812 = VECTOR ( 'NONE', #5074, 1000.000000000000000 ) ;
#6813 = DIRECTION ( 'NONE',  ( 1.000000000000000000, 0.000000000000000000, -0.000000000000000000 ) ) ;
#6814 = CARTESIAN_POINT ( 'NONE',  ( -3.700000000000021494, -4.000000000000000000, -6.049999999999997158 ) ) ;
#6815 = VERTEX_POINT ( 'NONE', #5247 ) ;
#6816 = ORIENTED_EDGE ( 'NONE', *, *, #5190, .T. ) ;
#6817 = COLOUR_RGB ( '',0.7921568627450980005, 0.8196078431372548767, 0.9333333333333333481 ) ;
#6818 = CIRCLE ( 'NONE', #1992, 0.6250000000000001110 ) ;
#6819 = DIRECTION ( 'NONE',  ( 0.000000000000000000, 0.000000000000000000, -1.000000000000000000 ) ) ;
#6820 = DIRECTION ( 'NONE',  ( 3.491481338843133355E-15, 1.577279855319300948E-30, -1.000000000000000000 ) ) ;
#6821 = EDGE_LOOP ( 'NONE', ( #1731, #3069, #6117, #1510 ) ) ;
#6822 = MECHANICAL_DESIGN_GEOMETRIC_PRESENTATION_REPRESENTATION (  '', ( #3168 ), #4686 ) ;
#6823 = CIRCLE ( 'NONE', #1880, 0.6250000000000001110 ) ;
#6824 = EDGE_CURVE ( 'NONE', #4241, #3336, #3290, .T. ) ;
#6825 = DIRECTION ( 'NONE',  ( -0.000000000000000000, -0.000000000000000000, -1.000000000000000000 ) ) ;
#6826 = SPHERICAL_SURFACE ( 'NONE', #4539, 0.1000000000000000056 ) ;
#6827 = EDGE_LOOP ( 'NONE', ( #2174, #5330, #537, #6869 ) ) ;
#6828 = ORIENTED_EDGE ( 'NONE', *, *, #6216, .T. ) ;
#6829 = VECTOR ( 'NONE', #5396, 1000.000000000000000 ) ;
#6830 = SURFACE_SIDE_STYLE ('',( #2322 ) ) ;
#6831 = CARTESIAN_POINT ( 'NONE',  ( -3.565513906344174089, -0.5325853521364820597, -3.853941561104275326 ) ) ;
#6832 = CARTESIAN_POINT ( 'NONE',  ( 0.000000000000000000, 3.000000000000000000, -2.850000000000000089 ) ) ;
#6833 = AXIS2_PLACEMENT_3D ( 'NONE', #5168, #2850, #6898 ) ;
#6834 = VERTEX_POINT ( 'NONE', #1973 ) ;
#6835 = CARTESIAN_POINT ( 'NONE',  ( -2.900000000000000799, -2.399999999999999467, -3.100000000000000977 ) ) ;
#6836 = DIRECTION ( 'NONE',  ( -1.000000000000000000, -6.938893903907227392E-16, 0.000000000000000000 ) ) ;
#6837 = CARTESIAN_POINT ( 'NONE',  ( 3.700000000000010392, -1.953143444990796507, -3.060156501862068001 ) ) ;
#6838 = EDGE_CURVE ( 'NONE', #3953, #3594, #5172, .T. ) ;
#6839 = DIRECTION ( 'NONE',  ( -0.000000000000000000, -0.000000000000000000, -1.000000000000000000 ) ) ;
#6840 = DIRECTION ( 'NONE',  ( 1.000000000000000000, 0.000000000000000000, 0.000000000000000000 ) ) ;
#6841 = VERTEX_POINT ( 'NONE', #7062 ) ;
#6842 = LINE ( 'NONE', #62, #2588 ) ;
#6843 = CARTESIAN_POINT ( 'NONE',  ( -1.350000000000000089, 2.900000000000000355, -3.100000000000000977 ) ) ;
#6844 = DIRECTION ( 'NONE',  ( 0.000000000000000000, 0.000000000000000000, -1.000000000000000000 ) ) ;
#6845 = DIRECTION ( 'NONE',  ( 1.000000000000000000, 0.000000000000000000, 3.523657060577910710E-15 ) ) ;
#6846 = CARTESIAN_POINT ( 'NONE',  ( -4.200000000000012612, -7.286606874731853978, -4.049999999999996270 ) ) ;
#6847 = ADVANCED_FACE ( 'NONE', ( #1935 ), #2935, .T. ) ;
#6848 = CARTESIAN_POINT ( 'NONE',  ( -3.657366486774650483, -5.832766962299169577, -5.049999999999998934 ) ) ;
#6849 = DIRECTION ( 'NONE',  ( 0.000000000000000000, -1.000000000000000000, 0.000000000000000000 ) ) ;
#6850 = VERTEX_POINT ( 'NONE', #5960 ) ;
#6851 = ORIENTED_EDGE ( 'NONE', *, *, #5713, .T. ) ;
#6852 = FACE_OUTER_BOUND ( 'NONE', #1010, .T. ) ;
#6853 = FACE_OUTER_BOUND ( 'NONE', #1065, .T. ) ;
#6854 = CARTESIAN_POINT ( 'NONE',  ( 2.300000000000000711, -2.300000000000002043, 0.9000000000000002442 ) ) ;
#6855 = DIRECTION ( 'NONE',  ( 1.000000000000000000, 6.672013369141565217E-16, 0.000000000000000000 ) ) ;
#6856 = ORIENTED_EDGE ( 'NONE', *, *, #1547, .T. ) ;
#6857 = VERTEX_POINT ( 'NONE', #6435 ) ;
#6858 = EDGE_CURVE ( 'NONE', #516, #4162, #1379, .T. ) ;
#6859 = CARTESIAN_POINT ( 'NONE',  ( 3.300000000000015810, -0.09418335084988772865, -4.391147680321848767 ) ) ;
#6860 = CARTESIAN_POINT ( 'NONE',  ( -3.700000000000018385, -0.7129629629629635756, -5.371878022344836801 ) ) ;
#6861 = LINE ( 'NONE', #2430, #4650 ) ;
#6862 = VERTEX_POINT ( 'NONE', #4794 ) ;
#6863 = CARTESIAN_POINT ( 'NONE',  ( 1.899999999999999689, -7.500000000000000000, -1.900000000000000133 ) ) ;
#6864 = DIRECTION ( 'NONE',  ( 1.000000000000000000, 0.000000000000000000, 0.000000000000000000 ) ) ;
#6865 = ORIENTED_EDGE ( 'NONE', *, *, #7028, .F. ) ;
#6866 = CARTESIAN_POINT ( 'NONE',  ( 3.700000000000017941, -1.288186359273384429, -5.230153689223908664 ) ) ;
#6867 = DIRECTION ( 'NONE',  ( -4.801533938174759838E-30, -1.734723475976801572E-15, -1.000000000000000000 ) ) ;
#6868 = PLANE ( 'NONE',  #6297 ) ;
#6869 = ORIENTED_EDGE ( 'NONE', *, *, #4948, .T. ) ;
#6870 = LINE ( 'NONE', #2405, #1413 ) ;
#6871 = DIRECTION ( 'NONE',  ( -0.000000000000000000, -0.000000000000000000, -1.000000000000000000 ) ) ;
#6872 = CLOSED_SHELL ( 'NONE', ( #5945, #6604, #5862, #6991, #864, #2372, #1086, #4082, #3930, #7273, #5467, #1662, #6801, #4978, #4376, #3234, #1782, #7009, #5902, #6569, #3020, #3082, #681, #5700, #6197, #2379, #3682, #5124, #6483, #1272, #96, #5671, #4994, #447, #7257, #5148, #4371, #7020, #5759, #1114, #1969, #5015, #5674, #3645, #3764, #4192, #1148, #6550, #3436, #5545, #141, #3977, #4311, #6737, #6087, #3677, #5878, #1919, #112, #5004, #892, #3727, #6758, #6728, #6376, #3312, #1, #4008, #3856, #3657, #2256, #2961, #5317, #3613, #4226, #3086, #2918, #1319, #5210, #4077, #4009, #1432 ) ) ;
#6873 = EDGE_CURVE ( 'NONE', #3336, #4402, #2044, .T. ) ;
#6874 = CARTESIAN_POINT ( 'NONE',  ( -1.450000000000000178, 2.500000000000003997, -3.158578643762690152 ) ) ;
#6875 = FACE_OUTER_BOUND ( 'NONE', #5202, .T. ) ;
#6876 = EDGE_CURVE ( 'NONE', #7007, #6200, #5653, .T. ) ;
#6877 = PLANE ( 'NONE',  #550 ) ;
#6878 = AXIS2_PLACEMENT_3D ( 'NONE', #5732, #1856, #1787 ) ;
#6879 = FACE_OUTER_BOUND ( 'NONE', #835, .T. ) ;
#6880 = PLANE ( 'NONE',  #7172 ) ;
#6881 = ORIENTED_EDGE ( 'NONE', *, *, #1441, .F. ) ;
#6882 = ORIENTED_EDGE ( 'NONE', *, *, #979, .F. ) ;
#6883 = EDGE_CURVE ( 'NONE', #4207, #530, #3183, .T. ) ;
#6884 = CIRCLE ( 'NONE', #4868, 0.6250000000000001110 ) ;
#6885 = CARTESIAN_POINT ( 'NONE',  ( -2.925000000000000266, 2.299999999999999822, 0.4000000000000000222 ) ) ;
#6886 = CARTESIAN_POINT ( 'NONE',  ( 1.350000000000000089, 3.000000000000000000, -3.100000000000000977 ) ) ;
#6887 = CARTESIAN_POINT ( 'NONE',  ( 1.450000000000000178, -1.499999999999999778, -3.100000000000000977 ) ) ;
#6888 = SURFACE_STYLE_USAGE ( .BOTH. , #706 ) ;
#6889 = AXIS2_PLACEMENT_3D ( 'NONE', #2074, #3410, #1717 ) ;
#6890 = ORIENTED_EDGE ( 'NONE', *, *, #3691, .T. ) ;
#6891 = ORIENTED_EDGE ( 'NONE', *, *, #1079, .T. ) ;
#6892 = CARTESIAN_POINT ( 'NONE',  ( 3.259150586264529359, -1.499726259440203657, -4.858162128904227828 ) ) ;
#6893 = AXIS2_PLACEMENT_3D ( 'NONE', #3035, #6403, #3147 ) ;
#6894 = CARTESIAN_POINT ( 'NONE',  ( -3.671761229044312458, -0.2179417263067587873, -2.850000000000000089 ) ) ;
#6895 = FACE_OUTER_BOUND ( 'NONE', #6930, .T. ) ;
#6896 = ORIENTED_EDGE ( 'NONE', *, *, #293, .T. ) ;
#6897 = DIRECTION ( 'NONE',  ( 1.000000000000000000, -5.987542637623615472E-15, 5.585196838722984675E-30 ) ) ;
#6898 = DIRECTION ( 'NONE',  ( 0.3363363969981568724, -0.9417419115948372221, 0.000000000000000000 ) ) ;
#6899 = VECTOR ( 'NONE', #4853, 1000.000000000000000 ) ;
#6900 = CARTESIAN_POINT ( 'NONE',  ( 3.300000000000018030, -3.499999999999999112, -4.748279434898257101 ) ) ;
#6901 = VERTEX_POINT ( 'NONE', #5433 ) ;
#6902 = AXIS2_PLACEMENT_3D ( 'NONE', #2086, #4869, #6591 ) ;
#6903 = CARTESIAN_POINT ( 'NONE',  ( 3.700000000000016609, -0.3624598851928417242, -5.231598611585615011 ) ) ;
#6904 = EDGE_CURVE ( 'NONE', #2619, #3973, #3774, .T. ) ;
#6905 = CARTESIAN_POINT ( 'NONE',  ( -1.350000000000000089, -2.900000000000000355, -3.100000000000000977 ) ) ;
#6906 = CARTESIAN_POINT ( 'NONE',  ( 3.200000000000000622, 1.011922027653137537E-15, -0.09999999999998968048 ) ) ;
#6907 = ORIENTED_EDGE ( 'NONE', *, *, #5770, .F. ) ;
#6908 = CARTESIAN_POINT ( 'NONE',  ( 2.925000000000001155, -2.299999999999998490, 0.000000000000000000 ) ) ;
#6909 = DIRECTION ( 'NONE',  ( 0.000000000000000000, 1.000000000000000000, 0.000000000000000000 ) ) ;
#6910 = VECTOR ( 'NONE', #4719, 1000.000000000000000 ) ;
#6911 = CARTESIAN_POINT ( 'NONE',  ( 2.900000000000000799, 2.400000000000000355, -3.200000000000000178 ) ) ;
#6912 = CARTESIAN_POINT ( 'NONE',  ( 2.300000000000000711, -2.299999999999998934, 0.4000000000000000222 ) ) ;
#6913 = VECTOR ( 'NONE', #4702, 1000.000000000000114 ) ;
#6914 = CARTESIAN_POINT ( 'NONE',  ( 0.000000000000000000, 0.000000000000000000, -2.850000000000000089 ) ) ;
#6915 = EDGE_CURVE ( 'NONE', #3819, #5641, #4927, .T. ) ;
#6916 = CARTESIAN_POINT ( 'NONE',  ( 2.075000000000000178, -8.000000000000000000, -2.200000000000000178 ) ) ;
#6917 = ORIENTED_EDGE ( 'NONE', *, *, #4796, .F. ) ;
#6918 = ORIENTED_EDGE ( 'NONE', *, *, #6768, .T. ) ;
#6919 = AXIS2_PLACEMENT_3D ( 'NONE', #4206, #4791, #2480 ) ;
#6920 = CIRCLE ( 'NONE', #5991, 1.725037507957206451 ) ;
#6921 = LINE ( 'NONE', #221, #213 ) ;
#6922 = LINE ( 'NONE', #5716, #2096 ) ;
#6923 = CARTESIAN_POINT ( 'NONE',  ( 1.408578643762689930, -1.541421356237309803, -3.200000000000000622 ) ) ;
#6925 = VERTEX_POINT ( 'NONE', #4357 ) ;
#6924 = VECTOR ( 'NONE', #4830, 1000.000000000000000 ) ;
#6926 = ADVANCED_FACE ( 'NONE', ( #5506 ), #2779, .T. ) ;
#6928 = VECTOR ( 'NONE', #5445, 1000.000000000000000 ) ;
#6927 = CARTESIAN_POINT ( 'NONE',  ( -1.049999999999999822, -1.674999999999999822, 0.6500000000000001332 ) ) ;
#6929 = EDGE_LOOP ( 'NONE', ( #843, #6150, #21, #7167 ) ) ;
#6930 = EDGE_LOOP ( 'NONE', ( #4730, #4307, #1292, #4766, #1620, #341, #4426, #4048, #1479, #4706, #90, #1609, #6947, #42, #4963, #1676, #3932, #6683 ) ) ;
#6931 = AXIS2_PLACEMENT_3D ( 'NONE', #520, #2275, #444 ) ;
#6932 = DIRECTION ( 'NONE',  ( -0.000000000000000000, -0.000000000000000000, -1.000000000000000000 ) ) ;
#6933 = CARTESIAN_POINT ( 'NONE',  ( -3.655061166456356148, -0.7102588294049689832, -5.021026252406373125 ) ) ;
#6934 = DIRECTION ( 'NONE',  ( 1.000000000000000000, -1.185394375250816330E-13, -2.891205793294673889E-15 ) ) ;
#6935 = EDGE_CURVE ( 'NONE', #5651, #6179, #3047, .T. ) ;
#6936 = ORIENTED_EDGE ( 'NONE', *, *, #3344, .F. ) ;
#6937 = LINE ( 'NONE', #195, #1126 ) ;
#6938 = VECTOR ( 'NONE', #992, 1000.000000000000000 ) ;
#6939 = FACE_OUTER_BOUND ( 'NONE', #6996, .T. ) ;
#6940 = VECTOR ( 'NONE', #4813, 999.9999999999998863 ) ;
#6941 = DIRECTION ( 'NONE',  ( 0.000000000000000000, 0.000000000000000000, 1.000000000000000000 ) ) ;
#6942 = ORIENTED_EDGE ( 'NONE', *, *, #6904, .T. ) ;
#6943 = EDGE_CURVE ( 'NONE', #2139, #6021, #364, .T. ) ;
#6944 = CARTESIAN_POINT ( 'NONE',  ( 3.700000000000009059, -0.09371311001840368360, -2.849999999999997424 ) ) ;
#6945 = DIRECTION ( 'NONE',  ( -3.252606517456511724E-15, 0.000000000000000000, -1.000000000000000000 ) ) ;
#6946 = CARTESIAN_POINT ( 'NONE',  ( -2.899999999999999467, 1.500000000000000000, -3.100000000000000977 ) ) ;
#6947 = ORIENTED_EDGE ( 'NONE', *, *, #7013, .F. ) ;
#6948 = DIRECTION ( 'NONE',  ( 0.9417419115948374442, -0.3363363969981563728, 0.000000000000000000 ) ) ;
#6949 = FACE_OUTER_BOUND ( 'NONE', #2938, .T. ) ;
#6950 = FACE_OUTER_BOUND ( 'NONE', #1446, .T. ) ;
#6951 = EDGE_CURVE ( 'NONE', #125, #6857, #2627, .T. ) ;
#6952 = CARTESIAN_POINT ( 'NONE',  ( -2.900000000000000355, -1.599999999999999201, -3.100000000000000977 ) ) ;
#6953 = PLANE ( 'NONE',  #7284 ) ;
#6954 = DIRECTION ( 'NONE',  ( -1.000000000000000000, 0.000000000000000000, 0.000000000000000000 ) ) ;
#6955 = EDGE_LOOP ( 'NONE', ( #4444, #5505, #1188, #6917 ) ) ;
#6956 = ORIENTED_EDGE ( 'NONE', *, *, #184, .F. ) ;
#6957 = CARTESIAN_POINT ( 'NONE',  ( 3.437244651700126497, -5.168916494400136230, -4.049999999999998934 ) ) ;
#6958 = EDGE_CURVE ( 'NONE', #5572, #3040, #7169, .T. ) ;
#6959 = LINE ( 'NONE', #2528, #6238 ) ;
#6960 =( BOUNDED_CURVE ( )  B_SPLINE_CURVE ( 3, ( #5792, #4119, #121, #4664 ),
 .UNSPECIFIED., .F., .T. ) 
 B_SPLINE_CURVE_WITH_KNOTS ( ( 4, 4 ),
 ( 4.712388980384689674, 6.283185307179586232 ),
 .UNSPECIFIED. ) 
 CURVE ( )  GEOMETRIC_REPRESENTATION_ITEM ( )  RATIONAL_B_SPLINE_CURVE ( ( 1.000000000000000000, 0.8047378541243649375, 0.8047378541243649375, 1.000000000000000000 ) ) 
 REPRESENTATION_ITEM ( '' )  );
#6961 = LINE ( 'NONE', #5904, #242 ) ;
#6962 = VERTEX_POINT ( 'NONE', #975 ) ;
#6963 = FACE_OUTER_BOUND ( 'NONE', #3541, .T. ) ;
#6964 = VERTEX_POINT ( 'NONE', #3214 ) ;
#6965 = ORIENTED_EDGE ( 'NONE', *, *, #254, .F. ) ;
#6966 = EDGE_CURVE ( 'NONE', #381, #4519, #5465, .T. ) ;
#6967 = CARTESIAN_POINT ( 'NONE',  ( -3.300000000000010036, -0.09418335084988924133, -2.849999999999999201 ) ) ;
#6968 = EDGE_CURVE ( 'NONE', #4988, #2778, #1050, .T. ) ;
#6969 = CARTESIAN_POINT ( 'NONE',  ( -3.687752137055941848, -0.2048160270238187086, -4.274396475417888475 ) ) ;
#6970 = CARTESIAN_POINT ( 'NONE',  ( -1.450000000000000178, 0.000000000000000000, -3.100000000000000977 ) ) ;
#6971 = VERTEX_POINT ( 'NONE', #393 ) ;
#6972 = CARTESIAN_POINT ( 'NONE',  ( 3.000000000000000000, 1.600000000000000755, -2.850000000000000089 ) ) ;
#6973 = DIRECTION ( 'NONE',  ( 0.000000000000000000, 1.000000000000000000, 0.000000000000000000 ) ) ;
#6974 = LINE ( 'NONE', #199, #6420 ) ;
#6975 = ADVANCED_FACE ( 'NONE', ( #4979 ), #6451, .T. ) ;
#6976 = ORIENTED_EDGE ( 'NONE', *, *, #7154, .F. ) ;
#6977 = CARTESIAN_POINT ( 'NONE',  ( 3.700000000000017053, -0.08396765301964188855, -5.231773687770120418 ) ) ;
#6978 = LINE ( 'NONE', #204, #2431 ) ;
#6979 = CARTESIAN_POINT ( 'NONE',  ( 1.149999999999999911, -2.900000000000000355, -3.100000000000000977 ) ) ;
#6980 = ORIENTED_EDGE ( 'NONE', *, *, #5024, .T. ) ;
#6981 = DIRECTION ( 'NONE',  ( -0.000000000000000000, -0.000000000000000000, -1.000000000000000000 ) ) ;
#6982 = CARTESIAN_POINT ( 'NONE',  ( 3.700000000000015721, -7.500000000000001776, -4.549999999999998934 ) ) ;
#6983 = CARTESIAN_POINT ( 'NONE',  ( -6.729530725772105090E-16, -1.500000000000000444, -2.850000000000000089 ) ) ;
#6984 = CARTESIAN_POINT ( 'NONE',  ( 0.8499999999999999778, 1.683333333333333348, -2.750000000000000000 ) ) ;
#6985 = PLANE ( 'NONE',  #3248 ) ;
#6986 = FACE_OUTER_BOUND ( 'NONE', #4049, .T. ) ;
#6987 = DIRECTION ( 'NONE',  ( -1.000000000000000000, -4.517509052022934484E-16, -3.491481338843133355E-15 ) ) ;
#6988 = VECTOR ( 'NONE', #2159, 1000.000000000000000 ) ;
#6989 = ADVANCED_FACE ( 'NONE', ( #3252 ), #7207, .F. ) ;
#6990 = VERTEX_POINT ( 'NONE', #5583 ) ;
#6991 = ADVANCED_FACE ( 'NONE', ( #7280 ), #4475, .F. ) ;
#6992 = EDGE_LOOP ( 'NONE', ( #6760, #1218, #3606, #3888 ) ) ;
#6993 = DIRECTION ( 'NONE',  ( 0.000000000000000000, 0.000000000000000000, 1.000000000000000000 ) ) ;
#6994 = CARTESIAN_POINT ( 'NONE',  ( 3.746809205874644277, -5.788045602749172680, -5.049999999999998934 ) ) ;
#6995 = DIRECTION ( 'NONE',  ( 0.000000000000000000, 0.000000000000000000, 1.000000000000000000 ) ) ;
#6996 = EDGE_LOOP ( 'NONE', ( #4729, #2969, #384, #2605 ) ) ;
#6997 = DIRECTION ( 'NONE',  ( 0.4472135954999583163, -0.8944271909999156334, 0.000000000000000000 ) ) ;
#6998 = EDGE_CURVE ( 'NONE', #7044, #7078, #1540, .T. ) ;
#6999 = VERTEX_POINT ( 'NONE', #1816 ) ;
#7000 = VERTEX_POINT ( 'NONE', #91 ) ;
#7001 = AXIS2_PLACEMENT_3D ( 'NONE', #1303, #2954, #6218 ) ;
#7002 = FACE_OUTER_BOUND ( 'NONE', #3922, .T. ) ;
#7003 = ORIENTED_EDGE ( 'NONE', *, *, #482, .T. ) ;
#7004 = CIRCLE ( 'NONE', #3233, 0.09999999999999982514 ) ;
#7005 = CARTESIAN_POINT ( 'NONE',  ( -3.000000000000000000, -3.000000000000000000, -3.100000000000000977 ) ) ;
#7006 = PLANE ( 'NONE',  #4181 ) ;
#7007 = VERTEX_POINT ( 'NONE', #2261 ) ;
#7008 = LINE ( 'NONE', #2506, #5118 ) ;
#7009 = ADVANCED_FACE ( 'NONE', ( #162 ), #1123, .T. ) ;
#7010 = CARTESIAN_POINT ( 'NONE',  ( 0.000000000000000000, -2.900000000000000355, -3.200000000000000178 ) ) ;
#7011 = DIRECTION ( 'NONE',  ( -1.000000000000000000, 0.000000000000000000, 0.000000000000000000 ) ) ;
#7012 = AXIS2_PLACEMENT_3D ( 'NONE', #6004, #6697, #3187 ) ;
#7013 = EDGE_CURVE ( 'NONE', #6505, #4613, #4056, .T. ) ;
#7014 = ORIENTED_EDGE ( 'NONE', *, *, #950, .F. ) ;
#7015 = CARTESIAN_POINT ( 'NONE',  ( 3.440514710225643924, -0.8729126011144050512, -3.853478271631824992 ) ) ;
#7016 = AXIS2_PLACEMENT_3D ( 'NONE', #1478, #4934, #5423 ) ;
#7017 = CARTESIAN_POINT ( 'NONE',  ( -3.300000000000016254, -2.000000000000000888, -4.748279434898257101 ) ) ;
#7018 = DIRECTION ( 'NONE',  ( 8.972707634362810073E-16, 1.000000000000000000, 0.000000000000000000 ) ) ;
#7019 = ORIENTED_EDGE ( 'NONE', *, *, #1004, .T. ) ;
#7020 = ADVANCED_FACE ( 'NONE', ( #4535 ), #4504, .F. ) ;
#7021 = DIRECTION ( 'NONE',  ( 0.000000000000000000, 1.000000000000000000, 0.000000000000000000 ) ) ;
#7022 = DIRECTION ( 'NONE',  ( -1.000000000000000000, 0.000000000000000000, 0.000000000000000000 ) ) ;
#7023 = VECTOR ( 'NONE', #1386, 1000.000000000000114 ) ;
#7024 = CARTESIAN_POINT ( 'NONE',  ( -1.149999999999999911, 2.900000000000000355, -3.200000000000000178 ) ) ;
#7025 = CARTESIAN_POINT ( 'NONE',  ( -3.700000000000021494, -4.000000000000000000, -6.049999999999997158 ) ) ;
#7026 = FACE_OUTER_BOUND ( 'NONE', #3342, .T. ) ;
#7027 = CARTESIAN_POINT ( 'NONE',  ( -3.300000000000014921, -4.000000000000001776, -5.049999999999998934 ) ) ;
#7028 = EDGE_CURVE ( 'NONE', #3900, #4431, #1855, .T. ) ;
#7029 = SPHERICAL_SURFACE ( 'NONE', #119, 0.1000000000000000056 ) ;
#7030 = VECTOR ( 'NONE', #581, 1000.000000000000000 ) ;
#7031 = VERTEX_POINT ( 'NONE', #5094 ) ;
#7032 = VERTEX_POINT ( 'NONE', #2327 ) ;
#7033 = FACE_OUTER_BOUND ( 'NONE', #2165, .T. ) ;
#7034 = DIRECTION ( 'NONE',  ( -0.000000000000000000, -0.000000000000000000, -1.000000000000000000 ) ) ;
#7035 = VECTOR ( 'NONE', #2751, 1000.000000000000000 ) ;
#7036 = LINE ( 'NONE', #1468, #6940 ) ;
#7037 = ORIENTED_EDGE ( 'NONE', *, *, #6001, .T. ) ;
#7038 = LINE ( 'NONE', #4297, #3985 ) ;
#7039 = VERTEX_POINT ( 'NONE', #133 ) ;
#7040 = VERTEX_POINT ( 'NONE', #6180 ) ;
#7041 = COLOUR_RGB ( '',0.7921568627450980005, 0.8196078431372548767, 0.9333333333333333481 ) ;
#7042 =( NAMED_UNIT ( * ) SI_UNIT ( $, .STERADIAN. ) SOLID_ANGLE_UNIT ( ) );
#7043 = EDGE_CURVE ( 'NONE', #6272, #1500, #1710, .T. ) ;
#7044 = VERTEX_POINT ( 'NONE', #3954 ) ;
#7045 = ADVANCED_FACE ( 'NONE', ( #28 ), #5622, .T. ) ;
#7046 = VECTOR ( 'NONE', #1685, 1000.000000000000000 ) ;
#7047 = CARTESIAN_POINT ( 'NONE',  ( 2.900000000000000355, -2.399999999999999467, -3.200000000000000178 ) ) ;
#7048 = LINE ( 'NONE', #894, #1958 ) ;
#7049 = ORIENTED_EDGE ( 'NONE', *, *, #5843, .T. ) ;
#7050 = ORIENTED_EDGE ( 'NONE', *, *, #104, .F. ) ;
#7051 = DIRECTION ( 'NONE',  ( 1.000000000000000000, 0.000000000000000000, 0.000000000000000000 ) ) ;
#7052 = DIRECTION ( 'NONE',  ( 1.000000000000000000, 0.000000000000000000, -3.491481338843133355E-15 ) ) ;
#7053 = VECTOR ( 'NONE', #4596, 1000.000000000000000 ) ;
#7054 = ORIENTED_EDGE ( 'NONE', *, *, #3381, .F. ) ;
#7055 = EDGE_CURVE ( 'NONE', #2769, #925, #6799, .T. ) ;
#7056 = CARTESIAN_POINT ( 'NONE',  ( 3.700000000000018829, -0.3611111111111102168, -5.371878022344833248 ) ) ;
#7057 = AXIS2_PLACEMENT_3D ( 'NONE', #9, #3904, #556 ) ;
#7058 = VECTOR ( 'NONE', #6563, 1000.000000000000000 ) ;
#7059 = CARTESIAN_POINT ( 'NONE',  ( -1.350000000000000089, 2.900000000000000355, -3.200000000000000178 ) ) ;
#7060 = DIRECTION ( 'NONE',  ( -0.000000000000000000, -0.000000000000000000, -1.000000000000000000 ) ) ;
#7061 = ORIENTED_EDGE ( 'NONE', *, *, #2564, .F. ) ;
#7062 = CARTESIAN_POINT ( 'NONE',  ( -1.674999999999999822, -2.299999999999999822, 0.000000000000000000 ) ) ;
#7063 = DIRECTION ( 'NONE',  ( -1.000000000000000000, 5.987542637623614683E-15, -5.585196838722983974E-30 ) ) ;
#7064 = VECTOR ( 'NONE', #3621, 1000.000000000000000 ) ;
#7065 = LINE ( 'NONE', #5927, #2910 ) ;
#7066 = ADVANCED_FACE ( 'NONE', ( #4574 ), #2364, .T. ) ;
#7067 = CARTESIAN_POINT ( 'NONE',  ( -2.925000000000000266, -2.299999999999999822, 0.000000000000000000 ) ) ;
#7068 = EDGE_CURVE ( 'NONE', #1049, #3909, #6217, .T. ) ;
#7069 = CARTESIAN_POINT ( 'NONE',  ( -2.299999999999999822, -2.925000000000000711, 0.6500000000000001332 ) ) ;
#7070 = LINE ( 'NONE', #3076, #6578 ) ;
#7071 = DIRECTION ( 'NONE',  ( -2.654501759898880774E-15, -0.5547001962252291474, 0.8320502943378437211 ) ) ;
#7072 = ORIENTED_EDGE ( 'NONE', *, *, #3524, .T. ) ;
#7073 = ORIENTED_EDGE ( 'NONE', *, *, #5080, .T. ) ;
#7074 = SPHERICAL_SURFACE ( 'NONE', #2670, 0.1000000000000000056 ) ;
#7075 = CARTESIAN_POINT ( 'NONE',  ( -0.8499999999999999778, -1.683333333333333570, -2.799999999999999822 ) ) ;
#7076 = ADVANCED_FACE ( 'NONE', ( #1786 ), #2881, .T. ) ;
#7077 = CARTESIAN_POINT ( 'NONE',  ( 3.352432279564661055, -6.983904117433509029, -4.049999999999999822 ) ) ;
#7078 = VERTEX_POINT ( 'NONE', #1749 ) ;
#7079 = LINE ( 'NONE', #2027, #115 ) ;
#7080 = VERTEX_POINT ( 'NONE', #610 ) ;
#7081 = ORIENTED_EDGE ( 'NONE', *, *, #5223, .F. ) ;
#7082 = CARTESIAN_POINT ( 'NONE',  ( -3.300000000000010036, -2.000000000000000888, -2.849999999999999201 ) ) ;
#7083 = VERTEX_POINT ( 'NONE', #56 ) ;
#7084 = CARTESIAN_POINT ( 'NONE',  ( -0.8499999999999999778, -0.4833333333333334481, -2.799999999999999822 ) ) ;
#7085 = DIRECTION ( 'NONE',  ( -1.000000000000000000, 0.000000000000000000, 0.000000000000000000 ) ) ;
#7086 = ORIENTED_EDGE ( 'NONE', *, *, #1146, .F. ) ;
#7087 = ORIENTED_EDGE ( 'NONE', *, *, #2776, .F. ) ;
#7088 = CARTESIAN_POINT ( 'NONE',  ( 3.300000000000017142, -1.999999999999999556, -4.748279434898257101 ) ) ;
#7089 = ADVANCED_FACE ( 'NONE', ( #3994 ), #3500, .F. ) ;
#7090 = CARTESIAN_POINT ( 'NONE',  ( 1.350000000000000089, 0.000000000000000000, -3.100000000000000977 ) ) ;
#7091 = ORIENTED_EDGE ( 'NONE', *, *, #4424, .T. ) ;
#7092 = CARTESIAN_POINT ( 'NONE',  ( 0.8499999999999999778, 1.733333333333333171, -2.649999999999999911 ) ) ;
#7093 = LINE ( 'NONE', #6544, #5858 ) ;
#7094 = CARTESIAN_POINT ( 'NONE',  ( -3.746809205874642501, -5.788045602749174456, -4.049999999999998934 ) ) ;
#7095 = ORIENTED_EDGE ( 'NONE', *, *, #7242, .F. ) ;
#7096 = FACE_OUTER_BOUND ( 'NONE', #3027, .T. ) ;
#7097 = LINE ( 'NONE', #4281, #6656 ) ;
#7098 = CARTESIAN_POINT ( 'NONE',  ( -3.300000000000016254, -8.673617379884035472E-16, -4.748279434898257101 ) ) ;
#7099 = LINE ( 'NONE', #6486, #5851 ) ;
#7100 = DIRECTION ( 'NONE',  ( -0.000000000000000000, -0.000000000000000000, -1.000000000000000000 ) ) ;
#7101 = CARTESIAN_POINT ( 'NONE',  ( -3.700000000000009948, -2.000000000000000444, -2.849999999999997424 ) ) ;
#7102 = ORIENTED_EDGE ( 'NONE', *, *, #3188, .T. ) ;
#7103 = VERTEX_POINT ( 'NONE', #2953 ) ;
#7104 = EDGE_CURVE ( 'NONE', #4520, #3432, #714, .T. ) ;
#7105 = DIRECTION ( 'NONE',  ( 0.000000000000000000, 1.000000000000000000, 0.000000000000000000 ) ) ;
#7106 = EDGE_CURVE ( 'NONE', #3753, #3089, #485, .T. ) ;
#7107 = B_SPLINE_CURVE_WITH_KNOTS ( 'NONE', 2,
 ( #2402, #5698, #138 ),
 .UNSPECIFIED., .F., .F.,
 ( 3, 3 ),
 ( 0.000000000000000000, 1.000000000000000000 ),
 .UNSPECIFIED. ) ;
#7108 = DIRECTION ( 'NONE',  ( 0.000000000000000000, 0.000000000000000000, 1.000000000000000000 ) ) ;
#7109 = CARTESIAN_POINT ( 'NONE',  ( 1.350000000000000089, 2.900000000000000355, -3.100000000000000977 ) ) ;
#7110 = VERTEX_POINT ( 'NONE', #4824 ) ;
#7111 = CARTESIAN_POINT ( 'NONE',  ( -3.300000000000012257, -7.500000000000000000, -4.549999999999998934 ) ) ;
#7112 = ORIENTED_EDGE ( 'NONE', *, *, #5663, .T. ) ;
#7113 = ORIENTED_EDGE ( 'NONE', *, *, #2485, .F. ) ;
#7114 = ADVANCED_FACE ( 'NONE', ( #6939 ), #4092, .T. ) ;
#7115 = DIRECTION ( 'NONE',  ( 0.4472135954999583718, -0.8944271909999157444, 0.000000000000000000 ) ) ;
#7116 = CARTESIAN_POINT ( 'NONE',  ( 2.299999999999999822, 2.925000000000000711, 0.6500000000000001332 ) ) ;
#7117 = DIRECTION ( 'NONE',  ( -0.000000000000000000, -0.000000000000000000, -1.000000000000000000 ) ) ;
#7118 = VECTOR ( 'NONE', #4171, 1000.000000000000000 ) ;
#7119 = ORIENTED_EDGE ( 'NONE', *, *, #2312, .F. ) ;
#7120 = VERTEX_POINT ( 'NONE', #6359 ) ;
#7121 = EDGE_CURVE ( 'NONE', #5722, #2311, #1963, .T. ) ;
#7122 = FACE_OUTER_BOUND ( 'NONE', #7263, .T. ) ;
#7123 = VERTEX_POINT ( 'NONE', #5917 ) ;
#7124 = AXIS2_PLACEMENT_3D ( 'NONE', #5312, #274, #3444 ) ;
#7125 = CARTESIAN_POINT ( 'NONE',  ( -1.350000000000000089, 1.599999999999999867, -3.200000000000000178 ) ) ;
#7126 = FACE_OUTER_BOUND ( 'NONE', #1785, .T. ) ;
#7127 = ORIENTED_EDGE ( 'NONE', *, *, #94, .T. ) ;
#7128 = CARTESIAN_POINT ( 'NONE',  ( 2.300000000000000711, -2.300000000000000711, 0.9000000000000002442 ) ) ;
#7129 = AXIS2_PLACEMENT_3D ( 'NONE', #3211, #2738, #902 ) ;
#7130 = LINE ( 'NONE', #2483, #5714 ) ;
#7131 = VECTOR ( 'NONE', #3991, 1000.000000000000000 ) ;
#7132 = ADVANCED_FACE ( 'NONE', ( #745 ), #4200, .T. ) ;
#7133 = EDGE_CURVE ( 'NONE', #7000, #1669, #1447, .T. ) ;
#7134 = LINE ( 'NONE', #1649, #6077 ) ;
#7135 = CYLINDRICAL_SURFACE ( 'NONE', #3840, 0.09999999999999939493 ) ;
#7136 = CARTESIAN_POINT ( 'NONE',  ( -2.299999999999999378, 2.300000000000000266, 0.9000000000000001332 ) ) ;
#7137 = ORIENTED_EDGE ( 'NONE', *, *, #6347, .F. ) ;
#7138 = ORIENTED_EDGE ( 'NONE', *, *, #6353, .T. ) ;
#7139 = CIRCLE ( 'NONE', #2078, 0.09999999999999982514 ) ;
#7140 = DIRECTION ( 'NONE',  ( -1.000000000000000000, 0.000000000000000000, 0.000000000000000000 ) ) ;
#7141 = VERTEX_POINT ( 'NONE', #3686 ) ;
#7142 = PLANE ( 'NONE',  #3867 ) ;
#7143 = ADVANCED_FACE ( 'NONE', ( #826 ), #5346, .F. ) ;
#7144 = CIRCLE ( 'NONE', #4545, 0.6250000000000001110 ) ;
#7145 = DIRECTION ( 'NONE',  ( 1.000000000000000000, 8.673617379884051249E-15, 0.000000000000000000 ) ) ;
#7146 = ORIENTED_EDGE ( 'NONE', *, *, #1228, .T. ) ;
#7147 = DIRECTION ( 'NONE',  ( 1.000000000000000000, 0.000000000000000000, 0.000000000000000000 ) ) ;
#7148 = ORIENTED_EDGE ( 'NONE', *, *, #7055, .F. ) ;
#7149 = VERTEX_POINT ( 'NONE', #5803 ) ;
#7150 = AXIS2_PLACEMENT_3D ( 'NONE', #1721, #2829, #5072 ) ;
#7151 = DIRECTION ( 'NONE',  ( 1.000000000000000000, 0.000000000000000000, 0.000000000000000000 ) ) ;
#7152 = CARTESIAN_POINT ( 'NONE',  ( -3.300000000000013589, -4.336808689942017736E-16, -3.830730342022995227 ) ) ;
#7153 = ORIENTED_EDGE ( 'NONE', *, *, #3752, .F. ) ;
#7154 = EDGE_CURVE ( 'NONE', #6841, #4519, #5779, .T. ) ;
#7155 = CARTESIAN_POINT ( 'NONE',  ( -3.700000000000010836, -2.114348681100649178E-16, -3.854081064452110184 ) ) ;
#7156 = CARTESIAN_POINT ( 'NONE',  ( 0.8499999999999999778, 2.600000000000000533, -2.850000000000000089 ) ) ;
#7157 = CIRCLE ( 'NONE', #7282, 0.5000000000000004441 ) ;
#7158 = ORIENTED_EDGE ( 'NONE', *, *, #4704, .F. ) ;
#7159 = ORIENTED_EDGE ( 'NONE', *, *, #7068, .F. ) ;
#7160 = DIRECTION ( 'NONE',  ( 0.000000000000000000, 0.000000000000000000, -1.000000000000000000 ) ) ;
#7161 = VECTOR ( 'NONE', #5362, 1000.000000000000000 ) ;
#7162 = VERTEX_POINT ( 'NONE', #3095 ) ;
#7163 = CIRCLE ( 'NONE', #2450, 0.09999999999999982514 ) ;
#7164 = EDGE_CURVE ( 'NONE', #4559, #1709, #4320, .T. ) ;
#7165 = DIRECTION ( 'NONE',  ( 0.000000000000000000, 0.000000000000000000, -1.000000000000000000 ) ) ;
#7166 = DIRECTION ( 'NONE',  ( -1.000000000000000000, 0.000000000000000000, 0.000000000000000000 ) ) ;
#7167 = ORIENTED_EDGE ( 'NONE', *, *, #5310, .F. ) ;
#7168 = AXIS2_PLACEMENT_3D ( 'NONE', #205, #752, #3579 ) ;
#7169 = LINE ( 'NONE', #2741, #2240 ) ;
#7170 = AXIS2_PLACEMENT_3D ( 'NONE', #5044, #2104, #6052 ) ;
#7171 = DIRECTION ( 'NONE',  ( -3.491481338843133355E-15, 0.000000000000000000, -1.000000000000000000 ) ) ;
#7172 = AXIS2_PLACEMENT_3D ( 'NONE', #111, #2968, #5677 ) ;
#7173 = VECTOR ( 'NONE', #5049, 1000.000000000000000 ) ;
#7174 = CARTESIAN_POINT ( 'NONE',  ( -0.8499999999999999778, -1.683333333333333348, -2.799999999999999822 ) ) ;
#7175 = DIRECTION ( 'NONE',  ( 1.000000000000000000, 6.938893903907227392E-16, 0.000000000000000000 ) ) ;
#7176 = LINE ( 'NONE', #2128, #6988 ) ;
#7177 = CARTESIAN_POINT ( 'NONE',  ( 0.000000000000000000, 0.000000000000000000, 1.100000000000000089 ) ) ;
#7178 = ORIENTED_EDGE ( 'NONE', *, *, #3773, .F. ) ;
#7179 = DIRECTION ( 'NONE',  ( -0.000000000000000000, -0.000000000000000000, -1.000000000000000000 ) ) ;
#7180 = CIRCLE ( 'NONE', #3997, 0.4999999999999993339 ) ;
#7181 = AXIS2_PLACEMENT_3D ( 'NONE', #6452, #404, #847 ) ;
#7182 = EDGE_CURVE ( 'NONE', #7240, #304, #3062, .T. ) ;
#7183 = DIRECTION ( 'NONE',  ( 9.591836914396311808E-16, 0.9615239476408233843, 0.2747211278973775705 ) ) ;
#7184 = VERTEX_POINT ( 'NONE', #5951 ) ;
#7185 = FACE_OUTER_BOUND ( 'NONE', #2534, .T. ) ;
#7186 = CARTESIAN_POINT ( 'NONE',  ( 3.700000000000004174, -3.499999999999998668, -0.5999999999999976463 ) ) ;
#7187 = ORIENTED_EDGE ( 'NONE', *, *, #2600, .F. ) ;
#7188 = CYLINDRICAL_SURFACE ( 'NONE', #4106, 0.4999999999999995559 ) ;
#7189 = VERTEX_POINT ( 'NONE', #4242 ) ;
#7190 = ORIENTED_EDGE ( 'NONE', *, *, #5115, .F. ) ;
#7191 = LINE ( 'NONE', #3311, #3987 ) ;
#7192 = CARTESIAN_POINT ( 'NONE',  ( -3.300000000000016254, -4.336808689942017736E-16, -4.858162128904228716 ) ) ;
#7193 = ORIENTED_EDGE ( 'NONE', *, *, #13, .F. ) ;
#7194 = CARTESIAN_POINT ( 'NONE',  ( -2.899999999999999911, 2.500000000000000000, -2.850000000000000089 ) ) ;
#7195 = LINE ( 'NONE', #5381, #3595 ) ;
#7196 = ORIENTED_EDGE ( 'NONE', *, *, #2764, .T. ) ;
#7197 = VERTEX_POINT ( 'NONE', #5385 ) ;
#7198 = CARTESIAN_POINT ( 'NONE',  ( 3.300000000000015810, -7.499999999999998224, -4.549999999999998934 ) ) ;
#7199 = EDGE_CURVE ( 'NONE', #6546, #2000, #2434, .T. ) ;
#7200 = CARTESIAN_POINT ( 'NONE',  ( 3.278597828075717313, -0.2027530115181696291, -2.990104334574712919 ) ) ;
#7201 = ORIENTED_EDGE ( 'NONE', *, *, #4359, .F. ) ;
#7202 = EDGE_CURVE ( 'NONE', #6108, #5186, #2507, .T. ) ;
#7203 = CARTESIAN_POINT ( 'NONE',  ( -3.670977436959812046, -1.470924846011381959, -5.021397004469729808 ) ) ;
#7204 = DIRECTION ( 'NONE',  ( 1.000000000000000000, 0.000000000000000000, 0.000000000000000000 ) ) ;
#7205 = CARTESIAN_POINT ( 'NONE',  ( 4.128237442572071814, -6.000935160798247736, -5.049999999999998934 ) ) ;
#7206 = ORIENTED_EDGE ( 'NONE', *, *, #2636, .T. ) ;
#7207 = PLANE ( 'NONE',  #15 ) ;
#7208 = CARTESIAN_POINT ( 'NONE',  ( 3.300000000000015810, -3.499999999999999112, -4.050000000000000711 ) ) ;
#7209 = EDGE_CURVE ( 'NONE', #3087, #1352, #6507, .T. ) ;
#7210 = DIRECTION ( 'NONE',  ( -0.8944271909999162995, 0.4472135954999572616, 0.000000000000000000 ) ) ;
#7211 = DIRECTION ( 'NONE',  ( 1.000000000000000000, 5.981805089575196197E-16, 0.000000000000000000 ) ) ;
#7212 = CARTESIAN_POINT ( 'NONE',  ( -2.300000000000000266, 2.299999999999999378, 0.9000000000000001332 ) ) ;
#7213 = DIRECTION ( 'NONE',  ( 0.000000000000000000, 1.000000000000000000, -3.523657060577896116E-15 ) ) ;
#7214 = ORIENTED_EDGE ( 'NONE', *, *, #4618, .T. ) ;
#7215 = ORIENTED_EDGE ( 'NONE', *, *, #3179, .T. ) ;
#7216 = LINE ( 'NONE', #3855, #3146 ) ;
#7217 = ORIENTED_EDGE ( 'NONE', *, *, #4997, .F. ) ;
#7218 = DIRECTION ( 'NONE',  ( 0.000000000000000000, 0.000000000000000000, -1.000000000000000000 ) ) ;
#7219 = DIRECTION ( 'NONE',  ( 1.000000000000000000, 0.000000000000000000, -3.491481338843132961E-15 ) ) ;
#7220 = ADVANCED_FACE ( 'NONE', ( #5838 ), #785, .T. ) ;
#7221 = VERTEX_POINT ( 'NONE', #1593 ) ;
#7222 = FACE_OUTER_BOUND ( 'NONE', #6527, .T. ) ;
#7223 = ORIENTED_EDGE ( 'NONE', *, *, #4860, .F. ) ;
#7224 = VERTEX_POINT ( 'NONE', #4938 ) ;
#7225 = DIRECTION ( 'NONE',  ( -1.000000000000000000, 5.204170427930403139E-15, -3.469446951953601961E-15 ) ) ;
#7226 = CARTESIAN_POINT ( 'NONE',  ( -3.135054598115169622, -0.7393959462822999873, -4.391147680321848767 ) ) ;
#7227 = ORIENTED_EDGE ( 'NONE', *, *, #1383, .T. ) ;
#7228 = ADVANCED_FACE ( 'NONE', ( #5498 ), #1562, .T. ) ;
#7229 = LINE ( 'NONE', #2841, #6352 ) ;
#7230 = CARTESIAN_POINT ( 'NONE',  ( 3.300000000000003375, -3.499999999999999112, -0.5999999999999989786 ) ) ;
#7231 = ADVANCED_BREP_SHAPE_REPRESENTATION ( 'CUI_DEVICES_TS11-674-43-BK-160-RA-D', ( #5913, #6099, #3646, #3756, #6488 ), #4234 ) ;
#7232 = ORIENTED_EDGE ( 'NONE', *, *, #4595, .T. ) ;
#7233 = EDGE_LOOP ( 'NONE', ( #4883, #6453, #7037, #2065, #4765 ) ) ;
#7234 = CARTESIAN_POINT ( 'NONE',  ( 3.300000000000010925, -1.905816649150110509, -2.849999999999999201 ) ) ;
#7235 = ORIENTED_EDGE ( 'NONE', *, *, #3834, .F. ) ;
#7236 = CARTESIAN_POINT ( 'NONE',  ( -3.625786212530447639, -1.469475477398183072, -4.601379507412809211 ) ) ;
#7237 = CARTESIAN_POINT ( 'NONE',  ( -4.128237442572069149, -6.000935160798248624, -4.049999999999998934 ) ) ;
#7238 = EDGE_CURVE ( 'NONE', #6082, #2758, #3243, .T. ) ;
#7239 = DIRECTION ( 'NONE',  ( 0.000000000000000000, 1.000000000000000000, 0.000000000000000000 ) ) ;
#7240 = VERTEX_POINT ( 'NONE', #5574 ) ;
#7241 = DIRECTION ( 'NONE',  ( -1.000000000000000000, 0.000000000000000000, 0.000000000000000000 ) ) ;
#7242 = EDGE_CURVE ( 'NONE', #1437, #5540, #4386, .T. ) ;
#7243 = DIRECTION ( 'NONE',  ( -1.000000000000000000, -4.486353817181400106E-16, 0.000000000000000000 ) ) ;
#7244 = VECTOR ( 'NONE', #5662, 1000.000000000000000 ) ;
#7245 = LINE ( 'NONE', #2194, #2885 ) ;
#7246 = ADVANCED_FACE ( 'NONE', ( #3832 ), #6144, .T. ) ;
#7247 = CIRCLE ( 'NONE', #5598, 0.05000000000000012768 ) ;
#7248 = LINE ( 'NONE', #2196, #4769 ) ;
#7249 = LINE ( 'NONE', #2197, #6073 ) ;
#7250 = CARTESIAN_POINT ( 'NONE',  ( 0.8499999999999999778, 0.4333333333333333481, -2.649999999999999911 ) ) ;
#7251 = VERTEX_POINT ( 'NONE', #2620 ) ;
#7252 = CARTESIAN_POINT ( 'NONE',  ( 3.700000000000016165, -3.999999999999998224, -4.049999999999998934 ) ) ;
#7253 = AXIS2_PLACEMENT_3D ( 'NONE', #1605, #431, #2666 ) ;
#7254 = DIRECTION ( 'NONE',  ( -1.000000000000000000, 0.000000000000000000, 0.000000000000000000 ) ) ;
#7255 = ORIENTED_EDGE ( 'NONE', *, *, #5446, .T. ) ;
#7256 = LINE ( 'NONE', #6668, #462 ) ;
#7257 = ADVANCED_FACE ( 'NONE', ( #5426 ), #6097, .T. ) ;
#7258 = FACE_OUTER_BOUND ( 'NONE', #5996, .T. ) ;
#7259 = VERTEX_POINT ( 'NONE', #1082 ) ;
#7260 = LINE ( 'NONE', #4998, #3041 ) ;
#7261 = AXIS2_PLACEMENT_3D ( 'NONE', #2362, #160, #5235 ) ;
#7262 = ORIENTED_EDGE ( 'NONE', *, *, #93, .T. ) ;
#7263 = EDGE_LOOP ( 'NONE', ( #6599, #6236, #1835, #7014 ) ) ;
#7264 = DIRECTION ( 'NONE',  ( -1.000000000000000000, 0.000000000000000000, 0.000000000000000000 ) ) ;
#7265 = CARTESIAN_POINT ( 'NONE',  ( -3.230608367692935801, -1.500646483344228344, -4.391147680321848767 ) ) ;
#7266 = AXIS2_PLACEMENT_3D ( 'NONE', #1941, #4175, #2520 ) ;
#7267 = ORIENTED_EDGE ( 'NONE', *, *, #734, .T. ) ;
#7268 = CARTESIAN_POINT ( 'NONE',  ( -1.149999999999999911, -2.900000000000000355, -2.850000000000000089 ) ) ;
#7269 = CARTESIAN_POINT ( 'NONE',  ( -2.900000000000000355, 0.000000000000000000, -3.200000000000000178 ) ) ;
#7270 = EDGE_LOOP ( 'NONE', ( #6009, #6317, #4936, #1080 ) ) ;
#7271 = ORIENTED_EDGE ( 'NONE', *, *, #4408, .F. ) ;
#7272 = EDGE_CURVE ( 'NONE', #5364, #2101, #4937, .T. ) ;
#7273 = ADVANCED_FACE ( 'NONE', ( #4856 ), #4350, .T. ) ;
#7274 = CARTESIAN_POINT ( 'NONE',  ( 3.300000000000011369, -1.999999999999999556, -2.990104334574712919 ) ) ;
#7275 = VERTEX_POINT ( 'NONE', #6646 ) ;
#7276 = CIRCLE ( 'NONE', #335, 0.09999999999999982514 ) ;
#7277 = CARTESIAN_POINT ( 'NONE',  ( -3.700000000000017941, -2.000000000000000888, -5.021617185908048064 ) ) ;
#7278 = DIRECTION ( 'NONE',  ( 1.000000000000000000, 0.000000000000000000, 0.000000000000000000 ) ) ;
#7279 = ORIENTED_EDGE ( 'NONE', *, *, #4987, .T. ) ;
#7280 = FACE_OUTER_BOUND ( 'NONE', #5692, .T. ) ;
#7281 = CARTESIAN_POINT ( 'NONE',  ( -1.450000000000000178, 2.900000000000000355, -2.850000000000000089 ) ) ;
#7282 = AXIS2_PLACEMENT_3D ( 'NONE', #4758, #4651, #4252 ) ;
#7283 = CARTESIAN_POINT ( 'NONE',  ( 3.611565522318759047, -1.622742364566650553, -3.433741753074264214 ) ) ;
#7284 = AXIS2_PLACEMENT_3D ( 'NONE', #2631, #6006, #6115 ) ;
#7285 = CIRCLE ( 'NONE', #2103, 0.6250000000000001110 ) ;
#7286 = DIRECTION ( 'NONE',  ( 0.000000000000000000, 0.000000000000000000, 1.000000000000000000 ) ) ;
#7287 = DIRECTION ( 'NONE',  ( -4.517509052022934484E-16, 1.000000000000000000, 0.000000000000000000 ) ) ;
#7288 = DIRECTION ( 'NONE',  ( -0.3363363969981563173, -0.9417419115948373332, 0.000000000000000000 ) ) ;
#7289 = ORIENTED_EDGE ( 'NONE', *, *, #2794, .F. ) ;
#7290 = DIRECTION ( 'NONE',  ( -0.000000000000000000, -0.000000000000000000, -1.000000000000000000 ) ) ;
ENDSEC;
END-ISO-10303-21;
