ISO-10303-21;
HEADER;
FILE_DESCRIPTION(('KiCad electronic assembly'),'2;1');
FILE_NAME('motorboard-v1.0.step','2025-02-01T02:42:46',('Pcbnew'),(
    'Kicad'),'Open CASCADE STEP processor 7.7','KiCad to STEP converter'
  ,'Unknown');
FILE_SCHEMA(('AUTOMOTIVE_DESIGN { 1 0 10303 214 1 1 1 1 }'));
ENDSEC;
DATA;
#1 = APPLICATION_PROTOCOL_DEFINITION('international standard',
  'automotive_design',2000,#2);
#2 = APPLICATION_CONTEXT(
  'core data for automotive mechanical design processes');
#3 = SHAPE_DEFINITION_REPRESENTATION(#4,#10);
#4 = PRODUCT_DEFINITION_SHAPE('','',#5);
#5 = PRODUCT_DEFINITION('design','',#6,#9);
#6 = PRODUCT_DEFINITION_FORMATION('','',#7);
#7 = PRODUCT('motorboard-v1.0 1','motorboard-v1.0 1','',(#8));
#8 = PRODUCT_CONTEXT('',#2,'mechanical');
#9 = PRODUCT_DEFINITION_CONTEXT('part definition',#2,'design');
#10 = SHAPE_REPRESENTATION('',(#11,#15,#19,#23,#27,#31,#35,#39,#43,#47,
    #51,#55,#59,#63,#67,#71,#75,#79,#83,#87,#91,#95,#99,#103,#107,#111,
    #115,#119,#123,#127,#131,#135,#139,#143,#147,#151,#155,#159,#163,
    #167,#171,#175,#179,#183,#187,#191,#195,#199,#203,#207,#211,#215,
    #219,#223,#227,#231,#235,#239,#243,#247,#251,#255,#259,#263,#267,
    #271,#275,#279,#283,#287,#291,#295,#299,#303,#307,#311,#315,#319,
    #323,#327,#331,#335,#339,#343,#347,#351,#355,#359,#363,#367,#371,
    #375,#379,#383,#387,#391,#395,#399,#403,#407,#411,#415,#419,#423,
    #427,#431,#435,#439,#443,#447,#451,#455,#459,#463,#467,#471,#475,
    #479,#483,#487,#491,#495,#499,#503,#507,#511,#515,#519,#523,#527,
    #531,#535,#539,#543,#547,#551,#555,#559,#563,#567,#571,#575,#579,
    #583,#587,#591,#595,#599,#603,#607,#611,#615,#619,#623,#627,#631,
    #635,#639,#643,#647,#651,#655,#659,#663,#667,#671,#675,#679,#683,
    #687,#691,#695,#699,#703,#707,#711,#715,#719,#723,#727,#731,#735,
    #739,#743,#747,#751,#755,#759,#763,#767,#771,#775,#779,#783,#787,
    #791,#795,#799,#803,#807,#811,#815,#819,#823,#827,#831,#835,#839,
    #843,#847,#851,#855,#859),#863);
#11 = AXIS2_PLACEMENT_3D('',#12,#13,#14);
#12 = CARTESIAN_POINT('',(0.,0.,0.));
#13 = DIRECTION('',(0.,0.,1.));
#14 = DIRECTION('',(1.,0.,-0.));
#15 = AXIS2_PLACEMENT_3D('',#16,#17,#18);
#16 = CARTESIAN_POINT('',(-25.,-2.5E-02,1.65));
#17 = DIRECTION('',(0.,-0.,1.));
#18 = DIRECTION('',(1.110223024625E-16,1.,0.));
#19 = AXIS2_PLACEMENT_3D('',#20,#21,#22);
#20 = CARTESIAN_POINT('',(-23.8,23.2,1.65));
#21 = DIRECTION('',(-0.,0.,1.));
#22 = DIRECTION('',(1.110223024625E-16,-1.,0.));
#23 = AXIS2_PLACEMENT_3D('',#24,#25,#26);
#24 = CARTESIAN_POINT('',(24.,5.2,1.65));
#25 = DIRECTION('',(-0.,0.,1.));
#26 = DIRECTION('',(1.110223024625E-16,-1.,0.));
#27 = AXIS2_PLACEMENT_3D('',#28,#29,#30);
#28 = CARTESIAN_POINT('',(0.622262,35.002738,1.65));
#29 = DIRECTION('',(0.,0.,1.));
#30 = DIRECTION('',(-1.,1.224646799147E-16,0.));
#31 = AXIS2_PLACEMENT_3D('',#32,#33,#34);
#32 = CARTESIAN_POINT('',(12.2,14.2,1.65));
#33 = DIRECTION('',(0.,0.,1.));
#34 = DIRECTION('',(1.,0.,0.));
#35 = AXIS2_PLACEMENT_3D('',#36,#37,#38);
#36 = CARTESIAN_POINT('',(-26.4,24.2,1.65));
#37 = DIRECTION('',(0.,0.,1.));
#38 = DIRECTION('',(-1.,1.224646799147E-16,0.));
#39 = AXIS2_PLACEMENT_3D('',#40,#41,#42);
#40 = CARTESIAN_POINT('',(32.,0.,1.65));
#41 = DIRECTION('',(0.,-0.,1.));
#42 = DIRECTION('',(1.110223024625E-16,1.,0.));
#43 = AXIS2_PLACEMENT_3D('',#44,#45,#46);
#44 = CARTESIAN_POINT('',(24.,30.35,1.65));
#45 = DIRECTION('',(0.,0.,1.));
#46 = DIRECTION('',(-1.,1.224646799147E-16,0.));
#47 = AXIS2_PLACEMENT_3D('',#48,#49,#50);
#48 = CARTESIAN_POINT('',(-30.2,19.8,1.65));
#49 = DIRECTION('',(0.,-0.,1.));
#50 = DIRECTION('',(1.110223024625E-16,1.,0.));
#51 = AXIS2_PLACEMENT_3D('',#52,#53,#54);
#52 = CARTESIAN_POINT('',(-13.075,-11.2,1.65));
#53 = DIRECTION('',(0.,0.,1.));
#54 = DIRECTION('',(1.,0.,0.));
#55 = AXIS2_PLACEMENT_3D('',#56,#57,#58);
#56 = CARTESIAN_POINT('',(-29.975,-8.975,1.65));
#57 = DIRECTION('',(0.,-0.,1.));
#58 = DIRECTION('',(1.110223024625E-16,1.,0.));
#59 = AXIS2_PLACEMENT_3D('',#60,#61,#62);
#60 = CARTESIAN_POINT('',(6.8,37.3,1.65));
#61 = DIRECTION('',(-0.,0.,1.));
#62 = DIRECTION('',(1.110223024625E-16,-1.,0.));
#63 = AXIS2_PLACEMENT_3D('',#64,#65,#66);
#64 = CARTESIAN_POINT('',(-36.,32.4,1.65));
#65 = DIRECTION('',(-0.,0.,1.));
#66 = DIRECTION('',(1.110223024625E-16,-1.,0.));
#67 = AXIS2_PLACEMENT_3D('',#68,#69,#70);
#68 = CARTESIAN_POINT('',(-30.2,16.6,1.65));
#69 = DIRECTION('',(0.,-0.,1.));
#70 = DIRECTION('',(1.110223024625E-16,1.,0.));
#71 = AXIS2_PLACEMENT_3D('',#72,#73,#74);
#72 = CARTESIAN_POINT('',(13.2,-14.6,1.65));
#73 = DIRECTION('',(0.,0.,1.));
#74 = DIRECTION('',(-1.,1.224646799147E-16,0.));
#75 = AXIS2_PLACEMENT_3D('',#76,#77,#78);
#76 = CARTESIAN_POINT('',(16.,37.725,1.65));
#77 = DIRECTION('',(-0.,0.,1.));
#78 = DIRECTION('',(1.110223024625E-16,-1.,0.));
#79 = AXIS2_PLACEMENT_3D('',#80,#81,#82);
#80 = CARTESIAN_POINT('',(50.,34.4,1.65));
#81 = DIRECTION('',(0.,-0.,1.));
#82 = DIRECTION('',(1.110223024625E-16,1.,0.));
#83 = AXIS2_PLACEMENT_3D('',#84,#85,#86);
#84 = CARTESIAN_POINT('',(13.2,-7.8,1.65));
#85 = DIRECTION('',(0.,0.,1.));
#86 = DIRECTION('',(-1.,1.224646799147E-16,0.));
#87 = AXIS2_PLACEMENT_3D('',#88,#89,#90);
#88 = CARTESIAN_POINT('',(-29.2,23.2,1.65));
#89 = DIRECTION('',(-0.,0.,1.));
#90 = DIRECTION('',(1.110223024625E-16,-1.,0.));
#91 = AXIS2_PLACEMENT_3D('',#92,#93,#94);
#92 = CARTESIAN_POINT('',(50.8625,46.65,1.65));
#93 = DIRECTION('',(0.,0.,1.));
#94 = DIRECTION('',(-1.,1.224646799147E-16,0.));
#95 = AXIS2_PLACEMENT_3D('',#96,#97,#98);
#96 = CARTESIAN_POINT('',(-5.25,60.11608,1.65));
#97 = DIRECTION('',(0.,-0.,1.));
#98 = DIRECTION('',(1.110223024625E-16,1.,0.));
#99 = AXIS2_PLACEMENT_3D('',#100,#101,#102);
#100 = CARTESIAN_POINT('',(-10.,19.8,1.65));
#101 = DIRECTION('',(0.,0.,1.));
#102 = DIRECTION('',(1.,0.,0.));
#103 = AXIS2_PLACEMENT_3D('',#104,#105,#106);
#104 = CARTESIAN_POINT('',(29.6,13.2,1.65));
#105 = DIRECTION('',(-0.,0.,1.));
#106 = DIRECTION('',(1.110223024625E-16,-1.,0.));
#107 = AXIS2_PLACEMENT_3D('',#108,#109,#110);
#108 = CARTESIAN_POINT('',(-63.2,-0.2,1.65));
#109 = DIRECTION('',(-0.,0.,1.));
#110 = DIRECTION('',(1.110223024625E-16,-1.,0.));
#111 = AXIS2_PLACEMENT_3D('',#112,#113,#114);
#112 = CARTESIAN_POINT('',(-2.227738,32.652738,1.65));
#113 = DIRECTION('',(0.,0.,1.));
#114 = DIRECTION('',(1.,0.,0.));
#115 = AXIS2_PLACEMENT_3D('',#116,#117,#118);
#116 = CARTESIAN_POINT('',(32.,5.2,1.65));
#117 = DIRECTION('',(-0.,0.,1.));
#118 = DIRECTION('',(1.110223024625E-16,-1.,0.));
#119 = AXIS2_PLACEMENT_3D('',#120,#121,#122);
#120 = CARTESIAN_POINT('',(31.8,49.625,1.65));
#121 = DIRECTION('',(0.,0.,1.));
#122 = DIRECTION('',(1.,0.,0.));
#123 = AXIS2_PLACEMENT_3D('',#124,#125,#126);
#124 = CARTESIAN_POINT('',(22.2,10.6,1.65));
#125 = DIRECTION('',(0.,-0.,1.));
#126 = DIRECTION('',(1.110223024625E-16,1.,0.));
#127 = AXIS2_PLACEMENT_3D('',#128,#129,#130);
#128 = CARTESIAN_POINT('',(3.625,60.19108,1.65));
#129 = DIRECTION('',(0.,-0.,1.));
#130 = DIRECTION('',(1.110223024625E-16,1.,0.));
#131 = AXIS2_PLACEMENT_3D('',#132,#133,#134);
#132 = CARTESIAN_POINT('',(43.2,49.625,1.65));
#133 = DIRECTION('',(0.,0.,1.));
#134 = DIRECTION('',(1.,0.,0.));
#135 = AXIS2_PLACEMENT_3D('',#136,#137,#138);
#136 = CARTESIAN_POINT('',(30.4,34.4,1.65));
#137 = DIRECTION('',(0.,-0.,1.));
#138 = DIRECTION('',(1.110223024625E-16,1.,0.));
#139 = AXIS2_PLACEMENT_3D('',#140,#141,#142);
#140 = CARTESIAN_POINT('',(29.6,-9.,1.65));
#141 = DIRECTION('',(-0.,0.,1.));
#142 = DIRECTION('',(1.110223024625E-16,-1.,0.));
#143 = AXIS2_PLACEMENT_3D('',#144,#145,#146);
#144 = CARTESIAN_POINT('',(31.,-16.,1.65));
#145 = DIRECTION('',(0.,-0.,1.));
#146 = DIRECTION('',(1.110223024625E-16,1.,0.));
#147 = AXIS2_PLACEMENT_3D('',#148,#149,#150);
#148 = CARTESIAN_POINT('',(-11.8,13.999999,1.65));
#149 = DIRECTION('',(0.,0.,1.));
#150 = DIRECTION('',(1.,0.,0.));
#151 = AXIS2_PLACEMENT_3D('',#152,#153,#154);
#152 = CARTESIAN_POINT('',(-26.04,32.8,1.65));
#153 = DIRECTION('',(0.,-0.,1.));
#154 = DIRECTION('',(1.110223024625E-16,1.,0.));
#155 = AXIS2_PLACEMENT_3D('',#156,#157,#158);
#156 = CARTESIAN_POINT('',(24.,28.7,1.65));
#157 = DIRECTION('',(0.,0.,1.));
#158 = DIRECTION('',(-1.,1.224646799147E-16,0.));
#159 = AXIS2_PLACEMENT_3D('',#160,#161,#162);
#160 = CARTESIAN_POINT('',(-42.,33.725,1.65));
#161 = DIRECTION('',(-0.,0.,1.));
#162 = DIRECTION('',(1.110223024625E-16,-1.,0.));
#163 = AXIS2_PLACEMENT_3D('',#164,#165,#166);
#164 = CARTESIAN_POINT('',(35.6,49.625,1.65));
#165 = DIRECTION('',(0.,0.,1.));
#166 = DIRECTION('',(1.,0.,0.));
#167 = AXIS2_PLACEMENT_3D('',#168,#169,#170);
#168 = CARTESIAN_POINT('',(33.2,34.4,1.65));
#169 = DIRECTION('',(0.,-0.,1.));
#170 = DIRECTION('',(1.110223024625E-16,1.,0.));
#171 = AXIS2_PLACEMENT_3D('',#172,#173,#174);
#172 = CARTESIAN_POINT('',(-50.8,33.725,1.65));
#173 = DIRECTION('',(-0.,0.,1.));
#174 = DIRECTION('',(1.110223024625E-16,-1.,0.));
#175 = AXIS2_PLACEMENT_3D('',#176,#177,#178);
#176 = CARTESIAN_POINT('',(-19.1375,58.8,1.65));
#177 = DIRECTION('',(0.,0.,1.));
#178 = DIRECTION('',(-1.,1.224646799147E-16,0.));
#179 = AXIS2_PLACEMENT_3D('',#180,#181,#182);
#180 = CARTESIAN_POINT('',(44.4,34.4,1.65));
#181 = DIRECTION('',(0.,-0.,1.));
#182 = DIRECTION('',(1.110223024625E-16,1.,0.));
#183 = AXIS2_PLACEMENT_3D('',#184,#185,#186);
#184 = CARTESIAN_POINT('',(-30.,-12.2,1.65));
#185 = DIRECTION('',(0.,-0.,1.));
#186 = DIRECTION('',(1.110223024625E-16,1.,0.));
#187 = AXIS2_PLACEMENT_3D('',#188,#189,#190);
#188 = CARTESIAN_POINT('',(-6.577738,32.252738,1.65));
#189 = DIRECTION('',(0.,0.,1.));
#190 = DIRECTION('',(-1.,1.224646799147E-16,0.));
#191 = AXIS2_PLACEMENT_3D('',#192,#193,#194);
#192 = CARTESIAN_POINT('',(-26.04,36.,1.65));
#193 = DIRECTION('',(0.,-0.,1.));
#194 = DIRECTION('',(1.110223024625E-16,1.,0.));
#195 = AXIS2_PLACEMENT_3D('',#196,#197,#198);
#196 = CARTESIAN_POINT('',(40.,0.,1.65));
#197 = DIRECTION('',(0.,-0.,1.));
#198 = DIRECTION('',(1.110223024625E-16,1.,0.));
#199 = AXIS2_PLACEMENT_3D('',#200,#201,#202);
#200 = CARTESIAN_POINT('',(10.7,32.55,1.65));
#201 = DIRECTION('',(0.,0.,1.));
#202 = DIRECTION('',(-1.,1.224646799147E-16,0.));
#203 = AXIS2_PLACEMENT_3D('',#204,#205,#206);
#204 = CARTESIAN_POINT('',(-14.9,16.2,1.65));
#205 = DIRECTION('',(-0.,0.,1.));
#206 = DIRECTION('',(1.110223024625E-16,-1.,0.));
#207 = AXIS2_PLACEMENT_3D('',#208,#209,#210);
#208 = CARTESIAN_POINT('',(-14.73,33.5,1.65));
#209 = DIRECTION('',(-0.,0.,1.));
#210 = DIRECTION('',(1.110223024625E-16,-1.,0.));
#211 = AXIS2_PLACEMENT_3D('',#212,#213,#214);
#212 = CARTESIAN_POINT('',(28.,0.,1.65));
#213 = DIRECTION('',(0.,-0.,1.));
#214 = DIRECTION('',(1.110223024625E-16,1.,0.));
#215 = AXIS2_PLACEMENT_3D('',#216,#217,#218);
#216 = CARTESIAN_POINT('',(-21.,-2.5E-02,1.65));
#217 = DIRECTION('',(0.,-0.,1.));
#218 = DIRECTION('',(1.110223024625E-16,1.,0.));
#219 = AXIS2_PLACEMENT_3D('',#220,#221,#222);
#220 = CARTESIAN_POINT('',(-11.822201,17.8,1.65));
#221 = DIRECTION('',(0.,0.,1.));
#222 = DIRECTION('',(1.,0.,0.));
#223 = AXIS2_PLACEMENT_3D('',#224,#225,#226);
#224 = CARTESIAN_POINT('',(-21.,5.2,1.65));
#225 = DIRECTION('',(-0.,0.,1.));
#226 = DIRECTION('',(1.110223024625E-16,-1.,0.));
#227 = AXIS2_PLACEMENT_3D('',#228,#229,#230);
#228 = CARTESIAN_POINT('',(17.6,37.725,1.65));
#229 = DIRECTION('',(0.,-0.,1.));
#230 = DIRECTION('',(1.110223024625E-16,1.,0.));
#231 = AXIS2_PLACEMENT_3D('',#232,#233,#234);
#232 = CARTESIAN_POINT('',(-11.8,15.9,1.65));
#233 = DIRECTION('',(0.,0.,1.));
#234 = DIRECTION('',(1.,0.,0.));
#235 = AXIS2_PLACEMENT_3D('',#236,#237,#238);
#236 = CARTESIAN_POINT('',(-39.,33.725,1.65));
#237 = DIRECTION('',(-0.,0.,1.));
#238 = DIRECTION('',(1.110223024625E-16,-1.,0.));
#239 = AXIS2_PLACEMENT_3D('',#240,#241,#242);
#240 = CARTESIAN_POINT('',(-26.04,39.2,1.65));
#241 = DIRECTION('',(0.,-0.,1.));
#242 = DIRECTION('',(1.110223024625E-16,1.,0.));
#243 = AXIS2_PLACEMENT_3D('',#244,#245,#246);
#244 = CARTESIAN_POINT('',(29.6,-12.2,1.65));
#245 = DIRECTION('',(-0.,0.,1.));
#246 = DIRECTION('',(1.110223024625E-16,-1.,0.));
#247 = AXIS2_PLACEMENT_3D('',#248,#249,#250);
#248 = CARTESIAN_POINT('',(36.,0.,1.65));
#249 = DIRECTION('',(0.,-0.,1.));
#250 = DIRECTION('',(1.110223024625E-16,1.,0.));
#251 = AXIS2_PLACEMENT_3D('',#252,#253,#254);
#252 = CARTESIAN_POINT('',(-17.975,23.,1.65));
#253 = DIRECTION('',(0.,-0.,1.));
#254 = DIRECTION('',(1.110223024625E-16,1.,0.));
#255 = AXIS2_PLACEMENT_3D('',#256,#257,#258);
#256 = CARTESIAN_POINT('',(-29.975,-5.75,1.65));
#257 = DIRECTION('',(0.,-0.,1.));
#258 = DIRECTION('',(1.110223024625E-16,1.,0.));
#259 = AXIS2_PLACEMENT_3D('',#260,#261,#262);
#260 = CARTESIAN_POINT('',(13.2,-11.2,1.65));
#261 = DIRECTION('',(0.,0.,1.));
#262 = DIRECTION('',(-1.,1.224646799147E-16,0.));
#263 = AXIS2_PLACEMENT_3D('',#264,#265,#266);
#264 = CARTESIAN_POINT('',(24.,0.,1.65));
#265 = DIRECTION('',(0.,-0.,1.));
#266 = DIRECTION('',(1.110223024625E-16,1.,0.));
#267 = AXIS2_PLACEMENT_3D('',#268,#269,#270);
#268 = CARTESIAN_POINT('',(-33.,30.2,1.65));
#269 = DIRECTION('',(-0.,0.,1.));
#270 = DIRECTION('',(1.110223024625E-16,-1.,0.));
#271 = AXIS2_PLACEMENT_3D('',#272,#273,#274);
#272 = CARTESIAN_POINT('',(29.6,16.4,1.65));
#273 = DIRECTION('',(-0.,0.,1.));
#274 = DIRECTION('',(1.110223024625E-16,-1.,0.));
#275 = AXIS2_PLACEMENT_3D('',#276,#277,#278);
#276 = CARTESIAN_POINT('',(-33.,5.2,1.65));
#277 = DIRECTION('',(-0.,0.,1.));
#278 = DIRECTION('',(1.110223024625E-16,-1.,0.));
#279 = AXIS2_PLACEMENT_3D('',#280,#281,#282);
#280 = CARTESIAN_POINT('',(47.2,34.4,1.65));
#281 = DIRECTION('',(0.,-0.,1.));
#282 = DIRECTION('',(1.110223024625E-16,1.,0.));
#283 = AXIS2_PLACEMENT_3D('',#284,#285,#286);
#284 = CARTESIAN_POINT('',(24.8,9.6,1.65));
#285 = DIRECTION('',(0.,0.,1.));
#286 = DIRECTION('',(1.,0.,0.));
#287 = AXIS2_PLACEMENT_3D('',#288,#289,#290);
#288 = CARTESIAN_POINT('',(-0.127738,39.552738,1.65));
#289 = DIRECTION('',(0.,-0.,1.));
#290 = DIRECTION('',(1.110223024625E-16,1.,0.));
#291 = AXIS2_PLACEMENT_3D('',#292,#293,#294);
#292 = CARTESIAN_POINT('',(-33.,-2.5E-02,1.65));
#293 = DIRECTION('',(0.,-0.,1.));
#294 = DIRECTION('',(1.110223024625E-16,1.,0.));
#295 = AXIS2_PLACEMENT_3D('',#296,#297,#298);
#296 = CARTESIAN_POINT('',(15.15,29.9,1.65));
#297 = DIRECTION('',(0.,-0.,1.));
#298 = DIRECTION('',(1.110223024625E-16,1.,0.));
#299 = AXIS2_PLACEMENT_3D('',#300,#301,#302);
#300 = CARTESIAN_POINT('',(-37.,-2.5E-02,1.65));
#301 = DIRECTION('',(0.,-0.,1.));
#302 = DIRECTION('',(1.110223024625E-16,1.,0.));
#303 = AXIS2_PLACEMENT_3D('',#304,#305,#306);
#304 = CARTESIAN_POINT('',(-19.6,61.9,1.65));
#305 = DIRECTION('',(0.,0.,1.));
#306 = DIRECTION('',(1.,0.,0.));
#307 = AXIS2_PLACEMENT_3D('',#308,#309,#310);
#308 = CARTESIAN_POINT('',(-41.,-2.5E-02,1.65));
#309 = DIRECTION('',(0.,-0.,1.));
#310 = DIRECTION('',(1.110223024625E-16,1.,0.));
#311 = AXIS2_PLACEMENT_3D('',#312,#313,#314);
#312 = CARTESIAN_POINT('',(12.2,19.3,1.65));
#313 = DIRECTION('',(0.,0.,1.));
#314 = DIRECTION('',(1.,0.,0.));
#315 = AXIS2_PLACEMENT_3D('',#316,#317,#318);
#316 = CARTESIAN_POINT('',(29.6,19.6,1.65));
#317 = DIRECTION('',(-0.,0.,1.));
#318 = DIRECTION('',(1.110223024625E-16,-1.,0.));
#319 = AXIS2_PLACEMENT_3D('',#320,#321,#322);
#320 = CARTESIAN_POINT('',(29.6,-5.8,1.65));
#321 = DIRECTION('',(-0.,0.,1.));
#322 = DIRECTION('',(1.110223024625E-16,-1.,0.));
#323 = AXIS2_PLACEMENT_3D('',#324,#325,#326);
#324 = CARTESIAN_POINT('',(16.8,35.15,1.65));
#325 = DIRECTION('',(0.,0.,1.));
#326 = DIRECTION('',(-1.,1.224646799147E-16,0.));
#327 = AXIS2_PLACEMENT_3D('',#328,#329,#330);
#328 = CARTESIAN_POINT('',(57.2,0.,1.65));
#329 = DIRECTION('',(0.,-0.,1.));
#330 = DIRECTION('',(1.110223024625E-16,1.,0.));
#331 = AXIS2_PLACEMENT_3D('',#332,#333,#334);
#332 = CARTESIAN_POINT('',(28.425,-16.8,1.65));
#333 = DIRECTION('',(0.,0.,1.));
#334 = DIRECTION('',(1.,0.,0.));
#335 = AXIS2_PLACEMENT_3D('',#336,#337,#338);
#336 = CARTESIAN_POINT('',(13.2,-17.8,1.65));
#337 = DIRECTION('',(0.,0.,1.));
#338 = DIRECTION('',(-1.,1.224646799147E-16,0.));
#339 = AXIS2_PLACEMENT_3D('',#340,#341,#342);
#340 = CARTESIAN_POINT('',(-30.,29.2,1.65));
#341 = DIRECTION('',(-0.,0.,1.));
#342 = DIRECTION('',(1.110223024625E-16,-1.,0.));
#343 = AXIS2_PLACEMENT_3D('',#344,#345,#346);
#344 = CARTESIAN_POINT('',(14.8,24.85,1.65));
#345 = DIRECTION('',(0.,0.,1.));
#346 = DIRECTION('',(1.,0.,0.));
#347 = AXIS2_PLACEMENT_3D('',#348,#349,#350);
#348 = CARTESIAN_POINT('',(20.,5.2,1.65));
#349 = DIRECTION('',(-0.,0.,1.));
#350 = DIRECTION('',(1.110223024625E-16,-1.,0.));
#351 = AXIS2_PLACEMENT_3D('',#352,#353,#354);
#352 = CARTESIAN_POINT('',(27.4,10.6,1.65));
#353 = DIRECTION('',(0.,-0.,1.));
#354 = DIRECTION('',(1.110223024625E-16,1.,0.));
#355 = AXIS2_PLACEMENT_3D('',#356,#357,#358);
#356 = CARTESIAN_POINT('',(12.45,60.16608,1.65));
#357 = DIRECTION('',(0.,-0.,1.));
#358 = DIRECTION('',(1.110223024625E-16,1.,0.));
#359 = AXIS2_PLACEMENT_3D('',#360,#361,#362);
#360 = CARTESIAN_POINT('',(-57.6,-0.2,1.65));
#361 = DIRECTION('',(-0.,0.,1.));
#362 = DIRECTION('',(1.110223024625E-16,-1.,0.));
#363 = AXIS2_PLACEMENT_3D('',#364,#365,#366);
#364 = CARTESIAN_POINT('',(18.4,18.8,1.65));
#365 = DIRECTION('',(0.,-0.,1.));
#366 = DIRECTION('',(1.110223024625E-16,1.,0.));
#367 = AXIS2_PLACEMENT_3D('',#368,#369,#370);
#368 = CARTESIAN_POINT('',(38.8,34.4,1.65));
#369 = DIRECTION('',(0.,-0.,1.));
#370 = DIRECTION('',(1.110223024625E-16,1.,0.));
#371 = AXIS2_PLACEMENT_3D('',#372,#373,#374);
#372 = CARTESIAN_POINT('',(47.,49.6,1.65));
#373 = DIRECTION('',(0.,0.,1.));
#374 = DIRECTION('',(1.,0.,0.));
#375 = AXIS2_PLACEMENT_3D('',#376,#377,#378);
#376 = CARTESIAN_POINT('',(-26.4,22.2,1.65));
#377 = DIRECTION('',(0.,0.,1.));
#378 = DIRECTION('',(1.,0.,0.));
#379 = AXIS2_PLACEMENT_3D('',#380,#381,#382);
#380 = CARTESIAN_POINT('',(28.,5.2,1.65));
#381 = DIRECTION('',(-0.,0.,1.));
#382 = DIRECTION('',(1.110223024625E-16,-1.,0.));
#383 = AXIS2_PLACEMENT_3D('',#384,#385,#386);
#384 = CARTESIAN_POINT('',(-23.5825,60.82,1.65));
#385 = DIRECTION('',(0.,0.,1.));
#386 = DIRECTION('',(1.,0.,0.));
#387 = AXIS2_PLACEMENT_3D('',#388,#389,#390);
#388 = CARTESIAN_POINT('',(-13.075,-14.6,1.65));
#389 = DIRECTION('',(0.,0.,1.));
#390 = DIRECTION('',(1.,0.,0.));
#391 = AXIS2_PLACEMENT_3D('',#392,#393,#394);
#392 = CARTESIAN_POINT('',(-30.2,13.4,1.65));
#393 = DIRECTION('',(0.,-0.,1.));
#394 = DIRECTION('',(1.110223024625E-16,1.,0.));
#395 = AXIS2_PLACEMENT_3D('',#396,#397,#398);
#396 = CARTESIAN_POINT('',(0.622262,37.047262,1.65));
#397 = DIRECTION('',(0.,0.,1.));
#398 = DIRECTION('',(-1.,1.224646799147E-16,0.));
#399 = AXIS2_PLACEMENT_3D('',#400,#401,#402);
#400 = CARTESIAN_POINT('',(12.2,16.8,1.65));
#401 = DIRECTION('',(0.,0.,1.));
#402 = DIRECTION('',(1.,0.,0.));
#403 = AXIS2_PLACEMENT_3D('',#404,#405,#406);
#404 = CARTESIAN_POINT('',(25.8,-16.,1.65));
#405 = DIRECTION('',(0.,-0.,1.));
#406 = DIRECTION('',(1.110223024625E-16,1.,0.));
#407 = AXIS2_PLACEMENT_3D('',#408,#409,#410);
#408 = CARTESIAN_POINT('',(-53.6,33.725,1.65));
#409 = DIRECTION('',(-0.,0.,1.));
#410 = DIRECTION('',(1.110223024625E-16,-1.,0.));
#411 = AXIS2_PLACEMENT_3D('',#412,#413,#414);
#412 = CARTESIAN_POINT('',(14.8,26.55,1.65));
#413 = DIRECTION('',(0.,0.,1.));
#414 = DIRECTION('',(1.,0.,0.));
#415 = AXIS2_PLACEMENT_3D('',#416,#417,#418);
#416 = CARTESIAN_POINT('',(12.2,21.8,1.65));
#417 = DIRECTION('',(0.,0.,1.));
#418 = DIRECTION('',(1.,0.,0.));
#419 = AXIS2_PLACEMENT_3D('',#420,#421,#422);
#420 = CARTESIAN_POINT('',(-29.,5.2,1.65));
#421 = DIRECTION('',(-0.,0.,1.));
#422 = DIRECTION('',(1.110223024625E-16,-1.,0.));
#423 = AXIS2_PLACEMENT_3D('',#424,#425,#426);
#424 = CARTESIAN_POINT('',(-13.075,-7.8,1.65));
#425 = DIRECTION('',(0.,0.,1.));
#426 = DIRECTION('',(1.,0.,0.));
#427 = AXIS2_PLACEMENT_3D('',#428,#429,#430);
#428 = CARTESIAN_POINT('',(24.8,11.4,1.65));
#429 = DIRECTION('',(0.,0.,1.));
#430 = DIRECTION('',(-1.,1.224646799147E-16,0.));
#431 = AXIS2_PLACEMENT_3D('',#432,#433,#434);
#432 = CARTESIAN_POINT('',(20.,0.,1.65));
#433 = DIRECTION('',(0.,-0.,1.));
#434 = DIRECTION('',(1.110223024625E-16,1.,0.));
#435 = AXIS2_PLACEMENT_3D('',#436,#437,#438);
#436 = CARTESIAN_POINT('',(50.8625,48.45,1.65));
#437 = DIRECTION('',(0.,0.,1.));
#438 = DIRECTION('',(-1.,1.224646799147E-16,0.));
#439 = AXIS2_PLACEMENT_3D('',#440,#441,#442);
#440 = CARTESIAN_POINT('',(50.8625,50.25,1.65));
#441 = DIRECTION('',(0.,0.,1.));
#442 = DIRECTION('',(-1.,1.224646799147E-16,0.));
#443 = AXIS2_PLACEMENT_3D('',#444,#445,#446);
#444 = CARTESIAN_POINT('',(28.,49.65,1.65));
#445 = DIRECTION('',(0.,0.,1.));
#446 = DIRECTION('',(1.,0.,0.));
#447 = AXIS2_PLACEMENT_3D('',#448,#449,#450);
#448 = CARTESIAN_POINT('',(-29.,-2.5E-02,1.65));
#449 = DIRECTION('',(0.,-0.,1.));
#450 = DIRECTION('',(1.110223024625E-16,1.,0.));
#451 = AXIS2_PLACEMENT_3D('',#452,#453,#454);
#452 = CARTESIAN_POINT('',(41.6,34.4,1.65));
#453 = DIRECTION('',(0.,-0.,1.));
#454 = DIRECTION('',(1.110223024625E-16,1.,0.));
#455 = AXIS2_PLACEMENT_3D('',#456,#457,#458);
#456 = CARTESIAN_POINT('',(-48.,33.725,1.65));
#457 = DIRECTION('',(-0.,0.,1.));
#458 = DIRECTION('',(1.110223024625E-16,-1.,0.));
#459 = AXIS2_PLACEMENT_3D('',#460,#461,#462);
#460 = CARTESIAN_POINT('',(-13.075,-17.9,1.65));
#461 = DIRECTION('',(0.,0.,1.));
#462 = DIRECTION('',(1.,0.,0.));
#463 = AXIS2_PLACEMENT_3D('',#464,#465,#466);
#464 = CARTESIAN_POINT('',(52.8,34.4,1.65));
#465 = DIRECTION('',(0.,-0.,1.));
#466 = DIRECTION('',(1.110223024625E-16,1.,0.));
#467 = AXIS2_PLACEMENT_3D('',#468,#469,#470);
#468 = CARTESIAN_POINT('',(39.4,49.625,1.65));
#469 = DIRECTION('',(0.,0.,1.));
#470 = DIRECTION('',(1.,0.,0.));
#471 = AXIS2_PLACEMENT_3D('',#472,#473,#474);
#472 = CARTESIAN_POINT('',(36.,34.4,1.65));
#473 = DIRECTION('',(0.,-0.,1.));
#474 = DIRECTION('',(1.110223024625E-16,1.,0.));
#475 = AXIS2_PLACEMENT_3D('',#476,#477,#478);
#476 = CARTESIAN_POINT('',(28.425,-15.22,1.65));
#477 = DIRECTION('',(0.,0.,1.));
#478 = DIRECTION('',(-1.,1.224646799147E-16,0.));
#479 = AXIS2_PLACEMENT_3D('',#480,#481,#482);
#480 = CARTESIAN_POINT('',(-45.,33.725,1.65));
#481 = DIRECTION('',(-0.,0.,1.));
#482 = DIRECTION('',(1.110223024625E-16,-1.,0.));
#483 = AXIS2_PLACEMENT_3D('',#484,#485,#486);
#484 = CARTESIAN_POINT('',(-9.227738,37.002738,1.65));
#485 = DIRECTION('',(-0.,0.,1.));
#486 = DIRECTION('',(1.110223024625E-16,-1.,0.));
#487 = AXIS2_PLACEMENT_3D('',#488,#489,#490);
#488 = CARTESIAN_POINT('',(-25.,5.2,1.65));
#489 = DIRECTION('',(-0.,0.,1.));
#490 = DIRECTION('',(1.110223024625E-16,-1.,0.));
#491 = AXIS2_PLACEMENT_3D('',#492,#493,#494);
#492 = CARTESIAN_POINT('',(63.,-1.25E-02,1.65));
#493 = DIRECTION('',(0.,-0.,1.));
#494 = DIRECTION('',(1.110223024625E-16,1.,0.));
#495 = AXIS2_PLACEMENT_3D('',#496,#497,#498);
#496 = CARTESIAN_POINT('',(-21.225,43.2,-5.E-02));
#497 = DIRECTION('',(1.499759782662E-32,1.224646799147E-16,-1.));
#498 = DIRECTION('',(-1.,1.224646799147E-16,0.));
#499 = AXIS2_PLACEMENT_3D('',#500,#501,#502);
#500 = CARTESIAN_POINT('',(-33.6,-26.2,-5.E-02));
#501 = DIRECTION('',(1.499759782662E-32,1.224646799147E-16,-1.));
#502 = DIRECTION('',(-1.,1.224646799147E-16,0.));
#503 = AXIS2_PLACEMENT_3D('',#504,#505,#506);
#504 = CARTESIAN_POINT('',(-20.375,-2.4,-5.E-02));
#505 = DIRECTION('',(0.,-1.224646799147E-16,-1.));
#506 = DIRECTION('',(1.,0.,0.));
#507 = AXIS2_PLACEMENT_3D('',#508,#509,#510);
#508 = CARTESIAN_POINT('',(14.2,-21.2,-5.E-02));
#509 = DIRECTION('',(-1.224646799147E-16,-1.359631073447E-32,-1.));
#510 = DIRECTION('',(1.110223024625E-16,-1.,0.));
#511 = AXIS2_PLACEMENT_3D('',#512,#513,#514);
#512 = CARTESIAN_POINT('',(-16.,30.85,-5.E-02));
#513 = DIRECTION('',(1.499759782662E-32,1.224646799147E-16,-1.));
#514 = DIRECTION('',(-1.,1.224646799147E-16,0.));
#515 = AXIS2_PLACEMENT_3D('',#516,#517,#518);
#516 = CARTESIAN_POINT('',(30.375,12.4,-5.E-02));
#517 = DIRECTION('',(0.,-1.224646799147E-16,-1.));
#518 = DIRECTION('',(1.,0.,0.));
#519 = AXIS2_PLACEMENT_3D('',#520,#521,#522);
#520 = CARTESIAN_POINT('',(28.19,-15.6,-5.E-02));
#521 = DIRECTION('',(1.499759782662E-32,1.224646799147E-16,-1.));
#522 = DIRECTION('',(-1.,1.224646799147E-16,0.));
#523 = AXIS2_PLACEMENT_3D('',#524,#525,#526);
#524 = CARTESIAN_POINT('',(60.2,-6.25E-02,-5.E-02));
#525 = DIRECTION('',(-1.224646799147E-16,-1.359631073447E-32,-1.));
#526 = DIRECTION('',(1.110223024625E-16,-1.,0.));
#527 = AXIS2_PLACEMENT_3D('',#528,#529,#530);
#528 = CARTESIAN_POINT('',(-19.,-6.8,-5.E-02));
#529 = DIRECTION('',(-1.224646799147E-16,-1.359631073447E-32,-1.));
#530 = DIRECTION('',(1.110223024625E-16,-1.,0.));
#531 = AXIS2_PLACEMENT_3D('',#532,#533,#534);
#532 = CARTESIAN_POINT('',(50.8525,46.65,-5.E-02));
#533 = DIRECTION('',(0.,-1.224646799147E-16,-1.));
#534 = DIRECTION('',(1.,0.,0.));
#535 = AXIS2_PLACEMENT_3D('',#536,#537,#538);
#536 = CARTESIAN_POINT('',(28.2,-17.4,-5.E-02));
#537 = DIRECTION('',(1.499759782662E-32,1.224646799147E-16,-1.));
#538 = DIRECTION('',(-1.,1.224646799147E-16,0.));
#539 = AXIS2_PLACEMENT_3D('',#540,#541,#542);
#540 = CARTESIAN_POINT('',(-31.5,10.,-5.E-02));
#541 = DIRECTION('',(1.499759782662E-32,1.224646799147E-16,-1.));
#542 = DIRECTION('',(-1.,1.224646799147E-16,0.));
#543 = AXIS2_PLACEMENT_3D('',#544,#545,#546);
#544 = CARTESIAN_POINT('',(34.15,-23.55,-5.E-02));
#545 = DIRECTION('',(1.224646799147E-16,-1.359631073447E-32,-1.));
#546 = DIRECTION('',(1.110223024625E-16,1.,0.));
#547 = AXIS2_PLACEMENT_3D('',#548,#549,#550);
#548 = CARTESIAN_POINT('',(30.4,14.,-5.E-02));
#549 = DIRECTION('',(0.,-1.224646799147E-16,-1.));
#550 = DIRECTION('',(1.,0.,0.));
#551 = AXIS2_PLACEMENT_3D('',#552,#553,#554);
#552 = CARTESIAN_POINT('',(-17.775,-1.42,-5.E-02));
#553 = DIRECTION('',(-1.224646799147E-16,-1.359631073447E-32,-1.));
#554 = DIRECTION('',(1.110223024625E-16,-1.,0.));
#555 = AXIS2_PLACEMENT_3D('',#556,#557,#558);
#556 = CARTESIAN_POINT('',(20.,21.6,-5.E-02));
#557 = DIRECTION('',(0.,-1.224646799147E-16,-1.));
#558 = DIRECTION('',(1.,0.,0.));
#559 = AXIS2_PLACEMENT_3D('',#560,#561,#562);
#560 = CARTESIAN_POINT('',(-27.8,29.,-5.E-02));
#561 = DIRECTION('',(1.499759782662E-32,1.224646799147E-16,-1.));
#562 = DIRECTION('',(-1.,1.224646799147E-16,0.));
#563 = AXIS2_PLACEMENT_3D('',#564,#565,#566);
#564 = CARTESIAN_POINT('',(26.15,55.,-5.E-02));
#565 = DIRECTION('',(-1.224646799147E-16,-1.359631073447E-32,-1.));
#566 = DIRECTION('',(1.110223024625E-16,-1.,0.));
#567 = AXIS2_PLACEMENT_3D('',#568,#569,#570);
#568 = CARTESIAN_POINT('',(-26.84,31.9,-5.E-02));
#569 = DIRECTION('',(1.499759782662E-32,1.224646799147E-16,-1.));
#570 = DIRECTION('',(-1.,1.224646799147E-16,0.));
#571 = AXIS2_PLACEMENT_3D('',#572,#573,#574);
#572 = CARTESIAN_POINT('',(-57.6,-0.2,-5.E-02));
#573 = DIRECTION('',(1.224646799147E-16,-1.359631073447E-32,-1.));
#574 = DIRECTION('',(1.110223024625E-16,1.,0.));
#575 = AXIS2_PLACEMENT_3D('',#576,#577,#578);
#576 = CARTESIAN_POINT('',(-26.84,36.7,-5.E-02));
#577 = DIRECTION('',(1.499759782662E-32,1.224646799147E-16,-1.));
#578 = DIRECTION('',(-1.,1.224646799147E-16,0.));
#579 = AXIS2_PLACEMENT_3D('',#580,#581,#582);
#580 = CARTESIAN_POINT('',(54.25,-0.1125,-5.E-02));
#581 = DIRECTION('',(1.224646799147E-16,-1.359631073447E-32,-1.));
#582 = DIRECTION('',(1.110223024625E-16,1.,0.));
#583 = AXIS2_PLACEMENT_3D('',#584,#585,#586);
#584 = CARTESIAN_POINT('',(-18.8,10.,-5.E-02));
#585 = DIRECTION('',(1.224646799147E-16,-1.359631073447E-32,-1.));
#586 = DIRECTION('',(1.110223024625E-16,1.,0.));
#587 = AXIS2_PLACEMENT_3D('',#588,#589,#590);
#588 = CARTESIAN_POINT('',(-30.8,-12.8,-5.E-02));
#589 = DIRECTION('',(1.499759782662E-32,1.224646799147E-16,-1.));
#590 = DIRECTION('',(-1.,1.224646799147E-16,0.));
#591 = AXIS2_PLACEMENT_3D('',#592,#593,#594);
#592 = CARTESIAN_POINT('',(-30.8,-4.8,-5.E-02));
#593 = DIRECTION('',(1.499759782662E-32,1.224646799147E-16,-1.));
#594 = DIRECTION('',(-1.,1.224646799147E-16,0.));
#595 = AXIS2_PLACEMENT_3D('',#596,#597,#598);
#596 = CARTESIAN_POINT('',(30.4,-11.4,-5.E-02));
#597 = DIRECTION('',(0.,-1.224646799147E-16,-1.));
#598 = DIRECTION('',(1.,0.,0.));
#599 = AXIS2_PLACEMENT_3D('',#600,#601,#602);
#600 = CARTESIAN_POINT('',(-53.6,33.8,-5.E-02));
#601 = DIRECTION('',(1.224646799147E-16,-1.359631073447E-32,-1.));
#602 = DIRECTION('',(1.110223024625E-16,1.,0.));
#603 = AXIS2_PLACEMENT_3D('',#604,#605,#606);
#604 = CARTESIAN_POINT('',(-16.2,-20.6,-5.E-02));
#605 = DIRECTION('',(0.,-1.224646799147E-16,-1.));
#606 = DIRECTION('',(1.,0.,0.));
#607 = AXIS2_PLACEMENT_3D('',#608,#609,#610);
#608 = CARTESIAN_POINT('',(-30.975,19.,-5.E-02));
#609 = DIRECTION('',(1.499759782662E-32,1.224646799147E-16,-1.));
#610 = DIRECTION('',(-1.,1.224646799147E-16,0.));
#611 = AXIS2_PLACEMENT_3D('',#612,#613,#614);
#612 = CARTESIAN_POINT('',(-30.8,-8.,-5.E-02));
#613 = DIRECTION('',(1.499759782662E-32,1.224646799147E-16,-1.));
#614 = DIRECTION('',(-1.,1.224646799147E-16,0.));
#615 = AXIS2_PLACEMENT_3D('',#616,#617,#618);
#616 = CARTESIAN_POINT('',(-30.225,24.4,-5.E-02));
#617 = DIRECTION('',(0.,-1.224646799147E-16,-1.));
#618 = DIRECTION('',(1.,0.,0.));
#619 = AXIS2_PLACEMENT_3D('',#620,#621,#622);
#620 = CARTESIAN_POINT('',(28.16,58.5,-5.E-02));
#621 = DIRECTION('',(1.224646799147E-16,-1.359631073447E-32,-1.));
#622 = DIRECTION('',(1.110223024625E-16,1.,0.));
#623 = AXIS2_PLACEMENT_3D('',#624,#625,#626);
#624 = CARTESIAN_POINT('',(50.8525,48.45,-5.E-02));
#625 = DIRECTION('',(0.,-1.224646799147E-16,-1.));
#626 = DIRECTION('',(1.,0.,0.));
#627 = AXIS2_PLACEMENT_3D('',#628,#629,#630);
#628 = CARTESIAN_POINT('',(-54.7125,-0.1125,-5.E-02));
#629 = DIRECTION('',(-1.224646799147E-16,-1.359631073447E-32,-1.));
#630 = DIRECTION('',(1.110223024625E-16,-1.,0.));
#631 = AXIS2_PLACEMENT_3D('',#632,#633,#634);
#632 = CARTESIAN_POINT('',(30.4,-5.,-5.E-02));
#633 = DIRECTION('',(0.,-1.224646799147E-16,-1.));
#634 = DIRECTION('',(1.,0.,0.));
#635 = AXIS2_PLACEMENT_3D('',#636,#637,#638);
#636 = CARTESIAN_POINT('',(18.875,-14.5,-5.E-02));
#637 = DIRECTION('',(0.,-1.224646799147E-16,-1.));
#638 = DIRECTION('',(1.,0.,0.));
#639 = AXIS2_PLACEMENT_3D('',#640,#641,#642);
#640 = CARTESIAN_POINT('',(-63.175,-0.2,-5.E-02));
#641 = DIRECTION('',(1.224646799147E-16,-1.359631073447E-32,-1.));
#642 = DIRECTION('',(1.110223024625E-16,1.,0.));
#643 = AXIS2_PLACEMENT_3D('',#644,#645,#646);
#644 = CARTESIAN_POINT('',(-34.5,1.1,-5.E-02));
#645 = DIRECTION('',(0.,-1.224646799147E-16,-1.));
#646 = DIRECTION('',(1.,0.,0.));
#647 = AXIS2_PLACEMENT_3D('',#648,#649,#650);
#648 = CARTESIAN_POINT('',(-30.6,-17.6,-5.E-02));
#649 = DIRECTION('',(1.224646799147E-16,-1.359631073447E-32,-1.));
#650 = DIRECTION('',(1.110223024625E-16,1.,0.));
#651 = AXIS2_PLACEMENT_3D('',#652,#653,#654);
#652 = CARTESIAN_POINT('',(63.,-1.25E-02,-5.E-02));
#653 = DIRECTION('',(-1.224646799147E-16,-1.359631073447E-32,-1.));
#654 = DIRECTION('',(1.110223024625E-16,-1.,0.));
#655 = AXIS2_PLACEMENT_3D('',#656,#657,#658);
#656 = CARTESIAN_POINT('',(30.4,-9.8,-5.E-02));
#657 = DIRECTION('',(0.,-1.224646799147E-16,-1.));
#658 = DIRECTION('',(1.,0.,0.));
#659 = AXIS2_PLACEMENT_3D('',#660,#661,#662);
#660 = CARTESIAN_POINT('',(19.,10.,-5.E-02));
#661 = DIRECTION('',(-1.224646799147E-16,-1.359631073447E-32,-1.));
#662 = DIRECTION('',(1.110223024625E-16,-1.,0.));
#663 = AXIS2_PLACEMENT_3D('',#664,#665,#666);
#664 = CARTESIAN_POINT('',(-17.,-14.8,-5.E-02));
#665 = DIRECTION('',(0.,-1.224646799147E-16,-1.));
#666 = DIRECTION('',(1.,0.,0.));
#667 = AXIS2_PLACEMENT_3D('',#668,#669,#670);
#668 = CARTESIAN_POINT('',(16.8,24.9,-5.E-02));
#669 = DIRECTION('',(1.224646799147E-16,-1.359631073447E-32,-1.));
#670 = DIRECTION('',(1.110223024625E-16,1.,0.));
#671 = AXIS2_PLACEMENT_3D('',#672,#673,#674);
#672 = CARTESIAN_POINT('',(-30.8,-11.2,-5.E-02));
#673 = DIRECTION('',(1.499759782662E-32,1.224646799147E-16,-1.));
#674 = DIRECTION('',(-1.,1.224646799147E-16,0.));
#675 = AXIS2_PLACEMENT_3D('',#676,#677,#678);
#676 = CARTESIAN_POINT('',(-30.8,-9.6,-5.E-02));
#677 = DIRECTION('',(1.499759782662E-32,1.224646799147E-16,-1.));
#678 = DIRECTION('',(-1.,1.224646799147E-16,0.));
#679 = AXIS2_PLACEMENT_3D('',#680,#681,#682);
#680 = CARTESIAN_POINT('',(30.4,-6.6,-5.E-02));
#681 = DIRECTION('',(0.,-1.224646799147E-16,-1.));
#682 = DIRECTION('',(1.,0.,0.));
#683 = AXIS2_PLACEMENT_3D('',#684,#685,#686);
#684 = CARTESIAN_POINT('',(-30.225,22.6,-5.E-02));
#685 = DIRECTION('',(0.,-1.224646799147E-16,-1.));
#686 = DIRECTION('',(1.,0.,0.));
#687 = AXIS2_PLACEMENT_3D('',#688,#689,#690);
#688 = CARTESIAN_POINT('',(-30.2,26.2,-5.E-02));
#689 = DIRECTION('',(0.,-1.224646799147E-16,-1.));
#690 = DIRECTION('',(1.,0.,0.));
#691 = AXIS2_PLACEMENT_3D('',#692,#693,#694);
#692 = CARTESIAN_POINT('',(-26.84,33.5,-5.E-02));
#693 = DIRECTION('',(1.499759782662E-32,1.224646799147E-16,-1.));
#694 = DIRECTION('',(-1.,1.224646799147E-16,0.));
#695 = AXIS2_PLACEMENT_3D('',#696,#697,#698);
#696 = CARTESIAN_POINT('',(-27.975,44.75,-5.E-02));
#697 = DIRECTION('',(0.,-1.224646799147E-16,-1.));
#698 = DIRECTION('',(1.,0.,0.));
#699 = AXIS2_PLACEMENT_3D('',#700,#701,#702);
#700 = CARTESIAN_POINT('',(27.75,55.,-5.E-02));
#701 = DIRECTION('',(-1.224646799147E-16,-1.359631073447E-32,-1.));
#702 = DIRECTION('',(1.110223024625E-16,-1.,0.));
#703 = AXIS2_PLACEMENT_3D('',#704,#705,#706);
#704 = CARTESIAN_POINT('',(-21.2,41.4,-5.E-02));
#705 = DIRECTION('',(0.,-1.224646799147E-16,-1.));
#706 = DIRECTION('',(1.,0.,0.));
#707 = AXIS2_PLACEMENT_3D('',#708,#709,#710);
#708 = CARTESIAN_POINT('',(-17.,-16.6,-5.E-02));
#709 = DIRECTION('',(1.499759782662E-32,1.224646799147E-16,-1.));
#710 = DIRECTION('',(-1.,1.224646799147E-16,0.));
#711 = AXIS2_PLACEMENT_3D('',#712,#713,#714);
#712 = CARTESIAN_POINT('',(-31.,-22.,-5.E-02));
#713 = DIRECTION('',(-1.224646799147E-16,-1.359631073447E-32,-1.));
#714 = DIRECTION('',(1.110223024625E-16,-1.,0.));
#715 = AXIS2_PLACEMENT_3D('',#716,#717,#718);
#716 = CARTESIAN_POINT('',(-30.975,14.2,-5.E-02));
#717 = DIRECTION('',(1.499759782662E-32,1.224646799147E-16,-1.));
#718 = DIRECTION('',(-1.,1.224646799147E-16,0.));
#719 = AXIS2_PLACEMENT_3D('',#720,#721,#722);
#720 = CARTESIAN_POINT('',(-18.6,14.8,-5.E-02));
#721 = DIRECTION('',(-1.224646799147E-16,-1.359631073447E-32,-1.));
#722 = DIRECTION('',(1.110223024625E-16,-1.,0.));
#723 = AXIS2_PLACEMENT_3D('',#724,#725,#726);
#724 = CARTESIAN_POINT('',(-30.975,17.4,-5.E-02));
#725 = DIRECTION('',(1.499759782662E-32,1.224646799147E-16,-1.));
#726 = DIRECTION('',(-1.,1.224646799147E-16,0.));
#727 = AXIS2_PLACEMENT_3D('',#728,#729,#730);
#728 = CARTESIAN_POINT('',(-20.375,-0.62,-5.E-02));
#729 = DIRECTION('',(1.499759782662E-32,1.224646799147E-16,-1.));
#730 = DIRECTION('',(-1.,1.224646799147E-16,0.));
#731 = AXIS2_PLACEMENT_3D('',#732,#733,#734);
#732 = CARTESIAN_POINT('',(35.95,1.6,-5.E-02));
#733 = DIRECTION('',(1.224646799147E-16,-1.359631073447E-32,-1.));
#734 = DIRECTION('',(1.110223024625E-16,1.,0.));
#735 = AXIS2_PLACEMENT_3D('',#736,#737,#738);
#736 = CARTESIAN_POINT('',(30.4,20.4,-5.E-02));
#737 = DIRECTION('',(0.,-1.224646799147E-16,-1.));
#738 = DIRECTION('',(1.,0.,0.));
#739 = AXIS2_PLACEMENT_3D('',#740,#741,#742);
#740 = CARTESIAN_POINT('',(18.4,-7.4,-5.E-02));
#741 = DIRECTION('',(1.224646799147E-16,-1.359631073447E-32,-1.));
#742 = DIRECTION('',(1.110223024625E-16,1.,0.));
#743 = AXIS2_PLACEMENT_3D('',#744,#745,#746);
#744 = CARTESIAN_POINT('',(-26.84,39.9,-5.E-02));
#745 = DIRECTION('',(1.499759782662E-32,1.224646799147E-16,-1.));
#746 = DIRECTION('',(-1.,1.224646799147E-16,0.));
#747 = AXIS2_PLACEMENT_3D('',#748,#749,#750);
#748 = CARTESIAN_POINT('',(-18.6,26.,-5.E-02));
#749 = DIRECTION('',(1.224646799147E-16,-1.359631073447E-32,-1.));
#750 = DIRECTION('',(1.110223024625E-16,1.,0.));
#751 = AXIS2_PLACEMENT_3D('',#752,#753,#754);
#752 = CARTESIAN_POINT('',(30.4,17.2,-5.E-02));
#753 = DIRECTION('',(0.,-1.224646799147E-16,-1.));
#754 = DIRECTION('',(1.,0.,0.));
#755 = AXIS2_PLACEMENT_3D('',#756,#757,#758);
#756 = CARTESIAN_POINT('',(-60.4,-0.1375,-5.E-02));
#757 = DIRECTION('',(1.224646799147E-16,-1.359631073447E-32,-1.));
#758 = DIRECTION('',(1.110223024625E-16,1.,0.));
#759 = AXIS2_PLACEMENT_3D('',#760,#761,#762);
#760 = CARTESIAN_POINT('',(-30.975,12.6,-5.E-02));
#761 = DIRECTION('',(1.499759782662E-32,1.224646799147E-16,-1.));
#762 = DIRECTION('',(-1.,1.224646799147E-16,0.));
#763 = AXIS2_PLACEMENT_3D('',#764,#765,#766);
#764 = CARTESIAN_POINT('',(57.225,-6.798155367234E-34,-5.E-02));
#765 = DIRECTION('',(-1.224646799147E-16,-1.359631073447E-32,-1.));
#766 = DIRECTION('',(1.110223024625E-16,-1.,0.));
#767 = AXIS2_PLACEMENT_3D('',#768,#769,#770);
#768 = CARTESIAN_POINT('',(-26.84,35.1,-5.E-02));
#769 = DIRECTION('',(1.499759782662E-32,1.224646799147E-16,-1.));
#770 = DIRECTION('',(-1.,1.224646799147E-16,0.));
#771 = AXIS2_PLACEMENT_3D('',#772,#773,#774);
#772 = CARTESIAN_POINT('',(30.4,-13.,-5.E-02));
#773 = DIRECTION('',(0.,-1.224646799147E-16,-1.));
#774 = DIRECTION('',(1.,0.,0.));
#775 = AXIS2_PLACEMENT_3D('',#776,#777,#778);
#776 = CARTESIAN_POINT('',(-18.4,42.6,-5.E-02));
#777 = DIRECTION('',(-1.224646799147E-16,-1.359631073447E-32,-1.));
#778 = DIRECTION('',(1.110223024625E-16,-1.,0.));
#779 = AXIS2_PLACEMENT_3D('',#780,#781,#782);
#780 = CARTESIAN_POINT('',(-18.6,19.2,-5.E-02));
#781 = DIRECTION('',(-1.224646799147E-16,-1.359631073447E-32,-1.));
#782 = DIRECTION('',(1.110223024625E-16,-1.,0.));
#783 = AXIS2_PLACEMENT_3D('',#784,#785,#786);
#784 = CARTESIAN_POINT('',(-26.84,38.3,-5.E-02));
#785 = DIRECTION('',(1.499759782662E-32,1.224646799147E-16,-1.));
#786 = DIRECTION('',(-1.,1.224646799147E-16,0.));
#787 = AXIS2_PLACEMENT_3D('',#788,#789,#790);
#788 = CARTESIAN_POINT('',(30.4,15.6,-5.E-02));
#789 = DIRECTION('',(0.,-1.224646799147E-16,-1.));
#790 = DIRECTION('',(1.,0.,0.));
#791 = AXIS2_PLACEMENT_3D('',#792,#793,#794);
#792 = CARTESIAN_POINT('',(-28.4,-21.2,-5.E-02));
#793 = DIRECTION('',(0.,-1.224646799147E-16,-1.));
#794 = DIRECTION('',(1.,0.,0.));
#795 = AXIS2_PLACEMENT_3D('',#796,#797,#798);
#796 = CARTESIAN_POINT('',(30.4,18.8,-5.E-02));
#797 = DIRECTION('',(0.,-1.224646799147E-16,-1.));
#798 = DIRECTION('',(1.,0.,0.));
#799 = AXIS2_PLACEMENT_3D('',#800,#801,#802);
#800 = CARTESIAN_POINT('',(-30.975,15.8,-5.E-02));
#801 = DIRECTION('',(1.499759782662E-32,1.224646799147E-16,-1.));
#802 = DIRECTION('',(-1.,1.224646799147E-16,0.));
#803 = AXIS2_PLACEMENT_3D('',#804,#805,#806);
#804 = CARTESIAN_POINT('',(16.8,-20.4,-5.E-02));
#805 = DIRECTION('',(0.,-1.224646799147E-16,-1.));
#806 = DIRECTION('',(1.,0.,0.));
#807 = AXIS2_PLACEMENT_3D('',#808,#809,#810);
#808 = CARTESIAN_POINT('',(23.05,-14.5,-5.E-02));
#809 = DIRECTION('',(0.,-1.224646799147E-16,-1.));
#810 = DIRECTION('',(1.,0.,0.));
#811 = AXIS2_PLACEMENT_3D('',#812,#813,#814);
#812 = CARTESIAN_POINT('',(-17.,-18.4,-5.E-02));
#813 = DIRECTION('',(1.499759782662E-32,1.224646799147E-16,-1.));
#814 = DIRECTION('',(-1.,1.224646799147E-16,0.));
#815 = AXIS2_PLACEMENT_3D('',#816,#817,#818);
#816 = CARTESIAN_POINT('',(24.91,62.55,-5.E-02));
#817 = DIRECTION('',(0.,-1.224646799147E-16,-1.));
#818 = DIRECTION('',(1.,0.,0.));
#819 = AXIS2_PLACEMENT_3D('',#820,#821,#822);
#820 = CARTESIAN_POINT('',(20.8,-4.,-5.E-02));
#821 = DIRECTION('',(1.499759782662E-32,1.224646799147E-16,-1.));
#822 = DIRECTION('',(-1.,1.224646799147E-16,0.));
#823 = AXIS2_PLACEMENT_3D('',#824,#825,#826);
#824 = CARTESIAN_POINT('',(-19.,-10.8,-5.E-02));
#825 = DIRECTION('',(-1.224646799147E-16,-1.359631073447E-32,-1.));
#826 = DIRECTION('',(1.110223024625E-16,-1.,0.));
#827 = AXIS2_PLACEMENT_3D('',#828,#829,#830);
#828 = CARTESIAN_POINT('',(-22.975,-1.42,-5.E-02));
#829 = DIRECTION('',(-1.224646799147E-16,-1.359631073447E-32,-1.));
#830 = DIRECTION('',(1.110223024625E-16,-1.,0.));
#831 = AXIS2_PLACEMENT_3D('',#832,#833,#834);
#832 = CARTESIAN_POINT('',(-30.8,-6.4,-5.E-02));
#833 = DIRECTION('',(1.499759782662E-32,1.224646799147E-16,-1.));
#834 = DIRECTION('',(-1.,1.224646799147E-16,0.));
#835 = AXIS2_PLACEMENT_3D('',#836,#837,#838);
#836 = CARTESIAN_POINT('',(-24.,42.6,-5.E-02));
#837 = DIRECTION('',(-1.224646799147E-16,-1.359631073447E-32,-1.));
#838 = DIRECTION('',(1.110223024625E-16,-1.,0.));
#839 = AXIS2_PLACEMENT_3D('',#840,#841,#842);
#840 = CARTESIAN_POINT('',(30.4,-8.2,-5.E-02));
#841 = DIRECTION('',(0.,-1.224646799147E-16,-1.));
#842 = DIRECTION('',(1.,0.,0.));
#843 = AXIS2_PLACEMENT_3D('',#844,#845,#846);
#844 = CARTESIAN_POINT('',(50.9025,50.25,-5.E-02));
#845 = DIRECTION('',(0.,-1.224646799147E-16,-1.));
#846 = DIRECTION('',(1.,0.,0.));
#847 = AXIS2_PLACEMENT_3D('',#848,#849,#850);
#848 = CARTESIAN_POINT('',(-30.975,20.6,-5.E-02));
#849 = DIRECTION('',(1.499759782662E-32,1.224646799147E-16,-1.));
#850 = DIRECTION('',(-1.,1.224646799147E-16,0.));
#851 = AXIS2_PLACEMENT_3D('',#852,#853,#854);
#852 = CARTESIAN_POINT('',(28.99,-19.6,-5.E-02));
#853 = DIRECTION('',(0.,-1.224646799147E-16,-1.));
#854 = DIRECTION('',(1.,0.,0.));
#855 = AXIS2_PLACEMENT_3D('',#856,#857,#858);
#856 = CARTESIAN_POINT('',(34.95,9.45,-5.E-02));
#857 = DIRECTION('',(0.,-1.224646799147E-16,-1.));
#858 = DIRECTION('',(1.,0.,0.));
#859 = AXIS2_PLACEMENT_3D('',#860,#861,#862);
#860 = CARTESIAN_POINT('',(0.,0.,0.));
#861 = DIRECTION('',(0.,0.,1.));
#862 = DIRECTION('',(1.,0.,-0.));
#863 = ( GEOMETRIC_REPRESENTATION_CONTEXT(3) 
GLOBAL_UNCERTAINTY_ASSIGNED_CONTEXT((#867)) GLOBAL_UNIT_ASSIGNED_CONTEXT
((#864,#865,#866)) REPRESENTATION_CONTEXT('Context #1',
  '3D Context with UNIT and UNCERTAINTY') );
#864 = ( LENGTH_UNIT() NAMED_UNIT(*) SI_UNIT(.MILLI.,.METRE.) );
#865 = ( NAMED_UNIT(*) PLANE_ANGLE_UNIT() SI_UNIT($,.RADIAN.) );
#866 = ( NAMED_UNIT(*) SI_UNIT($,.STERADIAN.) SOLID_ANGLE_UNIT() );
#867 = UNCERTAINTY_MEASURE_WITH_UNIT(LENGTH_MEASURE(2.E-07),#864,
  'distance_accuracy_value','confusion accuracy');
#868 = PRODUCT_RELATED_PRODUCT_CATEGORY('part',$,(#7));
#869 = SHAPE_DEFINITION_REPRESENTATION(#870,#876);
#870 = PRODUCT_DEFINITION_SHAPE('','',#871);
#871 = PRODUCT_DEFINITION('design','',#872,#875);
#872 = PRODUCT_DEFINITION_FORMATION('','',#873);
#873 = PRODUCT('C_1206_3216Metric','C_1206_3216Metric','',(#874));
#874 = PRODUCT_CONTEXT('',#2,'mechanical');
#875 = PRODUCT_DEFINITION_CONTEXT('part definition',#2,'design');
#876 = SHAPE_REPRESENTATION('',(#11,#877),#881);
#877 = AXIS2_PLACEMENT_3D('',#878,#879,#880);
#878 = CARTESIAN_POINT('',(0.,0.,0.));
#879 = DIRECTION('',(0.,0.,1.));
#880 = DIRECTION('',(1.,0.,-0.));
#881 = ( GEOMETRIC_REPRESENTATION_CONTEXT(3) 
GLOBAL_UNCERTAINTY_ASSIGNED_CONTEXT((#885)) GLOBAL_UNIT_ASSIGNED_CONTEXT
((#882,#883,#884)) REPRESENTATION_CONTEXT('Context #1',
  '3D Context with UNIT and UNCERTAINTY') );
#882 = ( LENGTH_UNIT() NAMED_UNIT(*) SI_UNIT(.MILLI.,.METRE.) );
#883 = ( NAMED_UNIT(*) PLANE_ANGLE_UNIT() SI_UNIT($,.RADIAN.) );
#884 = ( NAMED_UNIT(*) SI_UNIT($,.STERADIAN.) SOLID_ANGLE_UNIT() );
#885 = UNCERTAINTY_MEASURE_WITH_UNIT(LENGTH_MEASURE(1.E-07),#882,
  'distance_accuracy_value','confusion accuracy');
#886 = CONTEXT_DEPENDENT_SHAPE_REPRESENTATION(#887,#889);
#887 = ( REPRESENTATION_RELATIONSHIP('','',#876,#10) 
REPRESENTATION_RELATIONSHIP_WITH_TRANSFORMATION(#888) 
SHAPE_REPRESENTATION_RELATIONSHIP() );
#888 = ITEM_DEFINED_TRANSFORMATION('','',#11,#15);
#889 = PRODUCT_DEFINITION_SHAPE('Placement','Placement of an item',#890
  );
#890 = NEXT_ASSEMBLY_USAGE_OCCURRENCE('2','C51','',#5,#871,$);
#891 = PRODUCT_RELATED_PRODUCT_CATEGORY('part',$,(#873));
#892 = SHAPE_DEFINITION_REPRESENTATION(#893,#899);
#893 = PRODUCT_DEFINITION_SHAPE('','',#894);
#894 = PRODUCT_DEFINITION('design','',#895,#898);
#895 = PRODUCT_DEFINITION_FORMATION('','',#896);
#896 = PRODUCT('C_1206_3216Metric','C_1206_3216Metric','',(#897));
#897 = PRODUCT_CONTEXT('',#2,'mechanical');
#898 = PRODUCT_DEFINITION_CONTEXT('part definition',#2,'design');
#899 = ADVANCED_BREP_SHAPE_REPRESENTATION('',(#11,#900),#1754);
#900 = MANIFOLD_SOLID_BREP('',#901);
#901 = CLOSED_SHELL('',(#902,#978,#1009,#1034,#1059,#1083,#1107,#1132,
    #1157,#1174,#1260,#1292,#1316,#1341,#1365,#1390,#1414,#1439,#1456,
    #1542,#1573,#1598,#1623,#1647,#1671,#1696,#1721,#1738));
#902 = ADVANCED_FACE('',(#903),#973,.F.);
#903 = FACE_BOUND('',#904,.F.);
#904 = EDGE_LOOP('',(#905,#915,#924,#932,#941,#949,#958,#966));
#905 = ORIENTED_EDGE('',*,*,#906,.F.);
#906 = EDGE_CURVE('',#907,#909,#911,.T.);
#907 = VERTEX_POINT('',#908);
#908 = CARTESIAN_POINT('',(-1.6,-0.8,4.E-02));
#909 = VERTEX_POINT('',#910);
#910 = CARTESIAN_POINT('',(-1.6,-0.8,1.56));
#911 = LINE('',#912,#913);
#912 = CARTESIAN_POINT('',(-1.6,-0.8,0.));
#913 = VECTOR('',#914,1.);
#914 = DIRECTION('',(0.,0.,1.));
#915 = ORIENTED_EDGE('',*,*,#916,.T.);
#916 = EDGE_CURVE('',#907,#917,#919,.T.);
#917 = VERTEX_POINT('',#918);
#918 = CARTESIAN_POINT('',(-1.6,-0.76,0.));
#919 = CIRCLE('',#920,4.E-02);
#920 = AXIS2_PLACEMENT_3D('',#921,#922,#923);
#921 = CARTESIAN_POINT('',(-1.6,-0.76,4.E-02));
#922 = DIRECTION('',(1.,0.,-0.));
#923 = DIRECTION('',(0.,0.,1.));
#924 = ORIENTED_EDGE('',*,*,#925,.T.);
#925 = EDGE_CURVE('',#917,#926,#928,.T.);
#926 = VERTEX_POINT('',#927);
#927 = CARTESIAN_POINT('',(-1.6,0.76,0.));
#928 = LINE('',#929,#930);
#929 = CARTESIAN_POINT('',(-1.6,-0.8,0.));
#930 = VECTOR('',#931,1.);
#931 = DIRECTION('',(0.,1.,0.));
#932 = ORIENTED_EDGE('',*,*,#933,.F.);
#933 = EDGE_CURVE('',#934,#926,#936,.T.);
#934 = VERTEX_POINT('',#935);
#935 = CARTESIAN_POINT('',(-1.6,0.8,4.E-02));
#936 = CIRCLE('',#937,4.E-02);
#937 = AXIS2_PLACEMENT_3D('',#938,#939,#940);
#938 = CARTESIAN_POINT('',(-1.6,0.76,4.E-02));
#939 = DIRECTION('',(-1.,0.,0.));
#940 = DIRECTION('',(0.,0.,1.));
#941 = ORIENTED_EDGE('',*,*,#942,.T.);
#942 = EDGE_CURVE('',#934,#943,#945,.T.);
#943 = VERTEX_POINT('',#944);
#944 = CARTESIAN_POINT('',(-1.6,0.8,1.56));
#945 = LINE('',#946,#947);
#946 = CARTESIAN_POINT('',(-1.6,0.8,0.));
#947 = VECTOR('',#948,1.);
#948 = DIRECTION('',(0.,0.,1.));
#949 = ORIENTED_EDGE('',*,*,#950,.T.);
#950 = EDGE_CURVE('',#943,#951,#953,.T.);
#951 = VERTEX_POINT('',#952);
#952 = CARTESIAN_POINT('',(-1.6,0.76,1.6));
#953 = CIRCLE('',#954,4.E-02);
#954 = AXIS2_PLACEMENT_3D('',#955,#956,#957);
#955 = CARTESIAN_POINT('',(-1.6,0.76,1.56));
#956 = DIRECTION('',(1.,0.,-0.));
#957 = DIRECTION('',(0.,0.,1.));
#958 = ORIENTED_EDGE('',*,*,#959,.F.);
#959 = EDGE_CURVE('',#960,#951,#962,.T.);
#960 = VERTEX_POINT('',#961);
#961 = CARTESIAN_POINT('',(-1.6,-0.76,1.6));
#962 = LINE('',#963,#964);
#963 = CARTESIAN_POINT('',(-1.6,-0.8,1.6));
#964 = VECTOR('',#965,1.);
#965 = DIRECTION('',(0.,1.,0.));
#966 = ORIENTED_EDGE('',*,*,#967,.F.);
#967 = EDGE_CURVE('',#909,#960,#968,.T.);
#968 = CIRCLE('',#969,4.E-02);
#969 = AXIS2_PLACEMENT_3D('',#970,#971,#972);
#970 = CARTESIAN_POINT('',(-1.6,-0.76,1.56));
#971 = DIRECTION('',(-1.,0.,0.));
#972 = DIRECTION('',(0.,0.,1.));
#973 = PLANE('',#974);
#974 = AXIS2_PLACEMENT_3D('',#975,#976,#977);
#975 = CARTESIAN_POINT('',(-1.6,-0.8,0.));
#976 = DIRECTION('',(1.,0.,0.));
#977 = DIRECTION('',(0.,0.,1.));
#978 = ADVANCED_FACE('',(#979),#1004,.F.);
#979 = FACE_BOUND('',#980,.F.);
#980 = EDGE_LOOP('',(#981,#991,#997,#998));
#981 = ORIENTED_EDGE('',*,*,#982,.F.);
#982 = EDGE_CURVE('',#983,#985,#987,.T.);
#983 = VERTEX_POINT('',#984);
#984 = CARTESIAN_POINT('',(-1.2,-0.8,4.E-02));
#985 = VERTEX_POINT('',#986);
#986 = CARTESIAN_POINT('',(-1.2,-0.8,1.56));
#987 = LINE('',#988,#989);
#988 = CARTESIAN_POINT('',(-1.2,-0.8,0.));
#989 = VECTOR('',#990,1.);
#990 = DIRECTION('',(0.,0.,1.));
#991 = ORIENTED_EDGE('',*,*,#992,.F.);
#992 = EDGE_CURVE('',#907,#983,#993,.T.);
#993 = LINE('',#994,#995);
#994 = CARTESIAN_POINT('',(-1.6,-0.8,4.E-02));
#995 = VECTOR('',#996,1.);
#996 = DIRECTION('',(1.,0.,0.));
#997 = ORIENTED_EDGE('',*,*,#906,.T.);
#998 = ORIENTED_EDGE('',*,*,#999,.T.);
#999 = EDGE_CURVE('',#909,#985,#1000,.T.);
#1000 = LINE('',#1001,#1002);
#1001 = CARTESIAN_POINT('',(-1.6,-0.8,1.56));
#1002 = VECTOR('',#1003,1.);
#1003 = DIRECTION('',(1.,0.,0.));
#1004 = PLANE('',#1005);
#1005 = AXIS2_PLACEMENT_3D('',#1006,#1007,#1008);
#1006 = CARTESIAN_POINT('',(-1.6,-0.8,0.));
#1007 = DIRECTION('',(0.,1.,0.));
#1008 = DIRECTION('',(0.,-0.,1.));
#1009 = ADVANCED_FACE('',(#1010),#1029,.T.);
#1010 = FACE_BOUND('',#1011,.T.);
#1011 = EDGE_LOOP('',(#1012,#1013,#1021,#1028));
#1012 = ORIENTED_EDGE('',*,*,#916,.T.);
#1013 = ORIENTED_EDGE('',*,*,#1014,.T.);
#1014 = EDGE_CURVE('',#917,#1015,#1017,.T.);
#1015 = VERTEX_POINT('',#1016);
#1016 = CARTESIAN_POINT('',(-1.2,-0.76,0.));
#1017 = LINE('',#1018,#1019);
#1018 = CARTESIAN_POINT('',(-1.6,-0.76,0.));
#1019 = VECTOR('',#1020,1.);
#1020 = DIRECTION('',(1.,0.,0.));
#1021 = ORIENTED_EDGE('',*,*,#1022,.F.);
#1022 = EDGE_CURVE('',#983,#1015,#1023,.T.);
#1023 = CIRCLE('',#1024,4.E-02);
#1024 = AXIS2_PLACEMENT_3D('',#1025,#1026,#1027);
#1025 = CARTESIAN_POINT('',(-1.2,-0.76,4.E-02));
#1026 = DIRECTION('',(1.,0.,-0.));
#1027 = DIRECTION('',(0.,0.,1.));
#1028 = ORIENTED_EDGE('',*,*,#992,.F.);
#1029 = CYLINDRICAL_SURFACE('',#1030,4.E-02);
#1030 = AXIS2_PLACEMENT_3D('',#1031,#1032,#1033);
#1031 = CARTESIAN_POINT('',(-1.6,-0.76,4.E-02));
#1032 = DIRECTION('',(1.,0.,0.));
#1033 = DIRECTION('',(0.,-1.,0.));
#1034 = ADVANCED_FACE('',(#1035),#1054,.T.);
#1035 = FACE_BOUND('',#1036,.T.);
#1036 = EDGE_LOOP('',(#1037,#1038,#1047,#1053));
#1037 = ORIENTED_EDGE('',*,*,#999,.T.);
#1038 = ORIENTED_EDGE('',*,*,#1039,.T.);
#1039 = EDGE_CURVE('',#985,#1040,#1042,.T.);
#1040 = VERTEX_POINT('',#1041);
#1041 = CARTESIAN_POINT('',(-1.2,-0.76,1.6));
#1042 = CIRCLE('',#1043,4.E-02);
#1043 = AXIS2_PLACEMENT_3D('',#1044,#1045,#1046);
#1044 = CARTESIAN_POINT('',(-1.2,-0.76,1.56));
#1045 = DIRECTION('',(-1.,0.,0.));
#1046 = DIRECTION('',(0.,0.,1.));
#1047 = ORIENTED_EDGE('',*,*,#1048,.F.);
#1048 = EDGE_CURVE('',#960,#1040,#1049,.T.);
#1049 = LINE('',#1050,#1051);
#1050 = CARTESIAN_POINT('',(-1.6,-0.76,1.6));
#1051 = VECTOR('',#1052,1.);
#1052 = DIRECTION('',(1.,0.,0.));
#1053 = ORIENTED_EDGE('',*,*,#967,.F.);
#1054 = CYLINDRICAL_SURFACE('',#1055,4.E-02);
#1055 = AXIS2_PLACEMENT_3D('',#1056,#1057,#1058);
#1056 = CARTESIAN_POINT('',(-1.6,-0.76,1.56));
#1057 = DIRECTION('',(1.,0.,0.));
#1058 = DIRECTION('',(0.,-1.,0.));
#1059 = ADVANCED_FACE('',(#1060),#1078,.F.);
#1060 = FACE_BOUND('',#1061,.F.);
#1061 = EDGE_LOOP('',(#1062,#1063,#1064,#1072));
#1062 = ORIENTED_EDGE('',*,*,#925,.F.);
#1063 = ORIENTED_EDGE('',*,*,#1014,.T.);
#1064 = ORIENTED_EDGE('',*,*,#1065,.T.);
#1065 = EDGE_CURVE('',#1015,#1066,#1068,.T.);
#1066 = VERTEX_POINT('',#1067);
#1067 = CARTESIAN_POINT('',(-1.2,0.76,0.));
#1068 = LINE('',#1069,#1070);
#1069 = CARTESIAN_POINT('',(-1.2,-0.8,0.));
#1070 = VECTOR('',#1071,1.);
#1071 = DIRECTION('',(0.,1.,0.));
#1072 = ORIENTED_EDGE('',*,*,#1073,.F.);
#1073 = EDGE_CURVE('',#926,#1066,#1074,.T.);
#1074 = LINE('',#1075,#1076);
#1075 = CARTESIAN_POINT('',(-1.6,0.76,0.));
#1076 = VECTOR('',#1077,1.);
#1077 = DIRECTION('',(1.,0.,0.));
#1078 = PLANE('',#1079);
#1079 = AXIS2_PLACEMENT_3D('',#1080,#1081,#1082);
#1080 = CARTESIAN_POINT('',(-1.6,-0.8,0.));
#1081 = DIRECTION('',(0.,0.,1.));
#1082 = DIRECTION('',(1.,0.,-0.));
#1083 = ADVANCED_FACE('',(#1084),#1102,.T.);
#1084 = FACE_BOUND('',#1085,.T.);
#1085 = EDGE_LOOP('',(#1086,#1087,#1088,#1096));
#1086 = ORIENTED_EDGE('',*,*,#959,.F.);
#1087 = ORIENTED_EDGE('',*,*,#1048,.T.);
#1088 = ORIENTED_EDGE('',*,*,#1089,.T.);
#1089 = EDGE_CURVE('',#1040,#1090,#1092,.T.);
#1090 = VERTEX_POINT('',#1091);
#1091 = CARTESIAN_POINT('',(-1.2,0.76,1.6));
#1092 = LINE('',#1093,#1094);
#1093 = CARTESIAN_POINT('',(-1.2,-0.8,1.6));
#1094 = VECTOR('',#1095,1.);
#1095 = DIRECTION('',(0.,1.,0.));
#1096 = ORIENTED_EDGE('',*,*,#1097,.F.);
#1097 = EDGE_CURVE('',#951,#1090,#1098,.T.);
#1098 = LINE('',#1099,#1100);
#1099 = CARTESIAN_POINT('',(-1.6,0.76,1.6));
#1100 = VECTOR('',#1101,1.);
#1101 = DIRECTION('',(1.,0.,0.));
#1102 = PLANE('',#1103);
#1103 = AXIS2_PLACEMENT_3D('',#1104,#1105,#1106);
#1104 = CARTESIAN_POINT('',(-1.6,-0.8,1.6));
#1105 = DIRECTION('',(0.,0.,1.));
#1106 = DIRECTION('',(1.,0.,-0.));
#1107 = ADVANCED_FACE('',(#1108),#1127,.T.);
#1108 = FACE_BOUND('',#1109,.T.);
#1109 = EDGE_LOOP('',(#1110,#1118,#1125,#1126));
#1110 = ORIENTED_EDGE('',*,*,#1111,.T.);
#1111 = EDGE_CURVE('',#934,#1112,#1114,.T.);
#1112 = VERTEX_POINT('',#1113);
#1113 = CARTESIAN_POINT('',(-1.2,0.8,4.E-02));
#1114 = LINE('',#1115,#1116);
#1115 = CARTESIAN_POINT('',(-1.6,0.8,4.E-02));
#1116 = VECTOR('',#1117,1.);
#1117 = DIRECTION('',(1.,0.,0.));
#1118 = ORIENTED_EDGE('',*,*,#1119,.T.);
#1119 = EDGE_CURVE('',#1112,#1066,#1120,.T.);
#1120 = CIRCLE('',#1121,4.E-02);
#1121 = AXIS2_PLACEMENT_3D('',#1122,#1123,#1124);
#1122 = CARTESIAN_POINT('',(-1.2,0.76,4.E-02));
#1123 = DIRECTION('',(-1.,0.,0.));
#1124 = DIRECTION('',(0.,0.,1.));
#1125 = ORIENTED_EDGE('',*,*,#1073,.F.);
#1126 = ORIENTED_EDGE('',*,*,#933,.F.);
#1127 = CYLINDRICAL_SURFACE('',#1128,4.E-02);
#1128 = AXIS2_PLACEMENT_3D('',#1129,#1130,#1131);
#1129 = CARTESIAN_POINT('',(-1.6,0.76,4.E-02));
#1130 = DIRECTION('',(1.,0.,0.));
#1131 = DIRECTION('',(-0.,1.,0.));
#1132 = ADVANCED_FACE('',(#1133),#1152,.T.);
#1133 = FACE_BOUND('',#1134,.T.);
#1134 = EDGE_LOOP('',(#1135,#1136,#1137,#1146));
#1135 = ORIENTED_EDGE('',*,*,#950,.T.);
#1136 = ORIENTED_EDGE('',*,*,#1097,.T.);
#1137 = ORIENTED_EDGE('',*,*,#1138,.F.);
#1138 = EDGE_CURVE('',#1139,#1090,#1141,.T.);
#1139 = VERTEX_POINT('',#1140);
#1140 = CARTESIAN_POINT('',(-1.2,0.8,1.56));
#1141 = CIRCLE('',#1142,4.E-02);
#1142 = AXIS2_PLACEMENT_3D('',#1143,#1144,#1145);
#1143 = CARTESIAN_POINT('',(-1.2,0.76,1.56));
#1144 = DIRECTION('',(1.,0.,-0.));
#1145 = DIRECTION('',(0.,0.,1.));
#1146 = ORIENTED_EDGE('',*,*,#1147,.F.);
#1147 = EDGE_CURVE('',#943,#1139,#1148,.T.);
#1148 = LINE('',#1149,#1150);
#1149 = CARTESIAN_POINT('',(-1.6,0.8,1.56));
#1150 = VECTOR('',#1151,1.);
#1151 = DIRECTION('',(1.,0.,0.));
#1152 = CYLINDRICAL_SURFACE('',#1153,4.E-02);
#1153 = AXIS2_PLACEMENT_3D('',#1154,#1155,#1156);
#1154 = CARTESIAN_POINT('',(-1.6,0.76,1.56));
#1155 = DIRECTION('',(1.,0.,0.));
#1156 = DIRECTION('',(-0.,1.,0.));
#1157 = ADVANCED_FACE('',(#1158),#1169,.T.);
#1158 = FACE_BOUND('',#1159,.T.);
#1159 = EDGE_LOOP('',(#1160,#1166,#1167,#1168));
#1160 = ORIENTED_EDGE('',*,*,#1161,.F.);
#1161 = EDGE_CURVE('',#1112,#1139,#1162,.T.);
#1162 = LINE('',#1163,#1164);
#1163 = CARTESIAN_POINT('',(-1.2,0.8,0.));
#1164 = VECTOR('',#1165,1.);
#1165 = DIRECTION('',(0.,0.,1.));
#1166 = ORIENTED_EDGE('',*,*,#1111,.F.);
#1167 = ORIENTED_EDGE('',*,*,#942,.T.);
#1168 = ORIENTED_EDGE('',*,*,#1147,.T.);
#1169 = PLANE('',#1170);
#1170 = AXIS2_PLACEMENT_3D('',#1171,#1172,#1173);
#1171 = CARTESIAN_POINT('',(-1.6,0.8,0.));
#1172 = DIRECTION('',(0.,1.,0.));
#1173 = DIRECTION('',(0.,-0.,1.));
#1174 = ADVANCED_FACE('',(#1175,#1185),#1255,.T.);
#1175 = FACE_BOUND('',#1176,.T.);
#1176 = EDGE_LOOP('',(#1177,#1178,#1179,#1180,#1181,#1182,#1183,#1184));
#1177 = ORIENTED_EDGE('',*,*,#982,.F.);
#1178 = ORIENTED_EDGE('',*,*,#1022,.T.);
#1179 = ORIENTED_EDGE('',*,*,#1065,.T.);
#1180 = ORIENTED_EDGE('',*,*,#1119,.F.);
#1181 = ORIENTED_EDGE('',*,*,#1161,.T.);
#1182 = ORIENTED_EDGE('',*,*,#1138,.T.);
#1183 = ORIENTED_EDGE('',*,*,#1089,.F.);
#1184 = ORIENTED_EDGE('',*,*,#1039,.F.);
#1185 = FACE_BOUND('',#1186,.T.);
#1186 = EDGE_LOOP('',(#1187,#1198,#1206,#1215,#1223,#1232,#1240,#1249));
#1187 = ORIENTED_EDGE('',*,*,#1188,.F.);
#1188 = EDGE_CURVE('',#1189,#1191,#1193,.T.);
#1189 = VERTEX_POINT('',#1190);
#1190 = CARTESIAN_POINT('',(-1.2,-0.76,8.E-02));
#1191 = VERTEX_POINT('',#1192);
#1192 = CARTESIAN_POINT('',(-1.2,-0.72,4.E-02));
#1193 = CIRCLE('',#1194,4.E-02);
#1194 = AXIS2_PLACEMENT_3D('',#1195,#1196,#1197);
#1195 = CARTESIAN_POINT('',(-1.2,-0.72,8.E-02));
#1196 = DIRECTION('',(1.,0.,-0.));
#1197 = DIRECTION('',(0.,0.,1.));
#1198 = ORIENTED_EDGE('',*,*,#1199,.T.);
#1199 = EDGE_CURVE('',#1189,#1200,#1202,.T.);
#1200 = VERTEX_POINT('',#1201);
#1201 = CARTESIAN_POINT('',(-1.2,-0.76,1.52));
#1202 = LINE('',#1203,#1204);
#1203 = CARTESIAN_POINT('',(-1.2,-0.76,4.E-02));
#1204 = VECTOR('',#1205,1.);
#1205 = DIRECTION('',(0.,0.,1.));
#1206 = ORIENTED_EDGE('',*,*,#1207,.T.);
#1207 = EDGE_CURVE('',#1200,#1208,#1210,.T.);
#1208 = VERTEX_POINT('',#1209);
#1209 = CARTESIAN_POINT('',(-1.2,-0.72,1.56));
#1210 = CIRCLE('',#1211,4.E-02);
#1211 = AXIS2_PLACEMENT_3D('',#1212,#1213,#1214);
#1212 = CARTESIAN_POINT('',(-1.2,-0.72,1.52));
#1213 = DIRECTION('',(-1.,0.,0.));
#1214 = DIRECTION('',(0.,0.,1.));
#1215 = ORIENTED_EDGE('',*,*,#1216,.T.);
#1216 = EDGE_CURVE('',#1208,#1217,#1219,.T.);
#1217 = VERTEX_POINT('',#1218);
#1218 = CARTESIAN_POINT('',(-1.2,0.72,1.56));
#1219 = LINE('',#1220,#1221);
#1220 = CARTESIAN_POINT('',(-1.2,-0.76,1.56));
#1221 = VECTOR('',#1222,1.);
#1222 = DIRECTION('',(0.,1.,0.));
#1223 = ORIENTED_EDGE('',*,*,#1224,.F.);
#1224 = EDGE_CURVE('',#1225,#1217,#1227,.T.);
#1225 = VERTEX_POINT('',#1226);
#1226 = CARTESIAN_POINT('',(-1.2,0.76,1.52));
#1227 = CIRCLE('',#1228,4.E-02);
#1228 = AXIS2_PLACEMENT_3D('',#1229,#1230,#1231);
#1229 = CARTESIAN_POINT('',(-1.2,0.72,1.52));
#1230 = DIRECTION('',(1.,0.,-0.));
#1231 = DIRECTION('',(0.,0.,1.));
#1232 = ORIENTED_EDGE('',*,*,#1233,.F.);
#1233 = EDGE_CURVE('',#1234,#1225,#1236,.T.);
#1234 = VERTEX_POINT('',#1235);
#1235 = CARTESIAN_POINT('',(-1.2,0.76,8.E-02));
#1236 = LINE('',#1237,#1238);
#1237 = CARTESIAN_POINT('',(-1.2,0.76,4.E-02));
#1238 = VECTOR('',#1239,1.);
#1239 = DIRECTION('',(0.,0.,1.));
#1240 = ORIENTED_EDGE('',*,*,#1241,.T.);
#1241 = EDGE_CURVE('',#1234,#1242,#1244,.T.);
#1242 = VERTEX_POINT('',#1243);
#1243 = CARTESIAN_POINT('',(-1.2,0.72,4.E-02));
#1244 = CIRCLE('',#1245,4.E-02);
#1245 = AXIS2_PLACEMENT_3D('',#1246,#1247,#1248);
#1246 = CARTESIAN_POINT('',(-1.2,0.72,8.E-02));
#1247 = DIRECTION('',(-1.,0.,0.));
#1248 = DIRECTION('',(0.,0.,1.));
#1249 = ORIENTED_EDGE('',*,*,#1250,.F.);
#1250 = EDGE_CURVE('',#1191,#1242,#1251,.T.);
#1251 = LINE('',#1252,#1253);
#1252 = CARTESIAN_POINT('',(-1.2,-0.76,4.E-02));
#1253 = VECTOR('',#1254,1.);
#1254 = DIRECTION('',(0.,1.,0.));
#1255 = PLANE('',#1256);
#1256 = AXIS2_PLACEMENT_3D('',#1257,#1258,#1259);
#1257 = CARTESIAN_POINT('',(-1.2,-0.8,0.));
#1258 = DIRECTION('',(1.,0.,0.));
#1259 = DIRECTION('',(0.,0.,1.));
#1260 = ADVANCED_FACE('',(#1261),#1287,.T.);
#1261 = FACE_BOUND('',#1262,.T.);
#1262 = EDGE_LOOP('',(#1263,#1264,#1272,#1281));
#1263 = ORIENTED_EDGE('',*,*,#1188,.T.);
#1264 = ORIENTED_EDGE('',*,*,#1265,.T.);
#1265 = EDGE_CURVE('',#1191,#1266,#1268,.T.);
#1266 = VERTEX_POINT('',#1267);
#1267 = CARTESIAN_POINT('',(1.2,-0.72,4.E-02));
#1268 = LINE('',#1269,#1270);
#1269 = CARTESIAN_POINT('',(-1.2,-0.72,4.E-02));
#1270 = VECTOR('',#1271,1.);
#1271 = DIRECTION('',(1.,0.,0.));
#1272 = ORIENTED_EDGE('',*,*,#1273,.F.);
#1273 = EDGE_CURVE('',#1274,#1266,#1276,.T.);
#1274 = VERTEX_POINT('',#1275);
#1275 = CARTESIAN_POINT('',(1.2,-0.76,8.E-02));
#1276 = CIRCLE('',#1277,4.E-02);
#1277 = AXIS2_PLACEMENT_3D('',#1278,#1279,#1280);
#1278 = CARTESIAN_POINT('',(1.2,-0.72,8.E-02));
#1279 = DIRECTION('',(1.,0.,-0.));
#1280 = DIRECTION('',(0.,0.,1.));
#1281 = ORIENTED_EDGE('',*,*,#1282,.F.);
#1282 = EDGE_CURVE('',#1189,#1274,#1283,.T.);
#1283 = LINE('',#1284,#1285);
#1284 = CARTESIAN_POINT('',(-1.2,-0.76,8.E-02));
#1285 = VECTOR('',#1286,1.);
#1286 = DIRECTION('',(1.,0.,0.));
#1287 = CYLINDRICAL_SURFACE('',#1288,4.E-02);
#1288 = AXIS2_PLACEMENT_3D('',#1289,#1290,#1291);
#1289 = CARTESIAN_POINT('',(-1.2,-0.72,8.E-02));
#1290 = DIRECTION('',(1.,0.,0.));
#1291 = DIRECTION('',(0.,-1.,0.));
#1292 = ADVANCED_FACE('',(#1293),#1311,.F.);
#1293 = FACE_BOUND('',#1294,.F.);
#1294 = EDGE_LOOP('',(#1295,#1296,#1297,#1305));
#1295 = ORIENTED_EDGE('',*,*,#1250,.F.);
#1296 = ORIENTED_EDGE('',*,*,#1265,.T.);
#1297 = ORIENTED_EDGE('',*,*,#1298,.T.);
#1298 = EDGE_CURVE('',#1266,#1299,#1301,.T.);
#1299 = VERTEX_POINT('',#1300);
#1300 = CARTESIAN_POINT('',(1.2,0.72,4.E-02));
#1301 = LINE('',#1302,#1303);
#1302 = CARTESIAN_POINT('',(1.2,-0.76,4.E-02));
#1303 = VECTOR('',#1304,1.);
#1304 = DIRECTION('',(0.,1.,0.));
#1305 = ORIENTED_EDGE('',*,*,#1306,.F.);
#1306 = EDGE_CURVE('',#1242,#1299,#1307,.T.);
#1307 = LINE('',#1308,#1309);
#1308 = CARTESIAN_POINT('',(-1.2,0.72,4.E-02));
#1309 = VECTOR('',#1310,1.);
#1310 = DIRECTION('',(1.,0.,0.));
#1311 = PLANE('',#1312);
#1312 = AXIS2_PLACEMENT_3D('',#1313,#1314,#1315);
#1313 = CARTESIAN_POINT('',(-1.2,-0.76,4.E-02));
#1314 = DIRECTION('',(0.,0.,1.));
#1315 = DIRECTION('',(1.,0.,-0.));
#1316 = ADVANCED_FACE('',(#1317),#1336,.T.);
#1317 = FACE_BOUND('',#1318,.T.);
#1318 = EDGE_LOOP('',(#1319,#1327,#1334,#1335));
#1319 = ORIENTED_EDGE('',*,*,#1320,.T.);
#1320 = EDGE_CURVE('',#1234,#1321,#1323,.T.);
#1321 = VERTEX_POINT('',#1322);
#1322 = CARTESIAN_POINT('',(1.2,0.76,8.E-02));
#1323 = LINE('',#1324,#1325);
#1324 = CARTESIAN_POINT('',(-1.2,0.76,8.E-02));
#1325 = VECTOR('',#1326,1.);
#1326 = DIRECTION('',(1.,0.,0.));
#1327 = ORIENTED_EDGE('',*,*,#1328,.T.);
#1328 = EDGE_CURVE('',#1321,#1299,#1329,.T.);
#1329 = CIRCLE('',#1330,4.E-02);
#1330 = AXIS2_PLACEMENT_3D('',#1331,#1332,#1333);
#1331 = CARTESIAN_POINT('',(1.2,0.72,8.E-02));
#1332 = DIRECTION('',(-1.,0.,0.));
#1333 = DIRECTION('',(0.,0.,1.));
#1334 = ORIENTED_EDGE('',*,*,#1306,.F.);
#1335 = ORIENTED_EDGE('',*,*,#1241,.F.);
#1336 = CYLINDRICAL_SURFACE('',#1337,4.E-02);
#1337 = AXIS2_PLACEMENT_3D('',#1338,#1339,#1340);
#1338 = CARTESIAN_POINT('',(-1.2,0.72,8.E-02));
#1339 = DIRECTION('',(1.,0.,0.));
#1340 = DIRECTION('',(-0.,1.,0.));
#1341 = ADVANCED_FACE('',(#1342),#1360,.T.);
#1342 = FACE_BOUND('',#1343,.T.);
#1343 = EDGE_LOOP('',(#1344,#1352,#1353,#1354));
#1344 = ORIENTED_EDGE('',*,*,#1345,.F.);
#1345 = EDGE_CURVE('',#1321,#1346,#1348,.T.);
#1346 = VERTEX_POINT('',#1347);
#1347 = CARTESIAN_POINT('',(1.2,0.76,1.52));
#1348 = LINE('',#1349,#1350);
#1349 = CARTESIAN_POINT('',(1.2,0.76,4.E-02));
#1350 = VECTOR('',#1351,1.);
#1351 = DIRECTION('',(0.,0.,1.));
#1352 = ORIENTED_EDGE('',*,*,#1320,.F.);
#1353 = ORIENTED_EDGE('',*,*,#1233,.T.);
#1354 = ORIENTED_EDGE('',*,*,#1355,.T.);
#1355 = EDGE_CURVE('',#1225,#1346,#1356,.T.);
#1356 = LINE('',#1357,#1358);
#1357 = CARTESIAN_POINT('',(-1.2,0.76,1.52));
#1358 = VECTOR('',#1359,1.);
#1359 = DIRECTION('',(1.,0.,0.));
#1360 = PLANE('',#1361);
#1361 = AXIS2_PLACEMENT_3D('',#1362,#1363,#1364);
#1362 = CARTESIAN_POINT('',(-1.2,0.76,4.E-02));
#1363 = DIRECTION('',(0.,1.,0.));
#1364 = DIRECTION('',(0.,-0.,1.));
#1365 = ADVANCED_FACE('',(#1366),#1385,.T.);
#1366 = FACE_BOUND('',#1367,.T.);
#1367 = EDGE_LOOP('',(#1368,#1369,#1377,#1384));
#1368 = ORIENTED_EDGE('',*,*,#1224,.T.);
#1369 = ORIENTED_EDGE('',*,*,#1370,.T.);
#1370 = EDGE_CURVE('',#1217,#1371,#1373,.T.);
#1371 = VERTEX_POINT('',#1372);
#1372 = CARTESIAN_POINT('',(1.2,0.72,1.56));
#1373 = LINE('',#1374,#1375);
#1374 = CARTESIAN_POINT('',(-1.2,0.72,1.56));
#1375 = VECTOR('',#1376,1.);
#1376 = DIRECTION('',(1.,0.,0.));
#1377 = ORIENTED_EDGE('',*,*,#1378,.F.);
#1378 = EDGE_CURVE('',#1346,#1371,#1379,.T.);
#1379 = CIRCLE('',#1380,4.E-02);
#1380 = AXIS2_PLACEMENT_3D('',#1381,#1382,#1383);
#1381 = CARTESIAN_POINT('',(1.2,0.72,1.52));
#1382 = DIRECTION('',(1.,0.,-0.));
#1383 = DIRECTION('',(0.,0.,1.));
#1384 = ORIENTED_EDGE('',*,*,#1355,.F.);
#1385 = CYLINDRICAL_SURFACE('',#1386,4.E-02);
#1386 = AXIS2_PLACEMENT_3D('',#1387,#1388,#1389);
#1387 = CARTESIAN_POINT('',(-1.2,0.72,1.52));
#1388 = DIRECTION('',(1.,0.,0.));
#1389 = DIRECTION('',(-0.,1.,0.));
#1390 = ADVANCED_FACE('',(#1391),#1409,.T.);
#1391 = FACE_BOUND('',#1392,.T.);
#1392 = EDGE_LOOP('',(#1393,#1394,#1402,#1408));
#1393 = ORIENTED_EDGE('',*,*,#1216,.F.);
#1394 = ORIENTED_EDGE('',*,*,#1395,.T.);
#1395 = EDGE_CURVE('',#1208,#1396,#1398,.T.);
#1396 = VERTEX_POINT('',#1397);
#1397 = CARTESIAN_POINT('',(1.2,-0.72,1.56));
#1398 = LINE('',#1399,#1400);
#1399 = CARTESIAN_POINT('',(-1.2,-0.72,1.56));
#1400 = VECTOR('',#1401,1.);
#1401 = DIRECTION('',(1.,0.,0.));
#1402 = ORIENTED_EDGE('',*,*,#1403,.T.);
#1403 = EDGE_CURVE('',#1396,#1371,#1404,.T.);
#1404 = LINE('',#1405,#1406);
#1405 = CARTESIAN_POINT('',(1.2,-0.76,1.56));
#1406 = VECTOR('',#1407,1.);
#1407 = DIRECTION('',(0.,1.,0.));
#1408 = ORIENTED_EDGE('',*,*,#1370,.F.);
#1409 = PLANE('',#1410);
#1410 = AXIS2_PLACEMENT_3D('',#1411,#1412,#1413);
#1411 = CARTESIAN_POINT('',(-1.2,-0.76,1.56));
#1412 = DIRECTION('',(0.,0.,1.));
#1413 = DIRECTION('',(1.,0.,-0.));
#1414 = ADVANCED_FACE('',(#1415),#1434,.T.);
#1415 = FACE_BOUND('',#1416,.T.);
#1416 = EDGE_LOOP('',(#1417,#1425,#1432,#1433));
#1417 = ORIENTED_EDGE('',*,*,#1418,.T.);
#1418 = EDGE_CURVE('',#1200,#1419,#1421,.T.);
#1419 = VERTEX_POINT('',#1420);
#1420 = CARTESIAN_POINT('',(1.2,-0.76,1.52));
#1421 = LINE('',#1422,#1423);
#1422 = CARTESIAN_POINT('',(-1.2,-0.76,1.52));
#1423 = VECTOR('',#1424,1.);
#1424 = DIRECTION('',(1.,0.,0.));
#1425 = ORIENTED_EDGE('',*,*,#1426,.T.);
#1426 = EDGE_CURVE('',#1419,#1396,#1427,.T.);
#1427 = CIRCLE('',#1428,4.E-02);
#1428 = AXIS2_PLACEMENT_3D('',#1429,#1430,#1431);
#1429 = CARTESIAN_POINT('',(1.2,-0.72,1.52));
#1430 = DIRECTION('',(-1.,0.,0.));
#1431 = DIRECTION('',(0.,0.,1.));
#1432 = ORIENTED_EDGE('',*,*,#1395,.F.);
#1433 = ORIENTED_EDGE('',*,*,#1207,.F.);
#1434 = CYLINDRICAL_SURFACE('',#1435,4.E-02);
#1435 = AXIS2_PLACEMENT_3D('',#1436,#1437,#1438);
#1436 = CARTESIAN_POINT('',(-1.2,-0.72,1.52));
#1437 = DIRECTION('',(1.,0.,0.));
#1438 = DIRECTION('',(0.,-1.,0.));
#1439 = ADVANCED_FACE('',(#1440),#1451,.F.);
#1440 = FACE_BOUND('',#1441,.F.);
#1441 = EDGE_LOOP('',(#1442,#1448,#1449,#1450));
#1442 = ORIENTED_EDGE('',*,*,#1443,.F.);
#1443 = EDGE_CURVE('',#1274,#1419,#1444,.T.);
#1444 = LINE('',#1445,#1446);
#1445 = CARTESIAN_POINT('',(1.2,-0.76,4.E-02));
#1446 = VECTOR('',#1447,1.);
#1447 = DIRECTION('',(0.,0.,1.));
#1448 = ORIENTED_EDGE('',*,*,#1282,.F.);
#1449 = ORIENTED_EDGE('',*,*,#1199,.T.);
#1450 = ORIENTED_EDGE('',*,*,#1418,.T.);
#1451 = PLANE('',#1452);
#1452 = AXIS2_PLACEMENT_3D('',#1453,#1454,#1455);
#1453 = CARTESIAN_POINT('',(-1.2,-0.76,4.E-02));
#1454 = DIRECTION('',(0.,1.,0.));
#1455 = DIRECTION('',(0.,-0.,1.));
#1456 = ADVANCED_FACE('',(#1457,#1527),#1537,.F.);
#1457 = FACE_BOUND('',#1458,.F.);
#1458 = EDGE_LOOP('',(#1459,#1469,#1478,#1486,#1495,#1503,#1512,#1520));
#1459 = ORIENTED_EDGE('',*,*,#1460,.F.);
#1460 = EDGE_CURVE('',#1461,#1463,#1465,.T.);
#1461 = VERTEX_POINT('',#1462);
#1462 = CARTESIAN_POINT('',(1.2,-0.8,4.E-02));
#1463 = VERTEX_POINT('',#1464);
#1464 = CARTESIAN_POINT('',(1.2,-0.8,1.56));
#1465 = LINE('',#1466,#1467);
#1466 = CARTESIAN_POINT('',(1.2,-0.8,0.));
#1467 = VECTOR('',#1468,1.);
#1468 = DIRECTION('',(0.,0.,1.));
#1469 = ORIENTED_EDGE('',*,*,#1470,.T.);
#1470 = EDGE_CURVE('',#1461,#1471,#1473,.T.);
#1471 = VERTEX_POINT('',#1472);
#1472 = CARTESIAN_POINT('',(1.2,-0.76,0.));
#1473 = CIRCLE('',#1474,4.E-02);
#1474 = AXIS2_PLACEMENT_3D('',#1475,#1476,#1477);
#1475 = CARTESIAN_POINT('',(1.2,-0.76,4.E-02));
#1476 = DIRECTION('',(1.,0.,-0.));
#1477 = DIRECTION('',(0.,0.,1.));
#1478 = ORIENTED_EDGE('',*,*,#1479,.T.);
#1479 = EDGE_CURVE('',#1471,#1480,#1482,.T.);
#1480 = VERTEX_POINT('',#1481);
#1481 = CARTESIAN_POINT('',(1.2,0.76,0.));
#1482 = LINE('',#1483,#1484);
#1483 = CARTESIAN_POINT('',(1.2,-0.8,0.));
#1484 = VECTOR('',#1485,1.);
#1485 = DIRECTION('',(0.,1.,0.));
#1486 = ORIENTED_EDGE('',*,*,#1487,.F.);
#1487 = EDGE_CURVE('',#1488,#1480,#1490,.T.);
#1488 = VERTEX_POINT('',#1489);
#1489 = CARTESIAN_POINT('',(1.2,0.8,4.E-02));
#1490 = CIRCLE('',#1491,4.E-02);
#1491 = AXIS2_PLACEMENT_3D('',#1492,#1493,#1494);
#1492 = CARTESIAN_POINT('',(1.2,0.76,4.E-02));
#1493 = DIRECTION('',(-1.,0.,0.));
#1494 = DIRECTION('',(0.,0.,1.));
#1495 = ORIENTED_EDGE('',*,*,#1496,.T.);
#1496 = EDGE_CURVE('',#1488,#1497,#1499,.T.);
#1497 = VERTEX_POINT('',#1498);
#1498 = CARTESIAN_POINT('',(1.2,0.8,1.56));
#1499 = LINE('',#1500,#1501);
#1500 = CARTESIAN_POINT('',(1.2,0.8,0.));
#1501 = VECTOR('',#1502,1.);
#1502 = DIRECTION('',(0.,0.,1.));
#1503 = ORIENTED_EDGE('',*,*,#1504,.T.);
#1504 = EDGE_CURVE('',#1497,#1505,#1507,.T.);
#1505 = VERTEX_POINT('',#1506);
#1506 = CARTESIAN_POINT('',(1.2,0.76,1.6));
#1507 = CIRCLE('',#1508,4.E-02);
#1508 = AXIS2_PLACEMENT_3D('',#1509,#1510,#1511);
#1509 = CARTESIAN_POINT('',(1.2,0.76,1.56));
#1510 = DIRECTION('',(1.,0.,-0.));
#1511 = DIRECTION('',(0.,0.,1.));
#1512 = ORIENTED_EDGE('',*,*,#1513,.F.);
#1513 = EDGE_CURVE('',#1514,#1505,#1516,.T.);
#1514 = VERTEX_POINT('',#1515);
#1515 = CARTESIAN_POINT('',(1.2,-0.76,1.6));
#1516 = LINE('',#1517,#1518);
#1517 = CARTESIAN_POINT('',(1.2,-0.8,1.6));
#1518 = VECTOR('',#1519,1.);
#1519 = DIRECTION('',(0.,1.,0.));
#1520 = ORIENTED_EDGE('',*,*,#1521,.F.);
#1521 = EDGE_CURVE('',#1463,#1514,#1522,.T.);
#1522 = CIRCLE('',#1523,4.E-02);
#1523 = AXIS2_PLACEMENT_3D('',#1524,#1525,#1526);
#1524 = CARTESIAN_POINT('',(1.2,-0.76,1.56));
#1525 = DIRECTION('',(-1.,0.,0.));
#1526 = DIRECTION('',(0.,0.,1.));
#1527 = FACE_BOUND('',#1528,.F.);
#1528 = EDGE_LOOP('',(#1529,#1530,#1531,#1532,#1533,#1534,#1535,#1536));
#1529 = ORIENTED_EDGE('',*,*,#1273,.F.);
#1530 = ORIENTED_EDGE('',*,*,#1443,.T.);
#1531 = ORIENTED_EDGE('',*,*,#1426,.T.);
#1532 = ORIENTED_EDGE('',*,*,#1403,.T.);
#1533 = ORIENTED_EDGE('',*,*,#1378,.F.);
#1534 = ORIENTED_EDGE('',*,*,#1345,.F.);
#1535 = ORIENTED_EDGE('',*,*,#1328,.T.);
#1536 = ORIENTED_EDGE('',*,*,#1298,.F.);
#1537 = PLANE('',#1538);
#1538 = AXIS2_PLACEMENT_3D('',#1539,#1540,#1541);
#1539 = CARTESIAN_POINT('',(1.2,-0.8,0.));
#1540 = DIRECTION('',(1.,0.,0.));
#1541 = DIRECTION('',(0.,0.,1.));
#1542 = ADVANCED_FACE('',(#1543),#1568,.F.);
#1543 = FACE_BOUND('',#1544,.F.);
#1544 = EDGE_LOOP('',(#1545,#1555,#1561,#1562));
#1545 = ORIENTED_EDGE('',*,*,#1546,.F.);
#1546 = EDGE_CURVE('',#1547,#1549,#1551,.T.);
#1547 = VERTEX_POINT('',#1548);
#1548 = CARTESIAN_POINT('',(1.6,-0.8,4.E-02));
#1549 = VERTEX_POINT('',#1550);
#1550 = CARTESIAN_POINT('',(1.6,-0.8,1.56));
#1551 = LINE('',#1552,#1553);
#1552 = CARTESIAN_POINT('',(1.6,-0.8,0.));
#1553 = VECTOR('',#1554,1.);
#1554 = DIRECTION('',(0.,0.,1.));
#1555 = ORIENTED_EDGE('',*,*,#1556,.F.);
#1556 = EDGE_CURVE('',#1461,#1547,#1557,.T.);
#1557 = LINE('',#1558,#1559);
#1558 = CARTESIAN_POINT('',(1.2,-0.8,4.E-02));
#1559 = VECTOR('',#1560,1.);
#1560 = DIRECTION('',(1.,0.,0.));
#1561 = ORIENTED_EDGE('',*,*,#1460,.T.);
#1562 = ORIENTED_EDGE('',*,*,#1563,.T.);
#1563 = EDGE_CURVE('',#1463,#1549,#1564,.T.);
#1564 = LINE('',#1565,#1566);
#1565 = CARTESIAN_POINT('',(1.2,-0.8,1.56));
#1566 = VECTOR('',#1567,1.);
#1567 = DIRECTION('',(1.,0.,0.));
#1568 = PLANE('',#1569);
#1569 = AXIS2_PLACEMENT_3D('',#1570,#1571,#1572);
#1570 = CARTESIAN_POINT('',(1.2,-0.8,0.));
#1571 = DIRECTION('',(0.,1.,0.));
#1572 = DIRECTION('',(0.,-0.,1.));
#1573 = ADVANCED_FACE('',(#1574),#1593,.T.);
#1574 = FACE_BOUND('',#1575,.T.);
#1575 = EDGE_LOOP('',(#1576,#1577,#1585,#1592));
#1576 = ORIENTED_EDGE('',*,*,#1470,.T.);
#1577 = ORIENTED_EDGE('',*,*,#1578,.T.);
#1578 = EDGE_CURVE('',#1471,#1579,#1581,.T.);
#1579 = VERTEX_POINT('',#1580);
#1580 = CARTESIAN_POINT('',(1.6,-0.76,0.));
#1581 = LINE('',#1582,#1583);
#1582 = CARTESIAN_POINT('',(1.2,-0.76,0.));
#1583 = VECTOR('',#1584,1.);
#1584 = DIRECTION('',(1.,0.,0.));
#1585 = ORIENTED_EDGE('',*,*,#1586,.F.);
#1586 = EDGE_CURVE('',#1547,#1579,#1587,.T.);
#1587 = CIRCLE('',#1588,4.E-02);
#1588 = AXIS2_PLACEMENT_3D('',#1589,#1590,#1591);
#1589 = CARTESIAN_POINT('',(1.6,-0.76,4.E-02));
#1590 = DIRECTION('',(1.,0.,-0.));
#1591 = DIRECTION('',(0.,0.,1.));
#1592 = ORIENTED_EDGE('',*,*,#1556,.F.);
#1593 = CYLINDRICAL_SURFACE('',#1594,4.E-02);
#1594 = AXIS2_PLACEMENT_3D('',#1595,#1596,#1597);
#1595 = CARTESIAN_POINT('',(1.2,-0.76,4.E-02));
#1596 = DIRECTION('',(1.,0.,0.));
#1597 = DIRECTION('',(0.,-1.,0.));
#1598 = ADVANCED_FACE('',(#1599),#1618,.T.);
#1599 = FACE_BOUND('',#1600,.T.);
#1600 = EDGE_LOOP('',(#1601,#1602,#1611,#1617));
#1601 = ORIENTED_EDGE('',*,*,#1563,.T.);
#1602 = ORIENTED_EDGE('',*,*,#1603,.T.);
#1603 = EDGE_CURVE('',#1549,#1604,#1606,.T.);
#1604 = VERTEX_POINT('',#1605);
#1605 = CARTESIAN_POINT('',(1.6,-0.76,1.6));
#1606 = CIRCLE('',#1607,4.E-02);
#1607 = AXIS2_PLACEMENT_3D('',#1608,#1609,#1610);
#1608 = CARTESIAN_POINT('',(1.6,-0.76,1.56));
#1609 = DIRECTION('',(-1.,0.,0.));
#1610 = DIRECTION('',(0.,0.,1.));
#1611 = ORIENTED_EDGE('',*,*,#1612,.F.);
#1612 = EDGE_CURVE('',#1514,#1604,#1613,.T.);
#1613 = LINE('',#1614,#1615);
#1614 = CARTESIAN_POINT('',(1.2,-0.76,1.6));
#1615 = VECTOR('',#1616,1.);
#1616 = DIRECTION('',(1.,0.,0.));
#1617 = ORIENTED_EDGE('',*,*,#1521,.F.);
#1618 = CYLINDRICAL_SURFACE('',#1619,4.E-02);
#1619 = AXIS2_PLACEMENT_3D('',#1620,#1621,#1622);
#1620 = CARTESIAN_POINT('',(1.2,-0.76,1.56));
#1621 = DIRECTION('',(1.,0.,0.));
#1622 = DIRECTION('',(0.,-1.,0.));
#1623 = ADVANCED_FACE('',(#1624),#1642,.F.);
#1624 = FACE_BOUND('',#1625,.F.);
#1625 = EDGE_LOOP('',(#1626,#1627,#1628,#1636));
#1626 = ORIENTED_EDGE('',*,*,#1479,.F.);
#1627 = ORIENTED_EDGE('',*,*,#1578,.T.);
#1628 = ORIENTED_EDGE('',*,*,#1629,.T.);
#1629 = EDGE_CURVE('',#1579,#1630,#1632,.T.);
#1630 = VERTEX_POINT('',#1631);
#1631 = CARTESIAN_POINT('',(1.6,0.76,0.));
#1632 = LINE('',#1633,#1634);
#1633 = CARTESIAN_POINT('',(1.6,-0.8,0.));
#1634 = VECTOR('',#1635,1.);
#1635 = DIRECTION('',(0.,1.,0.));
#1636 = ORIENTED_EDGE('',*,*,#1637,.F.);
#1637 = EDGE_CURVE('',#1480,#1630,#1638,.T.);
#1638 = LINE('',#1639,#1640);
#1639 = CARTESIAN_POINT('',(1.2,0.76,0.));
#1640 = VECTOR('',#1641,1.);
#1641 = DIRECTION('',(1.,0.,0.));
#1642 = PLANE('',#1643);
#1643 = AXIS2_PLACEMENT_3D('',#1644,#1645,#1646);
#1644 = CARTESIAN_POINT('',(1.2,-0.8,0.));
#1645 = DIRECTION('',(0.,0.,1.));
#1646 = DIRECTION('',(1.,0.,-0.));
#1647 = ADVANCED_FACE('',(#1648),#1666,.T.);
#1648 = FACE_BOUND('',#1649,.T.);
#1649 = EDGE_LOOP('',(#1650,#1651,#1652,#1660));
#1650 = ORIENTED_EDGE('',*,*,#1513,.F.);
#1651 = ORIENTED_EDGE('',*,*,#1612,.T.);
#1652 = ORIENTED_EDGE('',*,*,#1653,.T.);
#1653 = EDGE_CURVE('',#1604,#1654,#1656,.T.);
#1654 = VERTEX_POINT('',#1655);
#1655 = CARTESIAN_POINT('',(1.6,0.76,1.6));
#1656 = LINE('',#1657,#1658);
#1657 = CARTESIAN_POINT('',(1.6,-0.8,1.6));
#1658 = VECTOR('',#1659,1.);
#1659 = DIRECTION('',(0.,1.,0.));
#1660 = ORIENTED_EDGE('',*,*,#1661,.F.);
#1661 = EDGE_CURVE('',#1505,#1654,#1662,.T.);
#1662 = LINE('',#1663,#1664);
#1663 = CARTESIAN_POINT('',(1.2,0.76,1.6));
#1664 = VECTOR('',#1665,1.);
#1665 = DIRECTION('',(1.,0.,0.));
#1666 = PLANE('',#1667);
#1667 = AXIS2_PLACEMENT_3D('',#1668,#1669,#1670);
#1668 = CARTESIAN_POINT('',(1.2,-0.8,1.6));
#1669 = DIRECTION('',(0.,0.,1.));
#1670 = DIRECTION('',(1.,0.,-0.));
#1671 = ADVANCED_FACE('',(#1672),#1691,.T.);
#1672 = FACE_BOUND('',#1673,.T.);
#1673 = EDGE_LOOP('',(#1674,#1682,#1689,#1690));
#1674 = ORIENTED_EDGE('',*,*,#1675,.T.);
#1675 = EDGE_CURVE('',#1488,#1676,#1678,.T.);
#1676 = VERTEX_POINT('',#1677);
#1677 = CARTESIAN_POINT('',(1.6,0.8,4.E-02));
#1678 = LINE('',#1679,#1680);
#1679 = CARTESIAN_POINT('',(1.2,0.8,4.E-02));
#1680 = VECTOR('',#1681,1.);
#1681 = DIRECTION('',(1.,0.,0.));
#1682 = ORIENTED_EDGE('',*,*,#1683,.T.);
#1683 = EDGE_CURVE('',#1676,#1630,#1684,.T.);
#1684 = CIRCLE('',#1685,4.E-02);
#1685 = AXIS2_PLACEMENT_3D('',#1686,#1687,#1688);
#1686 = CARTESIAN_POINT('',(1.6,0.76,4.E-02));
#1687 = DIRECTION('',(-1.,0.,0.));
#1688 = DIRECTION('',(0.,0.,1.));
#1689 = ORIENTED_EDGE('',*,*,#1637,.F.);
#1690 = ORIENTED_EDGE('',*,*,#1487,.F.);
#1691 = CYLINDRICAL_SURFACE('',#1692,4.E-02);
#1692 = AXIS2_PLACEMENT_3D('',#1693,#1694,#1695);
#1693 = CARTESIAN_POINT('',(1.2,0.76,4.E-02));
#1694 = DIRECTION('',(1.,0.,0.));
#1695 = DIRECTION('',(-0.,1.,0.));
#1696 = ADVANCED_FACE('',(#1697),#1716,.T.);
#1697 = FACE_BOUND('',#1698,.T.);
#1698 = EDGE_LOOP('',(#1699,#1700,#1701,#1710));
#1699 = ORIENTED_EDGE('',*,*,#1504,.T.);
#1700 = ORIENTED_EDGE('',*,*,#1661,.T.);
#1701 = ORIENTED_EDGE('',*,*,#1702,.F.);
#1702 = EDGE_CURVE('',#1703,#1654,#1705,.T.);
#1703 = VERTEX_POINT('',#1704);
#1704 = CARTESIAN_POINT('',(1.6,0.8,1.56));
#1705 = CIRCLE('',#1706,4.E-02);
#1706 = AXIS2_PLACEMENT_3D('',#1707,#1708,#1709);
#1707 = CARTESIAN_POINT('',(1.6,0.76,1.56));
#1708 = DIRECTION('',(1.,0.,-0.));
#1709 = DIRECTION('',(0.,0.,1.));
#1710 = ORIENTED_EDGE('',*,*,#1711,.F.);
#1711 = EDGE_CURVE('',#1497,#1703,#1712,.T.);
#1712 = LINE('',#1713,#1714);
#1713 = CARTESIAN_POINT('',(1.2,0.8,1.56));
#1714 = VECTOR('',#1715,1.);
#1715 = DIRECTION('',(1.,0.,0.));
#1716 = CYLINDRICAL_SURFACE('',#1717,4.E-02);
#1717 = AXIS2_PLACEMENT_3D('',#1718,#1719,#1720);
#1718 = CARTESIAN_POINT('',(1.2,0.76,1.56));
#1719 = DIRECTION('',(1.,0.,0.));
#1720 = DIRECTION('',(-0.,1.,0.));
#1721 = ADVANCED_FACE('',(#1722),#1733,.T.);
#1722 = FACE_BOUND('',#1723,.T.);
#1723 = EDGE_LOOP('',(#1724,#1730,#1731,#1732));
#1724 = ORIENTED_EDGE('',*,*,#1725,.F.);
#1725 = EDGE_CURVE('',#1676,#1703,#1726,.T.);
#1726 = LINE('',#1727,#1728);
#1727 = CARTESIAN_POINT('',(1.6,0.8,0.));
#1728 = VECTOR('',#1729,1.);
#1729 = DIRECTION('',(0.,0.,1.));
#1730 = ORIENTED_EDGE('',*,*,#1675,.F.);
#1731 = ORIENTED_EDGE('',*,*,#1496,.T.);
#1732 = ORIENTED_EDGE('',*,*,#1711,.T.);
#1733 = PLANE('',#1734);
#1734 = AXIS2_PLACEMENT_3D('',#1735,#1736,#1737);
#1735 = CARTESIAN_POINT('',(1.2,0.8,0.));
#1736 = DIRECTION('',(0.,1.,0.));
#1737 = DIRECTION('',(0.,-0.,1.));
#1738 = ADVANCED_FACE('',(#1739),#1749,.T.);
#1739 = FACE_BOUND('',#1740,.T.);
#1740 = EDGE_LOOP('',(#1741,#1742,#1743,#1744,#1745,#1746,#1747,#1748));
#1741 = ORIENTED_EDGE('',*,*,#1546,.F.);
#1742 = ORIENTED_EDGE('',*,*,#1586,.T.);
#1743 = ORIENTED_EDGE('',*,*,#1629,.T.);
#1744 = ORIENTED_EDGE('',*,*,#1683,.F.);
#1745 = ORIENTED_EDGE('',*,*,#1725,.T.);
#1746 = ORIENTED_EDGE('',*,*,#1702,.T.);
#1747 = ORIENTED_EDGE('',*,*,#1653,.F.);
#1748 = ORIENTED_EDGE('',*,*,#1603,.F.);
#1749 = PLANE('',#1750);
#1750 = AXIS2_PLACEMENT_3D('',#1751,#1752,#1753);
#1751 = CARTESIAN_POINT('',(1.6,-0.8,0.));
#1752 = DIRECTION('',(1.,0.,0.));
#1753 = DIRECTION('',(0.,0.,1.));
#1754 = ( GEOMETRIC_REPRESENTATION_CONTEXT(3) 
GLOBAL_UNCERTAINTY_ASSIGNED_CONTEXT((#1758)) 
GLOBAL_UNIT_ASSIGNED_CONTEXT((#1755,#1756,#1757)) REPRESENTATION_CONTEXT
('Context #1','3D Context with UNIT and UNCERTAINTY') );
#1755 = ( LENGTH_UNIT() NAMED_UNIT(*) SI_UNIT(.MILLI.,.METRE.) );
#1756 = ( NAMED_UNIT(*) PLANE_ANGLE_UNIT() SI_UNIT($,.RADIAN.) );
#1757 = ( NAMED_UNIT(*) SI_UNIT($,.STERADIAN.) SOLID_ANGLE_UNIT() );
#1758 = UNCERTAINTY_MEASURE_WITH_UNIT(LENGTH_MEASURE(1.E-07),#1755,
  'distance_accuracy_value','confusion accuracy');
#1759 = CONTEXT_DEPENDENT_SHAPE_REPRESENTATION(#1760,#1762);
#1760 = ( REPRESENTATION_RELATIONSHIP('','',#899,#876) 
REPRESENTATION_RELATIONSHIP_WITH_TRANSFORMATION(#1761) 
SHAPE_REPRESENTATION_RELATIONSHIP() );
#1761 = ITEM_DEFINED_TRANSFORMATION('','',#11,#877);
#1762 = PRODUCT_DEFINITION_SHAPE('Placement','Placement of an item',
  #1763);
#1763 = NEXT_ASSEMBLY_USAGE_OCCURRENCE('1','=>[0:1:1:3]','',#871,#894,$
  );
#1764 = PRODUCT_RELATED_PRODUCT_CATEGORY('part',$,(#896));
#1765 = SHAPE_DEFINITION_REPRESENTATION(#1766,#1772);
#1766 = PRODUCT_DEFINITION_SHAPE('','',#1767);
#1767 = PRODUCT_DEFINITION('design','',#1768,#1771);
#1768 = PRODUCT_DEFINITION_FORMATION('','',#1769);
#1769 = PRODUCT('R_0603_1608Metric','R_0603_1608Metric','',(#1770));
#1770 = PRODUCT_CONTEXT('',#2,'mechanical');
#1771 = PRODUCT_DEFINITION_CONTEXT('part definition',#2,'design');
#1772 = SHAPE_REPRESENTATION('',(#11,#1773),#1777);
#1773 = AXIS2_PLACEMENT_3D('',#1774,#1775,#1776);
#1774 = CARTESIAN_POINT('',(0.,0.,0.));
#1775 = DIRECTION('',(0.,0.,1.));
#1776 = DIRECTION('',(1.,0.,-0.));
#1777 = ( GEOMETRIC_REPRESENTATION_CONTEXT(3) 
GLOBAL_UNCERTAINTY_ASSIGNED_CONTEXT((#1781)) 
GLOBAL_UNIT_ASSIGNED_CONTEXT((#1778,#1779,#1780)) REPRESENTATION_CONTEXT
('Context #1','3D Context with UNIT and UNCERTAINTY') );
#1778 = ( LENGTH_UNIT() NAMED_UNIT(*) SI_UNIT(.MILLI.,.METRE.) );
#1779 = ( NAMED_UNIT(*) PLANE_ANGLE_UNIT() SI_UNIT($,.RADIAN.) );
#1780 = ( NAMED_UNIT(*) SI_UNIT($,.STERADIAN.) SOLID_ANGLE_UNIT() );
#1781 = UNCERTAINTY_MEASURE_WITH_UNIT(LENGTH_MEASURE(1.E-07),#1778,
  'distance_accuracy_value','confusion accuracy');
#1782 = CONTEXT_DEPENDENT_SHAPE_REPRESENTATION(#1783,#1785);
#1783 = ( REPRESENTATION_RELATIONSHIP('','',#1772,#10) 
REPRESENTATION_RELATIONSHIP_WITH_TRANSFORMATION(#1784) 
SHAPE_REPRESENTATION_RELATIONSHIP() );
#1784 = ITEM_DEFINED_TRANSFORMATION('','',#11,#19);
#1785 = PRODUCT_DEFINITION_SHAPE('Placement','Placement of an item',
  #1786);
#1786 = NEXT_ASSEMBLY_USAGE_OCCURRENCE('4','R22','',#5,#1767,$);
#1787 = PRODUCT_RELATED_PRODUCT_CATEGORY('part',$,(#1769));
#1788 = SHAPE_DEFINITION_REPRESENTATION(#1789,#1795);
#1789 = PRODUCT_DEFINITION_SHAPE('','',#1790);
#1790 = PRODUCT_DEFINITION('design','',#1791,#1794);
#1791 = PRODUCT_DEFINITION_FORMATION('','',#1792);
#1792 = PRODUCT('R_0603_1608Metric','R_0603_1608Metric','',(#1793));
#1793 = PRODUCT_CONTEXT('',#2,'mechanical');
#1794 = PRODUCT_DEFINITION_CONTEXT('part definition',#2,'design');
#1795 = ADVANCED_BREP_SHAPE_REPRESENTATION('',(#11,#1796),#2586);
#1796 = MANIFOLD_SOLID_BREP('',#1797);
#1797 = CLOSED_SHELL('',(#1798,#1838,#1921,#1946,#1971,#2038,#2055,#2072
    ,#2121,#2138,#2155,#2204,#2221,#2290,#2321,#2345,#2414,#2438,#2455,
    #2472,#2489,#2506,#2523,#2540,#2557,#2574));
#1798 = ADVANCED_FACE('',(#1799),#1833,.F.);
#1799 = FACE_BOUND('',#1800,.F.);
#1800 = EDGE_LOOP('',(#1801,#1811,#1819,#1827));
#1801 = ORIENTED_EDGE('',*,*,#1802,.F.);
#1802 = EDGE_CURVE('',#1803,#1805,#1807,.T.);
#1803 = VERTEX_POINT('',#1804);
#1804 = CARTESIAN_POINT('',(-0.8,-0.4,4.5E-02));
#1805 = VERTEX_POINT('',#1806);
#1806 = CARTESIAN_POINT('',(-0.8,-0.4,0.405));
#1807 = LINE('',#1808,#1809);
#1808 = CARTESIAN_POINT('',(-0.8,-0.4,0.));
#1809 = VECTOR('',#1810,1.);
#1810 = DIRECTION('',(0.,0.,1.));
#1811 = ORIENTED_EDGE('',*,*,#1812,.T.);
#1812 = EDGE_CURVE('',#1803,#1813,#1815,.T.);
#1813 = VERTEX_POINT('',#1814);
#1814 = CARTESIAN_POINT('',(-0.8,0.4,4.5E-02));
#1815 = LINE('',#1816,#1817);
#1816 = CARTESIAN_POINT('',(-0.8,-0.4,4.5E-02));
#1817 = VECTOR('',#1818,1.);
#1818 = DIRECTION('',(0.,1.,0.));
#1819 = ORIENTED_EDGE('',*,*,#1820,.T.);
#1820 = EDGE_CURVE('',#1813,#1821,#1823,.T.);
#1821 = VERTEX_POINT('',#1822);
#1822 = CARTESIAN_POINT('',(-0.8,0.4,0.405));
#1823 = LINE('',#1824,#1825);
#1824 = CARTESIAN_POINT('',(-0.8,0.4,0.));
#1825 = VECTOR('',#1826,1.);
#1826 = DIRECTION('',(0.,0.,1.));
#1827 = ORIENTED_EDGE('',*,*,#1828,.F.);
#1828 = EDGE_CURVE('',#1805,#1821,#1829,.T.);
#1829 = LINE('',#1830,#1831);
#1830 = CARTESIAN_POINT('',(-0.8,-0.4,0.405));
#1831 = VECTOR('',#1832,1.);
#1832 = DIRECTION('',(0.,1.,0.));
#1833 = PLANE('',#1834);
#1834 = AXIS2_PLACEMENT_3D('',#1835,#1836,#1837);
#1835 = CARTESIAN_POINT('',(-0.8,-0.4,0.));
#1836 = DIRECTION('',(1.,0.,0.));
#1837 = DIRECTION('',(0.,0.,1.));
#1838 = ADVANCED_FACE('',(#1839),#1916,.F.);
#1839 = FACE_BOUND('',#1840,.F.);
#1840 = EDGE_LOOP('',(#1841,#1851,#1858,#1859,#1868,#1876,#1885,#1893,
    #1901,#1909));
#1841 = ORIENTED_EDGE('',*,*,#1842,.F.);
#1842 = EDGE_CURVE('',#1843,#1845,#1847,.T.);
#1843 = VERTEX_POINT('',#1844);
#1844 = CARTESIAN_POINT('',(-0.755,-0.4,-2.775557561563E-17));
#1845 = VERTEX_POINT('',#1846);
#1846 = CARTESIAN_POINT('',(-0.545,-0.4,-2.775557561563E-17));
#1847 = LINE('',#1848,#1849);
#1848 = CARTESIAN_POINT('',(-0.8,-0.4,0.));
#1849 = VECTOR('',#1850,1.);
#1850 = DIRECTION('',(1.,0.,0.));
#1851 = ORIENTED_EDGE('',*,*,#1852,.F.);
#1852 = EDGE_CURVE('',#1803,#1843,#1853,.T.);
#1853 = CIRCLE('',#1854,4.5E-02);
#1854 = AXIS2_PLACEMENT_3D('',#1855,#1856,#1857);
#1855 = CARTESIAN_POINT('',(-0.755,-0.4,4.5E-02));
#1856 = DIRECTION('',(0.,-1.,0.));
#1857 = DIRECTION('',(0.,0.,1.));
#1858 = ORIENTED_EDGE('',*,*,#1802,.T.);
#1859 = ORIENTED_EDGE('',*,*,#1860,.T.);
#1860 = EDGE_CURVE('',#1805,#1861,#1863,.T.);
#1861 = VERTEX_POINT('',#1862);
#1862 = CARTESIAN_POINT('',(-0.755,-0.4,0.45));
#1863 = CIRCLE('',#1864,4.5E-02);
#1864 = AXIS2_PLACEMENT_3D('',#1865,#1866,#1867);
#1865 = CARTESIAN_POINT('',(-0.755,-0.4,0.405));
#1866 = DIRECTION('',(0.,1.,0.));
#1867 = DIRECTION('',(0.,-0.,1.));
#1868 = ORIENTED_EDGE('',*,*,#1869,.T.);
#1869 = EDGE_CURVE('',#1861,#1870,#1872,.T.);
#1870 = VERTEX_POINT('',#1871);
#1871 = CARTESIAN_POINT('',(-0.545,-0.4,0.45));
#1872 = LINE('',#1873,#1874);
#1873 = CARTESIAN_POINT('',(-0.8,-0.4,0.45));
#1874 = VECTOR('',#1875,1.);
#1875 = DIRECTION('',(1.,0.,0.));
#1876 = ORIENTED_EDGE('',*,*,#1877,.F.);
#1877 = EDGE_CURVE('',#1878,#1870,#1880,.T.);
#1878 = VERTEX_POINT('',#1879);
#1879 = CARTESIAN_POINT('',(-0.5,-0.4,0.405));
#1880 = CIRCLE('',#1881,4.5E-02);
#1881 = AXIS2_PLACEMENT_3D('',#1882,#1883,#1884);
#1882 = CARTESIAN_POINT('',(-0.545,-0.4,0.405));
#1883 = DIRECTION('',(0.,-1.,0.));
#1884 = DIRECTION('',(0.,0.,1.));
#1885 = ORIENTED_EDGE('',*,*,#1886,.F.);
#1886 = EDGE_CURVE('',#1887,#1878,#1889,.T.);
#1887 = VERTEX_POINT('',#1888);
#1888 = CARTESIAN_POINT('',(-0.755,-0.4,0.405));
#1889 = LINE('',#1890,#1891);
#1890 = CARTESIAN_POINT('',(-0.755,-0.4,0.405));
#1891 = VECTOR('',#1892,1.);
#1892 = DIRECTION('',(1.,0.,0.));
#1893 = ORIENTED_EDGE('',*,*,#1894,.F.);
#1894 = EDGE_CURVE('',#1895,#1887,#1897,.T.);
#1895 = VERTEX_POINT('',#1896);
#1896 = CARTESIAN_POINT('',(-0.755,-0.4,4.5E-02));
#1897 = LINE('',#1898,#1899);
#1898 = CARTESIAN_POINT('',(-0.755,-0.4,4.5E-02));
#1899 = VECTOR('',#1900,1.);
#1900 = DIRECTION('',(0.,0.,1.));
#1901 = ORIENTED_EDGE('',*,*,#1902,.T.);
#1902 = EDGE_CURVE('',#1895,#1903,#1905,.T.);
#1903 = VERTEX_POINT('',#1904);
#1904 = CARTESIAN_POINT('',(-0.5,-0.4,4.5E-02));
#1905 = LINE('',#1906,#1907);
#1906 = CARTESIAN_POINT('',(-0.755,-0.4,4.5E-02));
#1907 = VECTOR('',#1908,1.);
#1908 = DIRECTION('',(1.,0.,0.));
#1909 = ORIENTED_EDGE('',*,*,#1910,.T.);
#1910 = EDGE_CURVE('',#1903,#1845,#1911,.T.);
#1911 = CIRCLE('',#1912,4.5E-02);
#1912 = AXIS2_PLACEMENT_3D('',#1913,#1914,#1915);
#1913 = CARTESIAN_POINT('',(-0.545,-0.4,4.5E-02));
#1914 = DIRECTION('',(0.,1.,0.));
#1915 = DIRECTION('',(0.,-0.,1.));
#1916 = PLANE('',#1917);
#1917 = AXIS2_PLACEMENT_3D('',#1918,#1919,#1920);
#1918 = CARTESIAN_POINT('',(-0.8,-0.4,0.));
#1919 = DIRECTION('',(0.,1.,0.));
#1920 = DIRECTION('',(0.,-0.,1.));
#1921 = ADVANCED_FACE('',(#1922),#1941,.T.);
#1922 = FACE_BOUND('',#1923,.T.);
#1923 = EDGE_LOOP('',(#1924,#1925,#1934,#1940));
#1924 = ORIENTED_EDGE('',*,*,#1812,.T.);
#1925 = ORIENTED_EDGE('',*,*,#1926,.T.);
#1926 = EDGE_CURVE('',#1813,#1927,#1929,.T.);
#1927 = VERTEX_POINT('',#1928);
#1928 = CARTESIAN_POINT('',(-0.755,0.4,-2.775557561563E-17));
#1929 = CIRCLE('',#1930,4.5E-02);
#1930 = AXIS2_PLACEMENT_3D('',#1931,#1932,#1933);
#1931 = CARTESIAN_POINT('',(-0.755,0.4,4.5E-02));
#1932 = DIRECTION('',(0.,-1.,0.));
#1933 = DIRECTION('',(0.,0.,1.));
#1934 = ORIENTED_EDGE('',*,*,#1935,.F.);
#1935 = EDGE_CURVE('',#1843,#1927,#1936,.T.);
#1936 = LINE('',#1937,#1938);
#1937 = CARTESIAN_POINT('',(-0.755,-0.4,-2.775557561563E-17));
#1938 = VECTOR('',#1939,1.);
#1939 = DIRECTION('',(0.,1.,0.));
#1940 = ORIENTED_EDGE('',*,*,#1852,.F.);
#1941 = CYLINDRICAL_SURFACE('',#1942,4.5E-02);
#1942 = AXIS2_PLACEMENT_3D('',#1943,#1944,#1945);
#1943 = CARTESIAN_POINT('',(-0.755,-0.4,4.5E-02));
#1944 = DIRECTION('',(0.,1.,0.));
#1945 = DIRECTION('',(-1.,0.,0.));
#1946 = ADVANCED_FACE('',(#1947),#1966,.T.);
#1947 = FACE_BOUND('',#1948,.T.);
#1948 = EDGE_LOOP('',(#1949,#1950,#1958,#1965));
#1949 = ORIENTED_EDGE('',*,*,#1860,.T.);
#1950 = ORIENTED_EDGE('',*,*,#1951,.T.);
#1951 = EDGE_CURVE('',#1861,#1952,#1954,.T.);
#1952 = VERTEX_POINT('',#1953);
#1953 = CARTESIAN_POINT('',(-0.755,0.4,0.45));
#1954 = LINE('',#1955,#1956);
#1955 = CARTESIAN_POINT('',(-0.755,-0.4,0.45));
#1956 = VECTOR('',#1957,1.);
#1957 = DIRECTION('',(0.,1.,0.));
#1958 = ORIENTED_EDGE('',*,*,#1959,.F.);
#1959 = EDGE_CURVE('',#1821,#1952,#1960,.T.);
#1960 = CIRCLE('',#1961,4.5E-02);
#1961 = AXIS2_PLACEMENT_3D('',#1962,#1963,#1964);
#1962 = CARTESIAN_POINT('',(-0.755,0.4,0.405));
#1963 = DIRECTION('',(0.,1.,0.));
#1964 = DIRECTION('',(0.,-0.,1.));
#1965 = ORIENTED_EDGE('',*,*,#1828,.F.);
#1966 = CYLINDRICAL_SURFACE('',#1967,4.5E-02);
#1967 = AXIS2_PLACEMENT_3D('',#1968,#1969,#1970);
#1968 = CARTESIAN_POINT('',(-0.755,-0.4,0.405));
#1969 = DIRECTION('',(0.,1.,0.));
#1970 = DIRECTION('',(-1.,0.,0.));
#1971 = ADVANCED_FACE('',(#1972),#2033,.T.);
#1972 = FACE_BOUND('',#1973,.T.);
#1973 = EDGE_LOOP('',(#1974,#1982,#1983,#1984,#1985,#1993,#2002,#2010,
    #2018,#2026));
#1974 = ORIENTED_EDGE('',*,*,#1975,.F.);
#1975 = EDGE_CURVE('',#1927,#1976,#1978,.T.);
#1976 = VERTEX_POINT('',#1977);
#1977 = CARTESIAN_POINT('',(-0.545,0.4,-2.775557561563E-17));
#1978 = LINE('',#1979,#1980);
#1979 = CARTESIAN_POINT('',(-0.8,0.4,0.));
#1980 = VECTOR('',#1981,1.);
#1981 = DIRECTION('',(1.,0.,0.));
#1982 = ORIENTED_EDGE('',*,*,#1926,.F.);
#1983 = ORIENTED_EDGE('',*,*,#1820,.T.);
#1984 = ORIENTED_EDGE('',*,*,#1959,.T.);
#1985 = ORIENTED_EDGE('',*,*,#1986,.T.);
#1986 = EDGE_CURVE('',#1952,#1987,#1989,.T.);
#1987 = VERTEX_POINT('',#1988);
#1988 = CARTESIAN_POINT('',(-0.545,0.4,0.45));
#1989 = LINE('',#1990,#1991);
#1990 = CARTESIAN_POINT('',(-0.8,0.4,0.45));
#1991 = VECTOR('',#1992,1.);
#1992 = DIRECTION('',(1.,0.,0.));
#1993 = ORIENTED_EDGE('',*,*,#1994,.F.);
#1994 = EDGE_CURVE('',#1995,#1987,#1997,.T.);
#1995 = VERTEX_POINT('',#1996);
#1996 = CARTESIAN_POINT('',(-0.5,0.4,0.405));
#1997 = CIRCLE('',#1998,4.5E-02);
#1998 = AXIS2_PLACEMENT_3D('',#1999,#2000,#2001);
#1999 = CARTESIAN_POINT('',(-0.545,0.4,0.405));
#2000 = DIRECTION('',(0.,-1.,0.));
#2001 = DIRECTION('',(0.,0.,1.));
#2002 = ORIENTED_EDGE('',*,*,#2003,.F.);
#2003 = EDGE_CURVE('',#2004,#1995,#2006,.T.);
#2004 = VERTEX_POINT('',#2005);
#2005 = CARTESIAN_POINT('',(-0.755,0.4,0.405));
#2006 = LINE('',#2007,#2008);
#2007 = CARTESIAN_POINT('',(-0.755,0.4,0.405));
#2008 = VECTOR('',#2009,1.);
#2009 = DIRECTION('',(1.,0.,0.));
#2010 = ORIENTED_EDGE('',*,*,#2011,.F.);
#2011 = EDGE_CURVE('',#2012,#2004,#2014,.T.);
#2012 = VERTEX_POINT('',#2013);
#2013 = CARTESIAN_POINT('',(-0.755,0.4,4.5E-02));
#2014 = LINE('',#2015,#2016);
#2015 = CARTESIAN_POINT('',(-0.755,0.4,4.5E-02));
#2016 = VECTOR('',#2017,1.);
#2017 = DIRECTION('',(0.,0.,1.));
#2018 = ORIENTED_EDGE('',*,*,#2019,.T.);
#2019 = EDGE_CURVE('',#2012,#2020,#2022,.T.);
#2020 = VERTEX_POINT('',#2021);
#2021 = CARTESIAN_POINT('',(-0.5,0.4,4.5E-02));
#2022 = LINE('',#2023,#2024);
#2023 = CARTESIAN_POINT('',(-0.755,0.4,4.5E-02));
#2024 = VECTOR('',#2025,1.);
#2025 = DIRECTION('',(1.,0.,0.));
#2026 = ORIENTED_EDGE('',*,*,#2027,.T.);
#2027 = EDGE_CURVE('',#2020,#1976,#2028,.T.);
#2028 = CIRCLE('',#2029,4.5E-02);
#2029 = AXIS2_PLACEMENT_3D('',#2030,#2031,#2032);
#2030 = CARTESIAN_POINT('',(-0.545,0.4,4.5E-02));
#2031 = DIRECTION('',(0.,1.,0.));
#2032 = DIRECTION('',(0.,-0.,1.));
#2033 = PLANE('',#2034);
#2034 = AXIS2_PLACEMENT_3D('',#2035,#2036,#2037);
#2035 = CARTESIAN_POINT('',(-0.8,0.4,0.));
#2036 = DIRECTION('',(0.,1.,0.));
#2037 = DIRECTION('',(0.,-0.,1.));
#2038 = ADVANCED_FACE('',(#2039),#2050,.F.);
#2039 = FACE_BOUND('',#2040,.F.);
#2040 = EDGE_LOOP('',(#2041,#2042,#2043,#2044));
#2041 = ORIENTED_EDGE('',*,*,#1975,.F.);
#2042 = ORIENTED_EDGE('',*,*,#1935,.F.);
#2043 = ORIENTED_EDGE('',*,*,#1842,.T.);
#2044 = ORIENTED_EDGE('',*,*,#2045,.T.);
#2045 = EDGE_CURVE('',#1845,#1976,#2046,.T.);
#2046 = LINE('',#2047,#2048);
#2047 = CARTESIAN_POINT('',(-0.545,-0.4,-2.775557561563E-17));
#2048 = VECTOR('',#2049,1.);
#2049 = DIRECTION('',(0.,1.,0.));
#2050 = PLANE('',#2051);
#2051 = AXIS2_PLACEMENT_3D('',#2052,#2053,#2054);
#2052 = CARTESIAN_POINT('',(-0.8,-0.4,0.));
#2053 = DIRECTION('',(0.,0.,1.));
#2054 = DIRECTION('',(1.,0.,-0.));
#2055 = ADVANCED_FACE('',(#2056),#2067,.T.);
#2056 = FACE_BOUND('',#2057,.T.);
#2057 = EDGE_LOOP('',(#2058,#2059,#2060,#2061));
#2058 = ORIENTED_EDGE('',*,*,#1910,.T.);
#2059 = ORIENTED_EDGE('',*,*,#2045,.T.);
#2060 = ORIENTED_EDGE('',*,*,#2027,.F.);
#2061 = ORIENTED_EDGE('',*,*,#2062,.F.);
#2062 = EDGE_CURVE('',#1903,#2020,#2063,.T.);
#2063 = LINE('',#2064,#2065);
#2064 = CARTESIAN_POINT('',(-0.5,-0.4,4.5E-02));
#2065 = VECTOR('',#2066,1.);
#2066 = DIRECTION('',(0.,1.,0.));
#2067 = CYLINDRICAL_SURFACE('',#2068,4.5E-02);
#2068 = AXIS2_PLACEMENT_3D('',#2069,#2070,#2071);
#2069 = CARTESIAN_POINT('',(-0.545,-0.4,4.5E-02));
#2070 = DIRECTION('',(0.,1.,0.));
#2071 = DIRECTION('',(1.,0.,0.));
#2072 = ADVANCED_FACE('',(#2073),#2116,.F.);
#2073 = FACE_BOUND('',#2074,.F.);
#2074 = EDGE_LOOP('',(#2075,#2076,#2077,#2078,#2086,#2094,#2102,#2110));
#2075 = ORIENTED_EDGE('',*,*,#1902,.F.);
#2076 = ORIENTED_EDGE('',*,*,#1894,.T.);
#2077 = ORIENTED_EDGE('',*,*,#1886,.T.);
#2078 = ORIENTED_EDGE('',*,*,#2079,.T.);
#2079 = EDGE_CURVE('',#1878,#2080,#2082,.T.);
#2080 = VERTEX_POINT('',#2081);
#2081 = CARTESIAN_POINT('',(0.5,-0.4,0.405));
#2082 = LINE('',#2083,#2084);
#2083 = CARTESIAN_POINT('',(-0.5,-0.4,0.405));
#2084 = VECTOR('',#2085,1.);
#2085 = DIRECTION('',(1.,0.,0.));
#2086 = ORIENTED_EDGE('',*,*,#2087,.T.);
#2087 = EDGE_CURVE('',#2080,#2088,#2090,.T.);
#2088 = VERTEX_POINT('',#2089);
#2089 = CARTESIAN_POINT('',(0.755,-0.4,0.405));
#2090 = LINE('',#2091,#2092);
#2091 = CARTESIAN_POINT('',(-0.755,-0.4,0.405));
#2092 = VECTOR('',#2093,1.);
#2093 = DIRECTION('',(1.,0.,0.));
#2094 = ORIENTED_EDGE('',*,*,#2095,.F.);
#2095 = EDGE_CURVE('',#2096,#2088,#2098,.T.);
#2096 = VERTEX_POINT('',#2097);
#2097 = CARTESIAN_POINT('',(0.755,-0.4,4.5E-02));
#2098 = LINE('',#2099,#2100);
#2099 = CARTESIAN_POINT('',(0.755,-0.4,4.5E-02));
#2100 = VECTOR('',#2101,1.);
#2101 = DIRECTION('',(0.,0.,1.));
#2102 = ORIENTED_EDGE('',*,*,#2103,.F.);
#2103 = EDGE_CURVE('',#2104,#2096,#2106,.T.);
#2104 = VERTEX_POINT('',#2105);
#2105 = CARTESIAN_POINT('',(0.5,-0.4,4.5E-02));
#2106 = LINE('',#2107,#2108);
#2107 = CARTESIAN_POINT('',(-0.755,-0.4,4.5E-02));
#2108 = VECTOR('',#2109,1.);
#2109 = DIRECTION('',(1.,0.,0.));
#2110 = ORIENTED_EDGE('',*,*,#2111,.F.);
#2111 = EDGE_CURVE('',#1903,#2104,#2112,.T.);
#2112 = LINE('',#2113,#2114);
#2113 = CARTESIAN_POINT('',(-0.755,-0.4,4.5E-02));
#2114 = VECTOR('',#2115,1.);
#2115 = DIRECTION('',(1.,0.,0.));
#2116 = PLANE('',#2117);
#2117 = AXIS2_PLACEMENT_3D('',#2118,#2119,#2120);
#2118 = CARTESIAN_POINT('',(-0.755,-0.4,4.5E-02));
#2119 = DIRECTION('',(0.,1.,0.));
#2120 = DIRECTION('',(0.,-0.,1.));
#2121 = ADVANCED_FACE('',(#2122),#2133,.T.);
#2122 = FACE_BOUND('',#2123,.T.);
#2123 = EDGE_LOOP('',(#2124,#2125,#2126,#2127));
#2124 = ORIENTED_EDGE('',*,*,#1986,.F.);
#2125 = ORIENTED_EDGE('',*,*,#1951,.F.);
#2126 = ORIENTED_EDGE('',*,*,#1869,.T.);
#2127 = ORIENTED_EDGE('',*,*,#2128,.T.);
#2128 = EDGE_CURVE('',#1870,#1987,#2129,.T.);
#2129 = LINE('',#2130,#2131);
#2130 = CARTESIAN_POINT('',(-0.545,-0.4,0.45));
#2131 = VECTOR('',#2132,1.);
#2132 = DIRECTION('',(0.,1.,0.));
#2133 = PLANE('',#2134);
#2134 = AXIS2_PLACEMENT_3D('',#2135,#2136,#2137);
#2135 = CARTESIAN_POINT('',(-0.8,-0.4,0.45));
#2136 = DIRECTION('',(0.,0.,1.));
#2137 = DIRECTION('',(1.,0.,-0.));
#2138 = ADVANCED_FACE('',(#2139),#2150,.T.);
#2139 = FACE_BOUND('',#2140,.T.);
#2140 = EDGE_LOOP('',(#2141,#2147,#2148,#2149));
#2141 = ORIENTED_EDGE('',*,*,#2142,.T.);
#2142 = EDGE_CURVE('',#1878,#1995,#2143,.T.);
#2143 = LINE('',#2144,#2145);
#2144 = CARTESIAN_POINT('',(-0.5,-0.4,0.405));
#2145 = VECTOR('',#2146,1.);
#2146 = DIRECTION('',(0.,1.,0.));
#2147 = ORIENTED_EDGE('',*,*,#1994,.T.);
#2148 = ORIENTED_EDGE('',*,*,#2128,.F.);
#2149 = ORIENTED_EDGE('',*,*,#1877,.F.);
#2150 = CYLINDRICAL_SURFACE('',#2151,4.5E-02);
#2151 = AXIS2_PLACEMENT_3D('',#2152,#2153,#2154);
#2152 = CARTESIAN_POINT('',(-0.545,-0.4,0.405));
#2153 = DIRECTION('',(0.,1.,0.));
#2154 = DIRECTION('',(1.,0.,0.));
#2155 = ADVANCED_FACE('',(#2156),#2199,.T.);
#2156 = FACE_BOUND('',#2157,.T.);
#2157 = EDGE_LOOP('',(#2158,#2159,#2160,#2161,#2169,#2177,#2185,#2193));
#2158 = ORIENTED_EDGE('',*,*,#2019,.F.);
#2159 = ORIENTED_EDGE('',*,*,#2011,.T.);
#2160 = ORIENTED_EDGE('',*,*,#2003,.T.);
#2161 = ORIENTED_EDGE('',*,*,#2162,.T.);
#2162 = EDGE_CURVE('',#1995,#2163,#2165,.T.);
#2163 = VERTEX_POINT('',#2164);
#2164 = CARTESIAN_POINT('',(0.5,0.4,0.405));
#2165 = LINE('',#2166,#2167);
#2166 = CARTESIAN_POINT('',(-0.5,0.4,0.405));
#2167 = VECTOR('',#2168,1.);
#2168 = DIRECTION('',(1.,0.,0.));
#2169 = ORIENTED_EDGE('',*,*,#2170,.T.);
#2170 = EDGE_CURVE('',#2163,#2171,#2173,.T.);
#2171 = VERTEX_POINT('',#2172);
#2172 = CARTESIAN_POINT('',(0.755,0.4,0.405));
#2173 = LINE('',#2174,#2175);
#2174 = CARTESIAN_POINT('',(-0.755,0.4,0.405));
#2175 = VECTOR('',#2176,1.);
#2176 = DIRECTION('',(1.,0.,0.));
#2177 = ORIENTED_EDGE('',*,*,#2178,.F.);
#2178 = EDGE_CURVE('',#2179,#2171,#2181,.T.);
#2179 = VERTEX_POINT('',#2180);
#2180 = CARTESIAN_POINT('',(0.755,0.4,4.5E-02));
#2181 = LINE('',#2182,#2183);
#2182 = CARTESIAN_POINT('',(0.755,0.4,4.5E-02));
#2183 = VECTOR('',#2184,1.);
#2184 = DIRECTION('',(0.,0.,1.));
#2185 = ORIENTED_EDGE('',*,*,#2186,.F.);
#2186 = EDGE_CURVE('',#2187,#2179,#2189,.T.);
#2187 = VERTEX_POINT('',#2188);
#2188 = CARTESIAN_POINT('',(0.5,0.4,4.5E-02));
#2189 = LINE('',#2190,#2191);
#2190 = CARTESIAN_POINT('',(-0.755,0.4,4.5E-02));
#2191 = VECTOR('',#2192,1.);
#2192 = DIRECTION('',(1.,0.,0.));
#2193 = ORIENTED_EDGE('',*,*,#2194,.F.);
#2194 = EDGE_CURVE('',#2020,#2187,#2195,.T.);
#2195 = LINE('',#2196,#2197);
#2196 = CARTESIAN_POINT('',(-0.755,0.4,4.5E-02));
#2197 = VECTOR('',#2198,1.);
#2198 = DIRECTION('',(1.,0.,0.));
#2199 = PLANE('',#2200);
#2200 = AXIS2_PLACEMENT_3D('',#2201,#2202,#2203);
#2201 = CARTESIAN_POINT('',(-0.755,0.4,4.5E-02));
#2202 = DIRECTION('',(0.,1.,0.));
#2203 = DIRECTION('',(0.,-0.,1.));
#2204 = ADVANCED_FACE('',(#2205),#2216,.F.);
#2205 = FACE_BOUND('',#2206,.F.);
#2206 = EDGE_LOOP('',(#2207,#2208,#2209,#2215));
#2207 = ORIENTED_EDGE('',*,*,#2062,.F.);
#2208 = ORIENTED_EDGE('',*,*,#2111,.T.);
#2209 = ORIENTED_EDGE('',*,*,#2210,.T.);
#2210 = EDGE_CURVE('',#2104,#2187,#2211,.T.);
#2211 = LINE('',#2212,#2213);
#2212 = CARTESIAN_POINT('',(0.5,-0.4,4.5E-02));
#2213 = VECTOR('',#2214,1.);
#2214 = DIRECTION('',(0.,1.,0.));
#2215 = ORIENTED_EDGE('',*,*,#2194,.F.);
#2216 = PLANE('',#2217);
#2217 = AXIS2_PLACEMENT_3D('',#2218,#2219,#2220);
#2218 = CARTESIAN_POINT('',(-0.755,-0.4,4.5E-02));
#2219 = DIRECTION('',(0.,0.,1.));
#2220 = DIRECTION('',(1.,0.,-0.));
#2221 = ADVANCED_FACE('',(#2222),#2285,.F.);
#2222 = FACE_BOUND('',#2223,.F.);
#2223 = EDGE_LOOP('',(#2224,#2234,#2241,#2242,#2243,#2244,#2253,#2261,
    #2270,#2278));
#2224 = ORIENTED_EDGE('',*,*,#2225,.F.);
#2225 = EDGE_CURVE('',#2226,#2228,#2230,.T.);
#2226 = VERTEX_POINT('',#2227);
#2227 = CARTESIAN_POINT('',(0.545,-0.4,-2.775557561563E-17));
#2228 = VERTEX_POINT('',#2229);
#2229 = CARTESIAN_POINT('',(0.755,-0.4,-2.775557561563E-17));
#2230 = LINE('',#2231,#2232);
#2231 = CARTESIAN_POINT('',(0.5,-0.4,0.));
#2232 = VECTOR('',#2233,1.);
#2233 = DIRECTION('',(1.,0.,0.));
#2234 = ORIENTED_EDGE('',*,*,#2235,.F.);
#2235 = EDGE_CURVE('',#2104,#2226,#2236,.T.);
#2236 = CIRCLE('',#2237,4.5E-02);
#2237 = AXIS2_PLACEMENT_3D('',#2238,#2239,#2240);
#2238 = CARTESIAN_POINT('',(0.545,-0.4,4.5E-02));
#2239 = DIRECTION('',(0.,-1.,0.));
#2240 = DIRECTION('',(0.,0.,1.));
#2241 = ORIENTED_EDGE('',*,*,#2103,.T.);
#2242 = ORIENTED_EDGE('',*,*,#2095,.T.);
#2243 = ORIENTED_EDGE('',*,*,#2087,.F.);
#2244 = ORIENTED_EDGE('',*,*,#2245,.T.);
#2245 = EDGE_CURVE('',#2080,#2246,#2248,.T.);
#2246 = VERTEX_POINT('',#2247);
#2247 = CARTESIAN_POINT('',(0.545,-0.4,0.45));
#2248 = CIRCLE('',#2249,4.5E-02);
#2249 = AXIS2_PLACEMENT_3D('',#2250,#2251,#2252);
#2250 = CARTESIAN_POINT('',(0.545,-0.4,0.405));
#2251 = DIRECTION('',(0.,1.,0.));
#2252 = DIRECTION('',(0.,-0.,1.));
#2253 = ORIENTED_EDGE('',*,*,#2254,.T.);
#2254 = EDGE_CURVE('',#2246,#2255,#2257,.T.);
#2255 = VERTEX_POINT('',#2256);
#2256 = CARTESIAN_POINT('',(0.755,-0.4,0.45));
#2257 = LINE('',#2258,#2259);
#2258 = CARTESIAN_POINT('',(0.5,-0.4,0.45));
#2259 = VECTOR('',#2260,1.);
#2260 = DIRECTION('',(1.,0.,0.));
#2261 = ORIENTED_EDGE('',*,*,#2262,.F.);
#2262 = EDGE_CURVE('',#2263,#2255,#2265,.T.);
#2263 = VERTEX_POINT('',#2264);
#2264 = CARTESIAN_POINT('',(0.8,-0.4,0.405));
#2265 = CIRCLE('',#2266,4.5E-02);
#2266 = AXIS2_PLACEMENT_3D('',#2267,#2268,#2269);
#2267 = CARTESIAN_POINT('',(0.755,-0.4,0.405));
#2268 = DIRECTION('',(0.,-1.,0.));
#2269 = DIRECTION('',(0.,0.,1.));
#2270 = ORIENTED_EDGE('',*,*,#2271,.F.);
#2271 = EDGE_CURVE('',#2272,#2263,#2274,.T.);
#2272 = VERTEX_POINT('',#2273);
#2273 = CARTESIAN_POINT('',(0.8,-0.4,4.5E-02));
#2274 = LINE('',#2275,#2276);
#2275 = CARTESIAN_POINT('',(0.8,-0.4,0.));
#2276 = VECTOR('',#2277,1.);
#2277 = DIRECTION('',(0.,0.,1.));
#2278 = ORIENTED_EDGE('',*,*,#2279,.T.);
#2279 = EDGE_CURVE('',#2272,#2228,#2280,.T.);
#2280 = CIRCLE('',#2281,4.5E-02);
#2281 = AXIS2_PLACEMENT_3D('',#2282,#2283,#2284);
#2282 = CARTESIAN_POINT('',(0.755,-0.4,4.5E-02));
#2283 = DIRECTION('',(0.,1.,0.));
#2284 = DIRECTION('',(0.,-0.,1.));
#2285 = PLANE('',#2286);
#2286 = AXIS2_PLACEMENT_3D('',#2287,#2288,#2289);
#2287 = CARTESIAN_POINT('',(0.5,-0.4,0.));
#2288 = DIRECTION('',(0.,1.,0.));
#2289 = DIRECTION('',(0.,-0.,1.));
#2290 = ADVANCED_FACE('',(#2291),#2316,.F.);
#2291 = FACE_BOUND('',#2292,.F.);
#2292 = EDGE_LOOP('',(#2293,#2294,#2302,#2310));
#2293 = ORIENTED_EDGE('',*,*,#2079,.F.);
#2294 = ORIENTED_EDGE('',*,*,#2295,.T.);
#2295 = EDGE_CURVE('',#1878,#2296,#2298,.T.);
#2296 = VERTEX_POINT('',#2297);
#2297 = CARTESIAN_POINT('',(-0.5,-0.4,0.45));
#2298 = LINE('',#2299,#2300);
#2299 = CARTESIAN_POINT('',(-0.5,-0.4,0.405));
#2300 = VECTOR('',#2301,1.);
#2301 = DIRECTION('',(0.,0.,1.));
#2302 = ORIENTED_EDGE('',*,*,#2303,.T.);
#2303 = EDGE_CURVE('',#2296,#2304,#2306,.T.);
#2304 = VERTEX_POINT('',#2305);
#2305 = CARTESIAN_POINT('',(0.5,-0.4,0.45));
#2306 = LINE('',#2307,#2308);
#2307 = CARTESIAN_POINT('',(-0.5,-0.4,0.45));
#2308 = VECTOR('',#2309,1.);
#2309 = DIRECTION('',(1.,0.,0.));
#2310 = ORIENTED_EDGE('',*,*,#2311,.F.);
#2311 = EDGE_CURVE('',#2080,#2304,#2312,.T.);
#2312 = LINE('',#2313,#2314);
#2313 = CARTESIAN_POINT('',(0.5,-0.4,0.405));
#2314 = VECTOR('',#2315,1.);
#2315 = DIRECTION('',(0.,0.,1.));
#2316 = PLANE('',#2317);
#2317 = AXIS2_PLACEMENT_3D('',#2318,#2319,#2320);
#2318 = CARTESIAN_POINT('',(-0.5,-0.4,0.405));
#2319 = DIRECTION('',(0.,1.,0.));
#2320 = DIRECTION('',(0.,-0.,1.));
#2321 = ADVANCED_FACE('',(#2322),#2340,.F.);
#2322 = FACE_BOUND('',#2323,.F.);
#2323 = EDGE_LOOP('',(#2324,#2325,#2326,#2334));
#2324 = ORIENTED_EDGE('',*,*,#2295,.F.);
#2325 = ORIENTED_EDGE('',*,*,#2142,.T.);
#2326 = ORIENTED_EDGE('',*,*,#2327,.T.);
#2327 = EDGE_CURVE('',#1995,#2328,#2330,.T.);
#2328 = VERTEX_POINT('',#2329);
#2329 = CARTESIAN_POINT('',(-0.5,0.4,0.45));
#2330 = LINE('',#2331,#2332);
#2331 = CARTESIAN_POINT('',(-0.5,0.4,0.405));
#2332 = VECTOR('',#2333,1.);
#2333 = DIRECTION('',(0.,0.,1.));
#2334 = ORIENTED_EDGE('',*,*,#2335,.F.);
#2335 = EDGE_CURVE('',#2296,#2328,#2336,.T.);
#2336 = LINE('',#2337,#2338);
#2337 = CARTESIAN_POINT('',(-0.5,-0.4,0.45));
#2338 = VECTOR('',#2339,1.);
#2339 = DIRECTION('',(0.,1.,0.));
#2340 = PLANE('',#2341);
#2341 = AXIS2_PLACEMENT_3D('',#2342,#2343,#2344);
#2342 = CARTESIAN_POINT('',(-0.5,-0.4,0.405));
#2343 = DIRECTION('',(1.,0.,0.));
#2344 = DIRECTION('',(0.,0.,1.));
#2345 = ADVANCED_FACE('',(#2346),#2409,.T.);
#2346 = FACE_BOUND('',#2347,.T.);
#2347 = EDGE_LOOP('',(#2348,#2358,#2365,#2366,#2367,#2368,#2377,#2385,
    #2394,#2402));
#2348 = ORIENTED_EDGE('',*,*,#2349,.F.);
#2349 = EDGE_CURVE('',#2350,#2352,#2354,.T.);
#2350 = VERTEX_POINT('',#2351);
#2351 = CARTESIAN_POINT('',(0.545,0.4,-2.775557561563E-17));
#2352 = VERTEX_POINT('',#2353);
#2353 = CARTESIAN_POINT('',(0.755,0.4,-2.775557561563E-17));
#2354 = LINE('',#2355,#2356);
#2355 = CARTESIAN_POINT('',(0.5,0.4,0.));
#2356 = VECTOR('',#2357,1.);
#2357 = DIRECTION('',(1.,0.,0.));
#2358 = ORIENTED_EDGE('',*,*,#2359,.F.);
#2359 = EDGE_CURVE('',#2187,#2350,#2360,.T.);
#2360 = CIRCLE('',#2361,4.5E-02);
#2361 = AXIS2_PLACEMENT_3D('',#2362,#2363,#2364);
#2362 = CARTESIAN_POINT('',(0.545,0.4,4.5E-02));
#2363 = DIRECTION('',(0.,-1.,0.));
#2364 = DIRECTION('',(0.,0.,1.));
#2365 = ORIENTED_EDGE('',*,*,#2186,.T.);
#2366 = ORIENTED_EDGE('',*,*,#2178,.T.);
#2367 = ORIENTED_EDGE('',*,*,#2170,.F.);
#2368 = ORIENTED_EDGE('',*,*,#2369,.T.);
#2369 = EDGE_CURVE('',#2163,#2370,#2372,.T.);
#2370 = VERTEX_POINT('',#2371);
#2371 = CARTESIAN_POINT('',(0.545,0.4,0.45));
#2372 = CIRCLE('',#2373,4.5E-02);
#2373 = AXIS2_PLACEMENT_3D('',#2374,#2375,#2376);
#2374 = CARTESIAN_POINT('',(0.545,0.4,0.405));
#2375 = DIRECTION('',(0.,1.,0.));
#2376 = DIRECTION('',(0.,-0.,1.));
#2377 = ORIENTED_EDGE('',*,*,#2378,.T.);
#2378 = EDGE_CURVE('',#2370,#2379,#2381,.T.);
#2379 = VERTEX_POINT('',#2380);
#2380 = CARTESIAN_POINT('',(0.755,0.4,0.45));
#2381 = LINE('',#2382,#2383);
#2382 = CARTESIAN_POINT('',(0.5,0.4,0.45));
#2383 = VECTOR('',#2384,1.);
#2384 = DIRECTION('',(1.,0.,0.));
#2385 = ORIENTED_EDGE('',*,*,#2386,.F.);
#2386 = EDGE_CURVE('',#2387,#2379,#2389,.T.);
#2387 = VERTEX_POINT('',#2388);
#2388 = CARTESIAN_POINT('',(0.8,0.4,0.405));
#2389 = CIRCLE('',#2390,4.5E-02);
#2390 = AXIS2_PLACEMENT_3D('',#2391,#2392,#2393);
#2391 = CARTESIAN_POINT('',(0.755,0.4,0.405));
#2392 = DIRECTION('',(0.,-1.,0.));
#2393 = DIRECTION('',(0.,0.,1.));
#2394 = ORIENTED_EDGE('',*,*,#2395,.F.);
#2395 = EDGE_CURVE('',#2396,#2387,#2398,.T.);
#2396 = VERTEX_POINT('',#2397);
#2397 = CARTESIAN_POINT('',(0.8,0.4,4.5E-02));
#2398 = LINE('',#2399,#2400);
#2399 = CARTESIAN_POINT('',(0.8,0.4,0.));
#2400 = VECTOR('',#2401,1.);
#2401 = DIRECTION('',(0.,0.,1.));
#2402 = ORIENTED_EDGE('',*,*,#2403,.T.);
#2403 = EDGE_CURVE('',#2396,#2352,#2404,.T.);
#2404 = CIRCLE('',#2405,4.5E-02);
#2405 = AXIS2_PLACEMENT_3D('',#2406,#2407,#2408);
#2406 = CARTESIAN_POINT('',(0.755,0.4,4.5E-02));
#2407 = DIRECTION('',(0.,1.,0.));
#2408 = DIRECTION('',(0.,-0.,1.));
#2409 = PLANE('',#2410);
#2410 = AXIS2_PLACEMENT_3D('',#2411,#2412,#2413);
#2411 = CARTESIAN_POINT('',(0.5,0.4,0.));
#2412 = DIRECTION('',(0.,1.,0.));
#2413 = DIRECTION('',(0.,-0.,1.));
#2414 = ADVANCED_FACE('',(#2415),#2433,.T.);
#2415 = FACE_BOUND('',#2416,.T.);
#2416 = EDGE_LOOP('',(#2417,#2418,#2419,#2427));
#2417 = ORIENTED_EDGE('',*,*,#2162,.F.);
#2418 = ORIENTED_EDGE('',*,*,#2327,.T.);
#2419 = ORIENTED_EDGE('',*,*,#2420,.T.);
#2420 = EDGE_CURVE('',#2328,#2421,#2423,.T.);
#2421 = VERTEX_POINT('',#2422);
#2422 = CARTESIAN_POINT('',(0.5,0.4,0.45));
#2423 = LINE('',#2424,#2425);
#2424 = CARTESIAN_POINT('',(-0.5,0.4,0.45));
#2425 = VECTOR('',#2426,1.);
#2426 = DIRECTION('',(1.,0.,0.));
#2427 = ORIENTED_EDGE('',*,*,#2428,.F.);
#2428 = EDGE_CURVE('',#2163,#2421,#2429,.T.);
#2429 = LINE('',#2430,#2431);
#2430 = CARTESIAN_POINT('',(0.5,0.4,0.405));
#2431 = VECTOR('',#2432,1.);
#2432 = DIRECTION('',(0.,0.,1.));
#2433 = PLANE('',#2434);
#2434 = AXIS2_PLACEMENT_3D('',#2435,#2436,#2437);
#2435 = CARTESIAN_POINT('',(-0.5,0.4,0.405));
#2436 = DIRECTION('',(0.,1.,0.));
#2437 = DIRECTION('',(0.,-0.,1.));
#2438 = ADVANCED_FACE('',(#2439),#2450,.T.);
#2439 = FACE_BOUND('',#2440,.T.);
#2440 = EDGE_LOOP('',(#2441,#2442,#2443,#2449));
#2441 = ORIENTED_EDGE('',*,*,#2210,.T.);
#2442 = ORIENTED_EDGE('',*,*,#2359,.T.);
#2443 = ORIENTED_EDGE('',*,*,#2444,.F.);
#2444 = EDGE_CURVE('',#2226,#2350,#2445,.T.);
#2445 = LINE('',#2446,#2447);
#2446 = CARTESIAN_POINT('',(0.545,-0.4,-2.775557561563E-17));
#2447 = VECTOR('',#2448,1.);
#2448 = DIRECTION('',(0.,1.,0.));
#2449 = ORIENTED_EDGE('',*,*,#2235,.F.);
#2450 = CYLINDRICAL_SURFACE('',#2451,4.5E-02);
#2451 = AXIS2_PLACEMENT_3D('',#2452,#2453,#2454);
#2452 = CARTESIAN_POINT('',(0.545,-0.4,4.5E-02));
#2453 = DIRECTION('',(0.,1.,0.));
#2454 = DIRECTION('',(-1.,0.,0.));
#2455 = ADVANCED_FACE('',(#2456),#2467,.F.);
#2456 = FACE_BOUND('',#2457,.F.);
#2457 = EDGE_LOOP('',(#2458,#2459,#2460,#2461));
#2458 = ORIENTED_EDGE('',*,*,#2349,.F.);
#2459 = ORIENTED_EDGE('',*,*,#2444,.F.);
#2460 = ORIENTED_EDGE('',*,*,#2225,.T.);
#2461 = ORIENTED_EDGE('',*,*,#2462,.T.);
#2462 = EDGE_CURVE('',#2228,#2352,#2463,.T.);
#2463 = LINE('',#2464,#2465);
#2464 = CARTESIAN_POINT('',(0.755,-0.4,-2.775557561563E-17));
#2465 = VECTOR('',#2466,1.);
#2466 = DIRECTION('',(0.,1.,0.));
#2467 = PLANE('',#2468);
#2468 = AXIS2_PLACEMENT_3D('',#2469,#2470,#2471);
#2469 = CARTESIAN_POINT('',(0.5,-0.4,0.));
#2470 = DIRECTION('',(0.,0.,1.));
#2471 = DIRECTION('',(1.,0.,-0.));
#2472 = ADVANCED_FACE('',(#2473),#2484,.T.);
#2473 = FACE_BOUND('',#2474,.T.);
#2474 = EDGE_LOOP('',(#2475,#2476,#2477,#2478));
#2475 = ORIENTED_EDGE('',*,*,#2279,.T.);
#2476 = ORIENTED_EDGE('',*,*,#2462,.T.);
#2477 = ORIENTED_EDGE('',*,*,#2403,.F.);
#2478 = ORIENTED_EDGE('',*,*,#2479,.F.);
#2479 = EDGE_CURVE('',#2272,#2396,#2480,.T.);
#2480 = LINE('',#2481,#2482);
#2481 = CARTESIAN_POINT('',(0.8,-0.4,4.5E-02));
#2482 = VECTOR('',#2483,1.);
#2483 = DIRECTION('',(0.,1.,0.));
#2484 = CYLINDRICAL_SURFACE('',#2485,4.5E-02);
#2485 = AXIS2_PLACEMENT_3D('',#2486,#2487,#2488);
#2486 = CARTESIAN_POINT('',(0.755,-0.4,4.5E-02));
#2487 = DIRECTION('',(0.,1.,0.));
#2488 = DIRECTION('',(1.,0.,0.));
#2489 = ADVANCED_FACE('',(#2490),#2501,.T.);
#2490 = FACE_BOUND('',#2491,.T.);
#2491 = EDGE_LOOP('',(#2492,#2493,#2494,#2495));
#2492 = ORIENTED_EDGE('',*,*,#2271,.F.);
#2493 = ORIENTED_EDGE('',*,*,#2479,.T.);
#2494 = ORIENTED_EDGE('',*,*,#2395,.T.);
#2495 = ORIENTED_EDGE('',*,*,#2496,.F.);
#2496 = EDGE_CURVE('',#2263,#2387,#2497,.T.);
#2497 = LINE('',#2498,#2499);
#2498 = CARTESIAN_POINT('',(0.8,-0.4,0.405));
#2499 = VECTOR('',#2500,1.);
#2500 = DIRECTION('',(0.,1.,0.));
#2501 = PLANE('',#2502);
#2502 = AXIS2_PLACEMENT_3D('',#2503,#2504,#2505);
#2503 = CARTESIAN_POINT('',(0.8,-0.4,0.));
#2504 = DIRECTION('',(1.,0.,0.));
#2505 = DIRECTION('',(0.,0.,1.));
#2506 = ADVANCED_FACE('',(#2507),#2518,.T.);
#2507 = FACE_BOUND('',#2508,.T.);
#2508 = EDGE_LOOP('',(#2509,#2510,#2511,#2517));
#2509 = ORIENTED_EDGE('',*,*,#2496,.T.);
#2510 = ORIENTED_EDGE('',*,*,#2386,.T.);
#2511 = ORIENTED_EDGE('',*,*,#2512,.F.);
#2512 = EDGE_CURVE('',#2255,#2379,#2513,.T.);
#2513 = LINE('',#2514,#2515);
#2514 = CARTESIAN_POINT('',(0.755,-0.4,0.45));
#2515 = VECTOR('',#2516,1.);
#2516 = DIRECTION('',(0.,1.,0.));
#2517 = ORIENTED_EDGE('',*,*,#2262,.F.);
#2518 = CYLINDRICAL_SURFACE('',#2519,4.5E-02);
#2519 = AXIS2_PLACEMENT_3D('',#2520,#2521,#2522);
#2520 = CARTESIAN_POINT('',(0.755,-0.4,0.405));
#2521 = DIRECTION('',(0.,1.,0.));
#2522 = DIRECTION('',(1.,0.,0.));
#2523 = ADVANCED_FACE('',(#2524),#2535,.T.);
#2524 = FACE_BOUND('',#2525,.T.);
#2525 = EDGE_LOOP('',(#2526,#2527,#2533,#2534));
#2526 = ORIENTED_EDGE('',*,*,#2378,.F.);
#2527 = ORIENTED_EDGE('',*,*,#2528,.F.);
#2528 = EDGE_CURVE('',#2246,#2370,#2529,.T.);
#2529 = LINE('',#2530,#2531);
#2530 = CARTESIAN_POINT('',(0.545,-0.4,0.45));
#2531 = VECTOR('',#2532,1.);
#2532 = DIRECTION('',(0.,1.,0.));
#2533 = ORIENTED_EDGE('',*,*,#2254,.T.);
#2534 = ORIENTED_EDGE('',*,*,#2512,.T.);
#2535 = PLANE('',#2536);
#2536 = AXIS2_PLACEMENT_3D('',#2537,#2538,#2539);
#2537 = CARTESIAN_POINT('',(0.5,-0.4,0.45));
#2538 = DIRECTION('',(0.,0.,1.));
#2539 = DIRECTION('',(1.,0.,-0.));
#2540 = ADVANCED_FACE('',(#2541),#2552,.T.);
#2541 = FACE_BOUND('',#2542,.T.);
#2542 = EDGE_LOOP('',(#2543,#2544,#2545,#2546));
#2543 = ORIENTED_EDGE('',*,*,#2245,.T.);
#2544 = ORIENTED_EDGE('',*,*,#2528,.T.);
#2545 = ORIENTED_EDGE('',*,*,#2369,.F.);
#2546 = ORIENTED_EDGE('',*,*,#2547,.F.);
#2547 = EDGE_CURVE('',#2080,#2163,#2548,.T.);
#2548 = LINE('',#2549,#2550);
#2549 = CARTESIAN_POINT('',(0.5,-0.4,0.405));
#2550 = VECTOR('',#2551,1.);
#2551 = DIRECTION('',(0.,1.,0.));
#2552 = CYLINDRICAL_SURFACE('',#2553,4.5E-02);
#2553 = AXIS2_PLACEMENT_3D('',#2554,#2555,#2556);
#2554 = CARTESIAN_POINT('',(0.545,-0.4,0.405));
#2555 = DIRECTION('',(0.,1.,0.));
#2556 = DIRECTION('',(-1.,0.,0.));
#2557 = ADVANCED_FACE('',(#2558),#2569,.T.);
#2558 = FACE_BOUND('',#2559,.T.);
#2559 = EDGE_LOOP('',(#2560,#2561,#2562,#2563));
#2560 = ORIENTED_EDGE('',*,*,#2311,.F.);
#2561 = ORIENTED_EDGE('',*,*,#2547,.T.);
#2562 = ORIENTED_EDGE('',*,*,#2428,.T.);
#2563 = ORIENTED_EDGE('',*,*,#2564,.F.);
#2564 = EDGE_CURVE('',#2304,#2421,#2565,.T.);
#2565 = LINE('',#2566,#2567);
#2566 = CARTESIAN_POINT('',(0.5,-0.4,0.45));
#2567 = VECTOR('',#2568,1.);
#2568 = DIRECTION('',(0.,1.,0.));
#2569 = PLANE('',#2570);
#2570 = AXIS2_PLACEMENT_3D('',#2571,#2572,#2573);
#2571 = CARTESIAN_POINT('',(0.5,-0.4,0.405));
#2572 = DIRECTION('',(1.,0.,0.));
#2573 = DIRECTION('',(0.,0.,1.));
#2574 = ADVANCED_FACE('',(#2575),#2581,.T.);
#2575 = FACE_BOUND('',#2576,.T.);
#2576 = EDGE_LOOP('',(#2577,#2578,#2579,#2580));
#2577 = ORIENTED_EDGE('',*,*,#2335,.F.);
#2578 = ORIENTED_EDGE('',*,*,#2303,.T.);
#2579 = ORIENTED_EDGE('',*,*,#2564,.T.);
#2580 = ORIENTED_EDGE('',*,*,#2420,.F.);
#2581 = PLANE('',#2582);
#2582 = AXIS2_PLACEMENT_3D('',#2583,#2584,#2585);
#2583 = CARTESIAN_POINT('',(-0.5,-0.4,0.45));
#2584 = DIRECTION('',(0.,0.,1.));
#2585 = DIRECTION('',(1.,0.,-0.));
#2586 = ( GEOMETRIC_REPRESENTATION_CONTEXT(3) 
GLOBAL_UNCERTAINTY_ASSIGNED_CONTEXT((#2590)) 
GLOBAL_UNIT_ASSIGNED_CONTEXT((#2587,#2588,#2589)) REPRESENTATION_CONTEXT
('Context #1','3D Context with UNIT and UNCERTAINTY') );
#2587 = ( LENGTH_UNIT() NAMED_UNIT(*) SI_UNIT(.MILLI.,.METRE.) );
#2588 = ( NAMED_UNIT(*) PLANE_ANGLE_UNIT() SI_UNIT($,.RADIAN.) );
#2589 = ( NAMED_UNIT(*) SI_UNIT($,.STERADIAN.) SOLID_ANGLE_UNIT() );
#2590 = UNCERTAINTY_MEASURE_WITH_UNIT(LENGTH_MEASURE(1.E-07),#2587,
  'distance_accuracy_value','confusion accuracy');
#2591 = CONTEXT_DEPENDENT_SHAPE_REPRESENTATION(#2592,#2594);
#2592 = ( REPRESENTATION_RELATIONSHIP('','',#1795,#1772) 
REPRESENTATION_RELATIONSHIP_WITH_TRANSFORMATION(#2593) 
SHAPE_REPRESENTATION_RELATIONSHIP() );
#2593 = ITEM_DEFINED_TRANSFORMATION('','',#11,#1773);
#2594 = PRODUCT_DEFINITION_SHAPE('Placement','Placement of an item',
  #2595);
#2595 = NEXT_ASSEMBLY_USAGE_OCCURRENCE('3','=>[0:1:1:5]','',#1767,#1790,
  $);
#2596 = PRODUCT_RELATED_PRODUCT_CATEGORY('part',$,(#1792));
#2597 = CONTEXT_DEPENDENT_SHAPE_REPRESENTATION(#2598,#2600);
#2598 = ( REPRESENTATION_RELATIONSHIP('','',#876,#10) 
REPRESENTATION_RELATIONSHIP_WITH_TRANSFORMATION(#2599) 
SHAPE_REPRESENTATION_RELATIONSHIP() );
#2599 = ITEM_DEFINED_TRANSFORMATION('','',#11,#23);
#2600 = PRODUCT_DEFINITION_SHAPE('Placement','Placement of an item',
  #2601);
#2601 = NEXT_ASSEMBLY_USAGE_OCCURRENCE('5','C87','',#5,#871,$);
#2602 = CONTEXT_DEPENDENT_SHAPE_REPRESENTATION(#2603,#2605);
#2603 = ( REPRESENTATION_RELATIONSHIP('','',#1772,#10) 
REPRESENTATION_RELATIONSHIP_WITH_TRANSFORMATION(#2604) 
SHAPE_REPRESENTATION_RELATIONSHIP() );
#2604 = ITEM_DEFINED_TRANSFORMATION('','',#11,#27);
#2605 = PRODUCT_DEFINITION_SHAPE('Placement','Placement of an item',
  #2606);
#2606 = NEXT_ASSEMBLY_USAGE_OCCURRENCE('6','R2','',#5,#1767,$);
#2607 = CONTEXT_DEPENDENT_SHAPE_REPRESENTATION(#2608,#2610);
#2608 = ( REPRESENTATION_RELATIONSHIP('','',#876,#10) 
REPRESENTATION_RELATIONSHIP_WITH_TRANSFORMATION(#2609) 
SHAPE_REPRESENTATION_RELATIONSHIP() );
#2609 = ITEM_DEFINED_TRANSFORMATION('','',#11,#31);
#2610 = PRODUCT_DEFINITION_SHAPE('Placement','Placement of an item',
  #2611);
#2611 = NEXT_ASSEMBLY_USAGE_OCCURRENCE('7','C26','',#5,#871,$);
#2612 = CONTEXT_DEPENDENT_SHAPE_REPRESENTATION(#2613,#2615);
#2613 = ( REPRESENTATION_RELATIONSHIP('','',#1772,#10) 
REPRESENTATION_RELATIONSHIP_WITH_TRANSFORMATION(#2614) 
SHAPE_REPRESENTATION_RELATIONSHIP() );
#2614 = ITEM_DEFINED_TRANSFORMATION('','',#11,#35);
#2615 = PRODUCT_DEFINITION_SHAPE('Placement','Placement of an item',
  #2616);
#2616 = NEXT_ASSEMBLY_USAGE_OCCURRENCE('8','R23','',#5,#1767,$);
#2617 = CONTEXT_DEPENDENT_SHAPE_REPRESENTATION(#2618,#2620);
#2618 = ( REPRESENTATION_RELATIONSHIP('','',#876,#10) 
REPRESENTATION_RELATIONSHIP_WITH_TRANSFORMATION(#2619) 
SHAPE_REPRESENTATION_RELATIONSHIP() );
#2619 = ITEM_DEFINED_TRANSFORMATION('','',#11,#39);
#2620 = PRODUCT_DEFINITION_SHAPE('Placement','Placement of an item',
  #2621);
#2621 = NEXT_ASSEMBLY_USAGE_OCCURRENCE('9','C73','',#5,#871,$);
#2622 = SHAPE_DEFINITION_REPRESENTATION(#2623,#2629);
#2623 = PRODUCT_DEFINITION_SHAPE('','',#2624);
#2624 = PRODUCT_DEFINITION('design','',#2625,#2628);
#2625 = PRODUCT_DEFINITION_FORMATION('','',#2626);
#2626 = PRODUCT('C_0603_1608Metric','C_0603_1608Metric','',(#2627));
#2627 = PRODUCT_CONTEXT('',#2,'mechanical');
#2628 = PRODUCT_DEFINITION_CONTEXT('part definition',#2,'design');
#2629 = SHAPE_REPRESENTATION('',(#11,#2630),#2634);
#2630 = AXIS2_PLACEMENT_3D('',#2631,#2632,#2633);
#2631 = CARTESIAN_POINT('',(0.,0.,0.));
#2632 = DIRECTION('',(0.,0.,1.));
#2633 = DIRECTION('',(1.,0.,-0.));
#2634 = ( GEOMETRIC_REPRESENTATION_CONTEXT(3) 
GLOBAL_UNCERTAINTY_ASSIGNED_CONTEXT((#2638)) 
GLOBAL_UNIT_ASSIGNED_CONTEXT((#2635,#2636,#2637)) REPRESENTATION_CONTEXT
('Context #1','3D Context with UNIT and UNCERTAINTY') );
#2635 = ( LENGTH_UNIT() NAMED_UNIT(*) SI_UNIT(.MILLI.,.METRE.) );
#2636 = ( NAMED_UNIT(*) PLANE_ANGLE_UNIT() SI_UNIT($,.RADIAN.) );
#2637 = ( NAMED_UNIT(*) SI_UNIT($,.STERADIAN.) SOLID_ANGLE_UNIT() );
#2638 = UNCERTAINTY_MEASURE_WITH_UNIT(LENGTH_MEASURE(1.E-07),#2635,
  'distance_accuracy_value','confusion accuracy');
#2639 = CONTEXT_DEPENDENT_SHAPE_REPRESENTATION(#2640,#2642);
#2640 = ( REPRESENTATION_RELATIONSHIP('','',#2629,#10) 
REPRESENTATION_RELATIONSHIP_WITH_TRANSFORMATION(#2641) 
SHAPE_REPRESENTATION_RELATIONSHIP() );
#2641 = ITEM_DEFINED_TRANSFORMATION('','',#11,#43);
#2642 = PRODUCT_DEFINITION_SHAPE('Placement','Placement of an item',
  #2643);
#2643 = NEXT_ASSEMBLY_USAGE_OCCURRENCE('11','C78','',#5,#2624,$);
#2644 = PRODUCT_RELATED_PRODUCT_CATEGORY('part',$,(#2626));
#2645 = SHAPE_DEFINITION_REPRESENTATION(#2646,#2652);
#2646 = PRODUCT_DEFINITION_SHAPE('','',#2647);
#2647 = PRODUCT_DEFINITION('design','',#2648,#2651);
#2648 = PRODUCT_DEFINITION_FORMATION('','',#2649);
#2649 = PRODUCT('C_0603_1608Metric','C_0603_1608Metric','',(#2650));
#2650 = PRODUCT_CONTEXT('',#2,'mechanical');
#2651 = PRODUCT_DEFINITION_CONTEXT('part definition',#2,'design');
#2652 = ADVANCED_BREP_SHAPE_REPRESENTATION('',(#11,#2653),#3507);
#2653 = MANIFOLD_SOLID_BREP('',#2654);
#2654 = CLOSED_SHELL('',(#2655,#2731,#2762,#2787,#2812,#2836,#2860,#2885
    ,#2910,#2927,#3013,#3045,#3069,#3094,#3118,#3143,#3167,#3192,#3209,
    #3295,#3326,#3351,#3376,#3400,#3424,#3449,#3474,#3491));
#2655 = ADVANCED_FACE('',(#2656),#2726,.F.);
#2656 = FACE_BOUND('',#2657,.F.);
#2657 = EDGE_LOOP('',(#2658,#2668,#2677,#2685,#2694,#2702,#2711,#2719));
#2658 = ORIENTED_EDGE('',*,*,#2659,.F.);
#2659 = EDGE_CURVE('',#2660,#2662,#2664,.T.);
#2660 = VERTEX_POINT('',#2661);
#2661 = CARTESIAN_POINT('',(-0.8,-0.4,3.E-02));
#2662 = VERTEX_POINT('',#2663);
#2663 = CARTESIAN_POINT('',(-0.8,-0.4,0.77));
#2664 = LINE('',#2665,#2666);
#2665 = CARTESIAN_POINT('',(-0.8,-0.4,0.));
#2666 = VECTOR('',#2667,1.);
#2667 = DIRECTION('',(0.,0.,1.));
#2668 = ORIENTED_EDGE('',*,*,#2669,.T.);
#2669 = EDGE_CURVE('',#2660,#2670,#2672,.T.);
#2670 = VERTEX_POINT('',#2671);
#2671 = CARTESIAN_POINT('',(-0.8,-0.37,0.));
#2672 = CIRCLE('',#2673,3.E-02);
#2673 = AXIS2_PLACEMENT_3D('',#2674,#2675,#2676);
#2674 = CARTESIAN_POINT('',(-0.8,-0.37,3.E-02));
#2675 = DIRECTION('',(1.,0.,-0.));
#2676 = DIRECTION('',(0.,0.,1.));
#2677 = ORIENTED_EDGE('',*,*,#2678,.T.);
#2678 = EDGE_CURVE('',#2670,#2679,#2681,.T.);
#2679 = VERTEX_POINT('',#2680);
#2680 = CARTESIAN_POINT('',(-0.8,0.37,0.));
#2681 = LINE('',#2682,#2683);
#2682 = CARTESIAN_POINT('',(-0.8,-0.4,0.));
#2683 = VECTOR('',#2684,1.);
#2684 = DIRECTION('',(0.,1.,0.));
#2685 = ORIENTED_EDGE('',*,*,#2686,.F.);
#2686 = EDGE_CURVE('',#2687,#2679,#2689,.T.);
#2687 = VERTEX_POINT('',#2688);
#2688 = CARTESIAN_POINT('',(-0.8,0.4,3.E-02));
#2689 = CIRCLE('',#2690,3.E-02);
#2690 = AXIS2_PLACEMENT_3D('',#2691,#2692,#2693);
#2691 = CARTESIAN_POINT('',(-0.8,0.37,3.E-02));
#2692 = DIRECTION('',(-1.,0.,0.));
#2693 = DIRECTION('',(0.,0.,1.));
#2694 = ORIENTED_EDGE('',*,*,#2695,.T.);
#2695 = EDGE_CURVE('',#2687,#2696,#2698,.T.);
#2696 = VERTEX_POINT('',#2697);
#2697 = CARTESIAN_POINT('',(-0.8,0.4,0.77));
#2698 = LINE('',#2699,#2700);
#2699 = CARTESIAN_POINT('',(-0.8,0.4,0.));
#2700 = VECTOR('',#2701,1.);
#2701 = DIRECTION('',(0.,0.,1.));
#2702 = ORIENTED_EDGE('',*,*,#2703,.T.);
#2703 = EDGE_CURVE('',#2696,#2704,#2706,.T.);
#2704 = VERTEX_POINT('',#2705);
#2705 = CARTESIAN_POINT('',(-0.8,0.37,0.8));
#2706 = CIRCLE('',#2707,3.E-02);
#2707 = AXIS2_PLACEMENT_3D('',#2708,#2709,#2710);
#2708 = CARTESIAN_POINT('',(-0.8,0.37,0.77));
#2709 = DIRECTION('',(1.,0.,-0.));
#2710 = DIRECTION('',(0.,0.,1.));
#2711 = ORIENTED_EDGE('',*,*,#2712,.F.);
#2712 = EDGE_CURVE('',#2713,#2704,#2715,.T.);
#2713 = VERTEX_POINT('',#2714);
#2714 = CARTESIAN_POINT('',(-0.8,-0.37,0.8));
#2715 = LINE('',#2716,#2717);
#2716 = CARTESIAN_POINT('',(-0.8,-0.4,0.8));
#2717 = VECTOR('',#2718,1.);
#2718 = DIRECTION('',(0.,1.,0.));
#2719 = ORIENTED_EDGE('',*,*,#2720,.F.);
#2720 = EDGE_CURVE('',#2662,#2713,#2721,.T.);
#2721 = CIRCLE('',#2722,3.E-02);
#2722 = AXIS2_PLACEMENT_3D('',#2723,#2724,#2725);
#2723 = CARTESIAN_POINT('',(-0.8,-0.37,0.77));
#2724 = DIRECTION('',(-1.,0.,0.));
#2725 = DIRECTION('',(0.,0.,1.));
#2726 = PLANE('',#2727);
#2727 = AXIS2_PLACEMENT_3D('',#2728,#2729,#2730);
#2728 = CARTESIAN_POINT('',(-0.8,-0.4,0.));
#2729 = DIRECTION('',(1.,0.,0.));
#2730 = DIRECTION('',(0.,0.,1.));
#2731 = ADVANCED_FACE('',(#2732),#2757,.F.);
#2732 = FACE_BOUND('',#2733,.F.);
#2733 = EDGE_LOOP('',(#2734,#2744,#2750,#2751));
#2734 = ORIENTED_EDGE('',*,*,#2735,.F.);
#2735 = EDGE_CURVE('',#2736,#2738,#2740,.T.);
#2736 = VERTEX_POINT('',#2737);
#2737 = CARTESIAN_POINT('',(-0.5,-0.4,3.E-02));
#2738 = VERTEX_POINT('',#2739);
#2739 = CARTESIAN_POINT('',(-0.5,-0.4,0.77));
#2740 = LINE('',#2741,#2742);
#2741 = CARTESIAN_POINT('',(-0.5,-0.4,0.));
#2742 = VECTOR('',#2743,1.);
#2743 = DIRECTION('',(0.,0.,1.));
#2744 = ORIENTED_EDGE('',*,*,#2745,.F.);
#2745 = EDGE_CURVE('',#2660,#2736,#2746,.T.);
#2746 = LINE('',#2747,#2748);
#2747 = CARTESIAN_POINT('',(-0.8,-0.4,3.E-02));
#2748 = VECTOR('',#2749,1.);
#2749 = DIRECTION('',(1.,0.,0.));
#2750 = ORIENTED_EDGE('',*,*,#2659,.T.);
#2751 = ORIENTED_EDGE('',*,*,#2752,.T.);
#2752 = EDGE_CURVE('',#2662,#2738,#2753,.T.);
#2753 = LINE('',#2754,#2755);
#2754 = CARTESIAN_POINT('',(-0.8,-0.4,0.77));
#2755 = VECTOR('',#2756,1.);
#2756 = DIRECTION('',(1.,0.,0.));
#2757 = PLANE('',#2758);
#2758 = AXIS2_PLACEMENT_3D('',#2759,#2760,#2761);
#2759 = CARTESIAN_POINT('',(-0.8,-0.4,0.));
#2760 = DIRECTION('',(0.,1.,0.));
#2761 = DIRECTION('',(0.,-0.,1.));
#2762 = ADVANCED_FACE('',(#2763),#2782,.T.);
#2763 = FACE_BOUND('',#2764,.T.);
#2764 = EDGE_LOOP('',(#2765,#2766,#2774,#2781));
#2765 = ORIENTED_EDGE('',*,*,#2669,.T.);
#2766 = ORIENTED_EDGE('',*,*,#2767,.T.);
#2767 = EDGE_CURVE('',#2670,#2768,#2770,.T.);
#2768 = VERTEX_POINT('',#2769);
#2769 = CARTESIAN_POINT('',(-0.5,-0.37,0.));
#2770 = LINE('',#2771,#2772);
#2771 = CARTESIAN_POINT('',(-0.8,-0.37,0.));
#2772 = VECTOR('',#2773,1.);
#2773 = DIRECTION('',(1.,0.,0.));
#2774 = ORIENTED_EDGE('',*,*,#2775,.F.);
#2775 = EDGE_CURVE('',#2736,#2768,#2776,.T.);
#2776 = CIRCLE('',#2777,3.E-02);
#2777 = AXIS2_PLACEMENT_3D('',#2778,#2779,#2780);
#2778 = CARTESIAN_POINT('',(-0.5,-0.37,3.E-02));
#2779 = DIRECTION('',(1.,0.,-0.));
#2780 = DIRECTION('',(0.,0.,1.));
#2781 = ORIENTED_EDGE('',*,*,#2745,.F.);
#2782 = CYLINDRICAL_SURFACE('',#2783,3.E-02);
#2783 = AXIS2_PLACEMENT_3D('',#2784,#2785,#2786);
#2784 = CARTESIAN_POINT('',(-0.8,-0.37,3.E-02));
#2785 = DIRECTION('',(1.,0.,0.));
#2786 = DIRECTION('',(0.,-1.,0.));
#2787 = ADVANCED_FACE('',(#2788),#2807,.T.);
#2788 = FACE_BOUND('',#2789,.T.);
#2789 = EDGE_LOOP('',(#2790,#2791,#2800,#2806));
#2790 = ORIENTED_EDGE('',*,*,#2752,.T.);
#2791 = ORIENTED_EDGE('',*,*,#2792,.T.);
#2792 = EDGE_CURVE('',#2738,#2793,#2795,.T.);
#2793 = VERTEX_POINT('',#2794);
#2794 = CARTESIAN_POINT('',(-0.5,-0.37,0.8));
#2795 = CIRCLE('',#2796,3.E-02);
#2796 = AXIS2_PLACEMENT_3D('',#2797,#2798,#2799);
#2797 = CARTESIAN_POINT('',(-0.5,-0.37,0.77));
#2798 = DIRECTION('',(-1.,0.,0.));
#2799 = DIRECTION('',(0.,0.,1.));
#2800 = ORIENTED_EDGE('',*,*,#2801,.F.);
#2801 = EDGE_CURVE('',#2713,#2793,#2802,.T.);
#2802 = LINE('',#2803,#2804);
#2803 = CARTESIAN_POINT('',(-0.8,-0.37,0.8));
#2804 = VECTOR('',#2805,1.);
#2805 = DIRECTION('',(1.,0.,0.));
#2806 = ORIENTED_EDGE('',*,*,#2720,.F.);
#2807 = CYLINDRICAL_SURFACE('',#2808,3.E-02);
#2808 = AXIS2_PLACEMENT_3D('',#2809,#2810,#2811);
#2809 = CARTESIAN_POINT('',(-0.8,-0.37,0.77));
#2810 = DIRECTION('',(1.,0.,0.));
#2811 = DIRECTION('',(0.,-1.,0.));
#2812 = ADVANCED_FACE('',(#2813),#2831,.F.);
#2813 = FACE_BOUND('',#2814,.F.);
#2814 = EDGE_LOOP('',(#2815,#2816,#2817,#2825));
#2815 = ORIENTED_EDGE('',*,*,#2678,.F.);
#2816 = ORIENTED_EDGE('',*,*,#2767,.T.);
#2817 = ORIENTED_EDGE('',*,*,#2818,.T.);
#2818 = EDGE_CURVE('',#2768,#2819,#2821,.T.);
#2819 = VERTEX_POINT('',#2820);
#2820 = CARTESIAN_POINT('',(-0.5,0.37,0.));
#2821 = LINE('',#2822,#2823);
#2822 = CARTESIAN_POINT('',(-0.5,-0.4,0.));
#2823 = VECTOR('',#2824,1.);
#2824 = DIRECTION('',(0.,1.,0.));
#2825 = ORIENTED_EDGE('',*,*,#2826,.F.);
#2826 = EDGE_CURVE('',#2679,#2819,#2827,.T.);
#2827 = LINE('',#2828,#2829);
#2828 = CARTESIAN_POINT('',(-0.8,0.37,0.));
#2829 = VECTOR('',#2830,1.);
#2830 = DIRECTION('',(1.,0.,0.));
#2831 = PLANE('',#2832);
#2832 = AXIS2_PLACEMENT_3D('',#2833,#2834,#2835);
#2833 = CARTESIAN_POINT('',(-0.8,-0.4,0.));
#2834 = DIRECTION('',(0.,0.,1.));
#2835 = DIRECTION('',(1.,0.,-0.));
#2836 = ADVANCED_FACE('',(#2837),#2855,.T.);
#2837 = FACE_BOUND('',#2838,.T.);
#2838 = EDGE_LOOP('',(#2839,#2840,#2841,#2849));
#2839 = ORIENTED_EDGE('',*,*,#2712,.F.);
#2840 = ORIENTED_EDGE('',*,*,#2801,.T.);
#2841 = ORIENTED_EDGE('',*,*,#2842,.T.);
#2842 = EDGE_CURVE('',#2793,#2843,#2845,.T.);
#2843 = VERTEX_POINT('',#2844);
#2844 = CARTESIAN_POINT('',(-0.5,0.37,0.8));
#2845 = LINE('',#2846,#2847);
#2846 = CARTESIAN_POINT('',(-0.5,-0.4,0.8));
#2847 = VECTOR('',#2848,1.);
#2848 = DIRECTION('',(0.,1.,0.));
#2849 = ORIENTED_EDGE('',*,*,#2850,.F.);
#2850 = EDGE_CURVE('',#2704,#2843,#2851,.T.);
#2851 = LINE('',#2852,#2853);
#2852 = CARTESIAN_POINT('',(-0.8,0.37,0.8));
#2853 = VECTOR('',#2854,1.);
#2854 = DIRECTION('',(1.,0.,0.));
#2855 = PLANE('',#2856);
#2856 = AXIS2_PLACEMENT_3D('',#2857,#2858,#2859);
#2857 = CARTESIAN_POINT('',(-0.8,-0.4,0.8));
#2858 = DIRECTION('',(0.,0.,1.));
#2859 = DIRECTION('',(1.,0.,-0.));
#2860 = ADVANCED_FACE('',(#2861),#2880,.T.);
#2861 = FACE_BOUND('',#2862,.T.);
#2862 = EDGE_LOOP('',(#2863,#2871,#2878,#2879));
#2863 = ORIENTED_EDGE('',*,*,#2864,.T.);
#2864 = EDGE_CURVE('',#2687,#2865,#2867,.T.);
#2865 = VERTEX_POINT('',#2866);
#2866 = CARTESIAN_POINT('',(-0.5,0.4,3.E-02));
#2867 = LINE('',#2868,#2869);
#2868 = CARTESIAN_POINT('',(-0.8,0.4,3.E-02));
#2869 = VECTOR('',#2870,1.);
#2870 = DIRECTION('',(1.,0.,0.));
#2871 = ORIENTED_EDGE('',*,*,#2872,.T.);
#2872 = EDGE_CURVE('',#2865,#2819,#2873,.T.);
#2873 = CIRCLE('',#2874,3.E-02);
#2874 = AXIS2_PLACEMENT_3D('',#2875,#2876,#2877);
#2875 = CARTESIAN_POINT('',(-0.5,0.37,3.E-02));
#2876 = DIRECTION('',(-1.,0.,0.));
#2877 = DIRECTION('',(0.,0.,1.));
#2878 = ORIENTED_EDGE('',*,*,#2826,.F.);
#2879 = ORIENTED_EDGE('',*,*,#2686,.F.);
#2880 = CYLINDRICAL_SURFACE('',#2881,3.E-02);
#2881 = AXIS2_PLACEMENT_3D('',#2882,#2883,#2884);
#2882 = CARTESIAN_POINT('',(-0.8,0.37,3.E-02));
#2883 = DIRECTION('',(1.,0.,0.));
#2884 = DIRECTION('',(-0.,1.,0.));
#2885 = ADVANCED_FACE('',(#2886),#2905,.T.);
#2886 = FACE_BOUND('',#2887,.T.);
#2887 = EDGE_LOOP('',(#2888,#2889,#2890,#2899));
#2888 = ORIENTED_EDGE('',*,*,#2703,.T.);
#2889 = ORIENTED_EDGE('',*,*,#2850,.T.);
#2890 = ORIENTED_EDGE('',*,*,#2891,.F.);
#2891 = EDGE_CURVE('',#2892,#2843,#2894,.T.);
#2892 = VERTEX_POINT('',#2893);
#2893 = CARTESIAN_POINT('',(-0.5,0.4,0.77));
#2894 = CIRCLE('',#2895,3.E-02);
#2895 = AXIS2_PLACEMENT_3D('',#2896,#2897,#2898);
#2896 = CARTESIAN_POINT('',(-0.5,0.37,0.77));
#2897 = DIRECTION('',(1.,0.,-0.));
#2898 = DIRECTION('',(0.,0.,1.));
#2899 = ORIENTED_EDGE('',*,*,#2900,.F.);
#2900 = EDGE_CURVE('',#2696,#2892,#2901,.T.);
#2901 = LINE('',#2902,#2903);
#2902 = CARTESIAN_POINT('',(-0.8,0.4,0.77));
#2903 = VECTOR('',#2904,1.);
#2904 = DIRECTION('',(1.,0.,0.));
#2905 = CYLINDRICAL_SURFACE('',#2906,3.E-02);
#2906 = AXIS2_PLACEMENT_3D('',#2907,#2908,#2909);
#2907 = CARTESIAN_POINT('',(-0.8,0.37,0.77));
#2908 = DIRECTION('',(1.,0.,0.));
#2909 = DIRECTION('',(-0.,1.,0.));
#2910 = ADVANCED_FACE('',(#2911),#2922,.T.);
#2911 = FACE_BOUND('',#2912,.T.);
#2912 = EDGE_LOOP('',(#2913,#2919,#2920,#2921));
#2913 = ORIENTED_EDGE('',*,*,#2914,.F.);
#2914 = EDGE_CURVE('',#2865,#2892,#2915,.T.);
#2915 = LINE('',#2916,#2917);
#2916 = CARTESIAN_POINT('',(-0.5,0.4,0.));
#2917 = VECTOR('',#2918,1.);
#2918 = DIRECTION('',(0.,0.,1.));
#2919 = ORIENTED_EDGE('',*,*,#2864,.F.);
#2920 = ORIENTED_EDGE('',*,*,#2695,.T.);
#2921 = ORIENTED_EDGE('',*,*,#2900,.T.);
#2922 = PLANE('',#2923);
#2923 = AXIS2_PLACEMENT_3D('',#2924,#2925,#2926);
#2924 = CARTESIAN_POINT('',(-0.8,0.4,0.));
#2925 = DIRECTION('',(0.,1.,0.));
#2926 = DIRECTION('',(0.,-0.,1.));
#2927 = ADVANCED_FACE('',(#2928,#2938),#3008,.T.);
#2928 = FACE_BOUND('',#2929,.T.);
#2929 = EDGE_LOOP('',(#2930,#2931,#2932,#2933,#2934,#2935,#2936,#2937));
#2930 = ORIENTED_EDGE('',*,*,#2735,.F.);
#2931 = ORIENTED_EDGE('',*,*,#2775,.T.);
#2932 = ORIENTED_EDGE('',*,*,#2818,.T.);
#2933 = ORIENTED_EDGE('',*,*,#2872,.F.);
#2934 = ORIENTED_EDGE('',*,*,#2914,.T.);
#2935 = ORIENTED_EDGE('',*,*,#2891,.T.);
#2936 = ORIENTED_EDGE('',*,*,#2842,.F.);
#2937 = ORIENTED_EDGE('',*,*,#2792,.F.);
#2938 = FACE_BOUND('',#2939,.T.);
#2939 = EDGE_LOOP('',(#2940,#2951,#2959,#2968,#2976,#2985,#2993,#3002));
#2940 = ORIENTED_EDGE('',*,*,#2941,.F.);
#2941 = EDGE_CURVE('',#2942,#2944,#2946,.T.);
#2942 = VERTEX_POINT('',#2943);
#2943 = CARTESIAN_POINT('',(-0.5,-0.37,6.E-02));
#2944 = VERTEX_POINT('',#2945);
#2945 = CARTESIAN_POINT('',(-0.5,-0.34,3.E-02));
#2946 = CIRCLE('',#2947,3.E-02);
#2947 = AXIS2_PLACEMENT_3D('',#2948,#2949,#2950);
#2948 = CARTESIAN_POINT('',(-0.5,-0.34,6.E-02));
#2949 = DIRECTION('',(1.,0.,-0.));
#2950 = DIRECTION('',(0.,0.,1.));
#2951 = ORIENTED_EDGE('',*,*,#2952,.T.);
#2952 = EDGE_CURVE('',#2942,#2953,#2955,.T.);
#2953 = VERTEX_POINT('',#2954);
#2954 = CARTESIAN_POINT('',(-0.5,-0.37,0.74));
#2955 = LINE('',#2956,#2957);
#2956 = CARTESIAN_POINT('',(-0.5,-0.37,3.E-02));
#2957 = VECTOR('',#2958,1.);
#2958 = DIRECTION('',(0.,0.,1.));
#2959 = ORIENTED_EDGE('',*,*,#2960,.T.);
#2960 = EDGE_CURVE('',#2953,#2961,#2963,.T.);
#2961 = VERTEX_POINT('',#2962);
#2962 = CARTESIAN_POINT('',(-0.5,-0.34,0.77));
#2963 = CIRCLE('',#2964,3.E-02);
#2964 = AXIS2_PLACEMENT_3D('',#2965,#2966,#2967);
#2965 = CARTESIAN_POINT('',(-0.5,-0.34,0.74));
#2966 = DIRECTION('',(-1.,0.,0.));
#2967 = DIRECTION('',(0.,0.,1.));
#2968 = ORIENTED_EDGE('',*,*,#2969,.T.);
#2969 = EDGE_CURVE('',#2961,#2970,#2972,.T.);
#2970 = VERTEX_POINT('',#2971);
#2971 = CARTESIAN_POINT('',(-0.5,0.34,0.77));
#2972 = LINE('',#2973,#2974);
#2973 = CARTESIAN_POINT('',(-0.5,-0.37,0.77));
#2974 = VECTOR('',#2975,1.);
#2975 = DIRECTION('',(0.,1.,0.));
#2976 = ORIENTED_EDGE('',*,*,#2977,.F.);
#2977 = EDGE_CURVE('',#2978,#2970,#2980,.T.);
#2978 = VERTEX_POINT('',#2979);
#2979 = CARTESIAN_POINT('',(-0.5,0.37,0.74));
#2980 = CIRCLE('',#2981,3.E-02);
#2981 = AXIS2_PLACEMENT_3D('',#2982,#2983,#2984);
#2982 = CARTESIAN_POINT('',(-0.5,0.34,0.74));
#2983 = DIRECTION('',(1.,0.,-0.));
#2984 = DIRECTION('',(0.,0.,1.));
#2985 = ORIENTED_EDGE('',*,*,#2986,.F.);
#2986 = EDGE_CURVE('',#2987,#2978,#2989,.T.);
#2987 = VERTEX_POINT('',#2988);
#2988 = CARTESIAN_POINT('',(-0.5,0.37,6.E-02));
#2989 = LINE('',#2990,#2991);
#2990 = CARTESIAN_POINT('',(-0.5,0.37,3.E-02));
#2991 = VECTOR('',#2992,1.);
#2992 = DIRECTION('',(0.,0.,1.));
#2993 = ORIENTED_EDGE('',*,*,#2994,.T.);
#2994 = EDGE_CURVE('',#2987,#2995,#2997,.T.);
#2995 = VERTEX_POINT('',#2996);
#2996 = CARTESIAN_POINT('',(-0.5,0.34,3.E-02));
#2997 = CIRCLE('',#2998,3.E-02);
#2998 = AXIS2_PLACEMENT_3D('',#2999,#3000,#3001);
#2999 = CARTESIAN_POINT('',(-0.5,0.34,6.E-02));
#3000 = DIRECTION('',(-1.,0.,0.));
#3001 = DIRECTION('',(0.,0.,1.));
#3002 = ORIENTED_EDGE('',*,*,#3003,.F.);
#3003 = EDGE_CURVE('',#2944,#2995,#3004,.T.);
#3004 = LINE('',#3005,#3006);
#3005 = CARTESIAN_POINT('',(-0.5,-0.37,3.E-02));
#3006 = VECTOR('',#3007,1.);
#3007 = DIRECTION('',(0.,1.,0.));
#3008 = PLANE('',#3009);
#3009 = AXIS2_PLACEMENT_3D('',#3010,#3011,#3012);
#3010 = CARTESIAN_POINT('',(-0.5,-0.4,0.));
#3011 = DIRECTION('',(1.,0.,0.));
#3012 = DIRECTION('',(0.,0.,1.));
#3013 = ADVANCED_FACE('',(#3014),#3040,.T.);
#3014 = FACE_BOUND('',#3015,.T.);
#3015 = EDGE_LOOP('',(#3016,#3017,#3025,#3034));
#3016 = ORIENTED_EDGE('',*,*,#2941,.T.);
#3017 = ORIENTED_EDGE('',*,*,#3018,.T.);
#3018 = EDGE_CURVE('',#2944,#3019,#3021,.T.);
#3019 = VERTEX_POINT('',#3020);
#3020 = CARTESIAN_POINT('',(0.5,-0.34,3.E-02));
#3021 = LINE('',#3022,#3023);
#3022 = CARTESIAN_POINT('',(-0.5,-0.34,3.E-02));
#3023 = VECTOR('',#3024,1.);
#3024 = DIRECTION('',(1.,0.,0.));
#3025 = ORIENTED_EDGE('',*,*,#3026,.F.);
#3026 = EDGE_CURVE('',#3027,#3019,#3029,.T.);
#3027 = VERTEX_POINT('',#3028);
#3028 = CARTESIAN_POINT('',(0.5,-0.37,6.E-02));
#3029 = CIRCLE('',#3030,3.E-02);
#3030 = AXIS2_PLACEMENT_3D('',#3031,#3032,#3033);
#3031 = CARTESIAN_POINT('',(0.5,-0.34,6.E-02));
#3032 = DIRECTION('',(1.,0.,-0.));
#3033 = DIRECTION('',(0.,0.,1.));
#3034 = ORIENTED_EDGE('',*,*,#3035,.F.);
#3035 = EDGE_CURVE('',#2942,#3027,#3036,.T.);
#3036 = LINE('',#3037,#3038);
#3037 = CARTESIAN_POINT('',(-0.5,-0.37,6.E-02));
#3038 = VECTOR('',#3039,1.);
#3039 = DIRECTION('',(1.,0.,0.));
#3040 = CYLINDRICAL_SURFACE('',#3041,3.E-02);
#3041 = AXIS2_PLACEMENT_3D('',#3042,#3043,#3044);
#3042 = CARTESIAN_POINT('',(-0.5,-0.34,6.E-02));
#3043 = DIRECTION('',(1.,0.,0.));
#3044 = DIRECTION('',(0.,-1.,0.));
#3045 = ADVANCED_FACE('',(#3046),#3064,.F.);
#3046 = FACE_BOUND('',#3047,.F.);
#3047 = EDGE_LOOP('',(#3048,#3049,#3050,#3058));
#3048 = ORIENTED_EDGE('',*,*,#3003,.F.);
#3049 = ORIENTED_EDGE('',*,*,#3018,.T.);
#3050 = ORIENTED_EDGE('',*,*,#3051,.T.);
#3051 = EDGE_CURVE('',#3019,#3052,#3054,.T.);
#3052 = VERTEX_POINT('',#3053);
#3053 = CARTESIAN_POINT('',(0.5,0.34,3.E-02));
#3054 = LINE('',#3055,#3056);
#3055 = CARTESIAN_POINT('',(0.5,-0.37,3.E-02));
#3056 = VECTOR('',#3057,1.);
#3057 = DIRECTION('',(0.,1.,0.));
#3058 = ORIENTED_EDGE('',*,*,#3059,.F.);
#3059 = EDGE_CURVE('',#2995,#3052,#3060,.T.);
#3060 = LINE('',#3061,#3062);
#3061 = CARTESIAN_POINT('',(-0.5,0.34,3.E-02));
#3062 = VECTOR('',#3063,1.);
#3063 = DIRECTION('',(1.,0.,0.));
#3064 = PLANE('',#3065);
#3065 = AXIS2_PLACEMENT_3D('',#3066,#3067,#3068);
#3066 = CARTESIAN_POINT('',(-0.5,-0.37,3.E-02));
#3067 = DIRECTION('',(0.,0.,1.));
#3068 = DIRECTION('',(1.,0.,-0.));
#3069 = ADVANCED_FACE('',(#3070),#3089,.T.);
#3070 = FACE_BOUND('',#3071,.T.);
#3071 = EDGE_LOOP('',(#3072,#3080,#3087,#3088));
#3072 = ORIENTED_EDGE('',*,*,#3073,.T.);
#3073 = EDGE_CURVE('',#2987,#3074,#3076,.T.);
#3074 = VERTEX_POINT('',#3075);
#3075 = CARTESIAN_POINT('',(0.5,0.37,6.E-02));
#3076 = LINE('',#3077,#3078);
#3077 = CARTESIAN_POINT('',(-0.5,0.37,6.E-02));
#3078 = VECTOR('',#3079,1.);
#3079 = DIRECTION('',(1.,0.,0.));
#3080 = ORIENTED_EDGE('',*,*,#3081,.T.);
#3081 = EDGE_CURVE('',#3074,#3052,#3082,.T.);
#3082 = CIRCLE('',#3083,3.E-02);
#3083 = AXIS2_PLACEMENT_3D('',#3084,#3085,#3086);
#3084 = CARTESIAN_POINT('',(0.5,0.34,6.E-02));
#3085 = DIRECTION('',(-1.,0.,0.));
#3086 = DIRECTION('',(0.,0.,1.));
#3087 = ORIENTED_EDGE('',*,*,#3059,.F.);
#3088 = ORIENTED_EDGE('',*,*,#2994,.F.);
#3089 = CYLINDRICAL_SURFACE('',#3090,3.E-02);
#3090 = AXIS2_PLACEMENT_3D('',#3091,#3092,#3093);
#3091 = CARTESIAN_POINT('',(-0.5,0.34,6.E-02));
#3092 = DIRECTION('',(1.,0.,0.));
#3093 = DIRECTION('',(-0.,1.,0.));
#3094 = ADVANCED_FACE('',(#3095),#3113,.T.);
#3095 = FACE_BOUND('',#3096,.T.);
#3096 = EDGE_LOOP('',(#3097,#3105,#3106,#3107));
#3097 = ORIENTED_EDGE('',*,*,#3098,.F.);
#3098 = EDGE_CURVE('',#3074,#3099,#3101,.T.);
#3099 = VERTEX_POINT('',#3100);
#3100 = CARTESIAN_POINT('',(0.5,0.37,0.74));
#3101 = LINE('',#3102,#3103);
#3102 = CARTESIAN_POINT('',(0.5,0.37,3.E-02));
#3103 = VECTOR('',#3104,1.);
#3104 = DIRECTION('',(0.,0.,1.));
#3105 = ORIENTED_EDGE('',*,*,#3073,.F.);
#3106 = ORIENTED_EDGE('',*,*,#2986,.T.);
#3107 = ORIENTED_EDGE('',*,*,#3108,.T.);
#3108 = EDGE_CURVE('',#2978,#3099,#3109,.T.);
#3109 = LINE('',#3110,#3111);
#3110 = CARTESIAN_POINT('',(-0.5,0.37,0.74));
#3111 = VECTOR('',#3112,1.);
#3112 = DIRECTION('',(1.,0.,0.));
#3113 = PLANE('',#3114);
#3114 = AXIS2_PLACEMENT_3D('',#3115,#3116,#3117);
#3115 = CARTESIAN_POINT('',(-0.5,0.37,3.E-02));
#3116 = DIRECTION('',(0.,1.,0.));
#3117 = DIRECTION('',(0.,-0.,1.));
#3118 = ADVANCED_FACE('',(#3119),#3138,.T.);
#3119 = FACE_BOUND('',#3120,.T.);
#3120 = EDGE_LOOP('',(#3121,#3122,#3130,#3137));
#3121 = ORIENTED_EDGE('',*,*,#2977,.T.);
#3122 = ORIENTED_EDGE('',*,*,#3123,.T.);
#3123 = EDGE_CURVE('',#2970,#3124,#3126,.T.);
#3124 = VERTEX_POINT('',#3125);
#3125 = CARTESIAN_POINT('',(0.5,0.34,0.77));
#3126 = LINE('',#3127,#3128);
#3127 = CARTESIAN_POINT('',(-0.5,0.34,0.77));
#3128 = VECTOR('',#3129,1.);
#3129 = DIRECTION('',(1.,0.,0.));
#3130 = ORIENTED_EDGE('',*,*,#3131,.F.);
#3131 = EDGE_CURVE('',#3099,#3124,#3132,.T.);
#3132 = CIRCLE('',#3133,3.E-02);
#3133 = AXIS2_PLACEMENT_3D('',#3134,#3135,#3136);
#3134 = CARTESIAN_POINT('',(0.5,0.34,0.74));
#3135 = DIRECTION('',(1.,0.,-0.));
#3136 = DIRECTION('',(0.,0.,1.));
#3137 = ORIENTED_EDGE('',*,*,#3108,.F.);
#3138 = CYLINDRICAL_SURFACE('',#3139,3.E-02);
#3139 = AXIS2_PLACEMENT_3D('',#3140,#3141,#3142);
#3140 = CARTESIAN_POINT('',(-0.5,0.34,0.74));
#3141 = DIRECTION('',(1.,0.,0.));
#3142 = DIRECTION('',(-0.,1.,0.));
#3143 = ADVANCED_FACE('',(#3144),#3162,.T.);
#3144 = FACE_BOUND('',#3145,.T.);
#3145 = EDGE_LOOP('',(#3146,#3147,#3155,#3161));
#3146 = ORIENTED_EDGE('',*,*,#2969,.F.);
#3147 = ORIENTED_EDGE('',*,*,#3148,.T.);
#3148 = EDGE_CURVE('',#2961,#3149,#3151,.T.);
#3149 = VERTEX_POINT('',#3150);
#3150 = CARTESIAN_POINT('',(0.5,-0.34,0.77));
#3151 = LINE('',#3152,#3153);
#3152 = CARTESIAN_POINT('',(-0.5,-0.34,0.77));
#3153 = VECTOR('',#3154,1.);
#3154 = DIRECTION('',(1.,0.,0.));
#3155 = ORIENTED_EDGE('',*,*,#3156,.T.);
#3156 = EDGE_CURVE('',#3149,#3124,#3157,.T.);
#3157 = LINE('',#3158,#3159);
#3158 = CARTESIAN_POINT('',(0.5,-0.37,0.77));
#3159 = VECTOR('',#3160,1.);
#3160 = DIRECTION('',(0.,1.,0.));
#3161 = ORIENTED_EDGE('',*,*,#3123,.F.);
#3162 = PLANE('',#3163);
#3163 = AXIS2_PLACEMENT_3D('',#3164,#3165,#3166);
#3164 = CARTESIAN_POINT('',(-0.5,-0.37,0.77));
#3165 = DIRECTION('',(0.,0.,1.));
#3166 = DIRECTION('',(1.,0.,-0.));
#3167 = ADVANCED_FACE('',(#3168),#3187,.T.);
#3168 = FACE_BOUND('',#3169,.T.);
#3169 = EDGE_LOOP('',(#3170,#3178,#3185,#3186));
#3170 = ORIENTED_EDGE('',*,*,#3171,.T.);
#3171 = EDGE_CURVE('',#2953,#3172,#3174,.T.);
#3172 = VERTEX_POINT('',#3173);
#3173 = CARTESIAN_POINT('',(0.5,-0.37,0.74));
#3174 = LINE('',#3175,#3176);
#3175 = CARTESIAN_POINT('',(-0.5,-0.37,0.74));
#3176 = VECTOR('',#3177,1.);
#3177 = DIRECTION('',(1.,0.,0.));
#3178 = ORIENTED_EDGE('',*,*,#3179,.T.);
#3179 = EDGE_CURVE('',#3172,#3149,#3180,.T.);
#3180 = CIRCLE('',#3181,3.E-02);
#3181 = AXIS2_PLACEMENT_3D('',#3182,#3183,#3184);
#3182 = CARTESIAN_POINT('',(0.5,-0.34,0.74));
#3183 = DIRECTION('',(-1.,0.,0.));
#3184 = DIRECTION('',(0.,0.,1.));
#3185 = ORIENTED_EDGE('',*,*,#3148,.F.);
#3186 = ORIENTED_EDGE('',*,*,#2960,.F.);
#3187 = CYLINDRICAL_SURFACE('',#3188,3.E-02);
#3188 = AXIS2_PLACEMENT_3D('',#3189,#3190,#3191);
#3189 = CARTESIAN_POINT('',(-0.5,-0.34,0.74));
#3190 = DIRECTION('',(1.,0.,0.));
#3191 = DIRECTION('',(0.,-1.,0.));
#3192 = ADVANCED_FACE('',(#3193),#3204,.F.);
#3193 = FACE_BOUND('',#3194,.F.);
#3194 = EDGE_LOOP('',(#3195,#3201,#3202,#3203));
#3195 = ORIENTED_EDGE('',*,*,#3196,.F.);
#3196 = EDGE_CURVE('',#3027,#3172,#3197,.T.);
#3197 = LINE('',#3198,#3199);
#3198 = CARTESIAN_POINT('',(0.5,-0.37,3.E-02));
#3199 = VECTOR('',#3200,1.);
#3200 = DIRECTION('',(0.,0.,1.));
#3201 = ORIENTED_EDGE('',*,*,#3035,.F.);
#3202 = ORIENTED_EDGE('',*,*,#2952,.T.);
#3203 = ORIENTED_EDGE('',*,*,#3171,.T.);
#3204 = PLANE('',#3205);
#3205 = AXIS2_PLACEMENT_3D('',#3206,#3207,#3208);
#3206 = CARTESIAN_POINT('',(-0.5,-0.37,3.E-02));
#3207 = DIRECTION('',(0.,1.,0.));
#3208 = DIRECTION('',(0.,-0.,1.));
#3209 = ADVANCED_FACE('',(#3210,#3280),#3290,.F.);
#3210 = FACE_BOUND('',#3211,.F.);
#3211 = EDGE_LOOP('',(#3212,#3222,#3231,#3239,#3248,#3256,#3265,#3273));
#3212 = ORIENTED_EDGE('',*,*,#3213,.F.);
#3213 = EDGE_CURVE('',#3214,#3216,#3218,.T.);
#3214 = VERTEX_POINT('',#3215);
#3215 = CARTESIAN_POINT('',(0.5,-0.4,3.E-02));
#3216 = VERTEX_POINT('',#3217);
#3217 = CARTESIAN_POINT('',(0.5,-0.4,0.77));
#3218 = LINE('',#3219,#3220);
#3219 = CARTESIAN_POINT('',(0.5,-0.4,0.));
#3220 = VECTOR('',#3221,1.);
#3221 = DIRECTION('',(0.,0.,1.));
#3222 = ORIENTED_EDGE('',*,*,#3223,.T.);
#3223 = EDGE_CURVE('',#3214,#3224,#3226,.T.);
#3224 = VERTEX_POINT('',#3225);
#3225 = CARTESIAN_POINT('',(0.5,-0.37,0.));
#3226 = CIRCLE('',#3227,3.E-02);
#3227 = AXIS2_PLACEMENT_3D('',#3228,#3229,#3230);
#3228 = CARTESIAN_POINT('',(0.5,-0.37,3.E-02));
#3229 = DIRECTION('',(1.,0.,-0.));
#3230 = DIRECTION('',(0.,0.,1.));
#3231 = ORIENTED_EDGE('',*,*,#3232,.T.);
#3232 = EDGE_CURVE('',#3224,#3233,#3235,.T.);
#3233 = VERTEX_POINT('',#3234);
#3234 = CARTESIAN_POINT('',(0.5,0.37,0.));
#3235 = LINE('',#3236,#3237);
#3236 = CARTESIAN_POINT('',(0.5,-0.4,0.));
#3237 = VECTOR('',#3238,1.);
#3238 = DIRECTION('',(0.,1.,0.));
#3239 = ORIENTED_EDGE('',*,*,#3240,.F.);
#3240 = EDGE_CURVE('',#3241,#3233,#3243,.T.);
#3241 = VERTEX_POINT('',#3242);
#3242 = CARTESIAN_POINT('',(0.5,0.4,3.E-02));
#3243 = CIRCLE('',#3244,3.E-02);
#3244 = AXIS2_PLACEMENT_3D('',#3245,#3246,#3247);
#3245 = CARTESIAN_POINT('',(0.5,0.37,3.E-02));
#3246 = DIRECTION('',(-1.,0.,0.));
#3247 = DIRECTION('',(0.,0.,1.));
#3248 = ORIENTED_EDGE('',*,*,#3249,.T.);
#3249 = EDGE_CURVE('',#3241,#3250,#3252,.T.);
#3250 = VERTEX_POINT('',#3251);
#3251 = CARTESIAN_POINT('',(0.5,0.4,0.77));
#3252 = LINE('',#3253,#3254);
#3253 = CARTESIAN_POINT('',(0.5,0.4,0.));
#3254 = VECTOR('',#3255,1.);
#3255 = DIRECTION('',(0.,0.,1.));
#3256 = ORIENTED_EDGE('',*,*,#3257,.T.);
#3257 = EDGE_CURVE('',#3250,#3258,#3260,.T.);
#3258 = VERTEX_POINT('',#3259);
#3259 = CARTESIAN_POINT('',(0.5,0.37,0.8));
#3260 = CIRCLE('',#3261,3.E-02);
#3261 = AXIS2_PLACEMENT_3D('',#3262,#3263,#3264);
#3262 = CARTESIAN_POINT('',(0.5,0.37,0.77));
#3263 = DIRECTION('',(1.,0.,-0.));
#3264 = DIRECTION('',(0.,0.,1.));
#3265 = ORIENTED_EDGE('',*,*,#3266,.F.);
#3266 = EDGE_CURVE('',#3267,#3258,#3269,.T.);
#3267 = VERTEX_POINT('',#3268);
#3268 = CARTESIAN_POINT('',(0.5,-0.37,0.8));
#3269 = LINE('',#3270,#3271);
#3270 = CARTESIAN_POINT('',(0.5,-0.4,0.8));
#3271 = VECTOR('',#3272,1.);
#3272 = DIRECTION('',(0.,1.,0.));
#3273 = ORIENTED_EDGE('',*,*,#3274,.F.);
#3274 = EDGE_CURVE('',#3216,#3267,#3275,.T.);
#3275 = CIRCLE('',#3276,3.E-02);
#3276 = AXIS2_PLACEMENT_3D('',#3277,#3278,#3279);
#3277 = CARTESIAN_POINT('',(0.5,-0.37,0.77));
#3278 = DIRECTION('',(-1.,0.,0.));
#3279 = DIRECTION('',(0.,0.,1.));
#3280 = FACE_BOUND('',#3281,.F.);
#3281 = EDGE_LOOP('',(#3282,#3283,#3284,#3285,#3286,#3287,#3288,#3289));
#3282 = ORIENTED_EDGE('',*,*,#3026,.F.);
#3283 = ORIENTED_EDGE('',*,*,#3196,.T.);
#3284 = ORIENTED_EDGE('',*,*,#3179,.T.);
#3285 = ORIENTED_EDGE('',*,*,#3156,.T.);
#3286 = ORIENTED_EDGE('',*,*,#3131,.F.);
#3287 = ORIENTED_EDGE('',*,*,#3098,.F.);
#3288 = ORIENTED_EDGE('',*,*,#3081,.T.);
#3289 = ORIENTED_EDGE('',*,*,#3051,.F.);
#3290 = PLANE('',#3291);
#3291 = AXIS2_PLACEMENT_3D('',#3292,#3293,#3294);
#3292 = CARTESIAN_POINT('',(0.5,-0.4,0.));
#3293 = DIRECTION('',(1.,0.,0.));
#3294 = DIRECTION('',(0.,0.,1.));
#3295 = ADVANCED_FACE('',(#3296),#3321,.F.);
#3296 = FACE_BOUND('',#3297,.F.);
#3297 = EDGE_LOOP('',(#3298,#3308,#3314,#3315));
#3298 = ORIENTED_EDGE('',*,*,#3299,.F.);
#3299 = EDGE_CURVE('',#3300,#3302,#3304,.T.);
#3300 = VERTEX_POINT('',#3301);
#3301 = CARTESIAN_POINT('',(0.8,-0.4,3.E-02));
#3302 = VERTEX_POINT('',#3303);
#3303 = CARTESIAN_POINT('',(0.8,-0.4,0.77));
#3304 = LINE('',#3305,#3306);
#3305 = CARTESIAN_POINT('',(0.8,-0.4,0.));
#3306 = VECTOR('',#3307,1.);
#3307 = DIRECTION('',(0.,0.,1.));
#3308 = ORIENTED_EDGE('',*,*,#3309,.F.);
#3309 = EDGE_CURVE('',#3214,#3300,#3310,.T.);
#3310 = LINE('',#3311,#3312);
#3311 = CARTESIAN_POINT('',(0.5,-0.4,3.E-02));
#3312 = VECTOR('',#3313,1.);
#3313 = DIRECTION('',(1.,0.,0.));
#3314 = ORIENTED_EDGE('',*,*,#3213,.T.);
#3315 = ORIENTED_EDGE('',*,*,#3316,.T.);
#3316 = EDGE_CURVE('',#3216,#3302,#3317,.T.);
#3317 = LINE('',#3318,#3319);
#3318 = CARTESIAN_POINT('',(0.5,-0.4,0.77));
#3319 = VECTOR('',#3320,1.);
#3320 = DIRECTION('',(1.,0.,0.));
#3321 = PLANE('',#3322);
#3322 = AXIS2_PLACEMENT_3D('',#3323,#3324,#3325);
#3323 = CARTESIAN_POINT('',(0.5,-0.4,0.));
#3324 = DIRECTION('',(0.,1.,0.));
#3325 = DIRECTION('',(0.,-0.,1.));
#3326 = ADVANCED_FACE('',(#3327),#3346,.T.);
#3327 = FACE_BOUND('',#3328,.T.);
#3328 = EDGE_LOOP('',(#3329,#3330,#3338,#3345));
#3329 = ORIENTED_EDGE('',*,*,#3223,.T.);
#3330 = ORIENTED_EDGE('',*,*,#3331,.T.);
#3331 = EDGE_CURVE('',#3224,#3332,#3334,.T.);
#3332 = VERTEX_POINT('',#3333);
#3333 = CARTESIAN_POINT('',(0.8,-0.37,0.));
#3334 = LINE('',#3335,#3336);
#3335 = CARTESIAN_POINT('',(0.5,-0.37,0.));
#3336 = VECTOR('',#3337,1.);
#3337 = DIRECTION('',(1.,0.,0.));
#3338 = ORIENTED_EDGE('',*,*,#3339,.F.);
#3339 = EDGE_CURVE('',#3300,#3332,#3340,.T.);
#3340 = CIRCLE('',#3341,3.E-02);
#3341 = AXIS2_PLACEMENT_3D('',#3342,#3343,#3344);
#3342 = CARTESIAN_POINT('',(0.8,-0.37,3.E-02));
#3343 = DIRECTION('',(1.,0.,-0.));
#3344 = DIRECTION('',(0.,0.,1.));
#3345 = ORIENTED_EDGE('',*,*,#3309,.F.);
#3346 = CYLINDRICAL_SURFACE('',#3347,3.E-02);
#3347 = AXIS2_PLACEMENT_3D('',#3348,#3349,#3350);
#3348 = CARTESIAN_POINT('',(0.5,-0.37,3.E-02));
#3349 = DIRECTION('',(1.,0.,0.));
#3350 = DIRECTION('',(0.,-1.,0.));
#3351 = ADVANCED_FACE('',(#3352),#3371,.T.);
#3352 = FACE_BOUND('',#3353,.T.);
#3353 = EDGE_LOOP('',(#3354,#3355,#3364,#3370));
#3354 = ORIENTED_EDGE('',*,*,#3316,.T.);
#3355 = ORIENTED_EDGE('',*,*,#3356,.T.);
#3356 = EDGE_CURVE('',#3302,#3357,#3359,.T.);
#3357 = VERTEX_POINT('',#3358);
#3358 = CARTESIAN_POINT('',(0.8,-0.37,0.8));
#3359 = CIRCLE('',#3360,3.E-02);
#3360 = AXIS2_PLACEMENT_3D('',#3361,#3362,#3363);
#3361 = CARTESIAN_POINT('',(0.8,-0.37,0.77));
#3362 = DIRECTION('',(-1.,0.,0.));
#3363 = DIRECTION('',(0.,0.,1.));
#3364 = ORIENTED_EDGE('',*,*,#3365,.F.);
#3365 = EDGE_CURVE('',#3267,#3357,#3366,.T.);
#3366 = LINE('',#3367,#3368);
#3367 = CARTESIAN_POINT('',(0.5,-0.37,0.8));
#3368 = VECTOR('',#3369,1.);
#3369 = DIRECTION('',(1.,0.,0.));
#3370 = ORIENTED_EDGE('',*,*,#3274,.F.);
#3371 = CYLINDRICAL_SURFACE('',#3372,3.E-02);
#3372 = AXIS2_PLACEMENT_3D('',#3373,#3374,#3375);
#3373 = CARTESIAN_POINT('',(0.5,-0.37,0.77));
#3374 = DIRECTION('',(1.,0.,0.));
#3375 = DIRECTION('',(0.,-1.,0.));
#3376 = ADVANCED_FACE('',(#3377),#3395,.F.);
#3377 = FACE_BOUND('',#3378,.F.);
#3378 = EDGE_LOOP('',(#3379,#3380,#3381,#3389));
#3379 = ORIENTED_EDGE('',*,*,#3232,.F.);
#3380 = ORIENTED_EDGE('',*,*,#3331,.T.);
#3381 = ORIENTED_EDGE('',*,*,#3382,.T.);
#3382 = EDGE_CURVE('',#3332,#3383,#3385,.T.);
#3383 = VERTEX_POINT('',#3384);
#3384 = CARTESIAN_POINT('',(0.8,0.37,0.));
#3385 = LINE('',#3386,#3387);
#3386 = CARTESIAN_POINT('',(0.8,-0.4,0.));
#3387 = VECTOR('',#3388,1.);
#3388 = DIRECTION('',(0.,1.,0.));
#3389 = ORIENTED_EDGE('',*,*,#3390,.F.);
#3390 = EDGE_CURVE('',#3233,#3383,#3391,.T.);
#3391 = LINE('',#3392,#3393);
#3392 = CARTESIAN_POINT('',(0.5,0.37,0.));
#3393 = VECTOR('',#3394,1.);
#3394 = DIRECTION('',(1.,0.,0.));
#3395 = PLANE('',#3396);
#3396 = AXIS2_PLACEMENT_3D('',#3397,#3398,#3399);
#3397 = CARTESIAN_POINT('',(0.5,-0.4,0.));
#3398 = DIRECTION('',(0.,0.,1.));
#3399 = DIRECTION('',(1.,0.,-0.));
#3400 = ADVANCED_FACE('',(#3401),#3419,.T.);
#3401 = FACE_BOUND('',#3402,.T.);
#3402 = EDGE_LOOP('',(#3403,#3404,#3405,#3413));
#3403 = ORIENTED_EDGE('',*,*,#3266,.F.);
#3404 = ORIENTED_EDGE('',*,*,#3365,.T.);
#3405 = ORIENTED_EDGE('',*,*,#3406,.T.);
#3406 = EDGE_CURVE('',#3357,#3407,#3409,.T.);
#3407 = VERTEX_POINT('',#3408);
#3408 = CARTESIAN_POINT('',(0.8,0.37,0.8));
#3409 = LINE('',#3410,#3411);
#3410 = CARTESIAN_POINT('',(0.8,-0.4,0.8));
#3411 = VECTOR('',#3412,1.);
#3412 = DIRECTION('',(0.,1.,0.));
#3413 = ORIENTED_EDGE('',*,*,#3414,.F.);
#3414 = EDGE_CURVE('',#3258,#3407,#3415,.T.);
#3415 = LINE('',#3416,#3417);
#3416 = CARTESIAN_POINT('',(0.5,0.37,0.8));
#3417 = VECTOR('',#3418,1.);
#3418 = DIRECTION('',(1.,0.,0.));
#3419 = PLANE('',#3420);
#3420 = AXIS2_PLACEMENT_3D('',#3421,#3422,#3423);
#3421 = CARTESIAN_POINT('',(0.5,-0.4,0.8));
#3422 = DIRECTION('',(0.,0.,1.));
#3423 = DIRECTION('',(1.,0.,-0.));
#3424 = ADVANCED_FACE('',(#3425),#3444,.T.);
#3425 = FACE_BOUND('',#3426,.T.);
#3426 = EDGE_LOOP('',(#3427,#3435,#3442,#3443));
#3427 = ORIENTED_EDGE('',*,*,#3428,.T.);
#3428 = EDGE_CURVE('',#3241,#3429,#3431,.T.);
#3429 = VERTEX_POINT('',#3430);
#3430 = CARTESIAN_POINT('',(0.8,0.4,3.E-02));
#3431 = LINE('',#3432,#3433);
#3432 = CARTESIAN_POINT('',(0.5,0.4,3.E-02));
#3433 = VECTOR('',#3434,1.);
#3434 = DIRECTION('',(1.,0.,0.));
#3435 = ORIENTED_EDGE('',*,*,#3436,.T.);
#3436 = EDGE_CURVE('',#3429,#3383,#3437,.T.);
#3437 = CIRCLE('',#3438,3.E-02);
#3438 = AXIS2_PLACEMENT_3D('',#3439,#3440,#3441);
#3439 = CARTESIAN_POINT('',(0.8,0.37,3.E-02));
#3440 = DIRECTION('',(-1.,0.,0.));
#3441 = DIRECTION('',(0.,0.,1.));
#3442 = ORIENTED_EDGE('',*,*,#3390,.F.);
#3443 = ORIENTED_EDGE('',*,*,#3240,.F.);
#3444 = CYLINDRICAL_SURFACE('',#3445,3.E-02);
#3445 = AXIS2_PLACEMENT_3D('',#3446,#3447,#3448);
#3446 = CARTESIAN_POINT('',(0.5,0.37,3.E-02));
#3447 = DIRECTION('',(1.,0.,0.));
#3448 = DIRECTION('',(-0.,1.,0.));
#3449 = ADVANCED_FACE('',(#3450),#3469,.T.);
#3450 = FACE_BOUND('',#3451,.T.);
#3451 = EDGE_LOOP('',(#3452,#3453,#3454,#3463));
#3452 = ORIENTED_EDGE('',*,*,#3257,.T.);
#3453 = ORIENTED_EDGE('',*,*,#3414,.T.);
#3454 = ORIENTED_EDGE('',*,*,#3455,.F.);
#3455 = EDGE_CURVE('',#3456,#3407,#3458,.T.);
#3456 = VERTEX_POINT('',#3457);
#3457 = CARTESIAN_POINT('',(0.8,0.4,0.77));
#3458 = CIRCLE('',#3459,3.E-02);
#3459 = AXIS2_PLACEMENT_3D('',#3460,#3461,#3462);
#3460 = CARTESIAN_POINT('',(0.8,0.37,0.77));
#3461 = DIRECTION('',(1.,0.,-0.));
#3462 = DIRECTION('',(0.,0.,1.));
#3463 = ORIENTED_EDGE('',*,*,#3464,.F.);
#3464 = EDGE_CURVE('',#3250,#3456,#3465,.T.);
#3465 = LINE('',#3466,#3467);
#3466 = CARTESIAN_POINT('',(0.5,0.4,0.77));
#3467 = VECTOR('',#3468,1.);
#3468 = DIRECTION('',(1.,0.,0.));
#3469 = CYLINDRICAL_SURFACE('',#3470,3.E-02);
#3470 = AXIS2_PLACEMENT_3D('',#3471,#3472,#3473);
#3471 = CARTESIAN_POINT('',(0.5,0.37,0.77));
#3472 = DIRECTION('',(1.,0.,0.));
#3473 = DIRECTION('',(-0.,1.,0.));
#3474 = ADVANCED_FACE('',(#3475),#3486,.T.);
#3475 = FACE_BOUND('',#3476,.T.);
#3476 = EDGE_LOOP('',(#3477,#3483,#3484,#3485));
#3477 = ORIENTED_EDGE('',*,*,#3478,.F.);
#3478 = EDGE_CURVE('',#3429,#3456,#3479,.T.);
#3479 = LINE('',#3480,#3481);
#3480 = CARTESIAN_POINT('',(0.8,0.4,0.));
#3481 = VECTOR('',#3482,1.);
#3482 = DIRECTION('',(0.,0.,1.));
#3483 = ORIENTED_EDGE('',*,*,#3428,.F.);
#3484 = ORIENTED_EDGE('',*,*,#3249,.T.);
#3485 = ORIENTED_EDGE('',*,*,#3464,.T.);
#3486 = PLANE('',#3487);
#3487 = AXIS2_PLACEMENT_3D('',#3488,#3489,#3490);
#3488 = CARTESIAN_POINT('',(0.5,0.4,0.));
#3489 = DIRECTION('',(0.,1.,0.));
#3490 = DIRECTION('',(0.,-0.,1.));
#3491 = ADVANCED_FACE('',(#3492),#3502,.T.);
#3492 = FACE_BOUND('',#3493,.T.);
#3493 = EDGE_LOOP('',(#3494,#3495,#3496,#3497,#3498,#3499,#3500,#3501));
#3494 = ORIENTED_EDGE('',*,*,#3299,.F.);
#3495 = ORIENTED_EDGE('',*,*,#3339,.T.);
#3496 = ORIENTED_EDGE('',*,*,#3382,.T.);
#3497 = ORIENTED_EDGE('',*,*,#3436,.F.);
#3498 = ORIENTED_EDGE('',*,*,#3478,.T.);
#3499 = ORIENTED_EDGE('',*,*,#3455,.T.);
#3500 = ORIENTED_EDGE('',*,*,#3406,.F.);
#3501 = ORIENTED_EDGE('',*,*,#3356,.F.);
#3502 = PLANE('',#3503);
#3503 = AXIS2_PLACEMENT_3D('',#3504,#3505,#3506);
#3504 = CARTESIAN_POINT('',(0.8,-0.4,0.));
#3505 = DIRECTION('',(1.,0.,0.));
#3506 = DIRECTION('',(0.,0.,1.));
#3507 = ( GEOMETRIC_REPRESENTATION_CONTEXT(3) 
GLOBAL_UNCERTAINTY_ASSIGNED_CONTEXT((#3511)) 
GLOBAL_UNIT_ASSIGNED_CONTEXT((#3508,#3509,#3510)) REPRESENTATION_CONTEXT
('Context #1','3D Context with UNIT and UNCERTAINTY') );
#3508 = ( LENGTH_UNIT() NAMED_UNIT(*) SI_UNIT(.MILLI.,.METRE.) );
#3509 = ( NAMED_UNIT(*) PLANE_ANGLE_UNIT() SI_UNIT($,.RADIAN.) );
#3510 = ( NAMED_UNIT(*) SI_UNIT($,.STERADIAN.) SOLID_ANGLE_UNIT() );
#3511 = UNCERTAINTY_MEASURE_WITH_UNIT(LENGTH_MEASURE(1.E-07),#3508,
  'distance_accuracy_value','confusion accuracy');
#3512 = CONTEXT_DEPENDENT_SHAPE_REPRESENTATION(#3513,#3515);
#3513 = ( REPRESENTATION_RELATIONSHIP('','',#2652,#2629) 
REPRESENTATION_RELATIONSHIP_WITH_TRANSFORMATION(#3514) 
SHAPE_REPRESENTATION_RELATIONSHIP() );
#3514 = ITEM_DEFINED_TRANSFORMATION('','',#11,#2630);
#3515 = PRODUCT_DEFINITION_SHAPE('Placement','Placement of an item',
  #3516);
#3516 = NEXT_ASSEMBLY_USAGE_OCCURRENCE('10','=>[0:1:1:7]','',#2624,#2647
  ,$);
#3517 = PRODUCT_RELATED_PRODUCT_CATEGORY('part',$,(#2649));
#3518 = CONTEXT_DEPENDENT_SHAPE_REPRESENTATION(#3519,#3521);
#3519 = ( REPRESENTATION_RELATIONSHIP('','',#2629,#10) 
REPRESENTATION_RELATIONSHIP_WITH_TRANSFORMATION(#3520) 
SHAPE_REPRESENTATION_RELATIONSHIP() );
#3520 = ITEM_DEFINED_TRANSFORMATION('','',#11,#47);
#3521 = PRODUCT_DEFINITION_SHAPE('Placement','Placement of an item',
  #3522);
#3522 = NEXT_ASSEMBLY_USAGE_OCCURRENCE('12','C13','',#5,#2624,$);
#3523 = CONTEXT_DEPENDENT_SHAPE_REPRESENTATION(#3524,#3526);
#3524 = ( REPRESENTATION_RELATIONSHIP('','',#876,#10) 
REPRESENTATION_RELATIONSHIP_WITH_TRANSFORMATION(#3525) 
SHAPE_REPRESENTATION_RELATIONSHIP() );
#3525 = ITEM_DEFINED_TRANSFORMATION('','',#11,#51);
#3526 = PRODUCT_DEFINITION_SHAPE('Placement','Placement of an item',
  #3527);
#3527 = NEXT_ASSEMBLY_USAGE_OCCURRENCE('13','C40','',#5,#871,$);
#3528 = CONTEXT_DEPENDENT_SHAPE_REPRESENTATION(#3529,#3531);
#3529 = ( REPRESENTATION_RELATIONSHIP('','',#2629,#10) 
REPRESENTATION_RELATIONSHIP_WITH_TRANSFORMATION(#3530) 
SHAPE_REPRESENTATION_RELATIONSHIP() );
#3530 = ITEM_DEFINED_TRANSFORMATION('','',#11,#55);
#3531 = PRODUCT_DEFINITION_SHAPE('Placement','Placement of an item',
  #3532);
#3532 = NEXT_ASSEMBLY_USAGE_OCCURRENCE('14','C35','',#5,#2624,$);
#3533 = CONTEXT_DEPENDENT_SHAPE_REPRESENTATION(#3534,#3536);
#3534 = ( REPRESENTATION_RELATIONSHIP('','',#876,#10) 
REPRESENTATION_RELATIONSHIP_WITH_TRANSFORMATION(#3535) 
SHAPE_REPRESENTATION_RELATIONSHIP() );
#3535 = ITEM_DEFINED_TRANSFORMATION('','',#11,#59);
#3536 = PRODUCT_DEFINITION_SHAPE('Placement','Placement of an item',
  #3537);
#3537 = NEXT_ASSEMBLY_USAGE_OCCURRENCE('15','C5','',#5,#871,$);
#3538 = CONTEXT_DEPENDENT_SHAPE_REPRESENTATION(#3539,#3541);
#3539 = ( REPRESENTATION_RELATIONSHIP('','',#876,#10) 
REPRESENTATION_RELATIONSHIP_WITH_TRANSFORMATION(#3540) 
SHAPE_REPRESENTATION_RELATIONSHIP() );
#3540 = ITEM_DEFINED_TRANSFORMATION('','',#11,#63);
#3541 = PRODUCT_DEFINITION_SHAPE('Placement','Placement of an item',
  #3542);
#3542 = NEXT_ASSEMBLY_USAGE_OCCURRENCE('16','C115','',#5,#871,$);
#3543 = CONTEXT_DEPENDENT_SHAPE_REPRESENTATION(#3544,#3546);
#3544 = ( REPRESENTATION_RELATIONSHIP('','',#2629,#10) 
REPRESENTATION_RELATIONSHIP_WITH_TRANSFORMATION(#3545) 
SHAPE_REPRESENTATION_RELATIONSHIP() );
#3545 = ITEM_DEFINED_TRANSFORMATION('','',#11,#67);
#3546 = PRODUCT_DEFINITION_SHAPE('Placement','Placement of an item',
  #3547);
#3547 = NEXT_ASSEMBLY_USAGE_OCCURRENCE('17','C12','',#5,#2624,$);
#3548 = CONTEXT_DEPENDENT_SHAPE_REPRESENTATION(#3549,#3551);
#3549 = ( REPRESENTATION_RELATIONSHIP('','',#876,#10) 
REPRESENTATION_RELATIONSHIP_WITH_TRANSFORMATION(#3550) 
SHAPE_REPRESENTATION_RELATIONSHIP() );
#3550 = ITEM_DEFINED_TRANSFORMATION('','',#11,#71);
#3551 = PRODUCT_DEFINITION_SHAPE('Placement','Placement of an item',
  #3552);
#3552 = NEXT_ASSEMBLY_USAGE_OCCURRENCE('18','C63','',#5,#871,$);
#3553 = CONTEXT_DEPENDENT_SHAPE_REPRESENTATION(#3554,#3556);
#3554 = ( REPRESENTATION_RELATIONSHIP('','',#1772,#10) 
REPRESENTATION_RELATIONSHIP_WITH_TRANSFORMATION(#3555) 
SHAPE_REPRESENTATION_RELATIONSHIP() );
#3555 = ITEM_DEFINED_TRANSFORMATION('','',#11,#75);
#3556 = PRODUCT_DEFINITION_SHAPE('Placement','Placement of an item',
  #3557);
#3557 = NEXT_ASSEMBLY_USAGE_OCCURRENCE('19','R11','',#5,#1767,$);
#3558 = CONTEXT_DEPENDENT_SHAPE_REPRESENTATION(#3559,#3561);
#3559 = ( REPRESENTATION_RELATIONSHIP('','',#876,#10) 
REPRESENTATION_RELATIONSHIP_WITH_TRANSFORMATION(#3560) 
SHAPE_REPRESENTATION_RELATIONSHIP() );
#3560 = ITEM_DEFINED_TRANSFORMATION('','',#11,#79);
#3561 = PRODUCT_DEFINITION_SHAPE('Placement','Placement of an item',
  #3562);
#3562 = NEXT_ASSEMBLY_USAGE_OCCURRENCE('20','C97','',#5,#871,$);
#3563 = CONTEXT_DEPENDENT_SHAPE_REPRESENTATION(#3564,#3566);
#3564 = ( REPRESENTATION_RELATIONSHIP('','',#876,#10) 
REPRESENTATION_RELATIONSHIP_WITH_TRANSFORMATION(#3565) 
SHAPE_REPRESENTATION_RELATIONSHIP() );
#3565 = ITEM_DEFINED_TRANSFORMATION('','',#11,#83);
#3566 = PRODUCT_DEFINITION_SHAPE('Placement','Placement of an item',
  #3567);
#3567 = NEXT_ASSEMBLY_USAGE_OCCURRENCE('21','C65','',#5,#871,$);
#3568 = CONTEXT_DEPENDENT_SHAPE_REPRESENTATION(#3569,#3571);
#3569 = ( REPRESENTATION_RELATIONSHIP('','',#1772,#10) 
REPRESENTATION_RELATIONSHIP_WITH_TRANSFORMATION(#3570) 
SHAPE_REPRESENTATION_RELATIONSHIP() );
#3570 = ITEM_DEFINED_TRANSFORMATION('','',#11,#87);
#3571 = PRODUCT_DEFINITION_SHAPE('Placement','Placement of an item',
  #3572);
#3572 = NEXT_ASSEMBLY_USAGE_OCCURRENCE('22','R21','',#5,#1767,$);
#3573 = SHAPE_DEFINITION_REPRESENTATION(#3574,#3580);
#3574 = PRODUCT_DEFINITION_SHAPE('','',#3575);
#3575 = PRODUCT_DEFINITION('design','',#3576,#3579);
#3576 = PRODUCT_DEFINITION_FORMATION('','',#3577);
#3577 = PRODUCT('D_0603_1608Metric','D_0603_1608Metric','',(#3578));
#3578 = PRODUCT_CONTEXT('',#2,'mechanical');
#3579 = PRODUCT_DEFINITION_CONTEXT('part definition',#2,'design');
#3580 = SHAPE_REPRESENTATION('',(#11,#3581),#3585);
#3581 = AXIS2_PLACEMENT_3D('',#3582,#3583,#3584);
#3582 = CARTESIAN_POINT('',(0.,0.,0.));
#3583 = DIRECTION('',(0.,0.,1.));
#3584 = DIRECTION('',(1.,0.,-0.));
#3585 = ( GEOMETRIC_REPRESENTATION_CONTEXT(3) 
GLOBAL_UNCERTAINTY_ASSIGNED_CONTEXT((#3589)) 
GLOBAL_UNIT_ASSIGNED_CONTEXT((#3586,#3587,#3588)) REPRESENTATION_CONTEXT
('Context #1','3D Context with UNIT and UNCERTAINTY') );
#3586 = ( LENGTH_UNIT() NAMED_UNIT(*) SI_UNIT(.MILLI.,.METRE.) );
#3587 = ( NAMED_UNIT(*) PLANE_ANGLE_UNIT() SI_UNIT($,.RADIAN.) );
#3588 = ( NAMED_UNIT(*) SI_UNIT($,.STERADIAN.) SOLID_ANGLE_UNIT() );
#3589 = UNCERTAINTY_MEASURE_WITH_UNIT(LENGTH_MEASURE(1.E-07),#3586,
  'distance_accuracy_value','confusion accuracy');
#3590 = CONTEXT_DEPENDENT_SHAPE_REPRESENTATION(#3591,#3593);
#3591 = ( REPRESENTATION_RELATIONSHIP('','',#3580,#10) 
REPRESENTATION_RELATIONSHIP_WITH_TRANSFORMATION(#3592) 
SHAPE_REPRESENTATION_RELATIONSHIP() );
#3592 = ITEM_DEFINED_TRANSFORMATION('','',#11,#91);
#3593 = PRODUCT_DEFINITION_SHAPE('Placement','Placement of an item',
  #3594);
#3594 = NEXT_ASSEMBLY_USAGE_OCCURRENCE('24','D3','',#5,#3575,$);
#3595 = PRODUCT_RELATED_PRODUCT_CATEGORY('part',$,(#3577));
#3596 = SHAPE_DEFINITION_REPRESENTATION(#3597,#3603);
#3597 = PRODUCT_DEFINITION_SHAPE('','',#3598);
#3598 = PRODUCT_DEFINITION('design','',#3599,#3602);
#3599 = PRODUCT_DEFINITION_FORMATION('','',#3600);
#3600 = PRODUCT('D_0603','D_0603','',(#3601));
#3601 = PRODUCT_CONTEXT('',#2,'mechanical');
#3602 = PRODUCT_DEFINITION_CONTEXT('part definition',#2,'design');
#3603 = ADVANCED_BREP_SHAPE_REPRESENTATION('',(#11,#3604),#4928);
#3604 = MANIFOLD_SOLID_BREP('',#3605);
#3605 = CLOSED_SHELL('',(#3606,#3663,#3746,#3781,#3871,#3896,#3971,#3988
    ,#4074,#4098,#4206,#4223,#4240,#4264,#4276,#4293,#4305,#4322,#4339,
    #4356,#4425,#4450,#4467,#4533,#4545,#4562,#4593,#4617,#4641,#4658,
    #4692,#4727,#4751,#4786,#4813,#4848,#4872,#4900,#4912));
#3606 = ADVANCED_FACE('',(#3607),#3658,.T.);
#3607 = FACE_BOUND('',#3608,.T.);
#3608 = EDGE_LOOP('',(#3609,#3619,#3627,#3635,#3643,#3652));
#3609 = ORIENTED_EDGE('',*,*,#3610,.F.);
#3610 = EDGE_CURVE('',#3611,#3613,#3615,.T.);
#3611 = VERTEX_POINT('',#3612);
#3612 = CARTESIAN_POINT('',(0.48,0.35,0.66));
#3613 = VERTEX_POINT('',#3614);
#3614 = CARTESIAN_POINT('',(0.77,0.35,0.66));
#3615 = LINE('',#3616,#3617);
#3616 = CARTESIAN_POINT('',(0.45,0.35,0.66));
#3617 = VECTOR('',#3618,1.);
#3618 = DIRECTION('',(1.,-2.22044604925E-16,0.));
#3619 = ORIENTED_EDGE('',*,*,#3620,.T.);
#3620 = EDGE_CURVE('',#3611,#3621,#3623,.T.);
#3621 = VERTEX_POINT('',#3622);
#3622 = CARTESIAN_POINT('',(0.48,-0.35,0.66));
#3623 = LINE('',#3624,#3625);
#3624 = CARTESIAN_POINT('',(0.48,0.35,0.66));
#3625 = VECTOR('',#3626,1.);
#3626 = DIRECTION('',(-2.22044604925E-16,-1.,0.));
#3627 = ORIENTED_EDGE('',*,*,#3628,.T.);
#3628 = EDGE_CURVE('',#3621,#3629,#3631,.T.);
#3629 = VERTEX_POINT('',#3630);
#3630 = CARTESIAN_POINT('',(0.77,-0.35,0.66));
#3631 = LINE('',#3632,#3633);
#3632 = CARTESIAN_POINT('',(0.45,-0.35,0.66));
#3633 = VECTOR('',#3634,1.);
#3634 = DIRECTION('',(1.,-2.22044604925E-16,0.));
#3635 = ORIENTED_EDGE('',*,*,#3636,.F.);
#3636 = EDGE_CURVE('',#3637,#3629,#3639,.T.);
#3637 = VERTEX_POINT('',#3638);
#3638 = CARTESIAN_POINT('',(0.77,-0.21,0.66));
#3639 = LINE('',#3640,#3641);
#3640 = CARTESIAN_POINT('',(0.77,0.35,0.66));
#3641 = VECTOR('',#3642,1.);
#3642 = DIRECTION('',(-2.22044604925E-16,-1.,0.));
#3643 = ORIENTED_EDGE('',*,*,#3644,.F.);
#3644 = EDGE_CURVE('',#3645,#3637,#3647,.T.);
#3645 = VERTEX_POINT('',#3646);
#3646 = CARTESIAN_POINT('',(0.77,0.21,0.66));
#3647 = CIRCLE('',#3648,0.21);
#3648 = AXIS2_PLACEMENT_3D('',#3649,#3650,#3651);
#3649 = CARTESIAN_POINT('',(0.77,-1.848521336001E-16,0.66));
#3650 = DIRECTION('',(0.,0.,1.));
#3651 = DIRECTION('',(-2.22044604925E-16,-1.,0.));
#3652 = ORIENTED_EDGE('',*,*,#3653,.F.);
#3653 = EDGE_CURVE('',#3613,#3645,#3654,.T.);
#3654 = LINE('',#3655,#3656);
#3655 = CARTESIAN_POINT('',(0.77,0.35,0.66));
#3656 = VECTOR('',#3657,1.);
#3657 = DIRECTION('',(-2.22044604925E-16,-1.,0.));
#3658 = PLANE('',#3659);
#3659 = AXIS2_PLACEMENT_3D('',#3660,#3661,#3662);
#3660 = CARTESIAN_POINT('',(0.45,0.35,0.66));
#3661 = DIRECTION('',(0.,0.,1.));
#3662 = DIRECTION('',(-2.22044604925E-16,-1.,0.));
#3663 = ADVANCED_FACE('',(#3664),#3741,.F.);
#3664 = FACE_BOUND('',#3665,.F.);
#3665 = EDGE_LOOP('',(#3666,#3676,#3685,#3693,#3702,#3710,#3717,#3718,
    #3727,#3735));
#3666 = ORIENTED_EDGE('',*,*,#3667,.F.);
#3667 = EDGE_CURVE('',#3668,#3670,#3672,.T.);
#3668 = VERTEX_POINT('',#3669);
#3669 = CARTESIAN_POINT('',(0.45,0.35,3.E-02));
#3670 = VERTEX_POINT('',#3671);
#3671 = CARTESIAN_POINT('',(0.785,0.35,3.E-02));
#3672 = LINE('',#3673,#3674);
#3673 = CARTESIAN_POINT('',(-0.1675,0.35,3.E-02));
#3674 = VECTOR('',#3675,1.);
#3675 = DIRECTION('',(1.,-2.22044604925E-16,0.));
#3676 = ORIENTED_EDGE('',*,*,#3677,.T.);
#3677 = EDGE_CURVE('',#3668,#3678,#3680,.T.);
#3678 = VERTEX_POINT('',#3679);
#3679 = CARTESIAN_POINT('',(0.48,0.35,-3.469446951954E-18));
#3680 = CIRCLE('',#3681,3.E-02);
#3681 = AXIS2_PLACEMENT_3D('',#3682,#3683,#3684);
#3682 = CARTESIAN_POINT('',(0.48,0.35,3.E-02));
#3683 = DIRECTION('',(-2.22044604925E-16,-1.,0.));
#3684 = DIRECTION('',(0.,0.,1.));
#3685 = ORIENTED_EDGE('',*,*,#3686,.T.);
#3686 = EDGE_CURVE('',#3678,#3687,#3689,.T.);
#3687 = VERTEX_POINT('',#3688);
#3688 = CARTESIAN_POINT('',(0.77,0.35,-3.469446951954E-18));
#3689 = LINE('',#3690,#3691);
#3690 = CARTESIAN_POINT('',(0.45,0.35,0.));
#3691 = VECTOR('',#3692,1.);
#3692 = DIRECTION('',(1.,-2.22044604925E-16,0.));
#3693 = ORIENTED_EDGE('',*,*,#3694,.F.);
#3694 = EDGE_CURVE('',#3695,#3687,#3697,.T.);
#3695 = VERTEX_POINT('',#3696);
#3696 = CARTESIAN_POINT('',(0.8,0.35,3.E-02));
#3697 = CIRCLE('',#3698,3.E-02);
#3698 = AXIS2_PLACEMENT_3D('',#3699,#3700,#3701);
#3699 = CARTESIAN_POINT('',(0.77,0.35,3.E-02));
#3700 = DIRECTION('',(2.22044604925E-16,1.,-0.));
#3701 = DIRECTION('',(0.,0.,1.));
#3702 = ORIENTED_EDGE('',*,*,#3703,.T.);
#3703 = EDGE_CURVE('',#3695,#3704,#3706,.T.);
#3704 = VERTEX_POINT('',#3705);
#3705 = CARTESIAN_POINT('',(0.8,0.35,0.63));
#3706 = LINE('',#3707,#3708);
#3707 = CARTESIAN_POINT('',(0.8,0.35,0.));
#3708 = VECTOR('',#3709,1.);
#3709 = DIRECTION('',(0.,0.,1.));
#3710 = ORIENTED_EDGE('',*,*,#3711,.T.);
#3711 = EDGE_CURVE('',#3704,#3613,#3712,.T.);
#3712 = CIRCLE('',#3713,3.E-02);
#3713 = AXIS2_PLACEMENT_3D('',#3714,#3715,#3716);
#3714 = CARTESIAN_POINT('',(0.77,0.35,0.63));
#3715 = DIRECTION('',(-2.22044604925E-16,-1.,0.));
#3716 = DIRECTION('',(0.,0.,1.));
#3717 = ORIENTED_EDGE('',*,*,#3610,.F.);
#3718 = ORIENTED_EDGE('',*,*,#3719,.F.);
#3719 = EDGE_CURVE('',#3720,#3611,#3722,.T.);
#3720 = VERTEX_POINT('',#3721);
#3721 = CARTESIAN_POINT('',(0.45,0.35,0.63));
#3722 = CIRCLE('',#3723,3.E-02);
#3723 = AXIS2_PLACEMENT_3D('',#3724,#3725,#3726);
#3724 = CARTESIAN_POINT('',(0.48,0.35,0.63));
#3725 = DIRECTION('',(2.22044604925E-16,1.,-0.));
#3726 = DIRECTION('',(0.,0.,1.));
#3727 = ORIENTED_EDGE('',*,*,#3728,.T.);
#3728 = EDGE_CURVE('',#3720,#3729,#3731,.T.);
#3729 = VERTEX_POINT('',#3730);
#3730 = CARTESIAN_POINT('',(0.785,0.35,0.63));
#3731 = LINE('',#3732,#3733);
#3732 = CARTESIAN_POINT('',(-0.1675,0.35,0.63));
#3733 = VECTOR('',#3734,1.);
#3734 = DIRECTION('',(1.,-2.22044604925E-16,0.));
#3735 = ORIENTED_EDGE('',*,*,#3736,.T.);
#3736 = EDGE_CURVE('',#3729,#3670,#3737,.T.);
#3737 = LINE('',#3738,#3739);
#3738 = CARTESIAN_POINT('',(0.785,0.35,1.5E-02));
#3739 = VECTOR('',#3740,1.);
#3740 = DIRECTION('',(0.,0.,-1.));
#3741 = PLANE('',#3742);
#3742 = AXIS2_PLACEMENT_3D('',#3743,#3744,#3745);
#3743 = CARTESIAN_POINT('',(0.45,0.35,0.));
#3744 = DIRECTION('',(-2.22044604925E-16,-1.,0.));
#3745 = DIRECTION('',(0.,0.,1.));
#3746 = ADVANCED_FACE('',(#3747),#3776,.T.);
#3747 = FACE_BOUND('',#3748,.T.);
#3748 = EDGE_LOOP('',(#3749,#3757,#3758,#3759));
#3749 = ORIENTED_EDGE('',*,*,#3750,.F.);
#3750 = EDGE_CURVE('',#3704,#3751,#3753,.T.);
#3751 = VERTEX_POINT('',#3752);
#3752 = CARTESIAN_POINT('',(0.8,0.207846096908,0.63));
#3753 = LINE('',#3754,#3755);
#3754 = CARTESIAN_POINT('',(0.8,0.35,0.63));
#3755 = VECTOR('',#3756,1.);
#3756 = DIRECTION('',(-2.22044604925E-16,-1.,0.));
#3757 = ORIENTED_EDGE('',*,*,#3711,.T.);
#3758 = ORIENTED_EDGE('',*,*,#3653,.T.);
#3759 = ORIENTED_EDGE('',*,*,#3760,.F.);
#3760 = EDGE_CURVE('',#3751,#3645,#3761,.T.);
#3761 = B_SPLINE_CURVE_WITH_KNOTS('',7,(#3762,#3763,#3764,#3765,#3766,
    #3767,#3768,#3769,#3770,#3771,#3772,#3773,#3774,#3775),
  .UNSPECIFIED.,.F.,.F.,(8,6,8),(0.,0.874463336063,1.),.UNSPECIFIED.);
#3762 = CARTESIAN_POINT('',(0.8,0.207846096908,0.63));
#3763 = CARTESIAN_POINT('',(0.8,0.207846096908,0.636345841058));
#3764 = CARTESIAN_POINT('',(0.798433952319,0.208072144873,0.642469507615
    ));
#3765 = CARTESIAN_POINT('',(0.795499279423,0.208495687659,0.64798381764)
  );
#3766 = CARTESIAN_POINT('',(0.791441116875,0.209005633614,0.652610174937
    ));
#3767 = CARTESIAN_POINT('',(0.786545018706,0.209461860626,0.65612783499)
  );
#3768 = CARTESIAN_POINT('',(0.78115642072,0.209776529343,0.658412763373)
  );
#3769 = CARTESIAN_POINT('',(0.774826845706,0.20994602495,0.659620194383)
  );
#3770 = CARTESIAN_POINT('',(0.774028016437,0.209963904989,0.659746673099
    ));
#3771 = CARTESIAN_POINT('',(0.773225799574,0.209978298192,0.659847954753
    ));
#3772 = CARTESIAN_POINT('',(0.772421042633,0.209989137789,0.659923965218
    ));
#3773 = CARTESIAN_POINT('',(0.771614592695,0.209996379192,0.659974655151
    ));
#3774 = CARTESIAN_POINT('',(0.77080729641,0.21,0.66));
#3775 = CARTESIAN_POINT('',(0.77,0.21,0.66));
#3776 = CYLINDRICAL_SURFACE('',#3777,3.E-02);
#3777 = AXIS2_PLACEMENT_3D('',#3778,#3779,#3780);
#3778 = CARTESIAN_POINT('',(0.77,0.35,0.63));
#3779 = DIRECTION('',(-2.22044604925E-16,-1.,0.));
#3780 = DIRECTION('',(1.,-2.22044604925E-16,0.));
#3781 = ADVANCED_FACE('',(#3782),#3866,.F.);
#3782 = FACE_BOUND('',#3783,.F.);
#3783 = EDGE_LOOP('',(#3784,#3794,#3811,#3812,#3813,#3821,#3840,#3849));
#3784 = ORIENTED_EDGE('',*,*,#3785,.T.);
#3785 = EDGE_CURVE('',#3786,#3788,#3790,.T.);
#3786 = VERTEX_POINT('',#3787);
#3787 = CARTESIAN_POINT('',(0.8,-0.207846096908,3.E-02));
#3788 = VERTEX_POINT('',#3789);
#3789 = CARTESIAN_POINT('',(0.8,-0.207846096908,0.63));
#3790 = LINE('',#3791,#3792);
#3791 = CARTESIAN_POINT('',(0.8,-0.207846096908,0.66));
#3792 = VECTOR('',#3793,1.);
#3793 = DIRECTION('',(0.,0.,1.));
#3794 = ORIENTED_EDGE('',*,*,#3795,.T.);
#3795 = EDGE_CURVE('',#3788,#3637,#3796,.T.);
#3796 = B_SPLINE_CURVE_WITH_KNOTS('',7,(#3797,#3798,#3799,#3800,#3801,
    #3802,#3803,#3804,#3805,#3806,#3807,#3808,#3809,#3810),
  .UNSPECIFIED.,.F.,.F.,(8,6,8),(0.,0.874463336087,1.),.UNSPECIFIED.);
#3797 = CARTESIAN_POINT('',(0.8,-0.207846096908,0.63));
#3798 = CARTESIAN_POINT('',(0.8,-0.207846096908,0.636345841059));
#3799 = CARTESIAN_POINT('',(0.798433952319,-0.208072144873,
    0.642469507615));
#3800 = CARTESIAN_POINT('',(0.795499279423,-0.208495687659,0.64798381764
    ));
#3801 = CARTESIAN_POINT('',(0.791441116875,-0.209005633614,
    0.652610174938));
#3802 = CARTESIAN_POINT('',(0.786545018706,-0.209461860626,0.65612783499
    ));
#3803 = CARTESIAN_POINT('',(0.78115642072,-0.209776529343,0.658412763373
    ));
#3804 = CARTESIAN_POINT('',(0.774826845706,-0.20994602495,0.659620194383
    ));
#3805 = CARTESIAN_POINT('',(0.774028016437,-0.209963905022,
    0.659746673217));
#3806 = CARTESIAN_POINT('',(0.773225799574,-0.209978298237,
    0.659847954909));
#3807 = CARTESIAN_POINT('',(0.772421042633,-0.209989137801,0.65992396526
    ));
#3808 = CARTESIAN_POINT('',(0.771614592695,-0.209996379145,
    0.659974654986));
#3809 = CARTESIAN_POINT('',(0.770807296411,-0.209999999919,
    0.659999999717));
#3810 = CARTESIAN_POINT('',(0.77,-0.21,0.66));
#3811 = ORIENTED_EDGE('',*,*,#3644,.F.);
#3812 = ORIENTED_EDGE('',*,*,#3760,.F.);
#3813 = ORIENTED_EDGE('',*,*,#3814,.F.);
#3814 = EDGE_CURVE('',#3815,#3751,#3817,.T.);
#3815 = VERTEX_POINT('',#3816);
#3816 = CARTESIAN_POINT('',(0.8,0.207846096908,3.E-02));
#3817 = LINE('',#3818,#3819);
#3818 = CARTESIAN_POINT('',(0.8,0.207846096908,0.66));
#3819 = VECTOR('',#3820,1.);
#3820 = DIRECTION('',(0.,0.,1.));
#3821 = ORIENTED_EDGE('',*,*,#3822,.T.);
#3822 = EDGE_CURVE('',#3815,#3823,#3825,.T.);
#3823 = VERTEX_POINT('',#3824);
#3824 = CARTESIAN_POINT('',(0.77,0.21,-3.469446951954E-18));
#3825 = B_SPLINE_CURVE_WITH_KNOTS('',7,(#3826,#3827,#3828,#3829,#3830,
    #3831,#3832,#3833,#3834,#3835,#3836,#3837,#3838,#3839),
  .UNSPECIFIED.,.F.,.F.,(8,6,8),(0.,0.874463336063,1.),.UNSPECIFIED.);
#3826 = CARTESIAN_POINT('',(0.8,0.207846096908,3.E-02));
#3827 = CARTESIAN_POINT('',(0.8,0.207846096908,2.365415894152E-02));
#3828 = CARTESIAN_POINT('',(0.798433952319,0.208072144873,
    1.753049238528E-02));
#3829 = CARTESIAN_POINT('',(0.795499279423,0.208495687659,
    1.201618235995E-02));
#3830 = CARTESIAN_POINT('',(0.791441116875,0.209005633614,
    7.389825062529E-03));
#3831 = CARTESIAN_POINT('',(0.786545018706,0.209461860626,
    3.872165010373E-03));
#3832 = CARTESIAN_POINT('',(0.78115642072,0.209776529343,
    1.587236626824E-03));
#3833 = CARTESIAN_POINT('',(0.774826845706,0.20994602495,
    3.798056172653E-04));
#3834 = CARTESIAN_POINT('',(0.774028016437,0.209963904989,
    2.533269011312E-04));
#3835 = CARTESIAN_POINT('',(0.773225799574,0.209978298192,
    1.520452465003E-04));
#3836 = CARTESIAN_POINT('',(0.772421042633,0.209989137789,
    7.603478218543E-05));
#3837 = CARTESIAN_POINT('',(0.771614592695,0.209996379192,
    2.534484904841E-05));
#3838 = CARTESIAN_POINT('',(0.77080729641,0.21,-1.734723475977E-18));
#3839 = CARTESIAN_POINT('',(0.77,0.21,-1.734723475977E-18));
#3840 = ORIENTED_EDGE('',*,*,#3841,.T.);
#3841 = EDGE_CURVE('',#3823,#3842,#3844,.T.);
#3842 = VERTEX_POINT('',#3843);
#3843 = CARTESIAN_POINT('',(0.77,-0.21,-1.734723475977E-18));
#3844 = CIRCLE('',#3845,0.21);
#3845 = AXIS2_PLACEMENT_3D('',#3846,#3847,#3848);
#3846 = CARTESIAN_POINT('',(0.77,-1.848521336001E-16,0.));
#3847 = DIRECTION('',(0.,0.,1.));
#3848 = DIRECTION('',(-2.22044604925E-16,-1.,0.));
#3849 = ORIENTED_EDGE('',*,*,#3850,.F.);
#3850 = EDGE_CURVE('',#3786,#3842,#3851,.T.);
#3851 = B_SPLINE_CURVE_WITH_KNOTS('',7,(#3852,#3853,#3854,#3855,#3856,
    #3857,#3858,#3859,#3860,#3861,#3862,#3863,#3864,#3865),
  .UNSPECIFIED.,.F.,.F.,(8,6,8),(0.,0.874463336086,1.),.UNSPECIFIED.);
#3852 = CARTESIAN_POINT('',(0.8,-0.207846096908,3.E-02));
#3853 = CARTESIAN_POINT('',(0.8,-0.207846096908,2.365415894153E-02));
#3854 = CARTESIAN_POINT('',(0.798433952319,-0.208072144873,
    1.753049238527E-02));
#3855 = CARTESIAN_POINT('',(0.795499279423,-0.208495687659,
    1.201618235995E-02));
#3856 = CARTESIAN_POINT('',(0.791441116875,-0.209005633614,
    7.389825062537E-03));
#3857 = CARTESIAN_POINT('',(0.786545018706,-0.209461860626,
    3.872165010374E-03));
#3858 = CARTESIAN_POINT('',(0.78115642072,-0.209776529343,
    1.587236626821E-03));
#3859 = CARTESIAN_POINT('',(0.774826845706,-0.20994602495,
    3.798056172976E-04));
#3860 = CARTESIAN_POINT('',(0.774028016437,-0.209963905022,
    2.533267834389E-04));
#3861 = CARTESIAN_POINT('',(0.773225799574,-0.209978298237,
    1.520450911262E-04));
#3862 = CARTESIAN_POINT('',(0.772421042633,-0.209989137801,
    7.603473981997E-05));
#3863 = CARTESIAN_POINT('',(0.771614592695,-0.209996379145,
    2.534501387762E-05));
#3864 = CARTESIAN_POINT('',(0.770807296411,-0.209999999919,
    2.825537414566E-10));
#3865 = CARTESIAN_POINT('',(0.77,-0.21,-1.734723475977E-18));
#3866 = CYLINDRICAL_SURFACE('',#3867,0.21);
#3867 = AXIS2_PLACEMENT_3D('',#3868,#3869,#3870);
#3868 = CARTESIAN_POINT('',(0.77,-1.848521336001E-16,0.66));
#3869 = DIRECTION('',(0.,0.,1.));
#3870 = DIRECTION('',(-2.22044604925E-16,-1.,0.));
#3871 = ADVANCED_FACE('',(#3872),#3891,.T.);
#3872 = FACE_BOUND('',#3873,.T.);
#3873 = EDGE_LOOP('',(#3874,#3882,#3883,#3884));
#3874 = ORIENTED_EDGE('',*,*,#3875,.F.);
#3875 = EDGE_CURVE('',#3788,#3876,#3878,.T.);
#3876 = VERTEX_POINT('',#3877);
#3877 = CARTESIAN_POINT('',(0.8,-0.35,0.63));
#3878 = LINE('',#3879,#3880);
#3879 = CARTESIAN_POINT('',(0.8,0.35,0.63));
#3880 = VECTOR('',#3881,1.);
#3881 = DIRECTION('',(-2.22044604925E-16,-1.,0.));
#3882 = ORIENTED_EDGE('',*,*,#3795,.T.);
#3883 = ORIENTED_EDGE('',*,*,#3636,.T.);
#3884 = ORIENTED_EDGE('',*,*,#3885,.F.);
#3885 = EDGE_CURVE('',#3876,#3629,#3886,.T.);
#3886 = CIRCLE('',#3887,3.E-02);
#3887 = AXIS2_PLACEMENT_3D('',#3888,#3889,#3890);
#3888 = CARTESIAN_POINT('',(0.77,-0.35,0.63));
#3889 = DIRECTION('',(-2.22044604925E-16,-1.,0.));
#3890 = DIRECTION('',(0.,0.,1.));
#3891 = CYLINDRICAL_SURFACE('',#3892,3.E-02);
#3892 = AXIS2_PLACEMENT_3D('',#3893,#3894,#3895);
#3893 = CARTESIAN_POINT('',(0.77,0.35,0.63));
#3894 = DIRECTION('',(-2.22044604925E-16,-1.,0.));
#3895 = DIRECTION('',(1.,-2.22044604925E-16,0.));
#3896 = ADVANCED_FACE('',(#3897),#3966,.T.);
#3897 = FACE_BOUND('',#3898,.T.);
#3898 = EDGE_LOOP('',(#3899,#3909,#3918,#3926,#3935,#3941,#3942,#3943,
    #3952,#3960));
#3899 = ORIENTED_EDGE('',*,*,#3900,.F.);
#3900 = EDGE_CURVE('',#3901,#3903,#3905,.T.);
#3901 = VERTEX_POINT('',#3902);
#3902 = CARTESIAN_POINT('',(0.45,-0.35,3.E-02));
#3903 = VERTEX_POINT('',#3904);
#3904 = CARTESIAN_POINT('',(0.785,-0.35,3.E-02));
#3905 = LINE('',#3906,#3907);
#3906 = CARTESIAN_POINT('',(-0.1675,-0.35,3.E-02));
#3907 = VECTOR('',#3908,1.);
#3908 = DIRECTION('',(1.,-2.22044604925E-16,0.));
#3909 = ORIENTED_EDGE('',*,*,#3910,.T.);
#3910 = EDGE_CURVE('',#3901,#3911,#3913,.T.);
#3911 = VERTEX_POINT('',#3912);
#3912 = CARTESIAN_POINT('',(0.48,-0.35,-3.469446951954E-18));
#3913 = CIRCLE('',#3914,3.E-02);
#3914 = AXIS2_PLACEMENT_3D('',#3915,#3916,#3917);
#3915 = CARTESIAN_POINT('',(0.48,-0.35,3.E-02));
#3916 = DIRECTION('',(-2.22044604925E-16,-1.,0.));
#3917 = DIRECTION('',(0.,0.,1.));
#3918 = ORIENTED_EDGE('',*,*,#3919,.T.);
#3919 = EDGE_CURVE('',#3911,#3920,#3922,.T.);
#3920 = VERTEX_POINT('',#3921);
#3921 = CARTESIAN_POINT('',(0.77,-0.35,-3.469446951954E-18));
#3922 = LINE('',#3923,#3924);
#3923 = CARTESIAN_POINT('',(0.45,-0.35,0.));
#3924 = VECTOR('',#3925,1.);
#3925 = DIRECTION('',(1.,-2.22044604925E-16,0.));
#3926 = ORIENTED_EDGE('',*,*,#3927,.F.);
#3927 = EDGE_CURVE('',#3928,#3920,#3930,.T.);
#3928 = VERTEX_POINT('',#3929);
#3929 = CARTESIAN_POINT('',(0.8,-0.35,3.E-02));
#3930 = CIRCLE('',#3931,3.E-02);
#3931 = AXIS2_PLACEMENT_3D('',#3932,#3933,#3934);
#3932 = CARTESIAN_POINT('',(0.77,-0.35,3.E-02));
#3933 = DIRECTION('',(2.22044604925E-16,1.,-0.));
#3934 = DIRECTION('',(0.,0.,1.));
#3935 = ORIENTED_EDGE('',*,*,#3936,.T.);
#3936 = EDGE_CURVE('',#3928,#3876,#3937,.T.);
#3937 = LINE('',#3938,#3939);
#3938 = CARTESIAN_POINT('',(0.8,-0.35,0.));
#3939 = VECTOR('',#3940,1.);
#3940 = DIRECTION('',(0.,0.,1.));
#3941 = ORIENTED_EDGE('',*,*,#3885,.T.);
#3942 = ORIENTED_EDGE('',*,*,#3628,.F.);
#3943 = ORIENTED_EDGE('',*,*,#3944,.F.);
#3944 = EDGE_CURVE('',#3945,#3621,#3947,.T.);
#3945 = VERTEX_POINT('',#3946);
#3946 = CARTESIAN_POINT('',(0.45,-0.35,0.63));
#3947 = CIRCLE('',#3948,3.E-02);
#3948 = AXIS2_PLACEMENT_3D('',#3949,#3950,#3951);
#3949 = CARTESIAN_POINT('',(0.48,-0.35,0.63));
#3950 = DIRECTION('',(2.22044604925E-16,1.,-0.));
#3951 = DIRECTION('',(0.,0.,1.));
#3952 = ORIENTED_EDGE('',*,*,#3953,.T.);
#3953 = EDGE_CURVE('',#3945,#3954,#3956,.T.);
#3954 = VERTEX_POINT('',#3955);
#3955 = CARTESIAN_POINT('',(0.785,-0.35,0.63));
#3956 = LINE('',#3957,#3958);
#3957 = CARTESIAN_POINT('',(-0.1675,-0.35,0.63));
#3958 = VECTOR('',#3959,1.);
#3959 = DIRECTION('',(1.,-2.22044604925E-16,0.));
#3960 = ORIENTED_EDGE('',*,*,#3961,.T.);
#3961 = EDGE_CURVE('',#3954,#3903,#3962,.T.);
#3962 = LINE('',#3963,#3964);
#3963 = CARTESIAN_POINT('',(0.785,-0.35,1.5E-02));
#3964 = VECTOR('',#3965,1.);
#3965 = DIRECTION('',(0.,0.,-1.));
#3966 = PLANE('',#3967);
#3967 = AXIS2_PLACEMENT_3D('',#3968,#3969,#3970);
#3968 = CARTESIAN_POINT('',(0.45,-0.35,0.));
#3969 = DIRECTION('',(-2.22044604925E-16,-1.,0.));
#3970 = DIRECTION('',(0.,0.,1.));
#3971 = ADVANCED_FACE('',(#3972),#3983,.T.);
#3972 = FACE_BOUND('',#3973,.T.);
#3973 = EDGE_LOOP('',(#3974,#3980,#3981,#3982));
#3974 = ORIENTED_EDGE('',*,*,#3975,.F.);
#3975 = EDGE_CURVE('',#3945,#3720,#3976,.T.);
#3976 = LINE('',#3977,#3978);
#3977 = CARTESIAN_POINT('',(0.45,-4.25E-02,0.63));
#3978 = VECTOR('',#3979,1.);
#3979 = DIRECTION('',(2.22044604925E-16,1.,0.));
#3980 = ORIENTED_EDGE('',*,*,#3944,.T.);
#3981 = ORIENTED_EDGE('',*,*,#3620,.F.);
#3982 = ORIENTED_EDGE('',*,*,#3719,.F.);
#3983 = CYLINDRICAL_SURFACE('',#3984,3.E-02);
#3984 = AXIS2_PLACEMENT_3D('',#3985,#3986,#3987);
#3985 = CARTESIAN_POINT('',(0.48,0.35,0.63));
#3986 = DIRECTION('',(-2.22044604925E-16,-1.,0.));
#3987 = DIRECTION('',(-1.,2.22044604925E-16,0.));
#3988 = ADVANCED_FACE('',(#3989),#4069,.F.);
#3989 = FACE_BOUND('',#3990,.F.);
#3990 = EDGE_LOOP('',(#3991,#3999,#4007,#4015,#4023,#4031,#4039,#4047,
    #4055,#4061,#4062,#4068));
#3991 = ORIENTED_EDGE('',*,*,#3992,.T.);
#3992 = EDGE_CURVE('',#3670,#3993,#3995,.T.);
#3993 = VERTEX_POINT('',#3994);
#3994 = CARTESIAN_POINT('',(0.785,0.435,3.E-02));
#3995 = LINE('',#3996,#3997);
#3996 = CARTESIAN_POINT('',(0.785,-0.435,3.E-02));
#3997 = VECTOR('',#3998,1.);
#3998 = DIRECTION('',(0.,1.,0.));
#3999 = ORIENTED_EDGE('',*,*,#4000,.F.);
#4000 = EDGE_CURVE('',#4001,#3993,#4003,.T.);
#4001 = VERTEX_POINT('',#4002);
#4002 = CARTESIAN_POINT('',(-0.785,0.435,3.E-02));
#4003 = LINE('',#4004,#4005);
#4004 = CARTESIAN_POINT('',(-0.785,0.435,3.E-02));
#4005 = VECTOR('',#4006,1.);
#4006 = DIRECTION('',(1.,0.,0.));
#4007 = ORIENTED_EDGE('',*,*,#4008,.F.);
#4008 = EDGE_CURVE('',#4009,#4001,#4011,.T.);
#4009 = VERTEX_POINT('',#4010);
#4010 = CARTESIAN_POINT('',(-0.785,0.35,3.E-02));
#4011 = LINE('',#4012,#4013);
#4012 = CARTESIAN_POINT('',(-0.785,-0.435,3.E-02));
#4013 = VECTOR('',#4014,1.);
#4014 = DIRECTION('',(0.,1.,0.));
#4015 = ORIENTED_EDGE('',*,*,#4016,.F.);
#4016 = EDGE_CURVE('',#4017,#4009,#4019,.T.);
#4017 = VERTEX_POINT('',#4018);
#4018 = CARTESIAN_POINT('',(-0.45,0.35,3.E-02));
#4019 = LINE('',#4020,#4021);
#4020 = CARTESIAN_POINT('',(-0.6175,0.35,3.E-02));
#4021 = VECTOR('',#4022,1.);
#4022 = DIRECTION('',(-1.,1.110223024625E-16,0.));
#4023 = ORIENTED_EDGE('',*,*,#4024,.T.);
#4024 = EDGE_CURVE('',#4017,#4025,#4027,.T.);
#4025 = VERTEX_POINT('',#4026);
#4026 = CARTESIAN_POINT('',(-0.45,-0.35,3.E-02));
#4027 = LINE('',#4028,#4029);
#4028 = CARTESIAN_POINT('',(-0.45,-0.3925,3.E-02));
#4029 = VECTOR('',#4030,1.);
#4030 = DIRECTION('',(-1.110223024625E-16,-1.,0.));
#4031 = ORIENTED_EDGE('',*,*,#4032,.T.);
#4032 = EDGE_CURVE('',#4025,#4033,#4035,.T.);
#4033 = VERTEX_POINT('',#4034);
#4034 = CARTESIAN_POINT('',(-0.785,-0.35,3.E-02));
#4035 = LINE('',#4036,#4037);
#4036 = CARTESIAN_POINT('',(-0.6175,-0.35,3.E-02));
#4037 = VECTOR('',#4038,1.);
#4038 = DIRECTION('',(-1.,1.110223024625E-16,0.));
#4039 = ORIENTED_EDGE('',*,*,#4040,.F.);
#4040 = EDGE_CURVE('',#4041,#4033,#4043,.T.);
#4041 = VERTEX_POINT('',#4042);
#4042 = CARTESIAN_POINT('',(-0.785,-0.435,3.E-02));
#4043 = LINE('',#4044,#4045);
#4044 = CARTESIAN_POINT('',(-0.785,-0.435,3.E-02));
#4045 = VECTOR('',#4046,1.);
#4046 = DIRECTION('',(0.,1.,0.));
#4047 = ORIENTED_EDGE('',*,*,#4048,.T.);
#4048 = EDGE_CURVE('',#4041,#4049,#4051,.T.);
#4049 = VERTEX_POINT('',#4050);
#4050 = CARTESIAN_POINT('',(0.785,-0.435,3.E-02));
#4051 = LINE('',#4052,#4053);
#4052 = CARTESIAN_POINT('',(-0.785,-0.435,3.E-02));
#4053 = VECTOR('',#4054,1.);
#4054 = DIRECTION('',(1.,0.,0.));
#4055 = ORIENTED_EDGE('',*,*,#4056,.T.);
#4056 = EDGE_CURVE('',#4049,#3903,#4057,.T.);
#4057 = LINE('',#4058,#4059);
#4058 = CARTESIAN_POINT('',(0.785,-0.435,3.E-02));
#4059 = VECTOR('',#4060,1.);
#4060 = DIRECTION('',(0.,1.,0.));
#4061 = ORIENTED_EDGE('',*,*,#3900,.F.);
#4062 = ORIENTED_EDGE('',*,*,#4063,.T.);
#4063 = EDGE_CURVE('',#3901,#3668,#4064,.T.);
#4064 = LINE('',#4065,#4066);
#4065 = CARTESIAN_POINT('',(0.45,-4.25E-02,3.E-02));
#4066 = VECTOR('',#4067,1.);
#4067 = DIRECTION('',(2.22044604925E-16,1.,0.));
#4068 = ORIENTED_EDGE('',*,*,#3667,.T.);
#4069 = PLANE('',#4070);
#4070 = AXIS2_PLACEMENT_3D('',#4071,#4072,#4073);
#4071 = CARTESIAN_POINT('',(-0.785,-0.435,3.E-02));
#4072 = DIRECTION('',(0.,0.,1.));
#4073 = DIRECTION('',(1.,0.,-0.));
#4074 = ADVANCED_FACE('',(#4075),#4093,.T.);
#4075 = FACE_BOUND('',#4076,.T.);
#4076 = EDGE_LOOP('',(#4077,#4085,#4086,#4087));
#4077 = ORIENTED_EDGE('',*,*,#4078,.F.);
#4078 = EDGE_CURVE('',#3729,#4079,#4081,.T.);
#4079 = VERTEX_POINT('',#4080);
#4080 = CARTESIAN_POINT('',(0.785,0.435,0.63));
#4081 = LINE('',#4082,#4083);
#4082 = CARTESIAN_POINT('',(0.785,-0.435,0.63));
#4083 = VECTOR('',#4084,1.);
#4084 = DIRECTION('',(0.,1.,0.));
#4085 = ORIENTED_EDGE('',*,*,#3736,.T.);
#4086 = ORIENTED_EDGE('',*,*,#3992,.T.);
#4087 = ORIENTED_EDGE('',*,*,#4088,.T.);
#4088 = EDGE_CURVE('',#3993,#4079,#4089,.T.);
#4089 = LINE('',#4090,#4091);
#4090 = CARTESIAN_POINT('',(0.785,0.435,3.E-02));
#4091 = VECTOR('',#4092,1.);
#4092 = DIRECTION('',(0.,0.,1.));
#4093 = PLANE('',#4094);
#4094 = AXIS2_PLACEMENT_3D('',#4095,#4096,#4097);
#4095 = CARTESIAN_POINT('',(0.785,-0.435,3.E-02));
#4096 = DIRECTION('',(1.,0.,0.));
#4097 = DIRECTION('',(0.,0.,1.));
#4098 = ADVANCED_FACE('',(#4099,#4167),#4201,.T.);
#4099 = FACE_BOUND('',#4100,.T.);
#4100 = EDGE_LOOP('',(#4101,#4102,#4110,#4118,#4126,#4134,#4142,#4150,
    #4158,#4164,#4165,#4166));
#4101 = ORIENTED_EDGE('',*,*,#4078,.T.);
#4102 = ORIENTED_EDGE('',*,*,#4103,.F.);
#4103 = EDGE_CURVE('',#4104,#4079,#4106,.T.);
#4104 = VERTEX_POINT('',#4105);
#4105 = CARTESIAN_POINT('',(-0.785,0.435,0.63));
#4106 = LINE('',#4107,#4108);
#4107 = CARTESIAN_POINT('',(-0.785,0.435,0.63));
#4108 = VECTOR('',#4109,1.);
#4109 = DIRECTION('',(1.,0.,0.));
#4110 = ORIENTED_EDGE('',*,*,#4111,.F.);
#4111 = EDGE_CURVE('',#4112,#4104,#4114,.T.);
#4112 = VERTEX_POINT('',#4113);
#4113 = CARTESIAN_POINT('',(-0.785,0.35,0.63));
#4114 = LINE('',#4115,#4116);
#4115 = CARTESIAN_POINT('',(-0.785,-0.435,0.63));
#4116 = VECTOR('',#4117,1.);
#4117 = DIRECTION('',(0.,1.,0.));
#4118 = ORIENTED_EDGE('',*,*,#4119,.F.);
#4119 = EDGE_CURVE('',#4120,#4112,#4122,.T.);
#4120 = VERTEX_POINT('',#4121);
#4121 = CARTESIAN_POINT('',(-0.45,0.35,0.63));
#4122 = LINE('',#4123,#4124);
#4123 = CARTESIAN_POINT('',(-0.6175,0.35,0.63));
#4124 = VECTOR('',#4125,1.);
#4125 = DIRECTION('',(-1.,1.110223024625E-16,0.));
#4126 = ORIENTED_EDGE('',*,*,#4127,.T.);
#4127 = EDGE_CURVE('',#4120,#4128,#4130,.T.);
#4128 = VERTEX_POINT('',#4129);
#4129 = CARTESIAN_POINT('',(-0.45,-0.35,0.63));
#4130 = LINE('',#4131,#4132);
#4131 = CARTESIAN_POINT('',(-0.45,-0.3925,0.63));
#4132 = VECTOR('',#4133,1.);
#4133 = DIRECTION('',(-1.110223024625E-16,-1.,0.));
#4134 = ORIENTED_EDGE('',*,*,#4135,.T.);
#4135 = EDGE_CURVE('',#4128,#4136,#4138,.T.);
#4136 = VERTEX_POINT('',#4137);
#4137 = CARTESIAN_POINT('',(-0.785,-0.35,0.63));
#4138 = LINE('',#4139,#4140);
#4139 = CARTESIAN_POINT('',(-0.6175,-0.35,0.63));
#4140 = VECTOR('',#4141,1.);
#4141 = DIRECTION('',(-1.,1.110223024625E-16,0.));
#4142 = ORIENTED_EDGE('',*,*,#4143,.F.);
#4143 = EDGE_CURVE('',#4144,#4136,#4146,.T.);
#4144 = VERTEX_POINT('',#4145);
#4145 = CARTESIAN_POINT('',(-0.785,-0.435,0.63));
#4146 = LINE('',#4147,#4148);
#4147 = CARTESIAN_POINT('',(-0.785,-0.435,0.63));
#4148 = VECTOR('',#4149,1.);
#4149 = DIRECTION('',(0.,1.,0.));
#4150 = ORIENTED_EDGE('',*,*,#4151,.T.);
#4151 = EDGE_CURVE('',#4144,#4152,#4154,.T.);
#4152 = VERTEX_POINT('',#4153);
#4153 = CARTESIAN_POINT('',(0.785,-0.435,0.63));
#4154 = LINE('',#4155,#4156);
#4155 = CARTESIAN_POINT('',(-0.785,-0.435,0.63));
#4156 = VECTOR('',#4157,1.);
#4157 = DIRECTION('',(1.,0.,0.));
#4158 = ORIENTED_EDGE('',*,*,#4159,.T.);
#4159 = EDGE_CURVE('',#4152,#3954,#4160,.T.);
#4160 = LINE('',#4161,#4162);
#4161 = CARTESIAN_POINT('',(0.785,-0.435,0.63));
#4162 = VECTOR('',#4163,1.);
#4163 = DIRECTION('',(0.,1.,0.));
#4164 = ORIENTED_EDGE('',*,*,#3953,.F.);
#4165 = ORIENTED_EDGE('',*,*,#3975,.T.);
#4166 = ORIENTED_EDGE('',*,*,#3728,.T.);
#4167 = FACE_BOUND('',#4168,.T.);
#4168 = EDGE_LOOP('',(#4169,#4179,#4187,#4195));
#4169 = ORIENTED_EDGE('',*,*,#4170,.F.);
#4170 = EDGE_CURVE('',#4171,#4173,#4175,.T.);
#4171 = VERTEX_POINT('',#4172);
#4172 = CARTESIAN_POINT('',(-0.315,-0.42,0.63));
#4173 = VERTEX_POINT('',#4174);
#4174 = CARTESIAN_POINT('',(-0.315,0.42,0.63));
#4175 = LINE('',#4176,#4177);
#4176 = CARTESIAN_POINT('',(-0.315,-0.4275,0.63));
#4177 = VECTOR('',#4178,1.);
#4178 = DIRECTION('',(0.,1.,0.));
#4179 = ORIENTED_EDGE('',*,*,#4180,.T.);
#4180 = EDGE_CURVE('',#4171,#4181,#4183,.T.);
#4181 = VERTEX_POINT('',#4182);
#4182 = CARTESIAN_POINT('',(-0.435,-0.42,0.63));
#4183 = LINE('',#4184,#4185);
#4184 = CARTESIAN_POINT('',(-0.61,-0.42,0.63));
#4185 = VECTOR('',#4186,1.);
#4186 = DIRECTION('',(-1.,0.,0.));
#4187 = ORIENTED_EDGE('',*,*,#4188,.T.);
#4188 = EDGE_CURVE('',#4181,#4189,#4191,.T.);
#4189 = VERTEX_POINT('',#4190);
#4190 = CARTESIAN_POINT('',(-0.435,0.42,0.63));
#4191 = LINE('',#4192,#4193);
#4192 = CARTESIAN_POINT('',(-0.435,-0.4275,0.63));
#4193 = VECTOR('',#4194,1.);
#4194 = DIRECTION('',(0.,1.,0.));
#4195 = ORIENTED_EDGE('',*,*,#4196,.F.);
#4196 = EDGE_CURVE('',#4173,#4189,#4197,.T.);
#4197 = LINE('',#4198,#4199);
#4198 = CARTESIAN_POINT('',(-0.61,0.42,0.63));
#4199 = VECTOR('',#4200,1.);
#4200 = DIRECTION('',(-1.,0.,0.));
#4201 = PLANE('',#4202);
#4202 = AXIS2_PLACEMENT_3D('',#4203,#4204,#4205);
#4203 = CARTESIAN_POINT('',(-0.785,-0.435,0.63));
#4204 = DIRECTION('',(0.,0.,1.));
#4205 = DIRECTION('',(1.,0.,-0.));
#4206 = ADVANCED_FACE('',(#4207),#4218,.T.);
#4207 = FACE_BOUND('',#4208,.T.);
#4208 = EDGE_LOOP('',(#4209,#4210,#4216,#4217));
#4209 = ORIENTED_EDGE('',*,*,#3814,.F.);
#4210 = ORIENTED_EDGE('',*,*,#4211,.F.);
#4211 = EDGE_CURVE('',#3695,#3815,#4212,.T.);
#4212 = LINE('',#4213,#4214);
#4213 = CARTESIAN_POINT('',(0.8,0.35,3.E-02));
#4214 = VECTOR('',#4215,1.);
#4215 = DIRECTION('',(-2.22044604925E-16,-1.,0.));
#4216 = ORIENTED_EDGE('',*,*,#3703,.T.);
#4217 = ORIENTED_EDGE('',*,*,#3750,.T.);
#4218 = PLANE('',#4219);
#4219 = AXIS2_PLACEMENT_3D('',#4220,#4221,#4222);
#4220 = CARTESIAN_POINT('',(0.8,0.35,0.));
#4221 = DIRECTION('',(1.,-2.22044604925E-16,0.));
#4222 = DIRECTION('',(0.,0.,1.));
#4223 = ADVANCED_FACE('',(#4224),#4235,.T.);
#4224 = FACE_BOUND('',#4225,.T.);
#4225 = EDGE_LOOP('',(#4226,#4227,#4233,#4234));
#4226 = ORIENTED_EDGE('',*,*,#3822,.T.);
#4227 = ORIENTED_EDGE('',*,*,#4228,.F.);
#4228 = EDGE_CURVE('',#3687,#3823,#4229,.T.);
#4229 = LINE('',#4230,#4231);
#4230 = CARTESIAN_POINT('',(0.77,0.35,-3.469446951954E-18));
#4231 = VECTOR('',#4232,1.);
#4232 = DIRECTION('',(-2.22044604925E-16,-1.,0.));
#4233 = ORIENTED_EDGE('',*,*,#3694,.F.);
#4234 = ORIENTED_EDGE('',*,*,#4211,.T.);
#4235 = CYLINDRICAL_SURFACE('',#4236,3.E-02);
#4236 = AXIS2_PLACEMENT_3D('',#4237,#4238,#4239);
#4237 = CARTESIAN_POINT('',(0.77,0.35,3.E-02));
#4238 = DIRECTION('',(-2.22044604925E-16,-1.,0.));
#4239 = DIRECTION('',(1.,-2.22044604925E-16,0.));
#4240 = ADVANCED_FACE('',(#4241),#4259,.F.);
#4241 = FACE_BOUND('',#4242,.F.);
#4242 = EDGE_LOOP('',(#4243,#4244,#4250,#4251,#4257,#4258));
#4243 = ORIENTED_EDGE('',*,*,#3686,.F.);
#4244 = ORIENTED_EDGE('',*,*,#4245,.T.);
#4245 = EDGE_CURVE('',#3678,#3911,#4246,.T.);
#4246 = LINE('',#4247,#4248);
#4247 = CARTESIAN_POINT('',(0.48,0.35,-3.469446951954E-18));
#4248 = VECTOR('',#4249,1.);
#4249 = DIRECTION('',(-2.22044604925E-16,-1.,0.));
#4250 = ORIENTED_EDGE('',*,*,#3919,.T.);
#4251 = ORIENTED_EDGE('',*,*,#4252,.F.);
#4252 = EDGE_CURVE('',#3842,#3920,#4253,.T.);
#4253 = LINE('',#4254,#4255);
#4254 = CARTESIAN_POINT('',(0.77,0.35,-3.469446951954E-18));
#4255 = VECTOR('',#4256,1.);
#4256 = DIRECTION('',(-2.22044604925E-16,-1.,0.));
#4257 = ORIENTED_EDGE('',*,*,#3841,.F.);
#4258 = ORIENTED_EDGE('',*,*,#4228,.F.);
#4259 = PLANE('',#4260);
#4260 = AXIS2_PLACEMENT_3D('',#4261,#4262,#4263);
#4261 = CARTESIAN_POINT('',(0.45,0.35,0.));
#4262 = DIRECTION('',(0.,0.,1.));
#4263 = DIRECTION('',(-2.22044604925E-16,-1.,0.));
#4264 = ADVANCED_FACE('',(#4265),#4271,.T.);
#4265 = FACE_BOUND('',#4266,.T.);
#4266 = EDGE_LOOP('',(#4267,#4268,#4269,#4270));
#4267 = ORIENTED_EDGE('',*,*,#3677,.T.);
#4268 = ORIENTED_EDGE('',*,*,#4245,.T.);
#4269 = ORIENTED_EDGE('',*,*,#3910,.F.);
#4270 = ORIENTED_EDGE('',*,*,#4063,.T.);
#4271 = CYLINDRICAL_SURFACE('',#4272,3.E-02);
#4272 = AXIS2_PLACEMENT_3D('',#4273,#4274,#4275);
#4273 = CARTESIAN_POINT('',(0.48,0.35,3.E-02));
#4274 = DIRECTION('',(-2.22044604925E-16,-1.,0.));
#4275 = DIRECTION('',(-1.,2.22044604925E-16,0.));
#4276 = ADVANCED_FACE('',(#4277),#4288,.T.);
#4277 = FACE_BOUND('',#4278,.T.);
#4278 = EDGE_LOOP('',(#4279,#4280,#4286,#4287));
#4279 = ORIENTED_EDGE('',*,*,#3936,.F.);
#4280 = ORIENTED_EDGE('',*,*,#4281,.F.);
#4281 = EDGE_CURVE('',#3786,#3928,#4282,.T.);
#4282 = LINE('',#4283,#4284);
#4283 = CARTESIAN_POINT('',(0.8,0.35,3.E-02));
#4284 = VECTOR('',#4285,1.);
#4285 = DIRECTION('',(-2.22044604925E-16,-1.,0.));
#4286 = ORIENTED_EDGE('',*,*,#3785,.T.);
#4287 = ORIENTED_EDGE('',*,*,#3875,.T.);
#4288 = PLANE('',#4289);
#4289 = AXIS2_PLACEMENT_3D('',#4290,#4291,#4292);
#4290 = CARTESIAN_POINT('',(0.8,0.35,0.));
#4291 = DIRECTION('',(1.,-2.22044604925E-16,0.));
#4292 = DIRECTION('',(0.,0.,1.));
#4293 = ADVANCED_FACE('',(#4294),#4300,.T.);
#4294 = FACE_BOUND('',#4295,.T.);
#4295 = EDGE_LOOP('',(#4296,#4297,#4298,#4299));
#4296 = ORIENTED_EDGE('',*,*,#3927,.T.);
#4297 = ORIENTED_EDGE('',*,*,#4252,.F.);
#4298 = ORIENTED_EDGE('',*,*,#3850,.F.);
#4299 = ORIENTED_EDGE('',*,*,#4281,.T.);
#4300 = CYLINDRICAL_SURFACE('',#4301,3.E-02);
#4301 = AXIS2_PLACEMENT_3D('',#4302,#4303,#4304);
#4302 = CARTESIAN_POINT('',(0.77,0.35,3.E-02));
#4303 = DIRECTION('',(-2.22044604925E-16,-1.,0.));
#4304 = DIRECTION('',(1.,-2.22044604925E-16,0.));
#4305 = ADVANCED_FACE('',(#4306),#4317,.T.);
#4306 = FACE_BOUND('',#4307,.T.);
#4307 = EDGE_LOOP('',(#4308,#4309,#4315,#4316));
#4308 = ORIENTED_EDGE('',*,*,#4159,.F.);
#4309 = ORIENTED_EDGE('',*,*,#4310,.F.);
#4310 = EDGE_CURVE('',#4049,#4152,#4311,.T.);
#4311 = LINE('',#4312,#4313);
#4312 = CARTESIAN_POINT('',(0.785,-0.435,3.E-02));
#4313 = VECTOR('',#4314,1.);
#4314 = DIRECTION('',(0.,0.,1.));
#4315 = ORIENTED_EDGE('',*,*,#4056,.T.);
#4316 = ORIENTED_EDGE('',*,*,#3961,.F.);
#4317 = PLANE('',#4318);
#4318 = AXIS2_PLACEMENT_3D('',#4319,#4320,#4321);
#4319 = CARTESIAN_POINT('',(0.785,-0.435,3.E-02));
#4320 = DIRECTION('',(1.,0.,0.));
#4321 = DIRECTION('',(0.,0.,1.));
#4322 = ADVANCED_FACE('',(#4323),#4334,.T.);
#4323 = FACE_BOUND('',#4324,.T.);
#4324 = EDGE_LOOP('',(#4325,#4326,#4332,#4333));
#4325 = ORIENTED_EDGE('',*,*,#4000,.F.);
#4326 = ORIENTED_EDGE('',*,*,#4327,.T.);
#4327 = EDGE_CURVE('',#4001,#4104,#4328,.T.);
#4328 = LINE('',#4329,#4330);
#4329 = CARTESIAN_POINT('',(-0.785,0.435,3.E-02));
#4330 = VECTOR('',#4331,1.);
#4331 = DIRECTION('',(0.,0.,1.));
#4332 = ORIENTED_EDGE('',*,*,#4103,.T.);
#4333 = ORIENTED_EDGE('',*,*,#4088,.F.);
#4334 = PLANE('',#4335);
#4335 = AXIS2_PLACEMENT_3D('',#4336,#4337,#4338);
#4336 = CARTESIAN_POINT('',(-0.785,0.435,3.E-02));
#4337 = DIRECTION('',(0.,1.,0.));
#4338 = DIRECTION('',(0.,-0.,1.));
#4339 = ADVANCED_FACE('',(#4340),#4351,.F.);
#4340 = FACE_BOUND('',#4341,.F.);
#4341 = EDGE_LOOP('',(#4342,#4343,#4349,#4350));
#4342 = ORIENTED_EDGE('',*,*,#4111,.F.);
#4343 = ORIENTED_EDGE('',*,*,#4344,.F.);
#4344 = EDGE_CURVE('',#4009,#4112,#4345,.T.);
#4345 = LINE('',#4346,#4347);
#4346 = CARTESIAN_POINT('',(-0.785,0.35,1.5E-02));
#4347 = VECTOR('',#4348,1.);
#4348 = DIRECTION('',(0.,0.,1.));
#4349 = ORIENTED_EDGE('',*,*,#4008,.T.);
#4350 = ORIENTED_EDGE('',*,*,#4327,.T.);
#4351 = PLANE('',#4352);
#4352 = AXIS2_PLACEMENT_3D('',#4353,#4354,#4355);
#4353 = CARTESIAN_POINT('',(-0.785,-0.435,3.E-02));
#4354 = DIRECTION('',(1.,0.,0.));
#4355 = DIRECTION('',(0.,0.,1.));
#4356 = ADVANCED_FACE('',(#4357),#4420,.T.);
#4357 = FACE_BOUND('',#4358,.T.);
#4358 = EDGE_LOOP('',(#4359,#4360,#4369,#4377,#4386,#4394,#4403,#4411,
    #4418,#4419));
#4359 = ORIENTED_EDGE('',*,*,#4016,.F.);
#4360 = ORIENTED_EDGE('',*,*,#4361,.T.);
#4361 = EDGE_CURVE('',#4017,#4362,#4364,.T.);
#4362 = VERTEX_POINT('',#4363);
#4363 = CARTESIAN_POINT('',(-0.48,0.35,-3.469446951954E-18));
#4364 = CIRCLE('',#4365,3.E-02);
#4365 = AXIS2_PLACEMENT_3D('',#4366,#4367,#4368);
#4366 = CARTESIAN_POINT('',(-0.48,0.35,3.E-02));
#4367 = DIRECTION('',(1.110223024625E-16,1.,-0.));
#4368 = DIRECTION('',(0.,0.,1.));
#4369 = ORIENTED_EDGE('',*,*,#4370,.T.);
#4370 = EDGE_CURVE('',#4362,#4371,#4373,.T.);
#4371 = VERTEX_POINT('',#4372);
#4372 = CARTESIAN_POINT('',(-0.77,0.35,-3.469446951954E-18));
#4373 = LINE('',#4374,#4375);
#4374 = CARTESIAN_POINT('',(-0.45,0.35,0.));
#4375 = VECTOR('',#4376,1.);
#4376 = DIRECTION('',(-1.,1.110223024625E-16,0.));
#4377 = ORIENTED_EDGE('',*,*,#4378,.F.);
#4378 = EDGE_CURVE('',#4379,#4371,#4381,.T.);
#4379 = VERTEX_POINT('',#4380);
#4380 = CARTESIAN_POINT('',(-0.8,0.35,3.E-02));
#4381 = CIRCLE('',#4382,3.E-02);
#4382 = AXIS2_PLACEMENT_3D('',#4383,#4384,#4385);
#4383 = CARTESIAN_POINT('',(-0.77,0.35,3.E-02));
#4384 = DIRECTION('',(-1.110223024625E-16,-1.,0.));
#4385 = DIRECTION('',(0.,0.,1.));
#4386 = ORIENTED_EDGE('',*,*,#4387,.T.);
#4387 = EDGE_CURVE('',#4379,#4388,#4390,.T.);
#4388 = VERTEX_POINT('',#4389);
#4389 = CARTESIAN_POINT('',(-0.8,0.35,0.63));
#4390 = LINE('',#4391,#4392);
#4391 = CARTESIAN_POINT('',(-0.8,0.35,0.));
#4392 = VECTOR('',#4393,1.);
#4393 = DIRECTION('',(0.,0.,1.));
#4394 = ORIENTED_EDGE('',*,*,#4395,.T.);
#4395 = EDGE_CURVE('',#4388,#4396,#4398,.T.);
#4396 = VERTEX_POINT('',#4397);
#4397 = CARTESIAN_POINT('',(-0.77,0.35,0.66));
#4398 = CIRCLE('',#4399,3.E-02);
#4399 = AXIS2_PLACEMENT_3D('',#4400,#4401,#4402);
#4400 = CARTESIAN_POINT('',(-0.77,0.35,0.63));
#4401 = DIRECTION('',(1.110223024625E-16,1.,-0.));
#4402 = DIRECTION('',(0.,0.,1.));
#4403 = ORIENTED_EDGE('',*,*,#4404,.F.);
#4404 = EDGE_CURVE('',#4405,#4396,#4407,.T.);
#4405 = VERTEX_POINT('',#4406);
#4406 = CARTESIAN_POINT('',(-0.48,0.35,0.66));
#4407 = LINE('',#4408,#4409);
#4408 = CARTESIAN_POINT('',(-0.45,0.35,0.66));
#4409 = VECTOR('',#4410,1.);
#4410 = DIRECTION('',(-1.,1.110223024625E-16,0.));
#4411 = ORIENTED_EDGE('',*,*,#4412,.F.);
#4412 = EDGE_CURVE('',#4120,#4405,#4413,.T.);
#4413 = CIRCLE('',#4414,3.E-02);
#4414 = AXIS2_PLACEMENT_3D('',#4415,#4416,#4417);
#4415 = CARTESIAN_POINT('',(-0.48,0.35,0.63));
#4416 = DIRECTION('',(-1.110223024625E-16,-1.,0.));
#4417 = DIRECTION('',(0.,0.,1.));
#4418 = ORIENTED_EDGE('',*,*,#4119,.T.);
#4419 = ORIENTED_EDGE('',*,*,#4344,.F.);
#4420 = PLANE('',#4421);
#4421 = AXIS2_PLACEMENT_3D('',#4422,#4423,#4424);
#4422 = CARTESIAN_POINT('',(-0.45,0.35,0.));
#4423 = DIRECTION('',(1.110223024625E-16,1.,0.));
#4424 = DIRECTION('',(0.,-0.,1.));
#4425 = ADVANCED_FACE('',(#4426),#4445,.T.);
#4426 = FACE_BOUND('',#4427,.T.);
#4427 = EDGE_LOOP('',(#4428,#4437,#4443,#4444));
#4428 = ORIENTED_EDGE('',*,*,#4429,.T.);
#4429 = EDGE_CURVE('',#4025,#4430,#4432,.T.);
#4430 = VERTEX_POINT('',#4431);
#4431 = CARTESIAN_POINT('',(-0.48,-0.35,-3.469446951954E-18));
#4432 = CIRCLE('',#4433,3.E-02);
#4433 = AXIS2_PLACEMENT_3D('',#4434,#4435,#4436);
#4434 = CARTESIAN_POINT('',(-0.48,-0.35,3.E-02));
#4435 = DIRECTION('',(1.110223024625E-16,1.,-0.));
#4436 = DIRECTION('',(0.,0.,1.));
#4437 = ORIENTED_EDGE('',*,*,#4438,.T.);
#4438 = EDGE_CURVE('',#4430,#4362,#4439,.T.);
#4439 = LINE('',#4440,#4441);
#4440 = CARTESIAN_POINT('',(-0.48,-0.35,-3.469446951954E-18));
#4441 = VECTOR('',#4442,1.);
#4442 = DIRECTION('',(1.110223024625E-16,1.,0.));
#4443 = ORIENTED_EDGE('',*,*,#4361,.F.);
#4444 = ORIENTED_EDGE('',*,*,#4024,.T.);
#4445 = CYLINDRICAL_SURFACE('',#4446,3.E-02);
#4446 = AXIS2_PLACEMENT_3D('',#4447,#4448,#4449);
#4447 = CARTESIAN_POINT('',(-0.48,-0.35,3.E-02));
#4448 = DIRECTION('',(1.110223024625E-16,1.,0.));
#4449 = DIRECTION('',(1.,-1.110223024625E-16,0.));
#4450 = ADVANCED_FACE('',(#4451),#4462,.F.);
#4451 = FACE_BOUND('',#4452,.F.);
#4452 = EDGE_LOOP('',(#4453,#4454,#4460,#4461));
#4453 = ORIENTED_EDGE('',*,*,#4048,.F.);
#4454 = ORIENTED_EDGE('',*,*,#4455,.T.);
#4455 = EDGE_CURVE('',#4041,#4144,#4456,.T.);
#4456 = LINE('',#4457,#4458);
#4457 = CARTESIAN_POINT('',(-0.785,-0.435,3.E-02));
#4458 = VECTOR('',#4459,1.);
#4459 = DIRECTION('',(0.,0.,1.));
#4460 = ORIENTED_EDGE('',*,*,#4151,.T.);
#4461 = ORIENTED_EDGE('',*,*,#4310,.F.);
#4462 = PLANE('',#4463);
#4463 = AXIS2_PLACEMENT_3D('',#4464,#4465,#4466);
#4464 = CARTESIAN_POINT('',(-0.785,-0.435,3.E-02));
#4465 = DIRECTION('',(0.,1.,0.));
#4466 = DIRECTION('',(0.,-0.,1.));
#4467 = ADVANCED_FACE('',(#4468),#4528,.F.);
#4468 = FACE_BOUND('',#4469,.F.);
#4469 = EDGE_LOOP('',(#4470,#4471,#4472,#4480,#4489,#4497,#4506,#4514,
    #4521,#4522));
#4470 = ORIENTED_EDGE('',*,*,#4032,.F.);
#4471 = ORIENTED_EDGE('',*,*,#4429,.T.);
#4472 = ORIENTED_EDGE('',*,*,#4473,.T.);
#4473 = EDGE_CURVE('',#4430,#4474,#4476,.T.);
#4474 = VERTEX_POINT('',#4475);
#4475 = CARTESIAN_POINT('',(-0.77,-0.35,-3.469446951954E-18));
#4476 = LINE('',#4477,#4478);
#4477 = CARTESIAN_POINT('',(-0.45,-0.35,0.));
#4478 = VECTOR('',#4479,1.);
#4479 = DIRECTION('',(-1.,1.110223024625E-16,0.));
#4480 = ORIENTED_EDGE('',*,*,#4481,.F.);
#4481 = EDGE_CURVE('',#4482,#4474,#4484,.T.);
#4482 = VERTEX_POINT('',#4483);
#4483 = CARTESIAN_POINT('',(-0.8,-0.35,3.E-02));
#4484 = CIRCLE('',#4485,3.E-02);
#4485 = AXIS2_PLACEMENT_3D('',#4486,#4487,#4488);
#4486 = CARTESIAN_POINT('',(-0.77,-0.35,3.E-02));
#4487 = DIRECTION('',(-1.110223024625E-16,-1.,0.));
#4488 = DIRECTION('',(0.,0.,1.));
#4489 = ORIENTED_EDGE('',*,*,#4490,.T.);
#4490 = EDGE_CURVE('',#4482,#4491,#4493,.T.);
#4491 = VERTEX_POINT('',#4492);
#4492 = CARTESIAN_POINT('',(-0.8,-0.35,0.63));
#4493 = LINE('',#4494,#4495);
#4494 = CARTESIAN_POINT('',(-0.8,-0.35,0.));
#4495 = VECTOR('',#4496,1.);
#4496 = DIRECTION('',(0.,0.,1.));
#4497 = ORIENTED_EDGE('',*,*,#4498,.T.);
#4498 = EDGE_CURVE('',#4491,#4499,#4501,.T.);
#4499 = VERTEX_POINT('',#4500);
#4500 = CARTESIAN_POINT('',(-0.77,-0.35,0.66));
#4501 = CIRCLE('',#4502,3.E-02);
#4502 = AXIS2_PLACEMENT_3D('',#4503,#4504,#4505);
#4503 = CARTESIAN_POINT('',(-0.77,-0.35,0.63));
#4504 = DIRECTION('',(1.110223024625E-16,1.,-0.));
#4505 = DIRECTION('',(0.,0.,1.));
#4506 = ORIENTED_EDGE('',*,*,#4507,.F.);
#4507 = EDGE_CURVE('',#4508,#4499,#4510,.T.);
#4508 = VERTEX_POINT('',#4509);
#4509 = CARTESIAN_POINT('',(-0.48,-0.35,0.66));
#4510 = LINE('',#4511,#4512);
#4511 = CARTESIAN_POINT('',(-0.45,-0.35,0.66));
#4512 = VECTOR('',#4513,1.);
#4513 = DIRECTION('',(-1.,1.110223024625E-16,0.));
#4514 = ORIENTED_EDGE('',*,*,#4515,.F.);
#4515 = EDGE_CURVE('',#4128,#4508,#4516,.T.);
#4516 = CIRCLE('',#4517,3.E-02);
#4517 = AXIS2_PLACEMENT_3D('',#4518,#4519,#4520);
#4518 = CARTESIAN_POINT('',(-0.48,-0.35,0.63));
#4519 = DIRECTION('',(-1.110223024625E-16,-1.,0.));
#4520 = DIRECTION('',(0.,0.,1.));
#4521 = ORIENTED_EDGE('',*,*,#4135,.T.);
#4522 = ORIENTED_EDGE('',*,*,#4523,.F.);
#4523 = EDGE_CURVE('',#4033,#4136,#4524,.T.);
#4524 = LINE('',#4525,#4526);
#4525 = CARTESIAN_POINT('',(-0.785,-0.35,1.5E-02));
#4526 = VECTOR('',#4527,1.);
#4527 = DIRECTION('',(0.,0.,1.));
#4528 = PLANE('',#4529);
#4529 = AXIS2_PLACEMENT_3D('',#4530,#4531,#4532);
#4530 = CARTESIAN_POINT('',(-0.45,-0.35,0.));
#4531 = DIRECTION('',(1.110223024625E-16,1.,0.));
#4532 = DIRECTION('',(0.,-0.,1.));
#4533 = ADVANCED_FACE('',(#4534),#4540,.F.);
#4534 = FACE_BOUND('',#4535,.F.);
#4535 = EDGE_LOOP('',(#4536,#4537,#4538,#4539));
#4536 = ORIENTED_EDGE('',*,*,#4143,.F.);
#4537 = ORIENTED_EDGE('',*,*,#4455,.F.);
#4538 = ORIENTED_EDGE('',*,*,#4040,.T.);
#4539 = ORIENTED_EDGE('',*,*,#4523,.T.);
#4540 = PLANE('',#4541);
#4541 = AXIS2_PLACEMENT_3D('',#4542,#4543,#4544);
#4542 = CARTESIAN_POINT('',(-0.785,-0.435,3.E-02));
#4543 = DIRECTION('',(1.,0.,0.));
#4544 = DIRECTION('',(0.,0.,1.));
#4545 = ADVANCED_FACE('',(#4546),#4557,.T.);
#4546 = FACE_BOUND('',#4547,.T.);
#4547 = EDGE_LOOP('',(#4548,#4549,#4550,#4556));
#4548 = ORIENTED_EDGE('',*,*,#4127,.F.);
#4549 = ORIENTED_EDGE('',*,*,#4412,.T.);
#4550 = ORIENTED_EDGE('',*,*,#4551,.F.);
#4551 = EDGE_CURVE('',#4508,#4405,#4552,.T.);
#4552 = LINE('',#4553,#4554);
#4553 = CARTESIAN_POINT('',(-0.48,-0.35,0.66));
#4554 = VECTOR('',#4555,1.);
#4555 = DIRECTION('',(1.110223024625E-16,1.,0.));
#4556 = ORIENTED_EDGE('',*,*,#4515,.F.);
#4557 = CYLINDRICAL_SURFACE('',#4558,3.E-02);
#4558 = AXIS2_PLACEMENT_3D('',#4559,#4560,#4561);
#4559 = CARTESIAN_POINT('',(-0.48,-0.35,0.63));
#4560 = DIRECTION('',(1.110223024625E-16,1.,0.));
#4561 = DIRECTION('',(1.,-1.110223024625E-16,0.));
#4562 = ADVANCED_FACE('',(#4563),#4588,.F.);
#4563 = FACE_BOUND('',#4564,.F.);
#4564 = EDGE_LOOP('',(#4565,#4573,#4581,#4587));
#4565 = ORIENTED_EDGE('',*,*,#4566,.F.);
#4566 = EDGE_CURVE('',#4567,#4171,#4569,.T.);
#4567 = VERTEX_POINT('',#4568);
#4568 = CARTESIAN_POINT('',(-0.315,-0.42,0.62));
#4569 = LINE('',#4570,#4571);
#4570 = CARTESIAN_POINT('',(-0.315,-0.42,0.62));
#4571 = VECTOR('',#4572,1.);
#4572 = DIRECTION('',(0.,0.,1.));
#4573 = ORIENTED_EDGE('',*,*,#4574,.T.);
#4574 = EDGE_CURVE('',#4567,#4575,#4577,.T.);
#4575 = VERTEX_POINT('',#4576);
#4576 = CARTESIAN_POINT('',(-0.315,0.42,0.62));
#4577 = LINE('',#4578,#4579);
#4578 = CARTESIAN_POINT('',(-0.315,-0.42,0.62));
#4579 = VECTOR('',#4580,1.);
#4580 = DIRECTION('',(0.,1.,0.));
#4581 = ORIENTED_EDGE('',*,*,#4582,.T.);
#4582 = EDGE_CURVE('',#4575,#4173,#4583,.T.);
#4583 = LINE('',#4584,#4585);
#4584 = CARTESIAN_POINT('',(-0.315,0.42,0.62));
#4585 = VECTOR('',#4586,1.);
#4586 = DIRECTION('',(0.,0.,1.));
#4587 = ORIENTED_EDGE('',*,*,#4170,.F.);
#4588 = PLANE('',#4589);
#4589 = AXIS2_PLACEMENT_3D('',#4590,#4591,#4592);
#4590 = CARTESIAN_POINT('',(-0.315,-0.42,0.62));
#4591 = DIRECTION('',(1.,0.,0.));
#4592 = DIRECTION('',(0.,0.,1.));
#4593 = ADVANCED_FACE('',(#4594),#4612,.T.);
#4594 = FACE_BOUND('',#4595,.T.);
#4595 = EDGE_LOOP('',(#4596,#4597,#4605,#4611));
#4596 = ORIENTED_EDGE('',*,*,#4566,.F.);
#4597 = ORIENTED_EDGE('',*,*,#4598,.F.);
#4598 = EDGE_CURVE('',#4599,#4567,#4601,.T.);
#4599 = VERTEX_POINT('',#4600);
#4600 = CARTESIAN_POINT('',(-0.435,-0.42,0.62));
#4601 = LINE('',#4602,#4603);
#4602 = CARTESIAN_POINT('',(-0.435,-0.42,0.62));
#4603 = VECTOR('',#4604,1.);
#4604 = DIRECTION('',(1.,0.,0.));
#4605 = ORIENTED_EDGE('',*,*,#4606,.T.);
#4606 = EDGE_CURVE('',#4599,#4181,#4607,.T.);
#4607 = LINE('',#4608,#4609);
#4608 = CARTESIAN_POINT('',(-0.435,-0.42,0.62));
#4609 = VECTOR('',#4610,1.);
#4610 = DIRECTION('',(0.,0.,1.));
#4611 = ORIENTED_EDGE('',*,*,#4180,.F.);
#4612 = PLANE('',#4613);
#4613 = AXIS2_PLACEMENT_3D('',#4614,#4615,#4616);
#4614 = CARTESIAN_POINT('',(-0.435,-0.42,0.62));
#4615 = DIRECTION('',(0.,1.,0.));
#4616 = DIRECTION('',(0.,-0.,1.));
#4617 = ADVANCED_FACE('',(#4618),#4636,.F.);
#4618 = FACE_BOUND('',#4619,.F.);
#4619 = EDGE_LOOP('',(#4620,#4621,#4629,#4635));
#4620 = ORIENTED_EDGE('',*,*,#4582,.F.);
#4621 = ORIENTED_EDGE('',*,*,#4622,.F.);
#4622 = EDGE_CURVE('',#4623,#4575,#4625,.T.);
#4623 = VERTEX_POINT('',#4624);
#4624 = CARTESIAN_POINT('',(-0.435,0.42,0.62));
#4625 = LINE('',#4626,#4627);
#4626 = CARTESIAN_POINT('',(-0.435,0.42,0.62));
#4627 = VECTOR('',#4628,1.);
#4628 = DIRECTION('',(1.,0.,0.));
#4629 = ORIENTED_EDGE('',*,*,#4630,.T.);
#4630 = EDGE_CURVE('',#4623,#4189,#4631,.T.);
#4631 = LINE('',#4632,#4633);
#4632 = CARTESIAN_POINT('',(-0.435,0.42,0.62));
#4633 = VECTOR('',#4634,1.);
#4634 = DIRECTION('',(0.,0.,1.));
#4635 = ORIENTED_EDGE('',*,*,#4196,.F.);
#4636 = PLANE('',#4637);
#4637 = AXIS2_PLACEMENT_3D('',#4638,#4639,#4640);
#4638 = CARTESIAN_POINT('',(-0.435,0.42,0.62));
#4639 = DIRECTION('',(0.,1.,0.));
#4640 = DIRECTION('',(0.,-0.,1.));
#4641 = ADVANCED_FACE('',(#4642),#4653,.T.);
#4642 = FACE_BOUND('',#4643,.T.);
#4643 = EDGE_LOOP('',(#4644,#4645,#4651,#4652));
#4644 = ORIENTED_EDGE('',*,*,#4606,.F.);
#4645 = ORIENTED_EDGE('',*,*,#4646,.T.);
#4646 = EDGE_CURVE('',#4599,#4623,#4647,.T.);
#4647 = LINE('',#4648,#4649);
#4648 = CARTESIAN_POINT('',(-0.435,-0.42,0.62));
#4649 = VECTOR('',#4650,1.);
#4650 = DIRECTION('',(0.,1.,0.));
#4651 = ORIENTED_EDGE('',*,*,#4630,.T.);
#4652 = ORIENTED_EDGE('',*,*,#4188,.F.);
#4653 = PLANE('',#4654);
#4654 = AXIS2_PLACEMENT_3D('',#4655,#4656,#4657);
#4655 = CARTESIAN_POINT('',(-0.435,-0.42,0.62));
#4656 = DIRECTION('',(1.,0.,0.));
#4657 = DIRECTION('',(0.,0.,1.));
#4658 = ADVANCED_FACE('',(#4659),#4687,.T.);
#4659 = FACE_BOUND('',#4660,.T.);
#4660 = EDGE_LOOP('',(#4661,#4662,#4663,#4664,#4672,#4681));
#4661 = ORIENTED_EDGE('',*,*,#4507,.F.);
#4662 = ORIENTED_EDGE('',*,*,#4551,.T.);
#4663 = ORIENTED_EDGE('',*,*,#4404,.T.);
#4664 = ORIENTED_EDGE('',*,*,#4665,.F.);
#4665 = EDGE_CURVE('',#4666,#4396,#4668,.T.);
#4666 = VERTEX_POINT('',#4667);
#4667 = CARTESIAN_POINT('',(-0.77,0.21,0.66));
#4668 = LINE('',#4669,#4670);
#4669 = CARTESIAN_POINT('',(-0.77,-0.35,0.66));
#4670 = VECTOR('',#4671,1.);
#4671 = DIRECTION('',(1.110223024625E-16,1.,0.));
#4672 = ORIENTED_EDGE('',*,*,#4673,.F.);
#4673 = EDGE_CURVE('',#4674,#4666,#4676,.T.);
#4674 = VERTEX_POINT('',#4675);
#4675 = CARTESIAN_POINT('',(-0.77,-0.21,0.66));
#4676 = CIRCLE('',#4677,0.21);
#4677 = AXIS2_PLACEMENT_3D('',#4678,#4679,#4680);
#4678 = CARTESIAN_POINT('',(-0.77,9.936496070395E-17,0.66));
#4679 = DIRECTION('',(0.,-0.,1.));
#4680 = DIRECTION('',(1.110223024625E-16,1.,0.));
#4681 = ORIENTED_EDGE('',*,*,#4682,.F.);
#4682 = EDGE_CURVE('',#4499,#4674,#4683,.T.);
#4683 = LINE('',#4684,#4685);
#4684 = CARTESIAN_POINT('',(-0.77,-0.35,0.66));
#4685 = VECTOR('',#4686,1.);
#4686 = DIRECTION('',(1.110223024625E-16,1.,0.));
#4687 = PLANE('',#4688);
#4688 = AXIS2_PLACEMENT_3D('',#4689,#4690,#4691);
#4689 = CARTESIAN_POINT('',(-0.45,-0.35,0.66));
#4690 = DIRECTION('',(0.,0.,1.));
#4691 = DIRECTION('',(1.110223024625E-16,1.,-0.));
#4692 = ADVANCED_FACE('',(#4693),#4722,.T.);
#4693 = FACE_BOUND('',#4694,.T.);
#4694 = EDGE_LOOP('',(#4695,#4703,#4720,#4721));
#4695 = ORIENTED_EDGE('',*,*,#4696,.F.);
#4696 = EDGE_CURVE('',#4697,#4388,#4699,.T.);
#4697 = VERTEX_POINT('',#4698);
#4698 = CARTESIAN_POINT('',(-0.8,0.207846096908,0.63));
#4699 = LINE('',#4700,#4701);
#4700 = CARTESIAN_POINT('',(-0.8,-0.35,0.63));
#4701 = VECTOR('',#4702,1.);
#4702 = DIRECTION('',(1.110223024625E-16,1.,0.));
#4703 = ORIENTED_EDGE('',*,*,#4704,.T.);
#4704 = EDGE_CURVE('',#4697,#4666,#4705,.T.);
#4705 = B_SPLINE_CURVE_WITH_KNOTS('',7,(#4706,#4707,#4708,#4709,#4710,
    #4711,#4712,#4713,#4714,#4715,#4716,#4717,#4718,#4719),
  .UNSPECIFIED.,.F.,.F.,(8,6,8),(0.,0.874463336087,1.),.UNSPECIFIED.);
#4706 = CARTESIAN_POINT('',(-0.8,0.207846096908,0.63));
#4707 = CARTESIAN_POINT('',(-0.8,0.207846096908,0.636345841059));
#4708 = CARTESIAN_POINT('',(-0.798433952319,0.208072144873,
    0.642469507615));
#4709 = CARTESIAN_POINT('',(-0.795499279423,0.208495687659,0.64798381764
    ));
#4710 = CARTESIAN_POINT('',(-0.791441116875,0.209005633614,
    0.652610174938));
#4711 = CARTESIAN_POINT('',(-0.786545018706,0.209461860626,0.65612783499
    ));
#4712 = CARTESIAN_POINT('',(-0.78115642072,0.209776529343,0.658412763373
    ));
#4713 = CARTESIAN_POINT('',(-0.774826845706,0.20994602495,0.659620194383
    ));
#4714 = CARTESIAN_POINT('',(-0.774028016437,0.209963905022,
    0.659746673217));
#4715 = CARTESIAN_POINT('',(-0.773225799574,0.209978298237,
    0.659847954909));
#4716 = CARTESIAN_POINT('',(-0.772421042633,0.209989137801,0.65992396526
    ));
#4717 = CARTESIAN_POINT('',(-0.771614592695,0.209996379145,
    0.659974654986));
#4718 = CARTESIAN_POINT('',(-0.770807296411,0.209999999919,
    0.659999999717));
#4719 = CARTESIAN_POINT('',(-0.77,0.21,0.66));
#4720 = ORIENTED_EDGE('',*,*,#4665,.T.);
#4721 = ORIENTED_EDGE('',*,*,#4395,.F.);
#4722 = CYLINDRICAL_SURFACE('',#4723,3.E-02);
#4723 = AXIS2_PLACEMENT_3D('',#4724,#4725,#4726);
#4724 = CARTESIAN_POINT('',(-0.77,-0.35,0.63));
#4725 = DIRECTION('',(1.110223024625E-16,1.,0.));
#4726 = DIRECTION('',(-1.,1.110223024625E-16,0.));
#4727 = ADVANCED_FACE('',(#4728),#4746,.T.);
#4728 = FACE_BOUND('',#4729,.T.);
#4729 = EDGE_LOOP('',(#4730,#4731,#4739,#4745));
#4730 = ORIENTED_EDGE('',*,*,#4387,.F.);
#4731 = ORIENTED_EDGE('',*,*,#4732,.F.);
#4732 = EDGE_CURVE('',#4733,#4379,#4735,.T.);
#4733 = VERTEX_POINT('',#4734);
#4734 = CARTESIAN_POINT('',(-0.8,0.207846096908,3.E-02));
#4735 = LINE('',#4736,#4737);
#4736 = CARTESIAN_POINT('',(-0.8,-0.35,3.E-02));
#4737 = VECTOR('',#4738,1.);
#4738 = DIRECTION('',(1.110223024625E-16,1.,0.));
#4739 = ORIENTED_EDGE('',*,*,#4740,.T.);
#4740 = EDGE_CURVE('',#4733,#4697,#4741,.T.);
#4741 = LINE('',#4742,#4743);
#4742 = CARTESIAN_POINT('',(-0.8,0.207846096908,0.66));
#4743 = VECTOR('',#4744,1.);
#4744 = DIRECTION('',(0.,0.,1.));
#4745 = ORIENTED_EDGE('',*,*,#4696,.T.);
#4746 = PLANE('',#4747);
#4747 = AXIS2_PLACEMENT_3D('',#4748,#4749,#4750);
#4748 = CARTESIAN_POINT('',(-0.8,-0.35,0.));
#4749 = DIRECTION('',(-1.,1.110223024625E-16,0.));
#4750 = DIRECTION('',(0.,0.,1.));
#4751 = ADVANCED_FACE('',(#4752),#4781,.T.);
#4752 = FACE_BOUND('',#4753,.T.);
#4753 = EDGE_LOOP('',(#4754,#4755,#4763,#4780));
#4754 = ORIENTED_EDGE('',*,*,#4378,.T.);
#4755 = ORIENTED_EDGE('',*,*,#4756,.F.);
#4756 = EDGE_CURVE('',#4757,#4371,#4759,.T.);
#4757 = VERTEX_POINT('',#4758);
#4758 = CARTESIAN_POINT('',(-0.77,0.21,-1.734723475977E-18));
#4759 = LINE('',#4760,#4761);
#4760 = CARTESIAN_POINT('',(-0.77,-0.35,-3.469446951954E-18));
#4761 = VECTOR('',#4762,1.);
#4762 = DIRECTION('',(1.110223024625E-16,1.,0.));
#4763 = ORIENTED_EDGE('',*,*,#4764,.F.);
#4764 = EDGE_CURVE('',#4733,#4757,#4765,.T.);
#4765 = B_SPLINE_CURVE_WITH_KNOTS('',7,(#4766,#4767,#4768,#4769,#4770,
    #4771,#4772,#4773,#4774,#4775,#4776,#4777,#4778,#4779),
  .UNSPECIFIED.,.F.,.F.,(8,6,8),(0.,0.874463336086,1.),.UNSPECIFIED.);
#4766 = CARTESIAN_POINT('',(-0.8,0.207846096908,3.E-02));
#4767 = CARTESIAN_POINT('',(-0.8,0.207846096908,2.365415894153E-02));
#4768 = CARTESIAN_POINT('',(-0.798433952319,0.208072144873,
    1.753049238527E-02));
#4769 = CARTESIAN_POINT('',(-0.795499279423,0.208495687659,
    1.201618235995E-02));
#4770 = CARTESIAN_POINT('',(-0.791441116875,0.209005633614,
    7.389825062537E-03));
#4771 = CARTESIAN_POINT('',(-0.786545018706,0.209461860626,
    3.872165010374E-03));
#4772 = CARTESIAN_POINT('',(-0.78115642072,0.209776529343,
    1.587236626821E-03));
#4773 = CARTESIAN_POINT('',(-0.774826845706,0.20994602495,
    3.798056172976E-04));
#4774 = CARTESIAN_POINT('',(-0.774028016437,0.209963905022,
    2.533267834389E-04));
#4775 = CARTESIAN_POINT('',(-0.773225799574,0.209978298237,
    1.520450911262E-04));
#4776 = CARTESIAN_POINT('',(-0.772421042633,0.209989137801,
    7.603473981997E-05));
#4777 = CARTESIAN_POINT('',(-0.771614592695,0.209996379145,
    2.534501387762E-05));
#4778 = CARTESIAN_POINT('',(-0.770807296411,0.209999999919,
    2.825537414566E-10));
#4779 = CARTESIAN_POINT('',(-0.77,0.21,-1.734723475977E-18));
#4780 = ORIENTED_EDGE('',*,*,#4732,.T.);
#4781 = CYLINDRICAL_SURFACE('',#4782,3.E-02);
#4782 = AXIS2_PLACEMENT_3D('',#4783,#4784,#4785);
#4783 = CARTESIAN_POINT('',(-0.77,-0.35,3.E-02));
#4784 = DIRECTION('',(1.110223024625E-16,1.,0.));
#4785 = DIRECTION('',(-1.,1.110223024625E-16,0.));
#4786 = ADVANCED_FACE('',(#4787),#4808,.F.);
#4787 = FACE_BOUND('',#4788,.F.);
#4788 = EDGE_LOOP('',(#4789,#4790,#4791,#4792,#4793,#4802));
#4789 = ORIENTED_EDGE('',*,*,#4473,.F.);
#4790 = ORIENTED_EDGE('',*,*,#4438,.T.);
#4791 = ORIENTED_EDGE('',*,*,#4370,.T.);
#4792 = ORIENTED_EDGE('',*,*,#4756,.F.);
#4793 = ORIENTED_EDGE('',*,*,#4794,.F.);
#4794 = EDGE_CURVE('',#4795,#4757,#4797,.T.);
#4795 = VERTEX_POINT('',#4796);
#4796 = CARTESIAN_POINT('',(-0.77,-0.21,-3.469446951954E-18));
#4797 = CIRCLE('',#4798,0.21);
#4798 = AXIS2_PLACEMENT_3D('',#4799,#4800,#4801);
#4799 = CARTESIAN_POINT('',(-0.77,9.936496070395E-17,0.));
#4800 = DIRECTION('',(0.,-0.,1.));
#4801 = DIRECTION('',(1.110223024625E-16,1.,0.));
#4802 = ORIENTED_EDGE('',*,*,#4803,.F.);
#4803 = EDGE_CURVE('',#4474,#4795,#4804,.T.);
#4804 = LINE('',#4805,#4806);
#4805 = CARTESIAN_POINT('',(-0.77,-0.35,-3.469446951954E-18));
#4806 = VECTOR('',#4807,1.);
#4807 = DIRECTION('',(1.110223024625E-16,1.,0.));
#4808 = PLANE('',#4809);
#4809 = AXIS2_PLACEMENT_3D('',#4810,#4811,#4812);
#4810 = CARTESIAN_POINT('',(-0.45,-0.35,0.));
#4811 = DIRECTION('',(0.,0.,1.));
#4812 = DIRECTION('',(1.110223024625E-16,1.,-0.));
#4813 = ADVANCED_FACE('',(#4814),#4843,.T.);
#4814 = FACE_BOUND('',#4815,.T.);
#4815 = EDGE_LOOP('',(#4816,#4824,#4825,#4826));
#4816 = ORIENTED_EDGE('',*,*,#4817,.F.);
#4817 = EDGE_CURVE('',#4491,#4818,#4820,.T.);
#4818 = VERTEX_POINT('',#4819);
#4819 = CARTESIAN_POINT('',(-0.8,-0.207846096908,0.63));
#4820 = LINE('',#4821,#4822);
#4821 = CARTESIAN_POINT('',(-0.8,-0.35,0.63));
#4822 = VECTOR('',#4823,1.);
#4823 = DIRECTION('',(1.110223024625E-16,1.,0.));
#4824 = ORIENTED_EDGE('',*,*,#4498,.T.);
#4825 = ORIENTED_EDGE('',*,*,#4682,.T.);
#4826 = ORIENTED_EDGE('',*,*,#4827,.F.);
#4827 = EDGE_CURVE('',#4818,#4674,#4828,.T.);
#4828 = B_SPLINE_CURVE_WITH_KNOTS('',7,(#4829,#4830,#4831,#4832,#4833,
    #4834,#4835,#4836,#4837,#4838,#4839,#4840,#4841,#4842),
  .UNSPECIFIED.,.F.,.F.,(8,6,8),(0.,0.874463336063,1.),.UNSPECIFIED.);
#4829 = CARTESIAN_POINT('',(-0.8,-0.207846096908,0.63));
#4830 = CARTESIAN_POINT('',(-0.8,-0.207846096908,0.636345841058));
#4831 = CARTESIAN_POINT('',(-0.798433952319,-0.208072144873,
    0.642469507615));
#4832 = CARTESIAN_POINT('',(-0.795499279423,-0.208495687659,
    0.64798381764));
#4833 = CARTESIAN_POINT('',(-0.791441116875,-0.209005633614,
    0.652610174937));
#4834 = CARTESIAN_POINT('',(-0.786545018706,-0.209461860626,
    0.65612783499));
#4835 = CARTESIAN_POINT('',(-0.78115642072,-0.209776529343,
    0.658412763373));
#4836 = CARTESIAN_POINT('',(-0.774826845706,-0.20994602495,
    0.659620194383));
#4837 = CARTESIAN_POINT('',(-0.774028016437,-0.209963904989,
    0.659746673099));
#4838 = CARTESIAN_POINT('',(-0.773225799574,-0.209978298192,
    0.659847954753));
#4839 = CARTESIAN_POINT('',(-0.772421042633,-0.209989137789,
    0.659923965218));
#4840 = CARTESIAN_POINT('',(-0.771614592695,-0.209996379192,
    0.659974655151));
#4841 = CARTESIAN_POINT('',(-0.77080729641,-0.21,0.66));
#4842 = CARTESIAN_POINT('',(-0.77,-0.21,0.66));
#4843 = CYLINDRICAL_SURFACE('',#4844,3.E-02);
#4844 = AXIS2_PLACEMENT_3D('',#4845,#4846,#4847);
#4845 = CARTESIAN_POINT('',(-0.77,-0.35,0.63));
#4846 = DIRECTION('',(1.110223024625E-16,1.,0.));
#4847 = DIRECTION('',(-1.,1.110223024625E-16,0.));
#4848 = ADVANCED_FACE('',(#4849),#4867,.T.);
#4849 = FACE_BOUND('',#4850,.T.);
#4850 = EDGE_LOOP('',(#4851,#4859,#4865,#4866));
#4851 = ORIENTED_EDGE('',*,*,#4852,.F.);
#4852 = EDGE_CURVE('',#4853,#4818,#4855,.T.);
#4853 = VERTEX_POINT('',#4854);
#4854 = CARTESIAN_POINT('',(-0.8,-0.207846096908,3.E-02));
#4855 = LINE('',#4856,#4857);
#4856 = CARTESIAN_POINT('',(-0.8,-0.207846096908,0.66));
#4857 = VECTOR('',#4858,1.);
#4858 = DIRECTION('',(0.,0.,1.));
#4859 = ORIENTED_EDGE('',*,*,#4860,.F.);
#4860 = EDGE_CURVE('',#4482,#4853,#4861,.T.);
#4861 = LINE('',#4862,#4863);
#4862 = CARTESIAN_POINT('',(-0.8,-0.35,3.E-02));
#4863 = VECTOR('',#4864,1.);
#4864 = DIRECTION('',(1.110223024625E-16,1.,0.));
#4865 = ORIENTED_EDGE('',*,*,#4490,.T.);
#4866 = ORIENTED_EDGE('',*,*,#4817,.T.);
#4867 = PLANE('',#4868);
#4868 = AXIS2_PLACEMENT_3D('',#4869,#4870,#4871);
#4869 = CARTESIAN_POINT('',(-0.8,-0.35,0.));
#4870 = DIRECTION('',(-1.,1.110223024625E-16,0.));
#4871 = DIRECTION('',(0.,0.,1.));
#4872 = ADVANCED_FACE('',(#4873),#4895,.T.);
#4873 = FACE_BOUND('',#4874,.T.);
#4874 = EDGE_LOOP('',(#4875,#4892,#4893,#4894));
#4875 = ORIENTED_EDGE('',*,*,#4876,.T.);
#4876 = EDGE_CURVE('',#4853,#4795,#4877,.T.);
#4877 = B_SPLINE_CURVE_WITH_KNOTS('',7,(#4878,#4879,#4880,#4881,#4882,
    #4883,#4884,#4885,#4886,#4887,#4888,#4889,#4890,#4891),
  .UNSPECIFIED.,.F.,.F.,(8,6,8),(0.,0.874463336063,1.),.UNSPECIFIED.);
#4878 = CARTESIAN_POINT('',(-0.8,-0.207846096908,3.E-02));
#4879 = CARTESIAN_POINT('',(-0.8,-0.207846096908,2.365415894152E-02));
#4880 = CARTESIAN_POINT('',(-0.798433952319,-0.208072144873,
    1.753049238528E-02));
#4881 = CARTESIAN_POINT('',(-0.795499279423,-0.208495687659,
    1.201618235995E-02));
#4882 = CARTESIAN_POINT('',(-0.791441116875,-0.209005633614,
    7.389825062529E-03));
#4883 = CARTESIAN_POINT('',(-0.786545018706,-0.209461860626,
    3.872165010373E-03));
#4884 = CARTESIAN_POINT('',(-0.78115642072,-0.209776529343,
    1.587236626824E-03));
#4885 = CARTESIAN_POINT('',(-0.774826845706,-0.20994602495,
    3.798056172653E-04));
#4886 = CARTESIAN_POINT('',(-0.774028016437,-0.209963904989,
    2.533269011312E-04));
#4887 = CARTESIAN_POINT('',(-0.773225799574,-0.209978298192,
    1.520452465003E-04));
#4888 = CARTESIAN_POINT('',(-0.772421042633,-0.209989137789,
    7.603478218543E-05));
#4889 = CARTESIAN_POINT('',(-0.771614592695,-0.209996379192,
    2.534484904841E-05));
#4890 = CARTESIAN_POINT('',(-0.77080729641,-0.21,-1.734723475977E-18));
#4891 = CARTESIAN_POINT('',(-0.77,-0.21,-1.734723475977E-18));
#4892 = ORIENTED_EDGE('',*,*,#4803,.F.);
#4893 = ORIENTED_EDGE('',*,*,#4481,.F.);
#4894 = ORIENTED_EDGE('',*,*,#4860,.T.);
#4895 = CYLINDRICAL_SURFACE('',#4896,3.E-02);
#4896 = AXIS2_PLACEMENT_3D('',#4897,#4898,#4899);
#4897 = CARTESIAN_POINT('',(-0.77,-0.35,3.E-02));
#4898 = DIRECTION('',(1.110223024625E-16,1.,0.));
#4899 = DIRECTION('',(-1.,1.110223024625E-16,0.));
#4900 = ADVANCED_FACE('',(#4901),#4907,.T.);
#4901 = FACE_BOUND('',#4902,.T.);
#4902 = EDGE_LOOP('',(#4903,#4904,#4905,#4906));
#4903 = ORIENTED_EDGE('',*,*,#4646,.F.);
#4904 = ORIENTED_EDGE('',*,*,#4598,.T.);
#4905 = ORIENTED_EDGE('',*,*,#4574,.T.);
#4906 = ORIENTED_EDGE('',*,*,#4622,.F.);
#4907 = PLANE('',#4908);
#4908 = AXIS2_PLACEMENT_3D('',#4909,#4910,#4911);
#4909 = CARTESIAN_POINT('',(-0.435,-0.42,0.62));
#4910 = DIRECTION('',(0.,0.,1.));
#4911 = DIRECTION('',(1.,0.,-0.));
#4912 = ADVANCED_FACE('',(#4913),#4923,.F.);
#4913 = FACE_BOUND('',#4914,.F.);
#4914 = EDGE_LOOP('',(#4915,#4916,#4917,#4918,#4919,#4920,#4921,#4922));
#4915 = ORIENTED_EDGE('',*,*,#4740,.T.);
#4916 = ORIENTED_EDGE('',*,*,#4704,.T.);
#4917 = ORIENTED_EDGE('',*,*,#4673,.F.);
#4918 = ORIENTED_EDGE('',*,*,#4827,.F.);
#4919 = ORIENTED_EDGE('',*,*,#4852,.F.);
#4920 = ORIENTED_EDGE('',*,*,#4876,.T.);
#4921 = ORIENTED_EDGE('',*,*,#4794,.T.);
#4922 = ORIENTED_EDGE('',*,*,#4764,.F.);
#4923 = CYLINDRICAL_SURFACE('',#4924,0.21);
#4924 = AXIS2_PLACEMENT_3D('',#4925,#4926,#4927);
#4925 = CARTESIAN_POINT('',(-0.77,9.936496070395E-17,0.66));
#4926 = DIRECTION('',(0.,0.,1.));
#4927 = DIRECTION('',(1.110223024625E-16,1.,-0.));
#4928 = ( GEOMETRIC_REPRESENTATION_CONTEXT(3) 
GLOBAL_UNCERTAINTY_ASSIGNED_CONTEXT((#4932)) 
GLOBAL_UNIT_ASSIGNED_CONTEXT((#4929,#4930,#4931)) REPRESENTATION_CONTEXT
('Context #1','3D Context with UNIT and UNCERTAINTY') );
#4929 = ( LENGTH_UNIT() NAMED_UNIT(*) SI_UNIT(.MILLI.,.METRE.) );
#4930 = ( NAMED_UNIT(*) PLANE_ANGLE_UNIT() SI_UNIT($,.RADIAN.) );
#4931 = ( NAMED_UNIT(*) SI_UNIT($,.STERADIAN.) SOLID_ANGLE_UNIT() );
#4932 = UNCERTAINTY_MEASURE_WITH_UNIT(LENGTH_MEASURE(1.E-07),#4929,
  'distance_accuracy_value','confusion accuracy');
#4933 = CONTEXT_DEPENDENT_SHAPE_REPRESENTATION(#4934,#4936);
#4934 = ( REPRESENTATION_RELATIONSHIP('','',#3603,#3580) 
REPRESENTATION_RELATIONSHIP_WITH_TRANSFORMATION(#4935) 
SHAPE_REPRESENTATION_RELATIONSHIP() );
#4935 = ITEM_DEFINED_TRANSFORMATION('','',#11,#3581);
#4936 = PRODUCT_DEFINITION_SHAPE('Placement','Placement of an item',
  #4937);
#4937 = NEXT_ASSEMBLY_USAGE_OCCURRENCE('23','=>[0:1:1:9]','',#3575,#3598
  ,$);
#4938 = PRODUCT_RELATED_PRODUCT_CATEGORY('part',$,(#3600));
#4939 = SHAPE_DEFINITION_REPRESENTATION(#4940,#4946);
#4940 = PRODUCT_DEFINITION_SHAPE('','',#4941);
#4941 = PRODUCT_DEFINITION('design','',#4942,#4945);
#4942 = PRODUCT_DEFINITION_FORMATION('','',#4943);
#4943 = PRODUCT('CP_Elec_6.3x7.7','CP_Elec_6.3x7.7','',(#4944));
#4944 = PRODUCT_CONTEXT('',#2,'mechanical');
#4945 = PRODUCT_DEFINITION_CONTEXT('part definition',#2,'design');
#4946 = SHAPE_REPRESENTATION('',(#11,#4947),#4951);
#4947 = AXIS2_PLACEMENT_3D('',#4948,#4949,#4950);
#4948 = CARTESIAN_POINT('',(0.,0.,0.));
#4949 = DIRECTION('',(0.,0.,1.));
#4950 = DIRECTION('',(1.,0.,-0.));
#4951 = ( GEOMETRIC_REPRESENTATION_CONTEXT(3) 
GLOBAL_UNCERTAINTY_ASSIGNED_CONTEXT((#4955)) 
GLOBAL_UNIT_ASSIGNED_CONTEXT((#4952,#4953,#4954)) REPRESENTATION_CONTEXT
('Context #1','3D Context with UNIT and UNCERTAINTY') );
#4952 = ( LENGTH_UNIT() NAMED_UNIT(*) SI_UNIT(.MILLI.,.METRE.) );
#4953 = ( NAMED_UNIT(*) PLANE_ANGLE_UNIT() SI_UNIT($,.RADIAN.) );
#4954 = ( NAMED_UNIT(*) SI_UNIT($,.STERADIAN.) SOLID_ANGLE_UNIT() );
#4955 = UNCERTAINTY_MEASURE_WITH_UNIT(LENGTH_MEASURE(1.E-06),#4952,
  'distance_accuracy_value','confusion accuracy');
#4956 = CONTEXT_DEPENDENT_SHAPE_REPRESENTATION(#4957,#4959);
#4957 = ( REPRESENTATION_RELATIONSHIP('','',#4946,#10) 
REPRESENTATION_RELATIONSHIP_WITH_TRANSFORMATION(#4958) 
SHAPE_REPRESENTATION_RELATIONSHIP() );
#4958 = ITEM_DEFINED_TRANSFORMATION('','',#11,#95);
#4959 = PRODUCT_DEFINITION_SHAPE('Placement','Placement of an item',
  #4960);
#4960 = NEXT_ASSEMBLY_USAGE_OCCURRENCE('26','C109','',#5,#4941,$);
#4961 = PRODUCT_RELATED_PRODUCT_CATEGORY('part',$,(#4943));
#4962 = SHAPE_DEFINITION_REPRESENTATION(#4963,#4969);
#4963 = PRODUCT_DEFINITION_SHAPE('','',#4964);
#4964 = PRODUCT_DEFINITION('design','',#4965,#4968);
#4965 = PRODUCT_DEFINITION_FORMATION('','',#4966);
#4966 = PRODUCT('CP_Elec_63x77','CP_Elec_63x77','',(#4967));
#4967 = PRODUCT_CONTEXT('',#2,'mechanical');
#4968 = PRODUCT_DEFINITION_CONTEXT('part definition',#2,'design');
#4969 = ADVANCED_BREP_SHAPE_REPRESENTATION('',(#11,#4970),#6335);
#4970 = MANIFOLD_SOLID_BREP('',#4971);
#4971 = CLOSED_SHELL('',(#4972,#5015,#5041,#5114,#5193,#5233,#5312,#5337
    ,#5362,#5418,#5474,#5499,#5524,#5589,#5662,#5748,#5765,#5796,#5808,
    #5825,#5837,#5855,#5867,#5885,#5897,#5928,#5980,#6012,#6037,#6062,
    #6094,#6119,#6144,#6161,#6178,#6226,#6267,#6285,#6297,#6309,#6325));
#4972 = ADVANCED_FACE('',(#4973),#5010,.T.);
#4973 = FACE_BOUND('',#4974,.T.);
#4974 = EDGE_LOOP('',(#4975,#4994,#5002,#5009));
#4975 = ORIENTED_EDGE('',*,*,#4976,.T.);
#4976 = EDGE_CURVE('',#4977,#4977,#4979,.T.);
#4977 = VERTEX_POINT('',#4978);
#4978 = CARTESIAN_POINT('',(-3.15,3.857637417314E-16,1.903268122105));
#4979 = ( BOUNDED_CURVE() B_SPLINE_CURVE(13,(#4980,#4981,#4982,#4983,
    #4984,#4985,#4986,#4987,#4988,#4989,#4990,#4991,#4992,#4993),
.UNSPECIFIED.,.T.,.F.) B_SPLINE_CURVE_WITH_KNOTS((1,13,13,1),(
    -19.79203371761,3.914259941243E-16,19.792033717616,39.584067435232),
.UNSPECIFIED.) CURVE() GEOMETRIC_REPRESENTATION_ITEM() 
RATIONAL_B_SPLINE_CURVE((1.,1.,1.000000000001,0.999999999998,
    1.000000000004,0.999999999994,1.000000000007,0.999999999994,
    1.000000000005,0.999999999997,1.000000000001,1.,1.,1.)) 
REPRESENTATION_ITEM('') );
#4980 = CARTESIAN_POINT('',(-3.15,3.857637417314E-16,1.903268122105));
#4981 = CARTESIAN_POINT('',(-3.150000000001,1.500440617323,
    1.903268122105));
#4982 = CARTESIAN_POINT('',(-2.374522784297,3.035482525996,
    1.903268122105));
#4983 = CARTESIAN_POINT('',(-0.778699260131,4.133102804313,
    1.903268122105));
#4984 = CARTESIAN_POINT('',(1.417356467597,4.301676360907,1.903268122105
    ));
#4985 = CARTESIAN_POINT('',(3.314487228419,3.131786890306,1.903268122105
    ));
#4986 = CARTESIAN_POINT('',(4.70583335723,1.424009627085,1.903268122105)
  );
#4987 = CARTESIAN_POINT('',(4.705833357256,-1.424009627103,
    1.903268122105));
#4988 = CARTESIAN_POINT('',(3.314487228412,-3.131786890273,
    1.903268122105));
#4989 = CARTESIAN_POINT('',(1.41735646759,-4.301676360937,1.903268122105
    ));
#4990 = CARTESIAN_POINT('',(-0.778699260121,-4.133102804298,
    1.903268122105));
#4991 = CARTESIAN_POINT('',(-2.374522784302,-3.035482526,1.903268122105)
  );
#4992 = CARTESIAN_POINT('',(-3.149999999999,-1.500440617323,
    1.903268122105));
#4993 = CARTESIAN_POINT('',(-3.15,3.857637417314E-16,1.903268122105));
#4994 = ORIENTED_EDGE('',*,*,#4995,.F.);
#4995 = EDGE_CURVE('',#4996,#4977,#4998,.T.);
#4996 = VERTEX_POINT('',#4997);
#4997 = CARTESIAN_POINT('',(-3.15,3.857637417314E-16,1.07));
#4998 = LINE('',#4999,#5000);
#4999 = CARTESIAN_POINT('',(-3.15,3.857637417314E-16,0.65));
#5000 = VECTOR('',#5001,1.);
#5001 = DIRECTION('',(0.,0.,1.));
#5002 = ORIENTED_EDGE('',*,*,#5003,.F.);
#5003 = EDGE_CURVE('',#4996,#4996,#5004,.T.);
#5004 = CIRCLE('',#5005,3.15);
#5005 = AXIS2_PLACEMENT_3D('',#5006,#5007,#5008);
#5006 = CARTESIAN_POINT('',(0.,0.,1.07));
#5007 = DIRECTION('',(0.,0.,-1.));
#5008 = DIRECTION('',(-1.,1.224646799147E-16,0.));
#5009 = ORIENTED_EDGE('',*,*,#4995,.T.);
#5010 = CYLINDRICAL_SURFACE('',#5011,3.15);
#5011 = AXIS2_PLACEMENT_3D('',#5012,#5013,#5014);
#5012 = CARTESIAN_POINT('',(0.,0.,0.65));
#5013 = DIRECTION('',(0.,0.,1.));
#5014 = DIRECTION('',(-1.,1.224646799147E-16,0.));
#5015 = ADVANCED_FACE('',(#5016),#5036,.T.);
#5016 = FACE_BOUND('',#5017,.T.);
#5017 = EDGE_LOOP('',(#5018,#5019,#5028,#5035));
#5018 = ORIENTED_EDGE('',*,*,#5003,.T.);
#5019 = ORIENTED_EDGE('',*,*,#5020,.T.);
#5020 = EDGE_CURVE('',#4996,#5021,#5023,.T.);
#5021 = VERTEX_POINT('',#5022);
#5022 = CARTESIAN_POINT('',(-2.73,3.343285761672E-16,0.65));
#5023 = CIRCLE('',#5024,0.42);
#5024 = AXIS2_PLACEMENT_3D('',#5025,#5026,#5027);
#5025 = CARTESIAN_POINT('',(-2.73,3.343285761672E-16,1.07));
#5026 = DIRECTION('',(-1.224646799147E-16,-1.,-0.));
#5027 = DIRECTION('',(-1.,1.224646799147E-16,0.));
#5028 = ORIENTED_EDGE('',*,*,#5029,.F.);
#5029 = EDGE_CURVE('',#5021,#5021,#5030,.T.);
#5030 = CIRCLE('',#5031,2.73);
#5031 = AXIS2_PLACEMENT_3D('',#5032,#5033,#5034);
#5032 = CARTESIAN_POINT('',(0.,0.,0.65));
#5033 = DIRECTION('',(0.,0.,-1.));
#5034 = DIRECTION('',(-1.,1.224646799147E-16,0.));
#5035 = ORIENTED_EDGE('',*,*,#5020,.F.);
#5036 = TOROIDAL_SURFACE('',#5037,2.73,0.42);
#5037 = AXIS2_PLACEMENT_3D('',#5038,#5039,#5040);
#5038 = CARTESIAN_POINT('',(0.,0.,1.07));
#5039 = DIRECTION('',(0.,0.,-1.));
#5040 = DIRECTION('',(-1.,1.224646799147E-16,0.));
#5041 = ADVANCED_FACE('',(#5042),#5071,.T.);
#5042 = FACE_BOUND('',#5043,.T.);
#5043 = EDGE_LOOP('',(#5044,#5052,#5069,#5070));
#5044 = ORIENTED_EDGE('',*,*,#5045,.T.);
#5045 = EDGE_CURVE('',#4977,#5046,#5048,.T.);
#5046 = VERTEX_POINT('',#5047);
#5047 = CARTESIAN_POINT('',(-3.121363636364,3.822567986248E-16,
    1.934637686762));
#5048 = ( BOUNDED_CURVE() B_SPLINE_CURVE(2,(#5049,#5050,#5051),
.UNSPECIFIED.,.F.,.F.) B_SPLINE_CURVE_WITH_KNOTS((3,3),(0.,
19.792033717616),.PIECEWISE_BEZIER_KNOTS.) CURVE() 
GEOMETRIC_REPRESENTATION_ITEM() RATIONAL_B_SPLINE_CURVE((1.,
0.738548945876,1.)) REPRESENTATION_ITEM('') );
#5049 = CARTESIAN_POINT('',(-3.15,3.857637417314E-16,1.903268122105));
#5050 = CARTESIAN_POINT('',(-3.15,1.195445924144E-15,1.932023556374));
#5051 = CARTESIAN_POINT('',(-3.121363636364,3.822567986248E-16,
    1.934637686762));
#5052 = ORIENTED_EDGE('',*,*,#5053,.T.);
#5053 = EDGE_CURVE('',#5046,#5046,#5054,.T.);
#5054 = ( BOUNDED_CURVE() B_SPLINE_CURVE(13,(#5055,#5056,#5057,#5058,
    #5059,#5060,#5061,#5062,#5063,#5064,#5065,#5066,#5067,#5068),
.UNSPECIFIED.,.T.,.F.) B_SPLINE_CURVE_WITH_KNOTS((1,13,13,1),(
    -19.79203371761,3.914259941243E-16,19.792033717616,39.584067435232),
.UNSPECIFIED.) CURVE() GEOMETRIC_REPRESENTATION_ITEM() 
RATIONAL_B_SPLINE_CURVE((1.,1.,1.000000000001,0.999999999998,
    1.000000000004,0.999999999994,1.000000000007,0.999999999994,
    1.000000000005,0.999999999997,1.000000000001,1.,1.,1.)) 
REPRESENTATION_ITEM('') );
#5055 = CARTESIAN_POINT('',(-3.121363636364,3.822567986248E-16,
    1.934637686762));
#5056 = CARTESIAN_POINT('',(-3.121363636365,1.486800248075,
    1.934637686762));
#5057 = CARTESIAN_POINT('',(-2.35293621353,3.007887230305,1.934637686762
    ));
#5058 = CARTESIAN_POINT('',(-0.771620175949,4.095529142455,
    1.934637686762));
#5059 = CARTESIAN_POINT('',(1.404471408801,4.262570212172,1.934637686762
    ));
#5060 = CARTESIAN_POINT('',(3.284355526343,3.103316100395,1.934637686762
    ));
#5061 = CARTESIAN_POINT('',(4.663053053981,1.411064085019,1.934637686762
    ));
#5062 = CARTESIAN_POINT('',(4.663053054011,-1.411064085037,
    1.934637686762));
#5063 = CARTESIAN_POINT('',(3.284355526332,-3.103316100363,
    1.934637686762));
#5064 = CARTESIAN_POINT('',(1.404471408797,-4.2625702122,1.934637686762)
  );
#5065 = CARTESIAN_POINT('',(-0.77162017594,-4.095529142442,
    1.934637686762));
#5066 = CARTESIAN_POINT('',(-2.352936213535,-3.007887230309,
    1.934637686762));
#5067 = CARTESIAN_POINT('',(-3.121363636363,-1.486800248074,
    1.934637686762));
#5068 = CARTESIAN_POINT('',(-3.121363636364,3.822567986248E-16,
    1.934637686762));
#5069 = ORIENTED_EDGE('',*,*,#5045,.F.);
#5070 = ORIENTED_EDGE('',*,*,#4976,.F.);
#5071 = ( BOUNDED_SURFACE() B_SPLINE_SURFACE(2,13,(
    (#5072,#5073,#5074,#5075,#5076,#5077,#5078,#5079,#5080,#5081,#5082
      ,#5083,#5084,#5085)
    ,(#5086,#5087,#5088,#5089,#5090,#5091,#5092,#5093,#5094,#5095,#5096
      ,#5097,#5098,#5099)
    ,(#5100,#5101,#5102,#5103,#5104,#5105,#5106,#5107,#5108,#5109,#5110
      ,#5111,#5112,#5113
)),.UNSPECIFIED.,.F.,.T.,.F.) B_SPLINE_SURFACE_WITH_KNOTS((3,3),(1,13,13
    ,1),(0.,19.792033717616),(-19.79203371761,3.914259941243E-16,
    19.792033717616,39.584067435232),.UNSPECIFIED.) 
GEOMETRIC_REPRESENTATION_ITEM() RATIONAL_B_SPLINE_SURFACE((
    (1.,1.,1.000000000001,0.999999999998,1.000000000004,0.999999999994
      ,1.000000000007,0.999999999994,1.000000000005,0.999999999997
      ,1.000000000001,1.,1.,1.)
    ,(0.738548945876,0.738548945876,0.738548945876,0.738548945875
      ,0.738548945878,0.738548945873,0.738548945879,0.738548945873
      ,0.738548945878,0.738548945875,0.738548945877,0.738548945876
      ,0.738548945876,0.738548945876)
    ,(1.,1.,1.000000000001,0.999999999998,1.000000000004,0.999999999994
      ,1.000000000007,0.999999999994,1.000000000005,0.999999999997
,1.000000000001,1.,1.,1.))) REPRESENTATION_ITEM('') SURFACE() );
#5072 = CARTESIAN_POINT('',(-3.15,3.857637417314E-16,1.903268122105));
#5073 = CARTESIAN_POINT('',(-3.150000000001,1.500440617323,
    1.903268122105));
#5074 = CARTESIAN_POINT('',(-2.374522784297,3.035482525996,
    1.903268122105));
#5075 = CARTESIAN_POINT('',(-0.778699260131,4.133102804313,
    1.903268122105));
#5076 = CARTESIAN_POINT('',(1.417356467597,4.301676360907,1.903268122105
    ));
#5077 = CARTESIAN_POINT('',(3.314487228419,3.131786890306,1.903268122105
    ));
#5078 = CARTESIAN_POINT('',(4.70583335723,1.424009627085,1.903268122105)
  );
#5079 = CARTESIAN_POINT('',(4.705833357256,-1.424009627103,
    1.903268122105));
#5080 = CARTESIAN_POINT('',(3.314487228412,-3.131786890273,
    1.903268122105));
#5081 = CARTESIAN_POINT('',(1.41735646759,-4.301676360937,1.903268122105
    ));
#5082 = CARTESIAN_POINT('',(-0.778699260121,-4.133102804298,
    1.903268122105));
#5083 = CARTESIAN_POINT('',(-2.374522784302,-3.035482526,1.903268122105)
  );
#5084 = CARTESIAN_POINT('',(-3.149999999999,-1.500440617323,
    1.903268122105));
#5085 = CARTESIAN_POINT('',(-3.15,3.857637417314E-16,1.903268122105));
#5086 = CARTESIAN_POINT('',(-3.15,1.195445924144E-15,1.932023556374));
#5087 = CARTESIAN_POINT('',(-3.150000000001,1.500440617323,
    1.932023556374));
#5088 = CARTESIAN_POINT('',(-2.374522784297,3.035482525998,
    1.932023556374));
#5089 = CARTESIAN_POINT('',(-0.778699260131,4.133102804308,
    1.932023556374));
#5090 = CARTESIAN_POINT('',(1.4173564676,4.301676360916,1.932023556374)
  );
#5091 = CARTESIAN_POINT('',(3.314487228412,3.131786890296,1.932023556374
    ));
#5092 = CARTESIAN_POINT('',(4.705833357241,1.424009627092,1.932023556374
    ));
#5093 = CARTESIAN_POINT('',(4.705833357246,-1.424009627104,
    1.932023556374));
#5094 = CARTESIAN_POINT('',(3.314487228417,-3.131786890276,
    1.932023556374));
#5095 = CARTESIAN_POINT('',(1.417356467589,-4.301676360933,
    1.932023556374));
#5096 = CARTESIAN_POINT('',(-0.778699260122,-4.1331028043,1.932023556374
    ));
#5097 = CARTESIAN_POINT('',(-2.374522784301,-3.035482526,1.932023556374)
  );
#5098 = CARTESIAN_POINT('',(-3.15,-1.500440617323,1.932023556374));
#5099 = CARTESIAN_POINT('',(-3.15,1.195445924144E-15,1.932023556374));
#5100 = CARTESIAN_POINT('',(-3.121363636364,3.822567986248E-16,
    1.934637686762));
#5101 = CARTESIAN_POINT('',(-3.121363636365,1.486800248075,
    1.934637686762));
#5102 = CARTESIAN_POINT('',(-2.35293621353,3.007887230305,1.934637686762
    ));
#5103 = CARTESIAN_POINT('',(-0.771620175949,4.095529142455,
    1.934637686762));
#5104 = CARTESIAN_POINT('',(1.404471408801,4.262570212172,1.934637686762
    ));
#5105 = CARTESIAN_POINT('',(3.284355526343,3.103316100395,1.934637686762
    ));
#5106 = CARTESIAN_POINT('',(4.663053053981,1.411064085019,1.934637686762
    ));
#5107 = CARTESIAN_POINT('',(4.663053054011,-1.411064085037,
    1.934637686762));
#5108 = CARTESIAN_POINT('',(3.284355526332,-3.103316100363,
    1.934637686762));
#5109 = CARTESIAN_POINT('',(1.404471408797,-4.2625702122,1.934637686762)
  );
#5110 = CARTESIAN_POINT('',(-0.77162017594,-4.095529142442,
    1.934637686762));
#5111 = CARTESIAN_POINT('',(-2.352936213535,-3.007887230309,
    1.934637686762));
#5112 = CARTESIAN_POINT('',(-3.121363636363,-1.486800248074,
    1.934637686762));
#5113 = CARTESIAN_POINT('',(-3.121363636364,3.822567986248E-16,
    1.934637686762));
#5114 = ADVANCED_FACE('',(#5115,#5185),#5188,.T.);
#5115 = FACE_BOUND('',#5116,.T.);
#5116 = EDGE_LOOP('',(#5117,#5127,#5136,#5144,#5153,#5161,#5170,#5178));
#5117 = ORIENTED_EDGE('',*,*,#5118,.T.);
#5118 = EDGE_CURVE('',#5119,#5121,#5123,.T.);
#5119 = VERTEX_POINT('',#5120);
#5120 = CARTESIAN_POINT('',(-3.3,0.576628129734,0.65));
#5121 = VERTEX_POINT('',#5122);
#5122 = CARTESIAN_POINT('',(-3.3,-0.576628129734,0.65));
#5123 = LINE('',#5124,#5125);
#5124 = CARTESIAN_POINT('',(-3.3,1.15,0.65));
#5125 = VECTOR('',#5126,1.);
#5126 = DIRECTION('',(-1.224646799147E-16,-1.,0.));
#5127 = ORIENTED_EDGE('',*,*,#5128,.T.);
#5128 = EDGE_CURVE('',#5121,#5129,#5131,.T.);
#5129 = VERTEX_POINT('',#5130);
#5130 = CARTESIAN_POINT('',(-0.576628129734,-3.3,0.65));
#5131 = CIRCLE('',#5132,3.35);
#5132 = AXIS2_PLACEMENT_3D('',#5133,#5134,#5135);
#5133 = CARTESIAN_POINT('',(0.,0.,0.65));
#5134 = DIRECTION('',(0.,0.,1.));
#5135 = DIRECTION('',(-1.,1.224646799147E-16,0.));
#5136 = ORIENTED_EDGE('',*,*,#5137,.T.);
#5137 = EDGE_CURVE('',#5129,#5138,#5140,.T.);
#5138 = VERTEX_POINT('',#5139);
#5139 = CARTESIAN_POINT('',(0.576628129734,-3.3,0.65));
#5140 = LINE('',#5141,#5142);
#5141 = CARTESIAN_POINT('',(-1.15,-3.3,0.65));
#5142 = VECTOR('',#5143,1.);
#5143 = DIRECTION('',(1.,-1.224646799147E-16,0.));
#5144 = ORIENTED_EDGE('',*,*,#5145,.T.);
#5145 = EDGE_CURVE('',#5138,#5146,#5148,.T.);
#5146 = VERTEX_POINT('',#5147);
#5147 = CARTESIAN_POINT('',(3.3,-0.576628129734,0.65));
#5148 = CIRCLE('',#5149,3.35);
#5149 = AXIS2_PLACEMENT_3D('',#5150,#5151,#5152);
#5150 = CARTESIAN_POINT('',(0.,0.,0.65));
#5151 = DIRECTION('',(0.,0.,1.));
#5152 = DIRECTION('',(-1.,1.224646799147E-16,0.));
#5153 = ORIENTED_EDGE('',*,*,#5154,.T.);
#5154 = EDGE_CURVE('',#5146,#5155,#5157,.T.);
#5155 = VERTEX_POINT('',#5156);
#5156 = CARTESIAN_POINT('',(3.3,0.576628129734,0.65));
#5157 = LINE('',#5158,#5159);
#5158 = CARTESIAN_POINT('',(3.3,-1.65,0.65));
#5159 = VECTOR('',#5160,1.);
#5160 = DIRECTION('',(1.224646799147E-16,1.,0.));
#5161 = ORIENTED_EDGE('',*,*,#5162,.T.);
#5162 = EDGE_CURVE('',#5155,#5163,#5165,.T.);
#5163 = VERTEX_POINT('',#5164);
#5164 = CARTESIAN_POINT('',(0.576628129734,3.3,0.65));
#5165 = CIRCLE('',#5166,3.35);
#5166 = AXIS2_PLACEMENT_3D('',#5167,#5168,#5169);
#5167 = CARTESIAN_POINT('',(0.,0.,0.65));
#5168 = DIRECTION('',(0.,0.,1.));
#5169 = DIRECTION('',(-1.,1.224646799147E-16,0.));
#5170 = ORIENTED_EDGE('',*,*,#5171,.T.);
#5171 = EDGE_CURVE('',#5163,#5172,#5174,.T.);
#5172 = VERTEX_POINT('',#5173);
#5173 = CARTESIAN_POINT('',(-0.576628129734,3.3,0.65));
#5174 = LINE('',#5175,#5176);
#5175 = CARTESIAN_POINT('',(1.65,3.3,0.65));
#5176 = VECTOR('',#5177,1.);
#5177 = DIRECTION('',(-1.,1.224646799147E-16,0.));
#5178 = ORIENTED_EDGE('',*,*,#5179,.T.);
#5179 = EDGE_CURVE('',#5172,#5119,#5180,.T.);
#5180 = CIRCLE('',#5181,3.35);
#5181 = AXIS2_PLACEMENT_3D('',#5182,#5183,#5184);
#5182 = CARTESIAN_POINT('',(0.,0.,0.65));
#5183 = DIRECTION('',(0.,0.,1.));
#5184 = DIRECTION('',(-1.,1.224646799147E-16,0.));
#5185 = FACE_BOUND('',#5186,.T.);
#5186 = EDGE_LOOP('',(#5187));
#5187 = ORIENTED_EDGE('',*,*,#5029,.T.);
#5188 = PLANE('',#5189);
#5189 = AXIS2_PLACEMENT_3D('',#5190,#5191,#5192);
#5190 = CARTESIAN_POINT('',(2.040955421701E-16,-6.734331626528E-17,0.65)
  );
#5191 = DIRECTION('',(0.,0.,1.));
#5192 = DIRECTION('',(-1.,1.224646799147E-16,0.));
#5193 = ADVANCED_FACE('',(#5194),#5224,.F.);
#5194 = FACE_BOUND('',#5195,.F.);
#5195 = EDGE_LOOP('',(#5196,#5205,#5206,#5207));
#5196 = ORIENTED_EDGE('',*,*,#5197,.F.);
#5197 = EDGE_CURVE('',#5046,#5198,#5200,.T.);
#5198 = VERTEX_POINT('',#5199);
#5199 = CARTESIAN_POINT('',(-3.121363636364,3.822567986248E-16,
    2.562028979904));
#5200 = CIRCLE('',#5201,0.315);
#5201 = AXIS2_PLACEMENT_3D('',#5202,#5203,#5204);
#5202 = CARTESIAN_POINT('',(-3.15,3.857637417314E-16,2.248333333333));
#5203 = DIRECTION('',(-1.224646799147E-16,-1.,-0.));
#5204 = DIRECTION('',(0.,0.,-1.));
#5205 = ORIENTED_EDGE('',*,*,#5053,.T.);
#5206 = ORIENTED_EDGE('',*,*,#5197,.T.);
#5207 = ORIENTED_EDGE('',*,*,#5208,.F.);
#5208 = EDGE_CURVE('',#5198,#5198,#5209,.T.);
#5209 = ( BOUNDED_CURVE() B_SPLINE_CURVE(13,(#5210,#5211,#5212,#5213,
    #5214,#5215,#5216,#5217,#5218,#5219,#5220,#5221,#5222,#5223),
.UNSPECIFIED.,.T.,.F.) B_SPLINE_CURVE_WITH_KNOTS((1,13,13,1),(
    -19.79203371761,3.914259941243E-16,19.792033717616,39.584067435232),
.UNSPECIFIED.) CURVE() GEOMETRIC_REPRESENTATION_ITEM() 
RATIONAL_B_SPLINE_CURVE((1.,1.,1.000000000001,0.999999999998,
    1.000000000004,0.999999999994,1.000000000007,0.999999999994,
    1.000000000005,0.999999999997,1.000000000001,1.,1.,1.)) 
REPRESENTATION_ITEM('') );
#5210 = CARTESIAN_POINT('',(-3.121363636364,3.822567986248E-16,
    2.562028979904));
#5211 = CARTESIAN_POINT('',(-3.121363636364,1.486800248075,
    2.562028979904));
#5212 = CARTESIAN_POINT('',(-2.352936213531,3.007887230306,
    2.562028979904));
#5213 = CARTESIAN_POINT('',(-0.771620175947,4.095529142455,
    2.562028979904));
#5214 = CARTESIAN_POINT('',(1.404471408799,4.262570212172,2.562028979904
    ));
#5215 = CARTESIAN_POINT('',(3.284355526347,3.103316100394,2.562028979904
    ));
#5216 = CARTESIAN_POINT('',(4.663053053976,1.411064085019,2.562028979904
    ));
#5217 = CARTESIAN_POINT('',(4.663053054016,-1.411064085037,
    2.562028979904));
#5218 = CARTESIAN_POINT('',(3.284355526329,-3.103316100364,
    2.562028979904));
#5219 = CARTESIAN_POINT('',(1.404471408799,-4.262570212199,
    2.562028979904));
#5220 = CARTESIAN_POINT('',(-0.771620175941,-4.095529142443,
    2.562028979904));
#5221 = CARTESIAN_POINT('',(-2.352936213535,-3.007887230309,
    2.562028979904));
#5222 = CARTESIAN_POINT('',(-3.121363636363,-1.486800248074,
    2.562028979904));
#5223 = CARTESIAN_POINT('',(-3.121363636364,3.822567986248E-16,
    2.562028979904));
#5224 = SURFACE_OF_REVOLUTION('',#5225,#5230);
#5225 = CIRCLE('',#5226,0.315);
#5226 = AXIS2_PLACEMENT_3D('',#5227,#5228,#5229);
#5227 = CARTESIAN_POINT('',(-3.15,3.857637417314E-16,2.248333333333));
#5228 = DIRECTION('',(-1.224646799147E-16,-1.,-0.));
#5229 = DIRECTION('',(0.,0.,-1.));
#5230 = AXIS1_PLACEMENT('',#5231,#5232);
#5231 = CARTESIAN_POINT('',(0.,0.,0.65));
#5232 = DIRECTION('',(-0.,0.,-1.));
#5233 = ADVANCED_FACE('',(#5234),#5307,.F.);
#5234 = FACE_BOUND('',#5235,.F.);
#5235 = EDGE_LOOP('',(#5236,#5246,#5254,#5262,#5268,#5269,#5277,#5285,
    #5293,#5301));
#5236 = ORIENTED_EDGE('',*,*,#5237,.F.);
#5237 = EDGE_CURVE('',#5238,#5240,#5242,.T.);
#5238 = VERTEX_POINT('',#5239);
#5239 = CARTESIAN_POINT('',(-3.3,2.3,0.15));
#5240 = VERTEX_POINT('',#5241);
#5241 = CARTESIAN_POINT('',(-3.3,0.325,0.15));
#5242 = LINE('',#5243,#5244);
#5243 = CARTESIAN_POINT('',(-3.3,2.3,0.15));
#5244 = VECTOR('',#5245,1.);
#5245 = DIRECTION('',(-1.224646799147E-16,-1.,0.));
#5246 = ORIENTED_EDGE('',*,*,#5247,.T.);
#5247 = EDGE_CURVE('',#5238,#5248,#5250,.T.);
#5248 = VERTEX_POINT('',#5249);
#5249 = CARTESIAN_POINT('',(-3.3,2.3,0.85));
#5250 = LINE('',#5251,#5252);
#5251 = CARTESIAN_POINT('',(-3.3,2.3,0.15));
#5252 = VECTOR('',#5253,1.);
#5253 = DIRECTION('',(0.,0.,1.));
#5254 = ORIENTED_EDGE('',*,*,#5255,.T.);
#5255 = EDGE_CURVE('',#5248,#5256,#5258,.T.);
#5256 = VERTEX_POINT('',#5257);
#5257 = CARTESIAN_POINT('',(-3.3,0.576628129734,0.85));
#5258 = LINE('',#5259,#5260);
#5259 = CARTESIAN_POINT('',(-3.3,3.3,0.85));
#5260 = VECTOR('',#5261,1.);
#5261 = DIRECTION('',(-1.224646799147E-16,-1.,0.));
#5262 = ORIENTED_EDGE('',*,*,#5263,.T.);
#5263 = EDGE_CURVE('',#5256,#5119,#5264,.T.);
#5264 = LINE('',#5265,#5266);
#5265 = CARTESIAN_POINT('',(-3.3,0.576628129734,0.65));
#5266 = VECTOR('',#5267,1.);
#5267 = DIRECTION('',(0.,0.,-1.));
#5268 = ORIENTED_EDGE('',*,*,#5118,.T.);
#5269 = ORIENTED_EDGE('',*,*,#5270,.F.);
#5270 = EDGE_CURVE('',#5271,#5121,#5273,.T.);
#5271 = VERTEX_POINT('',#5272);
#5272 = CARTESIAN_POINT('',(-3.3,-0.576628129734,0.85));
#5273 = LINE('',#5274,#5275);
#5274 = CARTESIAN_POINT('',(-3.3,-0.576628129734,0.65));
#5275 = VECTOR('',#5276,1.);
#5276 = DIRECTION('',(0.,0.,-1.));
#5277 = ORIENTED_EDGE('',*,*,#5278,.T.);
#5278 = EDGE_CURVE('',#5271,#5279,#5281,.T.);
#5279 = VERTEX_POINT('',#5280);
#5280 = CARTESIAN_POINT('',(-3.3,-2.3,0.85));
#5281 = LINE('',#5282,#5283);
#5282 = CARTESIAN_POINT('',(-3.3,3.3,0.85));
#5283 = VECTOR('',#5284,1.);
#5284 = DIRECTION('',(-1.224646799147E-16,-1.,0.));
#5285 = ORIENTED_EDGE('',*,*,#5286,.F.);
#5286 = EDGE_CURVE('',#5287,#5279,#5289,.T.);
#5287 = VERTEX_POINT('',#5288);
#5288 = CARTESIAN_POINT('',(-3.3,-2.3,0.15));
#5289 = LINE('',#5290,#5291);
#5290 = CARTESIAN_POINT('',(-3.3,-2.3,0.15));
#5291 = VECTOR('',#5292,1.);
#5292 = DIRECTION('',(0.,0.,1.));
#5293 = ORIENTED_EDGE('',*,*,#5294,.F.);
#5294 = EDGE_CURVE('',#5295,#5287,#5297,.T.);
#5295 = VERTEX_POINT('',#5296);
#5296 = CARTESIAN_POINT('',(-3.3,-0.325,0.15));
#5297 = LINE('',#5298,#5299);
#5298 = CARTESIAN_POINT('',(-3.3,2.3,0.15));
#5299 = VECTOR('',#5300,1.);
#5300 = DIRECTION('',(-1.224646799147E-16,-1.,0.));
#5301 = ORIENTED_EDGE('',*,*,#5302,.F.);
#5302 = EDGE_CURVE('',#5240,#5295,#5303,.T.);
#5303 = LINE('',#5304,#5305);
#5304 = CARTESIAN_POINT('',(-3.3,2.3,0.15));
#5305 = VECTOR('',#5306,1.);
#5306 = DIRECTION('',(-1.224646799147E-16,-1.,0.));
#5307 = PLANE('',#5308);
#5308 = AXIS2_PLACEMENT_3D('',#5309,#5310,#5311);
#5309 = CARTESIAN_POINT('',(-3.3,2.3,0.15));
#5310 = DIRECTION('',(1.,-1.224646799147E-16,0.));
#5311 = DIRECTION('',(-1.224646799147E-16,-1.,0.));
#5312 = ADVANCED_FACE('',(#5313),#5332,.F.);
#5313 = FACE_BOUND('',#5314,.F.);
#5314 = EDGE_LOOP('',(#5315,#5323,#5324,#5325));
#5315 = ORIENTED_EDGE('',*,*,#5316,.T.);
#5316 = EDGE_CURVE('',#5317,#5172,#5319,.T.);
#5317 = VERTEX_POINT('',#5318);
#5318 = CARTESIAN_POINT('',(-0.576628129734,3.3,0.85));
#5319 = LINE('',#5320,#5321);
#5320 = CARTESIAN_POINT('',(-0.576628129734,3.3,0.65));
#5321 = VECTOR('',#5322,1.);
#5322 = DIRECTION('',(0.,0.,-1.));
#5323 = ORIENTED_EDGE('',*,*,#5179,.T.);
#5324 = ORIENTED_EDGE('',*,*,#5263,.F.);
#5325 = ORIENTED_EDGE('',*,*,#5326,.T.);
#5326 = EDGE_CURVE('',#5256,#5317,#5327,.T.);
#5327 = CIRCLE('',#5328,3.35);
#5328 = AXIS2_PLACEMENT_3D('',#5329,#5330,#5331);
#5329 = CARTESIAN_POINT('',(0.,0.,0.85));
#5330 = DIRECTION('',(0.,0.,-1.));
#5331 = DIRECTION('',(-1.,1.224646799147E-16,0.));
#5332 = CYLINDRICAL_SURFACE('',#5333,3.35);
#5333 = AXIS2_PLACEMENT_3D('',#5334,#5335,#5336);
#5334 = CARTESIAN_POINT('',(0.,0.,0.65));
#5335 = DIRECTION('',(0.,0.,-1.));
#5336 = DIRECTION('',(-1.,1.224646799147E-16,0.));
#5337 = ADVANCED_FACE('',(#5338),#5357,.F.);
#5338 = FACE_BOUND('',#5339,.F.);
#5339 = EDGE_LOOP('',(#5340,#5348,#5355,#5356));
#5340 = ORIENTED_EDGE('',*,*,#5341,.F.);
#5341 = EDGE_CURVE('',#5342,#5129,#5344,.T.);
#5342 = VERTEX_POINT('',#5343);
#5343 = CARTESIAN_POINT('',(-0.576628129734,-3.3,0.85));
#5344 = LINE('',#5345,#5346);
#5345 = CARTESIAN_POINT('',(-0.576628129734,-3.3,0.65));
#5346 = VECTOR('',#5347,1.);
#5347 = DIRECTION('',(0.,0.,-1.));
#5348 = ORIENTED_EDGE('',*,*,#5349,.T.);
#5349 = EDGE_CURVE('',#5342,#5271,#5350,.T.);
#5350 = CIRCLE('',#5351,3.35);
#5351 = AXIS2_PLACEMENT_3D('',#5352,#5353,#5354);
#5352 = CARTESIAN_POINT('',(0.,0.,0.85));
#5353 = DIRECTION('',(0.,0.,-1.));
#5354 = DIRECTION('',(-1.,1.224646799147E-16,0.));
#5355 = ORIENTED_EDGE('',*,*,#5270,.T.);
#5356 = ORIENTED_EDGE('',*,*,#5128,.T.);
#5357 = CYLINDRICAL_SURFACE('',#5358,3.35);
#5358 = AXIS2_PLACEMENT_3D('',#5359,#5360,#5361);
#5359 = CARTESIAN_POINT('',(0.,0.,0.65));
#5360 = DIRECTION('',(0.,0.,-1.));
#5361 = DIRECTION('',(-1.,1.224646799147E-16,0.));
#5362 = ADVANCED_FACE('',(#5363),#5413,.F.);
#5363 = FACE_BOUND('',#5364,.F.);
#5364 = EDGE_LOOP('',(#5365,#5375,#5383,#5391,#5397,#5398,#5399,#5407));
#5365 = ORIENTED_EDGE('',*,*,#5366,.F.);
#5366 = EDGE_CURVE('',#5367,#5369,#5371,.T.);
#5367 = VERTEX_POINT('',#5368);
#5368 = CARTESIAN_POINT('',(2.9,3.3,0.15));
#5369 = VERTEX_POINT('',#5370);
#5370 = CARTESIAN_POINT('',(-2.3,3.3,0.15));
#5371 = LINE('',#5372,#5373);
#5372 = CARTESIAN_POINT('',(3.3,3.3,0.15));
#5373 = VECTOR('',#5374,1.);
#5374 = DIRECTION('',(-1.,1.224646799147E-16,0.));
#5375 = ORIENTED_EDGE('',*,*,#5376,.T.);
#5376 = EDGE_CURVE('',#5367,#5377,#5379,.T.);
#5377 = VERTEX_POINT('',#5378);
#5378 = CARTESIAN_POINT('',(2.9,3.3,1.15));
#5379 = LINE('',#5380,#5381);
#5380 = CARTESIAN_POINT('',(2.9,3.3,0.15));
#5381 = VECTOR('',#5382,1.);
#5382 = DIRECTION('',(0.,0.,1.));
#5383 = ORIENTED_EDGE('',*,*,#5384,.T.);
#5384 = EDGE_CURVE('',#5377,#5385,#5387,.T.);
#5385 = VERTEX_POINT('',#5386);
#5386 = CARTESIAN_POINT('',(0.576628129734,3.3,1.15));
#5387 = LINE('',#5388,#5389);
#5388 = CARTESIAN_POINT('',(3.3,3.3,1.15));
#5389 = VECTOR('',#5390,1.);
#5390 = DIRECTION('',(-1.,1.224646799147E-16,0.));
#5391 = ORIENTED_EDGE('',*,*,#5392,.T.);
#5392 = EDGE_CURVE('',#5385,#5163,#5393,.T.);
#5393 = LINE('',#5394,#5395);
#5394 = CARTESIAN_POINT('',(0.576628129734,3.3,0.65));
#5395 = VECTOR('',#5396,1.);
#5396 = DIRECTION('',(0.,0.,-1.));
#5397 = ORIENTED_EDGE('',*,*,#5171,.T.);
#5398 = ORIENTED_EDGE('',*,*,#5316,.F.);
#5399 = ORIENTED_EDGE('',*,*,#5400,.T.);
#5400 = EDGE_CURVE('',#5317,#5401,#5403,.T.);
#5401 = VERTEX_POINT('',#5402);
#5402 = CARTESIAN_POINT('',(-2.3,3.3,0.85));
#5403 = LINE('',#5404,#5405);
#5404 = CARTESIAN_POINT('',(4.041334437186E-16,3.3,0.85));
#5405 = VECTOR('',#5406,1.);
#5406 = DIRECTION('',(-1.,1.224646799147E-16,0.));
#5407 = ORIENTED_EDGE('',*,*,#5408,.F.);
#5408 = EDGE_CURVE('',#5369,#5401,#5409,.T.);
#5409 = LINE('',#5410,#5411);
#5410 = CARTESIAN_POINT('',(-2.3,3.3,0.15));
#5411 = VECTOR('',#5412,1.);
#5412 = DIRECTION('',(0.,0.,1.));
#5413 = PLANE('',#5414);
#5414 = AXIS2_PLACEMENT_3D('',#5415,#5416,#5417);
#5415 = CARTESIAN_POINT('',(3.3,3.3,0.15));
#5416 = DIRECTION('',(-1.224646799147E-16,-1.,0.));
#5417 = DIRECTION('',(-1.,1.224646799147E-16,0.));
#5418 = ADVANCED_FACE('',(#5419),#5469,.F.);
#5419 = FACE_BOUND('',#5420,.F.);
#5420 = EDGE_LOOP('',(#5421,#5431,#5439,#5447,#5453,#5454,#5455,#5463));
#5421 = ORIENTED_EDGE('',*,*,#5422,.F.);
#5422 = EDGE_CURVE('',#5423,#5425,#5427,.T.);
#5423 = VERTEX_POINT('',#5424);
#5424 = CARTESIAN_POINT('',(2.9,-3.3,0.15));
#5425 = VERTEX_POINT('',#5426);
#5426 = CARTESIAN_POINT('',(2.9,-3.3,1.15));
#5427 = LINE('',#5428,#5429);
#5428 = CARTESIAN_POINT('',(2.9,-3.3,0.15));
#5429 = VECTOR('',#5430,1.);
#5430 = DIRECTION('',(0.,0.,1.));
#5431 = ORIENTED_EDGE('',*,*,#5432,.F.);
#5432 = EDGE_CURVE('',#5433,#5423,#5435,.T.);
#5433 = VERTEX_POINT('',#5434);
#5434 = CARTESIAN_POINT('',(-2.3,-3.3,0.15));
#5435 = LINE('',#5436,#5437);
#5436 = CARTESIAN_POINT('',(-2.3,-3.3,0.15));
#5437 = VECTOR('',#5438,1.);
#5438 = DIRECTION('',(1.,-1.224646799147E-16,0.));
#5439 = ORIENTED_EDGE('',*,*,#5440,.T.);
#5440 = EDGE_CURVE('',#5433,#5441,#5443,.T.);
#5441 = VERTEX_POINT('',#5442);
#5442 = CARTESIAN_POINT('',(-2.3,-3.3,0.85));
#5443 = LINE('',#5444,#5445);
#5444 = CARTESIAN_POINT('',(-2.3,-3.3,0.15));
#5445 = VECTOR('',#5446,1.);
#5446 = DIRECTION('',(0.,0.,1.));
#5447 = ORIENTED_EDGE('',*,*,#5448,.F.);
#5448 = EDGE_CURVE('',#5342,#5441,#5449,.T.);
#5449 = LINE('',#5450,#5451);
#5450 = CARTESIAN_POINT('',(-4.041334437186E-16,-3.3,0.85));
#5451 = VECTOR('',#5452,1.);
#5452 = DIRECTION('',(-1.,1.224646799147E-16,0.));
#5453 = ORIENTED_EDGE('',*,*,#5341,.T.);
#5454 = ORIENTED_EDGE('',*,*,#5137,.T.);
#5455 = ORIENTED_EDGE('',*,*,#5456,.F.);
#5456 = EDGE_CURVE('',#5457,#5138,#5459,.T.);
#5457 = VERTEX_POINT('',#5458);
#5458 = CARTESIAN_POINT('',(0.576628129734,-3.3,1.15));
#5459 = LINE('',#5460,#5461);
#5460 = CARTESIAN_POINT('',(0.576628129734,-3.3,0.65));
#5461 = VECTOR('',#5462,1.);
#5462 = DIRECTION('',(0.,0.,-1.));
#5463 = ORIENTED_EDGE('',*,*,#5464,.T.);
#5464 = EDGE_CURVE('',#5457,#5425,#5465,.T.);
#5465 = LINE('',#5466,#5467);
#5466 = CARTESIAN_POINT('',(-2.3,-3.3,1.15));
#5467 = VECTOR('',#5468,1.);
#5468 = DIRECTION('',(1.,-1.224646799147E-16,0.));
#5469 = PLANE('',#5470);
#5470 = AXIS2_PLACEMENT_3D('',#5471,#5472,#5473);
#5471 = CARTESIAN_POINT('',(-2.3,-3.3,0.15));
#5472 = DIRECTION('',(1.224646799147E-16,1.,0.));
#5473 = DIRECTION('',(1.,-1.224646799147E-16,0.));
#5474 = ADVANCED_FACE('',(#5475),#5494,.F.);
#5475 = FACE_BOUND('',#5476,.F.);
#5476 = EDGE_LOOP('',(#5477,#5486,#5492,#5493));
#5477 = ORIENTED_EDGE('',*,*,#5478,.F.);
#5478 = EDGE_CURVE('',#5479,#5385,#5481,.T.);
#5479 = VERTEX_POINT('',#5480);
#5480 = CARTESIAN_POINT('',(3.3,0.576628129734,1.15));
#5481 = CIRCLE('',#5482,3.35);
#5482 = AXIS2_PLACEMENT_3D('',#5483,#5484,#5485);
#5483 = CARTESIAN_POINT('',(0.,0.,1.15));
#5484 = DIRECTION('',(0.,0.,1.));
#5485 = DIRECTION('',(-1.,1.224646799147E-16,0.));
#5486 = ORIENTED_EDGE('',*,*,#5487,.T.);
#5487 = EDGE_CURVE('',#5479,#5155,#5488,.T.);
#5488 = LINE('',#5489,#5490);
#5489 = CARTESIAN_POINT('',(3.3,0.576628129734,0.65));
#5490 = VECTOR('',#5491,1.);
#5491 = DIRECTION('',(0.,0.,-1.));
#5492 = ORIENTED_EDGE('',*,*,#5162,.T.);
#5493 = ORIENTED_EDGE('',*,*,#5392,.F.);
#5494 = CYLINDRICAL_SURFACE('',#5495,3.35);
#5495 = AXIS2_PLACEMENT_3D('',#5496,#5497,#5498);
#5496 = CARTESIAN_POINT('',(0.,0.,0.65));
#5497 = DIRECTION('',(0.,0.,-1.));
#5498 = DIRECTION('',(-1.,1.224646799147E-16,0.));
#5499 = ADVANCED_FACE('',(#5500),#5519,.F.);
#5500 = FACE_BOUND('',#5501,.F.);
#5501 = EDGE_LOOP('',(#5502,#5510,#5517,#5518));
#5502 = ORIENTED_EDGE('',*,*,#5503,.F.);
#5503 = EDGE_CURVE('',#5504,#5146,#5506,.T.);
#5504 = VERTEX_POINT('',#5505);
#5505 = CARTESIAN_POINT('',(3.3,-0.576628129734,1.15));
#5506 = LINE('',#5507,#5508);
#5507 = CARTESIAN_POINT('',(3.3,-0.576628129734,0.65));
#5508 = VECTOR('',#5509,1.);
#5509 = DIRECTION('',(0.,0.,-1.));
#5510 = ORIENTED_EDGE('',*,*,#5511,.F.);
#5511 = EDGE_CURVE('',#5457,#5504,#5512,.T.);
#5512 = CIRCLE('',#5513,3.35);
#5513 = AXIS2_PLACEMENT_3D('',#5514,#5515,#5516);
#5514 = CARTESIAN_POINT('',(0.,0.,1.15));
#5515 = DIRECTION('',(0.,0.,1.));
#5516 = DIRECTION('',(-1.,1.224646799147E-16,0.));
#5517 = ORIENTED_EDGE('',*,*,#5456,.T.);
#5518 = ORIENTED_EDGE('',*,*,#5145,.T.);
#5519 = CYLINDRICAL_SURFACE('',#5520,3.35);
#5520 = AXIS2_PLACEMENT_3D('',#5521,#5522,#5523);
#5521 = CARTESIAN_POINT('',(0.,0.,0.65));
#5522 = DIRECTION('',(0.,0.,-1.));
#5523 = DIRECTION('',(-1.,1.224646799147E-16,0.));
#5524 = ADVANCED_FACE('',(#5525),#5584,.F.);
#5525 = FACE_BOUND('',#5526,.F.);
#5526 = EDGE_LOOP('',(#5527,#5537,#5545,#5551,#5552,#5553,#5554,#5562,
    #5570,#5578));
#5527 = ORIENTED_EDGE('',*,*,#5528,.F.);
#5528 = EDGE_CURVE('',#5529,#5531,#5533,.T.);
#5529 = VERTEX_POINT('',#5530);
#5530 = CARTESIAN_POINT('',(3.3,-2.9,0.15));
#5531 = VERTEX_POINT('',#5532);
#5532 = CARTESIAN_POINT('',(3.3,-0.325,0.15));
#5533 = LINE('',#5534,#5535);
#5534 = CARTESIAN_POINT('',(3.3,-3.3,0.15));
#5535 = VECTOR('',#5536,1.);
#5536 = DIRECTION('',(1.224646799147E-16,1.,0.));
#5537 = ORIENTED_EDGE('',*,*,#5538,.T.);
#5538 = EDGE_CURVE('',#5529,#5539,#5541,.T.);
#5539 = VERTEX_POINT('',#5540);
#5540 = CARTESIAN_POINT('',(3.3,-2.9,1.15));
#5541 = LINE('',#5542,#5543);
#5542 = CARTESIAN_POINT('',(3.3,-2.9,0.15));
#5543 = VECTOR('',#5544,1.);
#5544 = DIRECTION('',(0.,0.,1.));
#5545 = ORIENTED_EDGE('',*,*,#5546,.T.);
#5546 = EDGE_CURVE('',#5539,#5504,#5547,.T.);
#5547 = LINE('',#5548,#5549);
#5548 = CARTESIAN_POINT('',(3.3,-3.3,1.15));
#5549 = VECTOR('',#5550,1.);
#5550 = DIRECTION('',(1.224646799147E-16,1.,0.));
#5551 = ORIENTED_EDGE('',*,*,#5503,.T.);
#5552 = ORIENTED_EDGE('',*,*,#5154,.T.);
#5553 = ORIENTED_EDGE('',*,*,#5487,.F.);
#5554 = ORIENTED_EDGE('',*,*,#5555,.T.);
#5555 = EDGE_CURVE('',#5479,#5556,#5558,.T.);
#5556 = VERTEX_POINT('',#5557);
#5557 = CARTESIAN_POINT('',(3.3,2.9,1.15));
#5558 = LINE('',#5559,#5560);
#5559 = CARTESIAN_POINT('',(3.3,-3.3,1.15));
#5560 = VECTOR('',#5561,1.);
#5561 = DIRECTION('',(1.224646799147E-16,1.,0.));
#5562 = ORIENTED_EDGE('',*,*,#5563,.F.);
#5563 = EDGE_CURVE('',#5564,#5556,#5566,.T.);
#5564 = VERTEX_POINT('',#5565);
#5565 = CARTESIAN_POINT('',(3.3,2.9,0.15));
#5566 = LINE('',#5567,#5568);
#5567 = CARTESIAN_POINT('',(3.3,2.9,0.15));
#5568 = VECTOR('',#5569,1.);
#5569 = DIRECTION('',(0.,0.,1.));
#5570 = ORIENTED_EDGE('',*,*,#5571,.F.);
#5571 = EDGE_CURVE('',#5572,#5564,#5574,.T.);
#5572 = VERTEX_POINT('',#5573);
#5573 = CARTESIAN_POINT('',(3.3,0.325,0.15));
#5574 = LINE('',#5575,#5576);
#5575 = CARTESIAN_POINT('',(3.3,-3.3,0.15));
#5576 = VECTOR('',#5577,1.);
#5577 = DIRECTION('',(1.224646799147E-16,1.,0.));
#5578 = ORIENTED_EDGE('',*,*,#5579,.F.);
#5579 = EDGE_CURVE('',#5531,#5572,#5580,.T.);
#5580 = LINE('',#5581,#5582);
#5581 = CARTESIAN_POINT('',(3.3,-3.3,0.15));
#5582 = VECTOR('',#5583,1.);
#5583 = DIRECTION('',(1.224646799147E-16,1.,0.));
#5584 = PLANE('',#5585);
#5585 = AXIS2_PLACEMENT_3D('',#5586,#5587,#5588);
#5586 = CARTESIAN_POINT('',(3.3,-3.3,0.15));
#5587 = DIRECTION('',(-1.,1.224646799147E-16,0.));
#5588 = DIRECTION('',(1.224646799147E-16,1.,0.));
#5589 = ADVANCED_FACE('',(#5590),#5619,.T.);
#5590 = FACE_BOUND('',#5591,.T.);
#5591 = EDGE_LOOP('',(#5592,#5600,#5617,#5618));
#5592 = ORIENTED_EDGE('',*,*,#5593,.T.);
#5593 = EDGE_CURVE('',#5198,#5594,#5596,.T.);
#5594 = VERTEX_POINT('',#5595);
#5595 = CARTESIAN_POINT('',(-3.15,3.857637417314E-16,2.593398544562));
#5596 = ( BOUNDED_CURVE() B_SPLINE_CURVE(2,(#5597,#5598,#5599),
.UNSPECIFIED.,.F.,.F.) B_SPLINE_CURVE_WITH_KNOTS((3,3),(0.,
19.792033717616),.PIECEWISE_BEZIER_KNOTS.) CURVE() 
GEOMETRIC_REPRESENTATION_ITEM() RATIONAL_B_SPLINE_CURVE((1.,
0.738548945876,1.)) REPRESENTATION_ITEM('') );
#5597 = CARTESIAN_POINT('',(-3.121363636364,3.822567986248E-16,
    2.562028979904));
#5598 = CARTESIAN_POINT('',(-3.15,-4.395309519645E-16,2.564643110293));
#5599 = CARTESIAN_POINT('',(-3.15,3.857637417314E-16,2.593398544562));
#5600 = ORIENTED_EDGE('',*,*,#5601,.T.);
#5601 = EDGE_CURVE('',#5594,#5594,#5602,.T.);
#5602 = ( BOUNDED_CURVE() B_SPLINE_CURVE(13,(#5603,#5604,#5605,#5606,
    #5607,#5608,#5609,#5610,#5611,#5612,#5613,#5614,#5615,#5616),
.UNSPECIFIED.,.T.,.F.) B_SPLINE_CURVE_WITH_KNOTS((1,13,13,1),(
    -19.79203371761,3.914259941243E-16,19.792033717616,39.584067435232),
.UNSPECIFIED.) CURVE() GEOMETRIC_REPRESENTATION_ITEM() 
RATIONAL_B_SPLINE_CURVE((1.,1.,1.000000000001,0.999999999998,
    1.000000000004,0.999999999994,1.000000000007,0.999999999994,
    1.000000000005,0.999999999997,1.000000000001,1.,1.,1.)) 
REPRESENTATION_ITEM('') );
#5603 = CARTESIAN_POINT('',(-3.15,3.857637417314E-16,2.593398544562));
#5604 = CARTESIAN_POINT('',(-3.150000000001,1.500440617323,
    2.593398544562));
#5605 = CARTESIAN_POINT('',(-2.374522784297,3.035482525996,
    2.593398544562));
#5606 = CARTESIAN_POINT('',(-0.778699260131,4.133102804314,
    2.593398544562));
#5607 = CARTESIAN_POINT('',(1.417356467596,4.301676360904,2.593398544562
    ));
#5608 = CARTESIAN_POINT('',(3.314487228421,3.131786890311,2.593398544561
    ));
#5609 = CARTESIAN_POINT('',(4.705833357228,1.424009627078,2.593398544562
    ));
#5610 = CARTESIAN_POINT('',(4.705833357259,-1.424009627096,
    2.593398544561));
#5611 = CARTESIAN_POINT('',(3.31448722841,-3.131786890279,2.593398544562
    ));
#5612 = CARTESIAN_POINT('',(1.417356467592,-4.301676360932,
    2.593398544562));
#5613 = CARTESIAN_POINT('',(-0.778699260122,-4.133102804301,
    2.593398544562));
#5614 = CARTESIAN_POINT('',(-2.374522784302,-3.035482525999,
    2.593398544562));
#5615 = CARTESIAN_POINT('',(-3.15,-1.500440617323,2.593398544562));
#5616 = CARTESIAN_POINT('',(-3.15,3.857637417314E-16,2.593398544562));
#5617 = ORIENTED_EDGE('',*,*,#5593,.F.);
#5618 = ORIENTED_EDGE('',*,*,#5208,.F.);
#5619 = ( BOUNDED_SURFACE() B_SPLINE_SURFACE(2,13,(
    (#5620,#5621,#5622,#5623,#5624,#5625,#5626,#5627,#5628,#5629,#5630
      ,#5631,#5632,#5633)
    ,(#5634,#5635,#5636,#5637,#5638,#5639,#5640,#5641,#5642,#5643,#5644
      ,#5645,#5646,#5647)
    ,(#5648,#5649,#5650,#5651,#5652,#5653,#5654,#5655,#5656,#5657,#5658
      ,#5659,#5660,#5661
)),.UNSPECIFIED.,.F.,.T.,.F.) B_SPLINE_SURFACE_WITH_KNOTS((3,3),(1,13,13
    ,1),(0.,19.792033717616),(-19.79203371761,3.914259941243E-16,
    19.792033717616,39.584067435232),.UNSPECIFIED.) 
GEOMETRIC_REPRESENTATION_ITEM() RATIONAL_B_SPLINE_SURFACE((
    (1.,1.,1.000000000001,0.999999999998,1.000000000004,0.999999999994
      ,1.000000000007,0.999999999994,1.000000000005,0.999999999997
      ,1.000000000001,1.,1.,1.)
    ,(0.738548945876,0.738548945876,0.738548945876,0.738548945875
      ,0.738548945878,0.738548945873,0.738548945879,0.738548945873
      ,0.738548945878,0.738548945875,0.738548945877,0.738548945876
      ,0.738548945876,0.738548945876)
    ,(1.,1.,1.000000000001,0.999999999998,1.000000000004,0.999999999994
      ,1.000000000007,0.999999999994,1.000000000005,0.999999999997
,1.000000000001,1.,1.,1.))) REPRESENTATION_ITEM('') SURFACE() );
#5620 = CARTESIAN_POINT('',(-3.121363636364,3.822567986248E-16,
    2.562028979904));
#5621 = CARTESIAN_POINT('',(-3.121363636364,1.486800248075,
    2.562028979904));
#5622 = CARTESIAN_POINT('',(-2.352936213531,3.007887230306,
    2.562028979904));
#5623 = CARTESIAN_POINT('',(-0.771620175947,4.095529142455,
    2.562028979904));
#5624 = CARTESIAN_POINT('',(1.404471408799,4.262570212172,2.562028979904
    ));
#5625 = CARTESIAN_POINT('',(3.284355526347,3.103316100394,2.562028979904
    ));
#5626 = CARTESIAN_POINT('',(4.663053053976,1.411064085019,2.562028979904
    ));
#5627 = CARTESIAN_POINT('',(4.663053054016,-1.411064085037,
    2.562028979904));
#5628 = CARTESIAN_POINT('',(3.284355526329,-3.103316100364,
    2.562028979904));
#5629 = CARTESIAN_POINT('',(1.404471408799,-4.262570212199,
    2.562028979904));
#5630 = CARTESIAN_POINT('',(-0.771620175941,-4.095529142443,
    2.562028979904));
#5631 = CARTESIAN_POINT('',(-2.352936213535,-3.007887230309,
    2.562028979904));
#5632 = CARTESIAN_POINT('',(-3.121363636363,-1.486800248074,
    2.562028979904));
#5633 = CARTESIAN_POINT('',(-3.121363636364,3.822567986248E-16,
    2.562028979904));
#5634 = CARTESIAN_POINT('',(-3.15,-4.395309519645E-16,2.564643110293));
#5635 = CARTESIAN_POINT('',(-3.150000000001,1.500440617323,
    2.564643110293));
#5636 = CARTESIAN_POINT('',(-2.374522784295,3.035482525996,
    2.564643110293));
#5637 = CARTESIAN_POINT('',(-0.778699260136,4.133102804312,
    2.564643110292));
#5638 = CARTESIAN_POINT('',(1.41735646761,4.301676360909,2.564643110293)
  );
#5639 = CARTESIAN_POINT('',(3.314487228397,3.131786890306,2.564643110292
    ));
#5640 = CARTESIAN_POINT('',(4.705833357259,1.424009627081,2.564643110293
    ));
#5641 = CARTESIAN_POINT('',(4.705833357228,-1.424009627094,
    2.564643110292));
#5642 = CARTESIAN_POINT('',(3.314487228431,-3.131786890283,
    2.564643110293));
#5643 = CARTESIAN_POINT('',(1.41735646758,-4.301676360929,2.564643110292
    ));
#5644 = CARTESIAN_POINT('',(-0.778699260117,-4.133102804302,
    2.564643110293));
#5645 = CARTESIAN_POINT('',(-2.374522784304,-3.035482525999,
    2.564643110293));
#5646 = CARTESIAN_POINT('',(-3.149999999999,-1.500440617323,
    2.564643110293));
#5647 = CARTESIAN_POINT('',(-3.15,-4.395309519645E-16,2.564643110293));
#5648 = CARTESIAN_POINT('',(-3.15,3.857637417314E-16,2.593398544562));
#5649 = CARTESIAN_POINT('',(-3.150000000001,1.500440617323,
    2.593398544562));
#5650 = CARTESIAN_POINT('',(-2.374522784297,3.035482525996,
    2.593398544562));
#5651 = CARTESIAN_POINT('',(-0.778699260131,4.133102804314,
    2.593398544562));
#5652 = CARTESIAN_POINT('',(1.417356467596,4.301676360904,2.593398544562
    ));
#5653 = CARTESIAN_POINT('',(3.314487228421,3.131786890311,2.593398544561
    ));
#5654 = CARTESIAN_POINT('',(4.705833357228,1.424009627078,2.593398544562
    ));
#5655 = CARTESIAN_POINT('',(4.705833357259,-1.424009627096,
    2.593398544561));
#5656 = CARTESIAN_POINT('',(3.31448722841,-3.131786890279,2.593398544562
    ));
#5657 = CARTESIAN_POINT('',(1.417356467592,-4.301676360932,
    2.593398544562));
#5658 = CARTESIAN_POINT('',(-0.778699260122,-4.133102804301,
    2.593398544562));
#5659 = CARTESIAN_POINT('',(-2.374522784302,-3.035482525999,
    2.593398544562));
#5660 = CARTESIAN_POINT('',(-3.15,-1.500440617323,2.593398544562));
#5661 = CARTESIAN_POINT('',(-3.15,3.857637417314E-16,2.593398544562));
#5662 = ADVANCED_FACE('',(#5663),#5743,.F.);
#5663 = FACE_BOUND('',#5664,.F.);
#5664 = EDGE_LOOP('',(#5665,#5672,#5673,#5681,#5690,#5696,#5697,#5704,
    #5705,#5711,#5712,#5720,#5729,#5735,#5736,#5742));
#5665 = ORIENTED_EDGE('',*,*,#5666,.F.);
#5666 = EDGE_CURVE('',#5529,#5423,#5667,.T.);
#5667 = CIRCLE('',#5668,0.4);
#5668 = AXIS2_PLACEMENT_3D('',#5669,#5670,#5671);
#5669 = CARTESIAN_POINT('',(2.9,-2.9,0.15));
#5670 = DIRECTION('',(0.,0.,-1.));
#5671 = DIRECTION('',(1.224646799147E-16,1.,0.));
#5672 = ORIENTED_EDGE('',*,*,#5528,.T.);
#5673 = ORIENTED_EDGE('',*,*,#5674,.F.);
#5674 = EDGE_CURVE('',#5675,#5531,#5677,.T.);
#5675 = VERTEX_POINT('',#5676);
#5676 = CARTESIAN_POINT('',(1.225,-0.325,0.15));
#5677 = LINE('',#5678,#5679);
#5678 = CARTESIAN_POINT('',(1.225,-0.325,0.15));
#5679 = VECTOR('',#5680,1.);
#5680 = DIRECTION('',(1.,-2.656811920655E-16,0.));
#5681 = ORIENTED_EDGE('',*,*,#5682,.F.);
#5682 = EDGE_CURVE('',#5683,#5675,#5685,.T.);
#5683 = VERTEX_POINT('',#5684);
#5684 = CARTESIAN_POINT('',(1.225,0.325,0.15));
#5685 = CIRCLE('',#5686,0.325);
#5686 = AXIS2_PLACEMENT_3D('',#5687,#5688,#5689);
#5687 = CARTESIAN_POINT('',(1.225,-3.000384657911E-16,0.15));
#5688 = DIRECTION('',(0.,-0.,1.));
#5689 = DIRECTION('',(9.281435288296E-16,1.,0.));
#5690 = ORIENTED_EDGE('',*,*,#5691,.F.);
#5691 = EDGE_CURVE('',#5572,#5683,#5692,.T.);
#5692 = LINE('',#5693,#5694);
#5693 = CARTESIAN_POINT('',(3.9,0.325,0.15));
#5694 = VECTOR('',#5695,1.);
#5695 = DIRECTION('',(-1.,2.449293598295E-16,0.));
#5696 = ORIENTED_EDGE('',*,*,#5571,.T.);
#5697 = ORIENTED_EDGE('',*,*,#5698,.F.);
#5698 = EDGE_CURVE('',#5367,#5564,#5699,.T.);
#5699 = CIRCLE('',#5700,0.4);
#5700 = AXIS2_PLACEMENT_3D('',#5701,#5702,#5703);
#5701 = CARTESIAN_POINT('',(2.9,2.9,0.15));
#5702 = DIRECTION('',(0.,0.,-1.));
#5703 = DIRECTION('',(1.224646799147E-16,1.,0.));
#5704 = ORIENTED_EDGE('',*,*,#5366,.T.);
#5705 = ORIENTED_EDGE('',*,*,#5706,.T.);
#5706 = EDGE_CURVE('',#5369,#5238,#5707,.T.);
#5707 = LINE('',#5708,#5709);
#5708 = CARTESIAN_POINT('',(-2.3,3.3,0.15));
#5709 = VECTOR('',#5710,1.);
#5710 = DIRECTION('',(-0.707106781187,-0.707106781187,0.));
#5711 = ORIENTED_EDGE('',*,*,#5237,.T.);
#5712 = ORIENTED_EDGE('',*,*,#5713,.F.);
#5713 = EDGE_CURVE('',#5714,#5240,#5716,.T.);
#5714 = VERTEX_POINT('',#5715);
#5715 = CARTESIAN_POINT('',(-1.225,0.325,0.15));
#5716 = LINE('',#5717,#5718);
#5717 = CARTESIAN_POINT('',(-1.225,0.325,0.15));
#5718 = VECTOR('',#5719,1.);
#5719 = DIRECTION('',(-1.,1.432165121507E-16,0.));
#5720 = ORIENTED_EDGE('',*,*,#5721,.F.);
#5721 = EDGE_CURVE('',#5722,#5714,#5724,.T.);
#5722 = VERTEX_POINT('',#5723);
#5723 = CARTESIAN_POINT('',(-1.225,-0.325,0.15));
#5724 = CIRCLE('',#5725,0.325);
#5725 = AXIS2_PLACEMENT_3D('',#5726,#5727,#5728);
#5726 = CARTESIAN_POINT('',(-1.225,1.500192328956E-16,0.15));
#5727 = DIRECTION('',(0.,0.,1.));
#5728 = DIRECTION('',(-8.056788489148E-16,-1.,0.));
#5729 = ORIENTED_EDGE('',*,*,#5730,.F.);
#5730 = EDGE_CURVE('',#5295,#5722,#5731,.T.);
#5731 = LINE('',#5732,#5733);
#5732 = CARTESIAN_POINT('',(-3.9,-0.325,0.15));
#5733 = VECTOR('',#5734,1.);
#5734 = DIRECTION('',(1.,-1.224646799147E-16,0.));
#5735 = ORIENTED_EDGE('',*,*,#5294,.T.);
#5736 = ORIENTED_EDGE('',*,*,#5737,.T.);
#5737 = EDGE_CURVE('',#5287,#5433,#5738,.T.);
#5738 = LINE('',#5739,#5740);
#5739 = CARTESIAN_POINT('',(-3.3,-2.3,0.15));
#5740 = VECTOR('',#5741,1.);
#5741 = DIRECTION('',(0.707106781187,-0.707106781187,0.));
#5742 = ORIENTED_EDGE('',*,*,#5432,.T.);
#5743 = PLANE('',#5744);
#5744 = AXIS2_PLACEMENT_3D('',#5745,#5746,#5747);
#5745 = CARTESIAN_POINT('',(0.169665910187,-2.077808138351E-17,0.15));
#5746 = DIRECTION('',(0.,0.,1.));
#5747 = DIRECTION('',(-1.,1.224646799147E-16,0.));
#5748 = ADVANCED_FACE('',(#5749),#5760,.F.);
#5749 = FACE_BOUND('',#5750,.F.);
#5750 = EDGE_LOOP('',(#5751,#5752,#5753,#5759));
#5751 = ORIENTED_EDGE('',*,*,#5706,.F.);
#5752 = ORIENTED_EDGE('',*,*,#5408,.T.);
#5753 = ORIENTED_EDGE('',*,*,#5754,.T.);
#5754 = EDGE_CURVE('',#5401,#5248,#5755,.T.);
#5755 = LINE('',#5756,#5757);
#5756 = CARTESIAN_POINT('',(-1.725,3.875,0.85));
#5757 = VECTOR('',#5758,1.);
#5758 = DIRECTION('',(-0.707106781187,-0.707106781187,0.));
#5759 = ORIENTED_EDGE('',*,*,#5247,.F.);
#5760 = PLANE('',#5761);
#5761 = AXIS2_PLACEMENT_3D('',#5762,#5763,#5764);
#5762 = CARTESIAN_POINT('',(-2.3,3.3,0.15));
#5763 = DIRECTION('',(0.707106781187,-0.707106781187,0.));
#5764 = DIRECTION('',(-0.707106781187,-0.707106781187,0.));
#5765 = ADVANCED_FACE('',(#5766),#5791,.T.);
#5766 = FACE_BOUND('',#5767,.T.);
#5767 = EDGE_LOOP('',(#5768,#5776,#5784,#5790));
#5768 = ORIENTED_EDGE('',*,*,#5769,.T.);
#5769 = EDGE_CURVE('',#5240,#5770,#5772,.T.);
#5770 = VERTEX_POINT('',#5771);
#5771 = CARTESIAN_POINT('',(-3.9,0.325,0.15));
#5772 = LINE('',#5773,#5774);
#5773 = CARTESIAN_POINT('',(-1.225,0.325,0.15));
#5774 = VECTOR('',#5775,1.);
#5775 = DIRECTION('',(-1.,1.432165121507E-16,0.));
#5776 = ORIENTED_EDGE('',*,*,#5777,.T.);
#5777 = EDGE_CURVE('',#5770,#5778,#5780,.T.);
#5778 = VERTEX_POINT('',#5779);
#5779 = CARTESIAN_POINT('',(-3.9,-0.325,0.15));
#5780 = LINE('',#5781,#5782);
#5781 = CARTESIAN_POINT('',(-3.9,0.325,0.15));
#5782 = VECTOR('',#5783,1.);
#5783 = DIRECTION('',(-1.224646799147E-16,-1.,0.));
#5784 = ORIENTED_EDGE('',*,*,#5785,.T.);
#5785 = EDGE_CURVE('',#5778,#5295,#5786,.T.);
#5786 = LINE('',#5787,#5788);
#5787 = CARTESIAN_POINT('',(-3.9,-0.325,0.15));
#5788 = VECTOR('',#5789,1.);
#5789 = DIRECTION('',(1.,-1.224646799147E-16,0.));
#5790 = ORIENTED_EDGE('',*,*,#5302,.F.);
#5791 = PLANE('',#5792);
#5792 = AXIS2_PLACEMENT_3D('',#5793,#5794,#5795);
#5793 = CARTESIAN_POINT('',(-2.47395012666,2.870543344061E-16,0.15));
#5794 = DIRECTION('',(0.,0.,1.));
#5795 = DIRECTION('',(-1.,1.224646799147E-16,0.));
#5796 = ADVANCED_FACE('',(#5797),#5803,.T.);
#5797 = FACE_BOUND('',#5798,.T.);
#5798 = EDGE_LOOP('',(#5799,#5800,#5801,#5802));
#5799 = ORIENTED_EDGE('',*,*,#5326,.T.);
#5800 = ORIENTED_EDGE('',*,*,#5400,.T.);
#5801 = ORIENTED_EDGE('',*,*,#5754,.T.);
#5802 = ORIENTED_EDGE('',*,*,#5255,.T.);
#5803 = PLANE('',#5804);
#5804 = AXIS2_PLACEMENT_3D('',#5805,#5806,#5807);
#5805 = CARTESIAN_POINT('',(4.041334437186E-16,3.3,0.85));
#5806 = DIRECTION('',(0.,0.,1.));
#5807 = DIRECTION('',(-1.,1.224646799147E-16,0.));
#5808 = ADVANCED_FACE('',(#5809),#5820,.F.);
#5809 = FACE_BOUND('',#5810,.F.);
#5810 = EDGE_LOOP('',(#5811,#5812,#5813,#5819));
#5811 = ORIENTED_EDGE('',*,*,#5737,.F.);
#5812 = ORIENTED_EDGE('',*,*,#5286,.T.);
#5813 = ORIENTED_EDGE('',*,*,#5814,.T.);
#5814 = EDGE_CURVE('',#5279,#5441,#5815,.T.);
#5815 = LINE('',#5816,#5817);
#5816 = CARTESIAN_POINT('',(-3.875,-1.725,0.85));
#5817 = VECTOR('',#5818,1.);
#5818 = DIRECTION('',(0.707106781187,-0.707106781187,0.));
#5819 = ORIENTED_EDGE('',*,*,#5440,.F.);
#5820 = PLANE('',#5821);
#5821 = AXIS2_PLACEMENT_3D('',#5822,#5823,#5824);
#5822 = CARTESIAN_POINT('',(-3.3,-2.3,0.15));
#5823 = DIRECTION('',(0.707106781187,0.707106781187,0.));
#5824 = DIRECTION('',(0.707106781187,-0.707106781187,0.));
#5825 = ADVANCED_FACE('',(#5826),#5832,.T.);
#5826 = FACE_BOUND('',#5827,.T.);
#5827 = EDGE_LOOP('',(#5828,#5829,#5830,#5831));
#5828 = ORIENTED_EDGE('',*,*,#5448,.F.);
#5829 = ORIENTED_EDGE('',*,*,#5349,.T.);
#5830 = ORIENTED_EDGE('',*,*,#5278,.T.);
#5831 = ORIENTED_EDGE('',*,*,#5814,.T.);
#5832 = PLANE('',#5833);
#5833 = AXIS2_PLACEMENT_3D('',#5834,#5835,#5836);
#5834 = CARTESIAN_POINT('',(4.041334437186E-16,3.3,0.85));
#5835 = DIRECTION('',(0.,0.,1.));
#5836 = DIRECTION('',(-1.,1.224646799147E-16,0.));
#5837 = ADVANCED_FACE('',(#5838),#5850,.T.);
#5838 = FACE_BOUND('',#5839,.T.);
#5839 = EDGE_LOOP('',(#5840,#5841,#5842,#5849));
#5840 = ORIENTED_EDGE('',*,*,#5478,.F.);
#5841 = ORIENTED_EDGE('',*,*,#5555,.T.);
#5842 = ORIENTED_EDGE('',*,*,#5843,.F.);
#5843 = EDGE_CURVE('',#5377,#5556,#5844,.T.);
#5844 = CIRCLE('',#5845,0.4);
#5845 = AXIS2_PLACEMENT_3D('',#5846,#5847,#5848);
#5846 = CARTESIAN_POINT('',(2.9,2.9,1.15));
#5847 = DIRECTION('',(0.,0.,-1.));
#5848 = DIRECTION('',(1.224646799147E-16,1.,0.));
#5849 = ORIENTED_EDGE('',*,*,#5384,.T.);
#5850 = PLANE('',#5851);
#5851 = AXIS2_PLACEMENT_3D('',#5852,#5853,#5854);
#5852 = CARTESIAN_POINT('',(0.169665910187,-2.077808138351E-17,1.15));
#5853 = DIRECTION('',(0.,0.,1.));
#5854 = DIRECTION('',(-1.,1.224646799147E-16,0.));
#5855 = ADVANCED_FACE('',(#5856),#5862,.T.);
#5856 = FACE_BOUND('',#5857,.T.);
#5857 = EDGE_LOOP('',(#5858,#5859,#5860,#5861));
#5858 = ORIENTED_EDGE('',*,*,#5376,.T.);
#5859 = ORIENTED_EDGE('',*,*,#5843,.T.);
#5860 = ORIENTED_EDGE('',*,*,#5563,.F.);
#5861 = ORIENTED_EDGE('',*,*,#5698,.F.);
#5862 = CYLINDRICAL_SURFACE('',#5863,0.4);
#5863 = AXIS2_PLACEMENT_3D('',#5864,#5865,#5866);
#5864 = CARTESIAN_POINT('',(2.9,2.9,0.15));
#5865 = DIRECTION('',(0.,0.,1.));
#5866 = DIRECTION('',(1.224646799147E-16,1.,-0.));
#5867 = ADVANCED_FACE('',(#5868),#5880,.T.);
#5868 = FACE_BOUND('',#5869,.T.);
#5869 = EDGE_LOOP('',(#5870,#5871,#5878,#5879));
#5870 = ORIENTED_EDGE('',*,*,#5538,.T.);
#5871 = ORIENTED_EDGE('',*,*,#5872,.T.);
#5872 = EDGE_CURVE('',#5539,#5425,#5873,.T.);
#5873 = CIRCLE('',#5874,0.4);
#5874 = AXIS2_PLACEMENT_3D('',#5875,#5876,#5877);
#5875 = CARTESIAN_POINT('',(2.9,-2.9,1.15));
#5876 = DIRECTION('',(0.,0.,-1.));
#5877 = DIRECTION('',(1.224646799147E-16,1.,0.));
#5878 = ORIENTED_EDGE('',*,*,#5422,.F.);
#5879 = ORIENTED_EDGE('',*,*,#5666,.F.);
#5880 = CYLINDRICAL_SURFACE('',#5881,0.4);
#5881 = AXIS2_PLACEMENT_3D('',#5882,#5883,#5884);
#5882 = CARTESIAN_POINT('',(2.9,-2.9,0.15));
#5883 = DIRECTION('',(0.,0.,1.));
#5884 = DIRECTION('',(1.,-1.224646799147E-16,0.));
#5885 = ADVANCED_FACE('',(#5886),#5892,.T.);
#5886 = FACE_BOUND('',#5887,.T.);
#5887 = EDGE_LOOP('',(#5888,#5889,#5890,#5891));
#5888 = ORIENTED_EDGE('',*,*,#5872,.F.);
#5889 = ORIENTED_EDGE('',*,*,#5546,.T.);
#5890 = ORIENTED_EDGE('',*,*,#5511,.F.);
#5891 = ORIENTED_EDGE('',*,*,#5464,.T.);
#5892 = PLANE('',#5893);
#5893 = AXIS2_PLACEMENT_3D('',#5894,#5895,#5896);
#5894 = CARTESIAN_POINT('',(0.169665910187,-2.077808138351E-17,1.15));
#5895 = DIRECTION('',(0.,0.,1.));
#5896 = DIRECTION('',(-1.,1.224646799147E-16,0.));
#5897 = ADVANCED_FACE('',(#5898),#5923,.T.);
#5898 = FACE_BOUND('',#5899,.T.);
#5899 = EDGE_LOOP('',(#5900,#5908,#5916,#5922));
#5900 = ORIENTED_EDGE('',*,*,#5901,.T.);
#5901 = EDGE_CURVE('',#5531,#5902,#5904,.T.);
#5902 = VERTEX_POINT('',#5903);
#5903 = CARTESIAN_POINT('',(3.9,-0.325,0.15));
#5904 = LINE('',#5905,#5906);
#5905 = CARTESIAN_POINT('',(1.225,-0.325,0.15));
#5906 = VECTOR('',#5907,1.);
#5907 = DIRECTION('',(1.,-2.656811920655E-16,0.));
#5908 = ORIENTED_EDGE('',*,*,#5909,.T.);
#5909 = EDGE_CURVE('',#5902,#5910,#5912,.T.);
#5910 = VERTEX_POINT('',#5911);
#5911 = CARTESIAN_POINT('',(3.9,0.325,0.15));
#5912 = LINE('',#5913,#5914);
#5913 = CARTESIAN_POINT('',(3.9,-0.325,0.15));
#5914 = VECTOR('',#5915,1.);
#5915 = DIRECTION('',(2.449293598295E-16,1.,0.));
#5916 = ORIENTED_EDGE('',*,*,#5917,.T.);
#5917 = EDGE_CURVE('',#5910,#5572,#5918,.T.);
#5918 = LINE('',#5919,#5920);
#5919 = CARTESIAN_POINT('',(3.9,0.325,0.15));
#5920 = VECTOR('',#5921,1.);
#5921 = DIRECTION('',(-1.,2.449293598295E-16,0.));
#5922 = ORIENTED_EDGE('',*,*,#5579,.F.);
#5923 = PLANE('',#5924);
#5924 = AXIS2_PLACEMENT_3D('',#5925,#5926,#5927);
#5925 = CARTESIAN_POINT('',(2.47395012666,-5.900258447925E-16,0.15));
#5926 = DIRECTION('',(0.,0.,1.));
#5927 = DIRECTION('',(1.,-2.449293598295E-16,0.));
#5928 = ADVANCED_FACE('',(#5929),#5975,.T.);
#5929 = FACE_BOUND('',#5930,.T.);
#5930 = EDGE_LOOP('',(#5931,#5932,#5940,#5949,#5958,#5967,#5974));
#5931 = ORIENTED_EDGE('',*,*,#5601,.F.);
#5932 = ORIENTED_EDGE('',*,*,#5933,.T.);
#5933 = EDGE_CURVE('',#5594,#5934,#5936,.T.);
#5934 = VERTEX_POINT('',#5935);
#5935 = CARTESIAN_POINT('',(-3.15,3.857637417314E-16,7.28));
#5936 = LINE('',#5937,#5938);
#5937 = CARTESIAN_POINT('',(-3.15,3.857637417314E-16,2.563333333333));
#5938 = VECTOR('',#5939,1.);
#5939 = DIRECTION('',(0.,0.,1.));
#5940 = ORIENTED_EDGE('',*,*,#5941,.T.);
#5941 = EDGE_CURVE('',#5934,#5942,#5944,.T.);
#5942 = VERTEX_POINT('',#5943);
#5943 = CARTESIAN_POINT('',(0.945,3.004908484463,7.28));
#5944 = CIRCLE('',#5945,3.15);
#5945 = AXIS2_PLACEMENT_3D('',#5946,#5947,#5948);
#5946 = CARTESIAN_POINT('',(0.,0.,7.28));
#5947 = DIRECTION('',(0.,0.,-1.));
#5948 = DIRECTION('',(-1.,1.224646799147E-16,0.));
#5949 = ORIENTED_EDGE('',*,*,#5950,.T.);
#5950 = EDGE_CURVE('',#5942,#5951,#5953,.T.);
#5951 = VERTEX_POINT('',#5952);
#5952 = CARTESIAN_POINT('',(3.15,3.20055036432E-08,7.28));
#5953 = CIRCLE('',#5954,3.15);
#5954 = AXIS2_PLACEMENT_3D('',#5955,#5956,#5957);
#5955 = CARTESIAN_POINT('',(0.,0.,7.28));
#5956 = DIRECTION('',(0.,0.,-1.));
#5957 = DIRECTION('',(-1.,1.224646799147E-16,0.));
#5958 = ORIENTED_EDGE('',*,*,#5959,.T.);
#5959 = EDGE_CURVE('',#5951,#5960,#5962,.T.);
#5960 = VERTEX_POINT('',#5961);
#5961 = CARTESIAN_POINT('',(0.945,-3.004908484463,7.28));
#5962 = CIRCLE('',#5963,3.15);
#5963 = AXIS2_PLACEMENT_3D('',#5964,#5965,#5966);
#5964 = CARTESIAN_POINT('',(0.,0.,7.28));
#5965 = DIRECTION('',(0.,0.,-1.));
#5966 = DIRECTION('',(-1.,1.224646799147E-16,0.));
#5967 = ORIENTED_EDGE('',*,*,#5968,.T.);
#5968 = EDGE_CURVE('',#5960,#5934,#5969,.T.);
#5969 = CIRCLE('',#5970,3.15);
#5970 = AXIS2_PLACEMENT_3D('',#5971,#5972,#5973);
#5971 = CARTESIAN_POINT('',(0.,0.,7.28));
#5972 = DIRECTION('',(0.,0.,-1.));
#5973 = DIRECTION('',(-1.,1.224646799147E-16,0.));
#5974 = ORIENTED_EDGE('',*,*,#5933,.F.);
#5975 = CYLINDRICAL_SURFACE('',#5976,3.15);
#5976 = AXIS2_PLACEMENT_3D('',#5977,#5978,#5979);
#5977 = CARTESIAN_POINT('',(0.,0.,2.563333333333));
#5978 = DIRECTION('',(0.,0.,1.));
#5979 = DIRECTION('',(-1.,1.224646799147E-16,0.));
#5980 = ADVANCED_FACE('',(#5981),#6007,.F.);
#5981 = FACE_BOUND('',#5982,.F.);
#5982 = EDGE_LOOP('',(#5983,#5991,#5992,#5993,#6001));
#5983 = ORIENTED_EDGE('',*,*,#5984,.T.);
#5984 = EDGE_CURVE('',#5985,#5778,#5987,.T.);
#5985 = VERTEX_POINT('',#5986);
#5986 = CARTESIAN_POINT('',(-3.9,-0.325,0.));
#5987 = LINE('',#5988,#5989);
#5988 = CARTESIAN_POINT('',(-3.9,-0.325,0.));
#5989 = VECTOR('',#5990,1.);
#5990 = DIRECTION('',(0.,0.,1.));
#5991 = ORIENTED_EDGE('',*,*,#5785,.T.);
#5992 = ORIENTED_EDGE('',*,*,#5730,.T.);
#5993 = ORIENTED_EDGE('',*,*,#5994,.F.);
#5994 = EDGE_CURVE('',#5995,#5722,#5997,.T.);
#5995 = VERTEX_POINT('',#5996);
#5996 = CARTESIAN_POINT('',(-1.225,-0.325,0.));
#5997 = LINE('',#5998,#5999);
#5998 = CARTESIAN_POINT('',(-1.225,-0.325,0.));
#5999 = VECTOR('',#6000,1.);
#6000 = DIRECTION('',(0.,0.,1.));
#6001 = ORIENTED_EDGE('',*,*,#6002,.F.);
#6002 = EDGE_CURVE('',#5985,#5995,#6003,.T.);
#6003 = LINE('',#6004,#6005);
#6004 = CARTESIAN_POINT('',(-3.9,-0.325,0.));
#6005 = VECTOR('',#6006,1.);
#6006 = DIRECTION('',(1.,-1.224646799147E-16,0.));
#6007 = PLANE('',#6008);
#6008 = AXIS2_PLACEMENT_3D('',#6009,#6010,#6011);
#6009 = CARTESIAN_POINT('',(-3.9,-0.325,0.));
#6010 = DIRECTION('',(1.224646799147E-16,1.,0.));
#6011 = DIRECTION('',(1.,-1.224646799147E-16,0.));
#6012 = ADVANCED_FACE('',(#6013),#6032,.T.);
#6013 = FACE_BOUND('',#6014,.T.);
#6014 = EDGE_LOOP('',(#6015,#6024,#6030,#6031));
#6015 = ORIENTED_EDGE('',*,*,#6016,.T.);
#6016 = EDGE_CURVE('',#5995,#6017,#6019,.T.);
#6017 = VERTEX_POINT('',#6018);
#6018 = CARTESIAN_POINT('',(-1.225,0.325,0.));
#6019 = CIRCLE('',#6020,0.325);
#6020 = AXIS2_PLACEMENT_3D('',#6021,#6022,#6023);
#6021 = CARTESIAN_POINT('',(-1.225,1.500192328956E-16,0.));
#6022 = DIRECTION('',(0.,0.,1.));
#6023 = DIRECTION('',(-8.056788489148E-16,-1.,0.));
#6024 = ORIENTED_EDGE('',*,*,#6025,.T.);
#6025 = EDGE_CURVE('',#6017,#5714,#6026,.T.);
#6026 = LINE('',#6027,#6028);
#6027 = CARTESIAN_POINT('',(-1.225,0.325,0.));
#6028 = VECTOR('',#6029,1.);
#6029 = DIRECTION('',(0.,0.,1.));
#6030 = ORIENTED_EDGE('',*,*,#5721,.F.);
#6031 = ORIENTED_EDGE('',*,*,#5994,.F.);
#6032 = CYLINDRICAL_SURFACE('',#6033,0.325);
#6033 = AXIS2_PLACEMENT_3D('',#6034,#6035,#6036);
#6034 = CARTESIAN_POINT('',(-1.225,1.500192328956E-16,0.));
#6035 = DIRECTION('',(0.,0.,-1.));
#6036 = DIRECTION('',(-8.056788489148E-16,-1.,-0.));
#6037 = ADVANCED_FACE('',(#6038),#6057,.F.);
#6038 = FACE_BOUND('',#6039,.F.);
#6039 = EDGE_LOOP('',(#6040,#6041,#6042,#6043,#6051));
#6040 = ORIENTED_EDGE('',*,*,#6025,.T.);
#6041 = ORIENTED_EDGE('',*,*,#5713,.T.);
#6042 = ORIENTED_EDGE('',*,*,#5769,.T.);
#6043 = ORIENTED_EDGE('',*,*,#6044,.F.);
#6044 = EDGE_CURVE('',#6045,#5770,#6047,.T.);
#6045 = VERTEX_POINT('',#6046);
#6046 = CARTESIAN_POINT('',(-3.9,0.325,0.));
#6047 = LINE('',#6048,#6049);
#6048 = CARTESIAN_POINT('',(-3.9,0.325,0.));
#6049 = VECTOR('',#6050,1.);
#6050 = DIRECTION('',(0.,0.,1.));
#6051 = ORIENTED_EDGE('',*,*,#6052,.F.);
#6052 = EDGE_CURVE('',#6017,#6045,#6053,.T.);
#6053 = LINE('',#6054,#6055);
#6054 = CARTESIAN_POINT('',(-1.225,0.325,0.));
#6055 = VECTOR('',#6056,1.);
#6056 = DIRECTION('',(-1.,1.432165121507E-16,0.));
#6057 = PLANE('',#6058);
#6058 = AXIS2_PLACEMENT_3D('',#6059,#6060,#6061);
#6059 = CARTESIAN_POINT('',(-1.225,0.325,0.));
#6060 = DIRECTION('',(-1.432165121507E-16,-1.,0.));
#6061 = DIRECTION('',(-1.,1.432165121507E-16,0.));
#6062 = ADVANCED_FACE('',(#6063),#6089,.F.);
#6063 = FACE_BOUND('',#6064,.F.);
#6064 = EDGE_LOOP('',(#6065,#6073,#6074,#6075,#6083));
#6065 = ORIENTED_EDGE('',*,*,#6066,.T.);
#6066 = EDGE_CURVE('',#6067,#5910,#6069,.T.);
#6067 = VERTEX_POINT('',#6068);
#6068 = CARTESIAN_POINT('',(3.9,0.325,0.));
#6069 = LINE('',#6070,#6071);
#6070 = CARTESIAN_POINT('',(3.9,0.325,0.));
#6071 = VECTOR('',#6072,1.);
#6072 = DIRECTION('',(0.,0.,1.));
#6073 = ORIENTED_EDGE('',*,*,#5917,.T.);
#6074 = ORIENTED_EDGE('',*,*,#5691,.T.);
#6075 = ORIENTED_EDGE('',*,*,#6076,.F.);
#6076 = EDGE_CURVE('',#6077,#5683,#6079,.T.);
#6077 = VERTEX_POINT('',#6078);
#6078 = CARTESIAN_POINT('',(1.225,0.325,0.));
#6079 = LINE('',#6080,#6081);
#6080 = CARTESIAN_POINT('',(1.225,0.325,0.));
#6081 = VECTOR('',#6082,1.);
#6082 = DIRECTION('',(0.,0.,1.));
#6083 = ORIENTED_EDGE('',*,*,#6084,.F.);
#6084 = EDGE_CURVE('',#6067,#6077,#6085,.T.);
#6085 = LINE('',#6086,#6087);
#6086 = CARTESIAN_POINT('',(3.9,0.325,0.));
#6087 = VECTOR('',#6088,1.);
#6088 = DIRECTION('',(-1.,2.449293598295E-16,0.));
#6089 = PLANE('',#6090);
#6090 = AXIS2_PLACEMENT_3D('',#6091,#6092,#6093);
#6091 = CARTESIAN_POINT('',(3.9,0.325,0.));
#6092 = DIRECTION('',(-2.449293598295E-16,-1.,0.));
#6093 = DIRECTION('',(-1.,2.449293598295E-16,0.));
#6094 = ADVANCED_FACE('',(#6095),#6114,.T.);
#6095 = FACE_BOUND('',#6096,.T.);
#6096 = EDGE_LOOP('',(#6097,#6106,#6112,#6113));
#6097 = ORIENTED_EDGE('',*,*,#6098,.T.);
#6098 = EDGE_CURVE('',#6077,#6099,#6101,.T.);
#6099 = VERTEX_POINT('',#6100);
#6100 = CARTESIAN_POINT('',(1.225,-0.325,0.));
#6101 = CIRCLE('',#6102,0.325);
#6102 = AXIS2_PLACEMENT_3D('',#6103,#6104,#6105);
#6103 = CARTESIAN_POINT('',(1.225,-3.000384657911E-16,0.));
#6104 = DIRECTION('',(0.,-0.,1.));
#6105 = DIRECTION('',(9.281435288296E-16,1.,0.));
#6106 = ORIENTED_EDGE('',*,*,#6107,.T.);
#6107 = EDGE_CURVE('',#6099,#5675,#6108,.T.);
#6108 = LINE('',#6109,#6110);
#6109 = CARTESIAN_POINT('',(1.225,-0.325,0.));
#6110 = VECTOR('',#6111,1.);
#6111 = DIRECTION('',(0.,0.,1.));
#6112 = ORIENTED_EDGE('',*,*,#5682,.F.);
#6113 = ORIENTED_EDGE('',*,*,#6076,.F.);
#6114 = CYLINDRICAL_SURFACE('',#6115,0.325);
#6115 = AXIS2_PLACEMENT_3D('',#6116,#6117,#6118);
#6116 = CARTESIAN_POINT('',(1.225,-3.000384657911E-16,0.));
#6117 = DIRECTION('',(-0.,0.,-1.));
#6118 = DIRECTION('',(9.281435288296E-16,1.,0.));
#6119 = ADVANCED_FACE('',(#6120),#6139,.F.);
#6120 = FACE_BOUND('',#6121,.F.);
#6121 = EDGE_LOOP('',(#6122,#6123,#6124,#6125,#6133));
#6122 = ORIENTED_EDGE('',*,*,#6107,.T.);
#6123 = ORIENTED_EDGE('',*,*,#5674,.T.);
#6124 = ORIENTED_EDGE('',*,*,#5901,.T.);
#6125 = ORIENTED_EDGE('',*,*,#6126,.F.);
#6126 = EDGE_CURVE('',#6127,#5902,#6129,.T.);
#6127 = VERTEX_POINT('',#6128);
#6128 = CARTESIAN_POINT('',(3.9,-0.325,0.));
#6129 = LINE('',#6130,#6131);
#6130 = CARTESIAN_POINT('',(3.9,-0.325,0.));
#6131 = VECTOR('',#6132,1.);
#6132 = DIRECTION('',(0.,0.,1.));
#6133 = ORIENTED_EDGE('',*,*,#6134,.F.);
#6134 = EDGE_CURVE('',#6099,#6127,#6135,.T.);
#6135 = LINE('',#6136,#6137);
#6136 = CARTESIAN_POINT('',(1.225,-0.325,0.));
#6137 = VECTOR('',#6138,1.);
#6138 = DIRECTION('',(1.,-2.656811920655E-16,0.));
#6139 = PLANE('',#6140);
#6140 = AXIS2_PLACEMENT_3D('',#6141,#6142,#6143);
#6141 = CARTESIAN_POINT('',(1.225,-0.325,0.));
#6142 = DIRECTION('',(2.656811920655E-16,1.,0.));
#6143 = DIRECTION('',(1.,-2.656811920655E-16,0.));
#6144 = ADVANCED_FACE('',(#6145),#6156,.F.);
#6145 = FACE_BOUND('',#6146,.F.);
#6146 = EDGE_LOOP('',(#6147,#6148,#6149,#6150));
#6147 = ORIENTED_EDGE('',*,*,#6044,.T.);
#6148 = ORIENTED_EDGE('',*,*,#5777,.T.);
#6149 = ORIENTED_EDGE('',*,*,#5984,.F.);
#6150 = ORIENTED_EDGE('',*,*,#6151,.F.);
#6151 = EDGE_CURVE('',#6045,#5985,#6152,.T.);
#6152 = LINE('',#6153,#6154);
#6153 = CARTESIAN_POINT('',(-3.9,0.325,0.));
#6154 = VECTOR('',#6155,1.);
#6155 = DIRECTION('',(-1.224646799147E-16,-1.,0.));
#6156 = PLANE('',#6157);
#6157 = AXIS2_PLACEMENT_3D('',#6158,#6159,#6160);
#6158 = CARTESIAN_POINT('',(-3.9,0.325,0.));
#6159 = DIRECTION('',(1.,-1.224646799147E-16,0.));
#6160 = DIRECTION('',(-1.224646799147E-16,-1.,0.));
#6161 = ADVANCED_FACE('',(#6162),#6173,.F.);
#6162 = FACE_BOUND('',#6163,.F.);
#6163 = EDGE_LOOP('',(#6164,#6165,#6166,#6167));
#6164 = ORIENTED_EDGE('',*,*,#6126,.T.);
#6165 = ORIENTED_EDGE('',*,*,#5909,.T.);
#6166 = ORIENTED_EDGE('',*,*,#6066,.F.);
#6167 = ORIENTED_EDGE('',*,*,#6168,.F.);
#6168 = EDGE_CURVE('',#6127,#6067,#6169,.T.);
#6169 = LINE('',#6170,#6171);
#6170 = CARTESIAN_POINT('',(3.9,-0.325,0.));
#6171 = VECTOR('',#6172,1.);
#6172 = DIRECTION('',(2.449293598295E-16,1.,0.));
#6173 = PLANE('',#6174);
#6174 = AXIS2_PLACEMENT_3D('',#6175,#6176,#6177);
#6175 = CARTESIAN_POINT('',(3.9,-0.325,0.));
#6176 = DIRECTION('',(-1.,2.449293598295E-16,0.));
#6177 = DIRECTION('',(2.449293598295E-16,1.,0.));
#6178 = ADVANCED_FACE('',(#6179),#6221,.T.);
#6179 = FACE_BOUND('',#6180,.T.);
#6180 = EDGE_LOOP('',(#6181,#6192,#6213,#6214));
#6181 = ORIENTED_EDGE('',*,*,#6182,.T.);
#6182 = EDGE_CURVE('',#6183,#6185,#6187,.T.);
#6183 = VERTEX_POINT('',#6184);
#6184 = CARTESIAN_POINT('',(-2.73,3.343285761672E-16,7.7));
#6185 = VERTEX_POINT('',#6186);
#6186 = CARTESIAN_POINT('',(0.945,2.561225292707,7.7));
#6187 = CIRCLE('',#6188,2.73);
#6188 = AXIS2_PLACEMENT_3D('',#6189,#6190,#6191);
#6189 = CARTESIAN_POINT('',(0.,0.,7.7));
#6190 = DIRECTION('',(0.,0.,-1.));
#6191 = DIRECTION('',(-1.,1.224646799147E-16,0.));
#6192 = ORIENTED_EDGE('',*,*,#6193,.F.);
#6193 = EDGE_CURVE('',#5942,#6185,#6194,.T.);
#6194 = B_SPLINE_CURVE_WITH_KNOTS('',5,(#6195,#6196,#6197,#6198,#6199,
    #6200,#6201,#6202,#6203,#6204,#6205,#6206,#6207,#6208,#6209,#6210,
    #6211,#6212),.UNSPECIFIED.,.F.,.F.,(6,4,4,4,6),(0.,0.249577466955,
    0.497599275591,0.74730978514,1.),.UNSPECIFIED.);
#6195 = CARTESIAN_POINT('',(0.945,3.004908484463,7.28));
#6196 = CARTESIAN_POINT('',(0.945,3.00490848098,7.313228015972));
#6197 = CARTESIAN_POINT('',(0.945,3.001463821946,7.346456730622));
#6198 = CARTESIAN_POINT('',(0.945,2.994574119979,7.379237505919));
#6199 = CARTESIAN_POINT('',(0.945,2.984338296282,7.411126992482));
#6200 = CARTESIAN_POINT('',(0.945,2.957631160106,7.472127049006));
#6201 = CARTESIAN_POINT('',(0.945,2.941198599864,7.501254840031));
#6202 = CARTESIAN_POINT('',(0.945,2.921827872491,7.528710244247));
#6203 = CARTESIAN_POINT('',(0.945,2.899782785018,7.554145479611));
#6204 = CARTESIAN_POINT('',(0.945,2.850815155175,7.600572655349));
#6205 = CARTESIAN_POINT('',(0.945,2.823859719074,7.62153380299));
#6206 = CARTESIAN_POINT('',(0.945,2.794840653888,7.63987747649));
#6207 = CARTESIAN_POINT('',(0.945,2.764133571656,7.655390822856));
#6208 = CARTESIAN_POINT('',(0.945,2.699757531029,7.680632446489));
#6209 = CARTESIAN_POINT('',(0.945,2.666057065744,7.690289667083));
#6210 = CARTESIAN_POINT('',(0.945,2.631447275386,7.696766294835));
#6211 = CARTESIAN_POINT('',(0.945,2.596359892027,7.699999996714));
#6212 = CARTESIAN_POINT('',(0.945,2.561225292707,7.7));
#6213 = ORIENTED_EDGE('',*,*,#5941,.F.);
#6214 = ORIENTED_EDGE('',*,*,#6215,.T.);
#6215 = EDGE_CURVE('',#5934,#6183,#6216,.T.);
#6216 = CIRCLE('',#6217,0.42);
#6217 = AXIS2_PLACEMENT_3D('',#6218,#6219,#6220);
#6218 = CARTESIAN_POINT('',(-2.73,3.343285761672E-16,7.28));
#6219 = DIRECTION('',(1.224646799147E-16,1.,-0.));
#6220 = DIRECTION('',(-1.,1.224646799147E-16,0.));
#6221 = TOROIDAL_SURFACE('',#6222,2.73,0.42);
#6222 = AXIS2_PLACEMENT_3D('',#6223,#6224,#6225);
#6223 = CARTESIAN_POINT('',(0.,0.,7.28));
#6224 = DIRECTION('',(0.,0.,1.));
#6225 = DIRECTION('',(-1.,1.224646799147E-16,0.));
#6226 = ADVANCED_FACE('',(#6227),#6262,.T.);
#6227 = FACE_BOUND('',#6228,.T.);
#6228 = EDGE_LOOP('',(#6229,#6238,#6259,#6260,#6261));
#6229 = ORIENTED_EDGE('',*,*,#6230,.T.);
#6230 = EDGE_CURVE('',#6185,#6231,#6233,.T.);
#6231 = VERTEX_POINT('',#6232);
#6232 = CARTESIAN_POINT('',(0.945,-2.561225292707,7.7));
#6233 = CIRCLE('',#6234,2.73);
#6234 = AXIS2_PLACEMENT_3D('',#6235,#6236,#6237);
#6235 = CARTESIAN_POINT('',(0.,0.,7.7));
#6236 = DIRECTION('',(0.,0.,-1.));
#6237 = DIRECTION('',(-1.,1.224646799147E-16,0.));
#6238 = ORIENTED_EDGE('',*,*,#6239,.F.);
#6239 = EDGE_CURVE('',#5960,#6231,#6240,.T.);
#6240 = B_SPLINE_CURVE_WITH_KNOTS('',5,(#6241,#6242,#6243,#6244,#6245,
    #6246,#6247,#6248,#6249,#6250,#6251,#6252,#6253,#6254,#6255,#6256,
    #6257,#6258),.UNSPECIFIED.,.F.,.F.,(6,4,4,4,6),(0.,0.249577466959,
    0.497599275595,0.747309785144,1.),.UNSPECIFIED.);
#6241 = CARTESIAN_POINT('',(0.945,-3.004908484463,7.28));
#6242 = CARTESIAN_POINT('',(0.945,-3.00490848098,7.313228015972));
#6243 = CARTESIAN_POINT('',(0.945,-3.001463821946,7.346456730623));
#6244 = CARTESIAN_POINT('',(0.945,-2.994574119979,7.37923750592));
#6245 = CARTESIAN_POINT('',(0.945,-2.984338296281,7.411126992484));
#6246 = CARTESIAN_POINT('',(0.945,-2.957631160105,7.472127049008));
#6247 = CARTESIAN_POINT('',(0.945,-2.941198599863,7.501254840033));
#6248 = CARTESIAN_POINT('',(0.945,-2.921827872489,7.528710244249));
#6249 = CARTESIAN_POINT('',(0.945,-2.899782785017,7.554145479613));
#6250 = CARTESIAN_POINT('',(0.945,-2.850815155173,7.600572655351));
#6251 = CARTESIAN_POINT('',(0.945,-2.823859719072,7.621533802992));
#6252 = CARTESIAN_POINT('',(0.945,-2.794840653886,7.639877476491));
#6253 = CARTESIAN_POINT('',(0.945,-2.764133571654,7.655390822857));
#6254 = CARTESIAN_POINT('',(0.945,-2.699757531027,7.680632446489));
#6255 = CARTESIAN_POINT('',(0.945,-2.666057065743,7.690289667083));
#6256 = CARTESIAN_POINT('',(0.945,-2.631447275385,7.696766294835));
#6257 = CARTESIAN_POINT('',(0.945,-2.596359892027,7.699999996714));
#6258 = CARTESIAN_POINT('',(0.945,-2.561225292707,7.7));
#6259 = ORIENTED_EDGE('',*,*,#5959,.F.);
#6260 = ORIENTED_EDGE('',*,*,#5950,.F.);
#6261 = ORIENTED_EDGE('',*,*,#6193,.T.);
#6262 = TOROIDAL_SURFACE('',#6263,2.73,0.42);
#6263 = AXIS2_PLACEMENT_3D('',#6264,#6265,#6266);
#6264 = CARTESIAN_POINT('',(0.,0.,7.28));
#6265 = DIRECTION('',(0.,0.,1.));
#6266 = DIRECTION('',(-1.,1.224646799147E-16,0.));
#6267 = ADVANCED_FACE('',(#6268),#6280,.T.);
#6268 = FACE_BOUND('',#6269,.T.);
#6269 = EDGE_LOOP('',(#6270,#6271,#6278,#6279));
#6270 = ORIENTED_EDGE('',*,*,#6239,.T.);
#6271 = ORIENTED_EDGE('',*,*,#6272,.T.);
#6272 = EDGE_CURVE('',#6231,#6183,#6273,.T.);
#6273 = CIRCLE('',#6274,2.73);
#6274 = AXIS2_PLACEMENT_3D('',#6275,#6276,#6277);
#6275 = CARTESIAN_POINT('',(0.,0.,7.7));
#6276 = DIRECTION('',(0.,0.,-1.));
#6277 = DIRECTION('',(-1.,1.224646799147E-16,0.));
#6278 = ORIENTED_EDGE('',*,*,#6215,.F.);
#6279 = ORIENTED_EDGE('',*,*,#5968,.F.);
#6280 = TOROIDAL_SURFACE('',#6281,2.73,0.42);
#6281 = AXIS2_PLACEMENT_3D('',#6282,#6283,#6284);
#6282 = CARTESIAN_POINT('',(0.,0.,7.28));
#6283 = DIRECTION('',(0.,0.,1.));
#6284 = DIRECTION('',(-1.,1.224646799147E-16,0.));
#6285 = ADVANCED_FACE('',(#6286),#6292,.F.);
#6286 = FACE_BOUND('',#6287,.F.);
#6287 = EDGE_LOOP('',(#6288,#6289,#6290,#6291));
#6288 = ORIENTED_EDGE('',*,*,#6151,.T.);
#6289 = ORIENTED_EDGE('',*,*,#6002,.T.);
#6290 = ORIENTED_EDGE('',*,*,#6016,.T.);
#6291 = ORIENTED_EDGE('',*,*,#6052,.T.);
#6292 = PLANE('',#6293);
#6293 = AXIS2_PLACEMENT_3D('',#6294,#6295,#6296);
#6294 = CARTESIAN_POINT('',(-2.47395012666,2.870543344061E-16,0.));
#6295 = DIRECTION('',(0.,0.,1.));
#6296 = DIRECTION('',(-1.,1.224646799147E-16,0.));
#6297 = ADVANCED_FACE('',(#6298),#6304,.F.);
#6298 = FACE_BOUND('',#6299,.F.);
#6299 = EDGE_LOOP('',(#6300,#6301,#6302,#6303));
#6300 = ORIENTED_EDGE('',*,*,#6168,.T.);
#6301 = ORIENTED_EDGE('',*,*,#6084,.T.);
#6302 = ORIENTED_EDGE('',*,*,#6098,.T.);
#6303 = ORIENTED_EDGE('',*,*,#6134,.T.);
#6304 = PLANE('',#6305);
#6305 = AXIS2_PLACEMENT_3D('',#6306,#6307,#6308);
#6306 = CARTESIAN_POINT('',(2.47395012666,-5.900258447925E-16,0.));
#6307 = DIRECTION('',(0.,0.,1.));
#6308 = DIRECTION('',(1.,-2.449293598295E-16,0.));
#6309 = ADVANCED_FACE('',(#6310),#6320,.F.);
#6310 = FACE_BOUND('',#6311,.F.);
#6311 = EDGE_LOOP('',(#6312,#6313,#6314));
#6312 = ORIENTED_EDGE('',*,*,#6272,.T.);
#6313 = ORIENTED_EDGE('',*,*,#6182,.T.);
#6314 = ORIENTED_EDGE('',*,*,#6315,.T.);
#6315 = EDGE_CURVE('',#6185,#6231,#6316,.T.);
#6316 = LINE('',#6317,#6318);
#6317 = CARTESIAN_POINT('',(0.945,3.15,7.7));
#6318 = VECTOR('',#6319,1.);
#6319 = DIRECTION('',(-1.224646799147E-16,-1.,0.));
#6320 = PLANE('',#6321);
#6321 = AXIS2_PLACEMENT_3D('',#6322,#6323,#6324);
#6322 = CARTESIAN_POINT('',(0.,0.,7.7));
#6323 = DIRECTION('',(-0.,0.,-1.));
#6324 = DIRECTION('',(-1.,1.224646799147E-16,0.));
#6325 = ADVANCED_FACE('',(#6326),#6330,.T.);
#6326 = FACE_BOUND('',#6327,.T.);
#6327 = EDGE_LOOP('',(#6328,#6329));
#6328 = ORIENTED_EDGE('',*,*,#6230,.F.);
#6329 = ORIENTED_EDGE('',*,*,#6315,.T.);
#6330 = PLANE('',#6331);
#6331 = AXIS2_PLACEMENT_3D('',#6332,#6333,#6334);
#6332 = CARTESIAN_POINT('',(3.15,3.15,7.7));
#6333 = DIRECTION('',(0.,0.,1.));
#6334 = DIRECTION('',(-1.,1.224646799147E-16,0.));
#6335 = ( GEOMETRIC_REPRESENTATION_CONTEXT(3) 
GLOBAL_UNCERTAINTY_ASSIGNED_CONTEXT((#6339)) 
GLOBAL_UNIT_ASSIGNED_CONTEXT((#6336,#6337,#6338)) REPRESENTATION_CONTEXT
('Context #1','3D Context with UNIT and UNCERTAINTY') );
#6336 = ( LENGTH_UNIT() NAMED_UNIT(*) SI_UNIT(.MILLI.,.METRE.) );
#6337 = ( NAMED_UNIT(*) PLANE_ANGLE_UNIT() SI_UNIT($,.RADIAN.) );
#6338 = ( NAMED_UNIT(*) SI_UNIT($,.STERADIAN.) SOLID_ANGLE_UNIT() );
#6339 = UNCERTAINTY_MEASURE_WITH_UNIT(LENGTH_MEASURE(1.E-06),#6336,
  'distance_accuracy_value','confusion accuracy');
#6340 = CONTEXT_DEPENDENT_SHAPE_REPRESENTATION(#6341,#6343);
#6341 = ( REPRESENTATION_RELATIONSHIP('','',#4969,#4946) 
REPRESENTATION_RELATIONSHIP_WITH_TRANSFORMATION(#6342) 
SHAPE_REPRESENTATION_RELATIONSHIP() );
#6342 = ITEM_DEFINED_TRANSFORMATION('','',#11,#4947);
#6343 = PRODUCT_DEFINITION_SHAPE('Placement','Placement of an item',
  #6344);
#6344 = NEXT_ASSEMBLY_USAGE_OCCURRENCE('25','=>[0:1:1:11]','',#4941,
  #4964,$);
#6345 = PRODUCT_RELATED_PRODUCT_CATEGORY('part',$,(#4966));
#6346 = CONTEXT_DEPENDENT_SHAPE_REPRESENTATION(#6347,#6349);
#6347 = ( REPRESENTATION_RELATIONSHIP('','',#1772,#10) 
REPRESENTATION_RELATIONSHIP_WITH_TRANSFORMATION(#6348) 
SHAPE_REPRESENTATION_RELATIONSHIP() );
#6348 = ITEM_DEFINED_TRANSFORMATION('','',#11,#99);
#6349 = PRODUCT_DEFINITION_SHAPE('Placement','Placement of an item',
  #6350);
#6350 = NEXT_ASSEMBLY_USAGE_OCCURRENCE('27','R5','',#5,#1767,$);
#6351 = CONTEXT_DEPENDENT_SHAPE_REPRESENTATION(#6352,#6354);
#6352 = ( REPRESENTATION_RELATIONSHIP('','',#2629,#10) 
REPRESENTATION_RELATIONSHIP_WITH_TRANSFORMATION(#6353) 
SHAPE_REPRESENTATION_RELATIONSHIP() );
#6353 = ITEM_DEFINED_TRANSFORMATION('','',#11,#103);
#6354 = PRODUCT_DEFINITION_SHAPE('Placement','Placement of an item',
  #6355);
#6355 = NEXT_ASSEMBLY_USAGE_OCCURRENCE('28','C82','',#5,#2624,$);
#6356 = CONTEXT_DEPENDENT_SHAPE_REPRESENTATION(#6357,#6359);
#6357 = ( REPRESENTATION_RELATIONSHIP('','',#3580,#10) 
REPRESENTATION_RELATIONSHIP_WITH_TRANSFORMATION(#6358) 
SHAPE_REPRESENTATION_RELATIONSHIP() );
#6358 = ITEM_DEFINED_TRANSFORMATION('','',#11,#107);
#6359 = PRODUCT_DEFINITION_SHAPE('Placement','Placement of an item',
  #6360);
#6360 = NEXT_ASSEMBLY_USAGE_OCCURRENCE('29','D13','',#5,#3575,$);
#6361 = CONTEXT_DEPENDENT_SHAPE_REPRESENTATION(#6362,#6364);
#6362 = ( REPRESENTATION_RELATIONSHIP('','',#1772,#10) 
REPRESENTATION_RELATIONSHIP_WITH_TRANSFORMATION(#6363) 
SHAPE_REPRESENTATION_RELATIONSHIP() );
#6363 = ITEM_DEFINED_TRANSFORMATION('','',#11,#111);
#6364 = PRODUCT_DEFINITION_SHAPE('Placement','Placement of an item',
  #6365);
#6365 = NEXT_ASSEMBLY_USAGE_OCCURRENCE('30','R1','',#5,#1767,$);
#6366 = CONTEXT_DEPENDENT_SHAPE_REPRESENTATION(#6367,#6369);
#6367 = ( REPRESENTATION_RELATIONSHIP('','',#876,#10) 
REPRESENTATION_RELATIONSHIP_WITH_TRANSFORMATION(#6368) 
SHAPE_REPRESENTATION_RELATIONSHIP() );
#6368 = ITEM_DEFINED_TRANSFORMATION('','',#11,#115);
#6369 = PRODUCT_DEFINITION_SHAPE('Placement','Placement of an item',
  #6370);
#6370 = NEXT_ASSEMBLY_USAGE_OCCURRENCE('31','C84','',#5,#871,$);
#6371 = SHAPE_DEFINITION_REPRESENTATION(#6372,#6378);
#6372 = PRODUCT_DEFINITION_SHAPE('','',#6373);
#6373 = PRODUCT_DEFINITION('design','',#6374,#6377);
#6374 = PRODUCT_DEFINITION_FORMATION('','',#6375);
#6375 = PRODUCT('PinHeader_1x02_P2.54mm_Vertical',
  'PinHeader_1x02_P2.54mm_Vertical','',(#6376));
#6376 = PRODUCT_CONTEXT('',#2,'mechanical');
#6377 = PRODUCT_DEFINITION_CONTEXT('part definition',#2,'design');
#6378 = SHAPE_REPRESENTATION('',(#11,#6379),#6383);
#6379 = AXIS2_PLACEMENT_3D('',#6380,#6381,#6382);
#6380 = CARTESIAN_POINT('',(0.,0.,0.));
#6381 = DIRECTION('',(0.,0.,1.));
#6382 = DIRECTION('',(1.,0.,-0.));
#6383 = ( GEOMETRIC_REPRESENTATION_CONTEXT(3) 
GLOBAL_UNCERTAINTY_ASSIGNED_CONTEXT((#6387)) 
GLOBAL_UNIT_ASSIGNED_CONTEXT((#6384,#6385,#6386)) REPRESENTATION_CONTEXT
('Context #1','3D Context with UNIT and UNCERTAINTY') );
#6384 = ( LENGTH_UNIT() NAMED_UNIT(*) SI_UNIT(.MILLI.,.METRE.) );
#6385 = ( NAMED_UNIT(*) PLANE_ANGLE_UNIT() SI_UNIT($,.RADIAN.) );
#6386 = ( NAMED_UNIT(*) SI_UNIT($,.STERADIAN.) SOLID_ANGLE_UNIT() );
#6387 = UNCERTAINTY_MEASURE_WITH_UNIT(LENGTH_MEASURE(1.E-07),#6384,
  'distance_accuracy_value','confusion accuracy');
#6388 = CONTEXT_DEPENDENT_SHAPE_REPRESENTATION(#6389,#6391);
#6389 = ( REPRESENTATION_RELATIONSHIP('','',#6378,#10) 
REPRESENTATION_RELATIONSHIP_WITH_TRANSFORMATION(#6390) 
SHAPE_REPRESENTATION_RELATIONSHIP() );
#6390 = ITEM_DEFINED_TRANSFORMATION('','',#11,#119);
#6391 = PRODUCT_DEFINITION_SHAPE('Placement','Placement of an item',
  #6392);
#6392 = NEXT_ASSEMBLY_USAGE_OCCURRENCE('33','J23','',#5,#6373,$);
#6393 = PRODUCT_RELATED_PRODUCT_CATEGORY('part',$,(#6375));
#6394 = SHAPE_DEFINITION_REPRESENTATION(#6395,#6401);
#6395 = PRODUCT_DEFINITION_SHAPE('','',#6396);
#6396 = PRODUCT_DEFINITION('design','',#6397,#6400);
#6397 = PRODUCT_DEFINITION_FORMATION('','',#6398);
#6398 = PRODUCT('PinHeader_1x02_P254mm_Vertical',
  'PinHeader_1x02_P254mm_Vertical','',(#6399));
#6399 = PRODUCT_CONTEXT('',#2,'mechanical');
#6400 = PRODUCT_DEFINITION_CONTEXT('part definition',#2,'design');
#6401 = ADVANCED_BREP_SHAPE_REPRESENTATION('',(#11,#6402),#7834);
#6402 = MANIFOLD_SOLID_BREP('',#6403);
#6403 = CLOSED_SHELL('',(#6404,#6444,#6475,#6506,#6671,#6836,#6853,#6870
    ,#6887,#6904,#6921,#6938,#6955,#6972,#6989,#7006,#7018,#7049,#7073,
    #7097,#7114,#7145,#7169,#7193,#7210,#7241,#7265,#7289,#7306,#7337,
    #7361,#7385,#7402,#7433,#7457,#7481,#7498,#7529,#7553,#7577,#7594,
    #7625,#7649,#7673,#7690,#7721,#7745,#7769,#7786,#7798,#7810,#7822));
#6404 = ADVANCED_FACE('',(#6405),#6439,.F.);
#6405 = FACE_BOUND('',#6406,.F.);
#6406 = EDGE_LOOP('',(#6407,#6417,#6425,#6433));
#6407 = ORIENTED_EDGE('',*,*,#6408,.T.);
#6408 = EDGE_CURVE('',#6409,#6411,#6413,.T.);
#6409 = VERTEX_POINT('',#6410);
#6410 = CARTESIAN_POINT('',(-1.016,1.27,0.));
#6411 = VERTEX_POINT('',#6412);
#6412 = CARTESIAN_POINT('',(-1.016,1.27,2.54));
#6413 = LINE('',#6414,#6415);
#6414 = CARTESIAN_POINT('',(-1.016,1.27,0.));
#6415 = VECTOR('',#6416,1.);
#6416 = DIRECTION('',(0.,0.,1.));
#6417 = ORIENTED_EDGE('',*,*,#6418,.T.);
#6418 = EDGE_CURVE('',#6411,#6419,#6421,.T.);
#6419 = VERTEX_POINT('',#6420);
#6420 = CARTESIAN_POINT('',(-1.27,1.016,2.54));
#6421 = LINE('',#6422,#6423);
#6422 = CARTESIAN_POINT('',(-1.016,1.27,2.54));
#6423 = VECTOR('',#6424,1.);
#6424 = DIRECTION('',(-0.707106781187,-0.707106781187,0.));
#6425 = ORIENTED_EDGE('',*,*,#6426,.F.);
#6426 = EDGE_CURVE('',#6427,#6419,#6429,.T.);
#6427 = VERTEX_POINT('',#6428);
#6428 = CARTESIAN_POINT('',(-1.27,1.016,0.));
#6429 = LINE('',#6430,#6431);
#6430 = CARTESIAN_POINT('',(-1.27,1.016,0.));
#6431 = VECTOR('',#6432,1.);
#6432 = DIRECTION('',(0.,0.,1.));
#6433 = ORIENTED_EDGE('',*,*,#6434,.F.);
#6434 = EDGE_CURVE('',#6409,#6427,#6435,.T.);
#6435 = LINE('',#6436,#6437);
#6436 = CARTESIAN_POINT('',(-1.016,1.27,0.));
#6437 = VECTOR('',#6438,1.);
#6438 = DIRECTION('',(-0.707106781187,-0.707106781187,0.));
#6439 = PLANE('',#6440);
#6440 = AXIS2_PLACEMENT_3D('',#6441,#6442,#6443);
#6441 = CARTESIAN_POINT('',(-1.016,1.27,0.));
#6442 = DIRECTION('',(0.707106781187,-0.707106781187,0.));
#6443 = DIRECTION('',(-0.707106781187,-0.707106781187,0.));
#6444 = ADVANCED_FACE('',(#6445),#6470,.F.);
#6445 = FACE_BOUND('',#6446,.F.);
#6446 = EDGE_LOOP('',(#6447,#6457,#6463,#6464));
#6447 = ORIENTED_EDGE('',*,*,#6448,.T.);
#6448 = EDGE_CURVE('',#6449,#6451,#6453,.T.);
#6449 = VERTEX_POINT('',#6450);
#6450 = CARTESIAN_POINT('',(1.016,1.27,0.));
#6451 = VERTEX_POINT('',#6452);
#6452 = CARTESIAN_POINT('',(1.016,1.27,2.54));
#6453 = LINE('',#6454,#6455);
#6454 = CARTESIAN_POINT('',(1.016,1.27,0.));
#6455 = VECTOR('',#6456,1.);
#6456 = DIRECTION('',(0.,0.,1.));
#6457 = ORIENTED_EDGE('',*,*,#6458,.T.);
#6458 = EDGE_CURVE('',#6451,#6411,#6459,.T.);
#6459 = LINE('',#6460,#6461);
#6460 = CARTESIAN_POINT('',(1.016,1.27,2.54));
#6461 = VECTOR('',#6462,1.);
#6462 = DIRECTION('',(-1.,0.,0.));
#6463 = ORIENTED_EDGE('',*,*,#6408,.F.);
#6464 = ORIENTED_EDGE('',*,*,#6465,.F.);
#6465 = EDGE_CURVE('',#6449,#6409,#6466,.T.);
#6466 = LINE('',#6467,#6468);
#6467 = CARTESIAN_POINT('',(1.016,1.27,0.));
#6468 = VECTOR('',#6469,1.);
#6469 = DIRECTION('',(-1.,0.,0.));
#6470 = PLANE('',#6471);
#6471 = AXIS2_PLACEMENT_3D('',#6472,#6473,#6474);
#6472 = CARTESIAN_POINT('',(1.016,1.27,0.));
#6473 = DIRECTION('',(0.,-1.,0.));
#6474 = DIRECTION('',(-1.,0.,0.));
#6475 = ADVANCED_FACE('',(#6476),#6501,.F.);
#6476 = FACE_BOUND('',#6477,.F.);
#6477 = EDGE_LOOP('',(#6478,#6479,#6487,#6495));
#6478 = ORIENTED_EDGE('',*,*,#6426,.T.);
#6479 = ORIENTED_EDGE('',*,*,#6480,.T.);
#6480 = EDGE_CURVE('',#6419,#6481,#6483,.T.);
#6481 = VERTEX_POINT('',#6482);
#6482 = CARTESIAN_POINT('',(-1.27,-1.016,2.54));
#6483 = LINE('',#6484,#6485);
#6484 = CARTESIAN_POINT('',(-1.27,1.016,2.54));
#6485 = VECTOR('',#6486,1.);
#6486 = DIRECTION('',(0.,-1.,0.));
#6487 = ORIENTED_EDGE('',*,*,#6488,.F.);
#6488 = EDGE_CURVE('',#6489,#6481,#6491,.T.);
#6489 = VERTEX_POINT('',#6490);
#6490 = CARTESIAN_POINT('',(-1.27,-1.016,0.));
#6491 = LINE('',#6492,#6493);
#6492 = CARTESIAN_POINT('',(-1.27,-1.016,0.));
#6493 = VECTOR('',#6494,1.);
#6494 = DIRECTION('',(0.,0.,1.));
#6495 = ORIENTED_EDGE('',*,*,#6496,.F.);
#6496 = EDGE_CURVE('',#6427,#6489,#6497,.T.);
#6497 = LINE('',#6498,#6499);
#6498 = CARTESIAN_POINT('',(-1.27,1.016,0.));
#6499 = VECTOR('',#6500,1.);
#6500 = DIRECTION('',(0.,-1.,0.));
#6501 = PLANE('',#6502);
#6502 = AXIS2_PLACEMENT_3D('',#6503,#6504,#6505);
#6503 = CARTESIAN_POINT('',(-1.27,1.016,0.));
#6504 = DIRECTION('',(1.,0.,0.));
#6505 = DIRECTION('',(0.,-1.,0.));
#6506 = ADVANCED_FACE('',(#6507,#6598,#6632),#6666,.F.);
#6507 = FACE_BOUND('',#6508,.F.);
#6508 = EDGE_LOOP('',(#6509,#6510,#6511,#6519,#6527,#6535,#6543,#6551,
    #6559,#6567,#6575,#6583,#6591,#6597));
#6509 = ORIENTED_EDGE('',*,*,#6434,.T.);
#6510 = ORIENTED_EDGE('',*,*,#6496,.T.);
#6511 = ORIENTED_EDGE('',*,*,#6512,.T.);
#6512 = EDGE_CURVE('',#6489,#6513,#6515,.T.);
#6513 = VERTEX_POINT('',#6514);
#6514 = CARTESIAN_POINT('',(-1.016,-1.27,0.));
#6515 = LINE('',#6516,#6517);
#6516 = CARTESIAN_POINT('',(-1.27,-1.016,0.));
#6517 = VECTOR('',#6518,1.);
#6518 = DIRECTION('',(0.707106781187,-0.707106781187,0.));
#6519 = ORIENTED_EDGE('',*,*,#6520,.T.);
#6520 = EDGE_CURVE('',#6513,#6521,#6523,.T.);
#6521 = VERTEX_POINT('',#6522);
#6522 = CARTESIAN_POINT('',(-1.27,-1.524,0.));
#6523 = LINE('',#6524,#6525);
#6524 = CARTESIAN_POINT('',(-1.016,-1.27,0.));
#6525 = VECTOR('',#6526,1.);
#6526 = DIRECTION('',(-0.707106781187,-0.707106781187,0.));
#6527 = ORIENTED_EDGE('',*,*,#6528,.T.);
#6528 = EDGE_CURVE('',#6521,#6529,#6531,.T.);
#6529 = VERTEX_POINT('',#6530);
#6530 = CARTESIAN_POINT('',(-1.27,-3.556,0.));
#6531 = LINE('',#6532,#6533);
#6532 = CARTESIAN_POINT('',(-1.27,-1.524,0.));
#6533 = VECTOR('',#6534,1.);
#6534 = DIRECTION('',(0.,-1.,0.));
#6535 = ORIENTED_EDGE('',*,*,#6536,.T.);
#6536 = EDGE_CURVE('',#6529,#6537,#6539,.T.);
#6537 = VERTEX_POINT('',#6538);
#6538 = CARTESIAN_POINT('',(-1.016,-3.81,0.));
#6539 = LINE('',#6540,#6541);
#6540 = CARTESIAN_POINT('',(-1.27,-3.556,0.));
#6541 = VECTOR('',#6542,1.);
#6542 = DIRECTION('',(0.707106781187,-0.707106781187,0.));
#6543 = ORIENTED_EDGE('',*,*,#6544,.T.);
#6544 = EDGE_CURVE('',#6537,#6545,#6547,.T.);
#6545 = VERTEX_POINT('',#6546);
#6546 = CARTESIAN_POINT('',(1.016,-3.81,0.));
#6547 = LINE('',#6548,#6549);
#6548 = CARTESIAN_POINT('',(-1.016,-3.81,0.));
#6549 = VECTOR('',#6550,1.);
#6550 = DIRECTION('',(1.,0.,0.));
#6551 = ORIENTED_EDGE('',*,*,#6552,.T.);
#6552 = EDGE_CURVE('',#6545,#6553,#6555,.T.);
#6553 = VERTEX_POINT('',#6554);
#6554 = CARTESIAN_POINT('',(1.27,-3.556,0.));
#6555 = LINE('',#6556,#6557);
#6556 = CARTESIAN_POINT('',(1.016,-3.81,0.));
#6557 = VECTOR('',#6558,1.);
#6558 = DIRECTION('',(0.707106781187,0.707106781187,0.));
#6559 = ORIENTED_EDGE('',*,*,#6560,.T.);
#6560 = EDGE_CURVE('',#6553,#6561,#6563,.T.);
#6561 = VERTEX_POINT('',#6562);
#6562 = CARTESIAN_POINT('',(1.27,-1.524,0.));
#6563 = LINE('',#6564,#6565);
#6564 = CARTESIAN_POINT('',(1.27,-3.556,0.));
#6565 = VECTOR('',#6566,1.);
#6566 = DIRECTION('',(0.,1.,0.));
#6567 = ORIENTED_EDGE('',*,*,#6568,.T.);
#6568 = EDGE_CURVE('',#6561,#6569,#6571,.T.);
#6569 = VERTEX_POINT('',#6570);
#6570 = CARTESIAN_POINT('',(1.016,-1.27,0.));
#6571 = LINE('',#6572,#6573);
#6572 = CARTESIAN_POINT('',(1.27,-1.524,0.));
#6573 = VECTOR('',#6574,1.);
#6574 = DIRECTION('',(-0.707106781187,0.707106781187,0.));
#6575 = ORIENTED_EDGE('',*,*,#6576,.T.);
#6576 = EDGE_CURVE('',#6569,#6577,#6579,.T.);
#6577 = VERTEX_POINT('',#6578);
#6578 = CARTESIAN_POINT('',(1.27,-1.016,0.));
#6579 = LINE('',#6580,#6581);
#6580 = CARTESIAN_POINT('',(1.016,-1.27,0.));
#6581 = VECTOR('',#6582,1.);
#6582 = DIRECTION('',(0.707106781187,0.707106781187,0.));
#6583 = ORIENTED_EDGE('',*,*,#6584,.T.);
#6584 = EDGE_CURVE('',#6577,#6585,#6587,.T.);
#6585 = VERTEX_POINT('',#6586);
#6586 = CARTESIAN_POINT('',(1.27,1.016,0.));
#6587 = LINE('',#6588,#6589);
#6588 = CARTESIAN_POINT('',(1.27,-1.016,0.));
#6589 = VECTOR('',#6590,1.);
#6590 = DIRECTION('',(0.,1.,0.));
#6591 = ORIENTED_EDGE('',*,*,#6592,.T.);
#6592 = EDGE_CURVE('',#6585,#6449,#6593,.T.);
#6593 = LINE('',#6594,#6595);
#6594 = CARTESIAN_POINT('',(1.27,1.016,0.));
#6595 = VECTOR('',#6596,1.);
#6596 = DIRECTION('',(-0.707106781187,0.707106781187,0.));
#6597 = ORIENTED_EDGE('',*,*,#6465,.T.);
#6598 = FACE_BOUND('',#6599,.F.);
#6599 = EDGE_LOOP('',(#6600,#6610,#6618,#6626));
#6600 = ORIENTED_EDGE('',*,*,#6601,.T.);
#6601 = EDGE_CURVE('',#6602,#6604,#6606,.T.);
#6602 = VERTEX_POINT('',#6603);
#6603 = CARTESIAN_POINT('',(0.32,-0.32,0.));
#6604 = VERTEX_POINT('',#6605);
#6605 = CARTESIAN_POINT('',(-0.32,-0.32,0.));
#6606 = LINE('',#6607,#6608);
#6607 = CARTESIAN_POINT('',(-0.16,-0.32,0.));
#6608 = VECTOR('',#6609,1.);
#6609 = DIRECTION('',(-1.,0.,0.));
#6610 = ORIENTED_EDGE('',*,*,#6611,.T.);
#6611 = EDGE_CURVE('',#6604,#6612,#6614,.T.);
#6612 = VERTEX_POINT('',#6613);
#6613 = CARTESIAN_POINT('',(-0.32,0.32,0.));
#6614 = LINE('',#6615,#6616);
#6615 = CARTESIAN_POINT('',(-0.32,-0.795,0.));
#6616 = VECTOR('',#6617,1.);
#6617 = DIRECTION('',(0.,1.,0.));
#6618 = ORIENTED_EDGE('',*,*,#6619,.F.);
#6619 = EDGE_CURVE('',#6620,#6612,#6622,.T.);
#6620 = VERTEX_POINT('',#6621);
#6621 = CARTESIAN_POINT('',(0.32,0.32,0.));
#6622 = LINE('',#6623,#6624);
#6623 = CARTESIAN_POINT('',(-0.16,0.32,0.));
#6624 = VECTOR('',#6625,1.);
#6625 = DIRECTION('',(-1.,0.,0.));
#6626 = ORIENTED_EDGE('',*,*,#6627,.F.);
#6627 = EDGE_CURVE('',#6602,#6620,#6628,.T.);
#6628 = LINE('',#6629,#6630);
#6629 = CARTESIAN_POINT('',(0.32,-0.795,0.));
#6630 = VECTOR('',#6631,1.);
#6631 = DIRECTION('',(0.,1.,0.));
#6632 = FACE_BOUND('',#6633,.F.);
#6633 = EDGE_LOOP('',(#6634,#6644,#6652,#6660));
#6634 = ORIENTED_EDGE('',*,*,#6635,.T.);
#6635 = EDGE_CURVE('',#6636,#6638,#6640,.T.);
#6636 = VERTEX_POINT('',#6637);
#6637 = CARTESIAN_POINT('',(0.32,-2.86,0.));
#6638 = VERTEX_POINT('',#6639);
#6639 = CARTESIAN_POINT('',(-0.32,-2.86,0.));
#6640 = LINE('',#6641,#6642);
#6641 = CARTESIAN_POINT('',(-0.16,-2.86,0.));
#6642 = VECTOR('',#6643,1.);
#6643 = DIRECTION('',(-1.,0.,0.));
#6644 = ORIENTED_EDGE('',*,*,#6645,.T.);
#6645 = EDGE_CURVE('',#6638,#6646,#6648,.T.);
#6646 = VERTEX_POINT('',#6647);
#6647 = CARTESIAN_POINT('',(-0.32,-2.22,0.));
#6648 = LINE('',#6649,#6650);
#6649 = CARTESIAN_POINT('',(-0.32,-2.065,0.));
#6650 = VECTOR('',#6651,1.);
#6651 = DIRECTION('',(0.,1.,0.));
#6652 = ORIENTED_EDGE('',*,*,#6653,.F.);
#6653 = EDGE_CURVE('',#6654,#6646,#6656,.T.);
#6654 = VERTEX_POINT('',#6655);
#6655 = CARTESIAN_POINT('',(0.32,-2.22,0.));
#6656 = LINE('',#6657,#6658);
#6657 = CARTESIAN_POINT('',(-0.16,-2.22,0.));
#6658 = VECTOR('',#6659,1.);
#6659 = DIRECTION('',(-1.,0.,0.));
#6660 = ORIENTED_EDGE('',*,*,#6661,.F.);
#6661 = EDGE_CURVE('',#6636,#6654,#6662,.T.);
#6662 = LINE('',#6663,#6664);
#6663 = CARTESIAN_POINT('',(0.32,-2.065,0.));
#6664 = VECTOR('',#6665,1.);
#6665 = DIRECTION('',(0.,1.,0.));
#6666 = PLANE('',#6667);
#6667 = AXIS2_PLACEMENT_3D('',#6668,#6669,#6670);
#6668 = CARTESIAN_POINT('',(1.473843703412E-17,-1.27,0.));
#6669 = DIRECTION('',(0.,0.,1.));
#6670 = DIRECTION('',(1.,0.,-0.));
#6671 = ADVANCED_FACE('',(#6672,#6763,#6797),#6831,.T.);
#6672 = FACE_BOUND('',#6673,.T.);
#6673 = EDGE_LOOP('',(#6674,#6675,#6676,#6684,#6692,#6700,#6708,#6716,
    #6724,#6732,#6740,#6748,#6756,#6762));
#6674 = ORIENTED_EDGE('',*,*,#6418,.T.);
#6675 = ORIENTED_EDGE('',*,*,#6480,.T.);
#6676 = ORIENTED_EDGE('',*,*,#6677,.T.);
#6677 = EDGE_CURVE('',#6481,#6678,#6680,.T.);
#6678 = VERTEX_POINT('',#6679);
#6679 = CARTESIAN_POINT('',(-1.016,-1.27,2.54));
#6680 = LINE('',#6681,#6682);
#6681 = CARTESIAN_POINT('',(-1.27,-1.016,2.54));
#6682 = VECTOR('',#6683,1.);
#6683 = DIRECTION('',(0.707106781187,-0.707106781187,0.));
#6684 = ORIENTED_EDGE('',*,*,#6685,.T.);
#6685 = EDGE_CURVE('',#6678,#6686,#6688,.T.);
#6686 = VERTEX_POINT('',#6687);
#6687 = CARTESIAN_POINT('',(-1.27,-1.524,2.54));
#6688 = LINE('',#6689,#6690);
#6689 = CARTESIAN_POINT('',(-1.016,-1.27,2.54));
#6690 = VECTOR('',#6691,1.);
#6691 = DIRECTION('',(-0.707106781187,-0.707106781187,0.));
#6692 = ORIENTED_EDGE('',*,*,#6693,.T.);
#6693 = EDGE_CURVE('',#6686,#6694,#6696,.T.);
#6694 = VERTEX_POINT('',#6695);
#6695 = CARTESIAN_POINT('',(-1.27,-3.556,2.54));
#6696 = LINE('',#6697,#6698);
#6697 = CARTESIAN_POINT('',(-1.27,-1.524,2.54));
#6698 = VECTOR('',#6699,1.);
#6699 = DIRECTION('',(0.,-1.,0.));
#6700 = ORIENTED_EDGE('',*,*,#6701,.T.);
#6701 = EDGE_CURVE('',#6694,#6702,#6704,.T.);
#6702 = VERTEX_POINT('',#6703);
#6703 = CARTESIAN_POINT('',(-1.016,-3.81,2.54));
#6704 = LINE('',#6705,#6706);
#6705 = CARTESIAN_POINT('',(-1.27,-3.556,2.54));
#6706 = VECTOR('',#6707,1.);
#6707 = DIRECTION('',(0.707106781187,-0.707106781187,0.));
#6708 = ORIENTED_EDGE('',*,*,#6709,.T.);
#6709 = EDGE_CURVE('',#6702,#6710,#6712,.T.);
#6710 = VERTEX_POINT('',#6711);
#6711 = CARTESIAN_POINT('',(1.016,-3.81,2.54));
#6712 = LINE('',#6713,#6714);
#6713 = CARTESIAN_POINT('',(-1.016,-3.81,2.54));
#6714 = VECTOR('',#6715,1.);
#6715 = DIRECTION('',(1.,0.,0.));
#6716 = ORIENTED_EDGE('',*,*,#6717,.T.);
#6717 = EDGE_CURVE('',#6710,#6718,#6720,.T.);
#6718 = VERTEX_POINT('',#6719);
#6719 = CARTESIAN_POINT('',(1.27,-3.556,2.54));
#6720 = LINE('',#6721,#6722);
#6721 = CARTESIAN_POINT('',(1.016,-3.81,2.54));
#6722 = VECTOR('',#6723,1.);
#6723 = DIRECTION('',(0.707106781187,0.707106781187,0.));
#6724 = ORIENTED_EDGE('',*,*,#6725,.T.);
#6725 = EDGE_CURVE('',#6718,#6726,#6728,.T.);
#6726 = VERTEX_POINT('',#6727);
#6727 = CARTESIAN_POINT('',(1.27,-1.524,2.54));
#6728 = LINE('',#6729,#6730);
#6729 = CARTESIAN_POINT('',(1.27,-3.556,2.54));
#6730 = VECTOR('',#6731,1.);
#6731 = DIRECTION('',(0.,1.,0.));
#6732 = ORIENTED_EDGE('',*,*,#6733,.T.);
#6733 = EDGE_CURVE('',#6726,#6734,#6736,.T.);
#6734 = VERTEX_POINT('',#6735);
#6735 = CARTESIAN_POINT('',(1.016,-1.27,2.54));
#6736 = LINE('',#6737,#6738);
#6737 = CARTESIAN_POINT('',(1.27,-1.524,2.54));
#6738 = VECTOR('',#6739,1.);
#6739 = DIRECTION('',(-0.707106781187,0.707106781187,0.));
#6740 = ORIENTED_EDGE('',*,*,#6741,.T.);
#6741 = EDGE_CURVE('',#6734,#6742,#6744,.T.);
#6742 = VERTEX_POINT('',#6743);
#6743 = CARTESIAN_POINT('',(1.27,-1.016,2.54));
#6744 = LINE('',#6745,#6746);
#6745 = CARTESIAN_POINT('',(1.016,-1.27,2.54));
#6746 = VECTOR('',#6747,1.);
#6747 = DIRECTION('',(0.707106781187,0.707106781187,0.));
#6748 = ORIENTED_EDGE('',*,*,#6749,.T.);
#6749 = EDGE_CURVE('',#6742,#6750,#6752,.T.);
#6750 = VERTEX_POINT('',#6751);
#6751 = CARTESIAN_POINT('',(1.27,1.016,2.54));
#6752 = LINE('',#6753,#6754);
#6753 = CARTESIAN_POINT('',(1.27,-1.016,2.54));
#6754 = VECTOR('',#6755,1.);
#6755 = DIRECTION('',(0.,1.,0.));
#6756 = ORIENTED_EDGE('',*,*,#6757,.T.);
#6757 = EDGE_CURVE('',#6750,#6451,#6758,.T.);
#6758 = LINE('',#6759,#6760);
#6759 = CARTESIAN_POINT('',(1.27,1.016,2.54));
#6760 = VECTOR('',#6761,1.);
#6761 = DIRECTION('',(-0.707106781187,0.707106781187,0.));
#6762 = ORIENTED_EDGE('',*,*,#6458,.T.);
#6763 = FACE_BOUND('',#6764,.T.);
#6764 = EDGE_LOOP('',(#6765,#6775,#6783,#6791));
#6765 = ORIENTED_EDGE('',*,*,#6766,.T.);
#6766 = EDGE_CURVE('',#6767,#6769,#6771,.T.);
#6767 = VERTEX_POINT('',#6768);
#6768 = CARTESIAN_POINT('',(0.32,-0.32,2.54));
#6769 = VERTEX_POINT('',#6770);
#6770 = CARTESIAN_POINT('',(-0.32,-0.32,2.54));
#6771 = LINE('',#6772,#6773);
#6772 = CARTESIAN_POINT('',(-0.16,-0.32,2.54));
#6773 = VECTOR('',#6774,1.);
#6774 = DIRECTION('',(-1.,0.,0.));
#6775 = ORIENTED_EDGE('',*,*,#6776,.T.);
#6776 = EDGE_CURVE('',#6769,#6777,#6779,.T.);
#6777 = VERTEX_POINT('',#6778);
#6778 = CARTESIAN_POINT('',(-0.32,0.32,2.54));
#6779 = LINE('',#6780,#6781);
#6780 = CARTESIAN_POINT('',(-0.32,-0.795,2.54));
#6781 = VECTOR('',#6782,1.);
#6782 = DIRECTION('',(0.,1.,0.));
#6783 = ORIENTED_EDGE('',*,*,#6784,.F.);
#6784 = EDGE_CURVE('',#6785,#6777,#6787,.T.);
#6785 = VERTEX_POINT('',#6786);
#6786 = CARTESIAN_POINT('',(0.32,0.32,2.54));
#6787 = LINE('',#6788,#6789);
#6788 = CARTESIAN_POINT('',(-0.16,0.32,2.54));
#6789 = VECTOR('',#6790,1.);
#6790 = DIRECTION('',(-1.,0.,0.));
#6791 = ORIENTED_EDGE('',*,*,#6792,.F.);
#6792 = EDGE_CURVE('',#6767,#6785,#6793,.T.);
#6793 = LINE('',#6794,#6795);
#6794 = CARTESIAN_POINT('',(0.32,-0.795,2.54));
#6795 = VECTOR('',#6796,1.);
#6796 = DIRECTION('',(0.,1.,0.));
#6797 = FACE_BOUND('',#6798,.T.);
#6798 = EDGE_LOOP('',(#6799,#6809,#6817,#6825));
#6799 = ORIENTED_EDGE('',*,*,#6800,.T.);
#6800 = EDGE_CURVE('',#6801,#6803,#6805,.T.);
#6801 = VERTEX_POINT('',#6802);
#6802 = CARTESIAN_POINT('',(0.32,-2.86,2.54));
#6803 = VERTEX_POINT('',#6804);
#6804 = CARTESIAN_POINT('',(-0.32,-2.86,2.54));
#6805 = LINE('',#6806,#6807);
#6806 = CARTESIAN_POINT('',(-0.16,-2.86,2.54));
#6807 = VECTOR('',#6808,1.);
#6808 = DIRECTION('',(-1.,0.,0.));
#6809 = ORIENTED_EDGE('',*,*,#6810,.T.);
#6810 = EDGE_CURVE('',#6803,#6811,#6813,.T.);
#6811 = VERTEX_POINT('',#6812);
#6812 = CARTESIAN_POINT('',(-0.32,-2.22,2.54));
#6813 = LINE('',#6814,#6815);
#6814 = CARTESIAN_POINT('',(-0.32,-2.065,2.54));
#6815 = VECTOR('',#6816,1.);
#6816 = DIRECTION('',(0.,1.,0.));
#6817 = ORIENTED_EDGE('',*,*,#6818,.F.);
#6818 = EDGE_CURVE('',#6819,#6811,#6821,.T.);
#6819 = VERTEX_POINT('',#6820);
#6820 = CARTESIAN_POINT('',(0.32,-2.22,2.54));
#6821 = LINE('',#6822,#6823);
#6822 = CARTESIAN_POINT('',(-0.16,-2.22,2.54));
#6823 = VECTOR('',#6824,1.);
#6824 = DIRECTION('',(-1.,0.,0.));
#6825 = ORIENTED_EDGE('',*,*,#6826,.F.);
#6826 = EDGE_CURVE('',#6801,#6819,#6827,.T.);
#6827 = LINE('',#6828,#6829);
#6828 = CARTESIAN_POINT('',(0.32,-2.065,2.54));
#6829 = VECTOR('',#6830,1.);
#6830 = DIRECTION('',(0.,1.,0.));
#6831 = PLANE('',#6832);
#6832 = AXIS2_PLACEMENT_3D('',#6833,#6834,#6835);
#6833 = CARTESIAN_POINT('',(1.473843703412E-17,-1.27,2.54));
#6834 = DIRECTION('',(0.,0.,1.));
#6835 = DIRECTION('',(1.,0.,-0.));
#6836 = ADVANCED_FACE('',(#6837),#6848,.F.);
#6837 = FACE_BOUND('',#6838,.F.);
#6838 = EDGE_LOOP('',(#6839,#6845,#6846,#6847));
#6839 = ORIENTED_EDGE('',*,*,#6840,.T.);
#6840 = EDGE_CURVE('',#6585,#6750,#6841,.T.);
#6841 = LINE('',#6842,#6843);
#6842 = CARTESIAN_POINT('',(1.27,1.016,0.));
#6843 = VECTOR('',#6844,1.);
#6844 = DIRECTION('',(0.,0.,1.));
#6845 = ORIENTED_EDGE('',*,*,#6757,.T.);
#6846 = ORIENTED_EDGE('',*,*,#6448,.F.);
#6847 = ORIENTED_EDGE('',*,*,#6592,.F.);
#6848 = PLANE('',#6849);
#6849 = AXIS2_PLACEMENT_3D('',#6850,#6851,#6852);
#6850 = CARTESIAN_POINT('',(1.27,1.016,0.));
#6851 = DIRECTION('',(-0.707106781187,-0.707106781187,0.));
#6852 = DIRECTION('',(-0.707106781187,0.707106781187,0.));
#6853 = ADVANCED_FACE('',(#6854),#6865,.F.);
#6854 = FACE_BOUND('',#6855,.F.);
#6855 = EDGE_LOOP('',(#6856,#6857,#6858,#6864));
#6856 = ORIENTED_EDGE('',*,*,#6488,.T.);
#6857 = ORIENTED_EDGE('',*,*,#6677,.T.);
#6858 = ORIENTED_EDGE('',*,*,#6859,.F.);
#6859 = EDGE_CURVE('',#6513,#6678,#6860,.T.);
#6860 = LINE('',#6861,#6862);
#6861 = CARTESIAN_POINT('',(-1.016,-1.27,0.));
#6862 = VECTOR('',#6863,1.);
#6863 = DIRECTION('',(0.,0.,1.));
#6864 = ORIENTED_EDGE('',*,*,#6512,.F.);
#6865 = PLANE('',#6866);
#6866 = AXIS2_PLACEMENT_3D('',#6867,#6868,#6869);
#6867 = CARTESIAN_POINT('',(-1.27,-1.016,0.));
#6868 = DIRECTION('',(0.707106781187,0.707106781187,0.));
#6869 = DIRECTION('',(0.707106781187,-0.707106781187,0.));
#6870 = ADVANCED_FACE('',(#6871),#6882,.F.);
#6871 = FACE_BOUND('',#6872,.F.);
#6872 = EDGE_LOOP('',(#6873,#6879,#6880,#6881));
#6873 = ORIENTED_EDGE('',*,*,#6874,.T.);
#6874 = EDGE_CURVE('',#6577,#6742,#6875,.T.);
#6875 = LINE('',#6876,#6877);
#6876 = CARTESIAN_POINT('',(1.27,-1.016,0.));
#6877 = VECTOR('',#6878,1.);
#6878 = DIRECTION('',(0.,0.,1.));
#6879 = ORIENTED_EDGE('',*,*,#6749,.T.);
#6880 = ORIENTED_EDGE('',*,*,#6840,.F.);
#6881 = ORIENTED_EDGE('',*,*,#6584,.F.);
#6882 = PLANE('',#6883);
#6883 = AXIS2_PLACEMENT_3D('',#6884,#6885,#6886);
#6884 = CARTESIAN_POINT('',(1.27,-1.016,0.));
#6885 = DIRECTION('',(-1.,0.,0.));
#6886 = DIRECTION('',(0.,1.,0.));
#6887 = ADVANCED_FACE('',(#6888),#6899,.F.);
#6888 = FACE_BOUND('',#6889,.F.);
#6889 = EDGE_LOOP('',(#6890,#6891,#6892,#6898));
#6890 = ORIENTED_EDGE('',*,*,#6859,.T.);
#6891 = ORIENTED_EDGE('',*,*,#6685,.T.);
#6892 = ORIENTED_EDGE('',*,*,#6893,.F.);
#6893 = EDGE_CURVE('',#6521,#6686,#6894,.T.);
#6894 = LINE('',#6895,#6896);
#6895 = CARTESIAN_POINT('',(-1.27,-1.524,0.));
#6896 = VECTOR('',#6897,1.);
#6897 = DIRECTION('',(0.,0.,1.));
#6898 = ORIENTED_EDGE('',*,*,#6520,.F.);
#6899 = PLANE('',#6900);
#6900 = AXIS2_PLACEMENT_3D('',#6901,#6902,#6903);
#6901 = CARTESIAN_POINT('',(-1.016,-1.27,0.));
#6902 = DIRECTION('',(0.707106781187,-0.707106781187,0.));
#6903 = DIRECTION('',(-0.707106781187,-0.707106781187,0.));
#6904 = ADVANCED_FACE('',(#6905),#6916,.F.);
#6905 = FACE_BOUND('',#6906,.F.);
#6906 = EDGE_LOOP('',(#6907,#6913,#6914,#6915));
#6907 = ORIENTED_EDGE('',*,*,#6908,.T.);
#6908 = EDGE_CURVE('',#6569,#6734,#6909,.T.);
#6909 = LINE('',#6910,#6911);
#6910 = CARTESIAN_POINT('',(1.016,-1.27,0.));
#6911 = VECTOR('',#6912,1.);
#6912 = DIRECTION('',(0.,0.,1.));
#6913 = ORIENTED_EDGE('',*,*,#6741,.T.);
#6914 = ORIENTED_EDGE('',*,*,#6874,.F.);
#6915 = ORIENTED_EDGE('',*,*,#6576,.F.);
#6916 = PLANE('',#6917);
#6917 = AXIS2_PLACEMENT_3D('',#6918,#6919,#6920);
#6918 = CARTESIAN_POINT('',(1.016,-1.27,0.));
#6919 = DIRECTION('',(-0.707106781187,0.707106781187,0.));
#6920 = DIRECTION('',(0.707106781187,0.707106781187,0.));
#6921 = ADVANCED_FACE('',(#6922),#6933,.F.);
#6922 = FACE_BOUND('',#6923,.F.);
#6923 = EDGE_LOOP('',(#6924,#6925,#6926,#6932));
#6924 = ORIENTED_EDGE('',*,*,#6893,.T.);
#6925 = ORIENTED_EDGE('',*,*,#6693,.T.);
#6926 = ORIENTED_EDGE('',*,*,#6927,.F.);
#6927 = EDGE_CURVE('',#6529,#6694,#6928,.T.);
#6928 = LINE('',#6929,#6930);
#6929 = CARTESIAN_POINT('',(-1.27,-3.556,0.));
#6930 = VECTOR('',#6931,1.);
#6931 = DIRECTION('',(0.,0.,1.));
#6932 = ORIENTED_EDGE('',*,*,#6528,.F.);
#6933 = PLANE('',#6934);
#6934 = AXIS2_PLACEMENT_3D('',#6935,#6936,#6937);
#6935 = CARTESIAN_POINT('',(-1.27,-1.524,0.));
#6936 = DIRECTION('',(1.,0.,0.));
#6937 = DIRECTION('',(0.,-1.,0.));
#6938 = ADVANCED_FACE('',(#6939),#6950,.F.);
#6939 = FACE_BOUND('',#6940,.F.);
#6940 = EDGE_LOOP('',(#6941,#6947,#6948,#6949));
#6941 = ORIENTED_EDGE('',*,*,#6942,.T.);
#6942 = EDGE_CURVE('',#6561,#6726,#6943,.T.);
#6943 = LINE('',#6944,#6945);
#6944 = CARTESIAN_POINT('',(1.27,-1.524,0.));
#6945 = VECTOR('',#6946,1.);
#6946 = DIRECTION('',(0.,0.,1.));
#6947 = ORIENTED_EDGE('',*,*,#6733,.T.);
#6948 = ORIENTED_EDGE('',*,*,#6908,.F.);
#6949 = ORIENTED_EDGE('',*,*,#6568,.F.);
#6950 = PLANE('',#6951);
#6951 = AXIS2_PLACEMENT_3D('',#6952,#6953,#6954);
#6952 = CARTESIAN_POINT('',(1.27,-1.524,0.));
#6953 = DIRECTION('',(-0.707106781187,-0.707106781187,0.));
#6954 = DIRECTION('',(-0.707106781187,0.707106781187,0.));
#6955 = ADVANCED_FACE('',(#6956),#6967,.F.);
#6956 = FACE_BOUND('',#6957,.F.);
#6957 = EDGE_LOOP('',(#6958,#6959,#6960,#6966));
#6958 = ORIENTED_EDGE('',*,*,#6927,.T.);
#6959 = ORIENTED_EDGE('',*,*,#6701,.T.);
#6960 = ORIENTED_EDGE('',*,*,#6961,.F.);
#6961 = EDGE_CURVE('',#6537,#6702,#6962,.T.);
#6962 = LINE('',#6963,#6964);
#6963 = CARTESIAN_POINT('',(-1.016,-3.81,0.));
#6964 = VECTOR('',#6965,1.);
#6965 = DIRECTION('',(0.,0.,1.));
#6966 = ORIENTED_EDGE('',*,*,#6536,.F.);
#6967 = PLANE('',#6968);
#6968 = AXIS2_PLACEMENT_3D('',#6969,#6970,#6971);
#6969 = CARTESIAN_POINT('',(-1.27,-3.556,0.));
#6970 = DIRECTION('',(0.707106781187,0.707106781187,0.));
#6971 = DIRECTION('',(0.707106781187,-0.707106781187,0.));
#6972 = ADVANCED_FACE('',(#6973),#6984,.F.);
#6973 = FACE_BOUND('',#6974,.F.);
#6974 = EDGE_LOOP('',(#6975,#6981,#6982,#6983));
#6975 = ORIENTED_EDGE('',*,*,#6976,.T.);
#6976 = EDGE_CURVE('',#6553,#6718,#6977,.T.);
#6977 = LINE('',#6978,#6979);
#6978 = CARTESIAN_POINT('',(1.27,-3.556,0.));
#6979 = VECTOR('',#6980,1.);
#6980 = DIRECTION('',(0.,0.,1.));
#6981 = ORIENTED_EDGE('',*,*,#6725,.T.);
#6982 = ORIENTED_EDGE('',*,*,#6942,.F.);
#6983 = ORIENTED_EDGE('',*,*,#6560,.F.);
#6984 = PLANE('',#6985);
#6985 = AXIS2_PLACEMENT_3D('',#6986,#6987,#6988);
#6986 = CARTESIAN_POINT('',(1.27,-3.556,0.));
#6987 = DIRECTION('',(-1.,0.,0.));
#6988 = DIRECTION('',(0.,1.,0.));
#6989 = ADVANCED_FACE('',(#6990),#7001,.F.);
#6990 = FACE_BOUND('',#6991,.F.);
#6991 = EDGE_LOOP('',(#6992,#6993,#6994,#7000));
#6992 = ORIENTED_EDGE('',*,*,#6961,.T.);
#6993 = ORIENTED_EDGE('',*,*,#6709,.T.);
#6994 = ORIENTED_EDGE('',*,*,#6995,.F.);
#6995 = EDGE_CURVE('',#6545,#6710,#6996,.T.);
#6996 = LINE('',#6997,#6998);
#6997 = CARTESIAN_POINT('',(1.016,-3.81,0.));
#6998 = VECTOR('',#6999,1.);
#6999 = DIRECTION('',(0.,0.,1.));
#7000 = ORIENTED_EDGE('',*,*,#6544,.F.);
#7001 = PLANE('',#7002);
#7002 = AXIS2_PLACEMENT_3D('',#7003,#7004,#7005);
#7003 = CARTESIAN_POINT('',(-1.016,-3.81,0.));
#7004 = DIRECTION('',(0.,1.,0.));
#7005 = DIRECTION('',(1.,0.,0.));
#7006 = ADVANCED_FACE('',(#7007),#7013,.F.);
#7007 = FACE_BOUND('',#7008,.F.);
#7008 = EDGE_LOOP('',(#7009,#7010,#7011,#7012));
#7009 = ORIENTED_EDGE('',*,*,#6995,.T.);
#7010 = ORIENTED_EDGE('',*,*,#6717,.T.);
#7011 = ORIENTED_EDGE('',*,*,#6976,.F.);
#7012 = ORIENTED_EDGE('',*,*,#6552,.F.);
#7013 = PLANE('',#7014);
#7014 = AXIS2_PLACEMENT_3D('',#7015,#7016,#7017);
#7015 = CARTESIAN_POINT('',(1.016,-3.81,0.));
#7016 = DIRECTION('',(-0.707106781187,0.707106781187,0.));
#7017 = DIRECTION('',(0.707106781187,0.707106781187,0.));
#7018 = ADVANCED_FACE('',(#7019),#7044,.F.);
#7019 = FACE_BOUND('',#7020,.F.);
#7020 = EDGE_LOOP('',(#7021,#7029,#7037,#7043));
#7021 = ORIENTED_EDGE('',*,*,#7022,.F.);
#7022 = EDGE_CURVE('',#7023,#6602,#7025,.T.);
#7023 = VERTEX_POINT('',#7024);
#7024 = CARTESIAN_POINT('',(0.32,-0.32,-2.84));
#7025 = LINE('',#7026,#7027);
#7026 = CARTESIAN_POINT('',(0.32,-0.32,-3.));
#7027 = VECTOR('',#7028,1.);
#7028 = DIRECTION('',(0.,0.,1.));
#7029 = ORIENTED_EDGE('',*,*,#7030,.F.);
#7030 = EDGE_CURVE('',#7031,#7023,#7033,.T.);
#7031 = VERTEX_POINT('',#7032);
#7032 = CARTESIAN_POINT('',(-0.32,-0.32,-2.84));
#7033 = LINE('',#7034,#7035);
#7034 = CARTESIAN_POINT('',(-0.32,-0.32,-2.84));
#7035 = VECTOR('',#7036,1.);
#7036 = DIRECTION('',(1.,0.,0.));
#7037 = ORIENTED_EDGE('',*,*,#7038,.T.);
#7038 = EDGE_CURVE('',#7031,#6604,#7039,.T.);
#7039 = LINE('',#7040,#7041);
#7040 = CARTESIAN_POINT('',(-0.32,-0.32,-3.));
#7041 = VECTOR('',#7042,1.);
#7042 = DIRECTION('',(0.,0.,1.));
#7043 = ORIENTED_EDGE('',*,*,#6601,.F.);
#7044 = PLANE('',#7045);
#7045 = AXIS2_PLACEMENT_3D('',#7046,#7047,#7048);
#7046 = CARTESIAN_POINT('',(-0.32,-0.32,-3.));
#7047 = DIRECTION('',(0.,1.,0.));
#7048 = DIRECTION('',(0.,-0.,1.));
#7049 = ADVANCED_FACE('',(#7050),#7068,.T.);
#7050 = FACE_BOUND('',#7051,.T.);
#7051 = EDGE_LOOP('',(#7052,#7053,#7061,#7067));
#7052 = ORIENTED_EDGE('',*,*,#7022,.F.);
#7053 = ORIENTED_EDGE('',*,*,#7054,.T.);
#7054 = EDGE_CURVE('',#7023,#7055,#7057,.T.);
#7055 = VERTEX_POINT('',#7056);
#7056 = CARTESIAN_POINT('',(0.32,0.32,-2.84));
#7057 = LINE('',#7058,#7059);
#7058 = CARTESIAN_POINT('',(0.32,-0.32,-2.84));
#7059 = VECTOR('',#7060,1.);
#7060 = DIRECTION('',(0.,1.,0.));
#7061 = ORIENTED_EDGE('',*,*,#7062,.T.);
#7062 = EDGE_CURVE('',#7055,#6620,#7063,.T.);
#7063 = LINE('',#7064,#7065);
#7064 = CARTESIAN_POINT('',(0.32,0.32,-3.));
#7065 = VECTOR('',#7066,1.);
#7066 = DIRECTION('',(0.,0.,1.));
#7067 = ORIENTED_EDGE('',*,*,#6627,.F.);
#7068 = PLANE('',#7069);
#7069 = AXIS2_PLACEMENT_3D('',#7070,#7071,#7072);
#7070 = CARTESIAN_POINT('',(0.32,-0.32,-3.));
#7071 = DIRECTION('',(1.,0.,0.));
#7072 = DIRECTION('',(0.,0.,1.));
#7073 = ADVANCED_FACE('',(#7074),#7092,.T.);
#7074 = FACE_BOUND('',#7075,.T.);
#7075 = EDGE_LOOP('',(#7076,#7077,#7085,#7091));
#7076 = ORIENTED_EDGE('',*,*,#7062,.F.);
#7077 = ORIENTED_EDGE('',*,*,#7078,.F.);
#7078 = EDGE_CURVE('',#7079,#7055,#7081,.T.);
#7079 = VERTEX_POINT('',#7080);
#7080 = CARTESIAN_POINT('',(-0.32,0.32,-2.84));
#7081 = LINE('',#7082,#7083);
#7082 = CARTESIAN_POINT('',(-0.32,0.32,-2.84));
#7083 = VECTOR('',#7084,1.);
#7084 = DIRECTION('',(1.,0.,0.));
#7085 = ORIENTED_EDGE('',*,*,#7086,.T.);
#7086 = EDGE_CURVE('',#7079,#6612,#7087,.T.);
#7087 = LINE('',#7088,#7089);
#7088 = CARTESIAN_POINT('',(-0.32,0.32,-3.));
#7089 = VECTOR('',#7090,1.);
#7090 = DIRECTION('',(0.,0.,1.));
#7091 = ORIENTED_EDGE('',*,*,#6619,.F.);
#7092 = PLANE('',#7093);
#7093 = AXIS2_PLACEMENT_3D('',#7094,#7095,#7096);
#7094 = CARTESIAN_POINT('',(-0.32,0.32,-3.));
#7095 = DIRECTION('',(0.,1.,0.));
#7096 = DIRECTION('',(0.,-0.,1.));
#7097 = ADVANCED_FACE('',(#7098),#7109,.F.);
#7098 = FACE_BOUND('',#7099,.F.);
#7099 = EDGE_LOOP('',(#7100,#7101,#7107,#7108));
#7100 = ORIENTED_EDGE('',*,*,#7038,.F.);
#7101 = ORIENTED_EDGE('',*,*,#7102,.T.);
#7102 = EDGE_CURVE('',#7031,#7079,#7103,.T.);
#7103 = LINE('',#7104,#7105);
#7104 = CARTESIAN_POINT('',(-0.32,-0.32,-2.84));
#7105 = VECTOR('',#7106,1.);
#7106 = DIRECTION('',(0.,1.,0.));
#7107 = ORIENTED_EDGE('',*,*,#7086,.T.);
#7108 = ORIENTED_EDGE('',*,*,#6611,.F.);
#7109 = PLANE('',#7110);
#7110 = AXIS2_PLACEMENT_3D('',#7111,#7112,#7113);
#7111 = CARTESIAN_POINT('',(-0.32,-0.32,-3.));
#7112 = DIRECTION('',(1.,0.,0.));
#7113 = DIRECTION('',(0.,0.,1.));
#7114 = ADVANCED_FACE('',(#7115),#7140,.F.);
#7115 = FACE_BOUND('',#7116,.F.);
#7116 = EDGE_LOOP('',(#7117,#7125,#7133,#7139));
#7117 = ORIENTED_EDGE('',*,*,#7118,.F.);
#7118 = EDGE_CURVE('',#7119,#6636,#7121,.T.);
#7119 = VERTEX_POINT('',#7120);
#7120 = CARTESIAN_POINT('',(0.32,-2.86,-2.84));
#7121 = LINE('',#7122,#7123);
#7122 = CARTESIAN_POINT('',(0.32,-2.86,-3.));
#7123 = VECTOR('',#7124,1.);
#7124 = DIRECTION('',(0.,0.,1.));
#7125 = ORIENTED_EDGE('',*,*,#7126,.F.);
#7126 = EDGE_CURVE('',#7127,#7119,#7129,.T.);
#7127 = VERTEX_POINT('',#7128);
#7128 = CARTESIAN_POINT('',(-0.32,-2.86,-2.84));
#7129 = LINE('',#7130,#7131);
#7130 = CARTESIAN_POINT('',(-0.32,-2.86,-2.84));
#7131 = VECTOR('',#7132,1.);
#7132 = DIRECTION('',(1.,0.,0.));
#7133 = ORIENTED_EDGE('',*,*,#7134,.T.);
#7134 = EDGE_CURVE('',#7127,#6638,#7135,.T.);
#7135 = LINE('',#7136,#7137);
#7136 = CARTESIAN_POINT('',(-0.32,-2.86,-3.));
#7137 = VECTOR('',#7138,1.);
#7138 = DIRECTION('',(0.,0.,1.));
#7139 = ORIENTED_EDGE('',*,*,#6635,.F.);
#7140 = PLANE('',#7141);
#7141 = AXIS2_PLACEMENT_3D('',#7142,#7143,#7144);
#7142 = CARTESIAN_POINT('',(-0.32,-2.86,-3.));
#7143 = DIRECTION('',(0.,1.,0.));
#7144 = DIRECTION('',(0.,-0.,1.));
#7145 = ADVANCED_FACE('',(#7146),#7164,.T.);
#7146 = FACE_BOUND('',#7147,.T.);
#7147 = EDGE_LOOP('',(#7148,#7149,#7157,#7163));
#7148 = ORIENTED_EDGE('',*,*,#7118,.F.);
#7149 = ORIENTED_EDGE('',*,*,#7150,.T.);
#7150 = EDGE_CURVE('',#7119,#7151,#7153,.T.);
#7151 = VERTEX_POINT('',#7152);
#7152 = CARTESIAN_POINT('',(0.32,-2.22,-2.84));
#7153 = LINE('',#7154,#7155);
#7154 = CARTESIAN_POINT('',(0.32,-2.86,-2.84));
#7155 = VECTOR('',#7156,1.);
#7156 = DIRECTION('',(0.,1.,0.));
#7157 = ORIENTED_EDGE('',*,*,#7158,.T.);
#7158 = EDGE_CURVE('',#7151,#6654,#7159,.T.);
#7159 = LINE('',#7160,#7161);
#7160 = CARTESIAN_POINT('',(0.32,-2.22,-3.));
#7161 = VECTOR('',#7162,1.);
#7162 = DIRECTION('',(0.,0.,1.));
#7163 = ORIENTED_EDGE('',*,*,#6661,.F.);
#7164 = PLANE('',#7165);
#7165 = AXIS2_PLACEMENT_3D('',#7166,#7167,#7168);
#7166 = CARTESIAN_POINT('',(0.32,-2.86,-3.));
#7167 = DIRECTION('',(1.,0.,0.));
#7168 = DIRECTION('',(0.,0.,1.));
#7169 = ADVANCED_FACE('',(#7170),#7188,.T.);
#7170 = FACE_BOUND('',#7171,.T.);
#7171 = EDGE_LOOP('',(#7172,#7173,#7181,#7187));
#7172 = ORIENTED_EDGE('',*,*,#7158,.F.);
#7173 = ORIENTED_EDGE('',*,*,#7174,.F.);
#7174 = EDGE_CURVE('',#7175,#7151,#7177,.T.);
#7175 = VERTEX_POINT('',#7176);
#7176 = CARTESIAN_POINT('',(-0.32,-2.22,-2.84));
#7177 = LINE('',#7178,#7179);
#7178 = CARTESIAN_POINT('',(-0.32,-2.22,-2.84));
#7179 = VECTOR('',#7180,1.);
#7180 = DIRECTION('',(1.,0.,0.));
#7181 = ORIENTED_EDGE('',*,*,#7182,.T.);
#7182 = EDGE_CURVE('',#7175,#6646,#7183,.T.);
#7183 = LINE('',#7184,#7185);
#7184 = CARTESIAN_POINT('',(-0.32,-2.22,-3.));
#7185 = VECTOR('',#7186,1.);
#7186 = DIRECTION('',(0.,0.,1.));
#7187 = ORIENTED_EDGE('',*,*,#6653,.F.);
#7188 = PLANE('',#7189);
#7189 = AXIS2_PLACEMENT_3D('',#7190,#7191,#7192);
#7190 = CARTESIAN_POINT('',(-0.32,-2.22,-3.));
#7191 = DIRECTION('',(0.,1.,0.));
#7192 = DIRECTION('',(0.,-0.,1.));
#7193 = ADVANCED_FACE('',(#7194),#7205,.F.);
#7194 = FACE_BOUND('',#7195,.F.);
#7195 = EDGE_LOOP('',(#7196,#7197,#7203,#7204));
#7196 = ORIENTED_EDGE('',*,*,#7134,.F.);
#7197 = ORIENTED_EDGE('',*,*,#7198,.T.);
#7198 = EDGE_CURVE('',#7127,#7175,#7199,.T.);
#7199 = LINE('',#7200,#7201);
#7200 = CARTESIAN_POINT('',(-0.32,-2.86,-2.84));
#7201 = VECTOR('',#7202,1.);
#7202 = DIRECTION('',(0.,1.,0.));
#7203 = ORIENTED_EDGE('',*,*,#7182,.T.);
#7204 = ORIENTED_EDGE('',*,*,#6645,.F.);
#7205 = PLANE('',#7206);
#7206 = AXIS2_PLACEMENT_3D('',#7207,#7208,#7209);
#7207 = CARTESIAN_POINT('',(-0.32,-2.86,-3.));
#7208 = DIRECTION('',(1.,0.,0.));
#7209 = DIRECTION('',(0.,0.,1.));
#7210 = ADVANCED_FACE('',(#7211),#7236,.F.);
#7211 = FACE_BOUND('',#7212,.F.);
#7212 = EDGE_LOOP('',(#7213,#7221,#7222,#7230));
#7213 = ORIENTED_EDGE('',*,*,#7214,.F.);
#7214 = EDGE_CURVE('',#6767,#7215,#7217,.T.);
#7215 = VERTEX_POINT('',#7216);
#7216 = CARTESIAN_POINT('',(0.32,-0.32,8.38));
#7217 = LINE('',#7218,#7219);
#7218 = CARTESIAN_POINT('',(0.32,-0.32,-3.));
#7219 = VECTOR('',#7220,1.);
#7220 = DIRECTION('',(0.,0.,1.));
#7221 = ORIENTED_EDGE('',*,*,#6766,.T.);
#7222 = ORIENTED_EDGE('',*,*,#7223,.T.);
#7223 = EDGE_CURVE('',#6769,#7224,#7226,.T.);
#7224 = VERTEX_POINT('',#7225);
#7225 = CARTESIAN_POINT('',(-0.32,-0.32,8.38));
#7226 = LINE('',#7227,#7228);
#7227 = CARTESIAN_POINT('',(-0.32,-0.32,-3.));
#7228 = VECTOR('',#7229,1.);
#7229 = DIRECTION('',(0.,0.,1.));
#7230 = ORIENTED_EDGE('',*,*,#7231,.T.);
#7231 = EDGE_CURVE('',#7224,#7215,#7232,.T.);
#7232 = LINE('',#7233,#7234);
#7233 = CARTESIAN_POINT('',(-0.32,-0.32,8.38));
#7234 = VECTOR('',#7235,1.);
#7235 = DIRECTION('',(1.,0.,0.));
#7236 = PLANE('',#7237);
#7237 = AXIS2_PLACEMENT_3D('',#7238,#7239,#7240);
#7238 = CARTESIAN_POINT('',(-0.32,-0.32,-3.));
#7239 = DIRECTION('',(0.,1.,0.));
#7240 = DIRECTION('',(0.,-0.,1.));
#7241 = ADVANCED_FACE('',(#7242),#7260,.T.);
#7242 = FACE_BOUND('',#7243,.T.);
#7243 = EDGE_LOOP('',(#7244,#7245,#7246,#7254));
#7244 = ORIENTED_EDGE('',*,*,#7214,.F.);
#7245 = ORIENTED_EDGE('',*,*,#6792,.T.);
#7246 = ORIENTED_EDGE('',*,*,#7247,.T.);
#7247 = EDGE_CURVE('',#6785,#7248,#7250,.T.);
#7248 = VERTEX_POINT('',#7249);
#7249 = CARTESIAN_POINT('',(0.32,0.32,8.38));
#7250 = LINE('',#7251,#7252);
#7251 = CARTESIAN_POINT('',(0.32,0.32,-3.));
#7252 = VECTOR('',#7253,1.);
#7253 = DIRECTION('',(0.,0.,1.));
#7254 = ORIENTED_EDGE('',*,*,#7255,.F.);
#7255 = EDGE_CURVE('',#7215,#7248,#7256,.T.);
#7256 = LINE('',#7257,#7258);
#7257 = CARTESIAN_POINT('',(0.32,-0.32,8.38));
#7258 = VECTOR('',#7259,1.);
#7259 = DIRECTION('',(0.,1.,0.));
#7260 = PLANE('',#7261);
#7261 = AXIS2_PLACEMENT_3D('',#7262,#7263,#7264);
#7262 = CARTESIAN_POINT('',(0.32,-0.32,-3.));
#7263 = DIRECTION('',(1.,0.,0.));
#7264 = DIRECTION('',(0.,0.,1.));
#7265 = ADVANCED_FACE('',(#7266),#7284,.T.);
#7266 = FACE_BOUND('',#7267,.T.);
#7267 = EDGE_LOOP('',(#7268,#7269,#7270,#7278));
#7268 = ORIENTED_EDGE('',*,*,#7247,.F.);
#7269 = ORIENTED_EDGE('',*,*,#6784,.T.);
#7270 = ORIENTED_EDGE('',*,*,#7271,.T.);
#7271 = EDGE_CURVE('',#6777,#7272,#7274,.T.);
#7272 = VERTEX_POINT('',#7273);
#7273 = CARTESIAN_POINT('',(-0.32,0.32,8.38));
#7274 = LINE('',#7275,#7276);
#7275 = CARTESIAN_POINT('',(-0.32,0.32,-3.));
#7276 = VECTOR('',#7277,1.);
#7277 = DIRECTION('',(0.,0.,1.));
#7278 = ORIENTED_EDGE('',*,*,#7279,.T.);
#7279 = EDGE_CURVE('',#7272,#7248,#7280,.T.);
#7280 = LINE('',#7281,#7282);
#7281 = CARTESIAN_POINT('',(-0.32,0.32,8.38));
#7282 = VECTOR('',#7283,1.);
#7283 = DIRECTION('',(1.,0.,0.));
#7284 = PLANE('',#7285);
#7285 = AXIS2_PLACEMENT_3D('',#7286,#7287,#7288);
#7286 = CARTESIAN_POINT('',(-0.32,0.32,-3.));
#7287 = DIRECTION('',(0.,1.,0.));
#7288 = DIRECTION('',(0.,-0.,1.));
#7289 = ADVANCED_FACE('',(#7290),#7301,.F.);
#7290 = FACE_BOUND('',#7291,.F.);
#7291 = EDGE_LOOP('',(#7292,#7293,#7294,#7295));
#7292 = ORIENTED_EDGE('',*,*,#7223,.F.);
#7293 = ORIENTED_EDGE('',*,*,#6776,.T.);
#7294 = ORIENTED_EDGE('',*,*,#7271,.T.);
#7295 = ORIENTED_EDGE('',*,*,#7296,.F.);
#7296 = EDGE_CURVE('',#7224,#7272,#7297,.T.);
#7297 = LINE('',#7298,#7299);
#7298 = CARTESIAN_POINT('',(-0.32,-0.32,8.38));
#7299 = VECTOR('',#7300,1.);
#7300 = DIRECTION('',(0.,1.,0.));
#7301 = PLANE('',#7302);
#7302 = AXIS2_PLACEMENT_3D('',#7303,#7304,#7305);
#7303 = CARTESIAN_POINT('',(-0.32,-0.32,-3.));
#7304 = DIRECTION('',(1.,0.,0.));
#7305 = DIRECTION('',(0.,0.,1.));
#7306 = ADVANCED_FACE('',(#7307),#7332,.F.);
#7307 = FACE_BOUND('',#7308,.F.);
#7308 = EDGE_LOOP('',(#7309,#7317,#7318,#7326));
#7309 = ORIENTED_EDGE('',*,*,#7310,.F.);
#7310 = EDGE_CURVE('',#6801,#7311,#7313,.T.);
#7311 = VERTEX_POINT('',#7312);
#7312 = CARTESIAN_POINT('',(0.32,-2.86,8.38));
#7313 = LINE('',#7314,#7315);
#7314 = CARTESIAN_POINT('',(0.32,-2.86,-3.));
#7315 = VECTOR('',#7316,1.);
#7316 = DIRECTION('',(0.,0.,1.));
#7317 = ORIENTED_EDGE('',*,*,#6800,.T.);
#7318 = ORIENTED_EDGE('',*,*,#7319,.T.);
#7319 = EDGE_CURVE('',#6803,#7320,#7322,.T.);
#7320 = VERTEX_POINT('',#7321);
#7321 = CARTESIAN_POINT('',(-0.32,-2.86,8.38));
#7322 = LINE('',#7323,#7324);
#7323 = CARTESIAN_POINT('',(-0.32,-2.86,-3.));
#7324 = VECTOR('',#7325,1.);
#7325 = DIRECTION('',(0.,0.,1.));
#7326 = ORIENTED_EDGE('',*,*,#7327,.T.);
#7327 = EDGE_CURVE('',#7320,#7311,#7328,.T.);
#7328 = LINE('',#7329,#7330);
#7329 = CARTESIAN_POINT('',(-0.32,-2.86,8.38));
#7330 = VECTOR('',#7331,1.);
#7331 = DIRECTION('',(1.,0.,0.));
#7332 = PLANE('',#7333);
#7333 = AXIS2_PLACEMENT_3D('',#7334,#7335,#7336);
#7334 = CARTESIAN_POINT('',(-0.32,-2.86,-3.));
#7335 = DIRECTION('',(0.,1.,0.));
#7336 = DIRECTION('',(0.,-0.,1.));
#7337 = ADVANCED_FACE('',(#7338),#7356,.T.);
#7338 = FACE_BOUND('',#7339,.T.);
#7339 = EDGE_LOOP('',(#7340,#7341,#7342,#7350));
#7340 = ORIENTED_EDGE('',*,*,#7310,.F.);
#7341 = ORIENTED_EDGE('',*,*,#6826,.T.);
#7342 = ORIENTED_EDGE('',*,*,#7343,.T.);
#7343 = EDGE_CURVE('',#6819,#7344,#7346,.T.);
#7344 = VERTEX_POINT('',#7345);
#7345 = CARTESIAN_POINT('',(0.32,-2.22,8.38));
#7346 = LINE('',#7347,#7348);
#7347 = CARTESIAN_POINT('',(0.32,-2.22,-3.));
#7348 = VECTOR('',#7349,1.);
#7349 = DIRECTION('',(0.,0.,1.));
#7350 = ORIENTED_EDGE('',*,*,#7351,.F.);
#7351 = EDGE_CURVE('',#7311,#7344,#7352,.T.);
#7352 = LINE('',#7353,#7354);
#7353 = CARTESIAN_POINT('',(0.32,-2.86,8.38));
#7354 = VECTOR('',#7355,1.);
#7355 = DIRECTION('',(0.,1.,0.));
#7356 = PLANE('',#7357);
#7357 = AXIS2_PLACEMENT_3D('',#7358,#7359,#7360);
#7358 = CARTESIAN_POINT('',(0.32,-2.86,-3.));
#7359 = DIRECTION('',(1.,0.,0.));
#7360 = DIRECTION('',(0.,0.,1.));
#7361 = ADVANCED_FACE('',(#7362),#7380,.T.);
#7362 = FACE_BOUND('',#7363,.T.);
#7363 = EDGE_LOOP('',(#7364,#7365,#7366,#7374));
#7364 = ORIENTED_EDGE('',*,*,#7343,.F.);
#7365 = ORIENTED_EDGE('',*,*,#6818,.T.);
#7366 = ORIENTED_EDGE('',*,*,#7367,.T.);
#7367 = EDGE_CURVE('',#6811,#7368,#7370,.T.);
#7368 = VERTEX_POINT('',#7369);
#7369 = CARTESIAN_POINT('',(-0.32,-2.22,8.38));
#7370 = LINE('',#7371,#7372);
#7371 = CARTESIAN_POINT('',(-0.32,-2.22,-3.));
#7372 = VECTOR('',#7373,1.);
#7373 = DIRECTION('',(0.,0.,1.));
#7374 = ORIENTED_EDGE('',*,*,#7375,.T.);
#7375 = EDGE_CURVE('',#7368,#7344,#7376,.T.);
#7376 = LINE('',#7377,#7378);
#7377 = CARTESIAN_POINT('',(-0.32,-2.22,8.38));
#7378 = VECTOR('',#7379,1.);
#7379 = DIRECTION('',(1.,0.,0.));
#7380 = PLANE('',#7381);
#7381 = AXIS2_PLACEMENT_3D('',#7382,#7383,#7384);
#7382 = CARTESIAN_POINT('',(-0.32,-2.22,-3.));
#7383 = DIRECTION('',(0.,1.,0.));
#7384 = DIRECTION('',(0.,-0.,1.));
#7385 = ADVANCED_FACE('',(#7386),#7397,.F.);
#7386 = FACE_BOUND('',#7387,.F.);
#7387 = EDGE_LOOP('',(#7388,#7389,#7390,#7391));
#7388 = ORIENTED_EDGE('',*,*,#7319,.F.);
#7389 = ORIENTED_EDGE('',*,*,#6810,.T.);
#7390 = ORIENTED_EDGE('',*,*,#7367,.T.);
#7391 = ORIENTED_EDGE('',*,*,#7392,.F.);
#7392 = EDGE_CURVE('',#7320,#7368,#7393,.T.);
#7393 = LINE('',#7394,#7395);
#7394 = CARTESIAN_POINT('',(-0.32,-2.86,8.38));
#7395 = VECTOR('',#7396,1.);
#7396 = DIRECTION('',(0.,1.,0.));
#7397 = PLANE('',#7398);
#7398 = AXIS2_PLACEMENT_3D('',#7399,#7400,#7401);
#7399 = CARTESIAN_POINT('',(-0.32,-2.86,-3.));
#7400 = DIRECTION('',(1.,0.,0.));
#7401 = DIRECTION('',(0.,0.,1.));
#7402 = ADVANCED_FACE('',(#7403),#7428,.T.);
#7403 = FACE_BOUND('',#7404,.F.);
#7404 = EDGE_LOOP('',(#7405,#7413,#7414,#7422));
#7405 = ORIENTED_EDGE('',*,*,#7406,.F.);
#7406 = EDGE_CURVE('',#7031,#7407,#7409,.T.);
#7407 = VERTEX_POINT('',#7408);
#7408 = CARTESIAN_POINT('',(-0.16,-0.16,-3.));
#7409 = LINE('',#7410,#7411);
#7410 = CARTESIAN_POINT('',(-0.266666666667,-0.266666666667,
    -2.893333333333));
#7411 = VECTOR('',#7412,1.);
#7412 = DIRECTION('',(0.57735026919,0.57735026919,-0.57735026919));
#7413 = ORIENTED_EDGE('',*,*,#7030,.T.);
#7414 = ORIENTED_EDGE('',*,*,#7415,.T.);
#7415 = EDGE_CURVE('',#7023,#7416,#7418,.T.);
#7416 = VERTEX_POINT('',#7417);
#7417 = CARTESIAN_POINT('',(0.16,-0.16,-3.));
#7418 = LINE('',#7419,#7420);
#7419 = CARTESIAN_POINT('',(0.16,-0.16,-3.));
#7420 = VECTOR('',#7421,1.);
#7421 = DIRECTION('',(-0.57735026919,0.57735026919,-0.57735026919));
#7422 = ORIENTED_EDGE('',*,*,#7423,.F.);
#7423 = EDGE_CURVE('',#7407,#7416,#7424,.T.);
#7424 = LINE('',#7425,#7426);
#7425 = CARTESIAN_POINT('',(-0.32,-0.16,-3.));
#7426 = VECTOR('',#7427,1.);
#7427 = DIRECTION('',(1.,0.,0.));
#7428 = PLANE('',#7429);
#7429 = AXIS2_PLACEMENT_3D('',#7430,#7431,#7432);
#7430 = CARTESIAN_POINT('',(-0.32,-0.24,-2.92));
#7431 = DIRECTION('',(1.735167508357E-18,-0.707106781187,-0.707106781187
    ));
#7432 = DIRECTION('',(-1.,-1.226948711654E-18,-1.226948711654E-18));
#7433 = ADVANCED_FACE('',(#7434),#7452,.F.);
#7434 = FACE_BOUND('',#7435,.F.);
#7435 = EDGE_LOOP('',(#7436,#7437,#7438,#7446));
#7436 = ORIENTED_EDGE('',*,*,#7415,.F.);
#7437 = ORIENTED_EDGE('',*,*,#7054,.T.);
#7438 = ORIENTED_EDGE('',*,*,#7439,.T.);
#7439 = EDGE_CURVE('',#7055,#7440,#7442,.T.);
#7440 = VERTEX_POINT('',#7441);
#7441 = CARTESIAN_POINT('',(0.16,0.16,-3.));
#7442 = LINE('',#7443,#7444);
#7443 = CARTESIAN_POINT('',(5.333333333333E-02,5.333333333333E-02,
    -3.106666666667));
#7444 = VECTOR('',#7445,1.);
#7445 = DIRECTION('',(-0.57735026919,-0.57735026919,-0.57735026919));
#7446 = ORIENTED_EDGE('',*,*,#7447,.F.);
#7447 = EDGE_CURVE('',#7416,#7440,#7448,.T.);
#7448 = LINE('',#7449,#7450);
#7449 = CARTESIAN_POINT('',(0.16,-0.32,-3.));
#7450 = VECTOR('',#7451,1.);
#7451 = DIRECTION('',(0.,1.,0.));
#7452 = PLANE('',#7453);
#7453 = AXIS2_PLACEMENT_3D('',#7454,#7455,#7456);
#7454 = CARTESIAN_POINT('',(0.24,-0.32,-2.92));
#7455 = DIRECTION('',(-0.707106781187,1.735167508357E-18,0.707106781187)
  );
#7456 = DIRECTION('',(1.226948711654E-18,1.,-1.226948711654E-18));
#7457 = ADVANCED_FACE('',(#7458),#7476,.F.);
#7458 = FACE_BOUND('',#7459,.T.);
#7459 = EDGE_LOOP('',(#7460,#7468,#7469,#7470));
#7460 = ORIENTED_EDGE('',*,*,#7461,.F.);
#7461 = EDGE_CURVE('',#7079,#7462,#7464,.T.);
#7462 = VERTEX_POINT('',#7463);
#7463 = CARTESIAN_POINT('',(-0.16,0.16,-3.));
#7464 = LINE('',#7465,#7466);
#7465 = CARTESIAN_POINT('',(-0.16,0.16,-3.));
#7466 = VECTOR('',#7467,1.);
#7467 = DIRECTION('',(0.57735026919,-0.57735026919,-0.57735026919));
#7468 = ORIENTED_EDGE('',*,*,#7078,.T.);
#7469 = ORIENTED_EDGE('',*,*,#7439,.T.);
#7470 = ORIENTED_EDGE('',*,*,#7471,.F.);
#7471 = EDGE_CURVE('',#7462,#7440,#7472,.T.);
#7472 = LINE('',#7473,#7474);
#7473 = CARTESIAN_POINT('',(-0.32,0.16,-3.));
#7474 = VECTOR('',#7475,1.);
#7475 = DIRECTION('',(1.,0.,0.));
#7476 = PLANE('',#7477);
#7477 = AXIS2_PLACEMENT_3D('',#7478,#7479,#7480);
#7478 = CARTESIAN_POINT('',(-0.32,0.24,-2.92));
#7479 = DIRECTION('',(-1.735167508357E-18,-0.707106781187,0.707106781187
    ));
#7480 = DIRECTION('',(-1.,1.226948711654E-18,-1.226948711654E-18));
#7481 = ADVANCED_FACE('',(#7482),#7493,.T.);
#7482 = FACE_BOUND('',#7483,.T.);
#7483 = EDGE_LOOP('',(#7484,#7485,#7486,#7487));
#7484 = ORIENTED_EDGE('',*,*,#7406,.F.);
#7485 = ORIENTED_EDGE('',*,*,#7102,.T.);
#7486 = ORIENTED_EDGE('',*,*,#7461,.T.);
#7487 = ORIENTED_EDGE('',*,*,#7488,.F.);
#7488 = EDGE_CURVE('',#7407,#7462,#7489,.T.);
#7489 = LINE('',#7490,#7491);
#7490 = CARTESIAN_POINT('',(-0.16,-0.32,-3.));
#7491 = VECTOR('',#7492,1.);
#7492 = DIRECTION('',(0.,1.,0.));
#7493 = PLANE('',#7494);
#7494 = AXIS2_PLACEMENT_3D('',#7495,#7496,#7497);
#7495 = CARTESIAN_POINT('',(-0.24,-0.32,-2.92));
#7496 = DIRECTION('',(-0.707106781187,-1.735167508357E-18,
    -0.707106781187));
#7497 = DIRECTION('',(-1.226948711654E-18,1.,-1.226948711654E-18));
#7498 = ADVANCED_FACE('',(#7499),#7524,.T.);
#7499 = FACE_BOUND('',#7500,.F.);
#7500 = EDGE_LOOP('',(#7501,#7509,#7510,#7518));
#7501 = ORIENTED_EDGE('',*,*,#7502,.F.);
#7502 = EDGE_CURVE('',#7127,#7503,#7505,.T.);
#7503 = VERTEX_POINT('',#7504);
#7504 = CARTESIAN_POINT('',(-0.16,-2.7,-3.));
#7505 = LINE('',#7506,#7507);
#7506 = CARTESIAN_POINT('',(-0.266666666667,-2.806666666667,
    -2.893333333333));
#7507 = VECTOR('',#7508,1.);
#7508 = DIRECTION('',(0.57735026919,0.57735026919,-0.57735026919));
#7509 = ORIENTED_EDGE('',*,*,#7126,.T.);
#7510 = ORIENTED_EDGE('',*,*,#7511,.T.);
#7511 = EDGE_CURVE('',#7119,#7512,#7514,.T.);
#7512 = VERTEX_POINT('',#7513);
#7513 = CARTESIAN_POINT('',(0.16,-2.7,-3.));
#7514 = LINE('',#7515,#7516);
#7515 = CARTESIAN_POINT('',(0.16,-2.7,-3.));
#7516 = VECTOR('',#7517,1.);
#7517 = DIRECTION('',(-0.57735026919,0.57735026919,-0.57735026919));
#7518 = ORIENTED_EDGE('',*,*,#7519,.F.);
#7519 = EDGE_CURVE('',#7503,#7512,#7520,.T.);
#7520 = LINE('',#7521,#7522);
#7521 = CARTESIAN_POINT('',(-0.32,-2.7,-3.));
#7522 = VECTOR('',#7523,1.);
#7523 = DIRECTION('',(1.,0.,0.));
#7524 = PLANE('',#7525);
#7525 = AXIS2_PLACEMENT_3D('',#7526,#7527,#7528);
#7526 = CARTESIAN_POINT('',(-0.32,-2.78,-2.92));
#7527 = DIRECTION('',(1.735167508357E-18,-0.707106781187,-0.707106781187
    ));
#7528 = DIRECTION('',(-1.,-1.226948711654E-18,-1.226948711654E-18));
#7529 = ADVANCED_FACE('',(#7530),#7548,.F.);
#7530 = FACE_BOUND('',#7531,.F.);
#7531 = EDGE_LOOP('',(#7532,#7533,#7534,#7542));
#7532 = ORIENTED_EDGE('',*,*,#7511,.F.);
#7533 = ORIENTED_EDGE('',*,*,#7150,.T.);
#7534 = ORIENTED_EDGE('',*,*,#7535,.T.);
#7535 = EDGE_CURVE('',#7151,#7536,#7538,.T.);
#7536 = VERTEX_POINT('',#7537);
#7537 = CARTESIAN_POINT('',(0.16,-2.38,-3.));
#7538 = LINE('',#7539,#7540);
#7539 = CARTESIAN_POINT('',(5.333333333333E-02,-2.486666666667,
    -3.106666666667));
#7540 = VECTOR('',#7541,1.);
#7541 = DIRECTION('',(-0.57735026919,-0.57735026919,-0.57735026919));
#7542 = ORIENTED_EDGE('',*,*,#7543,.F.);
#7543 = EDGE_CURVE('',#7512,#7536,#7544,.T.);
#7544 = LINE('',#7545,#7546);
#7545 = CARTESIAN_POINT('',(0.16,-2.86,-3.));
#7546 = VECTOR('',#7547,1.);
#7547 = DIRECTION('',(0.,1.,0.));
#7548 = PLANE('',#7549);
#7549 = AXIS2_PLACEMENT_3D('',#7550,#7551,#7552);
#7550 = CARTESIAN_POINT('',(0.24,-2.86,-2.92));
#7551 = DIRECTION('',(-0.707106781187,1.735167508357E-18,0.707106781187)
  );
#7552 = DIRECTION('',(1.226948711654E-18,1.,-1.226948711654E-18));
#7553 = ADVANCED_FACE('',(#7554),#7572,.F.);
#7554 = FACE_BOUND('',#7555,.T.);
#7555 = EDGE_LOOP('',(#7556,#7564,#7565,#7566));
#7556 = ORIENTED_EDGE('',*,*,#7557,.F.);
#7557 = EDGE_CURVE('',#7175,#7558,#7560,.T.);
#7558 = VERTEX_POINT('',#7559);
#7559 = CARTESIAN_POINT('',(-0.16,-2.38,-3.));
#7560 = LINE('',#7561,#7562);
#7561 = CARTESIAN_POINT('',(-0.16,-2.38,-3.));
#7562 = VECTOR('',#7563,1.);
#7563 = DIRECTION('',(0.57735026919,-0.57735026919,-0.57735026919));
#7564 = ORIENTED_EDGE('',*,*,#7174,.T.);
#7565 = ORIENTED_EDGE('',*,*,#7535,.T.);
#7566 = ORIENTED_EDGE('',*,*,#7567,.F.);
#7567 = EDGE_CURVE('',#7558,#7536,#7568,.T.);
#7568 = LINE('',#7569,#7570);
#7569 = CARTESIAN_POINT('',(-0.32,-2.38,-3.));
#7570 = VECTOR('',#7571,1.);
#7571 = DIRECTION('',(1.,0.,0.));
#7572 = PLANE('',#7573);
#7573 = AXIS2_PLACEMENT_3D('',#7574,#7575,#7576);
#7574 = CARTESIAN_POINT('',(-0.32,-2.3,-2.92));
#7575 = DIRECTION('',(-1.735167508357E-18,-0.707106781187,0.707106781187
    ));
#7576 = DIRECTION('',(-1.,1.226948711654E-18,-1.226948711654E-18));
#7577 = ADVANCED_FACE('',(#7578),#7589,.T.);
#7578 = FACE_BOUND('',#7579,.T.);
#7579 = EDGE_LOOP('',(#7580,#7581,#7582,#7583));
#7580 = ORIENTED_EDGE('',*,*,#7502,.F.);
#7581 = ORIENTED_EDGE('',*,*,#7198,.T.);
#7582 = ORIENTED_EDGE('',*,*,#7557,.T.);
#7583 = ORIENTED_EDGE('',*,*,#7584,.F.);
#7584 = EDGE_CURVE('',#7503,#7558,#7585,.T.);
#7585 = LINE('',#7586,#7587);
#7586 = CARTESIAN_POINT('',(-0.16,-2.86,-3.));
#7587 = VECTOR('',#7588,1.);
#7588 = DIRECTION('',(0.,1.,0.));
#7589 = PLANE('',#7590);
#7590 = AXIS2_PLACEMENT_3D('',#7591,#7592,#7593);
#7591 = CARTESIAN_POINT('',(-0.24,-2.86,-2.92));
#7592 = DIRECTION('',(-0.707106781187,-1.735167508357E-18,
    -0.707106781187));
#7593 = DIRECTION('',(-1.226948711654E-18,1.,-1.226948711654E-18));
#7594 = ADVANCED_FACE('',(#7595),#7620,.F.);
#7595 = FACE_BOUND('',#7596,.T.);
#7596 = EDGE_LOOP('',(#7597,#7605,#7606,#7614));
#7597 = ORIENTED_EDGE('',*,*,#7598,.F.);
#7598 = EDGE_CURVE('',#7224,#7599,#7601,.T.);
#7599 = VERTEX_POINT('',#7600);
#7600 = CARTESIAN_POINT('',(-0.16,-0.16,8.54));
#7601 = LINE('',#7602,#7603);
#7602 = CARTESIAN_POINT('',(-0.266666666667,-0.266666666667,
    8.433333333333));
#7603 = VECTOR('',#7604,1.);
#7604 = DIRECTION('',(0.57735026919,0.57735026919,0.57735026919));
#7605 = ORIENTED_EDGE('',*,*,#7231,.T.);
#7606 = ORIENTED_EDGE('',*,*,#7607,.T.);
#7607 = EDGE_CURVE('',#7215,#7608,#7610,.T.);
#7608 = VERTEX_POINT('',#7609);
#7609 = CARTESIAN_POINT('',(0.16,-0.16,8.54));
#7610 = LINE('',#7611,#7612);
#7611 = CARTESIAN_POINT('',(0.16,-0.16,8.54));
#7612 = VECTOR('',#7613,1.);
#7613 = DIRECTION('',(-0.57735026919,0.57735026919,0.57735026919));
#7614 = ORIENTED_EDGE('',*,*,#7615,.F.);
#7615 = EDGE_CURVE('',#7599,#7608,#7616,.T.);
#7616 = LINE('',#7617,#7618);
#7617 = CARTESIAN_POINT('',(-0.32,-0.16,8.54));
#7618 = VECTOR('',#7619,1.);
#7619 = DIRECTION('',(1.,0.,0.));
#7620 = PLANE('',#7621);
#7621 = AXIS2_PLACEMENT_3D('',#7622,#7623,#7624);
#7622 = CARTESIAN_POINT('',(-0.32,-0.24,8.46));
#7623 = DIRECTION('',(-1.735167508357E-18,0.707106781187,-0.707106781187
    ));
#7624 = DIRECTION('',(-1.,-1.226948711654E-18,1.226948711654E-18));
#7625 = ADVANCED_FACE('',(#7626),#7644,.T.);
#7626 = FACE_BOUND('',#7627,.T.);
#7627 = EDGE_LOOP('',(#7628,#7629,#7630,#7638));
#7628 = ORIENTED_EDGE('',*,*,#7607,.F.);
#7629 = ORIENTED_EDGE('',*,*,#7255,.T.);
#7630 = ORIENTED_EDGE('',*,*,#7631,.T.);
#7631 = EDGE_CURVE('',#7248,#7632,#7634,.T.);
#7632 = VERTEX_POINT('',#7633);
#7633 = CARTESIAN_POINT('',(0.16,0.16,8.54));
#7634 = LINE('',#7635,#7636);
#7635 = CARTESIAN_POINT('',(5.333333333333E-02,5.333333333333E-02,
    8.646666666667));
#7636 = VECTOR('',#7637,1.);
#7637 = DIRECTION('',(-0.57735026919,-0.57735026919,0.57735026919));
#7638 = ORIENTED_EDGE('',*,*,#7639,.F.);
#7639 = EDGE_CURVE('',#7608,#7632,#7640,.T.);
#7640 = LINE('',#7641,#7642);
#7641 = CARTESIAN_POINT('',(0.16,-0.32,8.54));
#7642 = VECTOR('',#7643,1.);
#7643 = DIRECTION('',(0.,1.,0.));
#7644 = PLANE('',#7645);
#7645 = AXIS2_PLACEMENT_3D('',#7646,#7647,#7648);
#7646 = CARTESIAN_POINT('',(0.24,-0.32,8.46));
#7647 = DIRECTION('',(0.707106781187,-1.735167508357E-18,0.707106781187)
  );
#7648 = DIRECTION('',(1.226948711654E-18,1.,1.226948711654E-18));
#7649 = ADVANCED_FACE('',(#7650),#7668,.T.);
#7650 = FACE_BOUND('',#7651,.F.);
#7651 = EDGE_LOOP('',(#7652,#7660,#7661,#7662));
#7652 = ORIENTED_EDGE('',*,*,#7653,.F.);
#7653 = EDGE_CURVE('',#7272,#7654,#7656,.T.);
#7654 = VERTEX_POINT('',#7655);
#7655 = CARTESIAN_POINT('',(-0.16,0.16,8.54));
#7656 = LINE('',#7657,#7658);
#7657 = CARTESIAN_POINT('',(-0.16,0.16,8.54));
#7658 = VECTOR('',#7659,1.);
#7659 = DIRECTION('',(0.57735026919,-0.57735026919,0.57735026919));
#7660 = ORIENTED_EDGE('',*,*,#7279,.T.);
#7661 = ORIENTED_EDGE('',*,*,#7631,.T.);
#7662 = ORIENTED_EDGE('',*,*,#7663,.F.);
#7663 = EDGE_CURVE('',#7654,#7632,#7664,.T.);
#7664 = LINE('',#7665,#7666);
#7665 = CARTESIAN_POINT('',(-0.32,0.16,8.54));
#7666 = VECTOR('',#7667,1.);
#7667 = DIRECTION('',(1.,0.,0.));
#7668 = PLANE('',#7669);
#7669 = AXIS2_PLACEMENT_3D('',#7670,#7671,#7672);
#7670 = CARTESIAN_POINT('',(-0.32,0.24,8.46));
#7671 = DIRECTION('',(1.735167508357E-18,0.707106781187,0.707106781187)
  );
#7672 = DIRECTION('',(-1.,1.226948711654E-18,1.226948711654E-18));
#7673 = ADVANCED_FACE('',(#7674),#7685,.F.);
#7674 = FACE_BOUND('',#7675,.F.);
#7675 = EDGE_LOOP('',(#7676,#7677,#7678,#7679));
#7676 = ORIENTED_EDGE('',*,*,#7598,.F.);
#7677 = ORIENTED_EDGE('',*,*,#7296,.T.);
#7678 = ORIENTED_EDGE('',*,*,#7653,.T.);
#7679 = ORIENTED_EDGE('',*,*,#7680,.F.);
#7680 = EDGE_CURVE('',#7599,#7654,#7681,.T.);
#7681 = LINE('',#7682,#7683);
#7682 = CARTESIAN_POINT('',(-0.16,-0.32,8.54));
#7683 = VECTOR('',#7684,1.);
#7684 = DIRECTION('',(0.,1.,0.));
#7685 = PLANE('',#7686);
#7686 = AXIS2_PLACEMENT_3D('',#7687,#7688,#7689);
#7687 = CARTESIAN_POINT('',(-0.24,-0.32,8.46));
#7688 = DIRECTION('',(0.707106781187,1.735167508357E-18,-0.707106781187)
  );
#7689 = DIRECTION('',(-1.226948711654E-18,1.,1.226948711654E-18));
#7690 = ADVANCED_FACE('',(#7691),#7716,.F.);
#7691 = FACE_BOUND('',#7692,.T.);
#7692 = EDGE_LOOP('',(#7693,#7701,#7702,#7710));
#7693 = ORIENTED_EDGE('',*,*,#7694,.F.);
#7694 = EDGE_CURVE('',#7320,#7695,#7697,.T.);
#7695 = VERTEX_POINT('',#7696);
#7696 = CARTESIAN_POINT('',(-0.16,-2.7,8.54));
#7697 = LINE('',#7698,#7699);
#7698 = CARTESIAN_POINT('',(-0.266666666667,-2.806666666667,
    8.433333333333));
#7699 = VECTOR('',#7700,1.);
#7700 = DIRECTION('',(0.57735026919,0.57735026919,0.57735026919));
#7701 = ORIENTED_EDGE('',*,*,#7327,.T.);
#7702 = ORIENTED_EDGE('',*,*,#7703,.T.);
#7703 = EDGE_CURVE('',#7311,#7704,#7706,.T.);
#7704 = VERTEX_POINT('',#7705);
#7705 = CARTESIAN_POINT('',(0.16,-2.7,8.54));
#7706 = LINE('',#7707,#7708);
#7707 = CARTESIAN_POINT('',(0.16,-2.7,8.54));
#7708 = VECTOR('',#7709,1.);
#7709 = DIRECTION('',(-0.57735026919,0.57735026919,0.57735026919));
#7710 = ORIENTED_EDGE('',*,*,#7711,.F.);
#7711 = EDGE_CURVE('',#7695,#7704,#7712,.T.);
#7712 = LINE('',#7713,#7714);
#7713 = CARTESIAN_POINT('',(-0.32,-2.7,8.54));
#7714 = VECTOR('',#7715,1.);
#7715 = DIRECTION('',(1.,0.,0.));
#7716 = PLANE('',#7717);
#7717 = AXIS2_PLACEMENT_3D('',#7718,#7719,#7720);
#7718 = CARTESIAN_POINT('',(-0.32,-2.78,8.46));
#7719 = DIRECTION('',(-1.735167508357E-18,0.707106781187,-0.707106781187
    ));
#7720 = DIRECTION('',(-1.,-1.226948711654E-18,1.226948711654E-18));
#7721 = ADVANCED_FACE('',(#7722),#7740,.T.);
#7722 = FACE_BOUND('',#7723,.T.);
#7723 = EDGE_LOOP('',(#7724,#7725,#7726,#7734));
#7724 = ORIENTED_EDGE('',*,*,#7703,.F.);
#7725 = ORIENTED_EDGE('',*,*,#7351,.T.);
#7726 = ORIENTED_EDGE('',*,*,#7727,.T.);
#7727 = EDGE_CURVE('',#7344,#7728,#7730,.T.);
#7728 = VERTEX_POINT('',#7729);
#7729 = CARTESIAN_POINT('',(0.16,-2.38,8.54));
#7730 = LINE('',#7731,#7732);
#7731 = CARTESIAN_POINT('',(5.333333333333E-02,-2.486666666667,
    8.646666666667));
#7732 = VECTOR('',#7733,1.);
#7733 = DIRECTION('',(-0.57735026919,-0.57735026919,0.57735026919));
#7734 = ORIENTED_EDGE('',*,*,#7735,.F.);
#7735 = EDGE_CURVE('',#7704,#7728,#7736,.T.);
#7736 = LINE('',#7737,#7738);
#7737 = CARTESIAN_POINT('',(0.16,-2.86,8.54));
#7738 = VECTOR('',#7739,1.);
#7739 = DIRECTION('',(0.,1.,0.));
#7740 = PLANE('',#7741);
#7741 = AXIS2_PLACEMENT_3D('',#7742,#7743,#7744);
#7742 = CARTESIAN_POINT('',(0.24,-2.86,8.46));
#7743 = DIRECTION('',(0.707106781187,-1.735167508357E-18,0.707106781187)
  );
#7744 = DIRECTION('',(1.226948711654E-18,1.,1.226948711654E-18));
#7745 = ADVANCED_FACE('',(#7746),#7764,.T.);
#7746 = FACE_BOUND('',#7747,.F.);
#7747 = EDGE_LOOP('',(#7748,#7756,#7757,#7758));
#7748 = ORIENTED_EDGE('',*,*,#7749,.F.);
#7749 = EDGE_CURVE('',#7368,#7750,#7752,.T.);
#7750 = VERTEX_POINT('',#7751);
#7751 = CARTESIAN_POINT('',(-0.16,-2.38,8.54));
#7752 = LINE('',#7753,#7754);
#7753 = CARTESIAN_POINT('',(-0.16,-2.38,8.54));
#7754 = VECTOR('',#7755,1.);
#7755 = DIRECTION('',(0.57735026919,-0.57735026919,0.57735026919));
#7756 = ORIENTED_EDGE('',*,*,#7375,.T.);
#7757 = ORIENTED_EDGE('',*,*,#7727,.T.);
#7758 = ORIENTED_EDGE('',*,*,#7759,.F.);
#7759 = EDGE_CURVE('',#7750,#7728,#7760,.T.);
#7760 = LINE('',#7761,#7762);
#7761 = CARTESIAN_POINT('',(-0.32,-2.38,8.54));
#7762 = VECTOR('',#7763,1.);
#7763 = DIRECTION('',(1.,0.,0.));
#7764 = PLANE('',#7765);
#7765 = AXIS2_PLACEMENT_3D('',#7766,#7767,#7768);
#7766 = CARTESIAN_POINT('',(-0.32,-2.3,8.46));
#7767 = DIRECTION('',(1.735167508357E-18,0.707106781187,0.707106781187)
  );
#7768 = DIRECTION('',(-1.,1.226948711654E-18,1.226948711654E-18));
#7769 = ADVANCED_FACE('',(#7770),#7781,.F.);
#7770 = FACE_BOUND('',#7771,.F.);
#7771 = EDGE_LOOP('',(#7772,#7773,#7774,#7775));
#7772 = ORIENTED_EDGE('',*,*,#7694,.F.);
#7773 = ORIENTED_EDGE('',*,*,#7392,.T.);
#7774 = ORIENTED_EDGE('',*,*,#7749,.T.);
#7775 = ORIENTED_EDGE('',*,*,#7776,.F.);
#7776 = EDGE_CURVE('',#7695,#7750,#7777,.T.);
#7777 = LINE('',#7778,#7779);
#7778 = CARTESIAN_POINT('',(-0.16,-2.86,8.54));
#7779 = VECTOR('',#7780,1.);
#7780 = DIRECTION('',(0.,1.,0.));
#7781 = PLANE('',#7782);
#7782 = AXIS2_PLACEMENT_3D('',#7783,#7784,#7785);
#7783 = CARTESIAN_POINT('',(-0.24,-2.86,8.46));
#7784 = DIRECTION('',(0.707106781187,1.735167508357E-18,-0.707106781187)
  );
#7785 = DIRECTION('',(-1.226948711654E-18,1.,1.226948711654E-18));
#7786 = ADVANCED_FACE('',(#7787),#7793,.F.);
#7787 = FACE_BOUND('',#7788,.F.);
#7788 = EDGE_LOOP('',(#7789,#7790,#7791,#7792));
#7789 = ORIENTED_EDGE('',*,*,#7488,.F.);
#7790 = ORIENTED_EDGE('',*,*,#7423,.T.);
#7791 = ORIENTED_EDGE('',*,*,#7447,.T.);
#7792 = ORIENTED_EDGE('',*,*,#7471,.F.);
#7793 = PLANE('',#7794);
#7794 = AXIS2_PLACEMENT_3D('',#7795,#7796,#7797);
#7795 = CARTESIAN_POINT('',(-0.32,-0.32,-3.));
#7796 = DIRECTION('',(0.,0.,1.));
#7797 = DIRECTION('',(1.,0.,-0.));
#7798 = ADVANCED_FACE('',(#7799),#7805,.F.);
#7799 = FACE_BOUND('',#7800,.F.);
#7800 = EDGE_LOOP('',(#7801,#7802,#7803,#7804));
#7801 = ORIENTED_EDGE('',*,*,#7584,.F.);
#7802 = ORIENTED_EDGE('',*,*,#7519,.T.);
#7803 = ORIENTED_EDGE('',*,*,#7543,.T.);
#7804 = ORIENTED_EDGE('',*,*,#7567,.F.);
#7805 = PLANE('',#7806);
#7806 = AXIS2_PLACEMENT_3D('',#7807,#7808,#7809);
#7807 = CARTESIAN_POINT('',(-0.32,-2.86,-3.));
#7808 = DIRECTION('',(0.,0.,1.));
#7809 = DIRECTION('',(1.,0.,-0.));
#7810 = ADVANCED_FACE('',(#7811),#7817,.T.);
#7811 = FACE_BOUND('',#7812,.T.);
#7812 = EDGE_LOOP('',(#7813,#7814,#7815,#7816));
#7813 = ORIENTED_EDGE('',*,*,#7663,.F.);
#7814 = ORIENTED_EDGE('',*,*,#7680,.F.);
#7815 = ORIENTED_EDGE('',*,*,#7615,.T.);
#7816 = ORIENTED_EDGE('',*,*,#7639,.T.);
#7817 = PLANE('',#7818);
#7818 = AXIS2_PLACEMENT_3D('',#7819,#7820,#7821);
#7819 = CARTESIAN_POINT('',(-0.32,-0.32,8.54));
#7820 = DIRECTION('',(0.,0.,1.));
#7821 = DIRECTION('',(1.,0.,-0.));
#7822 = ADVANCED_FACE('',(#7823),#7829,.T.);
#7823 = FACE_BOUND('',#7824,.T.);
#7824 = EDGE_LOOP('',(#7825,#7826,#7827,#7828));
#7825 = ORIENTED_EDGE('',*,*,#7759,.F.);
#7826 = ORIENTED_EDGE('',*,*,#7776,.F.);
#7827 = ORIENTED_EDGE('',*,*,#7711,.T.);
#7828 = ORIENTED_EDGE('',*,*,#7735,.T.);
#7829 = PLANE('',#7830);
#7830 = AXIS2_PLACEMENT_3D('',#7831,#7832,#7833);
#7831 = CARTESIAN_POINT('',(-0.32,-2.86,8.54));
#7832 = DIRECTION('',(0.,0.,1.));
#7833 = DIRECTION('',(1.,0.,-0.));
#7834 = ( GEOMETRIC_REPRESENTATION_CONTEXT(3) 
GLOBAL_UNCERTAINTY_ASSIGNED_CONTEXT((#7838)) 
GLOBAL_UNIT_ASSIGNED_CONTEXT((#7835,#7836,#7837)) REPRESENTATION_CONTEXT
('Context #1','3D Context with UNIT and UNCERTAINTY') );
#7835 = ( LENGTH_UNIT() NAMED_UNIT(*) SI_UNIT(.MILLI.,.METRE.) );
#7836 = ( NAMED_UNIT(*) PLANE_ANGLE_UNIT() SI_UNIT($,.RADIAN.) );
#7837 = ( NAMED_UNIT(*) SI_UNIT($,.STERADIAN.) SOLID_ANGLE_UNIT() );
#7838 = UNCERTAINTY_MEASURE_WITH_UNIT(LENGTH_MEASURE(1.E-07),#7835,
  'distance_accuracy_value','confusion accuracy');
#7839 = CONTEXT_DEPENDENT_SHAPE_REPRESENTATION(#7840,#7842);
#7840 = ( REPRESENTATION_RELATIONSHIP('','',#6401,#6378) 
REPRESENTATION_RELATIONSHIP_WITH_TRANSFORMATION(#7841) 
SHAPE_REPRESENTATION_RELATIONSHIP() );
#7841 = ITEM_DEFINED_TRANSFORMATION('','',#11,#6379);
#7842 = PRODUCT_DEFINITION_SHAPE('Placement','Placement of an item',
  #7843);
#7843 = NEXT_ASSEMBLY_USAGE_OCCURRENCE('32','=>[0:1:1:13]','',#6373,
  #6396,$);
#7844 = PRODUCT_RELATED_PRODUCT_CATEGORY('part',$,(#6398));
#7845 = CONTEXT_DEPENDENT_SHAPE_REPRESENTATION(#7846,#7848);
#7846 = ( REPRESENTATION_RELATIONSHIP('','',#1772,#10) 
REPRESENTATION_RELATIONSHIP_WITH_TRANSFORMATION(#7847) 
SHAPE_REPRESENTATION_RELATIONSHIP() );
#7847 = ITEM_DEFINED_TRANSFORMATION('','',#11,#123);
#7848 = PRODUCT_DEFINITION_SHAPE('Placement','Placement of an item',
  #7849);
#7849 = NEXT_ASSEMBLY_USAGE_OCCURRENCE('34','R70','',#5,#1767,$);
#7850 = CONTEXT_DEPENDENT_SHAPE_REPRESENTATION(#7851,#7853);
#7851 = ( REPRESENTATION_RELATIONSHIP('','',#4946,#10) 
REPRESENTATION_RELATIONSHIP_WITH_TRANSFORMATION(#7852) 
SHAPE_REPRESENTATION_RELATIONSHIP() );
#7852 = ITEM_DEFINED_TRANSFORMATION('','',#11,#127);
#7853 = PRODUCT_DEFINITION_SHAPE('Placement','Placement of an item',
  #7854);
#7854 = NEXT_ASSEMBLY_USAGE_OCCURRENCE('35','C20','',#5,#4941,$);
#7855 = CONTEXT_DEPENDENT_SHAPE_REPRESENTATION(#7856,#7858);
#7856 = ( REPRESENTATION_RELATIONSHIP('','',#6378,#10) 
REPRESENTATION_RELATIONSHIP_WITH_TRANSFORMATION(#7857) 
SHAPE_REPRESENTATION_RELATIONSHIP() );
#7857 = ITEM_DEFINED_TRANSFORMATION('','',#11,#131);
#7858 = PRODUCT_DEFINITION_SHAPE('Placement','Placement of an item',
  #7859);
#7859 = NEXT_ASSEMBLY_USAGE_OCCURRENCE('36','J26','',#5,#6373,$);
#7860 = CONTEXT_DEPENDENT_SHAPE_REPRESENTATION(#7861,#7863);
#7861 = ( REPRESENTATION_RELATIONSHIP('','',#876,#10) 
REPRESENTATION_RELATIONSHIP_WITH_TRANSFORMATION(#7862) 
SHAPE_REPRESENTATION_RELATIONSHIP() );
#7862 = ITEM_DEFINED_TRANSFORMATION('','',#11,#135);
#7863 = PRODUCT_DEFINITION_SHAPE('Placement','Placement of an item',
  #7864);
#7864 = NEXT_ASSEMBLY_USAGE_OCCURRENCE('37','C25','',#5,#871,$);
#7865 = CONTEXT_DEPENDENT_SHAPE_REPRESENTATION(#7866,#7868);
#7866 = ( REPRESENTATION_RELATIONSHIP('','',#2629,#10) 
REPRESENTATION_RELATIONSHIP_WITH_TRANSFORMATION(#7867) 
SHAPE_REPRESENTATION_RELATIONSHIP() );
#7867 = ITEM_DEFINED_TRANSFORMATION('','',#11,#139);
#7868 = PRODUCT_DEFINITION_SHAPE('Placement','Placement of an item',
  #7869);
#7869 = NEXT_ASSEMBLY_USAGE_OCCURRENCE('38','C58','',#5,#2624,$);
#7870 = CONTEXT_DEPENDENT_SHAPE_REPRESENTATION(#7871,#7873);
#7871 = ( REPRESENTATION_RELATIONSHIP('','',#1772,#10) 
REPRESENTATION_RELATIONSHIP_WITH_TRANSFORMATION(#7872) 
SHAPE_REPRESENTATION_RELATIONSHIP() );
#7872 = ITEM_DEFINED_TRANSFORMATION('','',#11,#143);
#7873 = PRODUCT_DEFINITION_SHAPE('Placement','Placement of an item',
  #7874);
#7874 = NEXT_ASSEMBLY_USAGE_OCCURRENCE('39','R53','',#5,#1767,$);
#7875 = CONTEXT_DEPENDENT_SHAPE_REPRESENTATION(#7876,#7878);
#7876 = ( REPRESENTATION_RELATIONSHIP('','',#1772,#10) 
REPRESENTATION_RELATIONSHIP_WITH_TRANSFORMATION(#7877) 
SHAPE_REPRESENTATION_RELATIONSHIP() );
#7877 = ITEM_DEFINED_TRANSFORMATION('','',#11,#147);
#7878 = PRODUCT_DEFINITION_SHAPE('Placement','Placement of an item',
  #7879);
#7879 = NEXT_ASSEMBLY_USAGE_OCCURRENCE('40','R6','',#5,#1767,$);
#7880 = CONTEXT_DEPENDENT_SHAPE_REPRESENTATION(#7881,#7883);
#7881 = ( REPRESENTATION_RELATIONSHIP('','',#2629,#10) 
REPRESENTATION_RELATIONSHIP_WITH_TRANSFORMATION(#7882) 
SHAPE_REPRESENTATION_RELATIONSHIP() );
#7882 = ITEM_DEFINED_TRANSFORMATION('','',#11,#151);
#7883 = PRODUCT_DEFINITION_SHAPE('Placement','Placement of an item',
  #7884);
#7884 = NEXT_ASSEMBLY_USAGE_OCCURRENCE('41','C101','',#5,#2624,$);
#7885 = CONTEXT_DEPENDENT_SHAPE_REPRESENTATION(#7886,#7888);
#7886 = ( REPRESENTATION_RELATIONSHIP('','',#1772,#10) 
REPRESENTATION_RELATIONSHIP_WITH_TRANSFORMATION(#7887) 
SHAPE_REPRESENTATION_RELATIONSHIP() );
#7887 = ITEM_DEFINED_TRANSFORMATION('','',#11,#155);
#7888 = PRODUCT_DEFINITION_SHAPE('Placement','Placement of an item',
  #7889);
#7889 = NEXT_ASSEMBLY_USAGE_OCCURRENCE('42','R61','',#5,#1767,$);
#7890 = CONTEXT_DEPENDENT_SHAPE_REPRESENTATION(#7891,#7893);
#7891 = ( REPRESENTATION_RELATIONSHIP('','',#876,#10) 
REPRESENTATION_RELATIONSHIP_WITH_TRANSFORMATION(#7892) 
SHAPE_REPRESENTATION_RELATIONSHIP() );
#7892 = ITEM_DEFINED_TRANSFORMATION('','',#11,#159);
#7893 = PRODUCT_DEFINITION_SHAPE('Placement','Placement of an item',
  #7894);
#7894 = NEXT_ASSEMBLY_USAGE_OCCURRENCE('43','C117','',#5,#871,$);
#7895 = CONTEXT_DEPENDENT_SHAPE_REPRESENTATION(#7896,#7898);
#7896 = ( REPRESENTATION_RELATIONSHIP('','',#6378,#10) 
REPRESENTATION_RELATIONSHIP_WITH_TRANSFORMATION(#7897) 
SHAPE_REPRESENTATION_RELATIONSHIP() );
#7897 = ITEM_DEFINED_TRANSFORMATION('','',#11,#163);
#7898 = PRODUCT_DEFINITION_SHAPE('Placement','Placement of an item',
  #7899);
#7899 = NEXT_ASSEMBLY_USAGE_OCCURRENCE('44','J24','',#5,#6373,$);
#7900 = CONTEXT_DEPENDENT_SHAPE_REPRESENTATION(#7901,#7903);
#7901 = ( REPRESENTATION_RELATIONSHIP('','',#876,#10) 
REPRESENTATION_RELATIONSHIP_WITH_TRANSFORMATION(#7902) 
SHAPE_REPRESENTATION_RELATIONSHIP() );
#7902 = ITEM_DEFINED_TRANSFORMATION('','',#11,#167);
#7903 = PRODUCT_DEFINITION_SHAPE('Placement','Placement of an item',
  #7904);
#7904 = NEXT_ASSEMBLY_USAGE_OCCURRENCE('45','C24','',#5,#871,$);
#7905 = CONTEXT_DEPENDENT_SHAPE_REPRESENTATION(#7906,#7908);
#7906 = ( REPRESENTATION_RELATIONSHIP('','',#876,#10) 
REPRESENTATION_RELATIONSHIP_WITH_TRANSFORMATION(#7907) 
SHAPE_REPRESENTATION_RELATIONSHIP() );
#7907 = ITEM_DEFINED_TRANSFORMATION('','',#11,#171);
#7908 = PRODUCT_DEFINITION_SHAPE('Placement','Placement of an item',
  #7909);
#7909 = NEXT_ASSEMBLY_USAGE_OCCURRENCE('46','C107','',#5,#871,$);
#7910 = SHAPE_DEFINITION_REPRESENTATION(#7911,#7917);
#7911 = PRODUCT_DEFINITION_SHAPE('','',#7912);
#7912 = PRODUCT_DEFINITION('design','',#7913,#7916);
#7913 = PRODUCT_DEFINITION_FORMATION('','',#7914);
#7914 = PRODUCT('SOT-23','SOT-23','',(#7915));
#7915 = PRODUCT_CONTEXT('',#2,'mechanical');
#7916 = PRODUCT_DEFINITION_CONTEXT('part definition',#2,'design');
#7917 = SHAPE_REPRESENTATION('',(#11,#7918),#7922);
#7918 = AXIS2_PLACEMENT_3D('',#7919,#7920,#7921);
#7919 = CARTESIAN_POINT('',(0.,0.,0.));
#7920 = DIRECTION('',(0.,0.,1.));
#7921 = DIRECTION('',(1.,0.,-0.));
#7922 = ( GEOMETRIC_REPRESENTATION_CONTEXT(3) 
GLOBAL_UNCERTAINTY_ASSIGNED_CONTEXT((#7926)) 
GLOBAL_UNIT_ASSIGNED_CONTEXT((#7923,#7924,#7925)) REPRESENTATION_CONTEXT
('Context #1','3D Context with UNIT and UNCERTAINTY') );
#7923 = ( LENGTH_UNIT() NAMED_UNIT(*) SI_UNIT(.MILLI.,.METRE.) );
#7924 = ( NAMED_UNIT(*) PLANE_ANGLE_UNIT() SI_UNIT($,.RADIAN.) );
#7925 = ( NAMED_UNIT(*) SI_UNIT($,.STERADIAN.) SOLID_ANGLE_UNIT() );
#7926 = UNCERTAINTY_MEASURE_WITH_UNIT(LENGTH_MEASURE(2.E-06),#7923,
  'distance_accuracy_value','confusion accuracy');
#7927 = CONTEXT_DEPENDENT_SHAPE_REPRESENTATION(#7928,#7930);
#7928 = ( REPRESENTATION_RELATIONSHIP('','',#7917,#10) 
REPRESENTATION_RELATIONSHIP_WITH_TRANSFORMATION(#7929) 
SHAPE_REPRESENTATION_RELATIONSHIP() );
#7929 = ITEM_DEFINED_TRANSFORMATION('','',#11,#175);
#7930 = PRODUCT_DEFINITION_SHAPE('Placement','Placement of an item',
  #7931);
#7931 = NEXT_ASSEMBLY_USAGE_OCCURRENCE('48','Q8','',#5,#7912,$);
#7932 = PRODUCT_RELATED_PRODUCT_CATEGORY('part',$,(#7914));
#7933 = SHAPE_DEFINITION_REPRESENTATION(#7934,#7940);
#7934 = PRODUCT_DEFINITION_SHAPE('','',#7935);
#7935 = PRODUCT_DEFINITION('design','',#7936,#7939);
#7936 = PRODUCT_DEFINITION_FORMATION('','',#7937);
#7937 = PRODUCT('SOT_23','SOT_23','',(#7938));
#7938 = PRODUCT_CONTEXT('',#2,'mechanical');
#7939 = PRODUCT_DEFINITION_CONTEXT('part definition',#2,'design');
#7940 = ADVANCED_BREP_SHAPE_REPRESENTATION('',(#11,#7941),#10015);
#7941 = MANIFOLD_SOLID_BREP('',#7942);
#7942 = CLOSED_SHELL('',(#7943,#7981,#8044,#8067,#8096,#8119,#8158,#8181
    ,#8204,#8227,#8276,#8299,#8328,#8351,#8375,#8405,#8438,#8461,#8484,
    #8507,#8531,#8555,#8588,#8621,#8652,#8675,#8704,#8727,#8751,#8826,
    #8901,#8931,#8948,#8971,#8994,#9017,#9041,#9116,#9191,#9215,#9290,
    #9307,#9382,#9399,#9430,#9453,#9509,#9525,#9548,#9565,#9582,#9599,
    #9616,#9633,#9650,#9667,#9679,#9695,#9711,#9727,#9753,#9770,#9787,
    #9804,#9821,#9838,#9855,#9872,#9884,#9906,#9923,#9940,#9957,#9974,
    #9991,#10003));
#7943 = ADVANCED_FACE('',(#7944),#7976,.F.);
#7944 = FACE_BOUND('',#7945,.F.);
#7945 = EDGE_LOOP('',(#7946,#7956,#7963,#7971));
#7946 = ORIENTED_EDGE('',*,*,#7947,.T.);
#7947 = EDGE_CURVE('',#7948,#7950,#7952,.T.);
#7948 = VERTEX_POINT('',#7949);
#7949 = CARTESIAN_POINT('',(-0.571621551758,1.433243103516,0.1));
#7950 = VERTEX_POINT('',#7951);
#7951 = CARTESIAN_POINT('',(0.571621551758,1.433243103516,0.1));
#7952 = LINE('',#7953,#7954);
#7953 = CARTESIAN_POINT('',(-0.571621551758,1.433243103516,0.1));
#7954 = VECTOR('',#7955,1.);
#7955 = DIRECTION('',(1.,2.22044604925E-16,0.));
#7956 = ORIENTED_EDGE('',*,*,#7957,.T.);
#7957 = EDGE_CURVE('',#7950,#7958,#7960,.T.);
#7958 = VERTEX_POINT('',#7959);
#7959 = CARTESIAN_POINT('',(0.605,1.5,0.575));
#7960 = B_SPLINE_CURVE_WITH_KNOTS('',1,(#7961,#7962),.UNSPECIFIED.,.F.,
  .F.,(2,2),(0.,1.),.PIECEWISE_BEZIER_KNOTS.);
#7961 = CARTESIAN_POINT('',(0.571621551758,1.433243103516,0.1));
#7962 = CARTESIAN_POINT('',(0.605,1.5,0.575));
#7963 = ORIENTED_EDGE('',*,*,#7964,.F.);
#7964 = EDGE_CURVE('',#7965,#7958,#7967,.T.);
#7965 = VERTEX_POINT('',#7966);
#7966 = CARTESIAN_POINT('',(-0.605,1.5,0.575));
#7967 = LINE('',#7968,#7969);
#7968 = CARTESIAN_POINT('',(-0.605,1.5,0.575));
#7969 = VECTOR('',#7970,1.);
#7970 = DIRECTION('',(1.,2.22044604925E-16,0.));
#7971 = ORIENTED_EDGE('',*,*,#7972,.F.);
#7972 = EDGE_CURVE('',#7948,#7965,#7973,.T.);
#7973 = B_SPLINE_CURVE_WITH_KNOTS('',1,(#7974,#7975),.UNSPECIFIED.,.F.,
  .F.,(2,2),(0.,1.),.PIECEWISE_BEZIER_KNOTS.);
#7974 = CARTESIAN_POINT('',(-0.571621551758,1.433243103516,0.1));
#7975 = CARTESIAN_POINT('',(-0.605,1.5,0.575));
#7976 = B_SPLINE_SURFACE_WITH_KNOTS('',1,1,(
    (#7977,#7978)
    ,(#7979,#7980
    )),.UNSPECIFIED.,.F.,.F.,.F.,(2,2),(2,2),(0.,1.21),(0.,1.),
  .PIECEWISE_BEZIER_KNOTS.);
#7977 = CARTESIAN_POINT('',(-0.571621551758,1.433243103516,0.1));
#7978 = CARTESIAN_POINT('',(-0.605,1.5,0.575));
#7979 = CARTESIAN_POINT('',(0.571621551758,1.433243103516,0.1));
#7980 = CARTESIAN_POINT('',(0.605,1.5,0.575));
#7981 = ADVANCED_FACE('',(#7982),#8039,.T.);
#7982 = FACE_BOUND('',#7983,.T.);
#7983 = EDGE_LOOP('',(#7984,#7985,#7993,#8001,#8009,#8017,#8025,#8033));
#7984 = ORIENTED_EDGE('',*,*,#7947,.T.);
#7985 = ORIENTED_EDGE('',*,*,#7986,.T.);
#7986 = EDGE_CURVE('',#7950,#7987,#7989,.T.);
#7987 = VERTEX_POINT('',#7988);
#7988 = CARTESIAN_POINT('',(0.633243103516,1.371621551758,0.1));
#7989 = LINE('',#7990,#7991);
#7990 = CARTESIAN_POINT('',(0.571621551758,1.433243103516,0.1));
#7991 = VECTOR('',#7992,1.);
#7992 = DIRECTION('',(0.707106781187,-0.707106781187,0.));
#7993 = ORIENTED_EDGE('',*,*,#7994,.T.);
#7994 = EDGE_CURVE('',#7987,#7995,#7997,.T.);
#7995 = VERTEX_POINT('',#7996);
#7996 = CARTESIAN_POINT('',(0.633243103516,-1.371621551758,0.1));
#7997 = LINE('',#7998,#7999);
#7998 = CARTESIAN_POINT('',(0.633243103516,1.371621551758,0.1));
#7999 = VECTOR('',#8000,1.);
#8000 = DIRECTION('',(2.22044604925E-16,-1.,0.));
#8001 = ORIENTED_EDGE('',*,*,#8002,.T.);
#8002 = EDGE_CURVE('',#7995,#8003,#8005,.T.);
#8003 = VERTEX_POINT('',#8004);
#8004 = CARTESIAN_POINT('',(0.571621551758,-1.433243103516,0.1));
#8005 = LINE('',#8006,#8007);
#8006 = CARTESIAN_POINT('',(0.633243103516,-1.371621551758,0.1));
#8007 = VECTOR('',#8008,1.);
#8008 = DIRECTION('',(-0.707106781187,-0.707106781187,0.));
#8009 = ORIENTED_EDGE('',*,*,#8010,.T.);
#8010 = EDGE_CURVE('',#8003,#8011,#8013,.T.);
#8011 = VERTEX_POINT('',#8012);
#8012 = CARTESIAN_POINT('',(-0.571621551758,-1.433243103516,0.1));
#8013 = LINE('',#8014,#8015);
#8014 = CARTESIAN_POINT('',(0.571621551758,-1.433243103516,0.1));
#8015 = VECTOR('',#8016,1.);
#8016 = DIRECTION('',(-1.,-2.22044604925E-16,0.));
#8017 = ORIENTED_EDGE('',*,*,#8018,.T.);
#8018 = EDGE_CURVE('',#8011,#8019,#8021,.T.);
#8019 = VERTEX_POINT('',#8020);
#8020 = CARTESIAN_POINT('',(-0.633243103516,-1.371621551758,0.1));
#8021 = LINE('',#8022,#8023);
#8022 = CARTESIAN_POINT('',(-0.571621551758,-1.433243103516,0.1));
#8023 = VECTOR('',#8024,1.);
#8024 = DIRECTION('',(-0.707106781187,0.707106781187,0.));
#8025 = ORIENTED_EDGE('',*,*,#8026,.T.);
#8026 = EDGE_CURVE('',#8019,#8027,#8029,.T.);
#8027 = VERTEX_POINT('',#8028);
#8028 = CARTESIAN_POINT('',(-0.633243103516,1.371621551758,0.1));
#8029 = LINE('',#8030,#8031);
#8030 = CARTESIAN_POINT('',(-0.633243103516,-1.371621551758,0.1));
#8031 = VECTOR('',#8032,1.);
#8032 = DIRECTION('',(-2.22044604925E-16,1.,0.));
#8033 = ORIENTED_EDGE('',*,*,#8034,.T.);
#8034 = EDGE_CURVE('',#8027,#7948,#8035,.T.);
#8035 = LINE('',#8036,#8037);
#8036 = CARTESIAN_POINT('',(-0.633243103516,1.371621551758,0.1));
#8037 = VECTOR('',#8038,1.);
#8038 = DIRECTION('',(0.707106781187,0.707106781187,0.));
#8039 = PLANE('',#8040);
#8040 = AXIS2_PLACEMENT_3D('',#8041,#8042,#8043);
#8041 = CARTESIAN_POINT('',(-0.571621551758,1.433243103516,0.1));
#8042 = DIRECTION('',(0.,0.,-1.));
#8043 = DIRECTION('',(0.370454302632,-0.928850692879,0.));
#8044 = ADVANCED_FACE('',(#8045),#8062,.F.);
#8045 = FACE_BOUND('',#8046,.F.);
#8046 = EDGE_LOOP('',(#8047,#8048,#8055,#8061));
#8047 = ORIENTED_EDGE('',*,*,#7986,.T.);
#8048 = ORIENTED_EDGE('',*,*,#8049,.T.);
#8049 = EDGE_CURVE('',#7987,#8050,#8052,.T.);
#8050 = VERTEX_POINT('',#8051);
#8051 = CARTESIAN_POINT('',(0.7,1.405,0.575));
#8052 = B_SPLINE_CURVE_WITH_KNOTS('',1,(#8053,#8054),.UNSPECIFIED.,.F.,
  .F.,(2,2),(0.,1.),.PIECEWISE_BEZIER_KNOTS.);
#8053 = CARTESIAN_POINT('',(0.633243103516,1.371621551758,0.1));
#8054 = CARTESIAN_POINT('',(0.7,1.405,0.575));
#8055 = ORIENTED_EDGE('',*,*,#8056,.F.);
#8056 = EDGE_CURVE('',#7958,#8050,#8057,.T.);
#8057 = LINE('',#8058,#8059);
#8058 = CARTESIAN_POINT('',(0.605,1.5,0.575));
#8059 = VECTOR('',#8060,1.);
#8060 = DIRECTION('',(0.707106781187,-0.707106781187,0.));
#8061 = ORIENTED_EDGE('',*,*,#7957,.F.);
#8062 = B_SPLINE_SURFACE_WITH_KNOTS('',1,1,(
    (#8063,#8064)
    ,(#8065,#8066
    )),.UNSPECIFIED.,.F.,.F.,.F.,(2,2),(2,2),(0.,0.134350288425),(0.,1.)
  ,.PIECEWISE_BEZIER_KNOTS.);
#8063 = CARTESIAN_POINT('',(0.571621551758,1.433243103516,0.1));
#8064 = CARTESIAN_POINT('',(0.605,1.5,0.575));
#8065 = CARTESIAN_POINT('',(0.633243103516,1.371621551758,0.1));
#8066 = CARTESIAN_POINT('',(0.7,1.405,0.575));
#8067 = ADVANCED_FACE('',(#8068),#8091,.F.);
#8068 = FACE_BOUND('',#8069,.F.);
#8069 = EDGE_LOOP('',(#8070,#8071,#8078,#8086));
#8070 = ORIENTED_EDGE('',*,*,#7964,.T.);
#8071 = ORIENTED_EDGE('',*,*,#8072,.T.);
#8072 = EDGE_CURVE('',#7958,#8073,#8075,.T.);
#8073 = VERTEX_POINT('',#8074);
#8074 = CARTESIAN_POINT('',(0.605,1.5,0.725));
#8075 = B_SPLINE_CURVE_WITH_KNOTS('',1,(#8076,#8077),.UNSPECIFIED.,.F.,
  .F.,(2,2),(0.,1.),.PIECEWISE_BEZIER_KNOTS.);
#8076 = CARTESIAN_POINT('',(0.605,1.5,0.575));
#8077 = CARTESIAN_POINT('',(0.605,1.5,0.725));
#8078 = ORIENTED_EDGE('',*,*,#8079,.F.);
#8079 = EDGE_CURVE('',#8080,#8073,#8082,.T.);
#8080 = VERTEX_POINT('',#8081);
#8081 = CARTESIAN_POINT('',(-0.605,1.5,0.725));
#8082 = LINE('',#8083,#8084);
#8083 = CARTESIAN_POINT('',(-0.605,1.5,0.725));
#8084 = VECTOR('',#8085,1.);
#8085 = DIRECTION('',(1.,2.22044604925E-16,0.));
#8086 = ORIENTED_EDGE('',*,*,#8087,.F.);
#8087 = EDGE_CURVE('',#7965,#8080,#8088,.T.);
#8088 = B_SPLINE_CURVE_WITH_KNOTS('',1,(#8089,#8090),.UNSPECIFIED.,.F.,
  .F.,(2,2),(0.,1.),.PIECEWISE_BEZIER_KNOTS.);
#8089 = CARTESIAN_POINT('',(-0.605,1.5,0.575));
#8090 = CARTESIAN_POINT('',(-0.605,1.5,0.725));
#8091 = PLANE('',#8092);
#8092 = AXIS2_PLACEMENT_3D('',#8093,#8094,#8095);
#8093 = CARTESIAN_POINT('',(-0.605,1.5,0.725));
#8094 = DIRECTION('',(2.22044604925E-16,-1.,0.));
#8095 = DIRECTION('',(1.,2.22044604925E-16,0.));
#8096 = ADVANCED_FACE('',(#8097),#8114,.F.);
#8097 = FACE_BOUND('',#8098,.F.);
#8098 = EDGE_LOOP('',(#8099,#8100,#8101,#8109));
#8099 = ORIENTED_EDGE('',*,*,#8034,.T.);
#8100 = ORIENTED_EDGE('',*,*,#7972,.T.);
#8101 = ORIENTED_EDGE('',*,*,#8102,.F.);
#8102 = EDGE_CURVE('',#8103,#7965,#8105,.T.);
#8103 = VERTEX_POINT('',#8104);
#8104 = CARTESIAN_POINT('',(-0.7,1.405,0.575));
#8105 = LINE('',#8106,#8107);
#8106 = CARTESIAN_POINT('',(-0.7,1.405,0.575));
#8107 = VECTOR('',#8108,1.);
#8108 = DIRECTION('',(0.707106781187,0.707106781187,0.));
#8109 = ORIENTED_EDGE('',*,*,#8110,.F.);
#8110 = EDGE_CURVE('',#8027,#8103,#8111,.T.);
#8111 = B_SPLINE_CURVE_WITH_KNOTS('',1,(#8112,#8113),.UNSPECIFIED.,.F.,
  .F.,(2,2),(0.,1.),.PIECEWISE_BEZIER_KNOTS.);
#8112 = CARTESIAN_POINT('',(-0.633243103516,1.371621551758,0.1));
#8113 = CARTESIAN_POINT('',(-0.7,1.405,0.575));
#8114 = B_SPLINE_SURFACE_WITH_KNOTS('',1,1,(
    (#8115,#8116)
    ,(#8117,#8118
    )),.UNSPECIFIED.,.F.,.F.,.F.,(2,2),(2,2),(0.,0.134350288425),(0.,1.)
  ,.PIECEWISE_BEZIER_KNOTS.);
#8115 = CARTESIAN_POINT('',(-0.633243103516,1.371621551758,0.1));
#8116 = CARTESIAN_POINT('',(-0.7,1.405,0.575));
#8117 = CARTESIAN_POINT('',(-0.571621551758,1.433243103516,0.1));
#8118 = CARTESIAN_POINT('',(-0.605,1.5,0.575));
#8119 = ADVANCED_FACE('',(#8120),#8153,.F.);
#8120 = FACE_BOUND('',#8121,.F.);
#8121 = EDGE_LOOP('',(#8122,#8123,#8130,#8138,#8146,#8152));
#8122 = ORIENTED_EDGE('',*,*,#7994,.T.);
#8123 = ORIENTED_EDGE('',*,*,#8124,.T.);
#8124 = EDGE_CURVE('',#7995,#8125,#8127,.T.);
#8125 = VERTEX_POINT('',#8126);
#8126 = CARTESIAN_POINT('',(0.7,-1.405,0.575));
#8127 = B_SPLINE_CURVE_WITH_KNOTS('',1,(#8128,#8129),.UNSPECIFIED.,.F.,
  .F.,(2,2),(0.,1.),.PIECEWISE_BEZIER_KNOTS.);
#8128 = CARTESIAN_POINT('',(0.633243103516,-1.371621551758,0.1));
#8129 = CARTESIAN_POINT('',(0.7,-1.405,0.575));
#8130 = ORIENTED_EDGE('',*,*,#8131,.F.);
#8131 = EDGE_CURVE('',#8132,#8125,#8134,.T.);
#8132 = VERTEX_POINT('',#8133);
#8133 = CARTESIAN_POINT('',(0.7,-0.2,0.575));
#8134 = LINE('',#8135,#8136);
#8135 = CARTESIAN_POINT('',(0.7,1.405,0.575));
#8136 = VECTOR('',#8137,1.);
#8137 = DIRECTION('',(2.22044604925E-16,-1.,0.));
#8138 = ORIENTED_EDGE('',*,*,#8139,.F.);
#8139 = EDGE_CURVE('',#8140,#8132,#8142,.T.);
#8140 = VERTEX_POINT('',#8141);
#8141 = CARTESIAN_POINT('',(0.7,0.2,0.575));
#8142 = LINE('',#8143,#8144);
#8143 = CARTESIAN_POINT('',(0.7,0.2,0.575));
#8144 = VECTOR('',#8145,1.);
#8145 = DIRECTION('',(2.22044604925E-16,-1.,0.));
#8146 = ORIENTED_EDGE('',*,*,#8147,.F.);
#8147 = EDGE_CURVE('',#8050,#8140,#8148,.T.);
#8148 = LINE('',#8149,#8150);
#8149 = CARTESIAN_POINT('',(0.7,1.405,0.575));
#8150 = VECTOR('',#8151,1.);
#8151 = DIRECTION('',(2.22044604925E-16,-1.,0.));
#8152 = ORIENTED_EDGE('',*,*,#8049,.F.);
#8153 = B_SPLINE_SURFACE_WITH_KNOTS('',1,1,(
    (#8154,#8155)
    ,(#8156,#8157
    )),.UNSPECIFIED.,.F.,.F.,.F.,(2,2),(2,2),(0.,2.81),(0.,1.),
  .PIECEWISE_BEZIER_KNOTS.);
#8154 = CARTESIAN_POINT('',(0.633243103516,1.371621551758,0.1));
#8155 = CARTESIAN_POINT('',(0.7,1.405,0.575));
#8156 = CARTESIAN_POINT('',(0.633243103516,-1.371621551758,0.1));
#8157 = CARTESIAN_POINT('',(0.7,-1.405,0.575));
#8158 = ADVANCED_FACE('',(#8159),#8176,.F.);
#8159 = FACE_BOUND('',#8160,.F.);
#8160 = EDGE_LOOP('',(#8161,#8162,#8169,#8175));
#8161 = ORIENTED_EDGE('',*,*,#8002,.T.);
#8162 = ORIENTED_EDGE('',*,*,#8163,.T.);
#8163 = EDGE_CURVE('',#8003,#8164,#8166,.T.);
#8164 = VERTEX_POINT('',#8165);
#8165 = CARTESIAN_POINT('',(0.605,-1.5,0.575));
#8166 = B_SPLINE_CURVE_WITH_KNOTS('',1,(#8167,#8168),.UNSPECIFIED.,.F.,
  .F.,(2,2),(0.,1.),.PIECEWISE_BEZIER_KNOTS.);
#8167 = CARTESIAN_POINT('',(0.571621551758,-1.433243103516,0.1));
#8168 = CARTESIAN_POINT('',(0.605,-1.5,0.575));
#8169 = ORIENTED_EDGE('',*,*,#8170,.F.);
#8170 = EDGE_CURVE('',#8125,#8164,#8171,.T.);
#8171 = LINE('',#8172,#8173);
#8172 = CARTESIAN_POINT('',(0.7,-1.405,0.575));
#8173 = VECTOR('',#8174,1.);
#8174 = DIRECTION('',(-0.707106781187,-0.707106781187,0.));
#8175 = ORIENTED_EDGE('',*,*,#8124,.F.);
#8176 = B_SPLINE_SURFACE_WITH_KNOTS('',1,1,(
    (#8177,#8178)
    ,(#8179,#8180
    )),.UNSPECIFIED.,.F.,.F.,.F.,(2,2),(2,2),(0.,0.134350288425),(0.,1.)
  ,.PIECEWISE_BEZIER_KNOTS.);
#8177 = CARTESIAN_POINT('',(0.633243103516,-1.371621551758,0.1));
#8178 = CARTESIAN_POINT('',(0.7,-1.405,0.575));
#8179 = CARTESIAN_POINT('',(0.571621551758,-1.433243103516,0.1));
#8180 = CARTESIAN_POINT('',(0.605,-1.5,0.575));
#8181 = ADVANCED_FACE('',(#8182),#8199,.F.);
#8182 = FACE_BOUND('',#8183,.F.);
#8183 = EDGE_LOOP('',(#8184,#8185,#8192,#8198));
#8184 = ORIENTED_EDGE('',*,*,#8010,.T.);
#8185 = ORIENTED_EDGE('',*,*,#8186,.T.);
#8186 = EDGE_CURVE('',#8011,#8187,#8189,.T.);
#8187 = VERTEX_POINT('',#8188);
#8188 = CARTESIAN_POINT('',(-0.605,-1.5,0.575));
#8189 = B_SPLINE_CURVE_WITH_KNOTS('',1,(#8190,#8191),.UNSPECIFIED.,.F.,
  .F.,(2,2),(0.,1.),.PIECEWISE_BEZIER_KNOTS.);
#8190 = CARTESIAN_POINT('',(-0.571621551758,-1.433243103516,0.1));
#8191 = CARTESIAN_POINT('',(-0.605,-1.5,0.575));
#8192 = ORIENTED_EDGE('',*,*,#8193,.F.);
#8193 = EDGE_CURVE('',#8164,#8187,#8194,.T.);
#8194 = LINE('',#8195,#8196);
#8195 = CARTESIAN_POINT('',(0.605,-1.5,0.575));
#8196 = VECTOR('',#8197,1.);
#8197 = DIRECTION('',(-1.,-2.22044604925E-16,0.));
#8198 = ORIENTED_EDGE('',*,*,#8163,.F.);
#8199 = B_SPLINE_SURFACE_WITH_KNOTS('',1,1,(
    (#8200,#8201)
    ,(#8202,#8203
    )),.UNSPECIFIED.,.F.,.F.,.F.,(2,2),(2,2),(0.,1.21),(0.,1.),
  .PIECEWISE_BEZIER_KNOTS.);
#8200 = CARTESIAN_POINT('',(0.571621551758,-1.433243103516,0.1));
#8201 = CARTESIAN_POINT('',(0.605,-1.5,0.575));
#8202 = CARTESIAN_POINT('',(-0.571621551758,-1.433243103516,0.1));
#8203 = CARTESIAN_POINT('',(-0.605,-1.5,0.575));
#8204 = ADVANCED_FACE('',(#8205),#8222,.F.);
#8205 = FACE_BOUND('',#8206,.F.);
#8206 = EDGE_LOOP('',(#8207,#8208,#8215,#8221));
#8207 = ORIENTED_EDGE('',*,*,#8018,.T.);
#8208 = ORIENTED_EDGE('',*,*,#8209,.T.);
#8209 = EDGE_CURVE('',#8019,#8210,#8212,.T.);
#8210 = VERTEX_POINT('',#8211);
#8211 = CARTESIAN_POINT('',(-0.7,-1.405,0.575));
#8212 = B_SPLINE_CURVE_WITH_KNOTS('',1,(#8213,#8214),.UNSPECIFIED.,.F.,
  .F.,(2,2),(0.,1.),.PIECEWISE_BEZIER_KNOTS.);
#8213 = CARTESIAN_POINT('',(-0.633243103516,-1.371621551758,0.1));
#8214 = CARTESIAN_POINT('',(-0.7,-1.405,0.575));
#8215 = ORIENTED_EDGE('',*,*,#8216,.F.);
#8216 = EDGE_CURVE('',#8187,#8210,#8217,.T.);
#8217 = LINE('',#8218,#8219);
#8218 = CARTESIAN_POINT('',(-0.605,-1.5,0.575));
#8219 = VECTOR('',#8220,1.);
#8220 = DIRECTION('',(-0.707106781187,0.707106781187,0.));
#8221 = ORIENTED_EDGE('',*,*,#8186,.F.);
#8222 = B_SPLINE_SURFACE_WITH_KNOTS('',1,1,(
    (#8223,#8224)
    ,(#8225,#8226
    )),.UNSPECIFIED.,.F.,.F.,.F.,(2,2),(2,2),(0.,0.134350288425),(0.,1.)
  ,.PIECEWISE_BEZIER_KNOTS.);
#8223 = CARTESIAN_POINT('',(-0.571621551758,-1.433243103516,0.1));
#8224 = CARTESIAN_POINT('',(-0.605,-1.5,0.575));
#8225 = CARTESIAN_POINT('',(-0.633243103516,-1.371621551758,0.1));
#8226 = CARTESIAN_POINT('',(-0.7,-1.405,0.575));
#8227 = ADVANCED_FACE('',(#8228),#8271,.F.);
#8228 = FACE_BOUND('',#8229,.F.);
#8229 = EDGE_LOOP('',(#8230,#8231,#8232,#8240,#8248,#8256,#8264,#8270));
#8230 = ORIENTED_EDGE('',*,*,#8026,.T.);
#8231 = ORIENTED_EDGE('',*,*,#8110,.T.);
#8232 = ORIENTED_EDGE('',*,*,#8233,.F.);
#8233 = EDGE_CURVE('',#8234,#8103,#8236,.T.);
#8234 = VERTEX_POINT('',#8235);
#8235 = CARTESIAN_POINT('',(-0.7,1.15,0.575));
#8236 = LINE('',#8237,#8238);
#8237 = CARTESIAN_POINT('',(-0.7,-1.405,0.575));
#8238 = VECTOR('',#8239,1.);
#8239 = DIRECTION('',(-2.22044604925E-16,1.,0.));
#8240 = ORIENTED_EDGE('',*,*,#8241,.F.);
#8241 = EDGE_CURVE('',#8242,#8234,#8244,.T.);
#8242 = VERTEX_POINT('',#8243);
#8243 = CARTESIAN_POINT('',(-0.7,0.75,0.575));
#8244 = LINE('',#8245,#8246);
#8245 = CARTESIAN_POINT('',(-0.7,0.75,0.575));
#8246 = VECTOR('',#8247,1.);
#8247 = DIRECTION('',(-9.95799250103E-17,1.,0.));
#8248 = ORIENTED_EDGE('',*,*,#8249,.F.);
#8249 = EDGE_CURVE('',#8250,#8242,#8252,.T.);
#8250 = VERTEX_POINT('',#8251);
#8251 = CARTESIAN_POINT('',(-0.7,-0.75,0.575));
#8252 = LINE('',#8253,#8254);
#8253 = CARTESIAN_POINT('',(-0.7,-1.405,0.575));
#8254 = VECTOR('',#8255,1.);
#8255 = DIRECTION('',(-2.22044604925E-16,1.,0.));
#8256 = ORIENTED_EDGE('',*,*,#8257,.F.);
#8257 = EDGE_CURVE('',#8258,#8250,#8260,.T.);
#8258 = VERTEX_POINT('',#8259);
#8259 = CARTESIAN_POINT('',(-0.7,-1.15,0.575));
#8260 = LINE('',#8261,#8262);
#8261 = CARTESIAN_POINT('',(-0.7,-1.15,0.575));
#8262 = VECTOR('',#8263,1.);
#8263 = DIRECTION('',(-9.95799250103E-17,1.,0.));
#8264 = ORIENTED_EDGE('',*,*,#8265,.F.);
#8265 = EDGE_CURVE('',#8210,#8258,#8266,.T.);
#8266 = LINE('',#8267,#8268);
#8267 = CARTESIAN_POINT('',(-0.7,-1.405,0.575));
#8268 = VECTOR('',#8269,1.);
#8269 = DIRECTION('',(-2.22044604925E-16,1.,0.));
#8270 = ORIENTED_EDGE('',*,*,#8209,.F.);
#8271 = B_SPLINE_SURFACE_WITH_KNOTS('',1,1,(
    (#8272,#8273)
    ,(#8274,#8275
    )),.UNSPECIFIED.,.F.,.F.,.F.,(2,2),(2,2),(0.,2.81),(0.,1.),
  .PIECEWISE_BEZIER_KNOTS.);
#8272 = CARTESIAN_POINT('',(-0.633243103516,-1.371621551758,0.1));
#8273 = CARTESIAN_POINT('',(-0.7,-1.405,0.575));
#8274 = CARTESIAN_POINT('',(-0.633243103516,1.371621551758,0.1));
#8275 = CARTESIAN_POINT('',(-0.7,1.405,0.575));
#8276 = ADVANCED_FACE('',(#8277),#8294,.F.);
#8277 = FACE_BOUND('',#8278,.F.);
#8278 = EDGE_LOOP('',(#8279,#8280,#8287,#8293));
#8279 = ORIENTED_EDGE('',*,*,#8056,.T.);
#8280 = ORIENTED_EDGE('',*,*,#8281,.T.);
#8281 = EDGE_CURVE('',#8050,#8282,#8284,.T.);
#8282 = VERTEX_POINT('',#8283);
#8283 = CARTESIAN_POINT('',(0.7,1.405,0.725));
#8284 = B_SPLINE_CURVE_WITH_KNOTS('',1,(#8285,#8286),.UNSPECIFIED.,.F.,
  .F.,(2,2),(0.,1.),.PIECEWISE_BEZIER_KNOTS.);
#8285 = CARTESIAN_POINT('',(0.7,1.405,0.575));
#8286 = CARTESIAN_POINT('',(0.7,1.405,0.725));
#8287 = ORIENTED_EDGE('',*,*,#8288,.F.);
#8288 = EDGE_CURVE('',#8073,#8282,#8289,.T.);
#8289 = LINE('',#8290,#8291);
#8290 = CARTESIAN_POINT('',(0.605,1.5,0.725));
#8291 = VECTOR('',#8292,1.);
#8292 = DIRECTION('',(0.707106781187,-0.707106781187,0.));
#8293 = ORIENTED_EDGE('',*,*,#8072,.F.);
#8294 = PLANE('',#8295);
#8295 = AXIS2_PLACEMENT_3D('',#8296,#8297,#8298);
#8296 = CARTESIAN_POINT('',(0.605,1.5,0.725));
#8297 = DIRECTION('',(-0.707106781187,-0.707106781187,0.));
#8298 = DIRECTION('',(0.707106781187,-0.707106781187,0.));
#8299 = ADVANCED_FACE('',(#8300),#8323,.F.);
#8300 = FACE_BOUND('',#8301,.F.);
#8301 = EDGE_LOOP('',(#8302,#8303,#8310,#8318));
#8302 = ORIENTED_EDGE('',*,*,#8079,.T.);
#8303 = ORIENTED_EDGE('',*,*,#8304,.T.);
#8304 = EDGE_CURVE('',#8073,#8305,#8307,.T.);
#8305 = VERTEX_POINT('',#8306);
#8306 = CARTESIAN_POINT('',(0.5925,1.475,0.725));
#8307 = B_SPLINE_CURVE_WITH_KNOTS('',1,(#8308,#8309),.UNSPECIFIED.,.F.,
  .F.,(2,2),(0.,1.),.PIECEWISE_BEZIER_KNOTS.);
#8308 = CARTESIAN_POINT('',(0.605,1.5,0.725));
#8309 = CARTESIAN_POINT('',(0.5925,1.475,0.725));
#8310 = ORIENTED_EDGE('',*,*,#8311,.F.);
#8311 = EDGE_CURVE('',#8312,#8305,#8314,.T.);
#8312 = VERTEX_POINT('',#8313);
#8313 = CARTESIAN_POINT('',(-0.5925,1.475,0.725));
#8314 = LINE('',#8315,#8316);
#8315 = CARTESIAN_POINT('',(-0.5925,1.475,0.725));
#8316 = VECTOR('',#8317,1.);
#8317 = DIRECTION('',(1.,2.22044604925E-16,0.));
#8318 = ORIENTED_EDGE('',*,*,#8319,.F.);
#8319 = EDGE_CURVE('',#8080,#8312,#8320,.T.);
#8320 = B_SPLINE_CURVE_WITH_KNOTS('',1,(#8321,#8322),.UNSPECIFIED.,.F.,
  .F.,(2,2),(0.,1.),.PIECEWISE_BEZIER_KNOTS.);
#8321 = CARTESIAN_POINT('',(-0.605,1.5,0.725));
#8322 = CARTESIAN_POINT('',(-0.5925,1.475,0.725));
#8323 = B_SPLINE_SURFACE_WITH_KNOTS('',1,1,(
    (#8324,#8325)
    ,(#8326,#8327
    )),.UNSPECIFIED.,.F.,.F.,.F.,(2,2),(2,2),(0.,1.21),(0.,1.),
  .PIECEWISE_BEZIER_KNOTS.);
#8324 = CARTESIAN_POINT('',(-0.605,1.5,0.725));
#8325 = CARTESIAN_POINT('',(-0.5925,1.475,0.725));
#8326 = CARTESIAN_POINT('',(0.605,1.5,0.725));
#8327 = CARTESIAN_POINT('',(0.5925,1.475,0.725));
#8328 = ADVANCED_FACE('',(#8329),#8346,.F.);
#8329 = FACE_BOUND('',#8330,.F.);
#8330 = EDGE_LOOP('',(#8331,#8332,#8333,#8341));
#8331 = ORIENTED_EDGE('',*,*,#8102,.T.);
#8332 = ORIENTED_EDGE('',*,*,#8087,.T.);
#8333 = ORIENTED_EDGE('',*,*,#8334,.F.);
#8334 = EDGE_CURVE('',#8335,#8080,#8337,.T.);
#8335 = VERTEX_POINT('',#8336);
#8336 = CARTESIAN_POINT('',(-0.7,1.405,0.725));
#8337 = LINE('',#8338,#8339);
#8338 = CARTESIAN_POINT('',(-0.7,1.405,0.725));
#8339 = VECTOR('',#8340,1.);
#8340 = DIRECTION('',(0.707106781187,0.707106781187,0.));
#8341 = ORIENTED_EDGE('',*,*,#8342,.F.);
#8342 = EDGE_CURVE('',#8103,#8335,#8343,.T.);
#8343 = B_SPLINE_CURVE_WITH_KNOTS('',1,(#8344,#8345),.UNSPECIFIED.,.F.,
  .F.,(2,2),(0.,1.),.PIECEWISE_BEZIER_KNOTS.);
#8344 = CARTESIAN_POINT('',(-0.7,1.405,0.575));
#8345 = CARTESIAN_POINT('',(-0.7,1.405,0.725));
#8346 = PLANE('',#8347);
#8347 = AXIS2_PLACEMENT_3D('',#8348,#8349,#8350);
#8348 = CARTESIAN_POINT('',(-0.7,1.405,0.725));
#8349 = DIRECTION('',(0.707106781187,-0.707106781187,0.));
#8350 = DIRECTION('',(0.707106781187,0.707106781187,0.));
#8351 = ADVANCED_FACE('',(#8352),#8370,.F.);
#8352 = FACE_BOUND('',#8353,.F.);
#8353 = EDGE_LOOP('',(#8354,#8355,#8356,#8364));
#8354 = ORIENTED_EDGE('',*,*,#8281,.F.);
#8355 = ORIENTED_EDGE('',*,*,#8147,.T.);
#8356 = ORIENTED_EDGE('',*,*,#8357,.T.);
#8357 = EDGE_CURVE('',#8140,#8358,#8360,.T.);
#8358 = VERTEX_POINT('',#8359);
#8359 = CARTESIAN_POINT('',(0.7,0.2,0.725));
#8360 = LINE('',#8361,#8362);
#8361 = CARTESIAN_POINT('',(0.7,0.2,0.525297170697));
#8362 = VECTOR('',#8363,1.);
#8363 = DIRECTION('',(0.,0.,1.));
#8364 = ORIENTED_EDGE('',*,*,#8365,.F.);
#8365 = EDGE_CURVE('',#8282,#8358,#8366,.T.);
#8366 = LINE('',#8367,#8368);
#8367 = CARTESIAN_POINT('',(0.7,1.405,0.725));
#8368 = VECTOR('',#8369,1.);
#8369 = DIRECTION('',(2.22044604925E-16,-1.,0.));
#8370 = PLANE('',#8371);
#8371 = AXIS2_PLACEMENT_3D('',#8372,#8373,#8374);
#8372 = CARTESIAN_POINT('',(0.7,1.405,0.725));
#8373 = DIRECTION('',(-1.,-2.22044604925E-16,0.));
#8374 = DIRECTION('',(2.22044604925E-16,-1.,0.));
#8375 = ADVANCED_FACE('',(#8376),#8400,.F.);
#8376 = FACE_BOUND('',#8377,.F.);
#8377 = EDGE_LOOP('',(#8378,#8386,#8387,#8394));
#8378 = ORIENTED_EDGE('',*,*,#8379,.F.);
#8379 = EDGE_CURVE('',#8132,#8380,#8382,.T.);
#8380 = VERTEX_POINT('',#8381);
#8381 = CARTESIAN_POINT('',(0.7,-0.2,0.725));
#8382 = LINE('',#8383,#8384);
#8383 = CARTESIAN_POINT('',(0.7,-0.2,0.525297170697));
#8384 = VECTOR('',#8385,1.);
#8385 = DIRECTION('',(0.,0.,1.));
#8386 = ORIENTED_EDGE('',*,*,#8131,.T.);
#8387 = ORIENTED_EDGE('',*,*,#8388,.T.);
#8388 = EDGE_CURVE('',#8125,#8389,#8391,.T.);
#8389 = VERTEX_POINT('',#8390);
#8390 = CARTESIAN_POINT('',(0.7,-1.405,0.725));
#8391 = B_SPLINE_CURVE_WITH_KNOTS('',1,(#8392,#8393),.UNSPECIFIED.,.F.,
  .F.,(2,2),(0.,1.),.PIECEWISE_BEZIER_KNOTS.);
#8392 = CARTESIAN_POINT('',(0.7,-1.405,0.575));
#8393 = CARTESIAN_POINT('',(0.7,-1.405,0.725));
#8394 = ORIENTED_EDGE('',*,*,#8395,.F.);
#8395 = EDGE_CURVE('',#8380,#8389,#8396,.T.);
#8396 = LINE('',#8397,#8398);
#8397 = CARTESIAN_POINT('',(0.7,1.405,0.725));
#8398 = VECTOR('',#8399,1.);
#8399 = DIRECTION('',(2.22044604925E-16,-1.,0.));
#8400 = PLANE('',#8401);
#8401 = AXIS2_PLACEMENT_3D('',#8402,#8403,#8404);
#8402 = CARTESIAN_POINT('',(0.7,1.405,0.725));
#8403 = DIRECTION('',(-1.,-2.22044604925E-16,0.));
#8404 = DIRECTION('',(2.22044604925E-16,-1.,0.));
#8405 = ADVANCED_FACE('',(#8406),#8433,.F.);
#8406 = FACE_BOUND('',#8407,.F.);
#8407 = EDGE_LOOP('',(#8408,#8409,#8418,#8426));
#8408 = ORIENTED_EDGE('',*,*,#8139,.T.);
#8409 = ORIENTED_EDGE('',*,*,#8410,.T.);
#8410 = EDGE_CURVE('',#8132,#8411,#8413,.T.);
#8411 = VERTEX_POINT('',#8412);
#8412 = CARTESIAN_POINT('',(0.8,-0.2,0.475));
#8413 = CIRCLE('',#8414,0.1);
#8414 = AXIS2_PLACEMENT_3D('',#8415,#8416,#8417);
#8415 = CARTESIAN_POINT('',(0.7,-0.2,0.475));
#8416 = DIRECTION('',(-2.22044604925E-16,1.,0.));
#8417 = DIRECTION('',(1.110223024625E-15,2.465190328815E-31,1.));
#8418 = ORIENTED_EDGE('',*,*,#8419,.F.);
#8419 = EDGE_CURVE('',#8420,#8411,#8422,.T.);
#8420 = VERTEX_POINT('',#8421);
#8421 = CARTESIAN_POINT('',(0.8,0.2,0.475));
#8422 = LINE('',#8423,#8424);
#8423 = CARTESIAN_POINT('',(0.8,0.2,0.475));
#8424 = VECTOR('',#8425,1.);
#8425 = DIRECTION('',(2.22044604925E-16,-1.,0.));
#8426 = ORIENTED_EDGE('',*,*,#8427,.F.);
#8427 = EDGE_CURVE('',#8140,#8420,#8428,.T.);
#8428 = CIRCLE('',#8429,0.1);
#8429 = AXIS2_PLACEMENT_3D('',#8430,#8431,#8432);
#8430 = CARTESIAN_POINT('',(0.7,0.2,0.475));
#8431 = DIRECTION('',(-2.22044604925E-16,1.,0.));
#8432 = DIRECTION('',(1.110223024625E-15,2.465190328815E-31,1.));
#8433 = CYLINDRICAL_SURFACE('',#8434,0.1);
#8434 = AXIS2_PLACEMENT_3D('',#8435,#8436,#8437);
#8435 = CARTESIAN_POINT('',(0.7,0.2,0.475));
#8436 = DIRECTION('',(-2.22044604925E-16,1.,0.));
#8437 = DIRECTION('',(1.110223024625E-15,2.465190328815E-31,1.));
#8438 = ADVANCED_FACE('',(#8439),#8456,.F.);
#8439 = FACE_BOUND('',#8440,.F.);
#8440 = EDGE_LOOP('',(#8441,#8442,#8449,#8455));
#8441 = ORIENTED_EDGE('',*,*,#8170,.T.);
#8442 = ORIENTED_EDGE('',*,*,#8443,.T.);
#8443 = EDGE_CURVE('',#8164,#8444,#8446,.T.);
#8444 = VERTEX_POINT('',#8445);
#8445 = CARTESIAN_POINT('',(0.605,-1.5,0.725));
#8446 = B_SPLINE_CURVE_WITH_KNOTS('',1,(#8447,#8448),.UNSPECIFIED.,.F.,
  .F.,(2,2),(0.,1.),.PIECEWISE_BEZIER_KNOTS.);
#8447 = CARTESIAN_POINT('',(0.605,-1.5,0.575));
#8448 = CARTESIAN_POINT('',(0.605,-1.5,0.725));
#8449 = ORIENTED_EDGE('',*,*,#8450,.F.);
#8450 = EDGE_CURVE('',#8389,#8444,#8451,.T.);
#8451 = LINE('',#8452,#8453);
#8452 = CARTESIAN_POINT('',(0.7,-1.405,0.725));
#8453 = VECTOR('',#8454,1.);
#8454 = DIRECTION('',(-0.707106781187,-0.707106781187,0.));
#8455 = ORIENTED_EDGE('',*,*,#8388,.F.);
#8456 = PLANE('',#8457);
#8457 = AXIS2_PLACEMENT_3D('',#8458,#8459,#8460);
#8458 = CARTESIAN_POINT('',(0.7,-1.405,0.725));
#8459 = DIRECTION('',(-0.707106781187,0.707106781187,0.));
#8460 = DIRECTION('',(-0.707106781187,-0.707106781187,0.));
#8461 = ADVANCED_FACE('',(#8462),#8479,.F.);
#8462 = FACE_BOUND('',#8463,.F.);
#8463 = EDGE_LOOP('',(#8464,#8465,#8472,#8478));
#8464 = ORIENTED_EDGE('',*,*,#8193,.T.);
#8465 = ORIENTED_EDGE('',*,*,#8466,.T.);
#8466 = EDGE_CURVE('',#8187,#8467,#8469,.T.);
#8467 = VERTEX_POINT('',#8468);
#8468 = CARTESIAN_POINT('',(-0.605,-1.5,0.725));
#8469 = B_SPLINE_CURVE_WITH_KNOTS('',1,(#8470,#8471),.UNSPECIFIED.,.F.,
  .F.,(2,2),(0.,1.),.PIECEWISE_BEZIER_KNOTS.);
#8470 = CARTESIAN_POINT('',(-0.605,-1.5,0.575));
#8471 = CARTESIAN_POINT('',(-0.605,-1.5,0.725));
#8472 = ORIENTED_EDGE('',*,*,#8473,.F.);
#8473 = EDGE_CURVE('',#8444,#8467,#8474,.T.);
#8474 = LINE('',#8475,#8476);
#8475 = CARTESIAN_POINT('',(0.605,-1.5,0.725));
#8476 = VECTOR('',#8477,1.);
#8477 = DIRECTION('',(-1.,-2.22044604925E-16,0.));
#8478 = ORIENTED_EDGE('',*,*,#8443,.F.);
#8479 = PLANE('',#8480);
#8480 = AXIS2_PLACEMENT_3D('',#8481,#8482,#8483);
#8481 = CARTESIAN_POINT('',(0.605,-1.5,0.725));
#8482 = DIRECTION('',(-2.22044604925E-16,1.,0.));
#8483 = DIRECTION('',(-1.,-2.22044604925E-16,0.));
#8484 = ADVANCED_FACE('',(#8485),#8502,.F.);
#8485 = FACE_BOUND('',#8486,.F.);
#8486 = EDGE_LOOP('',(#8487,#8488,#8495,#8501));
#8487 = ORIENTED_EDGE('',*,*,#8216,.T.);
#8488 = ORIENTED_EDGE('',*,*,#8489,.T.);
#8489 = EDGE_CURVE('',#8210,#8490,#8492,.T.);
#8490 = VERTEX_POINT('',#8491);
#8491 = CARTESIAN_POINT('',(-0.7,-1.405,0.725));
#8492 = B_SPLINE_CURVE_WITH_KNOTS('',1,(#8493,#8494),.UNSPECIFIED.,.F.,
  .F.,(2,2),(0.,1.),.PIECEWISE_BEZIER_KNOTS.);
#8493 = CARTESIAN_POINT('',(-0.7,-1.405,0.575));
#8494 = CARTESIAN_POINT('',(-0.7,-1.405,0.725));
#8495 = ORIENTED_EDGE('',*,*,#8496,.F.);
#8496 = EDGE_CURVE('',#8467,#8490,#8497,.T.);
#8497 = LINE('',#8498,#8499);
#8498 = CARTESIAN_POINT('',(-0.605,-1.5,0.725));
#8499 = VECTOR('',#8500,1.);
#8500 = DIRECTION('',(-0.707106781187,0.707106781187,0.));
#8501 = ORIENTED_EDGE('',*,*,#8466,.F.);
#8502 = PLANE('',#8503);
#8503 = AXIS2_PLACEMENT_3D('',#8504,#8505,#8506);
#8504 = CARTESIAN_POINT('',(-0.605,-1.5,0.725));
#8505 = DIRECTION('',(0.707106781187,0.707106781187,0.));
#8506 = DIRECTION('',(-0.707106781187,0.707106781187,0.));
#8507 = ADVANCED_FACE('',(#8508),#8526,.F.);
#8508 = FACE_BOUND('',#8509,.F.);
#8509 = EDGE_LOOP('',(#8510,#8511,#8512,#8520));
#8510 = ORIENTED_EDGE('',*,*,#8489,.F.);
#8511 = ORIENTED_EDGE('',*,*,#8265,.T.);
#8512 = ORIENTED_EDGE('',*,*,#8513,.T.);
#8513 = EDGE_CURVE('',#8258,#8514,#8516,.T.);
#8514 = VERTEX_POINT('',#8515);
#8515 = CARTESIAN_POINT('',(-0.7,-1.15,0.725));
#8516 = LINE('',#8517,#8518);
#8517 = CARTESIAN_POINT('',(-0.7,-1.15,0.525297170697));
#8518 = VECTOR('',#8519,1.);
#8519 = DIRECTION('',(0.,0.,1.));
#8520 = ORIENTED_EDGE('',*,*,#8521,.F.);
#8521 = EDGE_CURVE('',#8490,#8514,#8522,.T.);
#8522 = LINE('',#8523,#8524);
#8523 = CARTESIAN_POINT('',(-0.7,-1.405,0.725));
#8524 = VECTOR('',#8525,1.);
#8525 = DIRECTION('',(-2.22044604925E-16,1.,0.));
#8526 = PLANE('',#8527);
#8527 = AXIS2_PLACEMENT_3D('',#8528,#8529,#8530);
#8528 = CARTESIAN_POINT('',(-0.7,-1.405,0.725));
#8529 = DIRECTION('',(1.,2.22044604925E-16,0.));
#8530 = DIRECTION('',(-2.22044604925E-16,1.,0.));
#8531 = ADVANCED_FACE('',(#8532),#8550,.F.);
#8532 = FACE_BOUND('',#8533,.F.);
#8533 = EDGE_LOOP('',(#8534,#8542,#8543,#8544));
#8534 = ORIENTED_EDGE('',*,*,#8535,.F.);
#8535 = EDGE_CURVE('',#8234,#8536,#8538,.T.);
#8536 = VERTEX_POINT('',#8537);
#8537 = CARTESIAN_POINT('',(-0.7,1.15,0.725));
#8538 = LINE('',#8539,#8540);
#8539 = CARTESIAN_POINT('',(-0.7,1.15,0.525297170697));
#8540 = VECTOR('',#8541,1.);
#8541 = DIRECTION('',(0.,0.,1.));
#8542 = ORIENTED_EDGE('',*,*,#8233,.T.);
#8543 = ORIENTED_EDGE('',*,*,#8342,.T.);
#8544 = ORIENTED_EDGE('',*,*,#8545,.F.);
#8545 = EDGE_CURVE('',#8536,#8335,#8546,.T.);
#8546 = LINE('',#8547,#8548);
#8547 = CARTESIAN_POINT('',(-0.7,-1.405,0.725));
#8548 = VECTOR('',#8549,1.);
#8549 = DIRECTION('',(-2.22044604925E-16,1.,0.));
#8550 = PLANE('',#8551);
#8551 = AXIS2_PLACEMENT_3D('',#8552,#8553,#8554);
#8552 = CARTESIAN_POINT('',(-0.7,-1.405,0.725));
#8553 = DIRECTION('',(1.,2.22044604925E-16,0.));
#8554 = DIRECTION('',(-2.22044604925E-16,1.,0.));
#8555 = ADVANCED_FACE('',(#8556),#8583,.F.);
#8556 = FACE_BOUND('',#8557,.F.);
#8557 = EDGE_LOOP('',(#8558,#8559,#8568,#8576));
#8558 = ORIENTED_EDGE('',*,*,#8257,.T.);
#8559 = ORIENTED_EDGE('',*,*,#8560,.T.);
#8560 = EDGE_CURVE('',#8250,#8561,#8563,.T.);
#8561 = VERTEX_POINT('',#8562);
#8562 = CARTESIAN_POINT('',(-0.8,-0.75,0.475));
#8563 = CIRCLE('',#8564,0.1);
#8564 = AXIS2_PLACEMENT_3D('',#8565,#8566,#8567);
#8565 = CARTESIAN_POINT('',(-0.7,-0.75,0.475));
#8566 = DIRECTION('',(9.95799250103E-17,-1.,0.));
#8567 = DIRECTION('',(-1.110223024625E-15,-1.105559255369E-31,1.));
#8568 = ORIENTED_EDGE('',*,*,#8569,.F.);
#8569 = EDGE_CURVE('',#8570,#8561,#8572,.T.);
#8570 = VERTEX_POINT('',#8571);
#8571 = CARTESIAN_POINT('',(-0.8,-1.15,0.475));
#8572 = LINE('',#8573,#8574);
#8573 = CARTESIAN_POINT('',(-0.8,-1.15,0.475));
#8574 = VECTOR('',#8575,1.);
#8575 = DIRECTION('',(-9.95799250103E-17,1.,0.));
#8576 = ORIENTED_EDGE('',*,*,#8577,.F.);
#8577 = EDGE_CURVE('',#8258,#8570,#8578,.T.);
#8578 = CIRCLE('',#8579,0.1);
#8579 = AXIS2_PLACEMENT_3D('',#8580,#8581,#8582);
#8580 = CARTESIAN_POINT('',(-0.7,-1.15,0.475));
#8581 = DIRECTION('',(9.95799250103E-17,-1.,0.));
#8582 = DIRECTION('',(-1.110223024625E-15,-1.105559255369E-31,1.));
#8583 = CYLINDRICAL_SURFACE('',#8584,0.1);
#8584 = AXIS2_PLACEMENT_3D('',#8585,#8586,#8587);
#8585 = CARTESIAN_POINT('',(-0.7,-1.15,0.475));
#8586 = DIRECTION('',(9.95799250103E-17,-1.,0.));
#8587 = DIRECTION('',(-1.110223024625E-15,-1.105559255369E-31,1.));
#8588 = ADVANCED_FACE('',(#8589),#8616,.F.);
#8589 = FACE_BOUND('',#8590,.F.);
#8590 = EDGE_LOOP('',(#8591,#8592,#8601,#8609));
#8591 = ORIENTED_EDGE('',*,*,#8241,.T.);
#8592 = ORIENTED_EDGE('',*,*,#8593,.T.);
#8593 = EDGE_CURVE('',#8234,#8594,#8596,.T.);
#8594 = VERTEX_POINT('',#8595);
#8595 = CARTESIAN_POINT('',(-0.8,1.15,0.475));
#8596 = CIRCLE('',#8597,0.1);
#8597 = AXIS2_PLACEMENT_3D('',#8598,#8599,#8600);
#8598 = CARTESIAN_POINT('',(-0.7,1.15,0.475));
#8599 = DIRECTION('',(9.95799250103E-17,-1.,0.));
#8600 = DIRECTION('',(-1.110223024625E-15,-1.105559255369E-31,1.));
#8601 = ORIENTED_EDGE('',*,*,#8602,.F.);
#8602 = EDGE_CURVE('',#8603,#8594,#8605,.T.);
#8603 = VERTEX_POINT('',#8604);
#8604 = CARTESIAN_POINT('',(-0.8,0.75,0.475));
#8605 = LINE('',#8606,#8607);
#8606 = CARTESIAN_POINT('',(-0.8,0.75,0.475));
#8607 = VECTOR('',#8608,1.);
#8608 = DIRECTION('',(-9.95799250103E-17,1.,0.));
#8609 = ORIENTED_EDGE('',*,*,#8610,.F.);
#8610 = EDGE_CURVE('',#8242,#8603,#8611,.T.);
#8611 = CIRCLE('',#8612,0.1);
#8612 = AXIS2_PLACEMENT_3D('',#8613,#8614,#8615);
#8613 = CARTESIAN_POINT('',(-0.7,0.75,0.475));
#8614 = DIRECTION('',(9.95799250103E-17,-1.,0.));
#8615 = DIRECTION('',(-1.110223024625E-15,-1.105559255369E-31,1.));
#8616 = CYLINDRICAL_SURFACE('',#8617,0.1);
#8617 = AXIS2_PLACEMENT_3D('',#8618,#8619,#8620);
#8618 = CARTESIAN_POINT('',(-0.7,0.75,0.475));
#8619 = DIRECTION('',(9.95799250103E-17,-1.,0.));
#8620 = DIRECTION('',(-1.110223024625E-15,-1.105559255369E-31,1.));
#8621 = ADVANCED_FACE('',(#8622),#8647,.F.);
#8622 = FACE_BOUND('',#8623,.F.);
#8623 = EDGE_LOOP('',(#8624,#8632,#8633,#8641));
#8624 = ORIENTED_EDGE('',*,*,#8625,.F.);
#8625 = EDGE_CURVE('',#8250,#8626,#8628,.T.);
#8626 = VERTEX_POINT('',#8627);
#8627 = CARTESIAN_POINT('',(-0.7,-0.75,0.725));
#8628 = LINE('',#8629,#8630);
#8629 = CARTESIAN_POINT('',(-0.7,-0.75,0.525297170697));
#8630 = VECTOR('',#8631,1.);
#8631 = DIRECTION('',(0.,0.,1.));
#8632 = ORIENTED_EDGE('',*,*,#8249,.T.);
#8633 = ORIENTED_EDGE('',*,*,#8634,.T.);
#8634 = EDGE_CURVE('',#8242,#8635,#8637,.T.);
#8635 = VERTEX_POINT('',#8636);
#8636 = CARTESIAN_POINT('',(-0.7,0.75,0.725));
#8637 = LINE('',#8638,#8639);
#8638 = CARTESIAN_POINT('',(-0.7,0.75,0.525297170697));
#8639 = VECTOR('',#8640,1.);
#8640 = DIRECTION('',(0.,0.,1.));
#8641 = ORIENTED_EDGE('',*,*,#8642,.F.);
#8642 = EDGE_CURVE('',#8626,#8635,#8643,.T.);
#8643 = LINE('',#8644,#8645);
#8644 = CARTESIAN_POINT('',(-0.7,-1.405,0.725));
#8645 = VECTOR('',#8646,1.);
#8646 = DIRECTION('',(-2.22044604925E-16,1.,0.));
#8647 = PLANE('',#8648);
#8648 = AXIS2_PLACEMENT_3D('',#8649,#8650,#8651);
#8649 = CARTESIAN_POINT('',(-0.7,-1.405,0.725));
#8650 = DIRECTION('',(1.,2.22044604925E-16,0.));
#8651 = DIRECTION('',(-2.22044604925E-16,1.,0.));
#8652 = ADVANCED_FACE('',(#8653),#8670,.F.);
#8653 = FACE_BOUND('',#8654,.F.);
#8654 = EDGE_LOOP('',(#8655,#8656,#8663,#8669));
#8655 = ORIENTED_EDGE('',*,*,#8288,.T.);
#8656 = ORIENTED_EDGE('',*,*,#8657,.T.);
#8657 = EDGE_CURVE('',#8282,#8658,#8660,.T.);
#8658 = VERTEX_POINT('',#8659);
#8659 = CARTESIAN_POINT('',(0.675,1.3925,0.725));
#8660 = B_SPLINE_CURVE_WITH_KNOTS('',1,(#8661,#8662),.UNSPECIFIED.,.F.,
  .F.,(2,2),(0.,1.),.PIECEWISE_BEZIER_KNOTS.);
#8661 = CARTESIAN_POINT('',(0.7,1.405,0.725));
#8662 = CARTESIAN_POINT('',(0.675,1.3925,0.725));
#8663 = ORIENTED_EDGE('',*,*,#8664,.F.);
#8664 = EDGE_CURVE('',#8305,#8658,#8665,.T.);
#8665 = LINE('',#8666,#8667);
#8666 = CARTESIAN_POINT('',(0.5925,1.475,0.725));
#8667 = VECTOR('',#8668,1.);
#8668 = DIRECTION('',(0.707106781187,-0.707106781187,0.));
#8669 = ORIENTED_EDGE('',*,*,#8304,.F.);
#8670 = B_SPLINE_SURFACE_WITH_KNOTS('',1,1,(
    (#8671,#8672)
    ,(#8673,#8674
    )),.UNSPECIFIED.,.F.,.F.,.F.,(2,2),(2,2),(0.,0.134350288425),(0.,1.)
  ,.PIECEWISE_BEZIER_KNOTS.);
#8671 = CARTESIAN_POINT('',(0.605,1.5,0.725));
#8672 = CARTESIAN_POINT('',(0.5925,1.475,0.725));
#8673 = CARTESIAN_POINT('',(0.7,1.405,0.725));
#8674 = CARTESIAN_POINT('',(0.675,1.3925,0.725));
#8675 = ADVANCED_FACE('',(#8676),#8699,.F.);
#8676 = FACE_BOUND('',#8677,.F.);
#8677 = EDGE_LOOP('',(#8678,#8679,#8686,#8694));
#8678 = ORIENTED_EDGE('',*,*,#8311,.T.);
#8679 = ORIENTED_EDGE('',*,*,#8680,.T.);
#8680 = EDGE_CURVE('',#8305,#8681,#8683,.T.);
#8681 = VERTEX_POINT('',#8682);
#8682 = CARTESIAN_POINT('',(0.559121551758,1.408243103516,1.2));
#8683 = B_SPLINE_CURVE_WITH_KNOTS('',1,(#8684,#8685),.UNSPECIFIED.,.F.,
  .F.,(2,2),(0.,1.),.PIECEWISE_BEZIER_KNOTS.);
#8684 = CARTESIAN_POINT('',(0.5925,1.475,0.725));
#8685 = CARTESIAN_POINT('',(0.559121551758,1.408243103516,1.2));
#8686 = ORIENTED_EDGE('',*,*,#8687,.F.);
#8687 = EDGE_CURVE('',#8688,#8681,#8690,.T.);
#8688 = VERTEX_POINT('',#8689);
#8689 = CARTESIAN_POINT('',(-0.559121551758,1.408243103516,1.2));
#8690 = LINE('',#8691,#8692);
#8691 = CARTESIAN_POINT('',(-0.559121551758,1.408243103516,1.2));
#8692 = VECTOR('',#8693,1.);
#8693 = DIRECTION('',(1.,2.22044604925E-16,0.));
#8694 = ORIENTED_EDGE('',*,*,#8695,.F.);
#8695 = EDGE_CURVE('',#8312,#8688,#8696,.T.);
#8696 = B_SPLINE_CURVE_WITH_KNOTS('',1,(#8697,#8698),.UNSPECIFIED.,.F.,
  .F.,(2,2),(0.,1.),.PIECEWISE_BEZIER_KNOTS.);
#8697 = CARTESIAN_POINT('',(-0.5925,1.475,0.725));
#8698 = CARTESIAN_POINT('',(-0.559121551758,1.408243103516,1.2));
#8699 = B_SPLINE_SURFACE_WITH_KNOTS('',1,1,(
    (#8700,#8701)
    ,(#8702,#8703
    )),.UNSPECIFIED.,.F.,.F.,.F.,(2,2),(2,2),(0.,1.185),(0.,1.),
  .PIECEWISE_BEZIER_KNOTS.);
#8700 = CARTESIAN_POINT('',(-0.5925,1.475,0.725));
#8701 = CARTESIAN_POINT('',(-0.559121551758,1.408243103516,1.2));
#8702 = CARTESIAN_POINT('',(0.5925,1.475,0.725));
#8703 = CARTESIAN_POINT('',(0.559121551758,1.408243103516,1.2));
#8704 = ADVANCED_FACE('',(#8705),#8722,.F.);
#8705 = FACE_BOUND('',#8706,.F.);
#8706 = EDGE_LOOP('',(#8707,#8708,#8709,#8717));
#8707 = ORIENTED_EDGE('',*,*,#8334,.T.);
#8708 = ORIENTED_EDGE('',*,*,#8319,.T.);
#8709 = ORIENTED_EDGE('',*,*,#8710,.F.);
#8710 = EDGE_CURVE('',#8711,#8312,#8713,.T.);
#8711 = VERTEX_POINT('',#8712);
#8712 = CARTESIAN_POINT('',(-0.675,1.3925,0.725));
#8713 = LINE('',#8714,#8715);
#8714 = CARTESIAN_POINT('',(-0.675,1.3925,0.725));
#8715 = VECTOR('',#8716,1.);
#8716 = DIRECTION('',(0.707106781187,0.707106781187,0.));
#8717 = ORIENTED_EDGE('',*,*,#8718,.F.);
#8718 = EDGE_CURVE('',#8335,#8711,#8719,.T.);
#8719 = B_SPLINE_CURVE_WITH_KNOTS('',1,(#8720,#8721),.UNSPECIFIED.,.F.,
  .F.,(2,2),(0.,1.),.PIECEWISE_BEZIER_KNOTS.);
#8720 = CARTESIAN_POINT('',(-0.7,1.405,0.725));
#8721 = CARTESIAN_POINT('',(-0.675,1.3925,0.725));
#8722 = B_SPLINE_SURFACE_WITH_KNOTS('',1,1,(
    (#8723,#8724)
    ,(#8725,#8726
    )),.UNSPECIFIED.,.F.,.F.,.F.,(2,2),(2,2),(0.,0.134350288425),(0.,1.)
  ,.PIECEWISE_BEZIER_KNOTS.);
#8723 = CARTESIAN_POINT('',(-0.7,1.405,0.725));
#8724 = CARTESIAN_POINT('',(-0.675,1.3925,0.725));
#8725 = CARTESIAN_POINT('',(-0.605,1.5,0.725));
#8726 = CARTESIAN_POINT('',(-0.5925,1.475,0.725));
#8727 = ADVANCED_FACE('',(#8728),#8746,.F.);
#8728 = FACE_BOUND('',#8729,.F.);
#8729 = EDGE_LOOP('',(#8730,#8731,#8732,#8740));
#8730 = ORIENTED_EDGE('',*,*,#8657,.F.);
#8731 = ORIENTED_EDGE('',*,*,#8365,.T.);
#8732 = ORIENTED_EDGE('',*,*,#8733,.T.);
#8733 = EDGE_CURVE('',#8358,#8734,#8736,.T.);
#8734 = VERTEX_POINT('',#8735);
#8735 = CARTESIAN_POINT('',(0.675,0.2,0.725));
#8736 = LINE('',#8737,#8738);
#8737 = CARTESIAN_POINT('',(0.7,0.2,0.725));
#8738 = VECTOR('',#8739,1.);
#8739 = DIRECTION('',(-1.,-2.22044604925E-16,0.));
#8740 = ORIENTED_EDGE('',*,*,#8741,.F.);
#8741 = EDGE_CURVE('',#8658,#8734,#8742,.T.);
#8742 = LINE('',#8743,#8744);
#8743 = CARTESIAN_POINT('',(0.675,1.3925,0.725));
#8744 = VECTOR('',#8745,1.);
#8745 = DIRECTION('',(2.22044604925E-16,-1.,0.));
#8746 = B_SPLINE_SURFACE_WITH_KNOTS('',1,1,(
    (#8747,#8748)
    ,(#8749,#8750
    )),.UNSPECIFIED.,.F.,.F.,.F.,(2,2),(2,2),(0.,2.81),(0.,1.),
  .PIECEWISE_BEZIER_KNOTS.);
#8747 = CARTESIAN_POINT('',(0.7,1.405,0.725));
#8748 = CARTESIAN_POINT('',(0.675,1.3925,0.725));
#8749 = CARTESIAN_POINT('',(0.7,-1.405,0.725));
#8750 = CARTESIAN_POINT('',(0.675,-1.3925,0.725));
#8751 = ADVANCED_FACE('',(#8752),#8821,.F.);
#8752 = FACE_BOUND('',#8753,.F.);
#8753 = EDGE_LOOP('',(#8754,#8755,#8756,#8764,#8773,#8781,#8789,#8797,
    #8806,#8814));
#8754 = ORIENTED_EDGE('',*,*,#8357,.F.);
#8755 = ORIENTED_EDGE('',*,*,#8427,.T.);
#8756 = ORIENTED_EDGE('',*,*,#8757,.T.);
#8757 = EDGE_CURVE('',#8420,#8758,#8760,.T.);
#8758 = VERTEX_POINT('',#8759);
#8759 = CARTESIAN_POINT('',(0.8,0.2,0.25));
#8760 = LINE('',#8761,#8762);
#8761 = CARTESIAN_POINT('',(0.8,0.2,0.475));
#8762 = VECTOR('',#8763,1.);
#8763 = DIRECTION('',(0.,0.,-1.));
#8764 = ORIENTED_EDGE('',*,*,#8765,.T.);
#8765 = EDGE_CURVE('',#8758,#8766,#8768,.T.);
#8766 = VERTEX_POINT('',#8767);
#8767 = CARTESIAN_POINT('',(1.05,0.2,0.));
#8768 = CIRCLE('',#8769,0.25);
#8769 = AXIS2_PLACEMENT_3D('',#8770,#8771,#8772);
#8770 = CARTESIAN_POINT('',(1.05,0.2,0.25));
#8771 = DIRECTION('',(2.22044604925E-16,-1.,0.));
#8772 = DIRECTION('',(-1.,-2.22044604925E-16,-4.440892098501E-16));
#8773 = ORIENTED_EDGE('',*,*,#8774,.T.);
#8774 = EDGE_CURVE('',#8766,#8775,#8777,.T.);
#8775 = VERTEX_POINT('',#8776);
#8776 = CARTESIAN_POINT('',(1.25,0.2,0.));
#8777 = LINE('',#8778,#8779);
#8778 = CARTESIAN_POINT('',(1.05,0.2,0.));
#8779 = VECTOR('',#8780,1.);
#8780 = DIRECTION('',(1.,2.22044604925E-16,0.));
#8781 = ORIENTED_EDGE('',*,*,#8782,.T.);
#8782 = EDGE_CURVE('',#8775,#8783,#8785,.T.);
#8783 = VERTEX_POINT('',#8784);
#8784 = CARTESIAN_POINT('',(1.25,0.2,0.15));
#8785 = LINE('',#8786,#8787);
#8786 = CARTESIAN_POINT('',(1.25,0.2,0.));
#8787 = VECTOR('',#8788,1.);
#8788 = DIRECTION('',(0.,0.,1.));
#8789 = ORIENTED_EDGE('',*,*,#8790,.T.);
#8790 = EDGE_CURVE('',#8783,#8791,#8793,.T.);
#8791 = VERTEX_POINT('',#8792);
#8792 = CARTESIAN_POINT('',(1.05,0.2,0.15));
#8793 = LINE('',#8794,#8795);
#8794 = CARTESIAN_POINT('',(1.25,0.2,0.15));
#8795 = VECTOR('',#8796,1.);
#8796 = DIRECTION('',(-1.,-2.22044604925E-16,0.));
#8797 = ORIENTED_EDGE('',*,*,#8798,.T.);
#8798 = EDGE_CURVE('',#8791,#8799,#8801,.T.);
#8799 = VERTEX_POINT('',#8800);
#8800 = CARTESIAN_POINT('',(0.95,0.2,0.25));
#8801 = CIRCLE('',#8802,0.1);
#8802 = AXIS2_PLACEMENT_3D('',#8803,#8804,#8805);
#8803 = CARTESIAN_POINT('',(1.05,0.2,0.25));
#8804 = DIRECTION('',(-2.22044604925E-16,1.,0.));
#8805 = DIRECTION('',(-2.22044604925E-15,-4.93038065763E-31,-1.));
#8806 = ORIENTED_EDGE('',*,*,#8807,.T.);
#8807 = EDGE_CURVE('',#8799,#8808,#8810,.T.);
#8808 = VERTEX_POINT('',#8809);
#8809 = CARTESIAN_POINT('',(0.95,0.2,0.475));
#8810 = LINE('',#8811,#8812);
#8811 = CARTESIAN_POINT('',(0.95,0.2,0.25));
#8812 = VECTOR('',#8813,1.);
#8813 = DIRECTION('',(0.,0.,1.));
#8814 = ORIENTED_EDGE('',*,*,#8815,.T.);
#8815 = EDGE_CURVE('',#8808,#8358,#8816,.T.);
#8816 = CIRCLE('',#8817,0.25);
#8817 = AXIS2_PLACEMENT_3D('',#8818,#8819,#8820);
#8818 = CARTESIAN_POINT('',(0.7,0.2,0.475));
#8819 = DIRECTION('',(2.22044604925E-16,-1.,0.));
#8820 = DIRECTION('',(1.,2.22044604925E-16,0.));
#8821 = PLANE('',#8822);
#8822 = AXIS2_PLACEMENT_3D('',#8823,#8824,#8825);
#8823 = CARTESIAN_POINT('',(0.923137815574,0.2,0.325594341393));
#8824 = DIRECTION('',(2.22044604925E-16,-1.,0.));
#8825 = DIRECTION('',(0.,0.,1.));
#8826 = ADVANCED_FACE('',(#8827),#8896,.T.);
#8827 = FACE_BOUND('',#8828,.T.);
#8828 = EDGE_LOOP('',(#8829,#8830,#8831,#8839,#8848,#8856,#8864,#8872,
    #8881,#8889));
#8829 = ORIENTED_EDGE('',*,*,#8379,.F.);
#8830 = ORIENTED_EDGE('',*,*,#8410,.T.);
#8831 = ORIENTED_EDGE('',*,*,#8832,.T.);
#8832 = EDGE_CURVE('',#8411,#8833,#8835,.T.);
#8833 = VERTEX_POINT('',#8834);
#8834 = CARTESIAN_POINT('',(0.8,-0.2,0.25));
#8835 = LINE('',#8836,#8837);
#8836 = CARTESIAN_POINT('',(0.8,-0.2,0.475));
#8837 = VECTOR('',#8838,1.);
#8838 = DIRECTION('',(0.,0.,-1.));
#8839 = ORIENTED_EDGE('',*,*,#8840,.T.);
#8840 = EDGE_CURVE('',#8833,#8841,#8843,.T.);
#8841 = VERTEX_POINT('',#8842);
#8842 = CARTESIAN_POINT('',(1.05,-0.2,0.));
#8843 = CIRCLE('',#8844,0.25);
#8844 = AXIS2_PLACEMENT_3D('',#8845,#8846,#8847);
#8845 = CARTESIAN_POINT('',(1.05,-0.2,0.25));
#8846 = DIRECTION('',(2.22044604925E-16,-1.,0.));
#8847 = DIRECTION('',(-1.,-2.22044604925E-16,-4.440892098501E-16));
#8848 = ORIENTED_EDGE('',*,*,#8849,.T.);
#8849 = EDGE_CURVE('',#8841,#8850,#8852,.T.);
#8850 = VERTEX_POINT('',#8851);
#8851 = CARTESIAN_POINT('',(1.25,-0.2,0.));
#8852 = LINE('',#8853,#8854);
#8853 = CARTESIAN_POINT('',(1.05,-0.2,0.));
#8854 = VECTOR('',#8855,1.);
#8855 = DIRECTION('',(1.,2.22044604925E-16,0.));
#8856 = ORIENTED_EDGE('',*,*,#8857,.T.);
#8857 = EDGE_CURVE('',#8850,#8858,#8860,.T.);
#8858 = VERTEX_POINT('',#8859);
#8859 = CARTESIAN_POINT('',(1.25,-0.2,0.15));
#8860 = LINE('',#8861,#8862);
#8861 = CARTESIAN_POINT('',(1.25,-0.2,0.));
#8862 = VECTOR('',#8863,1.);
#8863 = DIRECTION('',(0.,0.,1.));
#8864 = ORIENTED_EDGE('',*,*,#8865,.T.);
#8865 = EDGE_CURVE('',#8858,#8866,#8868,.T.);
#8866 = VERTEX_POINT('',#8867);
#8867 = CARTESIAN_POINT('',(1.05,-0.2,0.15));
#8868 = LINE('',#8869,#8870);
#8869 = CARTESIAN_POINT('',(1.25,-0.2,0.15));
#8870 = VECTOR('',#8871,1.);
#8871 = DIRECTION('',(-1.,-2.22044604925E-16,0.));
#8872 = ORIENTED_EDGE('',*,*,#8873,.T.);
#8873 = EDGE_CURVE('',#8866,#8874,#8876,.T.);
#8874 = VERTEX_POINT('',#8875);
#8875 = CARTESIAN_POINT('',(0.95,-0.2,0.25));
#8876 = CIRCLE('',#8877,0.1);
#8877 = AXIS2_PLACEMENT_3D('',#8878,#8879,#8880);
#8878 = CARTESIAN_POINT('',(1.05,-0.2,0.25));
#8879 = DIRECTION('',(-2.22044604925E-16,1.,0.));
#8880 = DIRECTION('',(-2.22044604925E-15,-4.93038065763E-31,-1.));
#8881 = ORIENTED_EDGE('',*,*,#8882,.T.);
#8882 = EDGE_CURVE('',#8874,#8883,#8885,.T.);
#8883 = VERTEX_POINT('',#8884);
#8884 = CARTESIAN_POINT('',(0.95,-0.2,0.475));
#8885 = LINE('',#8886,#8887);
#8886 = CARTESIAN_POINT('',(0.95,-0.2,0.25));
#8887 = VECTOR('',#8888,1.);
#8888 = DIRECTION('',(0.,0.,1.));
#8889 = ORIENTED_EDGE('',*,*,#8890,.T.);
#8890 = EDGE_CURVE('',#8883,#8380,#8891,.T.);
#8891 = CIRCLE('',#8892,0.25);
#8892 = AXIS2_PLACEMENT_3D('',#8893,#8894,#8895);
#8893 = CARTESIAN_POINT('',(0.7,-0.2,0.475));
#8894 = DIRECTION('',(2.22044604925E-16,-1.,0.));
#8895 = DIRECTION('',(1.,2.22044604925E-16,0.));
#8896 = PLANE('',#8897);
#8897 = AXIS2_PLACEMENT_3D('',#8898,#8899,#8900);
#8898 = CARTESIAN_POINT('',(0.923137815574,-0.2,0.325594341393));
#8899 = DIRECTION('',(2.22044604925E-16,-1.,0.));
#8900 = DIRECTION('',(0.,0.,1.));
#8901 = ADVANCED_FACE('',(#8902),#8926,.F.);
#8902 = FACE_BOUND('',#8903,.F.);
#8903 = EDGE_LOOP('',(#8904,#8912,#8913,#8920));
#8904 = ORIENTED_EDGE('',*,*,#8905,.F.);
#8905 = EDGE_CURVE('',#8380,#8906,#8908,.T.);
#8906 = VERTEX_POINT('',#8907);
#8907 = CARTESIAN_POINT('',(0.675,-0.2,0.725));
#8908 = LINE('',#8909,#8910);
#8909 = CARTESIAN_POINT('',(0.7,-0.2,0.725));
#8910 = VECTOR('',#8911,1.);
#8911 = DIRECTION('',(-1.,-2.22044604925E-16,0.));
#8912 = ORIENTED_EDGE('',*,*,#8395,.T.);
#8913 = ORIENTED_EDGE('',*,*,#8914,.T.);
#8914 = EDGE_CURVE('',#8389,#8915,#8917,.T.);
#8915 = VERTEX_POINT('',#8916);
#8916 = CARTESIAN_POINT('',(0.675,-1.3925,0.725));
#8917 = B_SPLINE_CURVE_WITH_KNOTS('',1,(#8918,#8919),.UNSPECIFIED.,.F.,
  .F.,(2,2),(0.,1.),.PIECEWISE_BEZIER_KNOTS.);
#8918 = CARTESIAN_POINT('',(0.7,-1.405,0.725));
#8919 = CARTESIAN_POINT('',(0.675,-1.3925,0.725));
#8920 = ORIENTED_EDGE('',*,*,#8921,.F.);
#8921 = EDGE_CURVE('',#8906,#8915,#8922,.T.);
#8922 = LINE('',#8923,#8924);
#8923 = CARTESIAN_POINT('',(0.675,1.3925,0.725));
#8924 = VECTOR('',#8925,1.);
#8925 = DIRECTION('',(2.22044604925E-16,-1.,0.));
#8926 = B_SPLINE_SURFACE_WITH_KNOTS('',1,1,(
    (#8927,#8928)
    ,(#8929,#8930
    )),.UNSPECIFIED.,.F.,.F.,.F.,(2,2),(2,2),(0.,2.81),(0.,1.),
  .PIECEWISE_BEZIER_KNOTS.);
#8927 = CARTESIAN_POINT('',(0.7,1.405,0.725));
#8928 = CARTESIAN_POINT('',(0.675,1.3925,0.725));
#8929 = CARTESIAN_POINT('',(0.7,-1.405,0.725));
#8930 = CARTESIAN_POINT('',(0.675,-1.3925,0.725));
#8931 = ADVANCED_FACE('',(#8932),#8943,.F.);
#8932 = FACE_BOUND('',#8933,.F.);
#8933 = EDGE_LOOP('',(#8934,#8935,#8936,#8942));
#8934 = ORIENTED_EDGE('',*,*,#8419,.T.);
#8935 = ORIENTED_EDGE('',*,*,#8832,.T.);
#8936 = ORIENTED_EDGE('',*,*,#8937,.F.);
#8937 = EDGE_CURVE('',#8758,#8833,#8938,.T.);
#8938 = LINE('',#8939,#8940);
#8939 = CARTESIAN_POINT('',(0.8,0.2,0.25));
#8940 = VECTOR('',#8941,1.);
#8941 = DIRECTION('',(2.22044604925E-16,-1.,0.));
#8942 = ORIENTED_EDGE('',*,*,#8757,.F.);
#8943 = PLANE('',#8944);
#8944 = AXIS2_PLACEMENT_3D('',#8945,#8946,#8947);
#8945 = CARTESIAN_POINT('',(0.8,0.2,0.475));
#8946 = DIRECTION('',(1.,2.22044604925E-16,0.));
#8947 = DIRECTION('',(0.,0.,-1.));
#8948 = ADVANCED_FACE('',(#8949),#8966,.F.);
#8949 = FACE_BOUND('',#8950,.F.);
#8950 = EDGE_LOOP('',(#8951,#8952,#8959,#8965));
#8951 = ORIENTED_EDGE('',*,*,#8450,.T.);
#8952 = ORIENTED_EDGE('',*,*,#8953,.T.);
#8953 = EDGE_CURVE('',#8444,#8954,#8956,.T.);
#8954 = VERTEX_POINT('',#8955);
#8955 = CARTESIAN_POINT('',(0.5925,-1.475,0.725));
#8956 = B_SPLINE_CURVE_WITH_KNOTS('',1,(#8957,#8958),.UNSPECIFIED.,.F.,
  .F.,(2,2),(0.,1.),.PIECEWISE_BEZIER_KNOTS.);
#8957 = CARTESIAN_POINT('',(0.605,-1.5,0.725));
#8958 = CARTESIAN_POINT('',(0.5925,-1.475,0.725));
#8959 = ORIENTED_EDGE('',*,*,#8960,.F.);
#8960 = EDGE_CURVE('',#8915,#8954,#8961,.T.);
#8961 = LINE('',#8962,#8963);
#8962 = CARTESIAN_POINT('',(0.675,-1.3925,0.725));
#8963 = VECTOR('',#8964,1.);
#8964 = DIRECTION('',(-0.707106781187,-0.707106781187,0.));
#8965 = ORIENTED_EDGE('',*,*,#8914,.F.);
#8966 = B_SPLINE_SURFACE_WITH_KNOTS('',1,1,(
    (#8967,#8968)
    ,(#8969,#8970
    )),.UNSPECIFIED.,.F.,.F.,.F.,(2,2),(2,2),(0.,0.134350288425),(0.,1.)
  ,.PIECEWISE_BEZIER_KNOTS.);
#8967 = CARTESIAN_POINT('',(0.7,-1.405,0.725));
#8968 = CARTESIAN_POINT('',(0.675,-1.3925,0.725));
#8969 = CARTESIAN_POINT('',(0.605,-1.5,0.725));
#8970 = CARTESIAN_POINT('',(0.5925,-1.475,0.725));
#8971 = ADVANCED_FACE('',(#8972),#8989,.F.);
#8972 = FACE_BOUND('',#8973,.F.);
#8973 = EDGE_LOOP('',(#8974,#8975,#8982,#8988));
#8974 = ORIENTED_EDGE('',*,*,#8473,.T.);
#8975 = ORIENTED_EDGE('',*,*,#8976,.T.);
#8976 = EDGE_CURVE('',#8467,#8977,#8979,.T.);
#8977 = VERTEX_POINT('',#8978);
#8978 = CARTESIAN_POINT('',(-0.5925,-1.475,0.725));
#8979 = B_SPLINE_CURVE_WITH_KNOTS('',1,(#8980,#8981),.UNSPECIFIED.,.F.,
  .F.,(2,2),(0.,1.),.PIECEWISE_BEZIER_KNOTS.);
#8980 = CARTESIAN_POINT('',(-0.605,-1.5,0.725));
#8981 = CARTESIAN_POINT('',(-0.5925,-1.475,0.725));
#8982 = ORIENTED_EDGE('',*,*,#8983,.F.);
#8983 = EDGE_CURVE('',#8954,#8977,#8984,.T.);
#8984 = LINE('',#8985,#8986);
#8985 = CARTESIAN_POINT('',(0.5925,-1.475,0.725));
#8986 = VECTOR('',#8987,1.);
#8987 = DIRECTION('',(-1.,-2.22044604925E-16,0.));
#8988 = ORIENTED_EDGE('',*,*,#8953,.F.);
#8989 = B_SPLINE_SURFACE_WITH_KNOTS('',1,1,(
    (#8990,#8991)
    ,(#8992,#8993
    )),.UNSPECIFIED.,.F.,.F.,.F.,(2,2),(2,2),(0.,1.21),(0.,1.),
  .PIECEWISE_BEZIER_KNOTS.);
#8990 = CARTESIAN_POINT('',(0.605,-1.5,0.725));
#8991 = CARTESIAN_POINT('',(0.5925,-1.475,0.725));
#8992 = CARTESIAN_POINT('',(-0.605,-1.5,0.725));
#8993 = CARTESIAN_POINT('',(-0.5925,-1.475,0.725));
#8994 = ADVANCED_FACE('',(#8995),#9012,.F.);
#8995 = FACE_BOUND('',#8996,.F.);
#8996 = EDGE_LOOP('',(#8997,#8998,#9005,#9011));
#8997 = ORIENTED_EDGE('',*,*,#8496,.T.);
#8998 = ORIENTED_EDGE('',*,*,#8999,.T.);
#8999 = EDGE_CURVE('',#8490,#9000,#9002,.T.);
#9000 = VERTEX_POINT('',#9001);
#9001 = CARTESIAN_POINT('',(-0.675,-1.3925,0.725));
#9002 = B_SPLINE_CURVE_WITH_KNOTS('',1,(#9003,#9004),.UNSPECIFIED.,.F.,
  .F.,(2,2),(0.,1.),.PIECEWISE_BEZIER_KNOTS.);
#9003 = CARTESIAN_POINT('',(-0.7,-1.405,0.725));
#9004 = CARTESIAN_POINT('',(-0.675,-1.3925,0.725));
#9005 = ORIENTED_EDGE('',*,*,#9006,.F.);
#9006 = EDGE_CURVE('',#8977,#9000,#9007,.T.);
#9007 = LINE('',#9008,#9009);
#9008 = CARTESIAN_POINT('',(-0.5925,-1.475,0.725));
#9009 = VECTOR('',#9010,1.);
#9010 = DIRECTION('',(-0.707106781187,0.707106781187,0.));
#9011 = ORIENTED_EDGE('',*,*,#8976,.F.);
#9012 = B_SPLINE_SURFACE_WITH_KNOTS('',1,1,(
    (#9013,#9014)
    ,(#9015,#9016
    )),.UNSPECIFIED.,.F.,.F.,.F.,(2,2),(2,2),(0.,0.134350288425),(0.,1.)
  ,.PIECEWISE_BEZIER_KNOTS.);
#9013 = CARTESIAN_POINT('',(-0.605,-1.5,0.725));
#9014 = CARTESIAN_POINT('',(-0.5925,-1.475,0.725));
#9015 = CARTESIAN_POINT('',(-0.7,-1.405,0.725));
#9016 = CARTESIAN_POINT('',(-0.675,-1.3925,0.725));
#9017 = ADVANCED_FACE('',(#9018),#9036,.F.);
#9018 = FACE_BOUND('',#9019,.F.);
#9019 = EDGE_LOOP('',(#9020,#9021,#9022,#9030));
#9020 = ORIENTED_EDGE('',*,*,#8999,.F.);
#9021 = ORIENTED_EDGE('',*,*,#8521,.T.);
#9022 = ORIENTED_EDGE('',*,*,#9023,.T.);
#9023 = EDGE_CURVE('',#8514,#9024,#9026,.T.);
#9024 = VERTEX_POINT('',#9025);
#9025 = CARTESIAN_POINT('',(-0.675,-1.15,0.725));
#9026 = LINE('',#9027,#9028);
#9027 = CARTESIAN_POINT('',(-0.7,-1.15,0.725));
#9028 = VECTOR('',#9029,1.);
#9029 = DIRECTION('',(1.,9.95799250103E-17,0.));
#9030 = ORIENTED_EDGE('',*,*,#9031,.F.);
#9031 = EDGE_CURVE('',#9000,#9024,#9032,.T.);
#9032 = LINE('',#9033,#9034);
#9033 = CARTESIAN_POINT('',(-0.675,-1.3925,0.725));
#9034 = VECTOR('',#9035,1.);
#9035 = DIRECTION('',(-2.22044604925E-16,1.,0.));
#9036 = B_SPLINE_SURFACE_WITH_KNOTS('',1,1,(
    (#9037,#9038)
    ,(#9039,#9040
    )),.UNSPECIFIED.,.F.,.F.,.F.,(2,2),(2,2),(0.,2.81),(0.,1.),
  .PIECEWISE_BEZIER_KNOTS.);
#9037 = CARTESIAN_POINT('',(-0.7,-1.405,0.725));
#9038 = CARTESIAN_POINT('',(-0.675,-1.3925,0.725));
#9039 = CARTESIAN_POINT('',(-0.7,1.405,0.725));
#9040 = CARTESIAN_POINT('',(-0.675,1.3925,0.725));
#9041 = ADVANCED_FACE('',(#9042),#9111,.F.);
#9042 = FACE_BOUND('',#9043,.F.);
#9043 = EDGE_LOOP('',(#9044,#9045,#9046,#9054,#9063,#9071,#9079,#9087,
    #9096,#9104));
#9044 = ORIENTED_EDGE('',*,*,#8513,.F.);
#9045 = ORIENTED_EDGE('',*,*,#8577,.T.);
#9046 = ORIENTED_EDGE('',*,*,#9047,.T.);
#9047 = EDGE_CURVE('',#8570,#9048,#9050,.T.);
#9048 = VERTEX_POINT('',#9049);
#9049 = CARTESIAN_POINT('',(-0.8,-1.15,0.25));
#9050 = LINE('',#9051,#9052);
#9051 = CARTESIAN_POINT('',(-0.8,-1.15,0.475));
#9052 = VECTOR('',#9053,1.);
#9053 = DIRECTION('',(-0.,0.,-1.));
#9054 = ORIENTED_EDGE('',*,*,#9055,.T.);
#9055 = EDGE_CURVE('',#9048,#9056,#9058,.T.);
#9056 = VERTEX_POINT('',#9057);
#9057 = CARTESIAN_POINT('',(-1.05,-1.15,0.));
#9058 = CIRCLE('',#9059,0.25);
#9059 = AXIS2_PLACEMENT_3D('',#9060,#9061,#9062);
#9060 = CARTESIAN_POINT('',(-1.05,-1.15,0.25));
#9061 = DIRECTION('',(-9.95799250103E-17,1.,0.));
#9062 = DIRECTION('',(1.,9.95799250103E-17,-4.440892098501E-16));
#9063 = ORIENTED_EDGE('',*,*,#9064,.T.);
#9064 = EDGE_CURVE('',#9056,#9065,#9067,.T.);
#9065 = VERTEX_POINT('',#9066);
#9066 = CARTESIAN_POINT('',(-1.25,-1.15,0.));
#9067 = LINE('',#9068,#9069);
#9068 = CARTESIAN_POINT('',(-1.05,-1.15,0.));
#9069 = VECTOR('',#9070,1.);
#9070 = DIRECTION('',(-1.,-9.95799250103E-17,0.));
#9071 = ORIENTED_EDGE('',*,*,#9072,.T.);
#9072 = EDGE_CURVE('',#9065,#9073,#9075,.T.);
#9073 = VERTEX_POINT('',#9074);
#9074 = CARTESIAN_POINT('',(-1.25,-1.15,0.15));
#9075 = LINE('',#9076,#9077);
#9076 = CARTESIAN_POINT('',(-1.25,-1.15,0.));
#9077 = VECTOR('',#9078,1.);
#9078 = DIRECTION('',(0.,0.,1.));
#9079 = ORIENTED_EDGE('',*,*,#9080,.T.);
#9080 = EDGE_CURVE('',#9073,#9081,#9083,.T.);
#9081 = VERTEX_POINT('',#9082);
#9082 = CARTESIAN_POINT('',(-1.05,-1.15,0.15));
#9083 = LINE('',#9084,#9085);
#9084 = CARTESIAN_POINT('',(-1.25,-1.15,0.15));
#9085 = VECTOR('',#9086,1.);
#9086 = DIRECTION('',(1.,9.95799250103E-17,0.));
#9087 = ORIENTED_EDGE('',*,*,#9088,.T.);
#9088 = EDGE_CURVE('',#9081,#9089,#9091,.T.);
#9089 = VERTEX_POINT('',#9090);
#9090 = CARTESIAN_POINT('',(-0.95,-1.15,0.25));
#9091 = CIRCLE('',#9092,0.1);
#9092 = AXIS2_PLACEMENT_3D('',#9093,#9094,#9095);
#9093 = CARTESIAN_POINT('',(-1.05,-1.15,0.25));
#9094 = DIRECTION('',(9.95799250103E-17,-1.,0.));
#9095 = DIRECTION('',(2.22044604925E-15,2.211118510737E-31,-1.));
#9096 = ORIENTED_EDGE('',*,*,#9097,.T.);
#9097 = EDGE_CURVE('',#9089,#9098,#9100,.T.);
#9098 = VERTEX_POINT('',#9099);
#9099 = CARTESIAN_POINT('',(-0.95,-1.15,0.475));
#9100 = LINE('',#9101,#9102);
#9101 = CARTESIAN_POINT('',(-0.95,-1.15,0.25));
#9102 = VECTOR('',#9103,1.);
#9103 = DIRECTION('',(0.,0.,1.));
#9104 = ORIENTED_EDGE('',*,*,#9105,.T.);
#9105 = EDGE_CURVE('',#9098,#8514,#9106,.T.);
#9106 = CIRCLE('',#9107,0.25);
#9107 = AXIS2_PLACEMENT_3D('',#9108,#9109,#9110);
#9108 = CARTESIAN_POINT('',(-0.7,-1.15,0.475));
#9109 = DIRECTION('',(-9.95799250103E-17,1.,0.));
#9110 = DIRECTION('',(-1.,-9.95799250103E-17,0.));
#9111 = PLANE('',#9112);
#9112 = AXIS2_PLACEMENT_3D('',#9113,#9114,#9115);
#9113 = CARTESIAN_POINT('',(-0.923137815574,-1.15,0.325594341393));
#9114 = DIRECTION('',(-9.95799250103E-17,1.,0.));
#9115 = DIRECTION('',(0.,0.,1.));
#9116 = ADVANCED_FACE('',(#9117),#9186,.T.);
#9117 = FACE_BOUND('',#9118,.T.);
#9118 = EDGE_LOOP('',(#9119,#9120,#9121,#9129,#9138,#9146,#9154,#9162,
    #9171,#9179));
#9119 = ORIENTED_EDGE('',*,*,#8535,.F.);
#9120 = ORIENTED_EDGE('',*,*,#8593,.T.);
#9121 = ORIENTED_EDGE('',*,*,#9122,.T.);
#9122 = EDGE_CURVE('',#8594,#9123,#9125,.T.);
#9123 = VERTEX_POINT('',#9124);
#9124 = CARTESIAN_POINT('',(-0.8,1.15,0.25));
#9125 = LINE('',#9126,#9127);
#9126 = CARTESIAN_POINT('',(-0.8,1.15,0.475));
#9127 = VECTOR('',#9128,1.);
#9128 = DIRECTION('',(-0.,0.,-1.));
#9129 = ORIENTED_EDGE('',*,*,#9130,.T.);
#9130 = EDGE_CURVE('',#9123,#9131,#9133,.T.);
#9131 = VERTEX_POINT('',#9132);
#9132 = CARTESIAN_POINT('',(-1.05,1.15,0.));
#9133 = CIRCLE('',#9134,0.25);
#9134 = AXIS2_PLACEMENT_3D('',#9135,#9136,#9137);
#9135 = CARTESIAN_POINT('',(-1.05,1.15,0.25));
#9136 = DIRECTION('',(-9.95799250103E-17,1.,0.));
#9137 = DIRECTION('',(1.,9.95799250103E-17,-4.440892098501E-16));
#9138 = ORIENTED_EDGE('',*,*,#9139,.T.);
#9139 = EDGE_CURVE('',#9131,#9140,#9142,.T.);
#9140 = VERTEX_POINT('',#9141);
#9141 = CARTESIAN_POINT('',(-1.25,1.15,0.));
#9142 = LINE('',#9143,#9144);
#9143 = CARTESIAN_POINT('',(-1.05,1.15,0.));
#9144 = VECTOR('',#9145,1.);
#9145 = DIRECTION('',(-1.,-9.95799250103E-17,0.));
#9146 = ORIENTED_EDGE('',*,*,#9147,.T.);
#9147 = EDGE_CURVE('',#9140,#9148,#9150,.T.);
#9148 = VERTEX_POINT('',#9149);
#9149 = CARTESIAN_POINT('',(-1.25,1.15,0.15));
#9150 = LINE('',#9151,#9152);
#9151 = CARTESIAN_POINT('',(-1.25,1.15,0.));
#9152 = VECTOR('',#9153,1.);
#9153 = DIRECTION('',(0.,0.,1.));
#9154 = ORIENTED_EDGE('',*,*,#9155,.T.);
#9155 = EDGE_CURVE('',#9148,#9156,#9158,.T.);
#9156 = VERTEX_POINT('',#9157);
#9157 = CARTESIAN_POINT('',(-1.05,1.15,0.15));
#9158 = LINE('',#9159,#9160);
#9159 = CARTESIAN_POINT('',(-1.25,1.15,0.15));
#9160 = VECTOR('',#9161,1.);
#9161 = DIRECTION('',(1.,9.95799250103E-17,0.));
#9162 = ORIENTED_EDGE('',*,*,#9163,.T.);
#9163 = EDGE_CURVE('',#9156,#9164,#9166,.T.);
#9164 = VERTEX_POINT('',#9165);
#9165 = CARTESIAN_POINT('',(-0.95,1.15,0.25));
#9166 = CIRCLE('',#9167,0.1);
#9167 = AXIS2_PLACEMENT_3D('',#9168,#9169,#9170);
#9168 = CARTESIAN_POINT('',(-1.05,1.15,0.25));
#9169 = DIRECTION('',(9.95799250103E-17,-1.,0.));
#9170 = DIRECTION('',(2.22044604925E-15,2.211118510737E-31,-1.));
#9171 = ORIENTED_EDGE('',*,*,#9172,.T.);
#9172 = EDGE_CURVE('',#9164,#9173,#9175,.T.);
#9173 = VERTEX_POINT('',#9174);
#9174 = CARTESIAN_POINT('',(-0.95,1.15,0.475));
#9175 = LINE('',#9176,#9177);
#9176 = CARTESIAN_POINT('',(-0.95,1.15,0.25));
#9177 = VECTOR('',#9178,1.);
#9178 = DIRECTION('',(0.,0.,1.));
#9179 = ORIENTED_EDGE('',*,*,#9180,.T.);
#9180 = EDGE_CURVE('',#9173,#8536,#9181,.T.);
#9181 = CIRCLE('',#9182,0.25);
#9182 = AXIS2_PLACEMENT_3D('',#9183,#9184,#9185);
#9183 = CARTESIAN_POINT('',(-0.7,1.15,0.475));
#9184 = DIRECTION('',(-9.95799250103E-17,1.,0.));
#9185 = DIRECTION('',(-1.,-9.95799250103E-17,0.));
#9186 = PLANE('',#9187);
#9187 = AXIS2_PLACEMENT_3D('',#9188,#9189,#9190);
#9188 = CARTESIAN_POINT('',(-0.923137815574,1.15,0.325594341393));
#9189 = DIRECTION('',(-9.95799250103E-17,1.,0.));
#9190 = DIRECTION('',(0.,0.,1.));
#9191 = ADVANCED_FACE('',(#9192),#9210,.F.);
#9192 = FACE_BOUND('',#9193,.F.);
#9193 = EDGE_LOOP('',(#9194,#9202,#9203,#9204));
#9194 = ORIENTED_EDGE('',*,*,#9195,.F.);
#9195 = EDGE_CURVE('',#8536,#9196,#9198,.T.);
#9196 = VERTEX_POINT('',#9197);
#9197 = CARTESIAN_POINT('',(-0.675,1.15,0.725));
#9198 = LINE('',#9199,#9200);
#9199 = CARTESIAN_POINT('',(-0.7,1.15,0.725));
#9200 = VECTOR('',#9201,1.);
#9201 = DIRECTION('',(1.,9.95799250103E-17,0.));
#9202 = ORIENTED_EDGE('',*,*,#8545,.T.);
#9203 = ORIENTED_EDGE('',*,*,#8718,.T.);
#9204 = ORIENTED_EDGE('',*,*,#9205,.F.);
#9205 = EDGE_CURVE('',#9196,#8711,#9206,.T.);
#9206 = LINE('',#9207,#9208);
#9207 = CARTESIAN_POINT('',(-0.675,-1.3925,0.725));
#9208 = VECTOR('',#9209,1.);
#9209 = DIRECTION('',(-2.22044604925E-16,1.,0.));
#9210 = B_SPLINE_SURFACE_WITH_KNOTS('',1,1,(
    (#9211,#9212)
    ,(#9213,#9214
    )),.UNSPECIFIED.,.F.,.F.,.F.,(2,2),(2,2),(0.,2.81),(0.,1.),
  .PIECEWISE_BEZIER_KNOTS.);
#9211 = CARTESIAN_POINT('',(-0.7,-1.405,0.725));
#9212 = CARTESIAN_POINT('',(-0.675,-1.3925,0.725));
#9213 = CARTESIAN_POINT('',(-0.7,1.405,0.725));
#9214 = CARTESIAN_POINT('',(-0.675,1.3925,0.725));
#9215 = ADVANCED_FACE('',(#9216),#9285,.T.);
#9216 = FACE_BOUND('',#9217,.T.);
#9217 = EDGE_LOOP('',(#9218,#9219,#9220,#9228,#9237,#9245,#9253,#9261,
    #9270,#9278));
#9218 = ORIENTED_EDGE('',*,*,#8625,.F.);
#9219 = ORIENTED_EDGE('',*,*,#8560,.T.);
#9220 = ORIENTED_EDGE('',*,*,#9221,.T.);
#9221 = EDGE_CURVE('',#8561,#9222,#9224,.T.);
#9222 = VERTEX_POINT('',#9223);
#9223 = CARTESIAN_POINT('',(-0.8,-0.75,0.25));
#9224 = LINE('',#9225,#9226);
#9225 = CARTESIAN_POINT('',(-0.8,-0.75,0.475));
#9226 = VECTOR('',#9227,1.);
#9227 = DIRECTION('',(-0.,0.,-1.));
#9228 = ORIENTED_EDGE('',*,*,#9229,.T.);
#9229 = EDGE_CURVE('',#9222,#9230,#9232,.T.);
#9230 = VERTEX_POINT('',#9231);
#9231 = CARTESIAN_POINT('',(-1.05,-0.75,0.));
#9232 = CIRCLE('',#9233,0.25);
#9233 = AXIS2_PLACEMENT_3D('',#9234,#9235,#9236);
#9234 = CARTESIAN_POINT('',(-1.05,-0.75,0.25));
#9235 = DIRECTION('',(-9.95799250103E-17,1.,0.));
#9236 = DIRECTION('',(1.,9.95799250103E-17,-4.440892098501E-16));
#9237 = ORIENTED_EDGE('',*,*,#9238,.T.);
#9238 = EDGE_CURVE('',#9230,#9239,#9241,.T.);
#9239 = VERTEX_POINT('',#9240);
#9240 = CARTESIAN_POINT('',(-1.25,-0.75,0.));
#9241 = LINE('',#9242,#9243);
#9242 = CARTESIAN_POINT('',(-1.05,-0.75,0.));
#9243 = VECTOR('',#9244,1.);
#9244 = DIRECTION('',(-1.,-9.95799250103E-17,0.));
#9245 = ORIENTED_EDGE('',*,*,#9246,.T.);
#9246 = EDGE_CURVE('',#9239,#9247,#9249,.T.);
#9247 = VERTEX_POINT('',#9248);
#9248 = CARTESIAN_POINT('',(-1.25,-0.75,0.15));
#9249 = LINE('',#9250,#9251);
#9250 = CARTESIAN_POINT('',(-1.25,-0.75,0.));
#9251 = VECTOR('',#9252,1.);
#9252 = DIRECTION('',(0.,0.,1.));
#9253 = ORIENTED_EDGE('',*,*,#9254,.T.);
#9254 = EDGE_CURVE('',#9247,#9255,#9257,.T.);
#9255 = VERTEX_POINT('',#9256);
#9256 = CARTESIAN_POINT('',(-1.05,-0.75,0.15));
#9257 = LINE('',#9258,#9259);
#9258 = CARTESIAN_POINT('',(-1.25,-0.75,0.15));
#9259 = VECTOR('',#9260,1.);
#9260 = DIRECTION('',(1.,9.95799250103E-17,0.));
#9261 = ORIENTED_EDGE('',*,*,#9262,.T.);
#9262 = EDGE_CURVE('',#9255,#9263,#9265,.T.);
#9263 = VERTEX_POINT('',#9264);
#9264 = CARTESIAN_POINT('',(-0.95,-0.75,0.25));
#9265 = CIRCLE('',#9266,0.1);
#9266 = AXIS2_PLACEMENT_3D('',#9267,#9268,#9269);
#9267 = CARTESIAN_POINT('',(-1.05,-0.75,0.25));
#9268 = DIRECTION('',(9.95799250103E-17,-1.,0.));
#9269 = DIRECTION('',(2.22044604925E-15,2.211118510737E-31,-1.));
#9270 = ORIENTED_EDGE('',*,*,#9271,.T.);
#9271 = EDGE_CURVE('',#9263,#9272,#9274,.T.);
#9272 = VERTEX_POINT('',#9273);
#9273 = CARTESIAN_POINT('',(-0.95,-0.75,0.475));
#9274 = LINE('',#9275,#9276);
#9275 = CARTESIAN_POINT('',(-0.95,-0.75,0.25));
#9276 = VECTOR('',#9277,1.);
#9277 = DIRECTION('',(0.,0.,1.));
#9278 = ORIENTED_EDGE('',*,*,#9279,.T.);
#9279 = EDGE_CURVE('',#9272,#8626,#9280,.T.);
#9280 = CIRCLE('',#9281,0.25);
#9281 = AXIS2_PLACEMENT_3D('',#9282,#9283,#9284);
#9282 = CARTESIAN_POINT('',(-0.7,-0.75,0.475));
#9283 = DIRECTION('',(-9.95799250103E-17,1.,0.));
#9284 = DIRECTION('',(-1.,-9.95799250103E-17,0.));
#9285 = PLANE('',#9286);
#9286 = AXIS2_PLACEMENT_3D('',#9287,#9288,#9289);
#9287 = CARTESIAN_POINT('',(-0.923137815574,-0.75,0.325594341393));
#9288 = DIRECTION('',(-9.95799250103E-17,1.,0.));
#9289 = DIRECTION('',(0.,0.,1.));
#9290 = ADVANCED_FACE('',(#9291),#9302,.F.);
#9291 = FACE_BOUND('',#9292,.F.);
#9292 = EDGE_LOOP('',(#9293,#9294,#9295,#9301));
#9293 = ORIENTED_EDGE('',*,*,#8569,.T.);
#9294 = ORIENTED_EDGE('',*,*,#9221,.T.);
#9295 = ORIENTED_EDGE('',*,*,#9296,.F.);
#9296 = EDGE_CURVE('',#9048,#9222,#9297,.T.);
#9297 = LINE('',#9298,#9299);
#9298 = CARTESIAN_POINT('',(-0.8,-1.15,0.25));
#9299 = VECTOR('',#9300,1.);
#9300 = DIRECTION('',(-9.95799250103E-17,1.,0.));
#9301 = ORIENTED_EDGE('',*,*,#9047,.F.);
#9302 = PLANE('',#9303);
#9303 = AXIS2_PLACEMENT_3D('',#9304,#9305,#9306);
#9304 = CARTESIAN_POINT('',(-0.8,-1.15,0.475));
#9305 = DIRECTION('',(-1.,-9.95799250103E-17,0.));
#9306 = DIRECTION('',(-0.,0.,-1.));
#9307 = ADVANCED_FACE('',(#9308),#9377,.F.);
#9308 = FACE_BOUND('',#9309,.F.);
#9309 = EDGE_LOOP('',(#9310,#9311,#9312,#9320,#9329,#9337,#9345,#9353,
    #9362,#9370));
#9310 = ORIENTED_EDGE('',*,*,#8634,.F.);
#9311 = ORIENTED_EDGE('',*,*,#8610,.T.);
#9312 = ORIENTED_EDGE('',*,*,#9313,.T.);
#9313 = EDGE_CURVE('',#8603,#9314,#9316,.T.);
#9314 = VERTEX_POINT('',#9315);
#9315 = CARTESIAN_POINT('',(-0.8,0.75,0.25));
#9316 = LINE('',#9317,#9318);
#9317 = CARTESIAN_POINT('',(-0.8,0.75,0.475));
#9318 = VECTOR('',#9319,1.);
#9319 = DIRECTION('',(-0.,0.,-1.));
#9320 = ORIENTED_EDGE('',*,*,#9321,.T.);
#9321 = EDGE_CURVE('',#9314,#9322,#9324,.T.);
#9322 = VERTEX_POINT('',#9323);
#9323 = CARTESIAN_POINT('',(-1.05,0.75,0.));
#9324 = CIRCLE('',#9325,0.25);
#9325 = AXIS2_PLACEMENT_3D('',#9326,#9327,#9328);
#9326 = CARTESIAN_POINT('',(-1.05,0.75,0.25));
#9327 = DIRECTION('',(-9.95799250103E-17,1.,0.));
#9328 = DIRECTION('',(1.,9.95799250103E-17,-4.440892098501E-16));
#9329 = ORIENTED_EDGE('',*,*,#9330,.T.);
#9330 = EDGE_CURVE('',#9322,#9331,#9333,.T.);
#9331 = VERTEX_POINT('',#9332);
#9332 = CARTESIAN_POINT('',(-1.25,0.75,0.));
#9333 = LINE('',#9334,#9335);
#9334 = CARTESIAN_POINT('',(-1.05,0.75,0.));
#9335 = VECTOR('',#9336,1.);
#9336 = DIRECTION('',(-1.,-9.95799250103E-17,0.));
#9337 = ORIENTED_EDGE('',*,*,#9338,.T.);
#9338 = EDGE_CURVE('',#9331,#9339,#9341,.T.);
#9339 = VERTEX_POINT('',#9340);
#9340 = CARTESIAN_POINT('',(-1.25,0.75,0.15));
#9341 = LINE('',#9342,#9343);
#9342 = CARTESIAN_POINT('',(-1.25,0.75,0.));
#9343 = VECTOR('',#9344,1.);
#9344 = DIRECTION('',(0.,0.,1.));
#9345 = ORIENTED_EDGE('',*,*,#9346,.T.);
#9346 = EDGE_CURVE('',#9339,#9347,#9349,.T.);
#9347 = VERTEX_POINT('',#9348);
#9348 = CARTESIAN_POINT('',(-1.05,0.75,0.15));
#9349 = LINE('',#9350,#9351);
#9350 = CARTESIAN_POINT('',(-1.25,0.75,0.15));
#9351 = VECTOR('',#9352,1.);
#9352 = DIRECTION('',(1.,9.95799250103E-17,0.));
#9353 = ORIENTED_EDGE('',*,*,#9354,.T.);
#9354 = EDGE_CURVE('',#9347,#9355,#9357,.T.);
#9355 = VERTEX_POINT('',#9356);
#9356 = CARTESIAN_POINT('',(-0.95,0.75,0.25));
#9357 = CIRCLE('',#9358,0.1);
#9358 = AXIS2_PLACEMENT_3D('',#9359,#9360,#9361);
#9359 = CARTESIAN_POINT('',(-1.05,0.75,0.25));
#9360 = DIRECTION('',(9.95799250103E-17,-1.,0.));
#9361 = DIRECTION('',(2.22044604925E-15,2.211118510737E-31,-1.));
#9362 = ORIENTED_EDGE('',*,*,#9363,.T.);
#9363 = EDGE_CURVE('',#9355,#9364,#9366,.T.);
#9364 = VERTEX_POINT('',#9365);
#9365 = CARTESIAN_POINT('',(-0.95,0.75,0.475));
#9366 = LINE('',#9367,#9368);
#9367 = CARTESIAN_POINT('',(-0.95,0.75,0.25));
#9368 = VECTOR('',#9369,1.);
#9369 = DIRECTION('',(0.,0.,1.));
#9370 = ORIENTED_EDGE('',*,*,#9371,.T.);
#9371 = EDGE_CURVE('',#9364,#8635,#9372,.T.);
#9372 = CIRCLE('',#9373,0.25);
#9373 = AXIS2_PLACEMENT_3D('',#9374,#9375,#9376);
#9374 = CARTESIAN_POINT('',(-0.7,0.75,0.475));
#9375 = DIRECTION('',(-9.95799250103E-17,1.,0.));
#9376 = DIRECTION('',(-1.,-9.95799250103E-17,0.));
#9377 = PLANE('',#9378);
#9378 = AXIS2_PLACEMENT_3D('',#9379,#9380,#9381);
#9379 = CARTESIAN_POINT('',(-0.923137815574,0.75,0.325594341393));
#9380 = DIRECTION('',(-9.95799250103E-17,1.,0.));
#9381 = DIRECTION('',(0.,0.,1.));
#9382 = ADVANCED_FACE('',(#9383),#9394,.F.);
#9383 = FACE_BOUND('',#9384,.F.);
#9384 = EDGE_LOOP('',(#9385,#9386,#9387,#9393));
#9385 = ORIENTED_EDGE('',*,*,#8602,.T.);
#9386 = ORIENTED_EDGE('',*,*,#9122,.T.);
#9387 = ORIENTED_EDGE('',*,*,#9388,.F.);
#9388 = EDGE_CURVE('',#9314,#9123,#9389,.T.);
#9389 = LINE('',#9390,#9391);
#9390 = CARTESIAN_POINT('',(-0.8,0.75,0.25));
#9391 = VECTOR('',#9392,1.);
#9392 = DIRECTION('',(-9.95799250103E-17,1.,0.));
#9393 = ORIENTED_EDGE('',*,*,#9313,.F.);
#9394 = PLANE('',#9395);
#9395 = AXIS2_PLACEMENT_3D('',#9396,#9397,#9398);
#9396 = CARTESIAN_POINT('',(-0.8,0.75,0.475));
#9397 = DIRECTION('',(-1.,-9.95799250103E-17,0.));
#9398 = DIRECTION('',(-0.,0.,-1.));
#9399 = ADVANCED_FACE('',(#9400),#9425,.F.);
#9400 = FACE_BOUND('',#9401,.F.);
#9401 = EDGE_LOOP('',(#9402,#9410,#9411,#9419));
#9402 = ORIENTED_EDGE('',*,*,#9403,.F.);
#9403 = EDGE_CURVE('',#8626,#9404,#9406,.T.);
#9404 = VERTEX_POINT('',#9405);
#9405 = CARTESIAN_POINT('',(-0.675,-0.75,0.725));
#9406 = LINE('',#9407,#9408);
#9407 = CARTESIAN_POINT('',(-0.7,-0.75,0.725));
#9408 = VECTOR('',#9409,1.);
#9409 = DIRECTION('',(1.,9.95799250103E-17,0.));
#9410 = ORIENTED_EDGE('',*,*,#8642,.T.);
#9411 = ORIENTED_EDGE('',*,*,#9412,.T.);
#9412 = EDGE_CURVE('',#8635,#9413,#9415,.T.);
#9413 = VERTEX_POINT('',#9414);
#9414 = CARTESIAN_POINT('',(-0.675,0.75,0.725));
#9415 = LINE('',#9416,#9417);
#9416 = CARTESIAN_POINT('',(-0.7,0.75,0.725));
#9417 = VECTOR('',#9418,1.);
#9418 = DIRECTION('',(1.,9.95799250103E-17,0.));
#9419 = ORIENTED_EDGE('',*,*,#9420,.F.);
#9420 = EDGE_CURVE('',#9404,#9413,#9421,.T.);
#9421 = LINE('',#9422,#9423);
#9422 = CARTESIAN_POINT('',(-0.675,-1.3925,0.725));
#9423 = VECTOR('',#9424,1.);
#9424 = DIRECTION('',(-2.22044604925E-16,1.,0.));
#9425 = B_SPLINE_SURFACE_WITH_KNOTS('',1,1,(
    (#9426,#9427)
    ,(#9428,#9429
    )),.UNSPECIFIED.,.F.,.F.,.F.,(2,2),(2,2),(0.,2.81),(0.,1.),
  .PIECEWISE_BEZIER_KNOTS.);
#9426 = CARTESIAN_POINT('',(-0.7,-1.405,0.725));
#9427 = CARTESIAN_POINT('',(-0.675,-1.3925,0.725));
#9428 = CARTESIAN_POINT('',(-0.7,1.405,0.725));
#9429 = CARTESIAN_POINT('',(-0.675,1.3925,0.725));
#9430 = ADVANCED_FACE('',(#9431),#9448,.F.);
#9431 = FACE_BOUND('',#9432,.F.);
#9432 = EDGE_LOOP('',(#9433,#9434,#9441,#9447));
#9433 = ORIENTED_EDGE('',*,*,#8664,.T.);
#9434 = ORIENTED_EDGE('',*,*,#9435,.T.);
#9435 = EDGE_CURVE('',#8658,#9436,#9438,.T.);
#9436 = VERTEX_POINT('',#9437);
#9437 = CARTESIAN_POINT('',(0.608243103516,1.359121551758,1.2));
#9438 = B_SPLINE_CURVE_WITH_KNOTS('',1,(#9439,#9440),.UNSPECIFIED.,.F.,
  .F.,(2,2),(0.,1.),.PIECEWISE_BEZIER_KNOTS.);
#9439 = CARTESIAN_POINT('',(0.675,1.3925,0.725));
#9440 = CARTESIAN_POINT('',(0.608243103516,1.359121551758,1.2));
#9441 = ORIENTED_EDGE('',*,*,#9442,.F.);
#9442 = EDGE_CURVE('',#8681,#9436,#9443,.T.);
#9443 = LINE('',#9444,#9445);
#9444 = CARTESIAN_POINT('',(0.559121551758,1.408243103516,1.2));
#9445 = VECTOR('',#9446,1.);
#9446 = DIRECTION('',(0.707106781187,-0.707106781187,0.));
#9447 = ORIENTED_EDGE('',*,*,#8680,.F.);
#9448 = B_SPLINE_SURFACE_WITH_KNOTS('',1,1,(
    (#9449,#9450)
    ,(#9451,#9452
    )),.UNSPECIFIED.,.F.,.F.,.F.,(2,2),(2,2),(0.,0.116672618896),(0.,1.)
  ,.PIECEWISE_BEZIER_KNOTS.);
#9449 = CARTESIAN_POINT('',(0.5925,1.475,0.725));
#9450 = CARTESIAN_POINT('',(0.559121551758,1.408243103516,1.2));
#9451 = CARTESIAN_POINT('',(0.675,1.3925,0.725));
#9452 = CARTESIAN_POINT('',(0.608243103516,1.359121551758,1.2));
#9453 = ADVANCED_FACE('',(#9454),#9504,.T.);
#9454 = FACE_BOUND('',#9455,.F.);
#9455 = EDGE_LOOP('',(#9456,#9457,#9458,#9466,#9474,#9482,#9490,#9498));
#9456 = ORIENTED_EDGE('',*,*,#8687,.T.);
#9457 = ORIENTED_EDGE('',*,*,#9442,.T.);
#9458 = ORIENTED_EDGE('',*,*,#9459,.T.);
#9459 = EDGE_CURVE('',#9436,#9460,#9462,.T.);
#9460 = VERTEX_POINT('',#9461);
#9461 = CARTESIAN_POINT('',(0.608243103516,-1.359121551758,1.2));
#9462 = LINE('',#9463,#9464);
#9463 = CARTESIAN_POINT('',(0.608243103516,1.359121551758,1.2));
#9464 = VECTOR('',#9465,1.);
#9465 = DIRECTION('',(2.22044604925E-16,-1.,0.));
#9466 = ORIENTED_EDGE('',*,*,#9467,.T.);
#9467 = EDGE_CURVE('',#9460,#9468,#9470,.T.);
#9468 = VERTEX_POINT('',#9469);
#9469 = CARTESIAN_POINT('',(0.559121551758,-1.408243103516,1.2));
#9470 = LINE('',#9471,#9472);
#9471 = CARTESIAN_POINT('',(0.608243103516,-1.359121551758,1.2));
#9472 = VECTOR('',#9473,1.);
#9473 = DIRECTION('',(-0.707106781187,-0.707106781187,0.));
#9474 = ORIENTED_EDGE('',*,*,#9475,.T.);
#9475 = EDGE_CURVE('',#9468,#9476,#9478,.T.);
#9476 = VERTEX_POINT('',#9477);
#9477 = CARTESIAN_POINT('',(-0.559121551758,-1.408243103516,1.2));
#9478 = LINE('',#9479,#9480);
#9479 = CARTESIAN_POINT('',(0.559121551758,-1.408243103516,1.2));
#9480 = VECTOR('',#9481,1.);
#9481 = DIRECTION('',(-1.,-2.22044604925E-16,0.));
#9482 = ORIENTED_EDGE('',*,*,#9483,.T.);
#9483 = EDGE_CURVE('',#9476,#9484,#9486,.T.);
#9484 = VERTEX_POINT('',#9485);
#9485 = CARTESIAN_POINT('',(-0.608243103516,-1.359121551758,1.2));
#9486 = LINE('',#9487,#9488);
#9487 = CARTESIAN_POINT('',(-0.559121551758,-1.408243103516,1.2));
#9488 = VECTOR('',#9489,1.);
#9489 = DIRECTION('',(-0.707106781187,0.707106781187,0.));
#9490 = ORIENTED_EDGE('',*,*,#9491,.T.);
#9491 = EDGE_CURVE('',#9484,#9492,#9494,.T.);
#9492 = VERTEX_POINT('',#9493);
#9493 = CARTESIAN_POINT('',(-0.608243103516,1.359121551758,1.2));
#9494 = LINE('',#9495,#9496);
#9495 = CARTESIAN_POINT('',(-0.608243103516,-1.359121551758,1.2));
#9496 = VECTOR('',#9497,1.);
#9497 = DIRECTION('',(-2.22044604925E-16,1.,0.));
#9498 = ORIENTED_EDGE('',*,*,#9499,.T.);
#9499 = EDGE_CURVE('',#9492,#8688,#9500,.T.);
#9500 = LINE('',#9501,#9502);
#9501 = CARTESIAN_POINT('',(-0.608243103516,1.359121551758,1.2));
#9502 = VECTOR('',#9503,1.);
#9503 = DIRECTION('',(0.707106781187,0.707106781187,0.));
#9504 = PLANE('',#9505);
#9505 = AXIS2_PLACEMENT_3D('',#9506,#9507,#9508);
#9506 = CARTESIAN_POINT('',(-0.559121551758,1.408243103516,1.2));
#9507 = DIRECTION('',(0.,0.,1.));
#9508 = DIRECTION('',(0.369013679242,-0.929423963825,0.));
#9509 = ADVANCED_FACE('',(#9510),#9520,.F.);
#9510 = FACE_BOUND('',#9511,.F.);
#9511 = EDGE_LOOP('',(#9512,#9513,#9514,#9515));
#9512 = ORIENTED_EDGE('',*,*,#8710,.T.);
#9513 = ORIENTED_EDGE('',*,*,#8695,.T.);
#9514 = ORIENTED_EDGE('',*,*,#9499,.F.);
#9515 = ORIENTED_EDGE('',*,*,#9516,.F.);
#9516 = EDGE_CURVE('',#8711,#9492,#9517,.T.);
#9517 = B_SPLINE_CURVE_WITH_KNOTS('',1,(#9518,#9519),.UNSPECIFIED.,.F.,
  .F.,(2,2),(0.,1.),.PIECEWISE_BEZIER_KNOTS.);
#9518 = CARTESIAN_POINT('',(-0.675,1.3925,0.725));
#9519 = CARTESIAN_POINT('',(-0.608243103516,1.359121551758,1.2));
#9520 = B_SPLINE_SURFACE_WITH_KNOTS('',1,1,(
    (#9521,#9522)
    ,(#9523,#9524
    )),.UNSPECIFIED.,.F.,.F.,.F.,(2,2),(2,2),(0.,0.116672618896),(0.,1.)
  ,.PIECEWISE_BEZIER_KNOTS.);
#9521 = CARTESIAN_POINT('',(-0.675,1.3925,0.725));
#9522 = CARTESIAN_POINT('',(-0.608243103516,1.359121551758,1.2));
#9523 = CARTESIAN_POINT('',(-0.5925,1.475,0.725));
#9524 = CARTESIAN_POINT('',(-0.559121551758,1.408243103516,1.2));
#9525 = ADVANCED_FACE('',(#9526),#9543,.F.);
#9526 = FACE_BOUND('',#9527,.F.);
#9527 = EDGE_LOOP('',(#9528,#9529,#9535,#9536,#9541,#9542));
#9528 = ORIENTED_EDGE('',*,*,#8741,.T.);
#9529 = ORIENTED_EDGE('',*,*,#9530,.T.);
#9530 = EDGE_CURVE('',#8734,#8906,#9531,.T.);
#9531 = LINE('',#9532,#9533);
#9532 = CARTESIAN_POINT('',(0.675,1.3925,0.725));
#9533 = VECTOR('',#9534,1.);
#9534 = DIRECTION('',(2.22044604925E-16,-1.,0.));
#9535 = ORIENTED_EDGE('',*,*,#8921,.T.);
#9536 = ORIENTED_EDGE('',*,*,#9537,.T.);
#9537 = EDGE_CURVE('',#8915,#9460,#9538,.T.);
#9538 = B_SPLINE_CURVE_WITH_KNOTS('',1,(#9539,#9540),.UNSPECIFIED.,.F.,
  .F.,(2,2),(0.,1.),.PIECEWISE_BEZIER_KNOTS.);
#9539 = CARTESIAN_POINT('',(0.675,-1.3925,0.725));
#9540 = CARTESIAN_POINT('',(0.608243103516,-1.359121551758,1.2));
#9541 = ORIENTED_EDGE('',*,*,#9459,.F.);
#9542 = ORIENTED_EDGE('',*,*,#9435,.F.);
#9543 = B_SPLINE_SURFACE_WITH_KNOTS('',1,1,(
    (#9544,#9545)
    ,(#9546,#9547
    )),.UNSPECIFIED.,.F.,.F.,.F.,(2,2),(2,2),(0.,2.785),(0.,1.),
  .PIECEWISE_BEZIER_KNOTS.);
#9544 = CARTESIAN_POINT('',(0.675,1.3925,0.725));
#9545 = CARTESIAN_POINT('',(0.608243103516,1.359121551758,1.2));
#9546 = CARTESIAN_POINT('',(0.675,-1.3925,0.725));
#9547 = CARTESIAN_POINT('',(0.608243103516,-1.359121551758,1.2));
#9548 = ADVANCED_FACE('',(#9549),#9560,.F.);
#9549 = FACE_BOUND('',#9550,.F.);
#9550 = EDGE_LOOP('',(#9551,#9552,#9558,#9559));
#9551 = ORIENTED_EDGE('',*,*,#8733,.F.);
#9552 = ORIENTED_EDGE('',*,*,#9553,.T.);
#9553 = EDGE_CURVE('',#8358,#8380,#9554,.T.);
#9554 = LINE('',#9555,#9556);
#9555 = CARTESIAN_POINT('',(0.7,0.2,0.725));
#9556 = VECTOR('',#9557,1.);
#9557 = DIRECTION('',(2.22044604925E-16,-1.,0.));
#9558 = ORIENTED_EDGE('',*,*,#8905,.T.);
#9559 = ORIENTED_EDGE('',*,*,#9530,.F.);
#9560 = PLANE('',#9561);
#9561 = AXIS2_PLACEMENT_3D('',#9562,#9563,#9564);
#9562 = CARTESIAN_POINT('',(0.7,0.2,0.725));
#9563 = DIRECTION('',(0.,0.,-1.));
#9564 = DIRECTION('',(-1.,-2.22044604925E-16,-0.));
#9565 = ADVANCED_FACE('',(#9566),#9577,.T.);
#9566 = FACE_BOUND('',#9567,.T.);
#9567 = EDGE_LOOP('',(#9568,#9569,#9570,#9571));
#9568 = ORIENTED_EDGE('',*,*,#8815,.T.);
#9569 = ORIENTED_EDGE('',*,*,#9553,.T.);
#9570 = ORIENTED_EDGE('',*,*,#8890,.F.);
#9571 = ORIENTED_EDGE('',*,*,#9572,.F.);
#9572 = EDGE_CURVE('',#8808,#8883,#9573,.T.);
#9573 = LINE('',#9574,#9575);
#9574 = CARTESIAN_POINT('',(0.95,0.2,0.475));
#9575 = VECTOR('',#9576,1.);
#9576 = DIRECTION('',(2.22044604925E-16,-1.,0.));
#9577 = CYLINDRICAL_SURFACE('',#9578,0.25);
#9578 = AXIS2_PLACEMENT_3D('',#9579,#9580,#9581);
#9579 = CARTESIAN_POINT('',(0.7,0.2,0.475));
#9580 = DIRECTION('',(-2.22044604925E-16,1.,-0.));
#9581 = DIRECTION('',(1.,2.22044604925E-16,0.));
#9582 = ADVANCED_FACE('',(#9583),#9594,.F.);
#9583 = FACE_BOUND('',#9584,.F.);
#9584 = EDGE_LOOP('',(#9585,#9591,#9592,#9593));
#9585 = ORIENTED_EDGE('',*,*,#9586,.T.);
#9586 = EDGE_CURVE('',#8799,#8874,#9587,.T.);
#9587 = LINE('',#9588,#9589);
#9588 = CARTESIAN_POINT('',(0.95,0.2,0.25));
#9589 = VECTOR('',#9590,1.);
#9590 = DIRECTION('',(2.22044604925E-16,-1.,0.));
#9591 = ORIENTED_EDGE('',*,*,#8882,.T.);
#9592 = ORIENTED_EDGE('',*,*,#9572,.F.);
#9593 = ORIENTED_EDGE('',*,*,#8807,.F.);
#9594 = PLANE('',#9595);
#9595 = AXIS2_PLACEMENT_3D('',#9596,#9597,#9598);
#9596 = CARTESIAN_POINT('',(0.95,0.2,0.25));
#9597 = DIRECTION('',(-1.,-2.22044604925E-16,0.));
#9598 = DIRECTION('',(0.,0.,1.));
#9599 = ADVANCED_FACE('',(#9600),#9611,.F.);
#9600 = FACE_BOUND('',#9601,.F.);
#9601 = EDGE_LOOP('',(#9602,#9608,#9609,#9610));
#9602 = ORIENTED_EDGE('',*,*,#9603,.T.);
#9603 = EDGE_CURVE('',#8791,#8866,#9604,.T.);
#9604 = LINE('',#9605,#9606);
#9605 = CARTESIAN_POINT('',(1.05,0.2,0.15));
#9606 = VECTOR('',#9607,1.);
#9607 = DIRECTION('',(2.22044604925E-16,-1.,0.));
#9608 = ORIENTED_EDGE('',*,*,#8873,.T.);
#9609 = ORIENTED_EDGE('',*,*,#9586,.F.);
#9610 = ORIENTED_EDGE('',*,*,#8798,.F.);
#9611 = CYLINDRICAL_SURFACE('',#9612,0.1);
#9612 = AXIS2_PLACEMENT_3D('',#9613,#9614,#9615);
#9613 = CARTESIAN_POINT('',(1.05,0.2,0.25));
#9614 = DIRECTION('',(-2.22044604925E-16,1.,0.));
#9615 = DIRECTION('',(-2.22044604925E-15,-4.93038065763E-31,-1.));
#9616 = ADVANCED_FACE('',(#9617),#9628,.F.);
#9617 = FACE_BOUND('',#9618,.F.);
#9618 = EDGE_LOOP('',(#9619,#9625,#9626,#9627));
#9619 = ORIENTED_EDGE('',*,*,#9620,.T.);
#9620 = EDGE_CURVE('',#8783,#8858,#9621,.T.);
#9621 = LINE('',#9622,#9623);
#9622 = CARTESIAN_POINT('',(1.25,0.2,0.15));
#9623 = VECTOR('',#9624,1.);
#9624 = DIRECTION('',(2.22044604925E-16,-1.,0.));
#9625 = ORIENTED_EDGE('',*,*,#8865,.T.);
#9626 = ORIENTED_EDGE('',*,*,#9603,.F.);
#9627 = ORIENTED_EDGE('',*,*,#8790,.F.);
#9628 = PLANE('',#9629);
#9629 = AXIS2_PLACEMENT_3D('',#9630,#9631,#9632);
#9630 = CARTESIAN_POINT('',(1.25,0.2,0.15));
#9631 = DIRECTION('',(0.,0.,-1.));
#9632 = DIRECTION('',(-1.,-2.22044604925E-16,-0.));
#9633 = ADVANCED_FACE('',(#9634),#9645,.F.);
#9634 = FACE_BOUND('',#9635,.F.);
#9635 = EDGE_LOOP('',(#9636,#9642,#9643,#9644));
#9636 = ORIENTED_EDGE('',*,*,#9637,.T.);
#9637 = EDGE_CURVE('',#8775,#8850,#9638,.T.);
#9638 = LINE('',#9639,#9640);
#9639 = CARTESIAN_POINT('',(1.25,0.2,0.));
#9640 = VECTOR('',#9641,1.);
#9641 = DIRECTION('',(2.22044604925E-16,-1.,0.));
#9642 = ORIENTED_EDGE('',*,*,#8857,.T.);
#9643 = ORIENTED_EDGE('',*,*,#9620,.F.);
#9644 = ORIENTED_EDGE('',*,*,#8782,.F.);
#9645 = PLANE('',#9646);
#9646 = AXIS2_PLACEMENT_3D('',#9647,#9648,#9649);
#9647 = CARTESIAN_POINT('',(1.25,0.2,0.));
#9648 = DIRECTION('',(-1.,-2.22044604925E-16,0.));
#9649 = DIRECTION('',(0.,0.,1.));
#9650 = ADVANCED_FACE('',(#9651),#9662,.F.);
#9651 = FACE_BOUND('',#9652,.F.);
#9652 = EDGE_LOOP('',(#9653,#9659,#9660,#9661));
#9653 = ORIENTED_EDGE('',*,*,#9654,.T.);
#9654 = EDGE_CURVE('',#8766,#8841,#9655,.T.);
#9655 = LINE('',#9656,#9657);
#9656 = CARTESIAN_POINT('',(1.05,0.2,0.));
#9657 = VECTOR('',#9658,1.);
#9658 = DIRECTION('',(2.22044604925E-16,-1.,0.));
#9659 = ORIENTED_EDGE('',*,*,#8849,.T.);
#9660 = ORIENTED_EDGE('',*,*,#9637,.F.);
#9661 = ORIENTED_EDGE('',*,*,#8774,.F.);
#9662 = PLANE('',#9663);
#9663 = AXIS2_PLACEMENT_3D('',#9664,#9665,#9666);
#9664 = CARTESIAN_POINT('',(1.05,0.2,0.));
#9665 = DIRECTION('',(0.,0.,1.));
#9666 = DIRECTION('',(1.,2.22044604925E-16,-0.));
#9667 = ADVANCED_FACE('',(#9668),#9674,.T.);
#9668 = FACE_BOUND('',#9669,.T.);
#9669 = EDGE_LOOP('',(#9670,#9671,#9672,#9673));
#9670 = ORIENTED_EDGE('',*,*,#8765,.T.);
#9671 = ORIENTED_EDGE('',*,*,#9654,.T.);
#9672 = ORIENTED_EDGE('',*,*,#8840,.F.);
#9673 = ORIENTED_EDGE('',*,*,#8937,.F.);
#9674 = CYLINDRICAL_SURFACE('',#9675,0.25);
#9675 = AXIS2_PLACEMENT_3D('',#9676,#9677,#9678);
#9676 = CARTESIAN_POINT('',(1.05,0.2,0.25));
#9677 = DIRECTION('',(-2.22044604925E-16,1.,-0.));
#9678 = DIRECTION('',(-1.,-2.22044604925E-16,-4.440892098501E-16));
#9679 = ADVANCED_FACE('',(#9680),#9690,.F.);
#9680 = FACE_BOUND('',#9681,.F.);
#9681 = EDGE_LOOP('',(#9682,#9683,#9688,#9689));
#9682 = ORIENTED_EDGE('',*,*,#8960,.T.);
#9683 = ORIENTED_EDGE('',*,*,#9684,.T.);
#9684 = EDGE_CURVE('',#8954,#9468,#9685,.T.);
#9685 = B_SPLINE_CURVE_WITH_KNOTS('',1,(#9686,#9687),.UNSPECIFIED.,.F.,
  .F.,(2,2),(0.,1.),.PIECEWISE_BEZIER_KNOTS.);
#9686 = CARTESIAN_POINT('',(0.5925,-1.475,0.725));
#9687 = CARTESIAN_POINT('',(0.559121551758,-1.408243103516,1.2));
#9688 = ORIENTED_EDGE('',*,*,#9467,.F.);
#9689 = ORIENTED_EDGE('',*,*,#9537,.F.);
#9690 = B_SPLINE_SURFACE_WITH_KNOTS('',1,1,(
    (#9691,#9692)
    ,(#9693,#9694
    )),.UNSPECIFIED.,.F.,.F.,.F.,(2,2),(2,2),(0.,0.116672618896),(0.,1.)
  ,.PIECEWISE_BEZIER_KNOTS.);
#9691 = CARTESIAN_POINT('',(0.675,-1.3925,0.725));
#9692 = CARTESIAN_POINT('',(0.608243103516,-1.359121551758,1.2));
#9693 = CARTESIAN_POINT('',(0.5925,-1.475,0.725));
#9694 = CARTESIAN_POINT('',(0.559121551758,-1.408243103516,1.2));
#9695 = ADVANCED_FACE('',(#9696),#9706,.F.);
#9696 = FACE_BOUND('',#9697,.F.);
#9697 = EDGE_LOOP('',(#9698,#9699,#9704,#9705));
#9698 = ORIENTED_EDGE('',*,*,#8983,.T.);
#9699 = ORIENTED_EDGE('',*,*,#9700,.T.);
#9700 = EDGE_CURVE('',#8977,#9476,#9701,.T.);
#9701 = B_SPLINE_CURVE_WITH_KNOTS('',1,(#9702,#9703),.UNSPECIFIED.,.F.,
  .F.,(2,2),(0.,1.),.PIECEWISE_BEZIER_KNOTS.);
#9702 = CARTESIAN_POINT('',(-0.5925,-1.475,0.725));
#9703 = CARTESIAN_POINT('',(-0.559121551758,-1.408243103516,1.2));
#9704 = ORIENTED_EDGE('',*,*,#9475,.F.);
#9705 = ORIENTED_EDGE('',*,*,#9684,.F.);
#9706 = B_SPLINE_SURFACE_WITH_KNOTS('',1,1,(
    (#9707,#9708)
    ,(#9709,#9710
    )),.UNSPECIFIED.,.F.,.F.,.F.,(2,2),(2,2),(0.,1.185),(0.,1.),
  .PIECEWISE_BEZIER_KNOTS.);
#9707 = CARTESIAN_POINT('',(0.5925,-1.475,0.725));
#9708 = CARTESIAN_POINT('',(0.559121551758,-1.408243103516,1.2));
#9709 = CARTESIAN_POINT('',(-0.5925,-1.475,0.725));
#9710 = CARTESIAN_POINT('',(-0.559121551758,-1.408243103516,1.2));
#9711 = ADVANCED_FACE('',(#9712),#9722,.F.);
#9712 = FACE_BOUND('',#9713,.F.);
#9713 = EDGE_LOOP('',(#9714,#9715,#9720,#9721));
#9714 = ORIENTED_EDGE('',*,*,#9006,.T.);
#9715 = ORIENTED_EDGE('',*,*,#9716,.T.);
#9716 = EDGE_CURVE('',#9000,#9484,#9717,.T.);
#9717 = B_SPLINE_CURVE_WITH_KNOTS('',1,(#9718,#9719),.UNSPECIFIED.,.F.,
  .F.,(2,2),(0.,1.),.PIECEWISE_BEZIER_KNOTS.);
#9718 = CARTESIAN_POINT('',(-0.675,-1.3925,0.725));
#9719 = CARTESIAN_POINT('',(-0.608243103516,-1.359121551758,1.2));
#9720 = ORIENTED_EDGE('',*,*,#9483,.F.);
#9721 = ORIENTED_EDGE('',*,*,#9700,.F.);
#9722 = B_SPLINE_SURFACE_WITH_KNOTS('',1,1,(
    (#9723,#9724)
    ,(#9725,#9726
    )),.UNSPECIFIED.,.F.,.F.,.F.,(2,2),(2,2),(0.,0.116672618896),(0.,1.)
  ,.PIECEWISE_BEZIER_KNOTS.);
#9723 = CARTESIAN_POINT('',(-0.5925,-1.475,0.725));
#9724 = CARTESIAN_POINT('',(-0.559121551758,-1.408243103516,1.2));
#9725 = CARTESIAN_POINT('',(-0.675,-1.3925,0.725));
#9726 = CARTESIAN_POINT('',(-0.608243103516,-1.359121551758,1.2));
#9727 = ADVANCED_FACE('',(#9728),#9748,.F.);
#9728 = FACE_BOUND('',#9729,.F.);
#9729 = EDGE_LOOP('',(#9730,#9731,#9737,#9738,#9744,#9745,#9746,#9747));
#9730 = ORIENTED_EDGE('',*,*,#9031,.T.);
#9731 = ORIENTED_EDGE('',*,*,#9732,.T.);
#9732 = EDGE_CURVE('',#9024,#9404,#9733,.T.);
#9733 = LINE('',#9734,#9735);
#9734 = CARTESIAN_POINT('',(-0.675,-1.3925,0.725));
#9735 = VECTOR('',#9736,1.);
#9736 = DIRECTION('',(-2.22044604925E-16,1.,0.));
#9737 = ORIENTED_EDGE('',*,*,#9420,.T.);
#9738 = ORIENTED_EDGE('',*,*,#9739,.T.);
#9739 = EDGE_CURVE('',#9413,#9196,#9740,.T.);
#9740 = LINE('',#9741,#9742);
#9741 = CARTESIAN_POINT('',(-0.675,-1.3925,0.725));
#9742 = VECTOR('',#9743,1.);
#9743 = DIRECTION('',(-2.22044604925E-16,1.,0.));
#9744 = ORIENTED_EDGE('',*,*,#9205,.T.);
#9745 = ORIENTED_EDGE('',*,*,#9516,.T.);
#9746 = ORIENTED_EDGE('',*,*,#9491,.F.);
#9747 = ORIENTED_EDGE('',*,*,#9716,.F.);
#9748 = B_SPLINE_SURFACE_WITH_KNOTS('',1,1,(
    (#9749,#9750)
    ,(#9751,#9752
    )),.UNSPECIFIED.,.F.,.F.,.F.,(2,2),(2,2),(0.,2.785),(0.,1.),
  .PIECEWISE_BEZIER_KNOTS.);
#9749 = CARTESIAN_POINT('',(-0.675,-1.3925,0.725));
#9750 = CARTESIAN_POINT('',(-0.608243103516,-1.359121551758,1.2));
#9751 = CARTESIAN_POINT('',(-0.675,1.3925,0.725));
#9752 = CARTESIAN_POINT('',(-0.608243103516,1.359121551758,1.2));
#9753 = ADVANCED_FACE('',(#9754),#9765,.F.);
#9754 = FACE_BOUND('',#9755,.F.);
#9755 = EDGE_LOOP('',(#9756,#9757,#9763,#9764));
#9756 = ORIENTED_EDGE('',*,*,#9023,.F.);
#9757 = ORIENTED_EDGE('',*,*,#9758,.T.);
#9758 = EDGE_CURVE('',#8514,#8626,#9759,.T.);
#9759 = LINE('',#9760,#9761);
#9760 = CARTESIAN_POINT('',(-0.7,-1.15,0.725));
#9761 = VECTOR('',#9762,1.);
#9762 = DIRECTION('',(-9.95799250103E-17,1.,0.));
#9763 = ORIENTED_EDGE('',*,*,#9403,.T.);
#9764 = ORIENTED_EDGE('',*,*,#9732,.F.);
#9765 = PLANE('',#9766);
#9766 = AXIS2_PLACEMENT_3D('',#9767,#9768,#9769);
#9767 = CARTESIAN_POINT('',(-0.7,-1.15,0.725));
#9768 = DIRECTION('',(-0.,0.,-1.));
#9769 = DIRECTION('',(1.,9.95799250103E-17,0.));
#9770 = ADVANCED_FACE('',(#9771),#9782,.T.);
#9771 = FACE_BOUND('',#9772,.T.);
#9772 = EDGE_LOOP('',(#9773,#9774,#9775,#9776));
#9773 = ORIENTED_EDGE('',*,*,#9105,.T.);
#9774 = ORIENTED_EDGE('',*,*,#9758,.T.);
#9775 = ORIENTED_EDGE('',*,*,#9279,.F.);
#9776 = ORIENTED_EDGE('',*,*,#9777,.F.);
#9777 = EDGE_CURVE('',#9098,#9272,#9778,.T.);
#9778 = LINE('',#9779,#9780);
#9779 = CARTESIAN_POINT('',(-0.95,-1.15,0.475));
#9780 = VECTOR('',#9781,1.);
#9781 = DIRECTION('',(-9.95799250103E-17,1.,0.));
#9782 = CYLINDRICAL_SURFACE('',#9783,0.25);
#9783 = AXIS2_PLACEMENT_3D('',#9784,#9785,#9786);
#9784 = CARTESIAN_POINT('',(-0.7,-1.15,0.475));
#9785 = DIRECTION('',(9.95799250103E-17,-1.,-0.));
#9786 = DIRECTION('',(-1.,-9.95799250103E-17,0.));
#9787 = ADVANCED_FACE('',(#9788),#9799,.F.);
#9788 = FACE_BOUND('',#9789,.F.);
#9789 = EDGE_LOOP('',(#9790,#9796,#9797,#9798));
#9790 = ORIENTED_EDGE('',*,*,#9791,.T.);
#9791 = EDGE_CURVE('',#9089,#9263,#9792,.T.);
#9792 = LINE('',#9793,#9794);
#9793 = CARTESIAN_POINT('',(-0.95,-1.15,0.25));
#9794 = VECTOR('',#9795,1.);
#9795 = DIRECTION('',(-9.95799250103E-17,1.,0.));
#9796 = ORIENTED_EDGE('',*,*,#9271,.T.);
#9797 = ORIENTED_EDGE('',*,*,#9777,.F.);
#9798 = ORIENTED_EDGE('',*,*,#9097,.F.);
#9799 = PLANE('',#9800);
#9800 = AXIS2_PLACEMENT_3D('',#9801,#9802,#9803);
#9801 = CARTESIAN_POINT('',(-0.95,-1.15,0.25));
#9802 = DIRECTION('',(1.,9.95799250103E-17,0.));
#9803 = DIRECTION('',(0.,-0.,1.));
#9804 = ADVANCED_FACE('',(#9805),#9816,.F.);
#9805 = FACE_BOUND('',#9806,.F.);
#9806 = EDGE_LOOP('',(#9807,#9813,#9814,#9815));
#9807 = ORIENTED_EDGE('',*,*,#9808,.T.);
#9808 = EDGE_CURVE('',#9081,#9255,#9809,.T.);
#9809 = LINE('',#9810,#9811);
#9810 = CARTESIAN_POINT('',(-1.05,-1.15,0.15));
#9811 = VECTOR('',#9812,1.);
#9812 = DIRECTION('',(-9.95799250103E-17,1.,0.));
#9813 = ORIENTED_EDGE('',*,*,#9262,.T.);
#9814 = ORIENTED_EDGE('',*,*,#9791,.F.);
#9815 = ORIENTED_EDGE('',*,*,#9088,.F.);
#9816 = CYLINDRICAL_SURFACE('',#9817,0.1);
#9817 = AXIS2_PLACEMENT_3D('',#9818,#9819,#9820);
#9818 = CARTESIAN_POINT('',(-1.05,-1.15,0.25));
#9819 = DIRECTION('',(9.95799250103E-17,-1.,0.));
#9820 = DIRECTION('',(2.22044604925E-15,2.211118510737E-31,-1.));
#9821 = ADVANCED_FACE('',(#9822),#9833,.F.);
#9822 = FACE_BOUND('',#9823,.F.);
#9823 = EDGE_LOOP('',(#9824,#9830,#9831,#9832));
#9824 = ORIENTED_EDGE('',*,*,#9825,.T.);
#9825 = EDGE_CURVE('',#9073,#9247,#9826,.T.);
#9826 = LINE('',#9827,#9828);
#9827 = CARTESIAN_POINT('',(-1.25,-1.15,0.15));
#9828 = VECTOR('',#9829,1.);
#9829 = DIRECTION('',(-9.95799250103E-17,1.,0.));
#9830 = ORIENTED_EDGE('',*,*,#9254,.T.);
#9831 = ORIENTED_EDGE('',*,*,#9808,.F.);
#9832 = ORIENTED_EDGE('',*,*,#9080,.F.);
#9833 = PLANE('',#9834);
#9834 = AXIS2_PLACEMENT_3D('',#9835,#9836,#9837);
#9835 = CARTESIAN_POINT('',(-1.25,-1.15,0.15));
#9836 = DIRECTION('',(-0.,0.,-1.));
#9837 = DIRECTION('',(1.,9.95799250103E-17,0.));
#9838 = ADVANCED_FACE('',(#9839),#9850,.F.);
#9839 = FACE_BOUND('',#9840,.F.);
#9840 = EDGE_LOOP('',(#9841,#9847,#9848,#9849));
#9841 = ORIENTED_EDGE('',*,*,#9842,.T.);
#9842 = EDGE_CURVE('',#9065,#9239,#9843,.T.);
#9843 = LINE('',#9844,#9845);
#9844 = CARTESIAN_POINT('',(-1.25,-1.15,0.));
#9845 = VECTOR('',#9846,1.);
#9846 = DIRECTION('',(-9.95799250103E-17,1.,0.));
#9847 = ORIENTED_EDGE('',*,*,#9246,.T.);
#9848 = ORIENTED_EDGE('',*,*,#9825,.F.);
#9849 = ORIENTED_EDGE('',*,*,#9072,.F.);
#9850 = PLANE('',#9851);
#9851 = AXIS2_PLACEMENT_3D('',#9852,#9853,#9854);
#9852 = CARTESIAN_POINT('',(-1.25,-1.15,0.));
#9853 = DIRECTION('',(1.,9.95799250103E-17,0.));
#9854 = DIRECTION('',(0.,-0.,1.));
#9855 = ADVANCED_FACE('',(#9856),#9867,.F.);
#9856 = FACE_BOUND('',#9857,.F.);
#9857 = EDGE_LOOP('',(#9858,#9864,#9865,#9866));
#9858 = ORIENTED_EDGE('',*,*,#9859,.T.);
#9859 = EDGE_CURVE('',#9056,#9230,#9860,.T.);
#9860 = LINE('',#9861,#9862);
#9861 = CARTESIAN_POINT('',(-1.05,-1.15,0.));
#9862 = VECTOR('',#9863,1.);
#9863 = DIRECTION('',(-9.95799250103E-17,1.,0.));
#9864 = ORIENTED_EDGE('',*,*,#9238,.T.);
#9865 = ORIENTED_EDGE('',*,*,#9842,.F.);
#9866 = ORIENTED_EDGE('',*,*,#9064,.F.);
#9867 = PLANE('',#9868);
#9868 = AXIS2_PLACEMENT_3D('',#9869,#9870,#9871);
#9869 = CARTESIAN_POINT('',(-1.05,-1.15,0.));
#9870 = DIRECTION('',(0.,0.,1.));
#9871 = DIRECTION('',(-1.,-9.95799250103E-17,0.));
#9872 = ADVANCED_FACE('',(#9873),#9879,.T.);
#9873 = FACE_BOUND('',#9874,.T.);
#9874 = EDGE_LOOP('',(#9875,#9876,#9877,#9878));
#9875 = ORIENTED_EDGE('',*,*,#9055,.T.);
#9876 = ORIENTED_EDGE('',*,*,#9859,.T.);
#9877 = ORIENTED_EDGE('',*,*,#9229,.F.);
#9878 = ORIENTED_EDGE('',*,*,#9296,.F.);
#9879 = CYLINDRICAL_SURFACE('',#9880,0.25);
#9880 = AXIS2_PLACEMENT_3D('',#9881,#9882,#9883);
#9881 = CARTESIAN_POINT('',(-1.05,-1.15,0.25));
#9882 = DIRECTION('',(9.95799250103E-17,-1.,-0.));
#9883 = DIRECTION('',(1.,9.95799250103E-17,-4.440892098501E-16));
#9884 = ADVANCED_FACE('',(#9885),#9901,.T.);
#9885 = FACE_BOUND('',#9886,.T.);
#9886 = EDGE_LOOP('',(#9887,#9888,#9894,#9895));
#9887 = ORIENTED_EDGE('',*,*,#9371,.T.);
#9888 = ORIENTED_EDGE('',*,*,#9889,.T.);
#9889 = EDGE_CURVE('',#8635,#8536,#9890,.T.);
#9890 = LINE('',#9891,#9892);
#9891 = CARTESIAN_POINT('',(-0.7,0.75,0.725));
#9892 = VECTOR('',#9893,1.);
#9893 = DIRECTION('',(-9.95799250103E-17,1.,0.));
#9894 = ORIENTED_EDGE('',*,*,#9180,.F.);
#9895 = ORIENTED_EDGE('',*,*,#9896,.F.);
#9896 = EDGE_CURVE('',#9364,#9173,#9897,.T.);
#9897 = LINE('',#9898,#9899);
#9898 = CARTESIAN_POINT('',(-0.95,0.75,0.475));
#9899 = VECTOR('',#9900,1.);
#9900 = DIRECTION('',(-9.95799250103E-17,1.,0.));
#9901 = CYLINDRICAL_SURFACE('',#9902,0.25);
#9902 = AXIS2_PLACEMENT_3D('',#9903,#9904,#9905);
#9903 = CARTESIAN_POINT('',(-0.7,0.75,0.475));
#9904 = DIRECTION('',(9.95799250103E-17,-1.,-0.));
#9905 = DIRECTION('',(-1.,-9.95799250103E-17,0.));
#9906 = ADVANCED_FACE('',(#9907),#9918,.F.);
#9907 = FACE_BOUND('',#9908,.F.);
#9908 = EDGE_LOOP('',(#9909,#9915,#9916,#9917));
#9909 = ORIENTED_EDGE('',*,*,#9910,.T.);
#9910 = EDGE_CURVE('',#9355,#9164,#9911,.T.);
#9911 = LINE('',#9912,#9913);
#9912 = CARTESIAN_POINT('',(-0.95,0.75,0.25));
#9913 = VECTOR('',#9914,1.);
#9914 = DIRECTION('',(-9.95799250103E-17,1.,0.));
#9915 = ORIENTED_EDGE('',*,*,#9172,.T.);
#9916 = ORIENTED_EDGE('',*,*,#9896,.F.);
#9917 = ORIENTED_EDGE('',*,*,#9363,.F.);
#9918 = PLANE('',#9919);
#9919 = AXIS2_PLACEMENT_3D('',#9920,#9921,#9922);
#9920 = CARTESIAN_POINT('',(-0.95,0.75,0.25));
#9921 = DIRECTION('',(1.,9.95799250103E-17,0.));
#9922 = DIRECTION('',(0.,-0.,1.));
#9923 = ADVANCED_FACE('',(#9924),#9935,.F.);
#9924 = FACE_BOUND('',#9925,.F.);
#9925 = EDGE_LOOP('',(#9926,#9932,#9933,#9934));
#9926 = ORIENTED_EDGE('',*,*,#9927,.T.);
#9927 = EDGE_CURVE('',#9347,#9156,#9928,.T.);
#9928 = LINE('',#9929,#9930);
#9929 = CARTESIAN_POINT('',(-1.05,0.75,0.15));
#9930 = VECTOR('',#9931,1.);
#9931 = DIRECTION('',(-9.95799250103E-17,1.,0.));
#9932 = ORIENTED_EDGE('',*,*,#9163,.T.);
#9933 = ORIENTED_EDGE('',*,*,#9910,.F.);
#9934 = ORIENTED_EDGE('',*,*,#9354,.F.);
#9935 = CYLINDRICAL_SURFACE('',#9936,0.1);
#9936 = AXIS2_PLACEMENT_3D('',#9937,#9938,#9939);
#9937 = CARTESIAN_POINT('',(-1.05,0.75,0.25));
#9938 = DIRECTION('',(9.95799250103E-17,-1.,0.));
#9939 = DIRECTION('',(2.22044604925E-15,2.211118510737E-31,-1.));
#9940 = ADVANCED_FACE('',(#9941),#9952,.F.);
#9941 = FACE_BOUND('',#9942,.F.);
#9942 = EDGE_LOOP('',(#9943,#9949,#9950,#9951));
#9943 = ORIENTED_EDGE('',*,*,#9944,.T.);
#9944 = EDGE_CURVE('',#9339,#9148,#9945,.T.);
#9945 = LINE('',#9946,#9947);
#9946 = CARTESIAN_POINT('',(-1.25,0.75,0.15));
#9947 = VECTOR('',#9948,1.);
#9948 = DIRECTION('',(-9.95799250103E-17,1.,0.));
#9949 = ORIENTED_EDGE('',*,*,#9155,.T.);
#9950 = ORIENTED_EDGE('',*,*,#9927,.F.);
#9951 = ORIENTED_EDGE('',*,*,#9346,.F.);
#9952 = PLANE('',#9953);
#9953 = AXIS2_PLACEMENT_3D('',#9954,#9955,#9956);
#9954 = CARTESIAN_POINT('',(-1.25,0.75,0.15));
#9955 = DIRECTION('',(-0.,0.,-1.));
#9956 = DIRECTION('',(1.,9.95799250103E-17,0.));
#9957 = ADVANCED_FACE('',(#9958),#9969,.F.);
#9958 = FACE_BOUND('',#9959,.F.);
#9959 = EDGE_LOOP('',(#9960,#9966,#9967,#9968));
#9960 = ORIENTED_EDGE('',*,*,#9961,.T.);
#9961 = EDGE_CURVE('',#9331,#9140,#9962,.T.);
#9962 = LINE('',#9963,#9964);
#9963 = CARTESIAN_POINT('',(-1.25,0.75,0.));
#9964 = VECTOR('',#9965,1.);
#9965 = DIRECTION('',(-9.95799250103E-17,1.,0.));
#9966 = ORIENTED_EDGE('',*,*,#9147,.T.);
#9967 = ORIENTED_EDGE('',*,*,#9944,.F.);
#9968 = ORIENTED_EDGE('',*,*,#9338,.F.);
#9969 = PLANE('',#9970);
#9970 = AXIS2_PLACEMENT_3D('',#9971,#9972,#9973);
#9971 = CARTESIAN_POINT('',(-1.25,0.75,0.));
#9972 = DIRECTION('',(1.,9.95799250103E-17,0.));
#9973 = DIRECTION('',(0.,-0.,1.));
#9974 = ADVANCED_FACE('',(#9975),#9986,.F.);
#9975 = FACE_BOUND('',#9976,.F.);
#9976 = EDGE_LOOP('',(#9977,#9983,#9984,#9985));
#9977 = ORIENTED_EDGE('',*,*,#9978,.T.);
#9978 = EDGE_CURVE('',#9322,#9131,#9979,.T.);
#9979 = LINE('',#9980,#9981);
#9980 = CARTESIAN_POINT('',(-1.05,0.75,0.));
#9981 = VECTOR('',#9982,1.);
#9982 = DIRECTION('',(-9.95799250103E-17,1.,0.));
#9983 = ORIENTED_EDGE('',*,*,#9139,.T.);
#9984 = ORIENTED_EDGE('',*,*,#9961,.F.);
#9985 = ORIENTED_EDGE('',*,*,#9330,.F.);
#9986 = PLANE('',#9987);
#9987 = AXIS2_PLACEMENT_3D('',#9988,#9989,#9990);
#9988 = CARTESIAN_POINT('',(-1.05,0.75,0.));
#9989 = DIRECTION('',(0.,0.,1.));
#9990 = DIRECTION('',(-1.,-9.95799250103E-17,0.));
#9991 = ADVANCED_FACE('',(#9992),#9998,.T.);
#9992 = FACE_BOUND('',#9993,.T.);
#9993 = EDGE_LOOP('',(#9994,#9995,#9996,#9997));
#9994 = ORIENTED_EDGE('',*,*,#9321,.T.);
#9995 = ORIENTED_EDGE('',*,*,#9978,.T.);
#9996 = ORIENTED_EDGE('',*,*,#9130,.F.);
#9997 = ORIENTED_EDGE('',*,*,#9388,.F.);
#9998 = CYLINDRICAL_SURFACE('',#9999,0.25);
#9999 = AXIS2_PLACEMENT_3D('',#10000,#10001,#10002);
#10000 = CARTESIAN_POINT('',(-1.05,0.75,0.25));
#10001 = DIRECTION('',(9.95799250103E-17,-1.,-0.));
#10002 = DIRECTION('',(1.,9.95799250103E-17,-4.440892098501E-16));
#10003 = ADVANCED_FACE('',(#10004),#10010,.F.);
#10004 = FACE_BOUND('',#10005,.F.);
#10005 = EDGE_LOOP('',(#10006,#10007,#10008,#10009));
#10006 = ORIENTED_EDGE('',*,*,#9412,.F.);
#10007 = ORIENTED_EDGE('',*,*,#9889,.T.);
#10008 = ORIENTED_EDGE('',*,*,#9195,.T.);
#10009 = ORIENTED_EDGE('',*,*,#9739,.F.);
#10010 = PLANE('',#10011);
#10011 = AXIS2_PLACEMENT_3D('',#10012,#10013,#10014);
#10012 = CARTESIAN_POINT('',(-0.7,0.75,0.725));
#10013 = DIRECTION('',(-0.,0.,-1.));
#10014 = DIRECTION('',(1.,9.95799250103E-17,0.));
#10015 = ( GEOMETRIC_REPRESENTATION_CONTEXT(3) 
GLOBAL_UNCERTAINTY_ASSIGNED_CONTEXT((#10019)) 
GLOBAL_UNIT_ASSIGNED_CONTEXT((#10016,#10017,#10018)) 
REPRESENTATION_CONTEXT('Context #1',
  '3D Context with UNIT and UNCERTAINTY') );
#10016 = ( LENGTH_UNIT() NAMED_UNIT(*) SI_UNIT(.MILLI.,.METRE.) );
#10017 = ( NAMED_UNIT(*) PLANE_ANGLE_UNIT() SI_UNIT($,.RADIAN.) );
#10018 = ( NAMED_UNIT(*) SI_UNIT($,.STERADIAN.) SOLID_ANGLE_UNIT() );
#10019 = UNCERTAINTY_MEASURE_WITH_UNIT(LENGTH_MEASURE(2.E-06),#10016,
  'distance_accuracy_value','confusion accuracy');
#10020 = CONTEXT_DEPENDENT_SHAPE_REPRESENTATION(#10021,#10023);
#10021 = ( REPRESENTATION_RELATIONSHIP('','',#7940,#7917) 
REPRESENTATION_RELATIONSHIP_WITH_TRANSFORMATION(#10022) 
SHAPE_REPRESENTATION_RELATIONSHIP() );
#10022 = ITEM_DEFINED_TRANSFORMATION('','',#11,#7918);
#10023 = PRODUCT_DEFINITION_SHAPE('Placement','Placement of an item',
  #10024);
#10024 = NEXT_ASSEMBLY_USAGE_OCCURRENCE('47','=>[0:1:1:15]','',#7912,
  #7935,$);
#10025 = PRODUCT_RELATED_PRODUCT_CATEGORY('part',$,(#7937));
#10026 = CONTEXT_DEPENDENT_SHAPE_REPRESENTATION(#10027,#10029);
#10027 = ( REPRESENTATION_RELATIONSHIP('','',#876,#10) 
REPRESENTATION_RELATIONSHIP_WITH_TRANSFORMATION(#10028) 
SHAPE_REPRESENTATION_RELATIONSHIP() );
#10028 = ITEM_DEFINED_TRANSFORMATION('','',#11,#179);
#10029 = PRODUCT_DEFINITION_SHAPE('Placement','Placement of an item',
  #10030);
#10030 = NEXT_ASSEMBLY_USAGE_OCCURRENCE('49','C95','',#5,#871,$);
#10031 = CONTEXT_DEPENDENT_SHAPE_REPRESENTATION(#10032,#10034);
#10032 = ( REPRESENTATION_RELATIONSHIP('','',#2629,#10) 
REPRESENTATION_RELATIONSHIP_WITH_TRANSFORMATION(#10033) 
SHAPE_REPRESENTATION_RELATIONSHIP() );
#10033 = ITEM_DEFINED_TRANSFORMATION('','',#11,#183);
#10034 = PRODUCT_DEFINITION_SHAPE('Placement','Placement of an item',
  #10035);
#10035 = NEXT_ASSEMBLY_USAGE_OCCURRENCE('50','C34','',#5,#2624,$);
#10036 = CONTEXT_DEPENDENT_SHAPE_REPRESENTATION(#10037,#10039);
#10037 = ( REPRESENTATION_RELATIONSHIP('','',#876,#10) 
REPRESENTATION_RELATIONSHIP_WITH_TRANSFORMATION(#10038) 
SHAPE_REPRESENTATION_RELATIONSHIP() );
#10038 = ITEM_DEFINED_TRANSFORMATION('','',#11,#187);
#10039 = PRODUCT_DEFINITION_SHAPE('Placement','Placement of an item',
  #10040);
#10040 = NEXT_ASSEMBLY_USAGE_OCCURRENCE('51','C1','',#5,#871,$);
#10041 = CONTEXT_DEPENDENT_SHAPE_REPRESENTATION(#10042,#10044);
#10042 = ( REPRESENTATION_RELATIONSHIP('','',#2629,#10) 
REPRESENTATION_RELATIONSHIP_WITH_TRANSFORMATION(#10043) 
SHAPE_REPRESENTATION_RELATIONSHIP() );
#10043 = ITEM_DEFINED_TRANSFORMATION('','',#11,#191);
#10044 = PRODUCT_DEFINITION_SHAPE('Placement','Placement of an item',
  #10045);
#10045 = NEXT_ASSEMBLY_USAGE_OCCURRENCE('52','C102','',#5,#2624,$);
#10046 = CONTEXT_DEPENDENT_SHAPE_REPRESENTATION(#10047,#10049);
#10047 = ( REPRESENTATION_RELATIONSHIP('','',#876,#10) 
REPRESENTATION_RELATIONSHIP_WITH_TRANSFORMATION(#10048) 
SHAPE_REPRESENTATION_RELATIONSHIP() );
#10048 = ITEM_DEFINED_TRANSFORMATION('','',#11,#195);
#10049 = PRODUCT_DEFINITION_SHAPE('Placement','Placement of an item',
  #10050);
#10050 = NEXT_ASSEMBLY_USAGE_OCCURRENCE('53','C75','',#5,#871,$);
#10051 = CONTEXT_DEPENDENT_SHAPE_REPRESENTATION(#10052,#10054);
#10052 = ( REPRESENTATION_RELATIONSHIP('','',#876,#10) 
REPRESENTATION_RELATIONSHIP_WITH_TRANSFORMATION(#10053) 
SHAPE_REPRESENTATION_RELATIONSHIP() );
#10053 = ITEM_DEFINED_TRANSFORMATION('','',#11,#199);
#10054 = PRODUCT_DEFINITION_SHAPE('Placement','Placement of an item',
  #10055);
#10055 = NEXT_ASSEMBLY_USAGE_OCCURRENCE('54','C4','',#5,#871,$);
#10056 = CONTEXT_DEPENDENT_SHAPE_REPRESENTATION(#10057,#10059);
#10057 = ( REPRESENTATION_RELATIONSHIP('','',#876,#10) 
REPRESENTATION_RELATIONSHIP_WITH_TRANSFORMATION(#10058) 
SHAPE_REPRESENTATION_RELATIONSHIP() );
#10058 = ITEM_DEFINED_TRANSFORMATION('','',#11,#203);
#10059 = PRODUCT_DEFINITION_SHAPE('Placement','Placement of an item',
  #10060);
#10060 = NEXT_ASSEMBLY_USAGE_OCCURRENCE('55','C2','',#5,#871,$);
#10061 = CONTEXT_DEPENDENT_SHAPE_REPRESENTATION(#10062,#10064);
#10062 = ( REPRESENTATION_RELATIONSHIP('','',#2629,#10) 
REPRESENTATION_RELATIONSHIP_WITH_TRANSFORMATION(#10063) 
SHAPE_REPRESENTATION_RELATIONSHIP() );
#10063 = ITEM_DEFINED_TRANSFORMATION('','',#11,#207);
#10064 = PRODUCT_DEFINITION_SHAPE('Placement','Placement of an item',
  #10065);
#10065 = NEXT_ASSEMBLY_USAGE_OCCURRENCE('56','C100','',#5,#2624,$);
#10066 = CONTEXT_DEPENDENT_SHAPE_REPRESENTATION(#10067,#10069);
#10067 = ( REPRESENTATION_RELATIONSHIP('','',#876,#10) 
REPRESENTATION_RELATIONSHIP_WITH_TRANSFORMATION(#10068) 
SHAPE_REPRESENTATION_RELATIONSHIP() );
#10068 = ITEM_DEFINED_TRANSFORMATION('','',#11,#211);
#10069 = PRODUCT_DEFINITION_SHAPE('Placement','Placement of an item',
  #10070);
#10070 = NEXT_ASSEMBLY_USAGE_OCCURRENCE('57','C72','',#5,#871,$);
#10071 = CONTEXT_DEPENDENT_SHAPE_REPRESENTATION(#10072,#10074);
#10072 = ( REPRESENTATION_RELATIONSHIP('','',#876,#10) 
REPRESENTATION_RELATIONSHIP_WITH_TRANSFORMATION(#10073) 
SHAPE_REPRESENTATION_RELATIONSHIP() );
#10073 = ITEM_DEFINED_TRANSFORMATION('','',#11,#215);
#10074 = PRODUCT_DEFINITION_SHAPE('Placement','Placement of an item',
  #10075);
#10075 = NEXT_ASSEMBLY_USAGE_OCCURRENCE('58','C52','',#5,#871,$);
#10076 = CONTEXT_DEPENDENT_SHAPE_REPRESENTATION(#10077,#10079);
#10077 = ( REPRESENTATION_RELATIONSHIP('','',#1772,#10) 
REPRESENTATION_RELATIONSHIP_WITH_TRANSFORMATION(#10078) 
SHAPE_REPRESENTATION_RELATIONSHIP() );
#10078 = ITEM_DEFINED_TRANSFORMATION('','',#11,#219);
#10079 = PRODUCT_DEFINITION_SHAPE('Placement','Placement of an item',
  #10080);
#10080 = NEXT_ASSEMBLY_USAGE_OCCURRENCE('59','R3','',#5,#1767,$);
#10081 = CONTEXT_DEPENDENT_SHAPE_REPRESENTATION(#10082,#10084);
#10082 = ( REPRESENTATION_RELATIONSHIP('','',#876,#10) 
REPRESENTATION_RELATIONSHIP_WITH_TRANSFORMATION(#10083) 
SHAPE_REPRESENTATION_RELATIONSHIP() );
#10083 = ITEM_DEFINED_TRANSFORMATION('','',#11,#223);
#10084 = PRODUCT_DEFINITION_SHAPE('Placement','Placement of an item',
  #10085);
#10085 = NEXT_ASSEMBLY_USAGE_OCCURRENCE('60','C15','',#5,#871,$);
#10086 = CONTEXT_DEPENDENT_SHAPE_REPRESENTATION(#10087,#10089);
#10087 = ( REPRESENTATION_RELATIONSHIP('','',#1772,#10) 
REPRESENTATION_RELATIONSHIP_WITH_TRANSFORMATION(#10088) 
SHAPE_REPRESENTATION_RELATIONSHIP() );
#10088 = ITEM_DEFINED_TRANSFORMATION('','',#11,#227);
#10089 = PRODUCT_DEFINITION_SHAPE('Placement','Placement of an item',
  #10090);
#10090 = NEXT_ASSEMBLY_USAGE_OCCURRENCE('61','R10','',#5,#1767,$);
#10091 = CONTEXT_DEPENDENT_SHAPE_REPRESENTATION(#10092,#10094);
#10092 = ( REPRESENTATION_RELATIONSHIP('','',#1772,#10) 
REPRESENTATION_RELATIONSHIP_WITH_TRANSFORMATION(#10093) 
SHAPE_REPRESENTATION_RELATIONSHIP() );
#10093 = ITEM_DEFINED_TRANSFORMATION('','',#11,#231);
#10094 = PRODUCT_DEFINITION_SHAPE('Placement','Placement of an item',
  #10095);
#10095 = NEXT_ASSEMBLY_USAGE_OCCURRENCE('62','R4','',#5,#1767,$);
#10096 = CONTEXT_DEPENDENT_SHAPE_REPRESENTATION(#10097,#10099);
#10097 = ( REPRESENTATION_RELATIONSHIP('','',#876,#10) 
REPRESENTATION_RELATIONSHIP_WITH_TRANSFORMATION(#10098) 
SHAPE_REPRESENTATION_RELATIONSHIP() );
#10098 = ITEM_DEFINED_TRANSFORMATION('','',#11,#235);
#10099 = PRODUCT_DEFINITION_SHAPE('Placement','Placement of an item',
  #10100);
#10100 = NEXT_ASSEMBLY_USAGE_OCCURRENCE('63','C116','',#5,#871,$);
#10101 = CONTEXT_DEPENDENT_SHAPE_REPRESENTATION(#10102,#10104);
#10102 = ( REPRESENTATION_RELATIONSHIP('','',#2629,#10) 
REPRESENTATION_RELATIONSHIP_WITH_TRANSFORMATION(#10103) 
SHAPE_REPRESENTATION_RELATIONSHIP() );
#10103 = ITEM_DEFINED_TRANSFORMATION('','',#11,#239);
#10104 = PRODUCT_DEFINITION_SHAPE('Placement','Placement of an item',
  #10105);
#10105 = NEXT_ASSEMBLY_USAGE_OCCURRENCE('64','C103','',#5,#2624,$);
#10106 = CONTEXT_DEPENDENT_SHAPE_REPRESENTATION(#10107,#10109);
#10107 = ( REPRESENTATION_RELATIONSHIP('','',#2629,#10) 
REPRESENTATION_RELATIONSHIP_WITH_TRANSFORMATION(#10108) 
SHAPE_REPRESENTATION_RELATIONSHIP() );
#10108 = ITEM_DEFINED_TRANSFORMATION('','',#11,#243);
#10109 = PRODUCT_DEFINITION_SHAPE('Placement','Placement of an item',
  #10110);
#10110 = NEXT_ASSEMBLY_USAGE_OCCURRENCE('65','C59','',#5,#2624,$);
#10111 = CONTEXT_DEPENDENT_SHAPE_REPRESENTATION(#10112,#10114);
#10112 = ( REPRESENTATION_RELATIONSHIP('','',#876,#10) 
REPRESENTATION_RELATIONSHIP_WITH_TRANSFORMATION(#10113) 
SHAPE_REPRESENTATION_RELATIONSHIP() );
#10113 = ITEM_DEFINED_TRANSFORMATION('','',#11,#247);
#10114 = PRODUCT_DEFINITION_SHAPE('Placement','Placement of an item',
  #10115);
#10115 = NEXT_ASSEMBLY_USAGE_OCCURRENCE('66','C74','',#5,#871,$);
#10116 = CONTEXT_DEPENDENT_SHAPE_REPRESENTATION(#10117,#10119);
#10117 = ( REPRESENTATION_RELATIONSHIP('','',#2629,#10) 
REPRESENTATION_RELATIONSHIP_WITH_TRANSFORMATION(#10118) 
SHAPE_REPRESENTATION_RELATIONSHIP() );
#10118 = ITEM_DEFINED_TRANSFORMATION('','',#11,#251);
#10119 = PRODUCT_DEFINITION_SHAPE('Placement','Placement of an item',
  #10120);
#10120 = NEXT_ASSEMBLY_USAGE_OCCURRENCE('67','C14','',#5,#2624,$);
#10121 = CONTEXT_DEPENDENT_SHAPE_REPRESENTATION(#10122,#10124);
#10122 = ( REPRESENTATION_RELATIONSHIP('','',#2629,#10) 
REPRESENTATION_RELATIONSHIP_WITH_TRANSFORMATION(#10123) 
SHAPE_REPRESENTATION_RELATIONSHIP() );
#10123 = ITEM_DEFINED_TRANSFORMATION('','',#11,#255);
#10124 = PRODUCT_DEFINITION_SHAPE('Placement','Placement of an item',
  #10125);
#10125 = NEXT_ASSEMBLY_USAGE_OCCURRENCE('68','C36','',#5,#2624,$);
#10126 = CONTEXT_DEPENDENT_SHAPE_REPRESENTATION(#10127,#10129);
#10127 = ( REPRESENTATION_RELATIONSHIP('','',#876,#10) 
REPRESENTATION_RELATIONSHIP_WITH_TRANSFORMATION(#10128) 
SHAPE_REPRESENTATION_RELATIONSHIP() );
#10128 = ITEM_DEFINED_TRANSFORMATION('','',#11,#259);
#10129 = PRODUCT_DEFINITION_SHAPE('Placement','Placement of an item',
  #10130);
#10130 = NEXT_ASSEMBLY_USAGE_OCCURRENCE('69','C64','',#5,#871,$);
#10131 = CONTEXT_DEPENDENT_SHAPE_REPRESENTATION(#10132,#10134);
#10132 = ( REPRESENTATION_RELATIONSHIP('','',#876,#10) 
REPRESENTATION_RELATIONSHIP_WITH_TRANSFORMATION(#10133) 
SHAPE_REPRESENTATION_RELATIONSHIP() );
#10133 = ITEM_DEFINED_TRANSFORMATION('','',#11,#263);
#10134 = PRODUCT_DEFINITION_SHAPE('Placement','Placement of an item',
  #10135);
#10135 = NEXT_ASSEMBLY_USAGE_OCCURRENCE('70','C71','',#5,#871,$);
#10136 = CONTEXT_DEPENDENT_SHAPE_REPRESENTATION(#10137,#10139);
#10137 = ( REPRESENTATION_RELATIONSHIP('','',#876,#10) 
REPRESENTATION_RELATIONSHIP_WITH_TRANSFORMATION(#10138) 
SHAPE_REPRESENTATION_RELATIONSHIP() );
#10138 = ITEM_DEFINED_TRANSFORMATION('','',#11,#267);
#10139 = PRODUCT_DEFINITION_SHAPE('Placement','Placement of an item',
  #10140);
#10140 = NEXT_ASSEMBLY_USAGE_OCCURRENCE('71','C114','',#5,#871,$);
#10141 = CONTEXT_DEPENDENT_SHAPE_REPRESENTATION(#10142,#10144);
#10142 = ( REPRESENTATION_RELATIONSHIP('','',#2629,#10) 
REPRESENTATION_RELATIONSHIP_WITH_TRANSFORMATION(#10143) 
SHAPE_REPRESENTATION_RELATIONSHIP() );
#10143 = ITEM_DEFINED_TRANSFORMATION('','',#11,#271);
#10144 = PRODUCT_DEFINITION_SHAPE('Placement','Placement of an item',
  #10145);
#10145 = NEXT_ASSEMBLY_USAGE_OCCURRENCE('72','C81','',#5,#2624,$);
#10146 = CONTEXT_DEPENDENT_SHAPE_REPRESENTATION(#10147,#10149);
#10147 = ( REPRESENTATION_RELATIONSHIP('','',#876,#10) 
REPRESENTATION_RELATIONSHIP_WITH_TRANSFORMATION(#10148) 
SHAPE_REPRESENTATION_RELATIONSHIP() );
#10148 = ITEM_DEFINED_TRANSFORMATION('','',#11,#275);
#10149 = PRODUCT_DEFINITION_SHAPE('Placement','Placement of an item',
  #10150);
#10150 = NEXT_ASSEMBLY_USAGE_OCCURRENCE('73','C19','',#5,#871,$);
#10151 = CONTEXT_DEPENDENT_SHAPE_REPRESENTATION(#10152,#10154);
#10152 = ( REPRESENTATION_RELATIONSHIP('','',#876,#10) 
REPRESENTATION_RELATIONSHIP_WITH_TRANSFORMATION(#10153) 
SHAPE_REPRESENTATION_RELATIONSHIP() );
#10153 = ITEM_DEFINED_TRANSFORMATION('','',#11,#279);
#10154 = PRODUCT_DEFINITION_SHAPE('Placement','Placement of an item',
  #10155);
#10155 = NEXT_ASSEMBLY_USAGE_OCCURRENCE('74','C96','',#5,#871,$);
#10156 = CONTEXT_DEPENDENT_SHAPE_REPRESENTATION(#10157,#10159);
#10157 = ( REPRESENTATION_RELATIONSHIP('','',#1772,#10) 
REPRESENTATION_RELATIONSHIP_WITH_TRANSFORMATION(#10158) 
SHAPE_REPRESENTATION_RELATIONSHIP() );
#10158 = ITEM_DEFINED_TRANSFORMATION('','',#11,#283);
#10159 = PRODUCT_DEFINITION_SHAPE('Placement','Placement of an item',
  #10160);
#10160 = NEXT_ASSEMBLY_USAGE_OCCURRENCE('75','R71','',#5,#1767,$);
#10161 = CONTEXT_DEPENDENT_SHAPE_REPRESENTATION(#10162,#10164);
#10162 = ( REPRESENTATION_RELATIONSHIP('','',#1772,#10) 
REPRESENTATION_RELATIONSHIP_WITH_TRANSFORMATION(#10163) 
SHAPE_REPRESENTATION_RELATIONSHIP() );
#10163 = ITEM_DEFINED_TRANSFORMATION('','',#11,#287);
#10164 = PRODUCT_DEFINITION_SHAPE('Placement','Placement of an item',
  #10165);
#10165 = NEXT_ASSEMBLY_USAGE_OCCURRENCE('76','R7','',#5,#1767,$);
#10166 = CONTEXT_DEPENDENT_SHAPE_REPRESENTATION(#10167,#10169);
#10167 = ( REPRESENTATION_RELATIONSHIP('','',#876,#10) 
REPRESENTATION_RELATIONSHIP_WITH_TRANSFORMATION(#10168) 
SHAPE_REPRESENTATION_RELATIONSHIP() );
#10168 = ITEM_DEFINED_TRANSFORMATION('','',#11,#291);
#10169 = PRODUCT_DEFINITION_SHAPE('Placement','Placement of an item',
  #10170);
#10170 = NEXT_ASSEMBLY_USAGE_OCCURRENCE('77','C49','',#5,#871,$);
#10171 = CONTEXT_DEPENDENT_SHAPE_REPRESENTATION(#10172,#10174);
#10172 = ( REPRESENTATION_RELATIONSHIP('','',#876,#10) 
REPRESENTATION_RELATIONSHIP_WITH_TRANSFORMATION(#10173) 
SHAPE_REPRESENTATION_RELATIONSHIP() );
#10173 = ITEM_DEFINED_TRANSFORMATION('','',#11,#295);
#10174 = PRODUCT_DEFINITION_SHAPE('Placement','Placement of an item',
  #10175);
#10175 = NEXT_ASSEMBLY_USAGE_OCCURRENCE('78','C501','',#5,#871,$);
#10176 = CONTEXT_DEPENDENT_SHAPE_REPRESENTATION(#10177,#10179);
#10177 = ( REPRESENTATION_RELATIONSHIP('','',#876,#10) 
REPRESENTATION_RELATIONSHIP_WITH_TRANSFORMATION(#10178) 
SHAPE_REPRESENTATION_RELATIONSHIP() );
#10178 = ITEM_DEFINED_TRANSFORMATION('','',#11,#299);
#10179 = PRODUCT_DEFINITION_SHAPE('Placement','Placement of an item',
  #10180);
#10180 = NEXT_ASSEMBLY_USAGE_OCCURRENCE('79','C48','',#5,#871,$);
#10181 = CONTEXT_DEPENDENT_SHAPE_REPRESENTATION(#10182,#10184);
#10182 = ( REPRESENTATION_RELATIONSHIP('','',#1772,#10) 
REPRESENTATION_RELATIONSHIP_WITH_TRANSFORMATION(#10183) 
SHAPE_REPRESENTATION_RELATIONSHIP() );
#10183 = ITEM_DEFINED_TRANSFORMATION('','',#11,#303);
#10184 = PRODUCT_DEFINITION_SHAPE('Placement','Placement of an item',
  #10185);
#10185 = NEXT_ASSEMBLY_USAGE_OCCURRENCE('80','R26','',#5,#1767,$);
#10186 = CONTEXT_DEPENDENT_SHAPE_REPRESENTATION(#10187,#10189);
#10187 = ( REPRESENTATION_RELATIONSHIP('','',#876,#10) 
REPRESENTATION_RELATIONSHIP_WITH_TRANSFORMATION(#10188) 
SHAPE_REPRESENTATION_RELATIONSHIP() );
#10188 = ITEM_DEFINED_TRANSFORMATION('','',#11,#307);
#10189 = PRODUCT_DEFINITION_SHAPE('Placement','Placement of an item',
  #10190);
#10190 = NEXT_ASSEMBLY_USAGE_OCCURRENCE('81','C47','',#5,#871,$);
#10191 = CONTEXT_DEPENDENT_SHAPE_REPRESENTATION(#10192,#10194);
#10192 = ( REPRESENTATION_RELATIONSHIP('','',#876,#10) 
REPRESENTATION_RELATIONSHIP_WITH_TRANSFORMATION(#10193) 
SHAPE_REPRESENTATION_RELATIONSHIP() );
#10193 = ITEM_DEFINED_TRANSFORMATION('','',#11,#311);
#10194 = PRODUCT_DEFINITION_SHAPE('Placement','Placement of an item',
  #10195);
#10195 = NEXT_ASSEMBLY_USAGE_OCCURRENCE('82','C28','',#5,#871,$);
#10196 = CONTEXT_DEPENDENT_SHAPE_REPRESENTATION(#10197,#10199);
#10197 = ( REPRESENTATION_RELATIONSHIP('','',#2629,#10) 
REPRESENTATION_RELATIONSHIP_WITH_TRANSFORMATION(#10198) 
SHAPE_REPRESENTATION_RELATIONSHIP() );
#10198 = ITEM_DEFINED_TRANSFORMATION('','',#11,#315);
#10199 = PRODUCT_DEFINITION_SHAPE('Placement','Placement of an item',
  #10200);
#10200 = NEXT_ASSEMBLY_USAGE_OCCURRENCE('83','C80','',#5,#2624,$);
#10201 = CONTEXT_DEPENDENT_SHAPE_REPRESENTATION(#10202,#10204);
#10202 = ( REPRESENTATION_RELATIONSHIP('','',#2629,#10) 
REPRESENTATION_RELATIONSHIP_WITH_TRANSFORMATION(#10203) 
SHAPE_REPRESENTATION_RELATIONSHIP() );
#10203 = ITEM_DEFINED_TRANSFORMATION('','',#11,#319);
#10204 = PRODUCT_DEFINITION_SHAPE('Placement','Placement of an item',
  #10205);
#10205 = NEXT_ASSEMBLY_USAGE_OCCURRENCE('84','C57','',#5,#2624,$);
#10206 = CONTEXT_DEPENDENT_SHAPE_REPRESENTATION(#10207,#10209);
#10207 = ( REPRESENTATION_RELATIONSHIP('','',#1772,#10) 
REPRESENTATION_RELATIONSHIP_WITH_TRANSFORMATION(#10208) 
SHAPE_REPRESENTATION_RELATIONSHIP() );
#10208 = ITEM_DEFINED_TRANSFORMATION('','',#11,#323);
#10209 = PRODUCT_DEFINITION_SHAPE('Placement','Placement of an item',
  #10210);
#10210 = NEXT_ASSEMBLY_USAGE_OCCURRENCE('85','R9','',#5,#1767,$);
#10211 = CONTEXT_DEPENDENT_SHAPE_REPRESENTATION(#10212,#10214);
#10212 = ( REPRESENTATION_RELATIONSHIP('','',#3580,#10) 
REPRESENTATION_RELATIONSHIP_WITH_TRANSFORMATION(#10213) 
SHAPE_REPRESENTATION_RELATIONSHIP() );
#10213 = ITEM_DEFINED_TRANSFORMATION('','',#11,#327);
#10214 = PRODUCT_DEFINITION_SHAPE('Placement','Placement of an item',
  #10215);
#10215 = NEXT_ASSEMBLY_USAGE_OCCURRENCE('86','D15','',#5,#3575,$);
#10216 = CONTEXT_DEPENDENT_SHAPE_REPRESENTATION(#10217,#10219);
#10217 = ( REPRESENTATION_RELATIONSHIP('','',#1772,#10) 
REPRESENTATION_RELATIONSHIP_WITH_TRANSFORMATION(#10218) 
SHAPE_REPRESENTATION_RELATIONSHIP() );
#10218 = ITEM_DEFINED_TRANSFORMATION('','',#11,#331);
#10219 = PRODUCT_DEFINITION_SHAPE('Placement','Placement of an item',
  #10220);
#10220 = NEXT_ASSEMBLY_USAGE_OCCURRENCE('87','R55','',#5,#1767,$);
#10221 = CONTEXT_DEPENDENT_SHAPE_REPRESENTATION(#10222,#10224);
#10222 = ( REPRESENTATION_RELATIONSHIP('','',#876,#10) 
REPRESENTATION_RELATIONSHIP_WITH_TRANSFORMATION(#10223) 
SHAPE_REPRESENTATION_RELATIONSHIP() );
#10223 = ITEM_DEFINED_TRANSFORMATION('','',#11,#335);
#10224 = PRODUCT_DEFINITION_SHAPE('Placement','Placement of an item',
  #10225);
#10225 = NEXT_ASSEMBLY_USAGE_OCCURRENCE('88','C61','',#5,#871,$);
#10226 = CONTEXT_DEPENDENT_SHAPE_REPRESENTATION(#10227,#10229);
#10227 = ( REPRESENTATION_RELATIONSHIP('','',#876,#10) 
REPRESENTATION_RELATIONSHIP_WITH_TRANSFORMATION(#10228) 
SHAPE_REPRESENTATION_RELATIONSHIP() );
#10228 = ITEM_DEFINED_TRANSFORMATION('','',#11,#339);
#10229 = PRODUCT_DEFINITION_SHAPE('Placement','Placement of an item',
  #10230);
#10230 = NEXT_ASSEMBLY_USAGE_OCCURRENCE('89','C113','',#5,#871,$);
#10231 = CONTEXT_DEPENDENT_SHAPE_REPRESENTATION(#10232,#10234);
#10232 = ( REPRESENTATION_RELATIONSHIP('','',#1772,#10) 
REPRESENTATION_RELATIONSHIP_WITH_TRANSFORMATION(#10233) 
SHAPE_REPRESENTATION_RELATIONSHIP() );
#10233 = ITEM_DEFINED_TRANSFORMATION('','',#11,#343);
#10234 = PRODUCT_DEFINITION_SHAPE('Placement','Placement of an item',
  #10235);
#10235 = NEXT_ASSEMBLY_USAGE_OCCURRENCE('90','R60','',#5,#1767,$);
#10236 = CONTEXT_DEPENDENT_SHAPE_REPRESENTATION(#10237,#10239);
#10237 = ( REPRESENTATION_RELATIONSHIP('','',#876,#10) 
REPRESENTATION_RELATIONSHIP_WITH_TRANSFORMATION(#10238) 
SHAPE_REPRESENTATION_RELATIONSHIP() );
#10238 = ITEM_DEFINED_TRANSFORMATION('','',#11,#347);
#10239 = PRODUCT_DEFINITION_SHAPE('Placement','Placement of an item',
  #10240);
#10240 = NEXT_ASSEMBLY_USAGE_OCCURRENCE('91','C88','',#5,#871,$);
#10241 = CONTEXT_DEPENDENT_SHAPE_REPRESENTATION(#10242,#10244);
#10242 = ( REPRESENTATION_RELATIONSHIP('','',#1772,#10) 
REPRESENTATION_RELATIONSHIP_WITH_TRANSFORMATION(#10243) 
SHAPE_REPRESENTATION_RELATIONSHIP() );
#10243 = ITEM_DEFINED_TRANSFORMATION('','',#11,#351);
#10244 = PRODUCT_DEFINITION_SHAPE('Placement','Placement of an item',
  #10245);
#10245 = NEXT_ASSEMBLY_USAGE_OCCURRENCE('92','R69','',#5,#1767,$);
#10246 = CONTEXT_DEPENDENT_SHAPE_REPRESENTATION(#10247,#10249);
#10247 = ( REPRESENTATION_RELATIONSHIP('','',#4946,#10) 
REPRESENTATION_RELATIONSHIP_WITH_TRANSFORMATION(#10248) 
SHAPE_REPRESENTATION_RELATIONSHIP() );
#10248 = ITEM_DEFINED_TRANSFORMATION('','',#11,#355);
#10249 = PRODUCT_DEFINITION_SHAPE('Placement','Placement of an item',
  #10250);
#10250 = NEXT_ASSEMBLY_USAGE_OCCURRENCE('93','C89','',#5,#4941,$);
#10251 = CONTEXT_DEPENDENT_SHAPE_REPRESENTATION(#10252,#10254);
#10252 = ( REPRESENTATION_RELATIONSHIP('','',#3580,#10) 
REPRESENTATION_RELATIONSHIP_WITH_TRANSFORMATION(#10253) 
SHAPE_REPRESENTATION_RELATIONSHIP() );
#10253 = ITEM_DEFINED_TRANSFORMATION('','',#11,#359);
#10254 = PRODUCT_DEFINITION_SHAPE('Placement','Placement of an item',
  #10255);
#10255 = NEXT_ASSEMBLY_USAGE_OCCURRENCE('94','D11','',#5,#3575,$);
#10256 = CONTEXT_DEPENDENT_SHAPE_REPRESENTATION(#10257,#10259);
#10257 = ( REPRESENTATION_RELATIONSHIP('','',#2629,#10) 
REPRESENTATION_RELATIONSHIP_WITH_TRANSFORMATION(#10258) 
SHAPE_REPRESENTATION_RELATIONSHIP() );
#10258 = ITEM_DEFINED_TRANSFORMATION('','',#11,#363);
#10259 = PRODUCT_DEFINITION_SHAPE('Placement','Placement of an item',
  #10260);
#10260 = NEXT_ASSEMBLY_USAGE_OCCURRENCE('95','C79','',#5,#2624,$);
#10261 = CONTEXT_DEPENDENT_SHAPE_REPRESENTATION(#10262,#10264);
#10262 = ( REPRESENTATION_RELATIONSHIP('','',#876,#10) 
REPRESENTATION_RELATIONSHIP_WITH_TRANSFORMATION(#10263) 
SHAPE_REPRESENTATION_RELATIONSHIP() );
#10263 = ITEM_DEFINED_TRANSFORMATION('','',#11,#367);
#10264 = PRODUCT_DEFINITION_SHAPE('Placement','Placement of an item',
  #10265);
#10265 = NEXT_ASSEMBLY_USAGE_OCCURRENCE('96','C93','',#5,#871,$);
#10266 = CONTEXT_DEPENDENT_SHAPE_REPRESENTATION(#10267,#10269);
#10267 = ( REPRESENTATION_RELATIONSHIP('','',#6378,#10) 
REPRESENTATION_RELATIONSHIP_WITH_TRANSFORMATION(#10268) 
SHAPE_REPRESENTATION_RELATIONSHIP() );
#10268 = ITEM_DEFINED_TRANSFORMATION('','',#11,#371);
#10269 = PRODUCT_DEFINITION_SHAPE('Placement','Placement of an item',
  #10270);
#10270 = NEXT_ASSEMBLY_USAGE_OCCURRENCE('97','J27','',#5,#6373,$);
#10271 = CONTEXT_DEPENDENT_SHAPE_REPRESENTATION(#10272,#10274);
#10272 = ( REPRESENTATION_RELATIONSHIP('','',#1772,#10) 
REPRESENTATION_RELATIONSHIP_WITH_TRANSFORMATION(#10273) 
SHAPE_REPRESENTATION_RELATIONSHIP() );
#10273 = ITEM_DEFINED_TRANSFORMATION('','',#11,#375);
#10274 = PRODUCT_DEFINITION_SHAPE('Placement','Placement of an item',
  #10275);
#10275 = NEXT_ASSEMBLY_USAGE_OCCURRENCE('98','R24','',#5,#1767,$);
#10276 = CONTEXT_DEPENDENT_SHAPE_REPRESENTATION(#10277,#10279);
#10277 = ( REPRESENTATION_RELATIONSHIP('','',#876,#10) 
REPRESENTATION_RELATIONSHIP_WITH_TRANSFORMATION(#10278) 
SHAPE_REPRESENTATION_RELATIONSHIP() );
#10278 = ITEM_DEFINED_TRANSFORMATION('','',#11,#379);
#10279 = PRODUCT_DEFINITION_SHAPE('Placement','Placement of an item',
  #10280);
#10280 = NEXT_ASSEMBLY_USAGE_OCCURRENCE('99','C86','',#5,#871,$);
#10281 = CONTEXT_DEPENDENT_SHAPE_REPRESENTATION(#10282,#10284);
#10282 = ( REPRESENTATION_RELATIONSHIP('','',#3580,#10) 
REPRESENTATION_RELATIONSHIP_WITH_TRANSFORMATION(#10283) 
SHAPE_REPRESENTATION_RELATIONSHIP() );
#10283 = ITEM_DEFINED_TRANSFORMATION('','',#11,#383);
#10284 = PRODUCT_DEFINITION_SHAPE('Placement','Placement of an item',
  #10285);
#10285 = NEXT_ASSEMBLY_USAGE_OCCURRENCE('100','D10','',#5,#3575,$);
#10286 = CONTEXT_DEPENDENT_SHAPE_REPRESENTATION(#10287,#10289);
#10287 = ( REPRESENTATION_RELATIONSHIP('','',#876,#10) 
REPRESENTATION_RELATIONSHIP_WITH_TRANSFORMATION(#10288) 
SHAPE_REPRESENTATION_RELATIONSHIP() );
#10288 = ITEM_DEFINED_TRANSFORMATION('','',#11,#387);
#10289 = PRODUCT_DEFINITION_SHAPE('Placement','Placement of an item',
  #10290);
#10290 = NEXT_ASSEMBLY_USAGE_OCCURRENCE('101','C41','',#5,#871,$);
#10291 = CONTEXT_DEPENDENT_SHAPE_REPRESENTATION(#10292,#10294);
#10292 = ( REPRESENTATION_RELATIONSHIP('','',#2629,#10) 
REPRESENTATION_RELATIONSHIP_WITH_TRANSFORMATION(#10293) 
SHAPE_REPRESENTATION_RELATIONSHIP() );
#10293 = ITEM_DEFINED_TRANSFORMATION('','',#11,#391);
#10294 = PRODUCT_DEFINITION_SHAPE('Placement','Placement of an item',
  #10295);
#10295 = NEXT_ASSEMBLY_USAGE_OCCURRENCE('102','C11','',#5,#2624,$);
#10296 = CONTEXT_DEPENDENT_SHAPE_REPRESENTATION(#10297,#10299);
#10297 = ( REPRESENTATION_RELATIONSHIP('','',#1772,#10) 
REPRESENTATION_RELATIONSHIP_WITH_TRANSFORMATION(#10298) 
SHAPE_REPRESENTATION_RELATIONSHIP() );
#10298 = ITEM_DEFINED_TRANSFORMATION('','',#11,#395);
#10299 = PRODUCT_DEFINITION_SHAPE('Placement','Placement of an item',
  #10300);
#10300 = NEXT_ASSEMBLY_USAGE_OCCURRENCE('103','R8','',#5,#1767,$);
#10301 = CONTEXT_DEPENDENT_SHAPE_REPRESENTATION(#10302,#10304);
#10302 = ( REPRESENTATION_RELATIONSHIP('','',#876,#10) 
REPRESENTATION_RELATIONSHIP_WITH_TRANSFORMATION(#10303) 
SHAPE_REPRESENTATION_RELATIONSHIP() );
#10303 = ITEM_DEFINED_TRANSFORMATION('','',#11,#399);
#10304 = PRODUCT_DEFINITION_SHAPE('Placement','Placement of an item',
  #10305);
#10305 = NEXT_ASSEMBLY_USAGE_OCCURRENCE('104','C27','',#5,#871,$);
#10306 = CONTEXT_DEPENDENT_SHAPE_REPRESENTATION(#10307,#10309);
#10307 = ( REPRESENTATION_RELATIONSHIP('','',#1772,#10) 
REPRESENTATION_RELATIONSHIP_WITH_TRANSFORMATION(#10308) 
SHAPE_REPRESENTATION_RELATIONSHIP() );
#10308 = ITEM_DEFINED_TRANSFORMATION('','',#11,#403);
#10309 = PRODUCT_DEFINITION_SHAPE('Placement','Placement of an item',
  #10310);
#10310 = NEXT_ASSEMBLY_USAGE_OCCURRENCE('105','R54','',#5,#1767,$);
#10311 = CONTEXT_DEPENDENT_SHAPE_REPRESENTATION(#10312,#10314);
#10312 = ( REPRESENTATION_RELATIONSHIP('','',#876,#10) 
REPRESENTATION_RELATIONSHIP_WITH_TRANSFORMATION(#10313) 
SHAPE_REPRESENTATION_RELATIONSHIP() );
#10313 = ITEM_DEFINED_TRANSFORMATION('','',#11,#407);
#10314 = PRODUCT_DEFINITION_SHAPE('Placement','Placement of an item',
  #10315);
#10315 = NEXT_ASSEMBLY_USAGE_OCCURRENCE('106','C106','',#5,#871,$);
#10316 = CONTEXT_DEPENDENT_SHAPE_REPRESENTATION(#10317,#10319);
#10317 = ( REPRESENTATION_RELATIONSHIP('','',#2629,#10) 
REPRESENTATION_RELATIONSHIP_WITH_TRANSFORMATION(#10318) 
SHAPE_REPRESENTATION_RELATIONSHIP() );
#10318 = ITEM_DEFINED_TRANSFORMATION('','',#11,#411);
#10319 = PRODUCT_DEFINITION_SHAPE('Placement','Placement of an item',
  #10320);
#10320 = NEXT_ASSEMBLY_USAGE_OCCURRENCE('107','C76','',#5,#2624,$);
#10321 = CONTEXT_DEPENDENT_SHAPE_REPRESENTATION(#10322,#10324);
#10322 = ( REPRESENTATION_RELATIONSHIP('','',#876,#10) 
REPRESENTATION_RELATIONSHIP_WITH_TRANSFORMATION(#10323) 
SHAPE_REPRESENTATION_RELATIONSHIP() );
#10323 = ITEM_DEFINED_TRANSFORMATION('','',#11,#415);
#10324 = PRODUCT_DEFINITION_SHAPE('Placement','Placement of an item',
  #10325);
#10325 = NEXT_ASSEMBLY_USAGE_OCCURRENCE('108','C29','',#5,#871,$);
#10326 = CONTEXT_DEPENDENT_SHAPE_REPRESENTATION(#10327,#10329);
#10327 = ( REPRESENTATION_RELATIONSHIP('','',#876,#10) 
REPRESENTATION_RELATIONSHIP_WITH_TRANSFORMATION(#10328) 
SHAPE_REPRESENTATION_RELATIONSHIP() );
#10328 = ITEM_DEFINED_TRANSFORMATION('','',#11,#419);
#10329 = PRODUCT_DEFINITION_SHAPE('Placement','Placement of an item',
  #10330);
#10330 = NEXT_ASSEMBLY_USAGE_OCCURRENCE('109','C18','',#5,#871,$);
#10331 = CONTEXT_DEPENDENT_SHAPE_REPRESENTATION(#10332,#10334);
#10332 = ( REPRESENTATION_RELATIONSHIP('','',#876,#10) 
REPRESENTATION_RELATIONSHIP_WITH_TRANSFORMATION(#10333) 
SHAPE_REPRESENTATION_RELATIONSHIP() );
#10333 = ITEM_DEFINED_TRANSFORMATION('','',#11,#423);
#10334 = PRODUCT_DEFINITION_SHAPE('Placement','Placement of an item',
  #10335);
#10335 = NEXT_ASSEMBLY_USAGE_OCCURRENCE('110','C38','',#5,#871,$);
#10336 = CONTEXT_DEPENDENT_SHAPE_REPRESENTATION(#10337,#10339);
#10337 = ( REPRESENTATION_RELATIONSHIP('','',#1772,#10) 
REPRESENTATION_RELATIONSHIP_WITH_TRANSFORMATION(#10338) 
SHAPE_REPRESENTATION_RELATIONSHIP() );
#10338 = ITEM_DEFINED_TRANSFORMATION('','',#11,#427);
#10339 = PRODUCT_DEFINITION_SHAPE('Placement','Placement of an item',
  #10340);
#10340 = NEXT_ASSEMBLY_USAGE_OCCURRENCE('111','R72','',#5,#1767,$);
#10341 = CONTEXT_DEPENDENT_SHAPE_REPRESENTATION(#10342,#10344);
#10342 = ( REPRESENTATION_RELATIONSHIP('','',#876,#10) 
REPRESENTATION_RELATIONSHIP_WITH_TRANSFORMATION(#10343) 
SHAPE_REPRESENTATION_RELATIONSHIP() );
#10343 = ITEM_DEFINED_TRANSFORMATION('','',#11,#431);
#10344 = PRODUCT_DEFINITION_SHAPE('Placement','Placement of an item',
  #10345);
#10345 = NEXT_ASSEMBLY_USAGE_OCCURRENCE('112','C70','',#5,#871,$);
#10346 = CONTEXT_DEPENDENT_SHAPE_REPRESENTATION(#10347,#10349);
#10347 = ( REPRESENTATION_RELATIONSHIP('','',#3580,#10) 
REPRESENTATION_RELATIONSHIP_WITH_TRANSFORMATION(#10348) 
SHAPE_REPRESENTATION_RELATIONSHIP() );
#10348 = ITEM_DEFINED_TRANSFORMATION('','',#11,#435);
#10349 = PRODUCT_DEFINITION_SHAPE('Placement','Placement of an item',
  #10350);
#10350 = NEXT_ASSEMBLY_USAGE_OCCURRENCE('113','D2','',#5,#3575,$);
#10351 = CONTEXT_DEPENDENT_SHAPE_REPRESENTATION(#10352,#10354);
#10352 = ( REPRESENTATION_RELATIONSHIP('','',#3580,#10) 
REPRESENTATION_RELATIONSHIP_WITH_TRANSFORMATION(#10353) 
SHAPE_REPRESENTATION_RELATIONSHIP() );
#10353 = ITEM_DEFINED_TRANSFORMATION('','',#11,#439);
#10354 = PRODUCT_DEFINITION_SHAPE('Placement','Placement of an item',
  #10355);
#10355 = NEXT_ASSEMBLY_USAGE_OCCURRENCE('114','D1','',#5,#3575,$);
#10356 = CONTEXT_DEPENDENT_SHAPE_REPRESENTATION(#10357,#10359);
#10357 = ( REPRESENTATION_RELATIONSHIP('','',#6378,#10) 
REPRESENTATION_RELATIONSHIP_WITH_TRANSFORMATION(#10358) 
SHAPE_REPRESENTATION_RELATIONSHIP() );
#10358 = ITEM_DEFINED_TRANSFORMATION('','',#11,#443);
#10359 = PRODUCT_DEFINITION_SHAPE('Placement','Placement of an item',
  #10360);
#10360 = NEXT_ASSEMBLY_USAGE_OCCURRENCE('115','J22','',#5,#6373,$);
#10361 = CONTEXT_DEPENDENT_SHAPE_REPRESENTATION(#10362,#10364);
#10362 = ( REPRESENTATION_RELATIONSHIP('','',#876,#10) 
REPRESENTATION_RELATIONSHIP_WITH_TRANSFORMATION(#10363) 
SHAPE_REPRESENTATION_RELATIONSHIP() );
#10363 = ITEM_DEFINED_TRANSFORMATION('','',#11,#447);
#10364 = PRODUCT_DEFINITION_SHAPE('Placement','Placement of an item',
  #10365);
#10365 = NEXT_ASSEMBLY_USAGE_OCCURRENCE('116','C50','',#5,#871,$);
#10366 = CONTEXT_DEPENDENT_SHAPE_REPRESENTATION(#10367,#10369);
#10367 = ( REPRESENTATION_RELATIONSHIP('','',#876,#10) 
REPRESENTATION_RELATIONSHIP_WITH_TRANSFORMATION(#10368) 
SHAPE_REPRESENTATION_RELATIONSHIP() );
#10368 = ITEM_DEFINED_TRANSFORMATION('','',#11,#451);
#10369 = PRODUCT_DEFINITION_SHAPE('Placement','Placement of an item',
  #10370);
#10370 = NEXT_ASSEMBLY_USAGE_OCCURRENCE('117','C94','',#5,#871,$);
#10371 = CONTEXT_DEPENDENT_SHAPE_REPRESENTATION(#10372,#10374);
#10372 = ( REPRESENTATION_RELATIONSHIP('','',#876,#10) 
REPRESENTATION_RELATIONSHIP_WITH_TRANSFORMATION(#10373) 
SHAPE_REPRESENTATION_RELATIONSHIP() );
#10373 = ITEM_DEFINED_TRANSFORMATION('','',#11,#455);
#10374 = PRODUCT_DEFINITION_SHAPE('Placement','Placement of an item',
  #10375);
#10375 = NEXT_ASSEMBLY_USAGE_OCCURRENCE('118','C108','',#5,#871,$);
#10376 = CONTEXT_DEPENDENT_SHAPE_REPRESENTATION(#10377,#10379);
#10377 = ( REPRESENTATION_RELATIONSHIP('','',#876,#10) 
REPRESENTATION_RELATIONSHIP_WITH_TRANSFORMATION(#10378) 
SHAPE_REPRESENTATION_RELATIONSHIP() );
#10378 = ITEM_DEFINED_TRANSFORMATION('','',#11,#459);
#10379 = PRODUCT_DEFINITION_SHAPE('Placement','Placement of an item',
  #10380);
#10380 = NEXT_ASSEMBLY_USAGE_OCCURRENCE('119','C42','',#5,#871,$);
#10381 = CONTEXT_DEPENDENT_SHAPE_REPRESENTATION(#10382,#10384);
#10382 = ( REPRESENTATION_RELATIONSHIP('','',#876,#10) 
REPRESENTATION_RELATIONSHIP_WITH_TRANSFORMATION(#10383) 
SHAPE_REPRESENTATION_RELATIONSHIP() );
#10383 = ITEM_DEFINED_TRANSFORMATION('','',#11,#463);
#10384 = PRODUCT_DEFINITION_SHAPE('Placement','Placement of an item',
  #10385);
#10385 = NEXT_ASSEMBLY_USAGE_OCCURRENCE('120','C98','',#5,#871,$);
#10386 = CONTEXT_DEPENDENT_SHAPE_REPRESENTATION(#10387,#10389);
#10387 = ( REPRESENTATION_RELATIONSHIP('','',#6378,#10) 
REPRESENTATION_RELATIONSHIP_WITH_TRANSFORMATION(#10388) 
SHAPE_REPRESENTATION_RELATIONSHIP() );
#10388 = ITEM_DEFINED_TRANSFORMATION('','',#11,#467);
#10389 = PRODUCT_DEFINITION_SHAPE('Placement','Placement of an item',
  #10390);
#10390 = NEXT_ASSEMBLY_USAGE_OCCURRENCE('121','J25','',#5,#6373,$);
#10391 = CONTEXT_DEPENDENT_SHAPE_REPRESENTATION(#10392,#10394);
#10392 = ( REPRESENTATION_RELATIONSHIP('','',#876,#10) 
REPRESENTATION_RELATIONSHIP_WITH_TRANSFORMATION(#10393) 
SHAPE_REPRESENTATION_RELATIONSHIP() );
#10393 = ITEM_DEFINED_TRANSFORMATION('','',#11,#471);
#10394 = PRODUCT_DEFINITION_SHAPE('Placement','Placement of an item',
  #10395);
#10395 = NEXT_ASSEMBLY_USAGE_OCCURRENCE('122','C105','',#5,#871,$);
#10396 = CONTEXT_DEPENDENT_SHAPE_REPRESENTATION(#10397,#10399);
#10397 = ( REPRESENTATION_RELATIONSHIP('','',#1772,#10) 
REPRESENTATION_RELATIONSHIP_WITH_TRANSFORMATION(#10398) 
SHAPE_REPRESENTATION_RELATIONSHIP() );
#10398 = ITEM_DEFINED_TRANSFORMATION('','',#11,#475);
#10399 = PRODUCT_DEFINITION_SHAPE('Placement','Placement of an item',
  #10400);
#10400 = NEXT_ASSEMBLY_USAGE_OCCURRENCE('123','R56','',#5,#1767,$);
#10401 = CONTEXT_DEPENDENT_SHAPE_REPRESENTATION(#10402,#10404);
#10402 = ( REPRESENTATION_RELATIONSHIP('','',#876,#10) 
REPRESENTATION_RELATIONSHIP_WITH_TRANSFORMATION(#10403) 
SHAPE_REPRESENTATION_RELATIONSHIP() );
#10403 = ITEM_DEFINED_TRANSFORMATION('','',#11,#479);
#10404 = PRODUCT_DEFINITION_SHAPE('Placement','Placement of an item',
  #10405);
#10405 = NEXT_ASSEMBLY_USAGE_OCCURRENCE('124','C118','',#5,#871,$);
#10406 = CONTEXT_DEPENDENT_SHAPE_REPRESENTATION(#10407,#10409);
#10407 = ( REPRESENTATION_RELATIONSHIP('','',#876,#10) 
REPRESENTATION_RELATIONSHIP_WITH_TRANSFORMATION(#10408) 
SHAPE_REPRESENTATION_RELATIONSHIP() );
#10408 = ITEM_DEFINED_TRANSFORMATION('','',#11,#483);
#10409 = PRODUCT_DEFINITION_SHAPE('Placement','Placement of an item',
  #10410);
#10410 = NEXT_ASSEMBLY_USAGE_OCCURRENCE('125','C3','',#5,#871,$);
#10411 = CONTEXT_DEPENDENT_SHAPE_REPRESENTATION(#10412,#10414);
#10412 = ( REPRESENTATION_RELATIONSHIP('','',#876,#10) 
REPRESENTATION_RELATIONSHIP_WITH_TRANSFORMATION(#10413) 
SHAPE_REPRESENTATION_RELATIONSHIP() );
#10413 = ITEM_DEFINED_TRANSFORMATION('','',#11,#487);
#10414 = PRODUCT_DEFINITION_SHAPE('Placement','Placement of an item',
  #10415);
#10415 = NEXT_ASSEMBLY_USAGE_OCCURRENCE('126','C17','',#5,#871,$);
#10416 = CONTEXT_DEPENDENT_SHAPE_REPRESENTATION(#10417,#10419);
#10417 = ( REPRESENTATION_RELATIONSHIP('','',#3580,#10) 
REPRESENTATION_RELATIONSHIP_WITH_TRANSFORMATION(#10418) 
SHAPE_REPRESENTATION_RELATIONSHIP() );
#10418 = ITEM_DEFINED_TRANSFORMATION('','',#11,#491);
#10419 = PRODUCT_DEFINITION_SHAPE('Placement','Placement of an item',
  #10420);
#10420 = NEXT_ASSEMBLY_USAGE_OCCURRENCE('127','D17','',#5,#3575,$);
#10421 = CONTEXT_DEPENDENT_SHAPE_REPRESENTATION(#10422,#10424);
#10422 = ( REPRESENTATION_RELATIONSHIP('','',#1772,#10) 
REPRESENTATION_RELATIONSHIP_WITH_TRANSFORMATION(#10423) 
SHAPE_REPRESENTATION_RELATIONSHIP() );
#10423 = ITEM_DEFINED_TRANSFORMATION('','',#11,#495);
#10424 = PRODUCT_DEFINITION_SHAPE('Placement','Placement of an item',
  #10425);
#10425 = NEXT_ASSEMBLY_USAGE_OCCURRENCE('128','R84','',#5,#1767,$);
#10426 = SHAPE_DEFINITION_REPRESENTATION(#10427,#10433);
#10427 = PRODUCT_DEFINITION_SHAPE('','',#10428);
#10428 = PRODUCT_DEFINITION('design','',#10429,#10432);
#10429 = PRODUCT_DEFINITION_FORMATION('','',#10430);
#10430 = PRODUCT('R_1206_3216Metric','R_1206_3216Metric','',(#10431));
#10431 = PRODUCT_CONTEXT('',#2,'mechanical');
#10432 = PRODUCT_DEFINITION_CONTEXT('part definition',#2,'design');
#10433 = SHAPE_REPRESENTATION('',(#11,#10434),#10438);
#10434 = AXIS2_PLACEMENT_3D('',#10435,#10436,#10437);
#10435 = CARTESIAN_POINT('',(0.,0.,0.));
#10436 = DIRECTION('',(0.,0.,1.));
#10437 = DIRECTION('',(1.,0.,-0.));
#10438 = ( GEOMETRIC_REPRESENTATION_CONTEXT(3) 
GLOBAL_UNCERTAINTY_ASSIGNED_CONTEXT((#10442)) 
GLOBAL_UNIT_ASSIGNED_CONTEXT((#10439,#10440,#10441)) 
REPRESENTATION_CONTEXT('Context #1',
  '3D Context with UNIT and UNCERTAINTY') );
#10439 = ( LENGTH_UNIT() NAMED_UNIT(*) SI_UNIT(.MILLI.,.METRE.) );
#10440 = ( NAMED_UNIT(*) PLANE_ANGLE_UNIT() SI_UNIT($,.RADIAN.) );
#10441 = ( NAMED_UNIT(*) SI_UNIT($,.STERADIAN.) SOLID_ANGLE_UNIT() );
#10442 = UNCERTAINTY_MEASURE_WITH_UNIT(LENGTH_MEASURE(1.E-07),#10439,
  'distance_accuracy_value','confusion accuracy');
#10443 = CONTEXT_DEPENDENT_SHAPE_REPRESENTATION(#10444,#10446);
#10444 = ( REPRESENTATION_RELATIONSHIP('','',#10433,#10) 
REPRESENTATION_RELATIONSHIP_WITH_TRANSFORMATION(#10445) 
SHAPE_REPRESENTATION_RELATIONSHIP() );
#10445 = ITEM_DEFINED_TRANSFORMATION('','',#11,#499);
#10446 = PRODUCT_DEFINITION_SHAPE('Placement','Placement of an item',
  #10447);
#10447 = NEXT_ASSEMBLY_USAGE_OCCURRENCE('130','R36','',#5,#10428,$);
#10448 = PRODUCT_RELATED_PRODUCT_CATEGORY('part',$,(#10430));
#10449 = SHAPE_DEFINITION_REPRESENTATION(#10450,#10456);
#10450 = PRODUCT_DEFINITION_SHAPE('','',#10451);
#10451 = PRODUCT_DEFINITION('design','',#10452,#10455);
#10452 = PRODUCT_DEFINITION_FORMATION('','',#10453);
#10453 = PRODUCT('R_1206_3216Metric','R_1206_3216Metric','',(#10454));
#10454 = PRODUCT_CONTEXT('',#2,'mechanical');
#10455 = PRODUCT_DEFINITION_CONTEXT('part definition',#2,'design');
#10456 = ADVANCED_BREP_SHAPE_REPRESENTATION('',(#11,#10457),#11247);
#10457 = MANIFOLD_SOLID_BREP('',#10458);
#10458 = CLOSED_SHELL('',(#10459,#10499,#10582,#10607,#10632,#10699,
    #10716,#10733,#10782,#10799,#10816,#10865,#10882,#10951,#10982,
    #11006,#11075,#11099,#11116,#11133,#11150,#11167,#11184,#11201,
    #11218,#11235));
#10459 = ADVANCED_FACE('',(#10460),#10494,.F.);
#10460 = FACE_BOUND('',#10461,.F.);
#10461 = EDGE_LOOP('',(#10462,#10472,#10480,#10488));
#10462 = ORIENTED_EDGE('',*,*,#10463,.F.);
#10463 = EDGE_CURVE('',#10464,#10466,#10468,.T.);
#10464 = VERTEX_POINT('',#10465);
#10465 = CARTESIAN_POINT('',(-1.6,-0.8,5.5E-02));
#10466 = VERTEX_POINT('',#10467);
#10467 = CARTESIAN_POINT('',(-1.6,-0.8,0.495));
#10468 = LINE('',#10469,#10470);
#10469 = CARTESIAN_POINT('',(-1.6,-0.8,0.));
#10470 = VECTOR('',#10471,1.);
#10471 = DIRECTION('',(0.,0.,1.));
#10472 = ORIENTED_EDGE('',*,*,#10473,.T.);
#10473 = EDGE_CURVE('',#10464,#10474,#10476,.T.);
#10474 = VERTEX_POINT('',#10475);
#10475 = CARTESIAN_POINT('',(-1.6,0.8,5.5E-02));
#10476 = LINE('',#10477,#10478);
#10477 = CARTESIAN_POINT('',(-1.6,-0.8,5.5E-02));
#10478 = VECTOR('',#10479,1.);
#10479 = DIRECTION('',(0.,1.,0.));
#10480 = ORIENTED_EDGE('',*,*,#10481,.T.);
#10481 = EDGE_CURVE('',#10474,#10482,#10484,.T.);
#10482 = VERTEX_POINT('',#10483);
#10483 = CARTESIAN_POINT('',(-1.6,0.8,0.495));
#10484 = LINE('',#10485,#10486);
#10485 = CARTESIAN_POINT('',(-1.6,0.8,0.));
#10486 = VECTOR('',#10487,1.);
#10487 = DIRECTION('',(0.,0.,1.));
#10488 = ORIENTED_EDGE('',*,*,#10489,.F.);
#10489 = EDGE_CURVE('',#10466,#10482,#10490,.T.);
#10490 = LINE('',#10491,#10492);
#10491 = CARTESIAN_POINT('',(-1.6,-0.8,0.495));
#10492 = VECTOR('',#10493,1.);
#10493 = DIRECTION('',(0.,1.,0.));
#10494 = PLANE('',#10495);
#10495 = AXIS2_PLACEMENT_3D('',#10496,#10497,#10498);
#10496 = CARTESIAN_POINT('',(-1.6,-0.8,0.));
#10497 = DIRECTION('',(1.,0.,0.));
#10498 = DIRECTION('',(0.,0.,1.));
#10499 = ADVANCED_FACE('',(#10500),#10577,.F.);
#10500 = FACE_BOUND('',#10501,.F.);
#10501 = EDGE_LOOP('',(#10502,#10512,#10519,#10520,#10529,#10537,#10546,
    #10554,#10562,#10570));
#10502 = ORIENTED_EDGE('',*,*,#10503,.F.);
#10503 = EDGE_CURVE('',#10504,#10506,#10508,.T.);
#10504 = VERTEX_POINT('',#10505);
#10505 = CARTESIAN_POINT('',(-1.545,-0.8,0.));
#10506 = VERTEX_POINT('',#10507);
#10507 = CARTESIAN_POINT('',(-1.255,-0.8,0.));
#10508 = LINE('',#10509,#10510);
#10509 = CARTESIAN_POINT('',(-1.6,-0.8,0.));
#10510 = VECTOR('',#10511,1.);
#10511 = DIRECTION('',(1.,0.,0.));
#10512 = ORIENTED_EDGE('',*,*,#10513,.F.);
#10513 = EDGE_CURVE('',#10464,#10504,#10514,.T.);
#10514 = CIRCLE('',#10515,5.5E-02);
#10515 = AXIS2_PLACEMENT_3D('',#10516,#10517,#10518);
#10516 = CARTESIAN_POINT('',(-1.545,-0.8,5.5E-02));
#10517 = DIRECTION('',(0.,-1.,0.));
#10518 = DIRECTION('',(0.,0.,1.));
#10519 = ORIENTED_EDGE('',*,*,#10463,.T.);
#10520 = ORIENTED_EDGE('',*,*,#10521,.T.);
#10521 = EDGE_CURVE('',#10466,#10522,#10524,.T.);
#10522 = VERTEX_POINT('',#10523);
#10523 = CARTESIAN_POINT('',(-1.545,-0.8,0.55));
#10524 = CIRCLE('',#10525,5.5E-02);
#10525 = AXIS2_PLACEMENT_3D('',#10526,#10527,#10528);
#10526 = CARTESIAN_POINT('',(-1.545,-0.8,0.495));
#10527 = DIRECTION('',(0.,1.,0.));
#10528 = DIRECTION('',(0.,-0.,1.));
#10529 = ORIENTED_EDGE('',*,*,#10530,.T.);
#10530 = EDGE_CURVE('',#10522,#10531,#10533,.T.);
#10531 = VERTEX_POINT('',#10532);
#10532 = CARTESIAN_POINT('',(-1.255,-0.8,0.55));
#10533 = LINE('',#10534,#10535);
#10534 = CARTESIAN_POINT('',(-1.6,-0.8,0.55));
#10535 = VECTOR('',#10536,1.);
#10536 = DIRECTION('',(1.,0.,0.));
#10537 = ORIENTED_EDGE('',*,*,#10538,.F.);
#10538 = EDGE_CURVE('',#10539,#10531,#10541,.T.);
#10539 = VERTEX_POINT('',#10540);
#10540 = CARTESIAN_POINT('',(-1.2,-0.8,0.495));
#10541 = CIRCLE('',#10542,5.5E-02);
#10542 = AXIS2_PLACEMENT_3D('',#10543,#10544,#10545);
#10543 = CARTESIAN_POINT('',(-1.255,-0.8,0.495));
#10544 = DIRECTION('',(0.,-1.,0.));
#10545 = DIRECTION('',(0.,0.,1.));
#10546 = ORIENTED_EDGE('',*,*,#10547,.F.);
#10547 = EDGE_CURVE('',#10548,#10539,#10550,.T.);
#10548 = VERTEX_POINT('',#10549);
#10549 = CARTESIAN_POINT('',(-1.545,-0.8,0.495));
#10550 = LINE('',#10551,#10552);
#10551 = CARTESIAN_POINT('',(-1.545,-0.8,0.495));
#10552 = VECTOR('',#10553,1.);
#10553 = DIRECTION('',(1.,0.,0.));
#10554 = ORIENTED_EDGE('',*,*,#10555,.F.);
#10555 = EDGE_CURVE('',#10556,#10548,#10558,.T.);
#10556 = VERTEX_POINT('',#10557);
#10557 = CARTESIAN_POINT('',(-1.545,-0.8,5.5E-02));
#10558 = LINE('',#10559,#10560);
#10559 = CARTESIAN_POINT('',(-1.545,-0.8,5.5E-02));
#10560 = VECTOR('',#10561,1.);
#10561 = DIRECTION('',(0.,0.,1.));
#10562 = ORIENTED_EDGE('',*,*,#10563,.T.);
#10563 = EDGE_CURVE('',#10556,#10564,#10566,.T.);
#10564 = VERTEX_POINT('',#10565);
#10565 = CARTESIAN_POINT('',(-1.2,-0.8,5.5E-02));
#10566 = LINE('',#10567,#10568);
#10567 = CARTESIAN_POINT('',(-1.545,-0.8,5.5E-02));
#10568 = VECTOR('',#10569,1.);
#10569 = DIRECTION('',(1.,0.,0.));
#10570 = ORIENTED_EDGE('',*,*,#10571,.T.);
#10571 = EDGE_CURVE('',#10564,#10506,#10572,.T.);
#10572 = CIRCLE('',#10573,5.5E-02);
#10573 = AXIS2_PLACEMENT_3D('',#10574,#10575,#10576);
#10574 = CARTESIAN_POINT('',(-1.255,-0.8,5.5E-02));
#10575 = DIRECTION('',(0.,1.,0.));
#10576 = DIRECTION('',(0.,-0.,1.));
#10577 = PLANE('',#10578);
#10578 = AXIS2_PLACEMENT_3D('',#10579,#10580,#10581);
#10579 = CARTESIAN_POINT('',(-1.6,-0.8,0.));
#10580 = DIRECTION('',(0.,1.,0.));
#10581 = DIRECTION('',(0.,-0.,1.));
#10582 = ADVANCED_FACE('',(#10583),#10602,.T.);
#10583 = FACE_BOUND('',#10584,.T.);
#10584 = EDGE_LOOP('',(#10585,#10586,#10595,#10601));
#10585 = ORIENTED_EDGE('',*,*,#10473,.T.);
#10586 = ORIENTED_EDGE('',*,*,#10587,.T.);
#10587 = EDGE_CURVE('',#10474,#10588,#10590,.T.);
#10588 = VERTEX_POINT('',#10589);
#10589 = CARTESIAN_POINT('',(-1.545,0.8,0.));
#10590 = CIRCLE('',#10591,5.5E-02);
#10591 = AXIS2_PLACEMENT_3D('',#10592,#10593,#10594);
#10592 = CARTESIAN_POINT('',(-1.545,0.8,5.5E-02));
#10593 = DIRECTION('',(0.,-1.,0.));
#10594 = DIRECTION('',(0.,0.,1.));
#10595 = ORIENTED_EDGE('',*,*,#10596,.F.);
#10596 = EDGE_CURVE('',#10504,#10588,#10597,.T.);
#10597 = LINE('',#10598,#10599);
#10598 = CARTESIAN_POINT('',(-1.545,-0.8,0.));
#10599 = VECTOR('',#10600,1.);
#10600 = DIRECTION('',(0.,1.,0.));
#10601 = ORIENTED_EDGE('',*,*,#10513,.F.);
#10602 = CYLINDRICAL_SURFACE('',#10603,5.5E-02);
#10603 = AXIS2_PLACEMENT_3D('',#10604,#10605,#10606);
#10604 = CARTESIAN_POINT('',(-1.545,-0.8,5.5E-02));
#10605 = DIRECTION('',(0.,1.,0.));
#10606 = DIRECTION('',(-1.,0.,0.));
#10607 = ADVANCED_FACE('',(#10608),#10627,.T.);
#10608 = FACE_BOUND('',#10609,.T.);
#10609 = EDGE_LOOP('',(#10610,#10611,#10619,#10626));
#10610 = ORIENTED_EDGE('',*,*,#10521,.T.);
#10611 = ORIENTED_EDGE('',*,*,#10612,.T.);
#10612 = EDGE_CURVE('',#10522,#10613,#10615,.T.);
#10613 = VERTEX_POINT('',#10614);
#10614 = CARTESIAN_POINT('',(-1.545,0.8,0.55));
#10615 = LINE('',#10616,#10617);
#10616 = CARTESIAN_POINT('',(-1.545,-0.8,0.55));
#10617 = VECTOR('',#10618,1.);
#10618 = DIRECTION('',(0.,1.,0.));
#10619 = ORIENTED_EDGE('',*,*,#10620,.F.);
#10620 = EDGE_CURVE('',#10482,#10613,#10621,.T.);
#10621 = CIRCLE('',#10622,5.5E-02);
#10622 = AXIS2_PLACEMENT_3D('',#10623,#10624,#10625);
#10623 = CARTESIAN_POINT('',(-1.545,0.8,0.495));
#10624 = DIRECTION('',(0.,1.,0.));
#10625 = DIRECTION('',(0.,-0.,1.));
#10626 = ORIENTED_EDGE('',*,*,#10489,.F.);
#10627 = CYLINDRICAL_SURFACE('',#10628,5.5E-02);
#10628 = AXIS2_PLACEMENT_3D('',#10629,#10630,#10631);
#10629 = CARTESIAN_POINT('',(-1.545,-0.8,0.495));
#10630 = DIRECTION('',(0.,1.,0.));
#10631 = DIRECTION('',(-1.,0.,0.));
#10632 = ADVANCED_FACE('',(#10633),#10694,.T.);
#10633 = FACE_BOUND('',#10634,.T.);
#10634 = EDGE_LOOP('',(#10635,#10643,#10644,#10645,#10646,#10654,#10663,
    #10671,#10679,#10687));
#10635 = ORIENTED_EDGE('',*,*,#10636,.F.);
#10636 = EDGE_CURVE('',#10588,#10637,#10639,.T.);
#10637 = VERTEX_POINT('',#10638);
#10638 = CARTESIAN_POINT('',(-1.255,0.8,0.));
#10639 = LINE('',#10640,#10641);
#10640 = CARTESIAN_POINT('',(-1.6,0.8,0.));
#10641 = VECTOR('',#10642,1.);
#10642 = DIRECTION('',(1.,0.,0.));
#10643 = ORIENTED_EDGE('',*,*,#10587,.F.);
#10644 = ORIENTED_EDGE('',*,*,#10481,.T.);
#10645 = ORIENTED_EDGE('',*,*,#10620,.T.);
#10646 = ORIENTED_EDGE('',*,*,#10647,.T.);
#10647 = EDGE_CURVE('',#10613,#10648,#10650,.T.);
#10648 = VERTEX_POINT('',#10649);
#10649 = CARTESIAN_POINT('',(-1.255,0.8,0.55));
#10650 = LINE('',#10651,#10652);
#10651 = CARTESIAN_POINT('',(-1.6,0.8,0.55));
#10652 = VECTOR('',#10653,1.);
#10653 = DIRECTION('',(1.,0.,0.));
#10654 = ORIENTED_EDGE('',*,*,#10655,.F.);
#10655 = EDGE_CURVE('',#10656,#10648,#10658,.T.);
#10656 = VERTEX_POINT('',#10657);
#10657 = CARTESIAN_POINT('',(-1.2,0.8,0.495));
#10658 = CIRCLE('',#10659,5.5E-02);
#10659 = AXIS2_PLACEMENT_3D('',#10660,#10661,#10662);
#10660 = CARTESIAN_POINT('',(-1.255,0.8,0.495));
#10661 = DIRECTION('',(0.,-1.,0.));
#10662 = DIRECTION('',(0.,0.,1.));
#10663 = ORIENTED_EDGE('',*,*,#10664,.F.);
#10664 = EDGE_CURVE('',#10665,#10656,#10667,.T.);
#10665 = VERTEX_POINT('',#10666);
#10666 = CARTESIAN_POINT('',(-1.545,0.8,0.495));
#10667 = LINE('',#10668,#10669);
#10668 = CARTESIAN_POINT('',(-1.545,0.8,0.495));
#10669 = VECTOR('',#10670,1.);
#10670 = DIRECTION('',(1.,0.,0.));
#10671 = ORIENTED_EDGE('',*,*,#10672,.F.);
#10672 = EDGE_CURVE('',#10673,#10665,#10675,.T.);
#10673 = VERTEX_POINT('',#10674);
#10674 = CARTESIAN_POINT('',(-1.545,0.8,5.5E-02));
#10675 = LINE('',#10676,#10677);
#10676 = CARTESIAN_POINT('',(-1.545,0.8,5.5E-02));
#10677 = VECTOR('',#10678,1.);
#10678 = DIRECTION('',(0.,0.,1.));
#10679 = ORIENTED_EDGE('',*,*,#10680,.T.);
#10680 = EDGE_CURVE('',#10673,#10681,#10683,.T.);
#10681 = VERTEX_POINT('',#10682);
#10682 = CARTESIAN_POINT('',(-1.2,0.8,5.5E-02));
#10683 = LINE('',#10684,#10685);
#10684 = CARTESIAN_POINT('',(-1.545,0.8,5.5E-02));
#10685 = VECTOR('',#10686,1.);
#10686 = DIRECTION('',(1.,0.,0.));
#10687 = ORIENTED_EDGE('',*,*,#10688,.T.);
#10688 = EDGE_CURVE('',#10681,#10637,#10689,.T.);
#10689 = CIRCLE('',#10690,5.5E-02);
#10690 = AXIS2_PLACEMENT_3D('',#10691,#10692,#10693);
#10691 = CARTESIAN_POINT('',(-1.255,0.8,5.5E-02));
#10692 = DIRECTION('',(0.,1.,0.));
#10693 = DIRECTION('',(0.,-0.,1.));
#10694 = PLANE('',#10695);
#10695 = AXIS2_PLACEMENT_3D('',#10696,#10697,#10698);
#10696 = CARTESIAN_POINT('',(-1.6,0.8,0.));
#10697 = DIRECTION('',(0.,1.,0.));
#10698 = DIRECTION('',(0.,-0.,1.));
#10699 = ADVANCED_FACE('',(#10700),#10711,.F.);
#10700 = FACE_BOUND('',#10701,.F.);
#10701 = EDGE_LOOP('',(#10702,#10703,#10704,#10705));
#10702 = ORIENTED_EDGE('',*,*,#10636,.F.);
#10703 = ORIENTED_EDGE('',*,*,#10596,.F.);
#10704 = ORIENTED_EDGE('',*,*,#10503,.T.);
#10705 = ORIENTED_EDGE('',*,*,#10706,.T.);
#10706 = EDGE_CURVE('',#10506,#10637,#10707,.T.);
#10707 = LINE('',#10708,#10709);
#10708 = CARTESIAN_POINT('',(-1.255,-0.8,0.));
#10709 = VECTOR('',#10710,1.);
#10710 = DIRECTION('',(0.,1.,0.));
#10711 = PLANE('',#10712);
#10712 = AXIS2_PLACEMENT_3D('',#10713,#10714,#10715);
#10713 = CARTESIAN_POINT('',(-1.6,-0.8,0.));
#10714 = DIRECTION('',(0.,0.,1.));
#10715 = DIRECTION('',(1.,0.,-0.));
#10716 = ADVANCED_FACE('',(#10717),#10728,.T.);
#10717 = FACE_BOUND('',#10718,.T.);
#10718 = EDGE_LOOP('',(#10719,#10720,#10721,#10722));
#10719 = ORIENTED_EDGE('',*,*,#10571,.T.);
#10720 = ORIENTED_EDGE('',*,*,#10706,.T.);
#10721 = ORIENTED_EDGE('',*,*,#10688,.F.);
#10722 = ORIENTED_EDGE('',*,*,#10723,.F.);
#10723 = EDGE_CURVE('',#10564,#10681,#10724,.T.);
#10724 = LINE('',#10725,#10726);
#10725 = CARTESIAN_POINT('',(-1.2,-0.8,5.5E-02));
#10726 = VECTOR('',#10727,1.);
#10727 = DIRECTION('',(0.,1.,0.));
#10728 = CYLINDRICAL_SURFACE('',#10729,5.5E-02);
#10729 = AXIS2_PLACEMENT_3D('',#10730,#10731,#10732);
#10730 = CARTESIAN_POINT('',(-1.255,-0.8,5.5E-02));
#10731 = DIRECTION('',(0.,1.,0.));
#10732 = DIRECTION('',(1.,0.,0.));
#10733 = ADVANCED_FACE('',(#10734),#10777,.F.);
#10734 = FACE_BOUND('',#10735,.F.);
#10735 = EDGE_LOOP('',(#10736,#10737,#10738,#10739,#10747,#10755,#10763,
    #10771));
#10736 = ORIENTED_EDGE('',*,*,#10563,.F.);
#10737 = ORIENTED_EDGE('',*,*,#10555,.T.);
#10738 = ORIENTED_EDGE('',*,*,#10547,.T.);
#10739 = ORIENTED_EDGE('',*,*,#10740,.T.);
#10740 = EDGE_CURVE('',#10539,#10741,#10743,.T.);
#10741 = VERTEX_POINT('',#10742);
#10742 = CARTESIAN_POINT('',(1.2,-0.8,0.495));
#10743 = LINE('',#10744,#10745);
#10744 = CARTESIAN_POINT('',(-1.2,-0.8,0.495));
#10745 = VECTOR('',#10746,1.);
#10746 = DIRECTION('',(1.,0.,0.));
#10747 = ORIENTED_EDGE('',*,*,#10748,.T.);
#10748 = EDGE_CURVE('',#10741,#10749,#10751,.T.);
#10749 = VERTEX_POINT('',#10750);
#10750 = CARTESIAN_POINT('',(1.545,-0.8,0.495));
#10751 = LINE('',#10752,#10753);
#10752 = CARTESIAN_POINT('',(-1.545,-0.8,0.495));
#10753 = VECTOR('',#10754,1.);
#10754 = DIRECTION('',(1.,0.,0.));
#10755 = ORIENTED_EDGE('',*,*,#10756,.F.);
#10756 = EDGE_CURVE('',#10757,#10749,#10759,.T.);
#10757 = VERTEX_POINT('',#10758);
#10758 = CARTESIAN_POINT('',(1.545,-0.8,5.5E-02));
#10759 = LINE('',#10760,#10761);
#10760 = CARTESIAN_POINT('',(1.545,-0.8,5.5E-02));
#10761 = VECTOR('',#10762,1.);
#10762 = DIRECTION('',(0.,0.,1.));
#10763 = ORIENTED_EDGE('',*,*,#10764,.F.);
#10764 = EDGE_CURVE('',#10765,#10757,#10767,.T.);
#10765 = VERTEX_POINT('',#10766);
#10766 = CARTESIAN_POINT('',(1.2,-0.8,5.5E-02));
#10767 = LINE('',#10768,#10769);
#10768 = CARTESIAN_POINT('',(-1.545,-0.8,5.5E-02));
#10769 = VECTOR('',#10770,1.);
#10770 = DIRECTION('',(1.,0.,0.));
#10771 = ORIENTED_EDGE('',*,*,#10772,.F.);
#10772 = EDGE_CURVE('',#10564,#10765,#10773,.T.);
#10773 = LINE('',#10774,#10775);
#10774 = CARTESIAN_POINT('',(-1.545,-0.8,5.5E-02));
#10775 = VECTOR('',#10776,1.);
#10776 = DIRECTION('',(1.,0.,0.));
#10777 = PLANE('',#10778);
#10778 = AXIS2_PLACEMENT_3D('',#10779,#10780,#10781);
#10779 = CARTESIAN_POINT('',(-1.545,-0.8,5.5E-02));
#10780 = DIRECTION('',(0.,1.,0.));
#10781 = DIRECTION('',(0.,-0.,1.));
#10782 = ADVANCED_FACE('',(#10783),#10794,.T.);
#10783 = FACE_BOUND('',#10784,.T.);
#10784 = EDGE_LOOP('',(#10785,#10786,#10787,#10788));
#10785 = ORIENTED_EDGE('',*,*,#10647,.F.);
#10786 = ORIENTED_EDGE('',*,*,#10612,.F.);
#10787 = ORIENTED_EDGE('',*,*,#10530,.T.);
#10788 = ORIENTED_EDGE('',*,*,#10789,.T.);
#10789 = EDGE_CURVE('',#10531,#10648,#10790,.T.);
#10790 = LINE('',#10791,#10792);
#10791 = CARTESIAN_POINT('',(-1.255,-0.8,0.55));
#10792 = VECTOR('',#10793,1.);
#10793 = DIRECTION('',(0.,1.,0.));
#10794 = PLANE('',#10795);
#10795 = AXIS2_PLACEMENT_3D('',#10796,#10797,#10798);
#10796 = CARTESIAN_POINT('',(-1.6,-0.8,0.55));
#10797 = DIRECTION('',(0.,0.,1.));
#10798 = DIRECTION('',(1.,0.,-0.));
#10799 = ADVANCED_FACE('',(#10800),#10811,.T.);
#10800 = FACE_BOUND('',#10801,.T.);
#10801 = EDGE_LOOP('',(#10802,#10808,#10809,#10810));
#10802 = ORIENTED_EDGE('',*,*,#10803,.T.);
#10803 = EDGE_CURVE('',#10539,#10656,#10804,.T.);
#10804 = LINE('',#10805,#10806);
#10805 = CARTESIAN_POINT('',(-1.2,-0.8,0.495));
#10806 = VECTOR('',#10807,1.);
#10807 = DIRECTION('',(0.,1.,0.));
#10808 = ORIENTED_EDGE('',*,*,#10655,.T.);
#10809 = ORIENTED_EDGE('',*,*,#10789,.F.);
#10810 = ORIENTED_EDGE('',*,*,#10538,.F.);
#10811 = CYLINDRICAL_SURFACE('',#10812,5.5E-02);
#10812 = AXIS2_PLACEMENT_3D('',#10813,#10814,#10815);
#10813 = CARTESIAN_POINT('',(-1.255,-0.8,0.495));
#10814 = DIRECTION('',(0.,1.,0.));
#10815 = DIRECTION('',(1.,0.,0.));
#10816 = ADVANCED_FACE('',(#10817),#10860,.T.);
#10817 = FACE_BOUND('',#10818,.T.);
#10818 = EDGE_LOOP('',(#10819,#10820,#10821,#10822,#10830,#10838,#10846,
    #10854));
#10819 = ORIENTED_EDGE('',*,*,#10680,.F.);
#10820 = ORIENTED_EDGE('',*,*,#10672,.T.);
#10821 = ORIENTED_EDGE('',*,*,#10664,.T.);
#10822 = ORIENTED_EDGE('',*,*,#10823,.T.);
#10823 = EDGE_CURVE('',#10656,#10824,#10826,.T.);
#10824 = VERTEX_POINT('',#10825);
#10825 = CARTESIAN_POINT('',(1.2,0.8,0.495));
#10826 = LINE('',#10827,#10828);
#10827 = CARTESIAN_POINT('',(-1.2,0.8,0.495));
#10828 = VECTOR('',#10829,1.);
#10829 = DIRECTION('',(1.,0.,0.));
#10830 = ORIENTED_EDGE('',*,*,#10831,.T.);
#10831 = EDGE_CURVE('',#10824,#10832,#10834,.T.);
#10832 = VERTEX_POINT('',#10833);
#10833 = CARTESIAN_POINT('',(1.545,0.8,0.495));
#10834 = LINE('',#10835,#10836);
#10835 = CARTESIAN_POINT('',(-1.545,0.8,0.495));
#10836 = VECTOR('',#10837,1.);
#10837 = DIRECTION('',(1.,0.,0.));
#10838 = ORIENTED_EDGE('',*,*,#10839,.F.);
#10839 = EDGE_CURVE('',#10840,#10832,#10842,.T.);
#10840 = VERTEX_POINT('',#10841);
#10841 = CARTESIAN_POINT('',(1.545,0.8,5.5E-02));
#10842 = LINE('',#10843,#10844);
#10843 = CARTESIAN_POINT('',(1.545,0.8,5.5E-02));
#10844 = VECTOR('',#10845,1.);
#10845 = DIRECTION('',(0.,0.,1.));
#10846 = ORIENTED_EDGE('',*,*,#10847,.F.);
#10847 = EDGE_CURVE('',#10848,#10840,#10850,.T.);
#10848 = VERTEX_POINT('',#10849);
#10849 = CARTESIAN_POINT('',(1.2,0.8,5.5E-02));
#10850 = LINE('',#10851,#10852);
#10851 = CARTESIAN_POINT('',(-1.545,0.8,5.5E-02));
#10852 = VECTOR('',#10853,1.);
#10853 = DIRECTION('',(1.,0.,0.));
#10854 = ORIENTED_EDGE('',*,*,#10855,.F.);
#10855 = EDGE_CURVE('',#10681,#10848,#10856,.T.);
#10856 = LINE('',#10857,#10858);
#10857 = CARTESIAN_POINT('',(-1.545,0.8,5.5E-02));
#10858 = VECTOR('',#10859,1.);
#10859 = DIRECTION('',(1.,0.,0.));
#10860 = PLANE('',#10861);
#10861 = AXIS2_PLACEMENT_3D('',#10862,#10863,#10864);
#10862 = CARTESIAN_POINT('',(-1.545,0.8,5.5E-02));
#10863 = DIRECTION('',(0.,1.,0.));
#10864 = DIRECTION('',(0.,-0.,1.));
#10865 = ADVANCED_FACE('',(#10866),#10877,.F.);
#10866 = FACE_BOUND('',#10867,.F.);
#10867 = EDGE_LOOP('',(#10868,#10869,#10870,#10876));
#10868 = ORIENTED_EDGE('',*,*,#10723,.F.);
#10869 = ORIENTED_EDGE('',*,*,#10772,.T.);
#10870 = ORIENTED_EDGE('',*,*,#10871,.T.);
#10871 = EDGE_CURVE('',#10765,#10848,#10872,.T.);
#10872 = LINE('',#10873,#10874);
#10873 = CARTESIAN_POINT('',(1.2,-0.8,5.5E-02));
#10874 = VECTOR('',#10875,1.);
#10875 = DIRECTION('',(0.,1.,0.));
#10876 = ORIENTED_EDGE('',*,*,#10855,.F.);
#10877 = PLANE('',#10878);
#10878 = AXIS2_PLACEMENT_3D('',#10879,#10880,#10881);
#10879 = CARTESIAN_POINT('',(-1.545,-0.8,5.5E-02));
#10880 = DIRECTION('',(0.,0.,1.));
#10881 = DIRECTION('',(1.,0.,-0.));
#10882 = ADVANCED_FACE('',(#10883),#10946,.F.);
#10883 = FACE_BOUND('',#10884,.F.);
#10884 = EDGE_LOOP('',(#10885,#10895,#10902,#10903,#10904,#10905,#10914,
    #10922,#10931,#10939));
#10885 = ORIENTED_EDGE('',*,*,#10886,.F.);
#10886 = EDGE_CURVE('',#10887,#10889,#10891,.T.);
#10887 = VERTEX_POINT('',#10888);
#10888 = CARTESIAN_POINT('',(1.255,-0.8,0.));
#10889 = VERTEX_POINT('',#10890);
#10890 = CARTESIAN_POINT('',(1.545,-0.8,0.));
#10891 = LINE('',#10892,#10893);
#10892 = CARTESIAN_POINT('',(1.2,-0.8,0.));
#10893 = VECTOR('',#10894,1.);
#10894 = DIRECTION('',(1.,0.,0.));
#10895 = ORIENTED_EDGE('',*,*,#10896,.F.);
#10896 = EDGE_CURVE('',#10765,#10887,#10897,.T.);
#10897 = CIRCLE('',#10898,5.5E-02);
#10898 = AXIS2_PLACEMENT_3D('',#10899,#10900,#10901);
#10899 = CARTESIAN_POINT('',(1.255,-0.8,5.5E-02));
#10900 = DIRECTION('',(0.,-1.,0.));
#10901 = DIRECTION('',(0.,0.,1.));
#10902 = ORIENTED_EDGE('',*,*,#10764,.T.);
#10903 = ORIENTED_EDGE('',*,*,#10756,.T.);
#10904 = ORIENTED_EDGE('',*,*,#10748,.F.);
#10905 = ORIENTED_EDGE('',*,*,#10906,.T.);
#10906 = EDGE_CURVE('',#10741,#10907,#10909,.T.);
#10907 = VERTEX_POINT('',#10908);
#10908 = CARTESIAN_POINT('',(1.255,-0.8,0.55));
#10909 = CIRCLE('',#10910,5.5E-02);
#10910 = AXIS2_PLACEMENT_3D('',#10911,#10912,#10913);
#10911 = CARTESIAN_POINT('',(1.255,-0.8,0.495));
#10912 = DIRECTION('',(0.,1.,0.));
#10913 = DIRECTION('',(0.,-0.,1.));
#10914 = ORIENTED_EDGE('',*,*,#10915,.T.);
#10915 = EDGE_CURVE('',#10907,#10916,#10918,.T.);
#10916 = VERTEX_POINT('',#10917);
#10917 = CARTESIAN_POINT('',(1.545,-0.8,0.55));
#10918 = LINE('',#10919,#10920);
#10919 = CARTESIAN_POINT('',(1.2,-0.8,0.55));
#10920 = VECTOR('',#10921,1.);
#10921 = DIRECTION('',(1.,0.,0.));
#10922 = ORIENTED_EDGE('',*,*,#10923,.F.);
#10923 = EDGE_CURVE('',#10924,#10916,#10926,.T.);
#10924 = VERTEX_POINT('',#10925);
#10925 = CARTESIAN_POINT('',(1.6,-0.8,0.495));
#10926 = CIRCLE('',#10927,5.5E-02);
#10927 = AXIS2_PLACEMENT_3D('',#10928,#10929,#10930);
#10928 = CARTESIAN_POINT('',(1.545,-0.8,0.495));
#10929 = DIRECTION('',(0.,-1.,0.));
#10930 = DIRECTION('',(0.,0.,1.));
#10931 = ORIENTED_EDGE('',*,*,#10932,.F.);
#10932 = EDGE_CURVE('',#10933,#10924,#10935,.T.);
#10933 = VERTEX_POINT('',#10934);
#10934 = CARTESIAN_POINT('',(1.6,-0.8,5.5E-02));
#10935 = LINE('',#10936,#10937);
#10936 = CARTESIAN_POINT('',(1.6,-0.8,0.));
#10937 = VECTOR('',#10938,1.);
#10938 = DIRECTION('',(0.,0.,1.));
#10939 = ORIENTED_EDGE('',*,*,#10940,.T.);
#10940 = EDGE_CURVE('',#10933,#10889,#10941,.T.);
#10941 = CIRCLE('',#10942,5.5E-02);
#10942 = AXIS2_PLACEMENT_3D('',#10943,#10944,#10945);
#10943 = CARTESIAN_POINT('',(1.545,-0.8,5.5E-02));
#10944 = DIRECTION('',(0.,1.,0.));
#10945 = DIRECTION('',(0.,-0.,1.));
#10946 = PLANE('',#10947);
#10947 = AXIS2_PLACEMENT_3D('',#10948,#10949,#10950);
#10948 = CARTESIAN_POINT('',(1.2,-0.8,0.));
#10949 = DIRECTION('',(0.,1.,0.));
#10950 = DIRECTION('',(0.,-0.,1.));
#10951 = ADVANCED_FACE('',(#10952),#10977,.F.);
#10952 = FACE_BOUND('',#10953,.F.);
#10953 = EDGE_LOOP('',(#10954,#10955,#10963,#10971));
#10954 = ORIENTED_EDGE('',*,*,#10740,.F.);
#10955 = ORIENTED_EDGE('',*,*,#10956,.T.);
#10956 = EDGE_CURVE('',#10539,#10957,#10959,.T.);
#10957 = VERTEX_POINT('',#10958);
#10958 = CARTESIAN_POINT('',(-1.2,-0.8,0.55));
#10959 = LINE('',#10960,#10961);
#10960 = CARTESIAN_POINT('',(-1.2,-0.8,0.495));
#10961 = VECTOR('',#10962,1.);
#10962 = DIRECTION('',(0.,0.,1.));
#10963 = ORIENTED_EDGE('',*,*,#10964,.T.);
#10964 = EDGE_CURVE('',#10957,#10965,#10967,.T.);
#10965 = VERTEX_POINT('',#10966);
#10966 = CARTESIAN_POINT('',(1.2,-0.8,0.55));
#10967 = LINE('',#10968,#10969);
#10968 = CARTESIAN_POINT('',(-1.2,-0.8,0.55));
#10969 = VECTOR('',#10970,1.);
#10970 = DIRECTION('',(1.,0.,0.));
#10971 = ORIENTED_EDGE('',*,*,#10972,.F.);
#10972 = EDGE_CURVE('',#10741,#10965,#10973,.T.);
#10973 = LINE('',#10974,#10975);
#10974 = CARTESIAN_POINT('',(1.2,-0.8,0.495));
#10975 = VECTOR('',#10976,1.);
#10976 = DIRECTION('',(0.,0.,1.));
#10977 = PLANE('',#10978);
#10978 = AXIS2_PLACEMENT_3D('',#10979,#10980,#10981);
#10979 = CARTESIAN_POINT('',(-1.2,-0.8,0.495));
#10980 = DIRECTION('',(0.,1.,0.));
#10981 = DIRECTION('',(0.,-0.,1.));
#10982 = ADVANCED_FACE('',(#10983),#11001,.F.);
#10983 = FACE_BOUND('',#10984,.F.);
#10984 = EDGE_LOOP('',(#10985,#10986,#10987,#10995));
#10985 = ORIENTED_EDGE('',*,*,#10956,.F.);
#10986 = ORIENTED_EDGE('',*,*,#10803,.T.);
#10987 = ORIENTED_EDGE('',*,*,#10988,.T.);
#10988 = EDGE_CURVE('',#10656,#10989,#10991,.T.);
#10989 = VERTEX_POINT('',#10990);
#10990 = CARTESIAN_POINT('',(-1.2,0.8,0.55));
#10991 = LINE('',#10992,#10993);
#10992 = CARTESIAN_POINT('',(-1.2,0.8,0.495));
#10993 = VECTOR('',#10994,1.);
#10994 = DIRECTION('',(0.,0.,1.));
#10995 = ORIENTED_EDGE('',*,*,#10996,.F.);
#10996 = EDGE_CURVE('',#10957,#10989,#10997,.T.);
#10997 = LINE('',#10998,#10999);
#10998 = CARTESIAN_POINT('',(-1.2,-0.8,0.55));
#10999 = VECTOR('',#11000,1.);
#11000 = DIRECTION('',(0.,1.,0.));
#11001 = PLANE('',#11002);
#11002 = AXIS2_PLACEMENT_3D('',#11003,#11004,#11005);
#11003 = CARTESIAN_POINT('',(-1.2,-0.8,0.495));
#11004 = DIRECTION('',(1.,0.,0.));
#11005 = DIRECTION('',(0.,0.,1.));
#11006 = ADVANCED_FACE('',(#11007),#11070,.T.);
#11007 = FACE_BOUND('',#11008,.T.);
#11008 = EDGE_LOOP('',(#11009,#11019,#11026,#11027,#11028,#11029,#11038,
    #11046,#11055,#11063));
#11009 = ORIENTED_EDGE('',*,*,#11010,.F.);
#11010 = EDGE_CURVE('',#11011,#11013,#11015,.T.);
#11011 = VERTEX_POINT('',#11012);
#11012 = CARTESIAN_POINT('',(1.255,0.8,0.));
#11013 = VERTEX_POINT('',#11014);
#11014 = CARTESIAN_POINT('',(1.545,0.8,0.));
#11015 = LINE('',#11016,#11017);
#11016 = CARTESIAN_POINT('',(1.2,0.8,0.));
#11017 = VECTOR('',#11018,1.);
#11018 = DIRECTION('',(1.,0.,0.));
#11019 = ORIENTED_EDGE('',*,*,#11020,.F.);
#11020 = EDGE_CURVE('',#10848,#11011,#11021,.T.);
#11021 = CIRCLE('',#11022,5.5E-02);
#11022 = AXIS2_PLACEMENT_3D('',#11023,#11024,#11025);
#11023 = CARTESIAN_POINT('',(1.255,0.8,5.5E-02));
#11024 = DIRECTION('',(0.,-1.,0.));
#11025 = DIRECTION('',(0.,0.,1.));
#11026 = ORIENTED_EDGE('',*,*,#10847,.T.);
#11027 = ORIENTED_EDGE('',*,*,#10839,.T.);
#11028 = ORIENTED_EDGE('',*,*,#10831,.F.);
#11029 = ORIENTED_EDGE('',*,*,#11030,.T.);
#11030 = EDGE_CURVE('',#10824,#11031,#11033,.T.);
#11031 = VERTEX_POINT('',#11032);
#11032 = CARTESIAN_POINT('',(1.255,0.8,0.55));
#11033 = CIRCLE('',#11034,5.5E-02);
#11034 = AXIS2_PLACEMENT_3D('',#11035,#11036,#11037);
#11035 = CARTESIAN_POINT('',(1.255,0.8,0.495));
#11036 = DIRECTION('',(0.,1.,0.));
#11037 = DIRECTION('',(0.,-0.,1.));
#11038 = ORIENTED_EDGE('',*,*,#11039,.T.);
#11039 = EDGE_CURVE('',#11031,#11040,#11042,.T.);
#11040 = VERTEX_POINT('',#11041);
#11041 = CARTESIAN_POINT('',(1.545,0.8,0.55));
#11042 = LINE('',#11043,#11044);
#11043 = CARTESIAN_POINT('',(1.2,0.8,0.55));
#11044 = VECTOR('',#11045,1.);
#11045 = DIRECTION('',(1.,0.,0.));
#11046 = ORIENTED_EDGE('',*,*,#11047,.F.);
#11047 = EDGE_CURVE('',#11048,#11040,#11050,.T.);
#11048 = VERTEX_POINT('',#11049);
#11049 = CARTESIAN_POINT('',(1.6,0.8,0.495));
#11050 = CIRCLE('',#11051,5.5E-02);
#11051 = AXIS2_PLACEMENT_3D('',#11052,#11053,#11054);
#11052 = CARTESIAN_POINT('',(1.545,0.8,0.495));
#11053 = DIRECTION('',(0.,-1.,0.));
#11054 = DIRECTION('',(0.,0.,1.));
#11055 = ORIENTED_EDGE('',*,*,#11056,.F.);
#11056 = EDGE_CURVE('',#11057,#11048,#11059,.T.);
#11057 = VERTEX_POINT('',#11058);
#11058 = CARTESIAN_POINT('',(1.6,0.8,5.5E-02));
#11059 = LINE('',#11060,#11061);
#11060 = CARTESIAN_POINT('',(1.6,0.8,0.));
#11061 = VECTOR('',#11062,1.);
#11062 = DIRECTION('',(0.,0.,1.));
#11063 = ORIENTED_EDGE('',*,*,#11064,.T.);
#11064 = EDGE_CURVE('',#11057,#11013,#11065,.T.);
#11065 = CIRCLE('',#11066,5.5E-02);
#11066 = AXIS2_PLACEMENT_3D('',#11067,#11068,#11069);
#11067 = CARTESIAN_POINT('',(1.545,0.8,5.5E-02));
#11068 = DIRECTION('',(0.,1.,0.));
#11069 = DIRECTION('',(0.,-0.,1.));
#11070 = PLANE('',#11071);
#11071 = AXIS2_PLACEMENT_3D('',#11072,#11073,#11074);
#11072 = CARTESIAN_POINT('',(1.2,0.8,0.));
#11073 = DIRECTION('',(0.,1.,0.));
#11074 = DIRECTION('',(0.,-0.,1.));
#11075 = ADVANCED_FACE('',(#11076),#11094,.T.);
#11076 = FACE_BOUND('',#11077,.T.);
#11077 = EDGE_LOOP('',(#11078,#11079,#11080,#11088));
#11078 = ORIENTED_EDGE('',*,*,#10823,.F.);
#11079 = ORIENTED_EDGE('',*,*,#10988,.T.);
#11080 = ORIENTED_EDGE('',*,*,#11081,.T.);
#11081 = EDGE_CURVE('',#10989,#11082,#11084,.T.);
#11082 = VERTEX_POINT('',#11083);
#11083 = CARTESIAN_POINT('',(1.2,0.8,0.55));
#11084 = LINE('',#11085,#11086);
#11085 = CARTESIAN_POINT('',(-1.2,0.8,0.55));
#11086 = VECTOR('',#11087,1.);
#11087 = DIRECTION('',(1.,0.,0.));
#11088 = ORIENTED_EDGE('',*,*,#11089,.F.);
#11089 = EDGE_CURVE('',#10824,#11082,#11090,.T.);
#11090 = LINE('',#11091,#11092);
#11091 = CARTESIAN_POINT('',(1.2,0.8,0.495));
#11092 = VECTOR('',#11093,1.);
#11093 = DIRECTION('',(0.,0.,1.));
#11094 = PLANE('',#11095);
#11095 = AXIS2_PLACEMENT_3D('',#11096,#11097,#11098);
#11096 = CARTESIAN_POINT('',(-1.2,0.8,0.495));
#11097 = DIRECTION('',(0.,1.,0.));
#11098 = DIRECTION('',(0.,-0.,1.));
#11099 = ADVANCED_FACE('',(#11100),#11111,.T.);
#11100 = FACE_BOUND('',#11101,.T.);
#11101 = EDGE_LOOP('',(#11102,#11103,#11104,#11110));
#11102 = ORIENTED_EDGE('',*,*,#10871,.T.);
#11103 = ORIENTED_EDGE('',*,*,#11020,.T.);
#11104 = ORIENTED_EDGE('',*,*,#11105,.F.);
#11105 = EDGE_CURVE('',#10887,#11011,#11106,.T.);
#11106 = LINE('',#11107,#11108);
#11107 = CARTESIAN_POINT('',(1.255,-0.8,0.));
#11108 = VECTOR('',#11109,1.);
#11109 = DIRECTION('',(0.,1.,0.));
#11110 = ORIENTED_EDGE('',*,*,#10896,.F.);
#11111 = CYLINDRICAL_SURFACE('',#11112,5.5E-02);
#11112 = AXIS2_PLACEMENT_3D('',#11113,#11114,#11115);
#11113 = CARTESIAN_POINT('',(1.255,-0.8,5.5E-02));
#11114 = DIRECTION('',(0.,1.,0.));
#11115 = DIRECTION('',(-1.,0.,0.));
#11116 = ADVANCED_FACE('',(#11117),#11128,.F.);
#11117 = FACE_BOUND('',#11118,.F.);
#11118 = EDGE_LOOP('',(#11119,#11120,#11121,#11122));
#11119 = ORIENTED_EDGE('',*,*,#11010,.F.);
#11120 = ORIENTED_EDGE('',*,*,#11105,.F.);
#11121 = ORIENTED_EDGE('',*,*,#10886,.T.);
#11122 = ORIENTED_EDGE('',*,*,#11123,.T.);
#11123 = EDGE_CURVE('',#10889,#11013,#11124,.T.);
#11124 = LINE('',#11125,#11126);
#11125 = CARTESIAN_POINT('',(1.545,-0.8,0.));
#11126 = VECTOR('',#11127,1.);
#11127 = DIRECTION('',(0.,1.,0.));
#11128 = PLANE('',#11129);
#11129 = AXIS2_PLACEMENT_3D('',#11130,#11131,#11132);
#11130 = CARTESIAN_POINT('',(1.2,-0.8,0.));
#11131 = DIRECTION('',(0.,0.,1.));
#11132 = DIRECTION('',(1.,0.,-0.));
#11133 = ADVANCED_FACE('',(#11134),#11145,.T.);
#11134 = FACE_BOUND('',#11135,.T.);
#11135 = EDGE_LOOP('',(#11136,#11137,#11138,#11139));
#11136 = ORIENTED_EDGE('',*,*,#10940,.T.);
#11137 = ORIENTED_EDGE('',*,*,#11123,.T.);
#11138 = ORIENTED_EDGE('',*,*,#11064,.F.);
#11139 = ORIENTED_EDGE('',*,*,#11140,.F.);
#11140 = EDGE_CURVE('',#10933,#11057,#11141,.T.);
#11141 = LINE('',#11142,#11143);
#11142 = CARTESIAN_POINT('',(1.6,-0.8,5.5E-02));
#11143 = VECTOR('',#11144,1.);
#11144 = DIRECTION('',(0.,1.,0.));
#11145 = CYLINDRICAL_SURFACE('',#11146,5.5E-02);
#11146 = AXIS2_PLACEMENT_3D('',#11147,#11148,#11149);
#11147 = CARTESIAN_POINT('',(1.545,-0.8,5.5E-02));
#11148 = DIRECTION('',(0.,1.,0.));
#11149 = DIRECTION('',(1.,0.,0.));
#11150 = ADVANCED_FACE('',(#11151),#11162,.T.);
#11151 = FACE_BOUND('',#11152,.T.);
#11152 = EDGE_LOOP('',(#11153,#11154,#11155,#11156));
#11153 = ORIENTED_EDGE('',*,*,#10932,.F.);
#11154 = ORIENTED_EDGE('',*,*,#11140,.T.);
#11155 = ORIENTED_EDGE('',*,*,#11056,.T.);
#11156 = ORIENTED_EDGE('',*,*,#11157,.F.);
#11157 = EDGE_CURVE('',#10924,#11048,#11158,.T.);
#11158 = LINE('',#11159,#11160);
#11159 = CARTESIAN_POINT('',(1.6,-0.8,0.495));
#11160 = VECTOR('',#11161,1.);
#11161 = DIRECTION('',(0.,1.,0.));
#11162 = PLANE('',#11163);
#11163 = AXIS2_PLACEMENT_3D('',#11164,#11165,#11166);
#11164 = CARTESIAN_POINT('',(1.6,-0.8,0.));
#11165 = DIRECTION('',(1.,0.,0.));
#11166 = DIRECTION('',(0.,0.,1.));
#11167 = ADVANCED_FACE('',(#11168),#11179,.T.);
#11168 = FACE_BOUND('',#11169,.T.);
#11169 = EDGE_LOOP('',(#11170,#11171,#11172,#11178));
#11170 = ORIENTED_EDGE('',*,*,#11157,.T.);
#11171 = ORIENTED_EDGE('',*,*,#11047,.T.);
#11172 = ORIENTED_EDGE('',*,*,#11173,.F.);
#11173 = EDGE_CURVE('',#10916,#11040,#11174,.T.);
#11174 = LINE('',#11175,#11176);
#11175 = CARTESIAN_POINT('',(1.545,-0.8,0.55));
#11176 = VECTOR('',#11177,1.);
#11177 = DIRECTION('',(0.,1.,0.));
#11178 = ORIENTED_EDGE('',*,*,#10923,.F.);
#11179 = CYLINDRICAL_SURFACE('',#11180,5.5E-02);
#11180 = AXIS2_PLACEMENT_3D('',#11181,#11182,#11183);
#11181 = CARTESIAN_POINT('',(1.545,-0.8,0.495));
#11182 = DIRECTION('',(0.,1.,0.));
#11183 = DIRECTION('',(1.,0.,0.));
#11184 = ADVANCED_FACE('',(#11185),#11196,.T.);
#11185 = FACE_BOUND('',#11186,.T.);
#11186 = EDGE_LOOP('',(#11187,#11188,#11194,#11195));
#11187 = ORIENTED_EDGE('',*,*,#11039,.F.);
#11188 = ORIENTED_EDGE('',*,*,#11189,.F.);
#11189 = EDGE_CURVE('',#10907,#11031,#11190,.T.);
#11190 = LINE('',#11191,#11192);
#11191 = CARTESIAN_POINT('',(1.255,-0.8,0.55));
#11192 = VECTOR('',#11193,1.);
#11193 = DIRECTION('',(0.,1.,0.));
#11194 = ORIENTED_EDGE('',*,*,#10915,.T.);
#11195 = ORIENTED_EDGE('',*,*,#11173,.T.);
#11196 = PLANE('',#11197);
#11197 = AXIS2_PLACEMENT_3D('',#11198,#11199,#11200);
#11198 = CARTESIAN_POINT('',(1.2,-0.8,0.55));
#11199 = DIRECTION('',(0.,0.,1.));
#11200 = DIRECTION('',(1.,0.,-0.));
#11201 = ADVANCED_FACE('',(#11202),#11213,.T.);
#11202 = FACE_BOUND('',#11203,.T.);
#11203 = EDGE_LOOP('',(#11204,#11205,#11206,#11207));
#11204 = ORIENTED_EDGE('',*,*,#10906,.T.);
#11205 = ORIENTED_EDGE('',*,*,#11189,.T.);
#11206 = ORIENTED_EDGE('',*,*,#11030,.F.);
#11207 = ORIENTED_EDGE('',*,*,#11208,.F.);
#11208 = EDGE_CURVE('',#10741,#10824,#11209,.T.);
#11209 = LINE('',#11210,#11211);
#11210 = CARTESIAN_POINT('',(1.2,-0.8,0.495));
#11211 = VECTOR('',#11212,1.);
#11212 = DIRECTION('',(0.,1.,0.));
#11213 = CYLINDRICAL_SURFACE('',#11214,5.5E-02);
#11214 = AXIS2_PLACEMENT_3D('',#11215,#11216,#11217);
#11215 = CARTESIAN_POINT('',(1.255,-0.8,0.495));
#11216 = DIRECTION('',(0.,1.,0.));
#11217 = DIRECTION('',(-1.,0.,0.));
#11218 = ADVANCED_FACE('',(#11219),#11230,.T.);
#11219 = FACE_BOUND('',#11220,.T.);
#11220 = EDGE_LOOP('',(#11221,#11222,#11223,#11224));
#11221 = ORIENTED_EDGE('',*,*,#10972,.F.);
#11222 = ORIENTED_EDGE('',*,*,#11208,.T.);
#11223 = ORIENTED_EDGE('',*,*,#11089,.T.);
#11224 = ORIENTED_EDGE('',*,*,#11225,.F.);
#11225 = EDGE_CURVE('',#10965,#11082,#11226,.T.);
#11226 = LINE('',#11227,#11228);
#11227 = CARTESIAN_POINT('',(1.2,-0.8,0.55));
#11228 = VECTOR('',#11229,1.);
#11229 = DIRECTION('',(0.,1.,0.));
#11230 = PLANE('',#11231);
#11231 = AXIS2_PLACEMENT_3D('',#11232,#11233,#11234);
#11232 = CARTESIAN_POINT('',(1.2,-0.8,0.495));
#11233 = DIRECTION('',(1.,0.,0.));
#11234 = DIRECTION('',(0.,0.,1.));
#11235 = ADVANCED_FACE('',(#11236),#11242,.T.);
#11236 = FACE_BOUND('',#11237,.T.);
#11237 = EDGE_LOOP('',(#11238,#11239,#11240,#11241));
#11238 = ORIENTED_EDGE('',*,*,#10996,.F.);
#11239 = ORIENTED_EDGE('',*,*,#10964,.T.);
#11240 = ORIENTED_EDGE('',*,*,#11225,.T.);
#11241 = ORIENTED_EDGE('',*,*,#11081,.F.);
#11242 = PLANE('',#11243);
#11243 = AXIS2_PLACEMENT_3D('',#11244,#11245,#11246);
#11244 = CARTESIAN_POINT('',(-1.2,-0.8,0.55));
#11245 = DIRECTION('',(0.,0.,1.));
#11246 = DIRECTION('',(1.,0.,-0.));
#11247 = ( GEOMETRIC_REPRESENTATION_CONTEXT(3) 
GLOBAL_UNCERTAINTY_ASSIGNED_CONTEXT((#11251)) 
GLOBAL_UNIT_ASSIGNED_CONTEXT((#11248,#11249,#11250)) 
REPRESENTATION_CONTEXT('Context #1',
  '3D Context with UNIT and UNCERTAINTY') );
#11248 = ( LENGTH_UNIT() NAMED_UNIT(*) SI_UNIT(.MILLI.,.METRE.) );
#11249 = ( NAMED_UNIT(*) PLANE_ANGLE_UNIT() SI_UNIT($,.RADIAN.) );
#11250 = ( NAMED_UNIT(*) SI_UNIT($,.STERADIAN.) SOLID_ANGLE_UNIT() );
#11251 = UNCERTAINTY_MEASURE_WITH_UNIT(LENGTH_MEASURE(1.E-07),#11248,
  'distance_accuracy_value','confusion accuracy');
#11252 = CONTEXT_DEPENDENT_SHAPE_REPRESENTATION(#11253,#11255);
#11253 = ( REPRESENTATION_RELATIONSHIP('','',#10456,#10433) 
REPRESENTATION_RELATIONSHIP_WITH_TRANSFORMATION(#11254) 
SHAPE_REPRESENTATION_RELATIONSHIP() );
#11254 = ITEM_DEFINED_TRANSFORMATION('','',#11,#10434);
#11255 = PRODUCT_DEFINITION_SHAPE('Placement','Placement of an item',
  #11256);
#11256 = NEXT_ASSEMBLY_USAGE_OCCURRENCE('129','=>[0:1:1:17]','',#10428,
  #10451,$);
#11257 = PRODUCT_RELATED_PRODUCT_CATEGORY('part',$,(#10453));
#11258 = CONTEXT_DEPENDENT_SHAPE_REPRESENTATION(#11259,#11261);
#11259 = ( REPRESENTATION_RELATIONSHIP('','',#1772,#10) 
REPRESENTATION_RELATIONSHIP_WITH_TRANSFORMATION(#11260) 
SHAPE_REPRESENTATION_RELATIONSHIP() );
#11260 = ITEM_DEFINED_TRANSFORMATION('','',#11,#503);
#11261 = PRODUCT_DEFINITION_SHAPE('Placement','Placement of an item',
  #11262);
#11262 = NEXT_ASSEMBLY_USAGE_OCCURRENCE('131','R40','',#5,#1767,$);
#11263 = CONTEXT_DEPENDENT_SHAPE_REPRESENTATION(#11264,#11266);
#11264 = ( REPRESENTATION_RELATIONSHIP('','',#2629,#10) 
REPRESENTATION_RELATIONSHIP_WITH_TRANSFORMATION(#11265) 
SHAPE_REPRESENTATION_RELATIONSHIP() );
#11265 = ITEM_DEFINED_TRANSFORMATION('','',#11,#507);
#11266 = PRODUCT_DEFINITION_SHAPE('Placement','Placement of an item',
  #11267);
#11267 = NEXT_ASSEMBLY_USAGE_OCCURRENCE('132','C53','',#5,#2624,$);
#11268 = CONTEXT_DEPENDENT_SHAPE_REPRESENTATION(#11269,#11271);
#11269 = ( REPRESENTATION_RELATIONSHIP('','',#2629,#10) 
REPRESENTATION_RELATIONSHIP_WITH_TRANSFORMATION(#11270) 
SHAPE_REPRESENTATION_RELATIONSHIP() );
#11270 = ITEM_DEFINED_TRANSFORMATION('','',#11,#511);
#11271 = PRODUCT_DEFINITION_SHAPE('Placement','Placement of an item',
  #11272);
#11272 = NEXT_ASSEMBLY_USAGE_OCCURRENCE('133','C99','',#5,#2624,$);
#11273 = CONTEXT_DEPENDENT_SHAPE_REPRESENTATION(#11274,#11276);
#11274 = ( REPRESENTATION_RELATIONSHIP('','',#1772,#10) 
REPRESENTATION_RELATIONSHIP_WITH_TRANSFORMATION(#11275) 
SHAPE_REPRESENTATION_RELATIONSHIP() );
#11275 = ITEM_DEFINED_TRANSFORMATION('','',#11,#515);
#11276 = PRODUCT_DEFINITION_SHAPE('Placement','Placement of an item',
  #11277);
#11277 = NEXT_ASSEMBLY_USAGE_OCCURRENCE('134','R66','',#5,#1767,$);
#11278 = CONTEXT_DEPENDENT_SHAPE_REPRESENTATION(#11279,#11281);
#11279 = ( REPRESENTATION_RELATIONSHIP('','',#2629,#10) 
REPRESENTATION_RELATIONSHIP_WITH_TRANSFORMATION(#11280) 
SHAPE_REPRESENTATION_RELATIONSHIP() );
#11280 = ITEM_DEFINED_TRANSFORMATION('','',#11,#519);
#11281 = PRODUCT_DEFINITION_SHAPE('Placement','Placement of an item',
  #11282);
#11282 = NEXT_ASSEMBLY_USAGE_OCCURRENCE('135','C55','',#5,#2624,$);
#11283 = CONTEXT_DEPENDENT_SHAPE_REPRESENTATION(#11284,#11286);
#11284 = ( REPRESENTATION_RELATIONSHIP('','',#7917,#10) 
REPRESENTATION_RELATIONSHIP_WITH_TRANSFORMATION(#11285) 
SHAPE_REPRESENTATION_RELATIONSHIP() );
#11285 = ITEM_DEFINED_TRANSFORMATION('','',#11,#523);
#11286 = PRODUCT_DEFINITION_SHAPE('Placement','Placement of an item',
  #11287);
#11287 = NEXT_ASSEMBLY_USAGE_OCCURRENCE('136','Q47','',#5,#7912,$);
#11288 = CONTEXT_DEPENDENT_SHAPE_REPRESENTATION(#11289,#11291);
#11289 = ( REPRESENTATION_RELATIONSHIP('','',#2629,#10) 
REPRESENTATION_RELATIONSHIP_WITH_TRANSFORMATION(#11290) 
SHAPE_REPRESENTATION_RELATIONSHIP() );
#11290 = ITEM_DEFINED_TRANSFORMATION('','',#11,#527);
#11291 = PRODUCT_DEFINITION_SHAPE('Placement','Placement of an item',
  #11292);
#11292 = NEXT_ASSEMBLY_USAGE_OCCURRENCE('137','C31','',#5,#2624,$);
#11293 = CONTEXT_DEPENDENT_SHAPE_REPRESENTATION(#11294,#11296);
#11294 = ( REPRESENTATION_RELATIONSHIP('','',#1772,#10) 
REPRESENTATION_RELATIONSHIP_WITH_TRANSFORMATION(#11295) 
SHAPE_REPRESENTATION_RELATIONSHIP() );
#11295 = ITEM_DEFINED_TRANSFORMATION('','',#11,#531);
#11296 = PRODUCT_DEFINITION_SHAPE('Placement','Placement of an item',
  #11297);
#11297 = NEXT_ASSEMBLY_USAGE_OCCURRENCE('138','R41','',#5,#1767,$);
#11298 = CONTEXT_DEPENDENT_SHAPE_REPRESENTATION(#11299,#11301);
#11299 = ( REPRESENTATION_RELATIONSHIP('','',#1772,#10) 
REPRESENTATION_RELATIONSHIP_WITH_TRANSFORMATION(#11300) 
SHAPE_REPRESENTATION_RELATIONSHIP() );
#11300 = ITEM_DEFINED_TRANSFORMATION('','',#11,#535);
#11301 = PRODUCT_DEFINITION_SHAPE('Placement','Placement of an item',
  #11302);
#11302 = NEXT_ASSEMBLY_USAGE_OCCURRENCE('139','R45','',#5,#1767,$);
#11303 = CONTEXT_DEPENDENT_SHAPE_REPRESENTATION(#11304,#11306);
#11304 = ( REPRESENTATION_RELATIONSHIP('','',#10433,#10) 
REPRESENTATION_RELATIONSHIP_WITH_TRANSFORMATION(#11305) 
SHAPE_REPRESENTATION_RELATIONSHIP() );
#11305 = ITEM_DEFINED_TRANSFORMATION('','',#11,#539);
#11306 = PRODUCT_DEFINITION_SHAPE('Placement','Placement of an item',
  #11307);
#11307 = NEXT_ASSEMBLY_USAGE_OCCURRENCE('140','R20','',#5,#10428,$);
#11308 = CONTEXT_DEPENDENT_SHAPE_REPRESENTATION(#11309,#11311);
#11309 = ( REPRESENTATION_RELATIONSHIP('','',#10433,#10) 
REPRESENTATION_RELATIONSHIP_WITH_TRANSFORMATION(#11310) 
SHAPE_REPRESENTATION_RELATIONSHIP() );
#11310 = ITEM_DEFINED_TRANSFORMATION('','',#11,#543);
#11311 = PRODUCT_DEFINITION_SHAPE('Placement','Placement of an item',
  #11312);
#11312 = NEXT_ASSEMBLY_USAGE_OCCURRENCE('141','R52','',#5,#10428,$);
#11313 = CONTEXT_DEPENDENT_SHAPE_REPRESENTATION(#11314,#11316);
#11314 = ( REPRESENTATION_RELATIONSHIP('','',#1772,#10) 
REPRESENTATION_RELATIONSHIP_WITH_TRANSFORMATION(#11315) 
SHAPE_REPRESENTATION_RELATIONSHIP() );
#11315 = ITEM_DEFINED_TRANSFORMATION('','',#11,#547);
#11316 = PRODUCT_DEFINITION_SHAPE('Placement','Placement of an item',
  #11317);
#11317 = NEXT_ASSEMBLY_USAGE_OCCURRENCE('142','R67','',#5,#1767,$);
#11318 = CONTEXT_DEPENDENT_SHAPE_REPRESENTATION(#11319,#11321);
#11319 = ( REPRESENTATION_RELATIONSHIP('','',#1772,#10) 
REPRESENTATION_RELATIONSHIP_WITH_TRANSFORMATION(#11320) 
SHAPE_REPRESENTATION_RELATIONSHIP() );
#11320 = ITEM_DEFINED_TRANSFORMATION('','',#11,#551);
#11321 = PRODUCT_DEFINITION_SHAPE('Placement','Placement of an item',
  #11322);
#11322 = NEXT_ASSEMBLY_USAGE_OCCURRENCE('143','R38','',#5,#1767,$);
#11323 = CONTEXT_DEPENDENT_SHAPE_REPRESENTATION(#11324,#11326);
#11324 = ( REPRESENTATION_RELATIONSHIP('','',#2629,#10) 
REPRESENTATION_RELATIONSHIP_WITH_TRANSFORMATION(#11325) 
SHAPE_REPRESENTATION_RELATIONSHIP() );
#11325 = ITEM_DEFINED_TRANSFORMATION('','',#11,#555);
#11326 = PRODUCT_DEFINITION_SHAPE('Placement','Placement of an item',
  #11327);
#11327 = NEXT_ASSEMBLY_USAGE_OCCURRENCE('144','C77','',#5,#2624,$);
#11328 = CONTEXT_DEPENDENT_SHAPE_REPRESENTATION(#11329,#11331);
#11329 = ( REPRESENTATION_RELATIONSHIP('','',#876,#10) 
REPRESENTATION_RELATIONSHIP_WITH_TRANSFORMATION(#11330) 
SHAPE_REPRESENTATION_RELATIONSHIP() );
#11330 = ITEM_DEFINED_TRANSFORMATION('','',#11,#559);
#11331 = PRODUCT_DEFINITION_SHAPE('Placement','Placement of an item',
  #11332);
#11332 = NEXT_ASSEMBLY_USAGE_OCCURRENCE('145','C201','',#5,#871,$);
#11333 = CONTEXT_DEPENDENT_SHAPE_REPRESENTATION(#11334,#11336);
#11334 = ( REPRESENTATION_RELATIONSHIP('','',#1772,#10) 
REPRESENTATION_RELATIONSHIP_WITH_TRANSFORMATION(#11335) 
SHAPE_REPRESENTATION_RELATIONSHIP() );
#11335 = ITEM_DEFINED_TRANSFORMATION('','',#11,#563);
#11336 = PRODUCT_DEFINITION_SHAPE('Placement','Placement of an item',
  #11337);
#11337 = NEXT_ASSEMBLY_USAGE_OCCURRENCE('146','R90','',#5,#1767,$);
#11338 = CONTEXT_DEPENDENT_SHAPE_REPRESENTATION(#11339,#11341);
#11339 = ( REPRESENTATION_RELATIONSHIP('','',#1772,#10) 
REPRESENTATION_RELATIONSHIP_WITH_TRANSFORMATION(#11340) 
SHAPE_REPRESENTATION_RELATIONSHIP() );
#11340 = ITEM_DEFINED_TRANSFORMATION('','',#11,#567);
#11341 = PRODUCT_DEFINITION_SHAPE('Placement','Placement of an item',
  #11342);
#11342 = NEXT_ASSEMBLY_USAGE_OCCURRENCE('147','R77','',#5,#1767,$);
#11343 = CONTEXT_DEPENDENT_SHAPE_REPRESENTATION(#11344,#11346);
#11344 = ( REPRESENTATION_RELATIONSHIP('','',#1772,#10) 
REPRESENTATION_RELATIONSHIP_WITH_TRANSFORMATION(#11345) 
SHAPE_REPRESENTATION_RELATIONSHIP() );
#11345 = ITEM_DEFINED_TRANSFORMATION('','',#11,#571);
#11346 = PRODUCT_DEFINITION_SHAPE('Placement','Placement of an item',
  #11347);
#11347 = NEXT_ASSEMBLY_USAGE_OCCURRENCE('148','R58','',#5,#1767,$);
#11348 = CONTEXT_DEPENDENT_SHAPE_REPRESENTATION(#11349,#11351);
#11349 = ( REPRESENTATION_RELATIONSHIP('','',#1772,#10) 
REPRESENTATION_RELATIONSHIP_WITH_TRANSFORMATION(#11350) 
SHAPE_REPRESENTATION_RELATIONSHIP() );
#11350 = ITEM_DEFINED_TRANSFORMATION('','',#11,#575);
#11351 = PRODUCT_DEFINITION_SHAPE('Placement','Placement of an item',
  #11352);
#11352 = NEXT_ASSEMBLY_USAGE_OCCURRENCE('149','R78','',#5,#1767,$);
#11353 = CONTEXT_DEPENDENT_SHAPE_REPRESENTATION(#11354,#11356);
#11354 = ( REPRESENTATION_RELATIONSHIP('','',#7917,#10) 
REPRESENTATION_RELATIONSHIP_WITH_TRANSFORMATION(#11355) 
SHAPE_REPRESENTATION_RELATIONSHIP() );
#11355 = ITEM_DEFINED_TRANSFORMATION('','',#11,#579);
#11356 = PRODUCT_DEFINITION_SHAPE('Placement','Placement of an item',
  #11357);
#11357 = NEXT_ASSEMBLY_USAGE_OCCURRENCE('150','Q45','',#5,#7912,$);
#11358 = CONTEXT_DEPENDENT_SHAPE_REPRESENTATION(#11359,#11361);
#11359 = ( REPRESENTATION_RELATIONSHIP('','',#2629,#10) 
REPRESENTATION_RELATIONSHIP_WITH_TRANSFORMATION(#11360) 
SHAPE_REPRESENTATION_RELATIONSHIP() );
#11360 = ITEM_DEFINED_TRANSFORMATION('','',#11,#583);
#11361 = PRODUCT_DEFINITION_SHAPE('Placement','Placement of an item',
  #11362);
#11362 = NEXT_ASSEMBLY_USAGE_OCCURRENCE('151','C16','',#5,#2624,$);
#11363 = CONTEXT_DEPENDENT_SHAPE_REPRESENTATION(#11364,#11366);
#11364 = ( REPRESENTATION_RELATIONSHIP('','',#1772,#10) 
REPRESENTATION_RELATIONSHIP_WITH_TRANSFORMATION(#11365) 
SHAPE_REPRESENTATION_RELATIONSHIP() );
#11365 = ITEM_DEFINED_TRANSFORMATION('','',#11,#587);
#11366 = PRODUCT_DEFINITION_SHAPE('Placement','Placement of an item',
  #11367);
#11367 = NEXT_ASSEMBLY_USAGE_OCCURRENCE('152','R31','',#5,#1767,$);
#11368 = CONTEXT_DEPENDENT_SHAPE_REPRESENTATION(#11369,#11371);
#11369 = ( REPRESENTATION_RELATIONSHIP('','',#1772,#10) 
REPRESENTATION_RELATIONSHIP_WITH_TRANSFORMATION(#11370) 
SHAPE_REPRESENTATION_RELATIONSHIP() );
#11370 = ITEM_DEFINED_TRANSFORMATION('','',#11,#591);
#11371 = PRODUCT_DEFINITION_SHAPE('Placement','Placement of an item',
  #11372);
#11372 = NEXT_ASSEMBLY_USAGE_OCCURRENCE('153','R34','',#5,#1767,$);
#11373 = CONTEXT_DEPENDENT_SHAPE_REPRESENTATION(#11374,#11376);
#11374 = ( REPRESENTATION_RELATIONSHIP('','',#1772,#10) 
REPRESENTATION_RELATIONSHIP_WITH_TRANSFORMATION(#11375) 
SHAPE_REPRESENTATION_RELATIONSHIP() );
#11375 = ITEM_DEFINED_TRANSFORMATION('','',#11,#595);
#11376 = PRODUCT_DEFINITION_SHAPE('Placement','Placement of an item',
  #11377);
#11377 = NEXT_ASSEMBLY_USAGE_OCCURRENCE('154','R51','',#5,#1767,$);
#11378 = CONTEXT_DEPENDENT_SHAPE_REPRESENTATION(#11379,#11381);
#11379 = ( REPRESENTATION_RELATIONSHIP('','',#10433,#10) 
REPRESENTATION_RELATIONSHIP_WITH_TRANSFORMATION(#11380) 
SHAPE_REPRESENTATION_RELATIONSHIP() );
#11380 = ITEM_DEFINED_TRANSFORMATION('','',#11,#599);
#11381 = PRODUCT_DEFINITION_SHAPE('Placement','Placement of an item',
  #11382);
#11382 = NEXT_ASSEMBLY_USAGE_OCCURRENCE('155','R82','',#5,#10428,$);
#11383 = CONTEXT_DEPENDENT_SHAPE_REPRESENTATION(#11384,#11386);
#11384 = ( REPRESENTATION_RELATIONSHIP('','',#876,#10) 
REPRESENTATION_RELATIONSHIP_WITH_TRANSFORMATION(#11385) 
SHAPE_REPRESENTATION_RELATIONSHIP() );
#11385 = ITEM_DEFINED_TRANSFORMATION('','',#11,#603);
#11386 = PRODUCT_DEFINITION_SHAPE('Placement','Placement of an item',
  #11387);
#11387 = NEXT_ASSEMBLY_USAGE_OCCURRENCE('156','C301','',#5,#871,$);
#11388 = CONTEXT_DEPENDENT_SHAPE_REPRESENTATION(#11389,#11391);
#11389 = ( REPRESENTATION_RELATIONSHIP('','',#1772,#10) 
REPRESENTATION_RELATIONSHIP_WITH_TRANSFORMATION(#11390) 
SHAPE_REPRESENTATION_RELATIONSHIP() );
#11390 = ITEM_DEFINED_TRANSFORMATION('','',#11,#607);
#11391 = PRODUCT_DEFINITION_SHAPE('Placement','Placement of an item',
  #11392);
#11392 = NEXT_ASSEMBLY_USAGE_OCCURRENCE('157','R19','',#5,#1767,$);
#11393 = CONTEXT_DEPENDENT_SHAPE_REPRESENTATION(#11394,#11396);
#11394 = ( REPRESENTATION_RELATIONSHIP('','',#1772,#10) 
REPRESENTATION_RELATIONSHIP_WITH_TRANSFORMATION(#11395) 
SHAPE_REPRESENTATION_RELATIONSHIP() );
#11395 = ITEM_DEFINED_TRANSFORMATION('','',#11,#611);
#11396 = PRODUCT_DEFINITION_SHAPE('Placement','Placement of an item',
  #11397);
#11397 = NEXT_ASSEMBLY_USAGE_OCCURRENCE('158','R32','',#5,#1767,$);
#11398 = CONTEXT_DEPENDENT_SHAPE_REPRESENTATION(#11399,#11401);
#11399 = ( REPRESENTATION_RELATIONSHIP('','',#1772,#10) 
REPRESENTATION_RELATIONSHIP_WITH_TRANSFORMATION(#11400) 
SHAPE_REPRESENTATION_RELATIONSHIP() );
#11400 = ITEM_DEFINED_TRANSFORMATION('','',#11,#615);
#11401 = PRODUCT_DEFINITION_SHAPE('Placement','Placement of an item',
  #11402);
#11402 = NEXT_ASSEMBLY_USAGE_OCCURRENCE('159','R13','',#5,#1767,$);
#11403 = CONTEXT_DEPENDENT_SHAPE_REPRESENTATION(#11404,#11406);
#11404 = ( REPRESENTATION_RELATIONSHIP('','',#1772,#10) 
REPRESENTATION_RELATIONSHIP_WITH_TRANSFORMATION(#11405) 
SHAPE_REPRESENTATION_RELATIONSHIP() );
#11405 = ITEM_DEFINED_TRANSFORMATION('','',#11,#619);
#11406 = PRODUCT_DEFINITION_SHAPE('Placement','Placement of an item',
  #11407);
#11407 = NEXT_ASSEMBLY_USAGE_OCCURRENCE('160','R91','',#5,#1767,$);
#11408 = CONTEXT_DEPENDENT_SHAPE_REPRESENTATION(#11409,#11411);
#11409 = ( REPRESENTATION_RELATIONSHIP('','',#1772,#10) 
REPRESENTATION_RELATIONSHIP_WITH_TRANSFORMATION(#11410) 
SHAPE_REPRESENTATION_RELATIONSHIP() );
#11410 = ITEM_DEFINED_TRANSFORMATION('','',#11,#623);
#11411 = PRODUCT_DEFINITION_SHAPE('Placement','Placement of an item',
  #11412);
#11412 = NEXT_ASSEMBLY_USAGE_OCCURRENCE('161','R27','',#5,#1767,$);
#11413 = CONTEXT_DEPENDENT_SHAPE_REPRESENTATION(#11414,#11416);
#11414 = ( REPRESENTATION_RELATIONSHIP('','',#7917,#10) 
REPRESENTATION_RELATIONSHIP_WITH_TRANSFORMATION(#11415) 
SHAPE_REPRESENTATION_RELATIONSHIP() );
#11415 = ITEM_DEFINED_TRANSFORMATION('','',#11,#627);
#11416 = PRODUCT_DEFINITION_SHAPE('Placement','Placement of an item',
  #11417);
#11417 = NEXT_ASSEMBLY_USAGE_OCCURRENCE('162','Q26','',#5,#7912,$);
#11418 = CONTEXT_DEPENDENT_SHAPE_REPRESENTATION(#11419,#11421);
#11419 = ( REPRESENTATION_RELATIONSHIP('','',#1772,#10) 
REPRESENTATION_RELATIONSHIP_WITH_TRANSFORMATION(#11420) 
SHAPE_REPRESENTATION_RELATIONSHIP() );
#11420 = ITEM_DEFINED_TRANSFORMATION('','',#11,#631);
#11421 = PRODUCT_DEFINITION_SHAPE('Placement','Placement of an item',
  #11422);
#11422 = NEXT_ASSEMBLY_USAGE_OCCURRENCE('163','R47','',#5,#1767,$);
#11423 = CONTEXT_DEPENDENT_SHAPE_REPRESENTATION(#11424,#11426);
#11424 = ( REPRESENTATION_RELATIONSHIP('','',#2629,#10) 
REPRESENTATION_RELATIONSHIP_WITH_TRANSFORMATION(#11425) 
SHAPE_REPRESENTATION_RELATIONSHIP() );
#11425 = ITEM_DEFINED_TRANSFORMATION('','',#11,#635);
#11426 = PRODUCT_DEFINITION_SHAPE('Placement','Placement of an item',
  #11427);
#11427 = NEXT_ASSEMBLY_USAGE_OCCURRENCE('164','C62','',#5,#2624,$);
#11428 = CONTEXT_DEPENDENT_SHAPE_REPRESENTATION(#11429,#11431);
#11429 = ( REPRESENTATION_RELATIONSHIP('','',#1772,#10) 
REPRESENTATION_RELATIONSHIP_WITH_TRANSFORMATION(#11430) 
SHAPE_REPRESENTATION_RELATIONSHIP() );
#11430 = ITEM_DEFINED_TRANSFORMATION('','',#11,#639);
#11431 = PRODUCT_DEFINITION_SHAPE('Placement','Placement of an item',
  #11432);
#11432 = NEXT_ASSEMBLY_USAGE_OCCURRENCE('165','R87','',#5,#1767,$);
#11433 = CONTEXT_DEPENDENT_SHAPE_REPRESENTATION(#11434,#11436);
#11434 = ( REPRESENTATION_RELATIONSHIP('','',#4946,#10) 
REPRESENTATION_RELATIONSHIP_WITH_TRANSFORMATION(#11435) 
SHAPE_REPRESENTATION_RELATIONSHIP() );
#11435 = ITEM_DEFINED_TRANSFORMATION('','',#11,#643);
#11436 = PRODUCT_DEFINITION_SHAPE('Placement','Placement of an item',
  #11437);
#11437 = NEXT_ASSEMBLY_USAGE_OCCURRENCE('166','C43','',#5,#4941,$);
#11438 = CONTEXT_DEPENDENT_SHAPE_REPRESENTATION(#11439,#11441);
#11439 = ( REPRESENTATION_RELATIONSHIP('','',#2629,#10) 
REPRESENTATION_RELATIONSHIP_WITH_TRANSFORMATION(#11440) 
SHAPE_REPRESENTATION_RELATIONSHIP() );
#11440 = ITEM_DEFINED_TRANSFORMATION('','',#11,#647);
#11441 = PRODUCT_DEFINITION_SHAPE('Placement','Placement of an item',
  #11442);
#11442 = NEXT_ASSEMBLY_USAGE_OCCURRENCE('167','C37','',#5,#2624,$);
#11443 = CONTEXT_DEPENDENT_SHAPE_REPRESENTATION(#11444,#11446);
#11444 = ( REPRESENTATION_RELATIONSHIP('','',#1772,#10) 
REPRESENTATION_RELATIONSHIP_WITH_TRANSFORMATION(#11445) 
SHAPE_REPRESENTATION_RELATIONSHIP() );
#11445 = ITEM_DEFINED_TRANSFORMATION('','',#11,#651);
#11446 = PRODUCT_DEFINITION_SHAPE('Placement','Placement of an item',
  #11447);
#11447 = NEXT_ASSEMBLY_USAGE_OCCURRENCE('168','R93','',#5,#1767,$);
#11448 = CONTEXT_DEPENDENT_SHAPE_REPRESENTATION(#11449,#11451);
#11449 = ( REPRESENTATION_RELATIONSHIP('','',#1772,#10) 
REPRESENTATION_RELATIONSHIP_WITH_TRANSFORMATION(#11450) 
SHAPE_REPRESENTATION_RELATIONSHIP() );
#11450 = ITEM_DEFINED_TRANSFORMATION('','',#11,#655);
#11451 = PRODUCT_DEFINITION_SHAPE('Placement','Placement of an item',
  #11452);
#11452 = NEXT_ASSEMBLY_USAGE_OCCURRENCE('169','R48','',#5,#1767,$);
#11453 = CONTEXT_DEPENDENT_SHAPE_REPRESENTATION(#11454,#11456);
#11454 = ( REPRESENTATION_RELATIONSHIP('','',#2629,#10) 
REPRESENTATION_RELATIONSHIP_WITH_TRANSFORMATION(#11455) 
SHAPE_REPRESENTATION_RELATIONSHIP() );
#11455 = ITEM_DEFINED_TRANSFORMATION('','',#11,#659);
#11456 = PRODUCT_DEFINITION_SHAPE('Placement','Placement of an item',
  #11457);
#11457 = NEXT_ASSEMBLY_USAGE_OCCURRENCE('170','C85','',#5,#2624,$);
#11458 = CONTEXT_DEPENDENT_SHAPE_REPRESENTATION(#11459,#11461);
#11459 = ( REPRESENTATION_RELATIONSHIP('','',#2629,#10) 
REPRESENTATION_RELATIONSHIP_WITH_TRANSFORMATION(#11460) 
SHAPE_REPRESENTATION_RELATIONSHIP() );
#11460 = ITEM_DEFINED_TRANSFORMATION('','',#11,#663);
#11461 = PRODUCT_DEFINITION_SHAPE('Placement','Placement of an item',
  #11462);
#11462 = NEXT_ASSEMBLY_USAGE_OCCURRENCE('171','C39','',#5,#2624,$);
#11463 = CONTEXT_DEPENDENT_SHAPE_REPRESENTATION(#11464,#11466);
#11464 = ( REPRESENTATION_RELATIONSHIP('','',#2629,#10) 
REPRESENTATION_RELATIONSHIP_WITH_TRANSFORMATION(#11465) 
SHAPE_REPRESENTATION_RELATIONSHIP() );
#11465 = ITEM_DEFINED_TRANSFORMATION('','',#11,#667);
#11466 = PRODUCT_DEFINITION_SHAPE('Placement','Placement of an item',
  #11467);
#11467 = NEXT_ASSEMBLY_USAGE_OCCURRENCE('172','C83','',#5,#2624,$);
#11468 = CONTEXT_DEPENDENT_SHAPE_REPRESENTATION(#11469,#11471);
#11469 = ( REPRESENTATION_RELATIONSHIP('','',#1772,#10) 
REPRESENTATION_RELATIONSHIP_WITH_TRANSFORMATION(#11470) 
SHAPE_REPRESENTATION_RELATIONSHIP() );
#11470 = ITEM_DEFINED_TRANSFORMATION('','',#11,#671);
#11471 = PRODUCT_DEFINITION_SHAPE('Placement','Placement of an item',
  #11472);
#11472 = NEXT_ASSEMBLY_USAGE_OCCURRENCE('173','R30','',#5,#1767,$);
#11473 = CONTEXT_DEPENDENT_SHAPE_REPRESENTATION(#11474,#11476);
#11474 = ( REPRESENTATION_RELATIONSHIP('','',#1772,#10) 
REPRESENTATION_RELATIONSHIP_WITH_TRANSFORMATION(#11475) 
SHAPE_REPRESENTATION_RELATIONSHIP() );
#11475 = ITEM_DEFINED_TRANSFORMATION('','',#11,#675);
#11476 = PRODUCT_DEFINITION_SHAPE('Placement','Placement of an item',
  #11477);
#11477 = NEXT_ASSEMBLY_USAGE_OCCURRENCE('174','R33','',#5,#1767,$);
#11478 = CONTEXT_DEPENDENT_SHAPE_REPRESENTATION(#11479,#11481);
#11479 = ( REPRESENTATION_RELATIONSHIP('','',#1772,#10) 
REPRESENTATION_RELATIONSHIP_WITH_TRANSFORMATION(#11480) 
SHAPE_REPRESENTATION_RELATIONSHIP() );
#11480 = ITEM_DEFINED_TRANSFORMATION('','',#11,#679);
#11481 = PRODUCT_DEFINITION_SHAPE('Placement','Placement of an item',
  #11482);
#11482 = NEXT_ASSEMBLY_USAGE_OCCURRENCE('175','R46','',#5,#1767,$);
#11483 = CONTEXT_DEPENDENT_SHAPE_REPRESENTATION(#11484,#11486);
#11484 = ( REPRESENTATION_RELATIONSHIP('','',#2629,#10) 
REPRESENTATION_RELATIONSHIP_WITH_TRANSFORMATION(#11485) 
SHAPE_REPRESENTATION_RELATIONSHIP() );
#11485 = ITEM_DEFINED_TRANSFORMATION('','',#11,#683);
#11486 = PRODUCT_DEFINITION_SHAPE('Placement','Placement of an item',
  #11487);
#11487 = NEXT_ASSEMBLY_USAGE_OCCURRENCE('176','C9','',#5,#2624,$);
#11488 = CONTEXT_DEPENDENT_SHAPE_REPRESENTATION(#11489,#11491);
#11489 = ( REPRESENTATION_RELATIONSHIP('','',#2629,#10) 
REPRESENTATION_RELATIONSHIP_WITH_TRANSFORMATION(#11490) 
SHAPE_REPRESENTATION_RELATIONSHIP() );
#11490 = ITEM_DEFINED_TRANSFORMATION('','',#11,#687);
#11491 = PRODUCT_DEFINITION_SHAPE('Placement','Placement of an item',
  #11492);
#11492 = NEXT_ASSEMBLY_USAGE_OCCURRENCE('177','C7','',#5,#2624,$);
#11493 = CONTEXT_DEPENDENT_SHAPE_REPRESENTATION(#11494,#11496);
#11494 = ( REPRESENTATION_RELATIONSHIP('','',#1772,#10) 
REPRESENTATION_RELATIONSHIP_WITH_TRANSFORMATION(#11495) 
SHAPE_REPRESENTATION_RELATIONSHIP() );
#11495 = ITEM_DEFINED_TRANSFORMATION('','',#11,#691);
#11496 = PRODUCT_DEFINITION_SHAPE('Placement','Placement of an item',
  #11497);
#11497 = NEXT_ASSEMBLY_USAGE_OCCURRENCE('178','R76','',#5,#1767,$);
#11498 = CONTEXT_DEPENDENT_SHAPE_REPRESENTATION(#11499,#11501);
#11499 = ( REPRESENTATION_RELATIONSHIP('','',#2629,#10) 
REPRESENTATION_RELATIONSHIP_WITH_TRANSFORMATION(#11500) 
SHAPE_REPRESENTATION_RELATIONSHIP() );
#11500 = ITEM_DEFINED_TRANSFORMATION('','',#11,#695);
#11501 = PRODUCT_DEFINITION_SHAPE('Placement','Placement of an item',
  #11502);
#11502 = NEXT_ASSEMBLY_USAGE_OCCURRENCE('179','C104','',#5,#2624,$);
#11503 = CONTEXT_DEPENDENT_SHAPE_REPRESENTATION(#11504,#11506);
#11504 = ( REPRESENTATION_RELATIONSHIP('','',#2629,#10) 
REPRESENTATION_RELATIONSHIP_WITH_TRANSFORMATION(#11505) 
SHAPE_REPRESENTATION_RELATIONSHIP() );
#11505 = ITEM_DEFINED_TRANSFORMATION('','',#11,#699);
#11506 = PRODUCT_DEFINITION_SHAPE('Placement','Placement of an item',
  #11507);
#11507 = NEXT_ASSEMBLY_USAGE_OCCURRENCE('180','C21','',#5,#2624,$);
#11508 = CONTEXT_DEPENDENT_SHAPE_REPRESENTATION(#11509,#11511);
#11509 = ( REPRESENTATION_RELATIONSHIP('','',#1772,#10) 
REPRESENTATION_RELATIONSHIP_WITH_TRANSFORMATION(#11510) 
SHAPE_REPRESENTATION_RELATIONSHIP() );
#11510 = ITEM_DEFINED_TRANSFORMATION('','',#11,#703);
#11511 = PRODUCT_DEFINITION_SHAPE('Placement','Placement of an item',
  #11512);
#11512 = NEXT_ASSEMBLY_USAGE_OCCURRENCE('181','R86','',#5,#1767,$);
#11513 = CONTEXT_DEPENDENT_SHAPE_REPRESENTATION(#11514,#11516);
#11514 = ( REPRESENTATION_RELATIONSHIP('','',#2629,#10) 
REPRESENTATION_RELATIONSHIP_WITH_TRANSFORMATION(#11515) 
SHAPE_REPRESENTATION_RELATIONSHIP() );
#11515 = ITEM_DEFINED_TRANSFORMATION('','',#11,#707);
#11516 = PRODUCT_DEFINITION_SHAPE('Placement','Placement of an item',
  #11517);
#11517 = NEXT_ASSEMBLY_USAGE_OCCURRENCE('182','C32','',#5,#2624,$);
#11518 = CONTEXT_DEPENDENT_SHAPE_REPRESENTATION(#11519,#11521);
#11519 = ( REPRESENTATION_RELATIONSHIP('','',#2629,#10) 
REPRESENTATION_RELATIONSHIP_WITH_TRANSFORMATION(#11520) 
SHAPE_REPRESENTATION_RELATIONSHIP() );
#11520 = ITEM_DEFINED_TRANSFORMATION('','',#11,#711);
#11521 = PRODUCT_DEFINITION_SHAPE('Placement','Placement of an item',
  #11522);
#11522 = NEXT_ASSEMBLY_USAGE_OCCURRENCE('183','C30','',#5,#2624,$);
#11523 = CONTEXT_DEPENDENT_SHAPE_REPRESENTATION(#11524,#11526);
#11524 = ( REPRESENTATION_RELATIONSHIP('','',#1772,#10) 
REPRESENTATION_RELATIONSHIP_WITH_TRANSFORMATION(#11525) 
SHAPE_REPRESENTATION_RELATIONSHIP() );
#11525 = ITEM_DEFINED_TRANSFORMATION('','',#11,#715);
#11526 = PRODUCT_DEFINITION_SHAPE('Placement','Placement of an item',
  #11527);
#11527 = NEXT_ASSEMBLY_USAGE_OCCURRENCE('184','R14','',#5,#1767,$);
#11528 = CONTEXT_DEPENDENT_SHAPE_REPRESENTATION(#11529,#11531);
#11529 = ( REPRESENTATION_RELATIONSHIP('','',#2629,#10) 
REPRESENTATION_RELATIONSHIP_WITH_TRANSFORMATION(#11530) 
SHAPE_REPRESENTATION_RELATIONSHIP() );
#11530 = ITEM_DEFINED_TRANSFORMATION('','',#11,#719);
#11531 = PRODUCT_DEFINITION_SHAPE('Placement','Placement of an item',
  #11532);
#11532 = NEXT_ASSEMBLY_USAGE_OCCURRENCE('185','C10','',#5,#2624,$);
#11533 = CONTEXT_DEPENDENT_SHAPE_REPRESENTATION(#11534,#11536);
#11534 = ( REPRESENTATION_RELATIONSHIP('','',#1772,#10) 
REPRESENTATION_RELATIONSHIP_WITH_TRANSFORMATION(#11535) 
SHAPE_REPRESENTATION_RELATIONSHIP() );
#11535 = ITEM_DEFINED_TRANSFORMATION('','',#11,#723);
#11536 = PRODUCT_DEFINITION_SHAPE('Placement','Placement of an item',
  #11537);
#11537 = NEXT_ASSEMBLY_USAGE_OCCURRENCE('186','R16','',#5,#1767,$);
#11538 = CONTEXT_DEPENDENT_SHAPE_REPRESENTATION(#11539,#11541);
#11539 = ( REPRESENTATION_RELATIONSHIP('','',#1772,#10) 
REPRESENTATION_RELATIONSHIP_WITH_TRANSFORMATION(#11540) 
SHAPE_REPRESENTATION_RELATIONSHIP() );
#11540 = ITEM_DEFINED_TRANSFORMATION('','',#11,#727);
#11541 = PRODUCT_DEFINITION_SHAPE('Placement','Placement of an item',
  #11542);
#11542 = NEXT_ASSEMBLY_USAGE_OCCURRENCE('187','R39','',#5,#1767,$);
#11543 = CONTEXT_DEPENDENT_SHAPE_REPRESENTATION(#11544,#11546);
#11544 = ( REPRESENTATION_RELATIONSHIP('','',#4946,#10) 
REPRESENTATION_RELATIONSHIP_WITH_TRANSFORMATION(#11545) 
SHAPE_REPRESENTATION_RELATIONSHIP() );
#11545 = ITEM_DEFINED_TRANSFORMATION('','',#11,#731);
#11546 = PRODUCT_DEFINITION_SHAPE('Placement','Placement of an item',
  #11547);
#11547 = NEXT_ASSEMBLY_USAGE_OCCURRENCE('188','C66','',#5,#4941,$);
#11548 = CONTEXT_DEPENDENT_SHAPE_REPRESENTATION(#11549,#11551);
#11549 = ( REPRESENTATION_RELATIONSHIP('','',#1772,#10) 
REPRESENTATION_RELATIONSHIP_WITH_TRANSFORMATION(#11550) 
SHAPE_REPRESENTATION_RELATIONSHIP() );
#11550 = ITEM_DEFINED_TRANSFORMATION('','',#11,#735);
#11551 = PRODUCT_DEFINITION_SHAPE('Placement','Placement of an item',
  #11552);
#11552 = NEXT_ASSEMBLY_USAGE_OCCURRENCE('189','R63','',#5,#1767,$);
#11553 = CONTEXT_DEPENDENT_SHAPE_REPRESENTATION(#11554,#11556);
#11554 = ( REPRESENTATION_RELATIONSHIP('','',#2629,#10) 
REPRESENTATION_RELATIONSHIP_WITH_TRANSFORMATION(#11555) 
SHAPE_REPRESENTATION_RELATIONSHIP() );
#11555 = ITEM_DEFINED_TRANSFORMATION('','',#11,#739);
#11556 = PRODUCT_DEFINITION_SHAPE('Placement','Placement of an item',
  #11557);
#11557 = NEXT_ASSEMBLY_USAGE_OCCURRENCE('190','C56','',#5,#2624,$);
#11558 = CONTEXT_DEPENDENT_SHAPE_REPRESENTATION(#11559,#11561);
#11559 = ( REPRESENTATION_RELATIONSHIP('','',#1772,#10) 
REPRESENTATION_RELATIONSHIP_WITH_TRANSFORMATION(#11560) 
SHAPE_REPRESENTATION_RELATIONSHIP() );
#11560 = ITEM_DEFINED_TRANSFORMATION('','',#11,#743);
#11561 = PRODUCT_DEFINITION_SHAPE('Placement','Placement of an item',
  #11562);
#11562 = NEXT_ASSEMBLY_USAGE_OCCURRENCE('191','R80','',#5,#1767,$);
#11563 = CONTEXT_DEPENDENT_SHAPE_REPRESENTATION(#11564,#11566);
#11564 = ( REPRESENTATION_RELATIONSHIP('','',#1772,#10) 
REPRESENTATION_RELATIONSHIP_WITH_TRANSFORMATION(#11565) 
SHAPE_REPRESENTATION_RELATIONSHIP() );
#11565 = ITEM_DEFINED_TRANSFORMATION('','',#11,#747);
#11566 = PRODUCT_DEFINITION_SHAPE('Placement','Placement of an item',
  #11567);
#11567 = NEXT_ASSEMBLY_USAGE_OCCURRENCE('192','R12','',#5,#1767,$);
#11568 = CONTEXT_DEPENDENT_SHAPE_REPRESENTATION(#11569,#11571);
#11569 = ( REPRESENTATION_RELATIONSHIP('','',#1772,#10) 
REPRESENTATION_RELATIONSHIP_WITH_TRANSFORMATION(#11570) 
SHAPE_REPRESENTATION_RELATIONSHIP() );
#11570 = ITEM_DEFINED_TRANSFORMATION('','',#11,#751);
#11571 = PRODUCT_DEFINITION_SHAPE('Placement','Placement of an item',
  #11572);
#11572 = NEXT_ASSEMBLY_USAGE_OCCURRENCE('193','R65','',#5,#1767,$);
#11573 = CONTEXT_DEPENDENT_SHAPE_REPRESENTATION(#11574,#11576);
#11574 = ( REPRESENTATION_RELATIONSHIP('','',#7917,#10) 
REPRESENTATION_RELATIONSHIP_WITH_TRANSFORMATION(#11575) 
SHAPE_REPRESENTATION_RELATIONSHIP() );
#11575 = ITEM_DEFINED_TRANSFORMATION('','',#11,#755);
#11576 = PRODUCT_DEFINITION_SHAPE('Placement','Placement of an item',
  #11577);
#11577 = NEXT_ASSEMBLY_USAGE_OCCURRENCE('194','Q43','',#5,#7912,$);
#11578 = CONTEXT_DEPENDENT_SHAPE_REPRESENTATION(#11579,#11581);
#11579 = ( REPRESENTATION_RELATIONSHIP('','',#1772,#10) 
REPRESENTATION_RELATIONSHIP_WITH_TRANSFORMATION(#11580) 
SHAPE_REPRESENTATION_RELATIONSHIP() );
#11580 = ITEM_DEFINED_TRANSFORMATION('','',#11,#759);
#11581 = PRODUCT_DEFINITION_SHAPE('Placement','Placement of an item',
  #11582);
#11582 = NEXT_ASSEMBLY_USAGE_OCCURRENCE('195','R15','',#5,#1767,$);
#11583 = CONTEXT_DEPENDENT_SHAPE_REPRESENTATION(#11584,#11586);
#11584 = ( REPRESENTATION_RELATIONSHIP('','',#1772,#10) 
REPRESENTATION_RELATIONSHIP_WITH_TRANSFORMATION(#11585) 
SHAPE_REPRESENTATION_RELATIONSHIP() );
#11585 = ITEM_DEFINED_TRANSFORMATION('','',#11,#763);
#11586 = PRODUCT_DEFINITION_SHAPE('Placement','Placement of an item',
  #11587);
#11587 = NEXT_ASSEMBLY_USAGE_OCCURRENCE('196','R89','',#5,#1767,$);
#11588 = CONTEXT_DEPENDENT_SHAPE_REPRESENTATION(#11589,#11591);
#11589 = ( REPRESENTATION_RELATIONSHIP('','',#1772,#10) 
REPRESENTATION_RELATIONSHIP_WITH_TRANSFORMATION(#11590) 
SHAPE_REPRESENTATION_RELATIONSHIP() );
#11590 = ITEM_DEFINED_TRANSFORMATION('','',#11,#767);
#11591 = PRODUCT_DEFINITION_SHAPE('Placement','Placement of an item',
  #11592);
#11592 = NEXT_ASSEMBLY_USAGE_OCCURRENCE('197','R79','',#5,#1767,$);
#11593 = CONTEXT_DEPENDENT_SHAPE_REPRESENTATION(#11594,#11596);
#11594 = ( REPRESENTATION_RELATIONSHIP('','',#1772,#10) 
REPRESENTATION_RELATIONSHIP_WITH_TRANSFORMATION(#11595) 
SHAPE_REPRESENTATION_RELATIONSHIP() );
#11595 = ITEM_DEFINED_TRANSFORMATION('','',#11,#771);
#11596 = PRODUCT_DEFINITION_SHAPE('Placement','Placement of an item',
  #11597);
#11597 = NEXT_ASSEMBLY_USAGE_OCCURRENCE('198','R50','',#5,#1767,$);
#11598 = CONTEXT_DEPENDENT_SHAPE_REPRESENTATION(#11599,#11601);
#11599 = ( REPRESENTATION_RELATIONSHIP('','',#1772,#10) 
REPRESENTATION_RELATIONSHIP_WITH_TRANSFORMATION(#11600) 
SHAPE_REPRESENTATION_RELATIONSHIP() );
#11600 = ITEM_DEFINED_TRANSFORMATION('','',#11,#775);
#11601 = PRODUCT_DEFINITION_SHAPE('Placement','Placement of an item',
  #11602);
#11602 = NEXT_ASSEMBLY_USAGE_OCCURRENCE('199','R85','',#5,#1767,$);
#11603 = CONTEXT_DEPENDENT_SHAPE_REPRESENTATION(#11604,#11606);
#11604 = ( REPRESENTATION_RELATIONSHIP('','',#2629,#10) 
REPRESENTATION_RELATIONSHIP_WITH_TRANSFORMATION(#11605) 
SHAPE_REPRESENTATION_RELATIONSHIP() );
#11605 = ITEM_DEFINED_TRANSFORMATION('','',#11,#779);
#11606 = PRODUCT_DEFINITION_SHAPE('Placement','Placement of an item',
  #11607);
#11607 = NEXT_ASSEMBLY_USAGE_OCCURRENCE('200','C8','',#5,#2624,$);
#11608 = CONTEXT_DEPENDENT_SHAPE_REPRESENTATION(#11609,#11611);
#11609 = ( REPRESENTATION_RELATIONSHIP('','',#1772,#10) 
REPRESENTATION_RELATIONSHIP_WITH_TRANSFORMATION(#11610) 
SHAPE_REPRESENTATION_RELATIONSHIP() );
#11610 = ITEM_DEFINED_TRANSFORMATION('','',#11,#783);
#11611 = PRODUCT_DEFINITION_SHAPE('Placement','Placement of an item',
  #11612);
#11612 = NEXT_ASSEMBLY_USAGE_OCCURRENCE('201','R81','',#5,#1767,$);
#11613 = CONTEXT_DEPENDENT_SHAPE_REPRESENTATION(#11614,#11616);
#11614 = ( REPRESENTATION_RELATIONSHIP('','',#1772,#10) 
REPRESENTATION_RELATIONSHIP_WITH_TRANSFORMATION(#11615) 
SHAPE_REPRESENTATION_RELATIONSHIP() );
#11615 = ITEM_DEFINED_TRANSFORMATION('','',#11,#787);
#11616 = PRODUCT_DEFINITION_SHAPE('Placement','Placement of an item',
  #11617);
#11617 = NEXT_ASSEMBLY_USAGE_OCCURRENCE('202','R64','',#5,#1767,$);
#11618 = CONTEXT_DEPENDENT_SHAPE_REPRESENTATION(#11619,#11621);
#11619 = ( REPRESENTATION_RELATIONSHIP('','',#1772,#10) 
REPRESENTATION_RELATIONSHIP_WITH_TRANSFORMATION(#11620) 
SHAPE_REPRESENTATION_RELATIONSHIP() );
#11620 = ITEM_DEFINED_TRANSFORMATION('','',#11,#791);
#11621 = PRODUCT_DEFINITION_SHAPE('Placement','Placement of an item',
  #11622);
#11622 = NEXT_ASSEMBLY_USAGE_OCCURRENCE('203','R28','',#5,#1767,$);
#11623 = CONTEXT_DEPENDENT_SHAPE_REPRESENTATION(#11624,#11626);
#11624 = ( REPRESENTATION_RELATIONSHIP('','',#1772,#10) 
REPRESENTATION_RELATIONSHIP_WITH_TRANSFORMATION(#11625) 
SHAPE_REPRESENTATION_RELATIONSHIP() );
#11625 = ITEM_DEFINED_TRANSFORMATION('','',#11,#795);
#11626 = PRODUCT_DEFINITION_SHAPE('Placement','Placement of an item',
  #11627);
#11627 = NEXT_ASSEMBLY_USAGE_OCCURRENCE('204','R62','',#5,#1767,$);
#11628 = CONTEXT_DEPENDENT_SHAPE_REPRESENTATION(#11629,#11631);
#11629 = ( REPRESENTATION_RELATIONSHIP('','',#1772,#10) 
REPRESENTATION_RELATIONSHIP_WITH_TRANSFORMATION(#11630) 
SHAPE_REPRESENTATION_RELATIONSHIP() );
#11630 = ITEM_DEFINED_TRANSFORMATION('','',#11,#799);
#11631 = PRODUCT_DEFINITION_SHAPE('Placement','Placement of an item',
  #11632);
#11632 = NEXT_ASSEMBLY_USAGE_OCCURRENCE('205','R17','',#5,#1767,$);
#11633 = CONTEXT_DEPENDENT_SHAPE_REPRESENTATION(#11634,#11636);
#11634 = ( REPRESENTATION_RELATIONSHIP('','',#1772,#10) 
REPRESENTATION_RELATIONSHIP_WITH_TRANSFORMATION(#11635) 
SHAPE_REPRESENTATION_RELATIONSHIP() );
#11635 = ITEM_DEFINED_TRANSFORMATION('','',#11,#803);
#11636 = PRODUCT_DEFINITION_SHAPE('Placement','Placement of an item',
  #11637);
#11637 = NEXT_ASSEMBLY_USAGE_OCCURRENCE('206','R44','',#5,#1767,$);
#11638 = CONTEXT_DEPENDENT_SHAPE_REPRESENTATION(#11639,#11641);
#11639 = ( REPRESENTATION_RELATIONSHIP('','',#2629,#10) 
REPRESENTATION_RELATIONSHIP_WITH_TRANSFORMATION(#11640) 
SHAPE_REPRESENTATION_RELATIONSHIP() );
#11640 = ITEM_DEFINED_TRANSFORMATION('','',#11,#807);
#11641 = PRODUCT_DEFINITION_SHAPE('Placement','Placement of an item',
  #11642);
#11642 = NEXT_ASSEMBLY_USAGE_OCCURRENCE('207','C60','',#5,#2624,$);
#11643 = CONTEXT_DEPENDENT_SHAPE_REPRESENTATION(#11644,#11646);
#11644 = ( REPRESENTATION_RELATIONSHIP('','',#1772,#10) 
REPRESENTATION_RELATIONSHIP_WITH_TRANSFORMATION(#11645) 
SHAPE_REPRESENTATION_RELATIONSHIP() );
#11645 = ITEM_DEFINED_TRANSFORMATION('','',#11,#811);
#11646 = PRODUCT_DEFINITION_SHAPE('Placement','Placement of an item',
  #11647);
#11647 = NEXT_ASSEMBLY_USAGE_OCCURRENCE('208','R29','',#5,#1767,$);
#11648 = CONTEXT_DEPENDENT_SHAPE_REPRESENTATION(#11649,#11651);
#11649 = ( REPRESENTATION_RELATIONSHIP('','',#876,#10) 
REPRESENTATION_RELATIONSHIP_WITH_TRANSFORMATION(#11650) 
SHAPE_REPRESENTATION_RELATIONSHIP() );
#11650 = ITEM_DEFINED_TRANSFORMATION('','',#11,#815);
#11651 = PRODUCT_DEFINITION_SHAPE('Placement','Placement of an item',
  #11652);
#11652 = NEXT_ASSEMBLY_USAGE_OCCURRENCE('209','C6','',#5,#871,$);
#11653 = CONTEXT_DEPENDENT_SHAPE_REPRESENTATION(#11654,#11656);
#11654 = ( REPRESENTATION_RELATIONSHIP('','',#2629,#10) 
REPRESENTATION_RELATIONSHIP_WITH_TRANSFORMATION(#11655) 
SHAPE_REPRESENTATION_RELATIONSHIP() );
#11655 = ITEM_DEFINED_TRANSFORMATION('','',#11,#819);
#11656 = PRODUCT_DEFINITION_SHAPE('Placement','Placement of an item',
  #11657);
#11657 = NEXT_ASSEMBLY_USAGE_OCCURRENCE('210','C54','',#5,#2624,$);
#11658 = CONTEXT_DEPENDENT_SHAPE_REPRESENTATION(#11659,#11661);
#11659 = ( REPRESENTATION_RELATIONSHIP('','',#2629,#10) 
REPRESENTATION_RELATIONSHIP_WITH_TRANSFORMATION(#11660) 
SHAPE_REPRESENTATION_RELATIONSHIP() );
#11660 = ITEM_DEFINED_TRANSFORMATION('','',#11,#823);
#11661 = PRODUCT_DEFINITION_SHAPE('Placement','Placement of an item',
  #11662);
#11662 = NEXT_ASSEMBLY_USAGE_OCCURRENCE('211','C33','',#5,#2624,$);
#11663 = CONTEXT_DEPENDENT_SHAPE_REPRESENTATION(#11664,#11666);
#11664 = ( REPRESENTATION_RELATIONSHIP('','',#1772,#10) 
REPRESENTATION_RELATIONSHIP_WITH_TRANSFORMATION(#11665) 
SHAPE_REPRESENTATION_RELATIONSHIP() );
#11665 = ITEM_DEFINED_TRANSFORMATION('','',#11,#827);
#11666 = PRODUCT_DEFINITION_SHAPE('Placement','Placement of an item',
  #11667);
#11667 = NEXT_ASSEMBLY_USAGE_OCCURRENCE('212','R37','',#5,#1767,$);
#11668 = CONTEXT_DEPENDENT_SHAPE_REPRESENTATION(#11669,#11671);
#11669 = ( REPRESENTATION_RELATIONSHIP('','',#1772,#10) 
REPRESENTATION_RELATIONSHIP_WITH_TRANSFORMATION(#11670) 
SHAPE_REPRESENTATION_RELATIONSHIP() );
#11670 = ITEM_DEFINED_TRANSFORMATION('','',#11,#831);
#11671 = PRODUCT_DEFINITION_SHAPE('Placement','Placement of an item',
  #11672);
#11672 = NEXT_ASSEMBLY_USAGE_OCCURRENCE('213','R35','',#5,#1767,$);
#11673 = CONTEXT_DEPENDENT_SHAPE_REPRESENTATION(#11674,#11676);
#11674 = ( REPRESENTATION_RELATIONSHIP('','',#1772,#10) 
REPRESENTATION_RELATIONSHIP_WITH_TRANSFORMATION(#11675) 
SHAPE_REPRESENTATION_RELATIONSHIP() );
#11675 = ITEM_DEFINED_TRANSFORMATION('','',#11,#835);
#11676 = PRODUCT_DEFINITION_SHAPE('Placement','Placement of an item',
  #11677);
#11677 = NEXT_ASSEMBLY_USAGE_OCCURRENCE('214','R83','',#5,#1767,$);
#11678 = CONTEXT_DEPENDENT_SHAPE_REPRESENTATION(#11679,#11681);
#11679 = ( REPRESENTATION_RELATIONSHIP('','',#1772,#10) 
REPRESENTATION_RELATIONSHIP_WITH_TRANSFORMATION(#11680) 
SHAPE_REPRESENTATION_RELATIONSHIP() );
#11680 = ITEM_DEFINED_TRANSFORMATION('','',#11,#839);
#11681 = PRODUCT_DEFINITION_SHAPE('Placement','Placement of an item',
  #11682);
#11682 = NEXT_ASSEMBLY_USAGE_OCCURRENCE('215','R49','',#5,#1767,$);
#11683 = CONTEXT_DEPENDENT_SHAPE_REPRESENTATION(#11684,#11686);
#11684 = ( REPRESENTATION_RELATIONSHIP('','',#1772,#10) 
REPRESENTATION_RELATIONSHIP_WITH_TRANSFORMATION(#11685) 
SHAPE_REPRESENTATION_RELATIONSHIP() );
#11685 = ITEM_DEFINED_TRANSFORMATION('','',#11,#843);
#11686 = PRODUCT_DEFINITION_SHAPE('Placement','Placement of an item',
  #11687);
#11687 = NEXT_ASSEMBLY_USAGE_OCCURRENCE('216','R25','',#5,#1767,$);
#11688 = CONTEXT_DEPENDENT_SHAPE_REPRESENTATION(#11689,#11691);
#11689 = ( REPRESENTATION_RELATIONSHIP('','',#1772,#10) 
REPRESENTATION_RELATIONSHIP_WITH_TRANSFORMATION(#11690) 
SHAPE_REPRESENTATION_RELATIONSHIP() );
#11690 = ITEM_DEFINED_TRANSFORMATION('','',#11,#847);
#11691 = PRODUCT_DEFINITION_SHAPE('Placement','Placement of an item',
  #11692);
#11692 = NEXT_ASSEMBLY_USAGE_OCCURRENCE('217','R18','',#5,#1767,$);
#11693 = CONTEXT_DEPENDENT_SHAPE_REPRESENTATION(#11694,#11696);
#11694 = ( REPRESENTATION_RELATIONSHIP('','',#876,#10) 
REPRESENTATION_RELATIONSHIP_WITH_TRANSFORMATION(#11695) 
SHAPE_REPRESENTATION_RELATIONSHIP() );
#11695 = ITEM_DEFINED_TRANSFORMATION('','',#11,#851);
#11696 = PRODUCT_DEFINITION_SHAPE('Placement','Placement of an item',
  #11697);
#11697 = NEXT_ASSEMBLY_USAGE_OCCURRENCE('218','C401','',#5,#871,$);
#11698 = CONTEXT_DEPENDENT_SHAPE_REPRESENTATION(#11699,#11701);
#11699 = ( REPRESENTATION_RELATIONSHIP('','',#10433,#10) 
REPRESENTATION_RELATIONSHIP_WITH_TRANSFORMATION(#11700) 
SHAPE_REPRESENTATION_RELATIONSHIP() );
#11700 = ITEM_DEFINED_TRANSFORMATION('','',#11,#855);
#11701 = PRODUCT_DEFINITION_SHAPE('Placement','Placement of an item',
  #11702);
#11702 = NEXT_ASSEMBLY_USAGE_OCCURRENCE('219','R68','',#5,#10428,$);
#11703 = SHAPE_DEFINITION_REPRESENTATION(#11704,#11710);
#11704 = PRODUCT_DEFINITION_SHAPE('','',#11705);
#11705 = PRODUCT_DEFINITION('design','',#11706,#11709);
#11706 = PRODUCT_DEFINITION_FORMATION('','',#11707);
#11707 = PRODUCT('motorboard-v1.0_PCB','motorboard-v1.0_PCB','',(#11708)
  );
#11708 = PRODUCT_CONTEXT('',#2,'mechanical');
#11709 = PRODUCT_DEFINITION_CONTEXT('part definition',#2,'design');
#11710 = ADVANCED_BREP_SHAPE_REPRESENTATION('',(#11,#11711),#16712);
#11711 = MANIFOLD_SOLID_BREP('',#11712);
#11712 = CLOSED_SHELL('',(#11713,#11753,#11784,#11815,#13195,#14575,
    #14592,#14609,#14626,#14643,#14655,#14672,#14689,#14706,#14723,
    #14740,#14757,#14774,#14791,#14808,#14825,#14842,#14859,#14876,
    #14893,#14910,#14927,#14944,#14961,#14978,#14995,#15012,#15029,
    #15046,#15063,#15080,#15097,#15114,#15131,#15148,#15165,#15182,
    #15199,#15216,#15233,#15250,#15267,#15284,#15301,#15318,#15335,
    #15352,#15369,#15386,#15403,#15420,#15437,#15454,#15471,#15488,
    #15505,#15522,#15539,#15556,#15573,#15590,#15607,#15624,#15641,
    #15658,#15675,#15692,#15709,#15726,#15743,#15760,#15777,#15794,
    #15811,#15828,#15845,#15862,#15879,#15896,#15913,#15930,#15947,
    #15964,#15981,#15998,#16015,#16032,#16049,#16066,#16083,#16100,
    #16117,#16134,#16151,#16168,#16185,#16202,#16219,#16236,#16253,
    #16270,#16287,#16304,#16321,#16338,#16355,#16372,#16389,#16406,
    #16423,#16440,#16457,#16474,#16491,#16508,#16525,#16542,#16559,
    #16576,#16593,#16610,#16627,#16644,#16661,#16678,#16695));
#11713 = ADVANCED_FACE('',(#11714),#11748,.T.);
#11714 = FACE_BOUND('',#11715,.T.);
#11715 = EDGE_LOOP('',(#11716,#11726,#11734,#11742));
#11716 = ORIENTED_EDGE('',*,*,#11717,.T.);
#11717 = EDGE_CURVE('',#11718,#11720,#11722,.T.);
#11718 = VERTEX_POINT('',#11719);
#11719 = CARTESIAN_POINT('',(65.,57.5,0.));
#11720 = VERTEX_POINT('',#11721);
#11721 = CARTESIAN_POINT('',(65.,57.5,1.6));
#11722 = LINE('',#11723,#11724);
#11723 = CARTESIAN_POINT('',(65.,57.5,0.));
#11724 = VECTOR('',#11725,1.);
#11725 = DIRECTION('',(0.,0.,1.));
#11726 = ORIENTED_EDGE('',*,*,#11727,.T.);
#11727 = EDGE_CURVE('',#11720,#11728,#11730,.T.);
#11728 = VERTEX_POINT('',#11729);
#11729 = CARTESIAN_POINT('',(65.,50.,1.6));
#11730 = LINE('',#11731,#11732);
#11731 = CARTESIAN_POINT('',(65.,57.5,1.6));
#11732 = VECTOR('',#11733,1.);
#11733 = DIRECTION('',(0.,-1.,0.));
#11734 = ORIENTED_EDGE('',*,*,#11735,.F.);
#11735 = EDGE_CURVE('',#11736,#11728,#11738,.T.);
#11736 = VERTEX_POINT('',#11737);
#11737 = CARTESIAN_POINT('',(65.,50.,0.));
#11738 = LINE('',#11739,#11740);
#11739 = CARTESIAN_POINT('',(65.,50.,0.));
#11740 = VECTOR('',#11741,1.);
#11741 = DIRECTION('',(0.,0.,1.));
#11742 = ORIENTED_EDGE('',*,*,#11743,.F.);
#11743 = EDGE_CURVE('',#11718,#11736,#11744,.T.);
#11744 = LINE('',#11745,#11746);
#11745 = CARTESIAN_POINT('',(65.,57.5,0.));
#11746 = VECTOR('',#11747,1.);
#11747 = DIRECTION('',(0.,-1.,0.));
#11748 = PLANE('',#11749);
#11749 = AXIS2_PLACEMENT_3D('',#11750,#11751,#11752);
#11750 = CARTESIAN_POINT('',(65.,57.5,0.));
#11751 = DIRECTION('',(1.,0.,-0.));
#11752 = DIRECTION('',(0.,-1.,0.));
#11753 = ADVANCED_FACE('',(#11754),#11779,.T.);
#11754 = FACE_BOUND('',#11755,.T.);
#11755 = EDGE_LOOP('',(#11756,#11766,#11772,#11773));
#11756 = ORIENTED_EDGE('',*,*,#11757,.T.);
#11757 = EDGE_CURVE('',#11758,#11760,#11762,.T.);
#11758 = VERTEX_POINT('',#11759);
#11759 = CARTESIAN_POINT('',(56.6,66.,0.));
#11760 = VERTEX_POINT('',#11761);
#11761 = CARTESIAN_POINT('',(56.6,66.,1.6));
#11762 = LINE('',#11763,#11764);
#11763 = CARTESIAN_POINT('',(56.6,66.,0.));
#11764 = VECTOR('',#11765,1.);
#11765 = DIRECTION('',(0.,0.,1.));
#11766 = ORIENTED_EDGE('',*,*,#11767,.T.);
#11767 = EDGE_CURVE('',#11760,#11720,#11768,.T.);
#11768 = LINE('',#11769,#11770);
#11769 = CARTESIAN_POINT('',(56.6,66.,1.6));
#11770 = VECTOR('',#11771,1.);
#11771 = DIRECTION('',(0.702910412077,-0.711278393173,0.));
#11772 = ORIENTED_EDGE('',*,*,#11717,.F.);
#11773 = ORIENTED_EDGE('',*,*,#11774,.F.);
#11774 = EDGE_CURVE('',#11758,#11718,#11775,.T.);
#11775 = LINE('',#11776,#11777);
#11776 = CARTESIAN_POINT('',(56.6,66.,0.));
#11777 = VECTOR('',#11778,1.);
#11778 = DIRECTION('',(0.702910412077,-0.711278393173,0.));
#11779 = PLANE('',#11780);
#11780 = AXIS2_PLACEMENT_3D('',#11781,#11782,#11783);
#11781 = CARTESIAN_POINT('',(56.6,66.,0.));
#11782 = DIRECTION('',(0.711278393173,0.702910412077,-0.));
#11783 = DIRECTION('',(0.702910412077,-0.711278393173,0.));
#11784 = ADVANCED_FACE('',(#11785),#11810,.T.);
#11785 = FACE_BOUND('',#11786,.T.);
#11786 = EDGE_LOOP('',(#11787,#11788,#11796,#11804));
#11787 = ORIENTED_EDGE('',*,*,#11735,.T.);
#11788 = ORIENTED_EDGE('',*,*,#11789,.T.);
#11789 = EDGE_CURVE('',#11728,#11790,#11792,.T.);
#11790 = VERTEX_POINT('',#11791);
#11791 = CARTESIAN_POINT('',(65.,-30.,1.6));
#11792 = LINE('',#11793,#11794);
#11793 = CARTESIAN_POINT('',(65.,50.,1.6));
#11794 = VECTOR('',#11795,1.);
#11795 = DIRECTION('',(0.,-1.,0.));
#11796 = ORIENTED_EDGE('',*,*,#11797,.F.);
#11797 = EDGE_CURVE('',#11798,#11790,#11800,.T.);
#11798 = VERTEX_POINT('',#11799);
#11799 = CARTESIAN_POINT('',(65.,-30.,0.));
#11800 = LINE('',#11801,#11802);
#11801 = CARTESIAN_POINT('',(65.,-30.,0.));
#11802 = VECTOR('',#11803,1.);
#11803 = DIRECTION('',(0.,0.,1.));
#11804 = ORIENTED_EDGE('',*,*,#11805,.F.);
#11805 = EDGE_CURVE('',#11736,#11798,#11806,.T.);
#11806 = LINE('',#11807,#11808);
#11807 = CARTESIAN_POINT('',(65.,50.,0.));
#11808 = VECTOR('',#11809,1.);
#11809 = DIRECTION('',(0.,-1.,0.));
#11810 = PLANE('',#11811);
#11811 = AXIS2_PLACEMENT_3D('',#11812,#11813,#11814);
#11812 = CARTESIAN_POINT('',(65.,50.,0.));
#11813 = DIRECTION('',(1.,0.,-0.));
#11814 = DIRECTION('',(0.,-1.,0.));
#11815 = ADVANCED_FACE('',(#11816,#11859,#11870,#11881,#11892,#11903,
    #11914,#11925,#11936,#11947,#11958,#11969,#11980,#11991,#12002,
    #12013,#12024,#12035,#12046,#12057,#12068,#12079,#12090,#12101,
    #12112,#12123,#12134,#12145,#12156,#12167,#12178,#12189,#12200,
    #12211,#12222,#12233,#12244,#12255,#12266,#12277,#12288,#12299,
    #12310,#12321,#12332,#12343,#12354,#12365,#12376,#12387,#12398,
    #12409,#12420,#12431,#12442,#12453,#12464,#12475,#12486,#12497,
    #12508,#12519,#12530,#12541,#12552,#12563,#12574,#12585,#12596,
    #12607,#12618,#12629,#12640,#12651,#12662,#12673,#12684,#12695,
    #12706,#12717,#12728,#12739,#12750,#12761,#12772,#12783,#12794,
    #12805,#12816,#12827,#12838,#12849,#12860,#12871,#12882,#12893,
    #12904,#12915,#12926,#12937,#12948,#12959,#12970,#12981,#12992,
    #13003,#13014,#13025,#13036,#13047,#13058,#13069,#13080,#13091,
    #13102,#13113,#13124,#13135,#13146,#13157,#13168,#13179),#13190,.T.
  );
#11816 = FACE_BOUND('',#11817,.T.);
#11817 = EDGE_LOOP('',(#11818,#11819,#11820,#11828,#11836,#11844,#11852,
    #11858));
#11818 = ORIENTED_EDGE('',*,*,#11743,.T.);
#11819 = ORIENTED_EDGE('',*,*,#11805,.T.);
#11820 = ORIENTED_EDGE('',*,*,#11821,.T.);
#11821 = EDGE_CURVE('',#11798,#11822,#11824,.T.);
#11822 = VERTEX_POINT('',#11823);
#11823 = CARTESIAN_POINT('',(-65.,-30.,0.));
#11824 = LINE('',#11825,#11826);
#11825 = CARTESIAN_POINT('',(65.,-30.,0.));
#11826 = VECTOR('',#11827,1.);
#11827 = DIRECTION('',(-1.,0.,0.));
#11828 = ORIENTED_EDGE('',*,*,#11829,.T.);
#11829 = EDGE_CURVE('',#11822,#11830,#11832,.T.);
#11830 = VERTEX_POINT('',#11831);
#11831 = CARTESIAN_POINT('',(-65.,50.5,0.));
#11832 = LINE('',#11833,#11834);
#11833 = CARTESIAN_POINT('',(-65.,-30.,0.));
#11834 = VECTOR('',#11835,1.);
#11835 = DIRECTION('',(0.,1.,0.));
#11836 = ORIENTED_EDGE('',*,*,#11837,.T.);
#11837 = EDGE_CURVE('',#11830,#11838,#11840,.T.);
#11838 = VERTEX_POINT('',#11839);
#11839 = CARTESIAN_POINT('',(-65.,57.5,0.));
#11840 = LINE('',#11841,#11842);
#11841 = CARTESIAN_POINT('',(-65.,50.5,0.));
#11842 = VECTOR('',#11843,1.);
#11843 = DIRECTION('',(0.,1.,0.));
#11844 = ORIENTED_EDGE('',*,*,#11845,.T.);
#11845 = EDGE_CURVE('',#11838,#11846,#11848,.T.);
#11846 = VERTEX_POINT('',#11847);
#11847 = CARTESIAN_POINT('',(-56.6,66.,0.));
#11848 = LINE('',#11849,#11850);
#11849 = CARTESIAN_POINT('',(-65.,57.5,0.));
#11850 = VECTOR('',#11851,1.);
#11851 = DIRECTION('',(0.702910412077,0.711278393173,0.));
#11852 = ORIENTED_EDGE('',*,*,#11853,.T.);
#11853 = EDGE_CURVE('',#11846,#11758,#11854,.T.);
#11854 = LINE('',#11855,#11856);
#11855 = CARTESIAN_POINT('',(-56.6,66.,0.));
#11856 = VECTOR('',#11857,1.);
#11857 = DIRECTION('',(1.,0.,0.));
#11858 = ORIENTED_EDGE('',*,*,#11774,.T.);
#11859 = FACE_BOUND('',#11860,.T.);
#11860 = EDGE_LOOP('',(#11861));
#11861 = ORIENTED_EDGE('',*,*,#11862,.F.);
#11862 = EDGE_CURVE('',#11863,#11863,#11865,.T.);
#11863 = VERTEX_POINT('',#11864);
#11864 = CARTESIAN_POINT('',(57.46,-29.199959,0.));
#11865 = CIRCLE('',#11866,1.4999995);
#11866 = AXIS2_PLACEMENT_3D('',#11867,#11868,#11869);
#11867 = CARTESIAN_POINT('',(57.4599995,-27.6999595,0.));
#11868 = DIRECTION('',(-0.,0.,-1.));
#11869 = DIRECTION('',(3.333334436029E-07,-1.,-0.));
#11870 = FACE_BOUND('',#11871,.T.);
#11871 = EDGE_LOOP('',(#11872));
#11872 = ORIENTED_EDGE('',*,*,#11873,.F.);
#11873 = EDGE_CURVE('',#11874,#11874,#11876,.T.);
#11874 = VERTEX_POINT('',#11875);
#11875 = CARTESIAN_POINT('',(62.5,-23.7,0.));
#11876 = CIRCLE('',#11877,0.7);
#11877 = AXIS2_PLACEMENT_3D('',#11878,#11879,#11880);
#11878 = CARTESIAN_POINT('',(62.5,-23.,0.));
#11879 = DIRECTION('',(-0.,0.,-1.));
#11880 = DIRECTION('',(-0.,-1.,0.));
#11881 = FACE_BOUND('',#11882,.T.);
#11882 = EDGE_LOOP('',(#11883));
#11883 = ORIENTED_EDGE('',*,*,#11884,.F.);
#11884 = EDGE_CURVE('',#11885,#11885,#11887,.T.);
#11885 = VERTEX_POINT('',#11886);
#11886 = CARTESIAN_POINT('',(57.000001,-23.7,0.));
#11887 = CIRCLE('',#11888,0.7);
#11888 = AXIS2_PLACEMENT_3D('',#11889,#11890,#11891);
#11889 = CARTESIAN_POINT('',(57.000001,-23.,0.));
#11890 = DIRECTION('',(-0.,0.,-1.));
#11891 = DIRECTION('',(-0.,-1.,0.));
#11892 = FACE_BOUND('',#11893,.T.);
#11893 = EDGE_LOOP('',(#11894));
#11894 = ORIENTED_EDGE('',*,*,#11895,.F.);
#11895 = EDGE_CURVE('',#11896,#11896,#11898,.T.);
#11896 = VERTEX_POINT('',#11897);
#11897 = CARTESIAN_POINT('',(62.5,-19.5,0.));
#11898 = CIRCLE('',#11899,0.7);
#11899 = AXIS2_PLACEMENT_3D('',#11900,#11901,#11902);
#11900 = CARTESIAN_POINT('',(62.5,-18.8,0.));
#11901 = DIRECTION('',(-0.,0.,-1.));
#11902 = DIRECTION('',(-0.,-1.,0.));
#11903 = FACE_BOUND('',#11904,.T.);
#11904 = EDGE_LOOP('',(#11905));
#11905 = ORIENTED_EDGE('',*,*,#11906,.F.);
#11906 = EDGE_CURVE('',#11907,#11907,#11909,.T.);
#11907 = VERTEX_POINT('',#11908);
#11908 = CARTESIAN_POINT('',(57.000001,-19.5,0.));
#11909 = CIRCLE('',#11910,0.7);
#11910 = AXIS2_PLACEMENT_3D('',#11911,#11912,#11913);
#11911 = CARTESIAN_POINT('',(57.000001,-18.8,0.));
#11912 = DIRECTION('',(-0.,0.,-1.));
#11913 = DIRECTION('',(-0.,-1.,0.));
#11914 = FACE_BOUND('',#11915,.T.);
#11915 = EDGE_LOOP('',(#11916));
#11916 = ORIENTED_EDGE('',*,*,#11917,.F.);
#11917 = EDGE_CURVE('',#11918,#11918,#11920,.T.);
#11918 = VERTEX_POINT('',#11919);
#11919 = CARTESIAN_POINT('',(62.5,-15.300001,0.));
#11920 = CIRCLE('',#11921,0.7);
#11921 = AXIS2_PLACEMENT_3D('',#11922,#11923,#11924);
#11922 = CARTESIAN_POINT('',(62.5,-14.600001,0.));
#11923 = DIRECTION('',(-0.,0.,-1.));
#11924 = DIRECTION('',(-0.,-1.,0.));
#11925 = FACE_BOUND('',#11926,.T.);
#11926 = EDGE_LOOP('',(#11927));
#11927 = ORIENTED_EDGE('',*,*,#11928,.F.);
#11928 = EDGE_CURVE('',#11929,#11929,#11931,.T.);
#11929 = VERTEX_POINT('',#11930);
#11930 = CARTESIAN_POINT('',(57.000001,-15.300001,0.));
#11931 = CIRCLE('',#11932,0.7);
#11932 = AXIS2_PLACEMENT_3D('',#11933,#11934,#11935);
#11933 = CARTESIAN_POINT('',(57.000001,-14.600001,0.));
#11934 = DIRECTION('',(-0.,0.,-1.));
#11935 = DIRECTION('',(-0.,-1.,0.));
#11936 = FACE_BOUND('',#11937,.T.);
#11937 = EDGE_LOOP('',(#11938));
#11938 = ORIENTED_EDGE('',*,*,#11939,.F.);
#11939 = EDGE_CURVE('',#11940,#11940,#11942,.T.);
#11940 = VERTEX_POINT('',#11941);
#11941 = CARTESIAN_POINT('',(62.5,-11.100002,0.));
#11942 = CIRCLE('',#11943,0.7);
#11943 = AXIS2_PLACEMENT_3D('',#11944,#11945,#11946);
#11944 = CARTESIAN_POINT('',(62.5,-10.400002,0.));
#11945 = DIRECTION('',(-0.,0.,-1.));
#11946 = DIRECTION('',(-0.,-1.,0.));
#11947 = FACE_BOUND('',#11948,.T.);
#11948 = EDGE_LOOP('',(#11949));
#11949 = ORIENTED_EDGE('',*,*,#11950,.F.);
#11950 = EDGE_CURVE('',#11951,#11951,#11953,.T.);
#11951 = VERTEX_POINT('',#11952);
#11952 = CARTESIAN_POINT('',(57.000001,-11.100002,0.));
#11953 = CIRCLE('',#11954,0.7);
#11954 = AXIS2_PLACEMENT_3D('',#11955,#11956,#11957);
#11955 = CARTESIAN_POINT('',(57.000001,-10.400002,0.));
#11956 = DIRECTION('',(-0.,0.,-1.));
#11957 = DIRECTION('',(-0.,-1.,0.));
#11958 = FACE_BOUND('',#11959,.T.);
#11959 = EDGE_LOOP('',(#11960));
#11960 = ORIENTED_EDGE('',*,*,#11961,.F.);
#11961 = EDGE_CURVE('',#11962,#11962,#11964,.T.);
#11962 = VERTEX_POINT('',#11963);
#11963 = CARTESIAN_POINT('',(27.16,-27.0826,0.));
#11964 = CIRCLE('',#11965,0.4826);
#11965 = AXIS2_PLACEMENT_3D('',#11966,#11967,#11968);
#11966 = CARTESIAN_POINT('',(27.16,-26.6,0.));
#11967 = DIRECTION('',(-0.,0.,-1.));
#11968 = DIRECTION('',(-0.,-1.,0.));
#11969 = FACE_BOUND('',#11970,.T.);
#11970 = EDGE_LOOP('',(#11971));
#11971 = ORIENTED_EDGE('',*,*,#11972,.F.);
#11972 = EDGE_CURVE('',#11973,#11973,#11975,.T.);
#11973 = VERTEX_POINT('',#11974);
#11974 = CARTESIAN_POINT('',(24.62,-27.0826,0.));
#11975 = CIRCLE('',#11976,0.4826);
#11976 = AXIS2_PLACEMENT_3D('',#11977,#11978,#11979);
#11977 = CARTESIAN_POINT('',(24.62,-26.6,0.));
#11978 = DIRECTION('',(-0.,0.,-1.));
#11979 = DIRECTION('',(7.361611435558E-15,-1.,-0.));
#11980 = FACE_BOUND('',#11981,.T.);
#11981 = EDGE_LOOP('',(#11982));
#11982 = ORIENTED_EDGE('',*,*,#11983,.F.);
#11983 = EDGE_CURVE('',#11984,#11984,#11986,.T.);
#11984 = VERTEX_POINT('',#11985);
#11985 = CARTESIAN_POINT('',(27.16,-24.5426,0.));
#11986 = CIRCLE('',#11987,0.4826);
#11987 = AXIS2_PLACEMENT_3D('',#11988,#11989,#11990);
#11988 = CARTESIAN_POINT('',(27.16,-24.06,0.));
#11989 = DIRECTION('',(-0.,0.,-1.));
#11990 = DIRECTION('',(-0.,-1.,0.));
#11991 = FACE_BOUND('',#11992,.T.);
#11992 = EDGE_LOOP('',(#11993));
#11993 = ORIENTED_EDGE('',*,*,#11994,.F.);
#11994 = EDGE_CURVE('',#11995,#11995,#11997,.T.);
#11995 = VERTEX_POINT('',#11996);
#11996 = CARTESIAN_POINT('',(24.62,-24.5426,0.));
#11997 = CIRCLE('',#11998,0.4826);
#11998 = AXIS2_PLACEMENT_3D('',#11999,#12000,#12001);
#11999 = CARTESIAN_POINT('',(24.62,-24.06,0.));
#12000 = DIRECTION('',(-0.,0.,-1.));
#12001 = DIRECTION('',(7.361611435558E-15,-1.,-0.));
#12002 = FACE_BOUND('',#12003,.T.);
#12003 = EDGE_LOOP('',(#12004));
#12004 = ORIENTED_EDGE('',*,*,#12005,.F.);
#12005 = EDGE_CURVE('',#12006,#12006,#12008,.T.);
#12006 = VERTEX_POINT('',#12007);
#12007 = CARTESIAN_POINT('',(22.08,-27.0826,0.));
#12008 = CIRCLE('',#12009,0.4826);
#12009 = AXIS2_PLACEMENT_3D('',#12010,#12011,#12012);
#12010 = CARTESIAN_POINT('',(22.08,-26.6,0.));
#12011 = DIRECTION('',(-0.,0.,-1.));
#12012 = DIRECTION('',(-0.,-1.,0.));
#12013 = FACE_BOUND('',#12014,.T.);
#12014 = EDGE_LOOP('',(#12015));
#12015 = ORIENTED_EDGE('',*,*,#12016,.F.);
#12016 = EDGE_CURVE('',#12017,#12017,#12019,.T.);
#12017 = VERTEX_POINT('',#12018);
#12018 = CARTESIAN_POINT('',(19.54,-27.0826,0.));
#12019 = CIRCLE('',#12020,0.4826);
#12020 = AXIS2_PLACEMENT_3D('',#12021,#12022,#12023);
#12021 = CARTESIAN_POINT('',(19.54,-26.6,0.));
#12022 = DIRECTION('',(-0.,0.,-1.));
#12023 = DIRECTION('',(-0.,-1.,0.));
#12024 = FACE_BOUND('',#12025,.T.);
#12025 = EDGE_LOOP('',(#12026));
#12026 = ORIENTED_EDGE('',*,*,#12027,.F.);
#12027 = EDGE_CURVE('',#12028,#12028,#12030,.T.);
#12028 = VERTEX_POINT('',#12029);
#12029 = CARTESIAN_POINT('',(17.,-27.0826,0.));
#12030 = CIRCLE('',#12031,0.4826);
#12031 = AXIS2_PLACEMENT_3D('',#12032,#12033,#12034);
#12032 = CARTESIAN_POINT('',(17.,-26.6,0.));
#12033 = DIRECTION('',(-0.,0.,-1.));
#12034 = DIRECTION('',(-0.,-1.,0.));
#12035 = FACE_BOUND('',#12036,.T.);
#12036 = EDGE_LOOP('',(#12037));
#12037 = ORIENTED_EDGE('',*,*,#12038,.F.);
#12038 = EDGE_CURVE('',#12039,#12039,#12041,.T.);
#12039 = VERTEX_POINT('',#12040);
#12040 = CARTESIAN_POINT('',(22.08,-24.5426,0.));
#12041 = CIRCLE('',#12042,0.4826);
#12042 = AXIS2_PLACEMENT_3D('',#12043,#12044,#12045);
#12043 = CARTESIAN_POINT('',(22.08,-24.06,0.));
#12044 = DIRECTION('',(-0.,0.,-1.));
#12045 = DIRECTION('',(-0.,-1.,0.));
#12046 = FACE_BOUND('',#12047,.T.);
#12047 = EDGE_LOOP('',(#12048));
#12048 = ORIENTED_EDGE('',*,*,#12049,.F.);
#12049 = EDGE_CURVE('',#12050,#12050,#12052,.T.);
#12050 = VERTEX_POINT('',#12051);
#12051 = CARTESIAN_POINT('',(19.54,-24.5426,0.));
#12052 = CIRCLE('',#12053,0.4826);
#12053 = AXIS2_PLACEMENT_3D('',#12054,#12055,#12056);
#12054 = CARTESIAN_POINT('',(19.54,-24.06,0.));
#12055 = DIRECTION('',(-0.,0.,-1.));
#12056 = DIRECTION('',(-0.,-1.,0.));
#12057 = FACE_BOUND('',#12058,.T.);
#12058 = EDGE_LOOP('',(#12059));
#12059 = ORIENTED_EDGE('',*,*,#12060,.F.);
#12060 = EDGE_CURVE('',#12061,#12061,#12063,.T.);
#12061 = VERTEX_POINT('',#12062);
#12062 = CARTESIAN_POINT('',(17.,-24.5426,0.));
#12063 = CIRCLE('',#12064,0.4826);
#12064 = AXIS2_PLACEMENT_3D('',#12065,#12066,#12067);
#12065 = CARTESIAN_POINT('',(17.,-24.06,0.));
#12066 = DIRECTION('',(-0.,0.,-1.));
#12067 = DIRECTION('',(-0.,-1.,0.));
#12068 = FACE_BOUND('',#12069,.T.);
#12069 = EDGE_LOOP('',(#12070));
#12070 = ORIENTED_EDGE('',*,*,#12071,.F.);
#12071 = EDGE_CURVE('',#12072,#12072,#12074,.T.);
#12072 = VERTEX_POINT('',#12073);
#12073 = CARTESIAN_POINT('',(6.85,-20.4,0.));
#12074 = CIRCLE('',#12075,0.9);
#12075 = AXIS2_PLACEMENT_3D('',#12076,#12077,#12078);
#12076 = CARTESIAN_POINT('',(6.85,-19.5,0.));
#12077 = DIRECTION('',(-0.,0.,-1.));
#12078 = DIRECTION('',(-0.,-1.,0.));
#12079 = FACE_BOUND('',#12080,.T.);
#12080 = EDGE_LOOP('',(#12081));
#12081 = ORIENTED_EDGE('',*,*,#12082,.F.);
#12082 = EDGE_CURVE('',#12083,#12083,#12085,.T.);
#12083 = VERTEX_POINT('',#12084);
#12084 = CARTESIAN_POINT('',(3.7,-14.85,0.));
#12085 = CIRCLE('',#12086,1.35);
#12086 = AXIS2_PLACEMENT_3D('',#12087,#12088,#12089);
#12087 = CARTESIAN_POINT('',(3.7,-13.5,0.));
#12088 = DIRECTION('',(-0.,0.,-1.));
#12089 = DIRECTION('',(-0.,-1.,0.));
#12090 = FACE_BOUND('',#12091,.T.);
#12091 = EDGE_LOOP('',(#12092));
#12092 = ORIENTED_EDGE('',*,*,#12093,.F.);
#12093 = EDGE_CURVE('',#12094,#12094,#12096,.T.);
#12094 = VERTEX_POINT('',#12095);
#12095 = CARTESIAN_POINT('',(3.86,-9.085,0.));
#12096 = CIRCLE('',#12097,0.635);
#12097 = AXIS2_PLACEMENT_3D('',#12098,#12099,#12100);
#12098 = CARTESIAN_POINT('',(3.86,-8.45,0.));
#12099 = DIRECTION('',(-0.,0.,-1.));
#12100 = DIRECTION('',(-6.993530863781E-16,-1.,0.));
#12101 = FACE_BOUND('',#12102,.T.);
#12102 = EDGE_LOOP('',(#12103));
#12103 = ORIENTED_EDGE('',*,*,#12104,.F.);
#12104 = EDGE_CURVE('',#12105,#12105,#12107,.T.);
#12105 = VERTEX_POINT('',#12106);
#12106 = CARTESIAN_POINT('',(57.46,-7.200003,0.));
#12107 = CIRCLE('',#12108,1.4999995);
#12108 = AXIS2_PLACEMENT_3D('',#12109,#12110,#12111);
#12109 = CARTESIAN_POINT('',(57.4599995,-5.7000035,0.));
#12110 = DIRECTION('',(-0.,0.,-1.));
#12111 = DIRECTION('',(3.333334436029E-07,-1.,-0.));
#12112 = FACE_BOUND('',#12113,.T.);
#12113 = EDGE_LOOP('',(#12114));
#12114 = ORIENTED_EDGE('',*,*,#12115,.F.);
#12115 = EDGE_CURVE('',#12116,#12116,#12118,.T.);
#12116 = VERTEX_POINT('',#12117);
#12117 = CARTESIAN_POINT('',(57.5,4.,0.));
#12118 = CIRCLE('',#12119,1.4999995);
#12119 = AXIS2_PLACEMENT_3D('',#12120,#12121,#12122);
#12120 = CARTESIAN_POINT('',(57.4999995,5.4999995,0.));
#12121 = DIRECTION('',(-0.,0.,-1.));
#12122 = DIRECTION('',(3.333334436029E-07,-1.,-0.));
#12123 = FACE_BOUND('',#12124,.T.);
#12124 = EDGE_LOOP('',(#12125));
#12125 = ORIENTED_EDGE('',*,*,#12126,.F.);
#12126 = EDGE_CURVE('',#12127,#12127,#12129,.T.);
#12127 = VERTEX_POINT('',#12128);
#12128 = CARTESIAN_POINT('',(48.5,-0.85,0.));
#12129 = CIRCLE('',#12130,1.85);
#12130 = AXIS2_PLACEMENT_3D('',#12131,#12132,#12133);
#12131 = CARTESIAN_POINT('',(48.5,1.,0.));
#12132 = DIRECTION('',(-0.,0.,-1.));
#12133 = DIRECTION('',(-0.,-1.,0.));
#12134 = FACE_BOUND('',#12135,.T.);
#12135 = EDGE_LOOP('',(#12136));
#12136 = ORIENTED_EDGE('',*,*,#12137,.F.);
#12137 = EDGE_CURVE('',#12138,#12138,#12140,.T.);
#12138 = VERTEX_POINT('',#12139);
#12139 = CARTESIAN_POINT('',(62.54,9.49996,0.));
#12140 = CIRCLE('',#12141,0.7);
#12141 = AXIS2_PLACEMENT_3D('',#12142,#12143,#12144);
#12142 = CARTESIAN_POINT('',(62.54,10.19996,0.));
#12143 = DIRECTION('',(-0.,0.,-1.));
#12144 = DIRECTION('',(-1.015061051086E-14,-1.,0.));
#12145 = FACE_BOUND('',#12146,.T.);
#12146 = EDGE_LOOP('',(#12147));
#12147 = ORIENTED_EDGE('',*,*,#12148,.F.);
#12148 = EDGE_CURVE('',#12149,#12149,#12151,.T.);
#12149 = VERTEX_POINT('',#12150);
#12150 = CARTESIAN_POINT('',(57.040001,9.49996,0.));
#12151 = CIRCLE('',#12152,0.7);
#12152 = AXIS2_PLACEMENT_3D('',#12153,#12154,#12155);
#12153 = CARTESIAN_POINT('',(57.040001,10.19996,0.));
#12154 = DIRECTION('',(-0.,0.,-1.));
#12155 = DIRECTION('',(-1.015061051086E-14,-1.,0.));
#12156 = FACE_BOUND('',#12157,.T.);
#12157 = EDGE_LOOP('',(#12158));
#12158 = ORIENTED_EDGE('',*,*,#12159,.F.);
#12159 = EDGE_CURVE('',#12160,#12160,#12162,.T.);
#12160 = VERTEX_POINT('',#12161);
#12161 = CARTESIAN_POINT('',(62.54,13.69996,0.));
#12162 = CIRCLE('',#12163,0.7);
#12163 = AXIS2_PLACEMENT_3D('',#12164,#12165,#12166);
#12164 = CARTESIAN_POINT('',(62.54,14.39996,0.));
#12165 = DIRECTION('',(-0.,0.,-1.));
#12166 = DIRECTION('',(-1.015061051086E-14,-1.,0.));
#12167 = FACE_BOUND('',#12168,.T.);
#12168 = EDGE_LOOP('',(#12169));
#12169 = ORIENTED_EDGE('',*,*,#12170,.F.);
#12170 = EDGE_CURVE('',#12171,#12171,#12173,.T.);
#12171 = VERTEX_POINT('',#12172);
#12172 = CARTESIAN_POINT('',(57.040001,13.69996,0.));
#12173 = CIRCLE('',#12174,0.7);
#12174 = AXIS2_PLACEMENT_3D('',#12175,#12176,#12177);
#12175 = CARTESIAN_POINT('',(57.040001,14.39996,0.));
#12176 = DIRECTION('',(-0.,0.,-1.));
#12177 = DIRECTION('',(-1.015061051086E-14,-1.,0.));
#12178 = FACE_BOUND('',#12179,.T.);
#12179 = EDGE_LOOP('',(#12180));
#12180 = ORIENTED_EDGE('',*,*,#12181,.F.);
#12181 = EDGE_CURVE('',#12182,#12182,#12184,.T.);
#12182 = VERTEX_POINT('',#12183);
#12183 = CARTESIAN_POINT('',(12.,-0.97,0.));
#12184 = CIRCLE('',#12185,0.45);
#12185 = AXIS2_PLACEMENT_3D('',#12186,#12187,#12188);
#12186 = CARTESIAN_POINT('',(12.,-0.52,0.));
#12187 = DIRECTION('',(-0.,0.,-1.));
#12188 = DIRECTION('',(-0.,-1.,0.));
#12189 = FACE_BOUND('',#12190,.T.);
#12190 = EDGE_LOOP('',(#12191));
#12191 = ORIENTED_EDGE('',*,*,#12192,.F.);
#12192 = EDGE_CURVE('',#12193,#12193,#12195,.T.);
#12193 = VERTEX_POINT('',#12194);
#12194 = CARTESIAN_POINT('',(5.E-02,-1.8714,0.));
#12195 = CIRCLE('',#12196,1.0414);
#12196 = AXIS2_PLACEMENT_3D('',#12197,#12198,#12199);
#12197 = CARTESIAN_POINT('',(5.E-02,-0.83,0.));
#12198 = DIRECTION('',(-0.,0.,-1.));
#12199 = DIRECTION('',(3.997826332192E-17,-1.,-0.));
#12200 = FACE_BOUND('',#12201,.T.);
#12201 = EDGE_LOOP('',(#12202));
#12202 = ORIENTED_EDGE('',*,*,#12203,.F.);
#12203 = EDGE_CURVE('',#12204,#12204,#12206,.T.);
#12204 = VERTEX_POINT('',#12205);
#12205 = CARTESIAN_POINT('',(12.,8.15,0.));
#12206 = CIRCLE('',#12207,0.35);
#12207 = AXIS2_PLACEMENT_3D('',#12208,#12209,#12210);
#12208 = CARTESIAN_POINT('',(12.,8.5,0.));
#12209 = DIRECTION('',(-0.,0.,-1.));
#12210 = DIRECTION('',(-0.,-1.,0.));
#12211 = FACE_BOUND('',#12212,.T.);
#12212 = EDGE_LOOP('',(#12213));
#12213 = ORIENTED_EDGE('',*,*,#12214,.F.);
#12214 = EDGE_CURVE('',#12215,#12215,#12217,.T.);
#12215 = VERTEX_POINT('',#12216);
#12216 = CARTESIAN_POINT('',(-6.65,-20.4,0.));
#12217 = CIRCLE('',#12218,0.9);
#12218 = AXIS2_PLACEMENT_3D('',#12219,#12220,#12221);
#12219 = CARTESIAN_POINT('',(-6.65,-19.5,0.));
#12220 = DIRECTION('',(-0.,0.,-1.));
#12221 = DIRECTION('',(-0.,-1.,0.));
#12222 = FACE_BOUND('',#12223,.T.);
#12223 = EDGE_LOOP('',(#12224));
#12224 = ORIENTED_EDGE('',*,*,#12225,.F.);
#12225 = EDGE_CURVE('',#12226,#12226,#12228,.T.);
#12226 = VERTEX_POINT('',#12227);
#12227 = CARTESIAN_POINT('',(-17.,-27.0826,0.));
#12228 = CIRCLE('',#12229,0.4826);
#12229 = AXIS2_PLACEMENT_3D('',#12230,#12231,#12232);
#12230 = CARTESIAN_POINT('',(-17.,-26.6,0.));
#12231 = DIRECTION('',(-0.,0.,-1.));
#12232 = DIRECTION('',(-0.,-1.,0.));
#12233 = FACE_BOUND('',#12234,.T.);
#12234 = EDGE_LOOP('',(#12235));
#12235 = ORIENTED_EDGE('',*,*,#12236,.F.);
#12236 = EDGE_CURVE('',#12237,#12237,#12239,.T.);
#12237 = VERTEX_POINT('',#12238);
#12238 = CARTESIAN_POINT('',(-19.54,-27.0826,0.));
#12239 = CIRCLE('',#12240,0.4826);
#12240 = AXIS2_PLACEMENT_3D('',#12241,#12242,#12243);
#12241 = CARTESIAN_POINT('',(-19.54,-26.6,0.));
#12242 = DIRECTION('',(-0.,0.,-1.));
#12243 = DIRECTION('',(-0.,-1.,0.));
#12244 = FACE_BOUND('',#12245,.T.);
#12245 = EDGE_LOOP('',(#12246));
#12246 = ORIENTED_EDGE('',*,*,#12247,.F.);
#12247 = EDGE_CURVE('',#12248,#12248,#12250,.T.);
#12248 = VERTEX_POINT('',#12249);
#12249 = CARTESIAN_POINT('',(-22.08,-27.0826,0.));
#12250 = CIRCLE('',#12251,0.4826);
#12251 = AXIS2_PLACEMENT_3D('',#12252,#12253,#12254);
#12252 = CARTESIAN_POINT('',(-22.08,-26.6,0.));
#12253 = DIRECTION('',(-0.,0.,-1.));
#12254 = DIRECTION('',(-0.,-1.,0.));
#12255 = FACE_BOUND('',#12256,.T.);
#12256 = EDGE_LOOP('',(#12257));
#12257 = ORIENTED_EDGE('',*,*,#12258,.F.);
#12258 = EDGE_CURVE('',#12259,#12259,#12261,.T.);
#12259 = VERTEX_POINT('',#12260);
#12260 = CARTESIAN_POINT('',(-17.,-24.5426,0.));
#12261 = CIRCLE('',#12262,0.4826);
#12262 = AXIS2_PLACEMENT_3D('',#12263,#12264,#12265);
#12263 = CARTESIAN_POINT('',(-17.,-24.06,0.));
#12264 = DIRECTION('',(-0.,0.,-1.));
#12265 = DIRECTION('',(-0.,-1.,0.));
#12266 = FACE_BOUND('',#12267,.T.);
#12267 = EDGE_LOOP('',(#12268));
#12268 = ORIENTED_EDGE('',*,*,#12269,.F.);
#12269 = EDGE_CURVE('',#12270,#12270,#12272,.T.);
#12270 = VERTEX_POINT('',#12271);
#12271 = CARTESIAN_POINT('',(-19.54,-24.5426,0.));
#12272 = CIRCLE('',#12273,0.4826);
#12273 = AXIS2_PLACEMENT_3D('',#12274,#12275,#12276);
#12274 = CARTESIAN_POINT('',(-19.54,-24.06,0.));
#12275 = DIRECTION('',(-0.,0.,-1.));
#12276 = DIRECTION('',(-0.,-1.,0.));
#12277 = FACE_BOUND('',#12278,.T.);
#12278 = EDGE_LOOP('',(#12279));
#12279 = ORIENTED_EDGE('',*,*,#12280,.F.);
#12280 = EDGE_CURVE('',#12281,#12281,#12283,.T.);
#12281 = VERTEX_POINT('',#12282);
#12282 = CARTESIAN_POINT('',(-22.08,-24.5426,0.));
#12283 = CIRCLE('',#12284,0.4826);
#12284 = AXIS2_PLACEMENT_3D('',#12285,#12286,#12287);
#12285 = CARTESIAN_POINT('',(-22.08,-24.06,0.));
#12286 = DIRECTION('',(-0.,0.,-1.));
#12287 = DIRECTION('',(-0.,-1.,0.));
#12288 = FACE_BOUND('',#12289,.T.);
#12289 = EDGE_LOOP('',(#12290));
#12290 = ORIENTED_EDGE('',*,*,#12291,.F.);
#12291 = EDGE_CURVE('',#12292,#12292,#12294,.T.);
#12292 = VERTEX_POINT('',#12293);
#12293 = CARTESIAN_POINT('',(-24.62,-27.0826,0.));
#12294 = CIRCLE('',#12295,0.4826);
#12295 = AXIS2_PLACEMENT_3D('',#12296,#12297,#12298);
#12296 = CARTESIAN_POINT('',(-24.62,-26.6,0.));
#12297 = DIRECTION('',(-0.,0.,-1.));
#12298 = DIRECTION('',(-7.361611435558E-15,-1.,0.));
#12299 = FACE_BOUND('',#12300,.T.);
#12300 = EDGE_LOOP('',(#12301));
#12301 = ORIENTED_EDGE('',*,*,#12302,.F.);
#12302 = EDGE_CURVE('',#12303,#12303,#12305,.T.);
#12303 = VERTEX_POINT('',#12304);
#12304 = CARTESIAN_POINT('',(-27.16,-27.0826,0.));
#12305 = CIRCLE('',#12306,0.4826);
#12306 = AXIS2_PLACEMENT_3D('',#12307,#12308,#12309);
#12307 = CARTESIAN_POINT('',(-27.16,-26.6,0.));
#12308 = DIRECTION('',(-0.,0.,-1.));
#12309 = DIRECTION('',(-0.,-1.,0.));
#12310 = FACE_BOUND('',#12311,.T.);
#12311 = EDGE_LOOP('',(#12312));
#12312 = ORIENTED_EDGE('',*,*,#12313,.F.);
#12313 = EDGE_CURVE('',#12314,#12314,#12316,.T.);
#12314 = VERTEX_POINT('',#12315);
#12315 = CARTESIAN_POINT('',(-24.62,-24.5426,0.));
#12316 = CIRCLE('',#12317,0.4826);
#12317 = AXIS2_PLACEMENT_3D('',#12318,#12319,#12320);
#12318 = CARTESIAN_POINT('',(-24.62,-24.06,0.));
#12319 = DIRECTION('',(-0.,0.,-1.));
#12320 = DIRECTION('',(-7.361611435558E-15,-1.,0.));
#12321 = FACE_BOUND('',#12322,.T.);
#12322 = EDGE_LOOP('',(#12323));
#12323 = ORIENTED_EDGE('',*,*,#12324,.F.);
#12324 = EDGE_CURVE('',#12325,#12325,#12327,.T.);
#12325 = VERTEX_POINT('',#12326);
#12326 = CARTESIAN_POINT('',(-27.16,-24.5426,0.));
#12327 = CIRCLE('',#12328,0.4826);
#12328 = AXIS2_PLACEMENT_3D('',#12329,#12330,#12331);
#12329 = CARTESIAN_POINT('',(-27.16,-24.06,0.));
#12330 = DIRECTION('',(-0.,0.,-1.));
#12331 = DIRECTION('',(-0.,-1.,0.));
#12332 = FACE_BOUND('',#12333,.T.);
#12333 = EDGE_LOOP('',(#12334));
#12334 = ORIENTED_EDGE('',*,*,#12335,.F.);
#12335 = EDGE_CURVE('',#12336,#12336,#12338,.T.);
#12336 = VERTEX_POINT('',#12337);
#12337 = CARTESIAN_POINT('',(-3.5,-14.85,0.));
#12338 = CIRCLE('',#12339,1.35);
#12339 = AXIS2_PLACEMENT_3D('',#12340,#12341,#12342);
#12340 = CARTESIAN_POINT('',(-3.5,-13.5,0.));
#12341 = DIRECTION('',(-0.,0.,-1.));
#12342 = DIRECTION('',(-0.,-1.,0.));
#12343 = FACE_BOUND('',#12344,.T.);
#12344 = EDGE_LOOP('',(#12345));
#12345 = ORIENTED_EDGE('',*,*,#12346,.F.);
#12346 = EDGE_CURVE('',#12347,#12347,#12349,.T.);
#12347 = VERTEX_POINT('',#12348);
#12348 = CARTESIAN_POINT('',(-3.76,-9.085,0.));
#12349 = CIRCLE('',#12350,0.635);
#12350 = AXIS2_PLACEMENT_3D('',#12351,#12352,#12353);
#12351 = CARTESIAN_POINT('',(-3.76,-8.45,0.));
#12352 = DIRECTION('',(-0.,0.,-1.));
#12353 = DIRECTION('',(-0.,-1.,0.));
#12354 = FACE_BOUND('',#12355,.T.);
#12355 = EDGE_LOOP('',(#12356));
#12356 = ORIENTED_EDGE('',*,*,#12357,.F.);
#12357 = EDGE_CURVE('',#12358,#12358,#12360,.T.);
#12358 = VERTEX_POINT('',#12359);
#12359 = CARTESIAN_POINT('',(-57.459999,-28.999995,0.));
#12360 = CIRCLE('',#12361,1.4999995);
#12361 = AXIS2_PLACEMENT_3D('',#12362,#12363,#12364);
#12362 = CARTESIAN_POINT('',(-57.4599985,-27.4999955,0.));
#12363 = DIRECTION('',(-0.,0.,-1.));
#12364 = DIRECTION('',(-3.333334483398E-07,-1.,0.));
#12365 = FACE_BOUND('',#12366,.T.);
#12366 = EDGE_LOOP('',(#12367));
#12367 = ORIENTED_EDGE('',*,*,#12368,.F.);
#12368 = EDGE_CURVE('',#12369,#12369,#12371,.T.);
#12369 = VERTEX_POINT('',#12370);
#12370 = CARTESIAN_POINT('',(-57.,-23.499998,0.));
#12371 = CIRCLE('',#12372,0.7);
#12372 = AXIS2_PLACEMENT_3D('',#12373,#12374,#12375);
#12373 = CARTESIAN_POINT('',(-57.,-22.799998,0.));
#12374 = DIRECTION('',(-0.,0.,-1.));
#12375 = DIRECTION('',(-0.,-1.,0.));
#12376 = FACE_BOUND('',#12377,.T.);
#12377 = EDGE_LOOP('',(#12378));
#12378 = ORIENTED_EDGE('',*,*,#12379,.F.);
#12379 = EDGE_CURVE('',#12380,#12380,#12382,.T.);
#12380 = VERTEX_POINT('',#12381);
#12381 = CARTESIAN_POINT('',(-62.499999,-23.499998,0.));
#12382 = CIRCLE('',#12383,0.7);
#12383 = AXIS2_PLACEMENT_3D('',#12384,#12385,#12386);
#12384 = CARTESIAN_POINT('',(-62.499999,-22.799998,0.));
#12385 = DIRECTION('',(-0.,0.,-1.));
#12386 = DIRECTION('',(-0.,-1.,0.));
#12387 = FACE_BOUND('',#12388,.T.);
#12388 = EDGE_LOOP('',(#12389));
#12389 = ORIENTED_EDGE('',*,*,#12390,.F.);
#12390 = EDGE_CURVE('',#12391,#12391,#12393,.T.);
#12391 = VERTEX_POINT('',#12392);
#12392 = CARTESIAN_POINT('',(-57.,-19.299999,0.));
#12393 = CIRCLE('',#12394,0.7);
#12394 = AXIS2_PLACEMENT_3D('',#12395,#12396,#12397);
#12395 = CARTESIAN_POINT('',(-57.,-18.599999,0.));
#12396 = DIRECTION('',(-0.,0.,-1.));
#12397 = DIRECTION('',(-0.,-1.,0.));
#12398 = FACE_BOUND('',#12399,.T.);
#12399 = EDGE_LOOP('',(#12400));
#12400 = ORIENTED_EDGE('',*,*,#12401,.F.);
#12401 = EDGE_CURVE('',#12402,#12402,#12404,.T.);
#12402 = VERTEX_POINT('',#12403);
#12403 = CARTESIAN_POINT('',(-62.499999,-19.299999,0.));
#12404 = CIRCLE('',#12405,0.7);
#12405 = AXIS2_PLACEMENT_3D('',#12406,#12407,#12408);
#12406 = CARTESIAN_POINT('',(-62.499999,-18.599999,0.));
#12407 = DIRECTION('',(-0.,0.,-1.));
#12408 = DIRECTION('',(-0.,-1.,0.));
#12409 = FACE_BOUND('',#12410,.T.);
#12410 = EDGE_LOOP('',(#12411));
#12411 = ORIENTED_EDGE('',*,*,#12412,.F.);
#12412 = EDGE_CURVE('',#12413,#12413,#12415,.T.);
#12413 = VERTEX_POINT('',#12414);
#12414 = CARTESIAN_POINT('',(-57.,-15.1,0.));
#12415 = CIRCLE('',#12416,0.7);
#12416 = AXIS2_PLACEMENT_3D('',#12417,#12418,#12419);
#12417 = CARTESIAN_POINT('',(-57.,-14.4,0.));
#12418 = DIRECTION('',(-0.,0.,-1.));
#12419 = DIRECTION('',(-0.,-1.,0.));
#12420 = FACE_BOUND('',#12421,.T.);
#12421 = EDGE_LOOP('',(#12422));
#12422 = ORIENTED_EDGE('',*,*,#12423,.F.);
#12423 = EDGE_CURVE('',#12424,#12424,#12426,.T.);
#12424 = VERTEX_POINT('',#12425);
#12425 = CARTESIAN_POINT('',(-62.499999,-15.1,0.));
#12426 = CIRCLE('',#12427,0.7);
#12427 = AXIS2_PLACEMENT_3D('',#12428,#12429,#12430);
#12428 = CARTESIAN_POINT('',(-62.499999,-14.4,0.));
#12429 = DIRECTION('',(-0.,0.,-1.));
#12430 = DIRECTION('',(-0.,-1.,0.));
#12431 = FACE_BOUND('',#12432,.T.);
#12432 = EDGE_LOOP('',(#12433));
#12433 = ORIENTED_EDGE('',*,*,#12434,.F.);
#12434 = EDGE_CURVE('',#12435,#12435,#12437,.T.);
#12435 = VERTEX_POINT('',#12436);
#12436 = CARTESIAN_POINT('',(-57.,-10.9,0.));
#12437 = CIRCLE('',#12438,0.7);
#12438 = AXIS2_PLACEMENT_3D('',#12439,#12440,#12441);
#12439 = CARTESIAN_POINT('',(-57.,-10.2,0.));
#12440 = DIRECTION('',(-0.,0.,-1.));
#12441 = DIRECTION('',(-0.,-1.,0.));
#12442 = FACE_BOUND('',#12443,.T.);
#12443 = EDGE_LOOP('',(#12444));
#12444 = ORIENTED_EDGE('',*,*,#12445,.F.);
#12445 = EDGE_CURVE('',#12446,#12446,#12448,.T.);
#12446 = VERTEX_POINT('',#12447);
#12447 = CARTESIAN_POINT('',(-62.499999,-10.9,0.));
#12448 = CIRCLE('',#12449,0.7);
#12449 = AXIS2_PLACEMENT_3D('',#12450,#12451,#12452);
#12450 = CARTESIAN_POINT('',(-62.499999,-10.2,0.));
#12451 = DIRECTION('',(-0.,0.,-1.));
#12452 = DIRECTION('',(-0.,-1.,0.));
#12453 = FACE_BOUND('',#12454,.T.);
#12454 = EDGE_LOOP('',(#12455));
#12455 = ORIENTED_EDGE('',*,*,#12456,.F.);
#12456 = EDGE_CURVE('',#12457,#12457,#12459,.T.);
#12457 = VERTEX_POINT('',#12458);
#12458 = CARTESIAN_POINT('',(-12.,-0.85,0.));
#12459 = CIRCLE('',#12460,0.35);
#12460 = AXIS2_PLACEMENT_3D('',#12461,#12462,#12463);
#12461 = CARTESIAN_POINT('',(-12.,-0.5,0.));
#12462 = DIRECTION('',(-0.,0.,-1.));
#12463 = DIRECTION('',(-0.,-1.,0.));
#12464 = FACE_BOUND('',#12465,.T.);
#12465 = EDGE_LOOP('',(#12466));
#12466 = ORIENTED_EDGE('',*,*,#12467,.F.);
#12467 = EDGE_CURVE('',#12468,#12468,#12470,.T.);
#12468 = VERTEX_POINT('',#12469);
#12469 = CARTESIAN_POINT('',(-12.,8.07,0.));
#12470 = CIRCLE('',#12471,0.45);
#12471 = AXIS2_PLACEMENT_3D('',#12472,#12473,#12474);
#12472 = CARTESIAN_POINT('',(-12.,8.52,0.));
#12473 = DIRECTION('',(-0.,0.,-1.));
#12474 = DIRECTION('',(-0.,-1.,0.));
#12475 = FACE_BOUND('',#12476,.T.);
#12476 = EDGE_LOOP('',(#12477));
#12477 = ORIENTED_EDGE('',*,*,#12478,.F.);
#12478 = EDGE_CURVE('',#12479,#12479,#12481,.T.);
#12479 = VERTEX_POINT('',#12480);
#12480 = CARTESIAN_POINT('',(-57.459999,-7.000039,0.));
#12481 = CIRCLE('',#12482,1.4999995);
#12482 = AXIS2_PLACEMENT_3D('',#12483,#12484,#12485);
#12483 = CARTESIAN_POINT('',(-57.4599985,-5.5000395,0.));
#12484 = DIRECTION('',(-0.,0.,-1.));
#12485 = DIRECTION('',(-3.333334483398E-07,-1.,0.));
#12486 = FACE_BOUND('',#12487,.T.);
#12487 = EDGE_LOOP('',(#12488));
#12488 = ORIENTED_EDGE('',*,*,#12489,.F.);
#12489 = EDGE_CURVE('',#12490,#12490,#12492,.T.);
#12490 = VERTEX_POINT('',#12491);
#12491 = CARTESIAN_POINT('',(-48.5,-0.85,0.));
#12492 = CIRCLE('',#12493,1.85);
#12493 = AXIS2_PLACEMENT_3D('',#12494,#12495,#12496);
#12494 = CARTESIAN_POINT('',(-48.5,1.,0.));
#12495 = DIRECTION('',(-0.,0.,-1.));
#12496 = DIRECTION('',(-0.,-1.,0.));
#12497 = FACE_BOUND('',#12498,.T.);
#12498 = EDGE_LOOP('',(#12499));
#12499 = ORIENTED_EDGE('',*,*,#12500,.F.);
#12500 = EDGE_CURVE('',#12501,#12501,#12503,.T.);
#12501 = VERTEX_POINT('',#12502);
#12502 = CARTESIAN_POINT('',(-57.459999,3.9,0.));
#12503 = CIRCLE('',#12504,1.4999995);
#12504 = AXIS2_PLACEMENT_3D('',#12505,#12506,#12507);
#12505 = CARTESIAN_POINT('',(-57.4599985,5.3999995,0.));
#12506 = DIRECTION('',(-0.,0.,-1.));
#12507 = DIRECTION('',(-3.333334483398E-07,-1.,0.));
#12508 = FACE_BOUND('',#12509,.T.);
#12509 = EDGE_LOOP('',(#12510));
#12510 = ORIENTED_EDGE('',*,*,#12511,.F.);
#12511 = EDGE_CURVE('',#12512,#12512,#12514,.T.);
#12512 = VERTEX_POINT('',#12513);
#12513 = CARTESIAN_POINT('',(-57.,9.399998,0.));
#12514 = CIRCLE('',#12515,0.7);
#12515 = AXIS2_PLACEMENT_3D('',#12516,#12517,#12518);
#12516 = CARTESIAN_POINT('',(-57.,10.099998,0.));
#12517 = DIRECTION('',(-0.,0.,-1.));
#12518 = DIRECTION('',(-0.,-1.,0.));
#12519 = FACE_BOUND('',#12520,.T.);
#12520 = EDGE_LOOP('',(#12521));
#12521 = ORIENTED_EDGE('',*,*,#12522,.F.);
#12522 = EDGE_CURVE('',#12523,#12523,#12525,.T.);
#12523 = VERTEX_POINT('',#12524);
#12524 = CARTESIAN_POINT('',(-62.499999,9.399998,0.));
#12525 = CIRCLE('',#12526,0.7);
#12526 = AXIS2_PLACEMENT_3D('',#12527,#12528,#12529);
#12527 = CARTESIAN_POINT('',(-62.499999,10.099998,0.));
#12528 = DIRECTION('',(-0.,0.,-1.));
#12529 = DIRECTION('',(-0.,-1.,0.));
#12530 = FACE_BOUND('',#12531,.T.);
#12531 = EDGE_LOOP('',(#12532));
#12532 = ORIENTED_EDGE('',*,*,#12533,.F.);
#12533 = EDGE_CURVE('',#12534,#12534,#12536,.T.);
#12534 = VERTEX_POINT('',#12535);
#12535 = CARTESIAN_POINT('',(-57.,13.599997,0.));
#12536 = CIRCLE('',#12537,0.7);
#12537 = AXIS2_PLACEMENT_3D('',#12538,#12539,#12540);
#12538 = CARTESIAN_POINT('',(-57.,14.299997,0.));
#12539 = DIRECTION('',(-0.,0.,-1.));
#12540 = DIRECTION('',(-0.,-1.,0.));
#12541 = FACE_BOUND('',#12542,.T.);
#12542 = EDGE_LOOP('',(#12543));
#12543 = ORIENTED_EDGE('',*,*,#12544,.F.);
#12544 = EDGE_CURVE('',#12545,#12545,#12547,.T.);
#12545 = VERTEX_POINT('',#12546);
#12546 = CARTESIAN_POINT('',(-62.499999,13.599997,0.));
#12547 = CIRCLE('',#12548,0.7);
#12548 = AXIS2_PLACEMENT_3D('',#12549,#12550,#12551);
#12549 = CARTESIAN_POINT('',(-62.499999,14.299997,0.));
#12550 = DIRECTION('',(-0.,0.,-1.));
#12551 = DIRECTION('',(-0.,-1.,0.));
#12552 = FACE_BOUND('',#12553,.T.);
#12553 = EDGE_LOOP('',(#12554));
#12554 = ORIENTED_EDGE('',*,*,#12555,.F.);
#12555 = EDGE_CURVE('',#12556,#12556,#12558,.T.);
#12556 = VERTEX_POINT('',#12557);
#12557 = CARTESIAN_POINT('',(62.54,17.899959,0.));
#12558 = CIRCLE('',#12559,0.7);
#12559 = AXIS2_PLACEMENT_3D('',#12560,#12561,#12562);
#12560 = CARTESIAN_POINT('',(62.54,18.599959,0.));
#12561 = DIRECTION('',(-0.,0.,-1.));
#12562 = DIRECTION('',(-1.015061051086E-14,-1.,0.));
#12563 = FACE_BOUND('',#12564,.T.);
#12564 = EDGE_LOOP('',(#12565));
#12565 = ORIENTED_EDGE('',*,*,#12566,.F.);
#12566 = EDGE_CURVE('',#12567,#12567,#12569,.T.);
#12567 = VERTEX_POINT('',#12568);
#12568 = CARTESIAN_POINT('',(57.040001,17.899959,0.));
#12569 = CIRCLE('',#12570,0.7);
#12570 = AXIS2_PLACEMENT_3D('',#12571,#12572,#12573);
#12571 = CARTESIAN_POINT('',(57.040001,18.599959,0.));
#12572 = DIRECTION('',(-0.,0.,-1.));
#12573 = DIRECTION('',(-1.015061051086E-14,-1.,0.));
#12574 = FACE_BOUND('',#12575,.T.);
#12575 = EDGE_LOOP('',(#12576));
#12576 = ORIENTED_EDGE('',*,*,#12577,.F.);
#12577 = EDGE_CURVE('',#12578,#12578,#12580,.T.);
#12578 = VERTEX_POINT('',#12579);
#12579 = CARTESIAN_POINT('',(62.54,22.099958,0.));
#12580 = CIRCLE('',#12581,0.7);
#12581 = AXIS2_PLACEMENT_3D('',#12582,#12583,#12584);
#12582 = CARTESIAN_POINT('',(62.54,22.799958,0.));
#12583 = DIRECTION('',(-0.,0.,-1.));
#12584 = DIRECTION('',(-1.015061051086E-14,-1.,0.));
#12585 = FACE_BOUND('',#12586,.T.);
#12586 = EDGE_LOOP('',(#12587));
#12587 = ORIENTED_EDGE('',*,*,#12588,.F.);
#12588 = EDGE_CURVE('',#12589,#12589,#12591,.T.);
#12589 = VERTEX_POINT('',#12590);
#12590 = CARTESIAN_POINT('',(57.040001,22.099958,0.));
#12591 = CIRCLE('',#12592,0.7);
#12592 = AXIS2_PLACEMENT_3D('',#12593,#12594,#12595);
#12593 = CARTESIAN_POINT('',(57.040001,22.799958,0.));
#12594 = DIRECTION('',(-0.,0.,-1.));
#12595 = DIRECTION('',(-1.015061051086E-14,-1.,0.));
#12596 = FACE_BOUND('',#12597,.T.);
#12597 = EDGE_LOOP('',(#12598));
#12598 = ORIENTED_EDGE('',*,*,#12599,.F.);
#12599 = EDGE_CURVE('',#12600,#12600,#12602,.T.);
#12600 = VERTEX_POINT('',#12601);
#12601 = CARTESIAN_POINT('',(57.5,25.999956,0.));
#12602 = CIRCLE('',#12603,1.4999995);
#12603 = AXIS2_PLACEMENT_3D('',#12604,#12605,#12606);
#12604 = CARTESIAN_POINT('',(57.4999995,27.4999555,0.));
#12605 = DIRECTION('',(-0.,0.,-1.));
#12606 = DIRECTION('',(3.333334436029E-07,-1.,-0.));
#12607 = FACE_BOUND('',#12608,.T.);
#12608 = EDGE_LOOP('',(#12609));
#12609 = ORIENTED_EDGE('',*,*,#12610,.F.);
#12610 = EDGE_CURVE('',#12611,#12611,#12613,.T.);
#12611 = VERTEX_POINT('',#12612);
#12612 = CARTESIAN_POINT('',(61.5,35.5174,0.));
#12613 = CIRCLE('',#12614,0.4826);
#12614 = AXIS2_PLACEMENT_3D('',#12615,#12616,#12617);
#12615 = CARTESIAN_POINT('',(61.5,36.,0.));
#12616 = DIRECTION('',(-0.,0.,-1.));
#12617 = DIRECTION('',(-0.,-1.,0.));
#12618 = FACE_BOUND('',#12619,.T.);
#12619 = EDGE_LOOP('',(#12620));
#12620 = ORIENTED_EDGE('',*,*,#12621,.F.);
#12621 = EDGE_CURVE('',#12622,#12622,#12624,.T.);
#12622 = VERTEX_POINT('',#12623);
#12623 = CARTESIAN_POINT('',(58.96,35.5174,0.));
#12624 = CIRCLE('',#12625,0.4826);
#12625 = AXIS2_PLACEMENT_3D('',#12626,#12627,#12628);
#12626 = CARTESIAN_POINT('',(58.96,36.,0.));
#12627 = DIRECTION('',(-0.,0.,-1.));
#12628 = DIRECTION('',(-0.,-1.,0.));
#12629 = FACE_BOUND('',#12630,.T.);
#12630 = EDGE_LOOP('',(#12631));
#12631 = ORIENTED_EDGE('',*,*,#12632,.F.);
#12632 = EDGE_CURVE('',#12633,#12633,#12635,.T.);
#12633 = VERTEX_POINT('',#12634);
#12634 = CARTESIAN_POINT('',(61.5,38.0574,0.));
#12635 = CIRCLE('',#12636,0.4826);
#12636 = AXIS2_PLACEMENT_3D('',#12637,#12638,#12639);
#12637 = CARTESIAN_POINT('',(61.5,38.54,0.));
#12638 = DIRECTION('',(-0.,0.,-1.));
#12639 = DIRECTION('',(-0.,-1.,0.));
#12640 = FACE_BOUND('',#12641,.T.);
#12641 = EDGE_LOOP('',(#12642));
#12642 = ORIENTED_EDGE('',*,*,#12643,.F.);
#12643 = EDGE_CURVE('',#12644,#12644,#12646,.T.);
#12644 = VERTEX_POINT('',#12645);
#12645 = CARTESIAN_POINT('',(61.5,40.5974,0.));
#12646 = CIRCLE('',#12647,0.4826);
#12647 = AXIS2_PLACEMENT_3D('',#12648,#12649,#12650);
#12648 = CARTESIAN_POINT('',(61.5,41.08,0.));
#12649 = DIRECTION('',(-0.,0.,-1.));
#12650 = DIRECTION('',(-0.,-1.,0.));
#12651 = FACE_BOUND('',#12652,.T.);
#12652 = EDGE_LOOP('',(#12653));
#12653 = ORIENTED_EDGE('',*,*,#12654,.F.);
#12654 = EDGE_CURVE('',#12655,#12655,#12657,.T.);
#12655 = VERTEX_POINT('',#12656);
#12656 = CARTESIAN_POINT('',(58.96,38.0574,0.));
#12657 = CIRCLE('',#12658,0.4826);
#12658 = AXIS2_PLACEMENT_3D('',#12659,#12660,#12661);
#12659 = CARTESIAN_POINT('',(58.96,38.54,0.));
#12660 = DIRECTION('',(-0.,0.,-1.));
#12661 = DIRECTION('',(-0.,-1.,0.));
#12662 = FACE_BOUND('',#12663,.T.);
#12663 = EDGE_LOOP('',(#12664));
#12664 = ORIENTED_EDGE('',*,*,#12665,.F.);
#12665 = EDGE_CURVE('',#12666,#12666,#12668,.T.);
#12666 = VERTEX_POINT('',#12667);
#12667 = CARTESIAN_POINT('',(58.96,40.5974,0.));
#12668 = CIRCLE('',#12669,0.4826);
#12669 = AXIS2_PLACEMENT_3D('',#12670,#12671,#12672);
#12670 = CARTESIAN_POINT('',(58.96,41.08,0.));
#12671 = DIRECTION('',(-0.,0.,-1.));
#12672 = DIRECTION('',(-0.,-1.,0.));
#12673 = FACE_BOUND('',#12674,.T.);
#12674 = EDGE_LOOP('',(#12675));
#12675 = ORIENTED_EDGE('',*,*,#12676,.F.);
#12676 = EDGE_CURVE('',#12677,#12677,#12679,.T.);
#12677 = VERTEX_POINT('',#12678);
#12678 = CARTESIAN_POINT('',(61.5,43.1374,0.));
#12679 = CIRCLE('',#12680,0.4826);
#12680 = AXIS2_PLACEMENT_3D('',#12681,#12682,#12683);
#12681 = CARTESIAN_POINT('',(61.5,43.62,0.));
#12682 = DIRECTION('',(-0.,0.,-1.));
#12683 = DIRECTION('',(-0.,-1.,0.));
#12684 = FACE_BOUND('',#12685,.T.);
#12685 = EDGE_LOOP('',(#12686));
#12686 = ORIENTED_EDGE('',*,*,#12687,.F.);
#12687 = EDGE_CURVE('',#12688,#12688,#12690,.T.);
#12688 = VERTEX_POINT('',#12689);
#12689 = CARTESIAN_POINT('',(58.96,43.1374,0.));
#12690 = CIRCLE('',#12691,0.4826);
#12691 = AXIS2_PLACEMENT_3D('',#12692,#12693,#12694);
#12692 = CARTESIAN_POINT('',(58.96,43.62,0.));
#12693 = DIRECTION('',(-0.,0.,-1.));
#12694 = DIRECTION('',(-0.,-1.,0.));
#12695 = FACE_BOUND('',#12696,.T.);
#12696 = EDGE_LOOP('',(#12697));
#12697 = ORIENTED_EDGE('',*,*,#12698,.F.);
#12698 = EDGE_CURVE('',#12699,#12699,#12701,.T.);
#12699 = VERTEX_POINT('',#12700);
#12700 = CARTESIAN_POINT('',(61.5,45.6774,0.));
#12701 = CIRCLE('',#12702,0.4826);
#12702 = AXIS2_PLACEMENT_3D('',#12703,#12704,#12705);
#12703 = CARTESIAN_POINT('',(61.5,46.16,0.));
#12704 = DIRECTION('',(-0.,0.,-1.));
#12705 = DIRECTION('',(-0.,-1.,0.));
#12706 = FACE_BOUND('',#12707,.T.);
#12707 = EDGE_LOOP('',(#12708));
#12708 = ORIENTED_EDGE('',*,*,#12709,.F.);
#12709 = EDGE_CURVE('',#12710,#12710,#12712,.T.);
#12710 = VERTEX_POINT('',#12711);
#12711 = CARTESIAN_POINT('',(58.96,45.6774,0.));
#12712 = CIRCLE('',#12713,0.4826);
#12713 = AXIS2_PLACEMENT_3D('',#12714,#12715,#12716);
#12714 = CARTESIAN_POINT('',(58.96,46.16,0.));
#12715 = DIRECTION('',(-0.,0.,-1.));
#12716 = DIRECTION('',(-0.,-1.,0.));
#12717 = FACE_BOUND('',#12718,.T.);
#12718 = EDGE_LOOP('',(#12719));
#12719 = ORIENTED_EDGE('',*,*,#12720,.F.);
#12720 = EDGE_CURVE('',#12721,#12721,#12723,.T.);
#12721 = VERTEX_POINT('',#12722);
#12722 = CARTESIAN_POINT('',(47.,46.56,0.));
#12723 = CIRCLE('',#12724,0.5);
#12724 = AXIS2_PLACEMENT_3D('',#12725,#12726,#12727);
#12725 = CARTESIAN_POINT('',(47.,47.06,0.));
#12726 = DIRECTION('',(-0.,0.,-1.));
#12727 = DIRECTION('',(-0.,-1.,0.));
#12728 = FACE_BOUND('',#12729,.T.);
#12729 = EDGE_LOOP('',(#12730));
#12730 = ORIENTED_EDGE('',*,*,#12731,.F.);
#12731 = EDGE_CURVE('',#12732,#12732,#12734,.T.);
#12732 = VERTEX_POINT('',#12733);
#12733 = CARTESIAN_POINT('',(47.,49.1,0.));
#12734 = CIRCLE('',#12735,0.5);
#12735 = AXIS2_PLACEMENT_3D('',#12736,#12737,#12738);
#12736 = CARTESIAN_POINT('',(47.,49.6,0.));
#12737 = DIRECTION('',(-0.,0.,-1.));
#12738 = DIRECTION('',(-0.,-1.,0.));
#12739 = FACE_BOUND('',#12740,.T.);
#12740 = EDGE_LOOP('',(#12741));
#12741 = ORIENTED_EDGE('',*,*,#12742,.F.);
#12742 = EDGE_CURVE('',#12743,#12743,#12745,.T.);
#12743 = VERTEX_POINT('',#12744);
#12744 = CARTESIAN_POINT('',(43.2,46.585,0.));
#12745 = CIRCLE('',#12746,0.5);
#12746 = AXIS2_PLACEMENT_3D('',#12747,#12748,#12749);
#12747 = CARTESIAN_POINT('',(43.2,47.085,0.));
#12748 = DIRECTION('',(-0.,0.,-1.));
#12749 = DIRECTION('',(-0.,-1.,0.));
#12750 = FACE_BOUND('',#12751,.T.);
#12751 = EDGE_LOOP('',(#12752));
#12752 = ORIENTED_EDGE('',*,*,#12753,.F.);
#12753 = EDGE_CURVE('',#12754,#12754,#12756,.T.);
#12754 = VERTEX_POINT('',#12755);
#12755 = CARTESIAN_POINT('',(43.2,49.125,0.));
#12756 = CIRCLE('',#12757,0.5);
#12757 = AXIS2_PLACEMENT_3D('',#12758,#12759,#12760);
#12758 = CARTESIAN_POINT('',(43.2,49.625,0.));
#12759 = DIRECTION('',(-0.,0.,-1.));
#12760 = DIRECTION('',(-0.,-1.,0.));
#12761 = FACE_BOUND('',#12762,.T.);
#12762 = EDGE_LOOP('',(#12763));
#12763 = ORIENTED_EDGE('',*,*,#12764,.F.);
#12764 = EDGE_CURVE('',#12765,#12765,#12767,.T.);
#12765 = VERTEX_POINT('',#12766);
#12766 = CARTESIAN_POINT('',(39.4,46.585,0.));
#12767 = CIRCLE('',#12768,0.5);
#12768 = AXIS2_PLACEMENT_3D('',#12769,#12770,#12771);
#12769 = CARTESIAN_POINT('',(39.4,47.085,0.));
#12770 = DIRECTION('',(-0.,0.,-1.));
#12771 = DIRECTION('',(-0.,-1.,0.));
#12772 = FACE_BOUND('',#12773,.T.);
#12773 = EDGE_LOOP('',(#12774));
#12774 = ORIENTED_EDGE('',*,*,#12775,.F.);
#12775 = EDGE_CURVE('',#12776,#12776,#12778,.T.);
#12776 = VERTEX_POINT('',#12777);
#12777 = CARTESIAN_POINT('',(35.6,46.585,0.));
#12778 = CIRCLE('',#12779,0.5);
#12779 = AXIS2_PLACEMENT_3D('',#12780,#12781,#12782);
#12780 = CARTESIAN_POINT('',(35.6,47.085,0.));
#12781 = DIRECTION('',(-0.,0.,-1.));
#12782 = DIRECTION('',(-0.,-1.,0.));
#12783 = FACE_BOUND('',#12784,.T.);
#12784 = EDGE_LOOP('',(#12785));
#12785 = ORIENTED_EDGE('',*,*,#12786,.F.);
#12786 = EDGE_CURVE('',#12787,#12787,#12789,.T.);
#12787 = VERTEX_POINT('',#12788);
#12788 = CARTESIAN_POINT('',(39.4,49.125,0.));
#12789 = CIRCLE('',#12790,0.5);
#12790 = AXIS2_PLACEMENT_3D('',#12791,#12792,#12793);
#12791 = CARTESIAN_POINT('',(39.4,49.625,0.));
#12792 = DIRECTION('',(-0.,0.,-1.));
#12793 = DIRECTION('',(-0.,-1.,0.));
#12794 = FACE_BOUND('',#12795,.T.);
#12795 = EDGE_LOOP('',(#12796));
#12796 = ORIENTED_EDGE('',*,*,#12797,.F.);
#12797 = EDGE_CURVE('',#12798,#12798,#12800,.T.);
#12798 = VERTEX_POINT('',#12799);
#12799 = CARTESIAN_POINT('',(35.6,49.125,0.));
#12800 = CIRCLE('',#12801,0.5);
#12801 = AXIS2_PLACEMENT_3D('',#12802,#12803,#12804);
#12802 = CARTESIAN_POINT('',(35.6,49.625,0.));
#12803 = DIRECTION('',(-0.,0.,-1.));
#12804 = DIRECTION('',(-0.,-1.,0.));
#12805 = FACE_BOUND('',#12806,.T.);
#12806 = EDGE_LOOP('',(#12807));
#12807 = ORIENTED_EDGE('',*,*,#12808,.F.);
#12808 = EDGE_CURVE('',#12809,#12809,#12811,.T.);
#12809 = VERTEX_POINT('',#12810);
#12810 = CARTESIAN_POINT('',(31.8,46.585,0.));
#12811 = CIRCLE('',#12812,0.5);
#12812 = AXIS2_PLACEMENT_3D('',#12813,#12814,#12815);
#12813 = CARTESIAN_POINT('',(31.8,47.085,0.));
#12814 = DIRECTION('',(-0.,0.,-1.));
#12815 = DIRECTION('',(7.105427357601E-15,-1.,-0.));
#12816 = FACE_BOUND('',#12817,.T.);
#12817 = EDGE_LOOP('',(#12818));
#12818 = ORIENTED_EDGE('',*,*,#12819,.F.);
#12819 = EDGE_CURVE('',#12820,#12820,#12822,.T.);
#12820 = VERTEX_POINT('',#12821);
#12821 = CARTESIAN_POINT('',(31.8,49.125,0.));
#12822 = CIRCLE('',#12823,0.5);
#12823 = AXIS2_PLACEMENT_3D('',#12824,#12825,#12826);
#12824 = CARTESIAN_POINT('',(31.8,49.625,0.));
#12825 = DIRECTION('',(-0.,0.,-1.));
#12826 = DIRECTION('',(7.105427357601E-15,-1.,-0.));
#12827 = FACE_BOUND('',#12828,.T.);
#12828 = EDGE_LOOP('',(#12829));
#12829 = ORIENTED_EDGE('',*,*,#12830,.F.);
#12830 = EDGE_CURVE('',#12831,#12831,#12833,.T.);
#12831 = VERTEX_POINT('',#12832);
#12832 = CARTESIAN_POINT('',(57.,55.15,0.));
#12833 = CIRCLE('',#12834,1.85);
#12834 = AXIS2_PLACEMENT_3D('',#12835,#12836,#12837);
#12835 = CARTESIAN_POINT('',(57.,57.,0.));
#12836 = DIRECTION('',(-0.,0.,-1.));
#12837 = DIRECTION('',(-0.,-1.,0.));
#12838 = FACE_BOUND('',#12839,.T.);
#12839 = EDGE_LOOP('',(#12840));
#12840 = ORIENTED_EDGE('',*,*,#12841,.F.);
#12841 = EDGE_CURVE('',#12842,#12842,#12844,.T.);
#12842 = VERTEX_POINT('',#12843);
#12843 = CARTESIAN_POINT('',(44.9,55.65,0.));
#12844 = CIRCLE('',#12845,0.75);
#12845 = AXIS2_PLACEMENT_3D('',#12846,#12847,#12848);
#12846 = CARTESIAN_POINT('',(44.9,56.4,0.));
#12847 = DIRECTION('',(-0.,0.,-1.));
#12848 = DIRECTION('',(-0.,-1.,0.));
#12849 = FACE_BOUND('',#12850,.T.);
#12850 = EDGE_LOOP('',(#12851));
#12851 = ORIENTED_EDGE('',*,*,#12852,.F.);
#12852 = EDGE_CURVE('',#12853,#12853,#12855,.T.);
#12853 = VERTEX_POINT('',#12854);
#12854 = CARTESIAN_POINT('',(38.65,53.4,0.));
#12855 = CIRCLE('',#12856,1.);
#12856 = AXIS2_PLACEMENT_3D('',#12857,#12858,#12859);
#12857 = CARTESIAN_POINT('',(38.65,54.4,0.));
#12858 = DIRECTION('',(-0.,0.,-1.));
#12859 = DIRECTION('',(-0.,-1.,0.));
#12860 = FACE_BOUND('',#12861,.T.);
#12861 = EDGE_LOOP('',(#12862));
#12862 = ORIENTED_EDGE('',*,*,#12863,.F.);
#12863 = EDGE_CURVE('',#12864,#12864,#12866,.T.);
#12864 = VERTEX_POINT('',#12865);
#12865 = CARTESIAN_POINT('',(32.4,55.65,0.));
#12866 = CIRCLE('',#12867,0.75);
#12867 = AXIS2_PLACEMENT_3D('',#12868,#12869,#12870);
#12868 = CARTESIAN_POINT('',(32.4,56.4,0.));
#12869 = DIRECTION('',(-0.,0.,-1.));
#12870 = DIRECTION('',(-0.,-1.,0.));
#12871 = FACE_BOUND('',#12872,.T.);
#12872 = EDGE_LOOP('',(#12873));
#12873 = ORIENTED_EDGE('',*,*,#12874,.F.);
#12874 = EDGE_CURVE('',#12875,#12875,#12877,.T.);
#12875 = VERTEX_POINT('',#12876);
#12876 = CARTESIAN_POINT('',(44.9,60.65,0.));
#12877 = CIRCLE('',#12878,0.75);
#12878 = AXIS2_PLACEMENT_3D('',#12879,#12880,#12881);
#12879 = CARTESIAN_POINT('',(44.9,61.4,0.));
#12880 = DIRECTION('',(-0.,0.,-1.));
#12881 = DIRECTION('',(-0.,-1.,0.));
#12882 = FACE_BOUND('',#12883,.T.);
#12883 = EDGE_LOOP('',(#12884));
#12884 = ORIENTED_EDGE('',*,*,#12885,.F.);
#12885 = EDGE_CURVE('',#12886,#12886,#12888,.T.);
#12886 = VERTEX_POINT('',#12887);
#12887 = CARTESIAN_POINT('',(32.4,60.65,0.));
#12888 = CIRCLE('',#12889,0.75);
#12889 = AXIS2_PLACEMENT_3D('',#12890,#12891,#12892);
#12890 = CARTESIAN_POINT('',(32.4,61.4,0.));
#12891 = DIRECTION('',(-0.,0.,-1.));
#12892 = DIRECTION('',(-0.,-1.,0.));
#12893 = FACE_BOUND('',#12894,.T.);
#12894 = EDGE_LOOP('',(#12895));
#12895 = ORIENTED_EDGE('',*,*,#12896,.F.);
#12896 = EDGE_CURVE('',#12897,#12897,#12899,.T.);
#12897 = VERTEX_POINT('',#12898);
#12898 = CARTESIAN_POINT('',(38.65,62.4,0.));
#12899 = CIRCLE('',#12900,1.);
#12900 = AXIS2_PLACEMENT_3D('',#12901,#12902,#12903);
#12901 = CARTESIAN_POINT('',(38.65,63.4,0.));
#12902 = DIRECTION('',(-0.,0.,-1.));
#12903 = DIRECTION('',(-0.,-1.,0.));
#12904 = FACE_BOUND('',#12905,.T.);
#12905 = EDGE_LOOP('',(#12906));
#12906 = ORIENTED_EDGE('',*,*,#12907,.F.);
#12907 = EDGE_CURVE('',#12908,#12908,#12910,.T.);
#12908 = VERTEX_POINT('',#12909);
#12909 = CARTESIAN_POINT('',(21.01,46.65,0.));
#12910 = CIRCLE('',#12911,0.35);
#12911 = AXIS2_PLACEMENT_3D('',#12912,#12913,#12914);
#12912 = CARTESIAN_POINT('',(21.01,47.,0.));
#12913 = DIRECTION('',(-0.,0.,-1.));
#12914 = DIRECTION('',(1.015061051086E-14,-1.,-0.));
#12915 = FACE_BOUND('',#12916,.T.);
#12916 = EDGE_LOOP('',(#12917));
#12917 = ORIENTED_EDGE('',*,*,#12918,.F.);
#12918 = EDGE_CURVE('',#12919,#12919,#12921,.T.);
#12919 = VERTEX_POINT('',#12920);
#12920 = CARTESIAN_POINT('',(28.,46.61,0.));
#12921 = CIRCLE('',#12922,0.5);
#12922 = AXIS2_PLACEMENT_3D('',#12923,#12924,#12925);
#12923 = CARTESIAN_POINT('',(28.,47.11,0.));
#12924 = DIRECTION('',(-0.,0.,-1.));
#12925 = DIRECTION('',(-0.,-1.,0.));
#12926 = FACE_BOUND('',#12927,.T.);
#12927 = EDGE_LOOP('',(#12928));
#12928 = ORIENTED_EDGE('',*,*,#12929,.F.);
#12929 = EDGE_CURVE('',#12930,#12930,#12932,.T.);
#12930 = VERTEX_POINT('',#12931);
#12931 = CARTESIAN_POINT('',(28.,49.15,0.));
#12932 = CIRCLE('',#12933,0.5);
#12933 = AXIS2_PLACEMENT_3D('',#12934,#12935,#12936);
#12934 = CARTESIAN_POINT('',(28.,49.65,0.));
#12935 = DIRECTION('',(-0.,0.,-1.));
#12936 = DIRECTION('',(-0.,-1.,0.));
#12937 = FACE_BOUND('',#12938,.T.);
#12938 = EDGE_LOOP('',(#12939));
#12939 = ORIENTED_EDGE('',*,*,#12940,.F.);
#12940 = EDGE_CURVE('',#12941,#12941,#12943,.T.);
#12941 = VERTEX_POINT('',#12942);
#12942 = CARTESIAN_POINT('',(11.99,46.55,0.));
#12943 = CIRCLE('',#12944,0.45);
#12944 = AXIS2_PLACEMENT_3D('',#12945,#12946,#12947);
#12945 = CARTESIAN_POINT('',(11.99,47.,0.));
#12946 = DIRECTION('',(-0.,0.,-1.));
#12947 = DIRECTION('',(3.947459643112E-15,-1.,-0.));
#12948 = FACE_BOUND('',#12949,.T.);
#12949 = EDGE_LOOP('',(#12950));
#12950 = ORIENTED_EDGE('',*,*,#12951,.F.);
#12951 = EDGE_CURVE('',#12952,#12952,#12954,.T.);
#12952 = VERTEX_POINT('',#12953);
#12953 = CARTESIAN_POINT('',(-57.,17.799996,0.));
#12954 = CIRCLE('',#12955,0.7);
#12955 = AXIS2_PLACEMENT_3D('',#12956,#12957,#12958);
#12956 = CARTESIAN_POINT('',(-57.,18.499996,0.));
#12957 = DIRECTION('',(-0.,0.,-1.));
#12958 = DIRECTION('',(-0.,-1.,0.));
#12959 = FACE_BOUND('',#12960,.T.);
#12960 = EDGE_LOOP('',(#12961));
#12961 = ORIENTED_EDGE('',*,*,#12962,.F.);
#12962 = EDGE_CURVE('',#12963,#12963,#12965,.T.);
#12963 = VERTEX_POINT('',#12964);
#12964 = CARTESIAN_POINT('',(-62.499999,17.799996,0.));
#12965 = CIRCLE('',#12966,0.7);
#12966 = AXIS2_PLACEMENT_3D('',#12967,#12968,#12969);
#12967 = CARTESIAN_POINT('',(-62.499999,18.499996,0.));
#12968 = DIRECTION('',(-0.,0.,-1.));
#12969 = DIRECTION('',(-0.,-1.,0.));
#12970 = FACE_BOUND('',#12971,.T.);
#12971 = EDGE_LOOP('',(#12972));
#12972 = ORIENTED_EDGE('',*,*,#12973,.F.);
#12973 = EDGE_CURVE('',#12974,#12974,#12976,.T.);
#12974 = VERTEX_POINT('',#12975);
#12975 = CARTESIAN_POINT('',(-57.,21.999996,0.));
#12976 = CIRCLE('',#12977,0.7);
#12977 = AXIS2_PLACEMENT_3D('',#12978,#12979,#12980);
#12978 = CARTESIAN_POINT('',(-57.,22.699996,0.));
#12979 = DIRECTION('',(-0.,0.,-1.));
#12980 = DIRECTION('',(-0.,-1.,0.));
#12981 = FACE_BOUND('',#12982,.T.);
#12982 = EDGE_LOOP('',(#12983));
#12983 = ORIENTED_EDGE('',*,*,#12984,.F.);
#12984 = EDGE_CURVE('',#12985,#12985,#12987,.T.);
#12985 = VERTEX_POINT('',#12986);
#12986 = CARTESIAN_POINT('',(-62.499999,21.999996,0.));
#12987 = CIRCLE('',#12988,0.7);
#12988 = AXIS2_PLACEMENT_3D('',#12989,#12990,#12991);
#12989 = CARTESIAN_POINT('',(-62.499999,22.699996,0.));
#12990 = DIRECTION('',(-0.,0.,-1.));
#12991 = DIRECTION('',(-0.,-1.,0.));
#12992 = FACE_BOUND('',#12993,.T.);
#12993 = EDGE_LOOP('',(#12994));
#12994 = ORIENTED_EDGE('',*,*,#12995,.F.);
#12995 = EDGE_CURVE('',#12996,#12996,#12998,.T.);
#12996 = VERTEX_POINT('',#12997);
#12997 = CARTESIAN_POINT('',(-57.459999,25.899956,0.));
#12998 = CIRCLE('',#12999,1.4999995);
#12999 = AXIS2_PLACEMENT_3D('',#13000,#13001,#13002);
#13000 = CARTESIAN_POINT('',(-57.4599985,27.3999555,0.));
#13001 = DIRECTION('',(-0.,0.,-1.));
#13002 = DIRECTION('',(-3.333334483398E-07,-1.,0.));
#13003 = FACE_BOUND('',#13004,.T.);
#13004 = EDGE_LOOP('',(#13005));
#13005 = ORIENTED_EDGE('',*,*,#13006,.F.);
#13006 = EDGE_CURVE('',#13007,#13007,#13009,.T.);
#13007 = VERTEX_POINT('',#13008);
#13008 = CARTESIAN_POINT('',(-59.,35.5174,0.));
#13009 = CIRCLE('',#13010,0.4826);
#13010 = AXIS2_PLACEMENT_3D('',#13011,#13012,#13013);
#13011 = CARTESIAN_POINT('',(-59.,36.,0.));
#13012 = DIRECTION('',(-0.,0.,-1.));
#13013 = DIRECTION('',(-0.,-1.,0.));
#13014 = FACE_BOUND('',#13015,.T.);
#13015 = EDGE_LOOP('',(#13016));
#13016 = ORIENTED_EDGE('',*,*,#13017,.F.);
#13017 = EDGE_CURVE('',#13018,#13018,#13020,.T.);
#13018 = VERTEX_POINT('',#13019);
#13019 = CARTESIAN_POINT('',(-61.54,35.5174,0.));
#13020 = CIRCLE('',#13021,0.4826);
#13021 = AXIS2_PLACEMENT_3D('',#13022,#13023,#13024);
#13022 = CARTESIAN_POINT('',(-61.54,36.,0.));
#13023 = DIRECTION('',(-0.,0.,-1.));
#13024 = DIRECTION('',(-0.,-1.,0.));
#13025 = FACE_BOUND('',#13026,.T.);
#13026 = EDGE_LOOP('',(#13027));
#13027 = ORIENTED_EDGE('',*,*,#13028,.F.);
#13028 = EDGE_CURVE('',#13029,#13029,#13031,.T.);
#13029 = VERTEX_POINT('',#13030);
#13030 = CARTESIAN_POINT('',(-59.,38.0574,0.));
#13031 = CIRCLE('',#13032,0.4826);
#13032 = AXIS2_PLACEMENT_3D('',#13033,#13034,#13035);
#13033 = CARTESIAN_POINT('',(-59.,38.54,0.));
#13034 = DIRECTION('',(-0.,0.,-1.));
#13035 = DIRECTION('',(-0.,-1.,0.));
#13036 = FACE_BOUND('',#13037,.T.);
#13037 = EDGE_LOOP('',(#13038));
#13038 = ORIENTED_EDGE('',*,*,#13039,.F.);
#13039 = EDGE_CURVE('',#13040,#13040,#13042,.T.);
#13040 = VERTEX_POINT('',#13041);
#13041 = CARTESIAN_POINT('',(-59.,40.5974,0.));
#13042 = CIRCLE('',#13043,0.4826);
#13043 = AXIS2_PLACEMENT_3D('',#13044,#13045,#13046);
#13044 = CARTESIAN_POINT('',(-59.,41.08,0.));
#13045 = DIRECTION('',(-0.,0.,-1.));
#13046 = DIRECTION('',(-0.,-1.,0.));
#13047 = FACE_BOUND('',#13048,.T.);
#13048 = EDGE_LOOP('',(#13049));
#13049 = ORIENTED_EDGE('',*,*,#13050,.F.);
#13050 = EDGE_CURVE('',#13051,#13051,#13053,.T.);
#13051 = VERTEX_POINT('',#13052);
#13052 = CARTESIAN_POINT('',(-61.54,38.0574,0.));
#13053 = CIRCLE('',#13054,0.4826);
#13054 = AXIS2_PLACEMENT_3D('',#13055,#13056,#13057);
#13055 = CARTESIAN_POINT('',(-61.54,38.54,0.));
#13056 = DIRECTION('',(-0.,0.,-1.));
#13057 = DIRECTION('',(-0.,-1.,0.));
#13058 = FACE_BOUND('',#13059,.T.);
#13059 = EDGE_LOOP('',(#13060));
#13060 = ORIENTED_EDGE('',*,*,#13061,.F.);
#13061 = EDGE_CURVE('',#13062,#13062,#13064,.T.);
#13062 = VERTEX_POINT('',#13063);
#13063 = CARTESIAN_POINT('',(-61.54,40.5974,0.));
#13064 = CIRCLE('',#13065,0.4826);
#13065 = AXIS2_PLACEMENT_3D('',#13066,#13067,#13068);
#13066 = CARTESIAN_POINT('',(-61.54,41.08,0.));
#13067 = DIRECTION('',(-0.,0.,-1.));
#13068 = DIRECTION('',(-0.,-1.,0.));
#13069 = FACE_BOUND('',#13070,.T.);
#13070 = EDGE_LOOP('',(#13071));
#13071 = ORIENTED_EDGE('',*,*,#13072,.F.);
#13072 = EDGE_CURVE('',#13073,#13073,#13075,.T.);
#13073 = VERTEX_POINT('',#13074);
#13074 = CARTESIAN_POINT('',(-11.49,46.65,0.));
#13075 = CIRCLE('',#13076,0.35);
#13076 = AXIS2_PLACEMENT_3D('',#13077,#13078,#13079);
#13077 = CARTESIAN_POINT('',(-11.49,47.,0.));
#13078 = DIRECTION('',(-0.,0.,-1.));
#13079 = DIRECTION('',(-0.,-1.,0.));
#13080 = FACE_BOUND('',#13081,.T.);
#13081 = EDGE_LOOP('',(#13082));
#13082 = ORIENTED_EDGE('',*,*,#13083,.F.);
#13083 = EDGE_CURVE('',#13084,#13084,#13086,.T.);
#13084 = VERTEX_POINT('',#13085);
#13085 = CARTESIAN_POINT('',(-20.51,46.55,0.));
#13086 = CIRCLE('',#13087,0.45);
#13087 = AXIS2_PLACEMENT_3D('',#13088,#13089,#13090);
#13088 = CARTESIAN_POINT('',(-20.51,47.,0.));
#13089 = DIRECTION('',(-0.,0.,-1.));
#13090 = DIRECTION('',(-7.894919286223E-15,-1.,0.));
#13091 = FACE_BOUND('',#13092,.T.);
#13092 = EDGE_LOOP('',(#13093));
#13093 = ORIENTED_EDGE('',*,*,#13094,.F.);
#13094 = EDGE_CURVE('',#13095,#13095,#13097,.T.);
#13095 = VERTEX_POINT('',#13096);
#13096 = CARTESIAN_POINT('',(-13.8,55.3,0.));
#13097 = CIRCLE('',#13098,0.85);
#13098 = AXIS2_PLACEMENT_3D('',#13099,#13100,#13101);
#13099 = CARTESIAN_POINT('',(-13.8,56.15,0.));
#13100 = DIRECTION('',(-0.,0.,-1.));
#13101 = DIRECTION('',(-0.,-1.,0.));
#13102 = FACE_BOUND('',#13103,.T.);
#13103 = EDGE_LOOP('',(#13104));
#13104 = ORIENTED_EDGE('',*,*,#13105,.F.);
#13105 = EDGE_CURVE('',#13106,#13106,#13108,.T.);
#13106 = VERTEX_POINT('',#13107);
#13107 = CARTESIAN_POINT('',(-13.8,60.3,0.));
#13108 = CIRCLE('',#13109,0.85);
#13109 = AXIS2_PLACEMENT_3D('',#13110,#13111,#13112);
#13110 = CARTESIAN_POINT('',(-13.8,61.15,0.));
#13111 = DIRECTION('',(-0.,0.,-1.));
#13112 = DIRECTION('',(-0.,-1.,0.));
#13113 = FACE_BOUND('',#13114,.T.);
#13114 = EDGE_LOOP('',(#13115));
#13115 = ORIENTED_EDGE('',*,*,#13116,.F.);
#13116 = EDGE_CURVE('',#13117,#13117,#13119,.T.);
#13117 = VERTEX_POINT('',#13118);
#13118 = CARTESIAN_POINT('',(-23.8,52.65,0.));
#13119 = CIRCLE('',#13120,0.5);
#13120 = AXIS2_PLACEMENT_3D('',#13121,#13122,#13123);
#13121 = CARTESIAN_POINT('',(-23.8,53.15,0.));
#13122 = DIRECTION('',(-0.,0.,-1.));
#13123 = DIRECTION('',(-0.,-1.,0.));
#13124 = FACE_BOUND('',#13125,.T.);
#13125 = EDGE_LOOP('',(#13126));
#13126 = ORIENTED_EDGE('',*,*,#13127,.F.);
#13127 = EDGE_CURVE('',#13128,#13128,#13130,.T.);
#13128 = VERTEX_POINT('',#13129);
#13129 = CARTESIAN_POINT('',(-23.8,63.65,0.));
#13130 = CIRCLE('',#13131,0.5);
#13131 = AXIS2_PLACEMENT_3D('',#13132,#13133,#13134);
#13132 = CARTESIAN_POINT('',(-23.8,64.15,0.));
#13133 = DIRECTION('',(-0.,0.,-1.));
#13134 = DIRECTION('',(-0.,-1.,0.));
#13135 = FACE_BOUND('',#13136,.T.);
#13136 = EDGE_LOOP('',(#13137));
#13137 = ORIENTED_EDGE('',*,*,#13138,.F.);
#13138 = EDGE_CURVE('',#13139,#13139,#13141,.T.);
#13139 = VERTEX_POINT('',#13140);
#13140 = CARTESIAN_POINT('',(-59.,43.1374,0.));
#13141 = CIRCLE('',#13142,0.4826);
#13142 = AXIS2_PLACEMENT_3D('',#13143,#13144,#13145);
#13143 = CARTESIAN_POINT('',(-59.,43.62,0.));
#13144 = DIRECTION('',(-0.,0.,-1.));
#13145 = DIRECTION('',(-0.,-1.,0.));
#13146 = FACE_BOUND('',#13147,.T.);
#13147 = EDGE_LOOP('',(#13148));
#13148 = ORIENTED_EDGE('',*,*,#13149,.F.);
#13149 = EDGE_CURVE('',#13150,#13150,#13152,.T.);
#13150 = VERTEX_POINT('',#13151);
#13151 = CARTESIAN_POINT('',(-61.54,43.1374,0.));
#13152 = CIRCLE('',#13153,0.4826);
#13153 = AXIS2_PLACEMENT_3D('',#13154,#13155,#13156);
#13154 = CARTESIAN_POINT('',(-61.54,43.62,0.));
#13155 = DIRECTION('',(-0.,0.,-1.));
#13156 = DIRECTION('',(-0.,-1.,0.));
#13157 = FACE_BOUND('',#13158,.T.);
#13158 = EDGE_LOOP('',(#13159));
#13159 = ORIENTED_EDGE('',*,*,#13160,.F.);
#13160 = EDGE_CURVE('',#13161,#13161,#13163,.T.);
#13161 = VERTEX_POINT('',#13162);
#13162 = CARTESIAN_POINT('',(-59.,45.6774,0.));
#13163 = CIRCLE('',#13164,0.4826);
#13164 = AXIS2_PLACEMENT_3D('',#13165,#13166,#13167);
#13165 = CARTESIAN_POINT('',(-59.,46.16,0.));
#13166 = DIRECTION('',(-0.,0.,-1.));
#13167 = DIRECTION('',(-0.,-1.,0.));
#13168 = FACE_BOUND('',#13169,.T.);
#13169 = EDGE_LOOP('',(#13170));
#13170 = ORIENTED_EDGE('',*,*,#13171,.F.);
#13171 = EDGE_CURVE('',#13172,#13172,#13174,.T.);
#13172 = VERTEX_POINT('',#13173);
#13173 = CARTESIAN_POINT('',(-61.54,45.6774,0.));
#13174 = CIRCLE('',#13175,0.4826);
#13175 = AXIS2_PLACEMENT_3D('',#13176,#13177,#13178);
#13176 = CARTESIAN_POINT('',(-61.54,46.16,0.));
#13177 = DIRECTION('',(-0.,0.,-1.));
#13178 = DIRECTION('',(-0.,-1.,0.));
#13179 = FACE_BOUND('',#13180,.T.);
#13180 = EDGE_LOOP('',(#13181));
#13181 = ORIENTED_EDGE('',*,*,#13182,.F.);
#13182 = EDGE_CURVE('',#13183,#13183,#13185,.T.);
#13183 = VERTEX_POINT('',#13184);
#13184 = CARTESIAN_POINT('',(-57.,55.15,0.));
#13185 = CIRCLE('',#13186,1.85);
#13186 = AXIS2_PLACEMENT_3D('',#13187,#13188,#13189);
#13187 = CARTESIAN_POINT('',(-57.,57.,0.));
#13188 = DIRECTION('',(-0.,0.,-1.));
#13189 = DIRECTION('',(-0.,-1.,0.));
#13190 = PLANE('',#13191);
#13191 = AXIS2_PLACEMENT_3D('',#13192,#13193,#13194);
#13192 = CARTESIAN_POINT('',(-3.857272438303E-16,16.8588626419,0.));
#13193 = DIRECTION('',(-0.,-0.,-1.));
#13194 = DIRECTION('',(-1.,0.,0.));
#13195 = ADVANCED_FACE('',(#13196,#13239,#13250,#13261,#13272,#13283,
    #13294,#13305,#13316,#13327,#13338,#13349,#13360,#13371,#13382,
    #13393,#13404,#13415,#13426,#13437,#13448,#13459,#13470,#13481,
    #13492,#13503,#13514,#13525,#13536,#13547,#13558,#13569,#13580,
    #13591,#13602,#13613,#13624,#13635,#13646,#13657,#13668,#13679,
    #13690,#13701,#13712,#13723,#13734,#13745,#13756,#13767,#13778,
    #13789,#13800,#13811,#13822,#13833,#13844,#13855,#13866,#13877,
    #13888,#13899,#13910,#13921,#13932,#13943,#13954,#13965,#13976,
    #13987,#13998,#14009,#14020,#14031,#14042,#14053,#14064,#14075,
    #14086,#14097,#14108,#14119,#14130,#14141,#14152,#14163,#14174,
    #14185,#14196,#14207,#14218,#14229,#14240,#14251,#14262,#14273,
    #14284,#14295,#14306,#14317,#14328,#14339,#14350,#14361,#14372,
    #14383,#14394,#14405,#14416,#14427,#14438,#14449,#14460,#14471,
    #14482,#14493,#14504,#14515,#14526,#14537,#14548,#14559),#14570,.F.
  );
#13196 = FACE_BOUND('',#13197,.F.);
#13197 = EDGE_LOOP('',(#13198,#13199,#13200,#13208,#13216,#13224,#13232,
    #13238));
#13198 = ORIENTED_EDGE('',*,*,#11727,.T.);
#13199 = ORIENTED_EDGE('',*,*,#11789,.T.);
#13200 = ORIENTED_EDGE('',*,*,#13201,.T.);
#13201 = EDGE_CURVE('',#11790,#13202,#13204,.T.);
#13202 = VERTEX_POINT('',#13203);
#13203 = CARTESIAN_POINT('',(-65.,-30.,1.6));
#13204 = LINE('',#13205,#13206);
#13205 = CARTESIAN_POINT('',(65.,-30.,1.6));
#13206 = VECTOR('',#13207,1.);
#13207 = DIRECTION('',(-1.,0.,0.));
#13208 = ORIENTED_EDGE('',*,*,#13209,.T.);
#13209 = EDGE_CURVE('',#13202,#13210,#13212,.T.);
#13210 = VERTEX_POINT('',#13211);
#13211 = CARTESIAN_POINT('',(-65.,50.5,1.6));
#13212 = LINE('',#13213,#13214);
#13213 = CARTESIAN_POINT('',(-65.,-30.,1.6));
#13214 = VECTOR('',#13215,1.);
#13215 = DIRECTION('',(0.,1.,0.));
#13216 = ORIENTED_EDGE('',*,*,#13217,.T.);
#13217 = EDGE_CURVE('',#13210,#13218,#13220,.T.);
#13218 = VERTEX_POINT('',#13219);
#13219 = CARTESIAN_POINT('',(-65.,57.5,1.6));
#13220 = LINE('',#13221,#13222);
#13221 = CARTESIAN_POINT('',(-65.,50.5,1.6));
#13222 = VECTOR('',#13223,1.);
#13223 = DIRECTION('',(0.,1.,0.));
#13224 = ORIENTED_EDGE('',*,*,#13225,.T.);
#13225 = EDGE_CURVE('',#13218,#13226,#13228,.T.);
#13226 = VERTEX_POINT('',#13227);
#13227 = CARTESIAN_POINT('',(-56.6,66.,1.6));
#13228 = LINE('',#13229,#13230);
#13229 = CARTESIAN_POINT('',(-65.,57.5,1.6));
#13230 = VECTOR('',#13231,1.);
#13231 = DIRECTION('',(0.702910412077,0.711278393173,0.));
#13232 = ORIENTED_EDGE('',*,*,#13233,.T.);
#13233 = EDGE_CURVE('',#13226,#11760,#13234,.T.);
#13234 = LINE('',#13235,#13236);
#13235 = CARTESIAN_POINT('',(-56.6,66.,1.6));
#13236 = VECTOR('',#13237,1.);
#13237 = DIRECTION('',(1.,0.,0.));
#13238 = ORIENTED_EDGE('',*,*,#11767,.T.);
#13239 = FACE_BOUND('',#13240,.F.);
#13240 = EDGE_LOOP('',(#13241));
#13241 = ORIENTED_EDGE('',*,*,#13242,.F.);
#13242 = EDGE_CURVE('',#13243,#13243,#13245,.T.);
#13243 = VERTEX_POINT('',#13244);
#13244 = CARTESIAN_POINT('',(57.46,-29.199959,1.6));
#13245 = CIRCLE('',#13246,1.4999995);
#13246 = AXIS2_PLACEMENT_3D('',#13247,#13248,#13249);
#13247 = CARTESIAN_POINT('',(57.4599995,-27.6999595,1.6));
#13248 = DIRECTION('',(-0.,0.,-1.));
#13249 = DIRECTION('',(3.333334436029E-07,-1.,-0.));
#13250 = FACE_BOUND('',#13251,.F.);
#13251 = EDGE_LOOP('',(#13252));
#13252 = ORIENTED_EDGE('',*,*,#13253,.F.);
#13253 = EDGE_CURVE('',#13254,#13254,#13256,.T.);
#13254 = VERTEX_POINT('',#13255);
#13255 = CARTESIAN_POINT('',(62.5,-23.7,1.6));
#13256 = CIRCLE('',#13257,0.7);
#13257 = AXIS2_PLACEMENT_3D('',#13258,#13259,#13260);
#13258 = CARTESIAN_POINT('',(62.5,-23.,1.6));
#13259 = DIRECTION('',(-0.,0.,-1.));
#13260 = DIRECTION('',(-0.,-1.,0.));
#13261 = FACE_BOUND('',#13262,.F.);
#13262 = EDGE_LOOP('',(#13263));
#13263 = ORIENTED_EDGE('',*,*,#13264,.F.);
#13264 = EDGE_CURVE('',#13265,#13265,#13267,.T.);
#13265 = VERTEX_POINT('',#13266);
#13266 = CARTESIAN_POINT('',(57.000001,-23.7,1.6));
#13267 = CIRCLE('',#13268,0.7);
#13268 = AXIS2_PLACEMENT_3D('',#13269,#13270,#13271);
#13269 = CARTESIAN_POINT('',(57.000001,-23.,1.6));
#13270 = DIRECTION('',(-0.,0.,-1.));
#13271 = DIRECTION('',(-0.,-1.,0.));
#13272 = FACE_BOUND('',#13273,.F.);
#13273 = EDGE_LOOP('',(#13274));
#13274 = ORIENTED_EDGE('',*,*,#13275,.F.);
#13275 = EDGE_CURVE('',#13276,#13276,#13278,.T.);
#13276 = VERTEX_POINT('',#13277);
#13277 = CARTESIAN_POINT('',(62.5,-19.5,1.6));
#13278 = CIRCLE('',#13279,0.7);
#13279 = AXIS2_PLACEMENT_3D('',#13280,#13281,#13282);
#13280 = CARTESIAN_POINT('',(62.5,-18.8,1.6));
#13281 = DIRECTION('',(-0.,0.,-1.));
#13282 = DIRECTION('',(-0.,-1.,0.));
#13283 = FACE_BOUND('',#13284,.F.);
#13284 = EDGE_LOOP('',(#13285));
#13285 = ORIENTED_EDGE('',*,*,#13286,.F.);
#13286 = EDGE_CURVE('',#13287,#13287,#13289,.T.);
#13287 = VERTEX_POINT('',#13288);
#13288 = CARTESIAN_POINT('',(57.000001,-19.5,1.6));
#13289 = CIRCLE('',#13290,0.7);
#13290 = AXIS2_PLACEMENT_3D('',#13291,#13292,#13293);
#13291 = CARTESIAN_POINT('',(57.000001,-18.8,1.6));
#13292 = DIRECTION('',(-0.,0.,-1.));
#13293 = DIRECTION('',(-0.,-1.,0.));
#13294 = FACE_BOUND('',#13295,.F.);
#13295 = EDGE_LOOP('',(#13296));
#13296 = ORIENTED_EDGE('',*,*,#13297,.F.);
#13297 = EDGE_CURVE('',#13298,#13298,#13300,.T.);
#13298 = VERTEX_POINT('',#13299);
#13299 = CARTESIAN_POINT('',(62.5,-15.300001,1.6));
#13300 = CIRCLE('',#13301,0.7);
#13301 = AXIS2_PLACEMENT_3D('',#13302,#13303,#13304);
#13302 = CARTESIAN_POINT('',(62.5,-14.600001,1.6));
#13303 = DIRECTION('',(-0.,0.,-1.));
#13304 = DIRECTION('',(-0.,-1.,0.));
#13305 = FACE_BOUND('',#13306,.F.);
#13306 = EDGE_LOOP('',(#13307));
#13307 = ORIENTED_EDGE('',*,*,#13308,.F.);
#13308 = EDGE_CURVE('',#13309,#13309,#13311,.T.);
#13309 = VERTEX_POINT('',#13310);
#13310 = CARTESIAN_POINT('',(57.000001,-15.300001,1.6));
#13311 = CIRCLE('',#13312,0.7);
#13312 = AXIS2_PLACEMENT_3D('',#13313,#13314,#13315);
#13313 = CARTESIAN_POINT('',(57.000001,-14.600001,1.6));
#13314 = DIRECTION('',(-0.,0.,-1.));
#13315 = DIRECTION('',(-0.,-1.,0.));
#13316 = FACE_BOUND('',#13317,.F.);
#13317 = EDGE_LOOP('',(#13318));
#13318 = ORIENTED_EDGE('',*,*,#13319,.F.);
#13319 = EDGE_CURVE('',#13320,#13320,#13322,.T.);
#13320 = VERTEX_POINT('',#13321);
#13321 = CARTESIAN_POINT('',(62.5,-11.100002,1.6));
#13322 = CIRCLE('',#13323,0.7);
#13323 = AXIS2_PLACEMENT_3D('',#13324,#13325,#13326);
#13324 = CARTESIAN_POINT('',(62.5,-10.400002,1.6));
#13325 = DIRECTION('',(-0.,0.,-1.));
#13326 = DIRECTION('',(-0.,-1.,0.));
#13327 = FACE_BOUND('',#13328,.F.);
#13328 = EDGE_LOOP('',(#13329));
#13329 = ORIENTED_EDGE('',*,*,#13330,.F.);
#13330 = EDGE_CURVE('',#13331,#13331,#13333,.T.);
#13331 = VERTEX_POINT('',#13332);
#13332 = CARTESIAN_POINT('',(57.000001,-11.100002,1.6));
#13333 = CIRCLE('',#13334,0.7);
#13334 = AXIS2_PLACEMENT_3D('',#13335,#13336,#13337);
#13335 = CARTESIAN_POINT('',(57.000001,-10.400002,1.6));
#13336 = DIRECTION('',(-0.,0.,-1.));
#13337 = DIRECTION('',(-0.,-1.,0.));
#13338 = FACE_BOUND('',#13339,.F.);
#13339 = EDGE_LOOP('',(#13340));
#13340 = ORIENTED_EDGE('',*,*,#13341,.F.);
#13341 = EDGE_CURVE('',#13342,#13342,#13344,.T.);
#13342 = VERTEX_POINT('',#13343);
#13343 = CARTESIAN_POINT('',(27.16,-27.0826,1.6));
#13344 = CIRCLE('',#13345,0.4826);
#13345 = AXIS2_PLACEMENT_3D('',#13346,#13347,#13348);
#13346 = CARTESIAN_POINT('',(27.16,-26.6,1.6));
#13347 = DIRECTION('',(-0.,0.,-1.));
#13348 = DIRECTION('',(-0.,-1.,0.));
#13349 = FACE_BOUND('',#13350,.F.);
#13350 = EDGE_LOOP('',(#13351));
#13351 = ORIENTED_EDGE('',*,*,#13352,.F.);
#13352 = EDGE_CURVE('',#13353,#13353,#13355,.T.);
#13353 = VERTEX_POINT('',#13354);
#13354 = CARTESIAN_POINT('',(24.62,-27.0826,1.6));
#13355 = CIRCLE('',#13356,0.4826);
#13356 = AXIS2_PLACEMENT_3D('',#13357,#13358,#13359);
#13357 = CARTESIAN_POINT('',(24.62,-26.6,1.6));
#13358 = DIRECTION('',(-0.,0.,-1.));
#13359 = DIRECTION('',(7.361611435558E-15,-1.,-0.));
#13360 = FACE_BOUND('',#13361,.F.);
#13361 = EDGE_LOOP('',(#13362));
#13362 = ORIENTED_EDGE('',*,*,#13363,.F.);
#13363 = EDGE_CURVE('',#13364,#13364,#13366,.T.);
#13364 = VERTEX_POINT('',#13365);
#13365 = CARTESIAN_POINT('',(27.16,-24.5426,1.6));
#13366 = CIRCLE('',#13367,0.4826);
#13367 = AXIS2_PLACEMENT_3D('',#13368,#13369,#13370);
#13368 = CARTESIAN_POINT('',(27.16,-24.06,1.6));
#13369 = DIRECTION('',(-0.,0.,-1.));
#13370 = DIRECTION('',(-0.,-1.,0.));
#13371 = FACE_BOUND('',#13372,.F.);
#13372 = EDGE_LOOP('',(#13373));
#13373 = ORIENTED_EDGE('',*,*,#13374,.F.);
#13374 = EDGE_CURVE('',#13375,#13375,#13377,.T.);
#13375 = VERTEX_POINT('',#13376);
#13376 = CARTESIAN_POINT('',(24.62,-24.5426,1.6));
#13377 = CIRCLE('',#13378,0.4826);
#13378 = AXIS2_PLACEMENT_3D('',#13379,#13380,#13381);
#13379 = CARTESIAN_POINT('',(24.62,-24.06,1.6));
#13380 = DIRECTION('',(-0.,0.,-1.));
#13381 = DIRECTION('',(7.361611435558E-15,-1.,-0.));
#13382 = FACE_BOUND('',#13383,.F.);
#13383 = EDGE_LOOP('',(#13384));
#13384 = ORIENTED_EDGE('',*,*,#13385,.F.);
#13385 = EDGE_CURVE('',#13386,#13386,#13388,.T.);
#13386 = VERTEX_POINT('',#13387);
#13387 = CARTESIAN_POINT('',(22.08,-27.0826,1.6));
#13388 = CIRCLE('',#13389,0.4826);
#13389 = AXIS2_PLACEMENT_3D('',#13390,#13391,#13392);
#13390 = CARTESIAN_POINT('',(22.08,-26.6,1.6));
#13391 = DIRECTION('',(-0.,0.,-1.));
#13392 = DIRECTION('',(-0.,-1.,0.));
#13393 = FACE_BOUND('',#13394,.F.);
#13394 = EDGE_LOOP('',(#13395));
#13395 = ORIENTED_EDGE('',*,*,#13396,.F.);
#13396 = EDGE_CURVE('',#13397,#13397,#13399,.T.);
#13397 = VERTEX_POINT('',#13398);
#13398 = CARTESIAN_POINT('',(19.54,-27.0826,1.6));
#13399 = CIRCLE('',#13400,0.4826);
#13400 = AXIS2_PLACEMENT_3D('',#13401,#13402,#13403);
#13401 = CARTESIAN_POINT('',(19.54,-26.6,1.6));
#13402 = DIRECTION('',(-0.,0.,-1.));
#13403 = DIRECTION('',(-0.,-1.,0.));
#13404 = FACE_BOUND('',#13405,.F.);
#13405 = EDGE_LOOP('',(#13406));
#13406 = ORIENTED_EDGE('',*,*,#13407,.F.);
#13407 = EDGE_CURVE('',#13408,#13408,#13410,.T.);
#13408 = VERTEX_POINT('',#13409);
#13409 = CARTESIAN_POINT('',(17.,-27.0826,1.6));
#13410 = CIRCLE('',#13411,0.4826);
#13411 = AXIS2_PLACEMENT_3D('',#13412,#13413,#13414);
#13412 = CARTESIAN_POINT('',(17.,-26.6,1.6));
#13413 = DIRECTION('',(-0.,0.,-1.));
#13414 = DIRECTION('',(-0.,-1.,0.));
#13415 = FACE_BOUND('',#13416,.F.);
#13416 = EDGE_LOOP('',(#13417));
#13417 = ORIENTED_EDGE('',*,*,#13418,.F.);
#13418 = EDGE_CURVE('',#13419,#13419,#13421,.T.);
#13419 = VERTEX_POINT('',#13420);
#13420 = CARTESIAN_POINT('',(22.08,-24.5426,1.6));
#13421 = CIRCLE('',#13422,0.4826);
#13422 = AXIS2_PLACEMENT_3D('',#13423,#13424,#13425);
#13423 = CARTESIAN_POINT('',(22.08,-24.06,1.6));
#13424 = DIRECTION('',(-0.,0.,-1.));
#13425 = DIRECTION('',(-0.,-1.,0.));
#13426 = FACE_BOUND('',#13427,.F.);
#13427 = EDGE_LOOP('',(#13428));
#13428 = ORIENTED_EDGE('',*,*,#13429,.F.);
#13429 = EDGE_CURVE('',#13430,#13430,#13432,.T.);
#13430 = VERTEX_POINT('',#13431);
#13431 = CARTESIAN_POINT('',(19.54,-24.5426,1.6));
#13432 = CIRCLE('',#13433,0.4826);
#13433 = AXIS2_PLACEMENT_3D('',#13434,#13435,#13436);
#13434 = CARTESIAN_POINT('',(19.54,-24.06,1.6));
#13435 = DIRECTION('',(-0.,0.,-1.));
#13436 = DIRECTION('',(-0.,-1.,0.));
#13437 = FACE_BOUND('',#13438,.F.);
#13438 = EDGE_LOOP('',(#13439));
#13439 = ORIENTED_EDGE('',*,*,#13440,.F.);
#13440 = EDGE_CURVE('',#13441,#13441,#13443,.T.);
#13441 = VERTEX_POINT('',#13442);
#13442 = CARTESIAN_POINT('',(17.,-24.5426,1.6));
#13443 = CIRCLE('',#13444,0.4826);
#13444 = AXIS2_PLACEMENT_3D('',#13445,#13446,#13447);
#13445 = CARTESIAN_POINT('',(17.,-24.06,1.6));
#13446 = DIRECTION('',(-0.,0.,-1.));
#13447 = DIRECTION('',(-0.,-1.,0.));
#13448 = FACE_BOUND('',#13449,.F.);
#13449 = EDGE_LOOP('',(#13450));
#13450 = ORIENTED_EDGE('',*,*,#13451,.F.);
#13451 = EDGE_CURVE('',#13452,#13452,#13454,.T.);
#13452 = VERTEX_POINT('',#13453);
#13453 = CARTESIAN_POINT('',(6.85,-20.4,1.6));
#13454 = CIRCLE('',#13455,0.9);
#13455 = AXIS2_PLACEMENT_3D('',#13456,#13457,#13458);
#13456 = CARTESIAN_POINT('',(6.85,-19.5,1.6));
#13457 = DIRECTION('',(-0.,0.,-1.));
#13458 = DIRECTION('',(-0.,-1.,0.));
#13459 = FACE_BOUND('',#13460,.F.);
#13460 = EDGE_LOOP('',(#13461));
#13461 = ORIENTED_EDGE('',*,*,#13462,.F.);
#13462 = EDGE_CURVE('',#13463,#13463,#13465,.T.);
#13463 = VERTEX_POINT('',#13464);
#13464 = CARTESIAN_POINT('',(3.7,-14.85,1.6));
#13465 = CIRCLE('',#13466,1.35);
#13466 = AXIS2_PLACEMENT_3D('',#13467,#13468,#13469);
#13467 = CARTESIAN_POINT('',(3.7,-13.5,1.6));
#13468 = DIRECTION('',(-0.,0.,-1.));
#13469 = DIRECTION('',(-0.,-1.,0.));
#13470 = FACE_BOUND('',#13471,.F.);
#13471 = EDGE_LOOP('',(#13472));
#13472 = ORIENTED_EDGE('',*,*,#13473,.F.);
#13473 = EDGE_CURVE('',#13474,#13474,#13476,.T.);
#13474 = VERTEX_POINT('',#13475);
#13475 = CARTESIAN_POINT('',(3.86,-9.085,1.6));
#13476 = CIRCLE('',#13477,0.635);
#13477 = AXIS2_PLACEMENT_3D('',#13478,#13479,#13480);
#13478 = CARTESIAN_POINT('',(3.86,-8.45,1.6));
#13479 = DIRECTION('',(-0.,0.,-1.));
#13480 = DIRECTION('',(-6.993530863781E-16,-1.,0.));
#13481 = FACE_BOUND('',#13482,.F.);
#13482 = EDGE_LOOP('',(#13483));
#13483 = ORIENTED_EDGE('',*,*,#13484,.F.);
#13484 = EDGE_CURVE('',#13485,#13485,#13487,.T.);
#13485 = VERTEX_POINT('',#13486);
#13486 = CARTESIAN_POINT('',(57.46,-7.200003,1.6));
#13487 = CIRCLE('',#13488,1.4999995);
#13488 = AXIS2_PLACEMENT_3D('',#13489,#13490,#13491);
#13489 = CARTESIAN_POINT('',(57.4599995,-5.7000035,1.6));
#13490 = DIRECTION('',(-0.,0.,-1.));
#13491 = DIRECTION('',(3.333334436029E-07,-1.,-0.));
#13492 = FACE_BOUND('',#13493,.F.);
#13493 = EDGE_LOOP('',(#13494));
#13494 = ORIENTED_EDGE('',*,*,#13495,.F.);
#13495 = EDGE_CURVE('',#13496,#13496,#13498,.T.);
#13496 = VERTEX_POINT('',#13497);
#13497 = CARTESIAN_POINT('',(57.5,4.,1.6));
#13498 = CIRCLE('',#13499,1.4999995);
#13499 = AXIS2_PLACEMENT_3D('',#13500,#13501,#13502);
#13500 = CARTESIAN_POINT('',(57.4999995,5.4999995,1.6));
#13501 = DIRECTION('',(-0.,0.,-1.));
#13502 = DIRECTION('',(3.333334436029E-07,-1.,-0.));
#13503 = FACE_BOUND('',#13504,.F.);
#13504 = EDGE_LOOP('',(#13505));
#13505 = ORIENTED_EDGE('',*,*,#13506,.F.);
#13506 = EDGE_CURVE('',#13507,#13507,#13509,.T.);
#13507 = VERTEX_POINT('',#13508);
#13508 = CARTESIAN_POINT('',(48.5,-0.85,1.6));
#13509 = CIRCLE('',#13510,1.85);
#13510 = AXIS2_PLACEMENT_3D('',#13511,#13512,#13513);
#13511 = CARTESIAN_POINT('',(48.5,1.,1.6));
#13512 = DIRECTION('',(-0.,0.,-1.));
#13513 = DIRECTION('',(-0.,-1.,0.));
#13514 = FACE_BOUND('',#13515,.F.);
#13515 = EDGE_LOOP('',(#13516));
#13516 = ORIENTED_EDGE('',*,*,#13517,.F.);
#13517 = EDGE_CURVE('',#13518,#13518,#13520,.T.);
#13518 = VERTEX_POINT('',#13519);
#13519 = CARTESIAN_POINT('',(62.54,9.49996,1.6));
#13520 = CIRCLE('',#13521,0.7);
#13521 = AXIS2_PLACEMENT_3D('',#13522,#13523,#13524);
#13522 = CARTESIAN_POINT('',(62.54,10.19996,1.6));
#13523 = DIRECTION('',(-0.,0.,-1.));
#13524 = DIRECTION('',(-1.015061051086E-14,-1.,0.));
#13525 = FACE_BOUND('',#13526,.F.);
#13526 = EDGE_LOOP('',(#13527));
#13527 = ORIENTED_EDGE('',*,*,#13528,.F.);
#13528 = EDGE_CURVE('',#13529,#13529,#13531,.T.);
#13529 = VERTEX_POINT('',#13530);
#13530 = CARTESIAN_POINT('',(57.040001,9.49996,1.6));
#13531 = CIRCLE('',#13532,0.7);
#13532 = AXIS2_PLACEMENT_3D('',#13533,#13534,#13535);
#13533 = CARTESIAN_POINT('',(57.040001,10.19996,1.6));
#13534 = DIRECTION('',(-0.,0.,-1.));
#13535 = DIRECTION('',(-1.015061051086E-14,-1.,0.));
#13536 = FACE_BOUND('',#13537,.F.);
#13537 = EDGE_LOOP('',(#13538));
#13538 = ORIENTED_EDGE('',*,*,#13539,.F.);
#13539 = EDGE_CURVE('',#13540,#13540,#13542,.T.);
#13540 = VERTEX_POINT('',#13541);
#13541 = CARTESIAN_POINT('',(62.54,13.69996,1.6));
#13542 = CIRCLE('',#13543,0.7);
#13543 = AXIS2_PLACEMENT_3D('',#13544,#13545,#13546);
#13544 = CARTESIAN_POINT('',(62.54,14.39996,1.6));
#13545 = DIRECTION('',(-0.,0.,-1.));
#13546 = DIRECTION('',(-1.015061051086E-14,-1.,0.));
#13547 = FACE_BOUND('',#13548,.F.);
#13548 = EDGE_LOOP('',(#13549));
#13549 = ORIENTED_EDGE('',*,*,#13550,.F.);
#13550 = EDGE_CURVE('',#13551,#13551,#13553,.T.);
#13551 = VERTEX_POINT('',#13552);
#13552 = CARTESIAN_POINT('',(57.040001,13.69996,1.6));
#13553 = CIRCLE('',#13554,0.7);
#13554 = AXIS2_PLACEMENT_3D('',#13555,#13556,#13557);
#13555 = CARTESIAN_POINT('',(57.040001,14.39996,1.6));
#13556 = DIRECTION('',(-0.,0.,-1.));
#13557 = DIRECTION('',(-1.015061051086E-14,-1.,0.));
#13558 = FACE_BOUND('',#13559,.F.);
#13559 = EDGE_LOOP('',(#13560));
#13560 = ORIENTED_EDGE('',*,*,#13561,.F.);
#13561 = EDGE_CURVE('',#13562,#13562,#13564,.T.);
#13562 = VERTEX_POINT('',#13563);
#13563 = CARTESIAN_POINT('',(12.,-0.97,1.6));
#13564 = CIRCLE('',#13565,0.45);
#13565 = AXIS2_PLACEMENT_3D('',#13566,#13567,#13568);
#13566 = CARTESIAN_POINT('',(12.,-0.52,1.6));
#13567 = DIRECTION('',(-0.,0.,-1.));
#13568 = DIRECTION('',(-0.,-1.,0.));
#13569 = FACE_BOUND('',#13570,.F.);
#13570 = EDGE_LOOP('',(#13571));
#13571 = ORIENTED_EDGE('',*,*,#13572,.F.);
#13572 = EDGE_CURVE('',#13573,#13573,#13575,.T.);
#13573 = VERTEX_POINT('',#13574);
#13574 = CARTESIAN_POINT('',(5.E-02,-1.8714,1.6));
#13575 = CIRCLE('',#13576,1.0414);
#13576 = AXIS2_PLACEMENT_3D('',#13577,#13578,#13579);
#13577 = CARTESIAN_POINT('',(5.E-02,-0.83,1.6));
#13578 = DIRECTION('',(-0.,0.,-1.));
#13579 = DIRECTION('',(3.997826332192E-17,-1.,-0.));
#13580 = FACE_BOUND('',#13581,.F.);
#13581 = EDGE_LOOP('',(#13582));
#13582 = ORIENTED_EDGE('',*,*,#13583,.F.);
#13583 = EDGE_CURVE('',#13584,#13584,#13586,.T.);
#13584 = VERTEX_POINT('',#13585);
#13585 = CARTESIAN_POINT('',(12.,8.15,1.6));
#13586 = CIRCLE('',#13587,0.35);
#13587 = AXIS2_PLACEMENT_3D('',#13588,#13589,#13590);
#13588 = CARTESIAN_POINT('',(12.,8.5,1.6));
#13589 = DIRECTION('',(-0.,0.,-1.));
#13590 = DIRECTION('',(-0.,-1.,0.));
#13591 = FACE_BOUND('',#13592,.F.);
#13592 = EDGE_LOOP('',(#13593));
#13593 = ORIENTED_EDGE('',*,*,#13594,.F.);
#13594 = EDGE_CURVE('',#13595,#13595,#13597,.T.);
#13595 = VERTEX_POINT('',#13596);
#13596 = CARTESIAN_POINT('',(-6.65,-20.4,1.6));
#13597 = CIRCLE('',#13598,0.9);
#13598 = AXIS2_PLACEMENT_3D('',#13599,#13600,#13601);
#13599 = CARTESIAN_POINT('',(-6.65,-19.5,1.6));
#13600 = DIRECTION('',(-0.,0.,-1.));
#13601 = DIRECTION('',(-0.,-1.,0.));
#13602 = FACE_BOUND('',#13603,.F.);
#13603 = EDGE_LOOP('',(#13604));
#13604 = ORIENTED_EDGE('',*,*,#13605,.F.);
#13605 = EDGE_CURVE('',#13606,#13606,#13608,.T.);
#13606 = VERTEX_POINT('',#13607);
#13607 = CARTESIAN_POINT('',(-17.,-27.0826,1.6));
#13608 = CIRCLE('',#13609,0.4826);
#13609 = AXIS2_PLACEMENT_3D('',#13610,#13611,#13612);
#13610 = CARTESIAN_POINT('',(-17.,-26.6,1.6));
#13611 = DIRECTION('',(-0.,0.,-1.));
#13612 = DIRECTION('',(-0.,-1.,0.));
#13613 = FACE_BOUND('',#13614,.F.);
#13614 = EDGE_LOOP('',(#13615));
#13615 = ORIENTED_EDGE('',*,*,#13616,.F.);
#13616 = EDGE_CURVE('',#13617,#13617,#13619,.T.);
#13617 = VERTEX_POINT('',#13618);
#13618 = CARTESIAN_POINT('',(-19.54,-27.0826,1.6));
#13619 = CIRCLE('',#13620,0.4826);
#13620 = AXIS2_PLACEMENT_3D('',#13621,#13622,#13623);
#13621 = CARTESIAN_POINT('',(-19.54,-26.6,1.6));
#13622 = DIRECTION('',(-0.,0.,-1.));
#13623 = DIRECTION('',(-0.,-1.,0.));
#13624 = FACE_BOUND('',#13625,.F.);
#13625 = EDGE_LOOP('',(#13626));
#13626 = ORIENTED_EDGE('',*,*,#13627,.F.);
#13627 = EDGE_CURVE('',#13628,#13628,#13630,.T.);
#13628 = VERTEX_POINT('',#13629);
#13629 = CARTESIAN_POINT('',(-22.08,-27.0826,1.6));
#13630 = CIRCLE('',#13631,0.4826);
#13631 = AXIS2_PLACEMENT_3D('',#13632,#13633,#13634);
#13632 = CARTESIAN_POINT('',(-22.08,-26.6,1.6));
#13633 = DIRECTION('',(-0.,0.,-1.));
#13634 = DIRECTION('',(-0.,-1.,0.));
#13635 = FACE_BOUND('',#13636,.F.);
#13636 = EDGE_LOOP('',(#13637));
#13637 = ORIENTED_EDGE('',*,*,#13638,.F.);
#13638 = EDGE_CURVE('',#13639,#13639,#13641,.T.);
#13639 = VERTEX_POINT('',#13640);
#13640 = CARTESIAN_POINT('',(-17.,-24.5426,1.6));
#13641 = CIRCLE('',#13642,0.4826);
#13642 = AXIS2_PLACEMENT_3D('',#13643,#13644,#13645);
#13643 = CARTESIAN_POINT('',(-17.,-24.06,1.6));
#13644 = DIRECTION('',(-0.,0.,-1.));
#13645 = DIRECTION('',(-0.,-1.,0.));
#13646 = FACE_BOUND('',#13647,.F.);
#13647 = EDGE_LOOP('',(#13648));
#13648 = ORIENTED_EDGE('',*,*,#13649,.F.);
#13649 = EDGE_CURVE('',#13650,#13650,#13652,.T.);
#13650 = VERTEX_POINT('',#13651);
#13651 = CARTESIAN_POINT('',(-19.54,-24.5426,1.6));
#13652 = CIRCLE('',#13653,0.4826);
#13653 = AXIS2_PLACEMENT_3D('',#13654,#13655,#13656);
#13654 = CARTESIAN_POINT('',(-19.54,-24.06,1.6));
#13655 = DIRECTION('',(-0.,0.,-1.));
#13656 = DIRECTION('',(-0.,-1.,0.));
#13657 = FACE_BOUND('',#13658,.F.);
#13658 = EDGE_LOOP('',(#13659));
#13659 = ORIENTED_EDGE('',*,*,#13660,.F.);
#13660 = EDGE_CURVE('',#13661,#13661,#13663,.T.);
#13661 = VERTEX_POINT('',#13662);
#13662 = CARTESIAN_POINT('',(-22.08,-24.5426,1.6));
#13663 = CIRCLE('',#13664,0.4826);
#13664 = AXIS2_PLACEMENT_3D('',#13665,#13666,#13667);
#13665 = CARTESIAN_POINT('',(-22.08,-24.06,1.6));
#13666 = DIRECTION('',(-0.,0.,-1.));
#13667 = DIRECTION('',(-0.,-1.,0.));
#13668 = FACE_BOUND('',#13669,.F.);
#13669 = EDGE_LOOP('',(#13670));
#13670 = ORIENTED_EDGE('',*,*,#13671,.F.);
#13671 = EDGE_CURVE('',#13672,#13672,#13674,.T.);
#13672 = VERTEX_POINT('',#13673);
#13673 = CARTESIAN_POINT('',(-24.62,-27.0826,1.6));
#13674 = CIRCLE('',#13675,0.4826);
#13675 = AXIS2_PLACEMENT_3D('',#13676,#13677,#13678);
#13676 = CARTESIAN_POINT('',(-24.62,-26.6,1.6));
#13677 = DIRECTION('',(-0.,0.,-1.));
#13678 = DIRECTION('',(-7.361611435558E-15,-1.,0.));
#13679 = FACE_BOUND('',#13680,.F.);
#13680 = EDGE_LOOP('',(#13681));
#13681 = ORIENTED_EDGE('',*,*,#13682,.F.);
#13682 = EDGE_CURVE('',#13683,#13683,#13685,.T.);
#13683 = VERTEX_POINT('',#13684);
#13684 = CARTESIAN_POINT('',(-27.16,-27.0826,1.6));
#13685 = CIRCLE('',#13686,0.4826);
#13686 = AXIS2_PLACEMENT_3D('',#13687,#13688,#13689);
#13687 = CARTESIAN_POINT('',(-27.16,-26.6,1.6));
#13688 = DIRECTION('',(-0.,0.,-1.));
#13689 = DIRECTION('',(-0.,-1.,0.));
#13690 = FACE_BOUND('',#13691,.F.);
#13691 = EDGE_LOOP('',(#13692));
#13692 = ORIENTED_EDGE('',*,*,#13693,.F.);
#13693 = EDGE_CURVE('',#13694,#13694,#13696,.T.);
#13694 = VERTEX_POINT('',#13695);
#13695 = CARTESIAN_POINT('',(-24.62,-24.5426,1.6));
#13696 = CIRCLE('',#13697,0.4826);
#13697 = AXIS2_PLACEMENT_3D('',#13698,#13699,#13700);
#13698 = CARTESIAN_POINT('',(-24.62,-24.06,1.6));
#13699 = DIRECTION('',(-0.,0.,-1.));
#13700 = DIRECTION('',(-7.361611435558E-15,-1.,0.));
#13701 = FACE_BOUND('',#13702,.F.);
#13702 = EDGE_LOOP('',(#13703));
#13703 = ORIENTED_EDGE('',*,*,#13704,.F.);
#13704 = EDGE_CURVE('',#13705,#13705,#13707,.T.);
#13705 = VERTEX_POINT('',#13706);
#13706 = CARTESIAN_POINT('',(-27.16,-24.5426,1.6));
#13707 = CIRCLE('',#13708,0.4826);
#13708 = AXIS2_PLACEMENT_3D('',#13709,#13710,#13711);
#13709 = CARTESIAN_POINT('',(-27.16,-24.06,1.6));
#13710 = DIRECTION('',(-0.,0.,-1.));
#13711 = DIRECTION('',(-0.,-1.,0.));
#13712 = FACE_BOUND('',#13713,.F.);
#13713 = EDGE_LOOP('',(#13714));
#13714 = ORIENTED_EDGE('',*,*,#13715,.F.);
#13715 = EDGE_CURVE('',#13716,#13716,#13718,.T.);
#13716 = VERTEX_POINT('',#13717);
#13717 = CARTESIAN_POINT('',(-3.5,-14.85,1.6));
#13718 = CIRCLE('',#13719,1.35);
#13719 = AXIS2_PLACEMENT_3D('',#13720,#13721,#13722);
#13720 = CARTESIAN_POINT('',(-3.5,-13.5,1.6));
#13721 = DIRECTION('',(-0.,0.,-1.));
#13722 = DIRECTION('',(-0.,-1.,0.));
#13723 = FACE_BOUND('',#13724,.F.);
#13724 = EDGE_LOOP('',(#13725));
#13725 = ORIENTED_EDGE('',*,*,#13726,.F.);
#13726 = EDGE_CURVE('',#13727,#13727,#13729,.T.);
#13727 = VERTEX_POINT('',#13728);
#13728 = CARTESIAN_POINT('',(-3.76,-9.085,1.6));
#13729 = CIRCLE('',#13730,0.635);
#13730 = AXIS2_PLACEMENT_3D('',#13731,#13732,#13733);
#13731 = CARTESIAN_POINT('',(-3.76,-8.45,1.6));
#13732 = DIRECTION('',(-0.,0.,-1.));
#13733 = DIRECTION('',(-0.,-1.,0.));
#13734 = FACE_BOUND('',#13735,.F.);
#13735 = EDGE_LOOP('',(#13736));
#13736 = ORIENTED_EDGE('',*,*,#13737,.F.);
#13737 = EDGE_CURVE('',#13738,#13738,#13740,.T.);
#13738 = VERTEX_POINT('',#13739);
#13739 = CARTESIAN_POINT('',(-57.459999,-28.999995,1.6));
#13740 = CIRCLE('',#13741,1.4999995);
#13741 = AXIS2_PLACEMENT_3D('',#13742,#13743,#13744);
#13742 = CARTESIAN_POINT('',(-57.4599985,-27.4999955,1.6));
#13743 = DIRECTION('',(-0.,0.,-1.));
#13744 = DIRECTION('',(-3.333334483398E-07,-1.,0.));
#13745 = FACE_BOUND('',#13746,.F.);
#13746 = EDGE_LOOP('',(#13747));
#13747 = ORIENTED_EDGE('',*,*,#13748,.F.);
#13748 = EDGE_CURVE('',#13749,#13749,#13751,.T.);
#13749 = VERTEX_POINT('',#13750);
#13750 = CARTESIAN_POINT('',(-57.,-23.499998,1.6));
#13751 = CIRCLE('',#13752,0.7);
#13752 = AXIS2_PLACEMENT_3D('',#13753,#13754,#13755);
#13753 = CARTESIAN_POINT('',(-57.,-22.799998,1.6));
#13754 = DIRECTION('',(-0.,0.,-1.));
#13755 = DIRECTION('',(-0.,-1.,0.));
#13756 = FACE_BOUND('',#13757,.F.);
#13757 = EDGE_LOOP('',(#13758));
#13758 = ORIENTED_EDGE('',*,*,#13759,.F.);
#13759 = EDGE_CURVE('',#13760,#13760,#13762,.T.);
#13760 = VERTEX_POINT('',#13761);
#13761 = CARTESIAN_POINT('',(-62.499999,-23.499998,1.6));
#13762 = CIRCLE('',#13763,0.7);
#13763 = AXIS2_PLACEMENT_3D('',#13764,#13765,#13766);
#13764 = CARTESIAN_POINT('',(-62.499999,-22.799998,1.6));
#13765 = DIRECTION('',(-0.,0.,-1.));
#13766 = DIRECTION('',(-0.,-1.,0.));
#13767 = FACE_BOUND('',#13768,.F.);
#13768 = EDGE_LOOP('',(#13769));
#13769 = ORIENTED_EDGE('',*,*,#13770,.F.);
#13770 = EDGE_CURVE('',#13771,#13771,#13773,.T.);
#13771 = VERTEX_POINT('',#13772);
#13772 = CARTESIAN_POINT('',(-57.,-19.299999,1.6));
#13773 = CIRCLE('',#13774,0.7);
#13774 = AXIS2_PLACEMENT_3D('',#13775,#13776,#13777);
#13775 = CARTESIAN_POINT('',(-57.,-18.599999,1.6));
#13776 = DIRECTION('',(-0.,0.,-1.));
#13777 = DIRECTION('',(-0.,-1.,0.));
#13778 = FACE_BOUND('',#13779,.F.);
#13779 = EDGE_LOOP('',(#13780));
#13780 = ORIENTED_EDGE('',*,*,#13781,.F.);
#13781 = EDGE_CURVE('',#13782,#13782,#13784,.T.);
#13782 = VERTEX_POINT('',#13783);
#13783 = CARTESIAN_POINT('',(-62.499999,-19.299999,1.6));
#13784 = CIRCLE('',#13785,0.7);
#13785 = AXIS2_PLACEMENT_3D('',#13786,#13787,#13788);
#13786 = CARTESIAN_POINT('',(-62.499999,-18.599999,1.6));
#13787 = DIRECTION('',(-0.,0.,-1.));
#13788 = DIRECTION('',(-0.,-1.,0.));
#13789 = FACE_BOUND('',#13790,.F.);
#13790 = EDGE_LOOP('',(#13791));
#13791 = ORIENTED_EDGE('',*,*,#13792,.F.);
#13792 = EDGE_CURVE('',#13793,#13793,#13795,.T.);
#13793 = VERTEX_POINT('',#13794);
#13794 = CARTESIAN_POINT('',(-57.,-15.1,1.6));
#13795 = CIRCLE('',#13796,0.7);
#13796 = AXIS2_PLACEMENT_3D('',#13797,#13798,#13799);
#13797 = CARTESIAN_POINT('',(-57.,-14.4,1.6));
#13798 = DIRECTION('',(-0.,0.,-1.));
#13799 = DIRECTION('',(-0.,-1.,0.));
#13800 = FACE_BOUND('',#13801,.F.);
#13801 = EDGE_LOOP('',(#13802));
#13802 = ORIENTED_EDGE('',*,*,#13803,.F.);
#13803 = EDGE_CURVE('',#13804,#13804,#13806,.T.);
#13804 = VERTEX_POINT('',#13805);
#13805 = CARTESIAN_POINT('',(-62.499999,-15.1,1.6));
#13806 = CIRCLE('',#13807,0.7);
#13807 = AXIS2_PLACEMENT_3D('',#13808,#13809,#13810);
#13808 = CARTESIAN_POINT('',(-62.499999,-14.4,1.6));
#13809 = DIRECTION('',(-0.,0.,-1.));
#13810 = DIRECTION('',(-0.,-1.,0.));
#13811 = FACE_BOUND('',#13812,.F.);
#13812 = EDGE_LOOP('',(#13813));
#13813 = ORIENTED_EDGE('',*,*,#13814,.F.);
#13814 = EDGE_CURVE('',#13815,#13815,#13817,.T.);
#13815 = VERTEX_POINT('',#13816);
#13816 = CARTESIAN_POINT('',(-57.,-10.9,1.6));
#13817 = CIRCLE('',#13818,0.7);
#13818 = AXIS2_PLACEMENT_3D('',#13819,#13820,#13821);
#13819 = CARTESIAN_POINT('',(-57.,-10.2,1.6));
#13820 = DIRECTION('',(-0.,0.,-1.));
#13821 = DIRECTION('',(-0.,-1.,0.));
#13822 = FACE_BOUND('',#13823,.F.);
#13823 = EDGE_LOOP('',(#13824));
#13824 = ORIENTED_EDGE('',*,*,#13825,.F.);
#13825 = EDGE_CURVE('',#13826,#13826,#13828,.T.);
#13826 = VERTEX_POINT('',#13827);
#13827 = CARTESIAN_POINT('',(-62.499999,-10.9,1.6));
#13828 = CIRCLE('',#13829,0.7);
#13829 = AXIS2_PLACEMENT_3D('',#13830,#13831,#13832);
#13830 = CARTESIAN_POINT('',(-62.499999,-10.2,1.6));
#13831 = DIRECTION('',(-0.,0.,-1.));
#13832 = DIRECTION('',(-0.,-1.,0.));
#13833 = FACE_BOUND('',#13834,.F.);
#13834 = EDGE_LOOP('',(#13835));
#13835 = ORIENTED_EDGE('',*,*,#13836,.F.);
#13836 = EDGE_CURVE('',#13837,#13837,#13839,.T.);
#13837 = VERTEX_POINT('',#13838);
#13838 = CARTESIAN_POINT('',(-12.,-0.85,1.6));
#13839 = CIRCLE('',#13840,0.35);
#13840 = AXIS2_PLACEMENT_3D('',#13841,#13842,#13843);
#13841 = CARTESIAN_POINT('',(-12.,-0.5,1.6));
#13842 = DIRECTION('',(-0.,0.,-1.));
#13843 = DIRECTION('',(-0.,-1.,0.));
#13844 = FACE_BOUND('',#13845,.F.);
#13845 = EDGE_LOOP('',(#13846));
#13846 = ORIENTED_EDGE('',*,*,#13847,.F.);
#13847 = EDGE_CURVE('',#13848,#13848,#13850,.T.);
#13848 = VERTEX_POINT('',#13849);
#13849 = CARTESIAN_POINT('',(-12.,8.07,1.6));
#13850 = CIRCLE('',#13851,0.45);
#13851 = AXIS2_PLACEMENT_3D('',#13852,#13853,#13854);
#13852 = CARTESIAN_POINT('',(-12.,8.52,1.6));
#13853 = DIRECTION('',(-0.,0.,-1.));
#13854 = DIRECTION('',(-0.,-1.,0.));
#13855 = FACE_BOUND('',#13856,.F.);
#13856 = EDGE_LOOP('',(#13857));
#13857 = ORIENTED_EDGE('',*,*,#13858,.F.);
#13858 = EDGE_CURVE('',#13859,#13859,#13861,.T.);
#13859 = VERTEX_POINT('',#13860);
#13860 = CARTESIAN_POINT('',(-57.459999,-7.000039,1.6));
#13861 = CIRCLE('',#13862,1.4999995);
#13862 = AXIS2_PLACEMENT_3D('',#13863,#13864,#13865);
#13863 = CARTESIAN_POINT('',(-57.4599985,-5.5000395,1.6));
#13864 = DIRECTION('',(-0.,0.,-1.));
#13865 = DIRECTION('',(-3.333334483398E-07,-1.,0.));
#13866 = FACE_BOUND('',#13867,.F.);
#13867 = EDGE_LOOP('',(#13868));
#13868 = ORIENTED_EDGE('',*,*,#13869,.F.);
#13869 = EDGE_CURVE('',#13870,#13870,#13872,.T.);
#13870 = VERTEX_POINT('',#13871);
#13871 = CARTESIAN_POINT('',(-48.5,-0.85,1.6));
#13872 = CIRCLE('',#13873,1.85);
#13873 = AXIS2_PLACEMENT_3D('',#13874,#13875,#13876);
#13874 = CARTESIAN_POINT('',(-48.5,1.,1.6));
#13875 = DIRECTION('',(-0.,0.,-1.));
#13876 = DIRECTION('',(-0.,-1.,0.));
#13877 = FACE_BOUND('',#13878,.F.);
#13878 = EDGE_LOOP('',(#13879));
#13879 = ORIENTED_EDGE('',*,*,#13880,.F.);
#13880 = EDGE_CURVE('',#13881,#13881,#13883,.T.);
#13881 = VERTEX_POINT('',#13882);
#13882 = CARTESIAN_POINT('',(-57.459999,3.9,1.6));
#13883 = CIRCLE('',#13884,1.4999995);
#13884 = AXIS2_PLACEMENT_3D('',#13885,#13886,#13887);
#13885 = CARTESIAN_POINT('',(-57.4599985,5.3999995,1.6));
#13886 = DIRECTION('',(-0.,0.,-1.));
#13887 = DIRECTION('',(-3.333334483398E-07,-1.,0.));
#13888 = FACE_BOUND('',#13889,.F.);
#13889 = EDGE_LOOP('',(#13890));
#13890 = ORIENTED_EDGE('',*,*,#13891,.F.);
#13891 = EDGE_CURVE('',#13892,#13892,#13894,.T.);
#13892 = VERTEX_POINT('',#13893);
#13893 = CARTESIAN_POINT('',(-57.,9.399998,1.6));
#13894 = CIRCLE('',#13895,0.7);
#13895 = AXIS2_PLACEMENT_3D('',#13896,#13897,#13898);
#13896 = CARTESIAN_POINT('',(-57.,10.099998,1.6));
#13897 = DIRECTION('',(-0.,0.,-1.));
#13898 = DIRECTION('',(-0.,-1.,0.));
#13899 = FACE_BOUND('',#13900,.F.);
#13900 = EDGE_LOOP('',(#13901));
#13901 = ORIENTED_EDGE('',*,*,#13902,.F.);
#13902 = EDGE_CURVE('',#13903,#13903,#13905,.T.);
#13903 = VERTEX_POINT('',#13904);
#13904 = CARTESIAN_POINT('',(-62.499999,9.399998,1.6));
#13905 = CIRCLE('',#13906,0.7);
#13906 = AXIS2_PLACEMENT_3D('',#13907,#13908,#13909);
#13907 = CARTESIAN_POINT('',(-62.499999,10.099998,1.6));
#13908 = DIRECTION('',(-0.,0.,-1.));
#13909 = DIRECTION('',(-0.,-1.,0.));
#13910 = FACE_BOUND('',#13911,.F.);
#13911 = EDGE_LOOP('',(#13912));
#13912 = ORIENTED_EDGE('',*,*,#13913,.F.);
#13913 = EDGE_CURVE('',#13914,#13914,#13916,.T.);
#13914 = VERTEX_POINT('',#13915);
#13915 = CARTESIAN_POINT('',(-57.,13.599997,1.6));
#13916 = CIRCLE('',#13917,0.7);
#13917 = AXIS2_PLACEMENT_3D('',#13918,#13919,#13920);
#13918 = CARTESIAN_POINT('',(-57.,14.299997,1.6));
#13919 = DIRECTION('',(-0.,0.,-1.));
#13920 = DIRECTION('',(-0.,-1.,0.));
#13921 = FACE_BOUND('',#13922,.F.);
#13922 = EDGE_LOOP('',(#13923));
#13923 = ORIENTED_EDGE('',*,*,#13924,.F.);
#13924 = EDGE_CURVE('',#13925,#13925,#13927,.T.);
#13925 = VERTEX_POINT('',#13926);
#13926 = CARTESIAN_POINT('',(-62.499999,13.599997,1.6));
#13927 = CIRCLE('',#13928,0.7);
#13928 = AXIS2_PLACEMENT_3D('',#13929,#13930,#13931);
#13929 = CARTESIAN_POINT('',(-62.499999,14.299997,1.6));
#13930 = DIRECTION('',(-0.,0.,-1.));
#13931 = DIRECTION('',(-0.,-1.,0.));
#13932 = FACE_BOUND('',#13933,.F.);
#13933 = EDGE_LOOP('',(#13934));
#13934 = ORIENTED_EDGE('',*,*,#13935,.F.);
#13935 = EDGE_CURVE('',#13936,#13936,#13938,.T.);
#13936 = VERTEX_POINT('',#13937);
#13937 = CARTESIAN_POINT('',(62.54,17.899959,1.6));
#13938 = CIRCLE('',#13939,0.7);
#13939 = AXIS2_PLACEMENT_3D('',#13940,#13941,#13942);
#13940 = CARTESIAN_POINT('',(62.54,18.599959,1.6));
#13941 = DIRECTION('',(-0.,0.,-1.));
#13942 = DIRECTION('',(-1.015061051086E-14,-1.,0.));
#13943 = FACE_BOUND('',#13944,.F.);
#13944 = EDGE_LOOP('',(#13945));
#13945 = ORIENTED_EDGE('',*,*,#13946,.F.);
#13946 = EDGE_CURVE('',#13947,#13947,#13949,.T.);
#13947 = VERTEX_POINT('',#13948);
#13948 = CARTESIAN_POINT('',(57.040001,17.899959,1.6));
#13949 = CIRCLE('',#13950,0.7);
#13950 = AXIS2_PLACEMENT_3D('',#13951,#13952,#13953);
#13951 = CARTESIAN_POINT('',(57.040001,18.599959,1.6));
#13952 = DIRECTION('',(-0.,0.,-1.));
#13953 = DIRECTION('',(-1.015061051086E-14,-1.,0.));
#13954 = FACE_BOUND('',#13955,.F.);
#13955 = EDGE_LOOP('',(#13956));
#13956 = ORIENTED_EDGE('',*,*,#13957,.F.);
#13957 = EDGE_CURVE('',#13958,#13958,#13960,.T.);
#13958 = VERTEX_POINT('',#13959);
#13959 = CARTESIAN_POINT('',(62.54,22.099958,1.6));
#13960 = CIRCLE('',#13961,0.7);
#13961 = AXIS2_PLACEMENT_3D('',#13962,#13963,#13964);
#13962 = CARTESIAN_POINT('',(62.54,22.799958,1.6));
#13963 = DIRECTION('',(-0.,0.,-1.));
#13964 = DIRECTION('',(-1.015061051086E-14,-1.,0.));
#13965 = FACE_BOUND('',#13966,.F.);
#13966 = EDGE_LOOP('',(#13967));
#13967 = ORIENTED_EDGE('',*,*,#13968,.F.);
#13968 = EDGE_CURVE('',#13969,#13969,#13971,.T.);
#13969 = VERTEX_POINT('',#13970);
#13970 = CARTESIAN_POINT('',(57.040001,22.099958,1.6));
#13971 = CIRCLE('',#13972,0.7);
#13972 = AXIS2_PLACEMENT_3D('',#13973,#13974,#13975);
#13973 = CARTESIAN_POINT('',(57.040001,22.799958,1.6));
#13974 = DIRECTION('',(-0.,0.,-1.));
#13975 = DIRECTION('',(-1.015061051086E-14,-1.,0.));
#13976 = FACE_BOUND('',#13977,.F.);
#13977 = EDGE_LOOP('',(#13978));
#13978 = ORIENTED_EDGE('',*,*,#13979,.F.);
#13979 = EDGE_CURVE('',#13980,#13980,#13982,.T.);
#13980 = VERTEX_POINT('',#13981);
#13981 = CARTESIAN_POINT('',(57.5,25.999956,1.6));
#13982 = CIRCLE('',#13983,1.4999995);
#13983 = AXIS2_PLACEMENT_3D('',#13984,#13985,#13986);
#13984 = CARTESIAN_POINT('',(57.4999995,27.4999555,1.6));
#13985 = DIRECTION('',(-0.,0.,-1.));
#13986 = DIRECTION('',(3.333334436029E-07,-1.,-0.));
#13987 = FACE_BOUND('',#13988,.F.);
#13988 = EDGE_LOOP('',(#13989));
#13989 = ORIENTED_EDGE('',*,*,#13990,.F.);
#13990 = EDGE_CURVE('',#13991,#13991,#13993,.T.);
#13991 = VERTEX_POINT('',#13992);
#13992 = CARTESIAN_POINT('',(61.5,35.5174,1.6));
#13993 = CIRCLE('',#13994,0.4826);
#13994 = AXIS2_PLACEMENT_3D('',#13995,#13996,#13997);
#13995 = CARTESIAN_POINT('',(61.5,36.,1.6));
#13996 = DIRECTION('',(-0.,0.,-1.));
#13997 = DIRECTION('',(-0.,-1.,0.));
#13998 = FACE_BOUND('',#13999,.F.);
#13999 = EDGE_LOOP('',(#14000));
#14000 = ORIENTED_EDGE('',*,*,#14001,.F.);
#14001 = EDGE_CURVE('',#14002,#14002,#14004,.T.);
#14002 = VERTEX_POINT('',#14003);
#14003 = CARTESIAN_POINT('',(58.96,35.5174,1.6));
#14004 = CIRCLE('',#14005,0.4826);
#14005 = AXIS2_PLACEMENT_3D('',#14006,#14007,#14008);
#14006 = CARTESIAN_POINT('',(58.96,36.,1.6));
#14007 = DIRECTION('',(-0.,0.,-1.));
#14008 = DIRECTION('',(-0.,-1.,0.));
#14009 = FACE_BOUND('',#14010,.F.);
#14010 = EDGE_LOOP('',(#14011));
#14011 = ORIENTED_EDGE('',*,*,#14012,.F.);
#14012 = EDGE_CURVE('',#14013,#14013,#14015,.T.);
#14013 = VERTEX_POINT('',#14014);
#14014 = CARTESIAN_POINT('',(61.5,38.0574,1.6));
#14015 = CIRCLE('',#14016,0.4826);
#14016 = AXIS2_PLACEMENT_3D('',#14017,#14018,#14019);
#14017 = CARTESIAN_POINT('',(61.5,38.54,1.6));
#14018 = DIRECTION('',(-0.,0.,-1.));
#14019 = DIRECTION('',(-0.,-1.,0.));
#14020 = FACE_BOUND('',#14021,.F.);
#14021 = EDGE_LOOP('',(#14022));
#14022 = ORIENTED_EDGE('',*,*,#14023,.F.);
#14023 = EDGE_CURVE('',#14024,#14024,#14026,.T.);
#14024 = VERTEX_POINT('',#14025);
#14025 = CARTESIAN_POINT('',(61.5,40.5974,1.6));
#14026 = CIRCLE('',#14027,0.4826);
#14027 = AXIS2_PLACEMENT_3D('',#14028,#14029,#14030);
#14028 = CARTESIAN_POINT('',(61.5,41.08,1.6));
#14029 = DIRECTION('',(-0.,0.,-1.));
#14030 = DIRECTION('',(-0.,-1.,0.));
#14031 = FACE_BOUND('',#14032,.F.);
#14032 = EDGE_LOOP('',(#14033));
#14033 = ORIENTED_EDGE('',*,*,#14034,.F.);
#14034 = EDGE_CURVE('',#14035,#14035,#14037,.T.);
#14035 = VERTEX_POINT('',#14036);
#14036 = CARTESIAN_POINT('',(58.96,38.0574,1.6));
#14037 = CIRCLE('',#14038,0.4826);
#14038 = AXIS2_PLACEMENT_3D('',#14039,#14040,#14041);
#14039 = CARTESIAN_POINT('',(58.96,38.54,1.6));
#14040 = DIRECTION('',(-0.,0.,-1.));
#14041 = DIRECTION('',(-0.,-1.,0.));
#14042 = FACE_BOUND('',#14043,.F.);
#14043 = EDGE_LOOP('',(#14044));
#14044 = ORIENTED_EDGE('',*,*,#14045,.F.);
#14045 = EDGE_CURVE('',#14046,#14046,#14048,.T.);
#14046 = VERTEX_POINT('',#14047);
#14047 = CARTESIAN_POINT('',(58.96,40.5974,1.6));
#14048 = CIRCLE('',#14049,0.4826);
#14049 = AXIS2_PLACEMENT_3D('',#14050,#14051,#14052);
#14050 = CARTESIAN_POINT('',(58.96,41.08,1.6));
#14051 = DIRECTION('',(-0.,0.,-1.));
#14052 = DIRECTION('',(-0.,-1.,0.));
#14053 = FACE_BOUND('',#14054,.F.);
#14054 = EDGE_LOOP('',(#14055));
#14055 = ORIENTED_EDGE('',*,*,#14056,.F.);
#14056 = EDGE_CURVE('',#14057,#14057,#14059,.T.);
#14057 = VERTEX_POINT('',#14058);
#14058 = CARTESIAN_POINT('',(61.5,43.1374,1.6));
#14059 = CIRCLE('',#14060,0.4826);
#14060 = AXIS2_PLACEMENT_3D('',#14061,#14062,#14063);
#14061 = CARTESIAN_POINT('',(61.5,43.62,1.6));
#14062 = DIRECTION('',(-0.,0.,-1.));
#14063 = DIRECTION('',(-0.,-1.,0.));
#14064 = FACE_BOUND('',#14065,.F.);
#14065 = EDGE_LOOP('',(#14066));
#14066 = ORIENTED_EDGE('',*,*,#14067,.F.);
#14067 = EDGE_CURVE('',#14068,#14068,#14070,.T.);
#14068 = VERTEX_POINT('',#14069);
#14069 = CARTESIAN_POINT('',(58.96,43.1374,1.6));
#14070 = CIRCLE('',#14071,0.4826);
#14071 = AXIS2_PLACEMENT_3D('',#14072,#14073,#14074);
#14072 = CARTESIAN_POINT('',(58.96,43.62,1.6));
#14073 = DIRECTION('',(-0.,0.,-1.));
#14074 = DIRECTION('',(-0.,-1.,0.));
#14075 = FACE_BOUND('',#14076,.F.);
#14076 = EDGE_LOOP('',(#14077));
#14077 = ORIENTED_EDGE('',*,*,#14078,.F.);
#14078 = EDGE_CURVE('',#14079,#14079,#14081,.T.);
#14079 = VERTEX_POINT('',#14080);
#14080 = CARTESIAN_POINT('',(61.5,45.6774,1.6));
#14081 = CIRCLE('',#14082,0.4826);
#14082 = AXIS2_PLACEMENT_3D('',#14083,#14084,#14085);
#14083 = CARTESIAN_POINT('',(61.5,46.16,1.6));
#14084 = DIRECTION('',(-0.,0.,-1.));
#14085 = DIRECTION('',(-0.,-1.,0.));
#14086 = FACE_BOUND('',#14087,.F.);
#14087 = EDGE_LOOP('',(#14088));
#14088 = ORIENTED_EDGE('',*,*,#14089,.F.);
#14089 = EDGE_CURVE('',#14090,#14090,#14092,.T.);
#14090 = VERTEX_POINT('',#14091);
#14091 = CARTESIAN_POINT('',(58.96,45.6774,1.6));
#14092 = CIRCLE('',#14093,0.4826);
#14093 = AXIS2_PLACEMENT_3D('',#14094,#14095,#14096);
#14094 = CARTESIAN_POINT('',(58.96,46.16,1.6));
#14095 = DIRECTION('',(-0.,0.,-1.));
#14096 = DIRECTION('',(-0.,-1.,0.));
#14097 = FACE_BOUND('',#14098,.F.);
#14098 = EDGE_LOOP('',(#14099));
#14099 = ORIENTED_EDGE('',*,*,#14100,.F.);
#14100 = EDGE_CURVE('',#14101,#14101,#14103,.T.);
#14101 = VERTEX_POINT('',#14102);
#14102 = CARTESIAN_POINT('',(47.,46.56,1.6));
#14103 = CIRCLE('',#14104,0.5);
#14104 = AXIS2_PLACEMENT_3D('',#14105,#14106,#14107);
#14105 = CARTESIAN_POINT('',(47.,47.06,1.6));
#14106 = DIRECTION('',(-0.,0.,-1.));
#14107 = DIRECTION('',(-0.,-1.,0.));
#14108 = FACE_BOUND('',#14109,.F.);
#14109 = EDGE_LOOP('',(#14110));
#14110 = ORIENTED_EDGE('',*,*,#14111,.F.);
#14111 = EDGE_CURVE('',#14112,#14112,#14114,.T.);
#14112 = VERTEX_POINT('',#14113);
#14113 = CARTESIAN_POINT('',(47.,49.1,1.6));
#14114 = CIRCLE('',#14115,0.5);
#14115 = AXIS2_PLACEMENT_3D('',#14116,#14117,#14118);
#14116 = CARTESIAN_POINT('',(47.,49.6,1.6));
#14117 = DIRECTION('',(-0.,0.,-1.));
#14118 = DIRECTION('',(-0.,-1.,0.));
#14119 = FACE_BOUND('',#14120,.F.);
#14120 = EDGE_LOOP('',(#14121));
#14121 = ORIENTED_EDGE('',*,*,#14122,.F.);
#14122 = EDGE_CURVE('',#14123,#14123,#14125,.T.);
#14123 = VERTEX_POINT('',#14124);
#14124 = CARTESIAN_POINT('',(43.2,46.585,1.6));
#14125 = CIRCLE('',#14126,0.5);
#14126 = AXIS2_PLACEMENT_3D('',#14127,#14128,#14129);
#14127 = CARTESIAN_POINT('',(43.2,47.085,1.6));
#14128 = DIRECTION('',(-0.,0.,-1.));
#14129 = DIRECTION('',(-0.,-1.,0.));
#14130 = FACE_BOUND('',#14131,.F.);
#14131 = EDGE_LOOP('',(#14132));
#14132 = ORIENTED_EDGE('',*,*,#14133,.F.);
#14133 = EDGE_CURVE('',#14134,#14134,#14136,.T.);
#14134 = VERTEX_POINT('',#14135);
#14135 = CARTESIAN_POINT('',(43.2,49.125,1.6));
#14136 = CIRCLE('',#14137,0.5);
#14137 = AXIS2_PLACEMENT_3D('',#14138,#14139,#14140);
#14138 = CARTESIAN_POINT('',(43.2,49.625,1.6));
#14139 = DIRECTION('',(-0.,0.,-1.));
#14140 = DIRECTION('',(-0.,-1.,0.));
#14141 = FACE_BOUND('',#14142,.F.);
#14142 = EDGE_LOOP('',(#14143));
#14143 = ORIENTED_EDGE('',*,*,#14144,.F.);
#14144 = EDGE_CURVE('',#14145,#14145,#14147,.T.);
#14145 = VERTEX_POINT('',#14146);
#14146 = CARTESIAN_POINT('',(39.4,46.585,1.6));
#14147 = CIRCLE('',#14148,0.5);
#14148 = AXIS2_PLACEMENT_3D('',#14149,#14150,#14151);
#14149 = CARTESIAN_POINT('',(39.4,47.085,1.6));
#14150 = DIRECTION('',(-0.,0.,-1.));
#14151 = DIRECTION('',(-0.,-1.,0.));
#14152 = FACE_BOUND('',#14153,.F.);
#14153 = EDGE_LOOP('',(#14154));
#14154 = ORIENTED_EDGE('',*,*,#14155,.F.);
#14155 = EDGE_CURVE('',#14156,#14156,#14158,.T.);
#14156 = VERTEX_POINT('',#14157);
#14157 = CARTESIAN_POINT('',(35.6,46.585,1.6));
#14158 = CIRCLE('',#14159,0.5);
#14159 = AXIS2_PLACEMENT_3D('',#14160,#14161,#14162);
#14160 = CARTESIAN_POINT('',(35.6,47.085,1.6));
#14161 = DIRECTION('',(-0.,0.,-1.));
#14162 = DIRECTION('',(-0.,-1.,0.));
#14163 = FACE_BOUND('',#14164,.F.);
#14164 = EDGE_LOOP('',(#14165));
#14165 = ORIENTED_EDGE('',*,*,#14166,.F.);
#14166 = EDGE_CURVE('',#14167,#14167,#14169,.T.);
#14167 = VERTEX_POINT('',#14168);
#14168 = CARTESIAN_POINT('',(39.4,49.125,1.6));
#14169 = CIRCLE('',#14170,0.5);
#14170 = AXIS2_PLACEMENT_3D('',#14171,#14172,#14173);
#14171 = CARTESIAN_POINT('',(39.4,49.625,1.6));
#14172 = DIRECTION('',(-0.,0.,-1.));
#14173 = DIRECTION('',(-0.,-1.,0.));
#14174 = FACE_BOUND('',#14175,.F.);
#14175 = EDGE_LOOP('',(#14176));
#14176 = ORIENTED_EDGE('',*,*,#14177,.F.);
#14177 = EDGE_CURVE('',#14178,#14178,#14180,.T.);
#14178 = VERTEX_POINT('',#14179);
#14179 = CARTESIAN_POINT('',(35.6,49.125,1.6));
#14180 = CIRCLE('',#14181,0.5);
#14181 = AXIS2_PLACEMENT_3D('',#14182,#14183,#14184);
#14182 = CARTESIAN_POINT('',(35.6,49.625,1.6));
#14183 = DIRECTION('',(-0.,0.,-1.));
#14184 = DIRECTION('',(-0.,-1.,0.));
#14185 = FACE_BOUND('',#14186,.F.);
#14186 = EDGE_LOOP('',(#14187));
#14187 = ORIENTED_EDGE('',*,*,#14188,.F.);
#14188 = EDGE_CURVE('',#14189,#14189,#14191,.T.);
#14189 = VERTEX_POINT('',#14190);
#14190 = CARTESIAN_POINT('',(31.8,46.585,1.6));
#14191 = CIRCLE('',#14192,0.5);
#14192 = AXIS2_PLACEMENT_3D('',#14193,#14194,#14195);
#14193 = CARTESIAN_POINT('',(31.8,47.085,1.6));
#14194 = DIRECTION('',(-0.,0.,-1.));
#14195 = DIRECTION('',(7.105427357601E-15,-1.,-0.));
#14196 = FACE_BOUND('',#14197,.F.);
#14197 = EDGE_LOOP('',(#14198));
#14198 = ORIENTED_EDGE('',*,*,#14199,.F.);
#14199 = EDGE_CURVE('',#14200,#14200,#14202,.T.);
#14200 = VERTEX_POINT('',#14201);
#14201 = CARTESIAN_POINT('',(31.8,49.125,1.6));
#14202 = CIRCLE('',#14203,0.5);
#14203 = AXIS2_PLACEMENT_3D('',#14204,#14205,#14206);
#14204 = CARTESIAN_POINT('',(31.8,49.625,1.6));
#14205 = DIRECTION('',(-0.,0.,-1.));
#14206 = DIRECTION('',(7.105427357601E-15,-1.,-0.));
#14207 = FACE_BOUND('',#14208,.F.);
#14208 = EDGE_LOOP('',(#14209));
#14209 = ORIENTED_EDGE('',*,*,#14210,.F.);
#14210 = EDGE_CURVE('',#14211,#14211,#14213,.T.);
#14211 = VERTEX_POINT('',#14212);
#14212 = CARTESIAN_POINT('',(57.,55.15,1.6));
#14213 = CIRCLE('',#14214,1.85);
#14214 = AXIS2_PLACEMENT_3D('',#14215,#14216,#14217);
#14215 = CARTESIAN_POINT('',(57.,57.,1.6));
#14216 = DIRECTION('',(-0.,0.,-1.));
#14217 = DIRECTION('',(-0.,-1.,0.));
#14218 = FACE_BOUND('',#14219,.F.);
#14219 = EDGE_LOOP('',(#14220));
#14220 = ORIENTED_EDGE('',*,*,#14221,.F.);
#14221 = EDGE_CURVE('',#14222,#14222,#14224,.T.);
#14222 = VERTEX_POINT('',#14223);
#14223 = CARTESIAN_POINT('',(44.9,55.65,1.6));
#14224 = CIRCLE('',#14225,0.75);
#14225 = AXIS2_PLACEMENT_3D('',#14226,#14227,#14228);
#14226 = CARTESIAN_POINT('',(44.9,56.4,1.6));
#14227 = DIRECTION('',(-0.,0.,-1.));
#14228 = DIRECTION('',(-0.,-1.,0.));
#14229 = FACE_BOUND('',#14230,.F.);
#14230 = EDGE_LOOP('',(#14231));
#14231 = ORIENTED_EDGE('',*,*,#14232,.F.);
#14232 = EDGE_CURVE('',#14233,#14233,#14235,.T.);
#14233 = VERTEX_POINT('',#14234);
#14234 = CARTESIAN_POINT('',(38.65,53.4,1.6));
#14235 = CIRCLE('',#14236,1.);
#14236 = AXIS2_PLACEMENT_3D('',#14237,#14238,#14239);
#14237 = CARTESIAN_POINT('',(38.65,54.4,1.6));
#14238 = DIRECTION('',(-0.,0.,-1.));
#14239 = DIRECTION('',(-0.,-1.,0.));
#14240 = FACE_BOUND('',#14241,.F.);
#14241 = EDGE_LOOP('',(#14242));
#14242 = ORIENTED_EDGE('',*,*,#14243,.F.);
#14243 = EDGE_CURVE('',#14244,#14244,#14246,.T.);
#14244 = VERTEX_POINT('',#14245);
#14245 = CARTESIAN_POINT('',(32.4,55.65,1.6));
#14246 = CIRCLE('',#14247,0.75);
#14247 = AXIS2_PLACEMENT_3D('',#14248,#14249,#14250);
#14248 = CARTESIAN_POINT('',(32.4,56.4,1.6));
#14249 = DIRECTION('',(-0.,0.,-1.));
#14250 = DIRECTION('',(-0.,-1.,0.));
#14251 = FACE_BOUND('',#14252,.F.);
#14252 = EDGE_LOOP('',(#14253));
#14253 = ORIENTED_EDGE('',*,*,#14254,.F.);
#14254 = EDGE_CURVE('',#14255,#14255,#14257,.T.);
#14255 = VERTEX_POINT('',#14256);
#14256 = CARTESIAN_POINT('',(44.9,60.65,1.6));
#14257 = CIRCLE('',#14258,0.75);
#14258 = AXIS2_PLACEMENT_3D('',#14259,#14260,#14261);
#14259 = CARTESIAN_POINT('',(44.9,61.4,1.6));
#14260 = DIRECTION('',(-0.,0.,-1.));
#14261 = DIRECTION('',(-0.,-1.,0.));
#14262 = FACE_BOUND('',#14263,.F.);
#14263 = EDGE_LOOP('',(#14264));
#14264 = ORIENTED_EDGE('',*,*,#14265,.F.);
#14265 = EDGE_CURVE('',#14266,#14266,#14268,.T.);
#14266 = VERTEX_POINT('',#14267);
#14267 = CARTESIAN_POINT('',(32.4,60.65,1.6));
#14268 = CIRCLE('',#14269,0.75);
#14269 = AXIS2_PLACEMENT_3D('',#14270,#14271,#14272);
#14270 = CARTESIAN_POINT('',(32.4,61.4,1.6));
#14271 = DIRECTION('',(-0.,0.,-1.));
#14272 = DIRECTION('',(-0.,-1.,0.));
#14273 = FACE_BOUND('',#14274,.F.);
#14274 = EDGE_LOOP('',(#14275));
#14275 = ORIENTED_EDGE('',*,*,#14276,.F.);
#14276 = EDGE_CURVE('',#14277,#14277,#14279,.T.);
#14277 = VERTEX_POINT('',#14278);
#14278 = CARTESIAN_POINT('',(38.65,62.4,1.6));
#14279 = CIRCLE('',#14280,1.);
#14280 = AXIS2_PLACEMENT_3D('',#14281,#14282,#14283);
#14281 = CARTESIAN_POINT('',(38.65,63.4,1.6));
#14282 = DIRECTION('',(-0.,0.,-1.));
#14283 = DIRECTION('',(-0.,-1.,0.));
#14284 = FACE_BOUND('',#14285,.F.);
#14285 = EDGE_LOOP('',(#14286));
#14286 = ORIENTED_EDGE('',*,*,#14287,.F.);
#14287 = EDGE_CURVE('',#14288,#14288,#14290,.T.);
#14288 = VERTEX_POINT('',#14289);
#14289 = CARTESIAN_POINT('',(21.01,46.65,1.6));
#14290 = CIRCLE('',#14291,0.35);
#14291 = AXIS2_PLACEMENT_3D('',#14292,#14293,#14294);
#14292 = CARTESIAN_POINT('',(21.01,47.,1.6));
#14293 = DIRECTION('',(-0.,0.,-1.));
#14294 = DIRECTION('',(1.015061051086E-14,-1.,-0.));
#14295 = FACE_BOUND('',#14296,.F.);
#14296 = EDGE_LOOP('',(#14297));
#14297 = ORIENTED_EDGE('',*,*,#14298,.F.);
#14298 = EDGE_CURVE('',#14299,#14299,#14301,.T.);
#14299 = VERTEX_POINT('',#14300);
#14300 = CARTESIAN_POINT('',(28.,46.61,1.6));
#14301 = CIRCLE('',#14302,0.5);
#14302 = AXIS2_PLACEMENT_3D('',#14303,#14304,#14305);
#14303 = CARTESIAN_POINT('',(28.,47.11,1.6));
#14304 = DIRECTION('',(-0.,0.,-1.));
#14305 = DIRECTION('',(-0.,-1.,0.));
#14306 = FACE_BOUND('',#14307,.F.);
#14307 = EDGE_LOOP('',(#14308));
#14308 = ORIENTED_EDGE('',*,*,#14309,.F.);
#14309 = EDGE_CURVE('',#14310,#14310,#14312,.T.);
#14310 = VERTEX_POINT('',#14311);
#14311 = CARTESIAN_POINT('',(28.,49.15,1.6));
#14312 = CIRCLE('',#14313,0.5);
#14313 = AXIS2_PLACEMENT_3D('',#14314,#14315,#14316);
#14314 = CARTESIAN_POINT('',(28.,49.65,1.6));
#14315 = DIRECTION('',(-0.,0.,-1.));
#14316 = DIRECTION('',(-0.,-1.,0.));
#14317 = FACE_BOUND('',#14318,.F.);
#14318 = EDGE_LOOP('',(#14319));
#14319 = ORIENTED_EDGE('',*,*,#14320,.F.);
#14320 = EDGE_CURVE('',#14321,#14321,#14323,.T.);
#14321 = VERTEX_POINT('',#14322);
#14322 = CARTESIAN_POINT('',(11.99,46.55,1.6));
#14323 = CIRCLE('',#14324,0.45);
#14324 = AXIS2_PLACEMENT_3D('',#14325,#14326,#14327);
#14325 = CARTESIAN_POINT('',(11.99,47.,1.6));
#14326 = DIRECTION('',(-0.,0.,-1.));
#14327 = DIRECTION('',(3.947459643112E-15,-1.,-0.));
#14328 = FACE_BOUND('',#14329,.F.);
#14329 = EDGE_LOOP('',(#14330));
#14330 = ORIENTED_EDGE('',*,*,#14331,.F.);
#14331 = EDGE_CURVE('',#14332,#14332,#14334,.T.);
#14332 = VERTEX_POINT('',#14333);
#14333 = CARTESIAN_POINT('',(-57.,17.799996,1.6));
#14334 = CIRCLE('',#14335,0.7);
#14335 = AXIS2_PLACEMENT_3D('',#14336,#14337,#14338);
#14336 = CARTESIAN_POINT('',(-57.,18.499996,1.6));
#14337 = DIRECTION('',(-0.,0.,-1.));
#14338 = DIRECTION('',(-0.,-1.,0.));
#14339 = FACE_BOUND('',#14340,.F.);
#14340 = EDGE_LOOP('',(#14341));
#14341 = ORIENTED_EDGE('',*,*,#14342,.F.);
#14342 = EDGE_CURVE('',#14343,#14343,#14345,.T.);
#14343 = VERTEX_POINT('',#14344);
#14344 = CARTESIAN_POINT('',(-62.499999,17.799996,1.6));
#14345 = CIRCLE('',#14346,0.7);
#14346 = AXIS2_PLACEMENT_3D('',#14347,#14348,#14349);
#14347 = CARTESIAN_POINT('',(-62.499999,18.499996,1.6));
#14348 = DIRECTION('',(-0.,0.,-1.));
#14349 = DIRECTION('',(-0.,-1.,0.));
#14350 = FACE_BOUND('',#14351,.F.);
#14351 = EDGE_LOOP('',(#14352));
#14352 = ORIENTED_EDGE('',*,*,#14353,.F.);
#14353 = EDGE_CURVE('',#14354,#14354,#14356,.T.);
#14354 = VERTEX_POINT('',#14355);
#14355 = CARTESIAN_POINT('',(-57.,21.999996,1.6));
#14356 = CIRCLE('',#14357,0.7);
#14357 = AXIS2_PLACEMENT_3D('',#14358,#14359,#14360);
#14358 = CARTESIAN_POINT('',(-57.,22.699996,1.6));
#14359 = DIRECTION('',(-0.,0.,-1.));
#14360 = DIRECTION('',(-0.,-1.,0.));
#14361 = FACE_BOUND('',#14362,.F.);
#14362 = EDGE_LOOP('',(#14363));
#14363 = ORIENTED_EDGE('',*,*,#14364,.F.);
#14364 = EDGE_CURVE('',#14365,#14365,#14367,.T.);
#14365 = VERTEX_POINT('',#14366);
#14366 = CARTESIAN_POINT('',(-62.499999,21.999996,1.6));
#14367 = CIRCLE('',#14368,0.7);
#14368 = AXIS2_PLACEMENT_3D('',#14369,#14370,#14371);
#14369 = CARTESIAN_POINT('',(-62.499999,22.699996,1.6));
#14370 = DIRECTION('',(-0.,0.,-1.));
#14371 = DIRECTION('',(-0.,-1.,0.));
#14372 = FACE_BOUND('',#14373,.F.);
#14373 = EDGE_LOOP('',(#14374));
#14374 = ORIENTED_EDGE('',*,*,#14375,.F.);
#14375 = EDGE_CURVE('',#14376,#14376,#14378,.T.);
#14376 = VERTEX_POINT('',#14377);
#14377 = CARTESIAN_POINT('',(-57.459999,25.899956,1.6));
#14378 = CIRCLE('',#14379,1.4999995);
#14379 = AXIS2_PLACEMENT_3D('',#14380,#14381,#14382);
#14380 = CARTESIAN_POINT('',(-57.4599985,27.3999555,1.6));
#14381 = DIRECTION('',(-0.,0.,-1.));
#14382 = DIRECTION('',(-3.333334483398E-07,-1.,0.));
#14383 = FACE_BOUND('',#14384,.F.);
#14384 = EDGE_LOOP('',(#14385));
#14385 = ORIENTED_EDGE('',*,*,#14386,.F.);
#14386 = EDGE_CURVE('',#14387,#14387,#14389,.T.);
#14387 = VERTEX_POINT('',#14388);
#14388 = CARTESIAN_POINT('',(-59.,35.5174,1.6));
#14389 = CIRCLE('',#14390,0.4826);
#14390 = AXIS2_PLACEMENT_3D('',#14391,#14392,#14393);
#14391 = CARTESIAN_POINT('',(-59.,36.,1.6));
#14392 = DIRECTION('',(-0.,0.,-1.));
#14393 = DIRECTION('',(-0.,-1.,0.));
#14394 = FACE_BOUND('',#14395,.F.);
#14395 = EDGE_LOOP('',(#14396));
#14396 = ORIENTED_EDGE('',*,*,#14397,.F.);
#14397 = EDGE_CURVE('',#14398,#14398,#14400,.T.);
#14398 = VERTEX_POINT('',#14399);
#14399 = CARTESIAN_POINT('',(-61.54,35.5174,1.6));
#14400 = CIRCLE('',#14401,0.4826);
#14401 = AXIS2_PLACEMENT_3D('',#14402,#14403,#14404);
#14402 = CARTESIAN_POINT('',(-61.54,36.,1.6));
#14403 = DIRECTION('',(-0.,0.,-1.));
#14404 = DIRECTION('',(-0.,-1.,0.));
#14405 = FACE_BOUND('',#14406,.F.);
#14406 = EDGE_LOOP('',(#14407));
#14407 = ORIENTED_EDGE('',*,*,#14408,.F.);
#14408 = EDGE_CURVE('',#14409,#14409,#14411,.T.);
#14409 = VERTEX_POINT('',#14410);
#14410 = CARTESIAN_POINT('',(-59.,38.0574,1.6));
#14411 = CIRCLE('',#14412,0.4826);
#14412 = AXIS2_PLACEMENT_3D('',#14413,#14414,#14415);
#14413 = CARTESIAN_POINT('',(-59.,38.54,1.6));
#14414 = DIRECTION('',(-0.,0.,-1.));
#14415 = DIRECTION('',(-0.,-1.,0.));
#14416 = FACE_BOUND('',#14417,.F.);
#14417 = EDGE_LOOP('',(#14418));
#14418 = ORIENTED_EDGE('',*,*,#14419,.F.);
#14419 = EDGE_CURVE('',#14420,#14420,#14422,.T.);
#14420 = VERTEX_POINT('',#14421);
#14421 = CARTESIAN_POINT('',(-59.,40.5974,1.6));
#14422 = CIRCLE('',#14423,0.4826);
#14423 = AXIS2_PLACEMENT_3D('',#14424,#14425,#14426);
#14424 = CARTESIAN_POINT('',(-59.,41.08,1.6));
#14425 = DIRECTION('',(-0.,0.,-1.));
#14426 = DIRECTION('',(-0.,-1.,0.));
#14427 = FACE_BOUND('',#14428,.F.);
#14428 = EDGE_LOOP('',(#14429));
#14429 = ORIENTED_EDGE('',*,*,#14430,.F.);
#14430 = EDGE_CURVE('',#14431,#14431,#14433,.T.);
#14431 = VERTEX_POINT('',#14432);
#14432 = CARTESIAN_POINT('',(-61.54,38.0574,1.6));
#14433 = CIRCLE('',#14434,0.4826);
#14434 = AXIS2_PLACEMENT_3D('',#14435,#14436,#14437);
#14435 = CARTESIAN_POINT('',(-61.54,38.54,1.6));
#14436 = DIRECTION('',(-0.,0.,-1.));
#14437 = DIRECTION('',(-0.,-1.,0.));
#14438 = FACE_BOUND('',#14439,.F.);
#14439 = EDGE_LOOP('',(#14440));
#14440 = ORIENTED_EDGE('',*,*,#14441,.F.);
#14441 = EDGE_CURVE('',#14442,#14442,#14444,.T.);
#14442 = VERTEX_POINT('',#14443);
#14443 = CARTESIAN_POINT('',(-61.54,40.5974,1.6));
#14444 = CIRCLE('',#14445,0.4826);
#14445 = AXIS2_PLACEMENT_3D('',#14446,#14447,#14448);
#14446 = CARTESIAN_POINT('',(-61.54,41.08,1.6));
#14447 = DIRECTION('',(-0.,0.,-1.));
#14448 = DIRECTION('',(-0.,-1.,0.));
#14449 = FACE_BOUND('',#14450,.F.);
#14450 = EDGE_LOOP('',(#14451));
#14451 = ORIENTED_EDGE('',*,*,#14452,.F.);
#14452 = EDGE_CURVE('',#14453,#14453,#14455,.T.);
#14453 = VERTEX_POINT('',#14454);
#14454 = CARTESIAN_POINT('',(-11.49,46.65,1.6));
#14455 = CIRCLE('',#14456,0.35);
#14456 = AXIS2_PLACEMENT_3D('',#14457,#14458,#14459);
#14457 = CARTESIAN_POINT('',(-11.49,47.,1.6));
#14458 = DIRECTION('',(-0.,0.,-1.));
#14459 = DIRECTION('',(-0.,-1.,0.));
#14460 = FACE_BOUND('',#14461,.F.);
#14461 = EDGE_LOOP('',(#14462));
#14462 = ORIENTED_EDGE('',*,*,#14463,.F.);
#14463 = EDGE_CURVE('',#14464,#14464,#14466,.T.);
#14464 = VERTEX_POINT('',#14465);
#14465 = CARTESIAN_POINT('',(-20.51,46.55,1.6));
#14466 = CIRCLE('',#14467,0.45);
#14467 = AXIS2_PLACEMENT_3D('',#14468,#14469,#14470);
#14468 = CARTESIAN_POINT('',(-20.51,47.,1.6));
#14469 = DIRECTION('',(-0.,0.,-1.));
#14470 = DIRECTION('',(-7.894919286223E-15,-1.,0.));
#14471 = FACE_BOUND('',#14472,.F.);
#14472 = EDGE_LOOP('',(#14473));
#14473 = ORIENTED_EDGE('',*,*,#14474,.F.);
#14474 = EDGE_CURVE('',#14475,#14475,#14477,.T.);
#14475 = VERTEX_POINT('',#14476);
#14476 = CARTESIAN_POINT('',(-13.8,55.3,1.6));
#14477 = CIRCLE('',#14478,0.85);
#14478 = AXIS2_PLACEMENT_3D('',#14479,#14480,#14481);
#14479 = CARTESIAN_POINT('',(-13.8,56.15,1.6));
#14480 = DIRECTION('',(-0.,0.,-1.));
#14481 = DIRECTION('',(-0.,-1.,0.));
#14482 = FACE_BOUND('',#14483,.F.);
#14483 = EDGE_LOOP('',(#14484));
#14484 = ORIENTED_EDGE('',*,*,#14485,.F.);
#14485 = EDGE_CURVE('',#14486,#14486,#14488,.T.);
#14486 = VERTEX_POINT('',#14487);
#14487 = CARTESIAN_POINT('',(-13.8,60.3,1.6));
#14488 = CIRCLE('',#14489,0.85);
#14489 = AXIS2_PLACEMENT_3D('',#14490,#14491,#14492);
#14490 = CARTESIAN_POINT('',(-13.8,61.15,1.6));
#14491 = DIRECTION('',(-0.,0.,-1.));
#14492 = DIRECTION('',(-0.,-1.,0.));
#14493 = FACE_BOUND('',#14494,.F.);
#14494 = EDGE_LOOP('',(#14495));
#14495 = ORIENTED_EDGE('',*,*,#14496,.F.);
#14496 = EDGE_CURVE('',#14497,#14497,#14499,.T.);
#14497 = VERTEX_POINT('',#14498);
#14498 = CARTESIAN_POINT('',(-23.8,52.65,1.6));
#14499 = CIRCLE('',#14500,0.5);
#14500 = AXIS2_PLACEMENT_3D('',#14501,#14502,#14503);
#14501 = CARTESIAN_POINT('',(-23.8,53.15,1.6));
#14502 = DIRECTION('',(-0.,0.,-1.));
#14503 = DIRECTION('',(-0.,-1.,0.));
#14504 = FACE_BOUND('',#14505,.F.);
#14505 = EDGE_LOOP('',(#14506));
#14506 = ORIENTED_EDGE('',*,*,#14507,.F.);
#14507 = EDGE_CURVE('',#14508,#14508,#14510,.T.);
#14508 = VERTEX_POINT('',#14509);
#14509 = CARTESIAN_POINT('',(-23.8,63.65,1.6));
#14510 = CIRCLE('',#14511,0.5);
#14511 = AXIS2_PLACEMENT_3D('',#14512,#14513,#14514);
#14512 = CARTESIAN_POINT('',(-23.8,64.15,1.6));
#14513 = DIRECTION('',(-0.,0.,-1.));
#14514 = DIRECTION('',(-0.,-1.,0.));
#14515 = FACE_BOUND('',#14516,.F.);
#14516 = EDGE_LOOP('',(#14517));
#14517 = ORIENTED_EDGE('',*,*,#14518,.F.);
#14518 = EDGE_CURVE('',#14519,#14519,#14521,.T.);
#14519 = VERTEX_POINT('',#14520);
#14520 = CARTESIAN_POINT('',(-59.,43.1374,1.6));
#14521 = CIRCLE('',#14522,0.4826);
#14522 = AXIS2_PLACEMENT_3D('',#14523,#14524,#14525);
#14523 = CARTESIAN_POINT('',(-59.,43.62,1.6));
#14524 = DIRECTION('',(-0.,0.,-1.));
#14525 = DIRECTION('',(-0.,-1.,0.));
#14526 = FACE_BOUND('',#14527,.F.);
#14527 = EDGE_LOOP('',(#14528));
#14528 = ORIENTED_EDGE('',*,*,#14529,.F.);
#14529 = EDGE_CURVE('',#14530,#14530,#14532,.T.);
#14530 = VERTEX_POINT('',#14531);
#14531 = CARTESIAN_POINT('',(-61.54,43.1374,1.6));
#14532 = CIRCLE('',#14533,0.4826);
#14533 = AXIS2_PLACEMENT_3D('',#14534,#14535,#14536);
#14534 = CARTESIAN_POINT('',(-61.54,43.62,1.6));
#14535 = DIRECTION('',(-0.,0.,-1.));
#14536 = DIRECTION('',(-0.,-1.,0.));
#14537 = FACE_BOUND('',#14538,.F.);
#14538 = EDGE_LOOP('',(#14539));
#14539 = ORIENTED_EDGE('',*,*,#14540,.F.);
#14540 = EDGE_CURVE('',#14541,#14541,#14543,.T.);
#14541 = VERTEX_POINT('',#14542);
#14542 = CARTESIAN_POINT('',(-59.,45.6774,1.6));
#14543 = CIRCLE('',#14544,0.4826);
#14544 = AXIS2_PLACEMENT_3D('',#14545,#14546,#14547);
#14545 = CARTESIAN_POINT('',(-59.,46.16,1.6));
#14546 = DIRECTION('',(-0.,0.,-1.));
#14547 = DIRECTION('',(-0.,-1.,0.));
#14548 = FACE_BOUND('',#14549,.F.);
#14549 = EDGE_LOOP('',(#14550));
#14550 = ORIENTED_EDGE('',*,*,#14551,.F.);
#14551 = EDGE_CURVE('',#14552,#14552,#14554,.T.);
#14552 = VERTEX_POINT('',#14553);
#14553 = CARTESIAN_POINT('',(-61.54,45.6774,1.6));
#14554 = CIRCLE('',#14555,0.4826);
#14555 = AXIS2_PLACEMENT_3D('',#14556,#14557,#14558);
#14556 = CARTESIAN_POINT('',(-61.54,46.16,1.6));
#14557 = DIRECTION('',(-0.,0.,-1.));
#14558 = DIRECTION('',(-0.,-1.,0.));
#14559 = FACE_BOUND('',#14560,.F.);
#14560 = EDGE_LOOP('',(#14561));
#14561 = ORIENTED_EDGE('',*,*,#14562,.F.);
#14562 = EDGE_CURVE('',#14563,#14563,#14565,.T.);
#14563 = VERTEX_POINT('',#14564);
#14564 = CARTESIAN_POINT('',(-57.,55.15,1.6));
#14565 = CIRCLE('',#14566,1.85);
#14566 = AXIS2_PLACEMENT_3D('',#14567,#14568,#14569);
#14567 = CARTESIAN_POINT('',(-57.,57.,1.6));
#14568 = DIRECTION('',(-0.,0.,-1.));
#14569 = DIRECTION('',(-0.,-1.,0.));
#14570 = PLANE('',#14571);
#14571 = AXIS2_PLACEMENT_3D('',#14572,#14573,#14574);
#14572 = CARTESIAN_POINT('',(-3.857272438303E-16,16.8588626419,1.6));
#14573 = DIRECTION('',(-0.,-0.,-1.));
#14574 = DIRECTION('',(-1.,0.,0.));
#14575 = ADVANCED_FACE('',(#14576),#14587,.T.);
#14576 = FACE_BOUND('',#14577,.T.);
#14577 = EDGE_LOOP('',(#14578,#14584,#14585,#14586));
#14578 = ORIENTED_EDGE('',*,*,#14579,.T.);
#14579 = EDGE_CURVE('',#11846,#13226,#14580,.T.);
#14580 = LINE('',#14581,#14582);
#14581 = CARTESIAN_POINT('',(-56.6,66.,0.));
#14582 = VECTOR('',#14583,1.);
#14583 = DIRECTION('',(0.,0.,1.));
#14584 = ORIENTED_EDGE('',*,*,#13233,.T.);
#14585 = ORIENTED_EDGE('',*,*,#11757,.F.);
#14586 = ORIENTED_EDGE('',*,*,#11853,.F.);
#14587 = PLANE('',#14588);
#14588 = AXIS2_PLACEMENT_3D('',#14589,#14590,#14591);
#14589 = CARTESIAN_POINT('',(-56.6,66.,0.));
#14590 = DIRECTION('',(0.,1.,0.));
#14591 = DIRECTION('',(1.,0.,0.));
#14592 = ADVANCED_FACE('',(#14593),#14604,.T.);
#14593 = FACE_BOUND('',#14594,.T.);
#14594 = EDGE_LOOP('',(#14595,#14596,#14597,#14603));
#14595 = ORIENTED_EDGE('',*,*,#11797,.T.);
#14596 = ORIENTED_EDGE('',*,*,#13201,.T.);
#14597 = ORIENTED_EDGE('',*,*,#14598,.F.);
#14598 = EDGE_CURVE('',#11822,#13202,#14599,.T.);
#14599 = LINE('',#14600,#14601);
#14600 = CARTESIAN_POINT('',(-65.,-30.,0.));
#14601 = VECTOR('',#14602,1.);
#14602 = DIRECTION('',(0.,0.,1.));
#14603 = ORIENTED_EDGE('',*,*,#11821,.F.);
#14604 = PLANE('',#14605);
#14605 = AXIS2_PLACEMENT_3D('',#14606,#14607,#14608);
#14606 = CARTESIAN_POINT('',(65.,-30.,0.));
#14607 = DIRECTION('',(0.,-1.,0.));
#14608 = DIRECTION('',(-1.,0.,0.));
#14609 = ADVANCED_FACE('',(#14610),#14621,.T.);
#14610 = FACE_BOUND('',#14611,.T.);
#14611 = EDGE_LOOP('',(#14612,#14618,#14619,#14620));
#14612 = ORIENTED_EDGE('',*,*,#14613,.T.);
#14613 = EDGE_CURVE('',#11838,#13218,#14614,.T.);
#14614 = LINE('',#14615,#14616);
#14615 = CARTESIAN_POINT('',(-65.,57.5,0.));
#14616 = VECTOR('',#14617,1.);
#14617 = DIRECTION('',(0.,0.,1.));
#14618 = ORIENTED_EDGE('',*,*,#13225,.T.);
#14619 = ORIENTED_EDGE('',*,*,#14579,.F.);
#14620 = ORIENTED_EDGE('',*,*,#11845,.F.);
#14621 = PLANE('',#14622);
#14622 = AXIS2_PLACEMENT_3D('',#14623,#14624,#14625);
#14623 = CARTESIAN_POINT('',(-65.,57.5,0.));
#14624 = DIRECTION('',(-0.711278393173,0.702910412077,0.));
#14625 = DIRECTION('',(0.702910412077,0.711278393173,0.));
#14626 = ADVANCED_FACE('',(#14627),#14638,.T.);
#14627 = FACE_BOUND('',#14628,.T.);
#14628 = EDGE_LOOP('',(#14629,#14630,#14631,#14637));
#14629 = ORIENTED_EDGE('',*,*,#14598,.T.);
#14630 = ORIENTED_EDGE('',*,*,#13209,.T.);
#14631 = ORIENTED_EDGE('',*,*,#14632,.F.);
#14632 = EDGE_CURVE('',#11830,#13210,#14633,.T.);
#14633 = LINE('',#14634,#14635);
#14634 = CARTESIAN_POINT('',(-65.,50.5,0.));
#14635 = VECTOR('',#14636,1.);
#14636 = DIRECTION('',(0.,0.,1.));
#14637 = ORIENTED_EDGE('',*,*,#11829,.F.);
#14638 = PLANE('',#14639);
#14639 = AXIS2_PLACEMENT_3D('',#14640,#14641,#14642);
#14640 = CARTESIAN_POINT('',(-65.,-30.,0.));
#14641 = DIRECTION('',(-1.,0.,0.));
#14642 = DIRECTION('',(0.,1.,0.));
#14643 = ADVANCED_FACE('',(#14644),#14650,.T.);
#14644 = FACE_BOUND('',#14645,.T.);
#14645 = EDGE_LOOP('',(#14646,#14647,#14648,#14649));
#14646 = ORIENTED_EDGE('',*,*,#14632,.T.);
#14647 = ORIENTED_EDGE('',*,*,#13217,.T.);
#14648 = ORIENTED_EDGE('',*,*,#14613,.F.);
#14649 = ORIENTED_EDGE('',*,*,#11837,.F.);
#14650 = PLANE('',#14651);
#14651 = AXIS2_PLACEMENT_3D('',#14652,#14653,#14654);
#14652 = CARTESIAN_POINT('',(-65.,50.5,0.));
#14653 = DIRECTION('',(-1.,0.,0.));
#14654 = DIRECTION('',(0.,1.,0.));
#14655 = ADVANCED_FACE('',(#14656),#14667,.F.);
#14656 = FACE_BOUND('',#14657,.T.);
#14657 = EDGE_LOOP('',(#14658,#14659,#14665,#14666));
#14658 = ORIENTED_EDGE('',*,*,#11862,.T.);
#14659 = ORIENTED_EDGE('',*,*,#14660,.T.);
#14660 = EDGE_CURVE('',#11863,#13243,#14661,.T.);
#14661 = LINE('',#14662,#14663);
#14662 = CARTESIAN_POINT('',(57.46,-29.199959,-4.5E-02));
#14663 = VECTOR('',#14664,1.);
#14664 = DIRECTION('',(0.,0.,1.));
#14665 = ORIENTED_EDGE('',*,*,#13242,.F.);
#14666 = ORIENTED_EDGE('',*,*,#14660,.F.);
#14667 = CYLINDRICAL_SURFACE('',#14668,1.4999995);
#14668 = AXIS2_PLACEMENT_3D('',#14669,#14670,#14671);
#14669 = CARTESIAN_POINT('',(57.4599995,-27.6999595,-4.5E-02));
#14670 = DIRECTION('',(-0.,0.,-1.));
#14671 = DIRECTION('',(3.333334436029E-07,-1.,-0.));
#14672 = ADVANCED_FACE('',(#14673),#14684,.F.);
#14673 = FACE_BOUND('',#14674,.T.);
#14674 = EDGE_LOOP('',(#14675,#14676,#14682,#14683));
#14675 = ORIENTED_EDGE('',*,*,#11873,.T.);
#14676 = ORIENTED_EDGE('',*,*,#14677,.T.);
#14677 = EDGE_CURVE('',#11874,#13254,#14678,.T.);
#14678 = LINE('',#14679,#14680);
#14679 = CARTESIAN_POINT('',(62.5,-23.7,-4.5E-02));
#14680 = VECTOR('',#14681,1.);
#14681 = DIRECTION('',(0.,0.,1.));
#14682 = ORIENTED_EDGE('',*,*,#13253,.F.);
#14683 = ORIENTED_EDGE('',*,*,#14677,.F.);
#14684 = CYLINDRICAL_SURFACE('',#14685,0.7);
#14685 = AXIS2_PLACEMENT_3D('',#14686,#14687,#14688);
#14686 = CARTESIAN_POINT('',(62.5,-23.,-4.5E-02));
#14687 = DIRECTION('',(-0.,-0.,-1.));
#14688 = DIRECTION('',(-0.,-1.,0.));
#14689 = ADVANCED_FACE('',(#14690),#14701,.F.);
#14690 = FACE_BOUND('',#14691,.T.);
#14691 = EDGE_LOOP('',(#14692,#14693,#14699,#14700));
#14692 = ORIENTED_EDGE('',*,*,#11884,.T.);
#14693 = ORIENTED_EDGE('',*,*,#14694,.T.);
#14694 = EDGE_CURVE('',#11885,#13265,#14695,.T.);
#14695 = LINE('',#14696,#14697);
#14696 = CARTESIAN_POINT('',(57.000001,-23.7,-4.5E-02));
#14697 = VECTOR('',#14698,1.);
#14698 = DIRECTION('',(0.,0.,1.));
#14699 = ORIENTED_EDGE('',*,*,#13264,.F.);
#14700 = ORIENTED_EDGE('',*,*,#14694,.F.);
#14701 = CYLINDRICAL_SURFACE('',#14702,0.7);
#14702 = AXIS2_PLACEMENT_3D('',#14703,#14704,#14705);
#14703 = CARTESIAN_POINT('',(57.000001,-23.,-4.5E-02));
#14704 = DIRECTION('',(-0.,-0.,-1.));
#14705 = DIRECTION('',(-0.,-1.,0.));
#14706 = ADVANCED_FACE('',(#14707),#14718,.F.);
#14707 = FACE_BOUND('',#14708,.T.);
#14708 = EDGE_LOOP('',(#14709,#14710,#14716,#14717));
#14709 = ORIENTED_EDGE('',*,*,#11895,.T.);
#14710 = ORIENTED_EDGE('',*,*,#14711,.T.);
#14711 = EDGE_CURVE('',#11896,#13276,#14712,.T.);
#14712 = LINE('',#14713,#14714);
#14713 = CARTESIAN_POINT('',(62.5,-19.5,-4.5E-02));
#14714 = VECTOR('',#14715,1.);
#14715 = DIRECTION('',(0.,0.,1.));
#14716 = ORIENTED_EDGE('',*,*,#13275,.F.);
#14717 = ORIENTED_EDGE('',*,*,#14711,.F.);
#14718 = CYLINDRICAL_SURFACE('',#14719,0.7);
#14719 = AXIS2_PLACEMENT_3D('',#14720,#14721,#14722);
#14720 = CARTESIAN_POINT('',(62.5,-18.8,-4.5E-02));
#14721 = DIRECTION('',(-0.,-0.,-1.));
#14722 = DIRECTION('',(-0.,-1.,0.));
#14723 = ADVANCED_FACE('',(#14724),#14735,.F.);
#14724 = FACE_BOUND('',#14725,.T.);
#14725 = EDGE_LOOP('',(#14726,#14727,#14733,#14734));
#14726 = ORIENTED_EDGE('',*,*,#11906,.T.);
#14727 = ORIENTED_EDGE('',*,*,#14728,.T.);
#14728 = EDGE_CURVE('',#11907,#13287,#14729,.T.);
#14729 = LINE('',#14730,#14731);
#14730 = CARTESIAN_POINT('',(57.000001,-19.5,-4.5E-02));
#14731 = VECTOR('',#14732,1.);
#14732 = DIRECTION('',(0.,0.,1.));
#14733 = ORIENTED_EDGE('',*,*,#13286,.F.);
#14734 = ORIENTED_EDGE('',*,*,#14728,.F.);
#14735 = CYLINDRICAL_SURFACE('',#14736,0.7);
#14736 = AXIS2_PLACEMENT_3D('',#14737,#14738,#14739);
#14737 = CARTESIAN_POINT('',(57.000001,-18.8,-4.5E-02));
#14738 = DIRECTION('',(-0.,-0.,-1.));
#14739 = DIRECTION('',(-0.,-1.,0.));
#14740 = ADVANCED_FACE('',(#14741),#14752,.F.);
#14741 = FACE_BOUND('',#14742,.T.);
#14742 = EDGE_LOOP('',(#14743,#14744,#14750,#14751));
#14743 = ORIENTED_EDGE('',*,*,#11917,.T.);
#14744 = ORIENTED_EDGE('',*,*,#14745,.T.);
#14745 = EDGE_CURVE('',#11918,#13298,#14746,.T.);
#14746 = LINE('',#14747,#14748);
#14747 = CARTESIAN_POINT('',(62.5,-15.300001,-4.5E-02));
#14748 = VECTOR('',#14749,1.);
#14749 = DIRECTION('',(0.,0.,1.));
#14750 = ORIENTED_EDGE('',*,*,#13297,.F.);
#14751 = ORIENTED_EDGE('',*,*,#14745,.F.);
#14752 = CYLINDRICAL_SURFACE('',#14753,0.7);
#14753 = AXIS2_PLACEMENT_3D('',#14754,#14755,#14756);
#14754 = CARTESIAN_POINT('',(62.5,-14.600001,-4.5E-02));
#14755 = DIRECTION('',(-0.,-0.,-1.));
#14756 = DIRECTION('',(-0.,-1.,0.));
#14757 = ADVANCED_FACE('',(#14758),#14769,.F.);
#14758 = FACE_BOUND('',#14759,.T.);
#14759 = EDGE_LOOP('',(#14760,#14761,#14767,#14768));
#14760 = ORIENTED_EDGE('',*,*,#11928,.T.);
#14761 = ORIENTED_EDGE('',*,*,#14762,.T.);
#14762 = EDGE_CURVE('',#11929,#13309,#14763,.T.);
#14763 = LINE('',#14764,#14765);
#14764 = CARTESIAN_POINT('',(57.000001,-15.300001,-4.5E-02));
#14765 = VECTOR('',#14766,1.);
#14766 = DIRECTION('',(0.,0.,1.));
#14767 = ORIENTED_EDGE('',*,*,#13308,.F.);
#14768 = ORIENTED_EDGE('',*,*,#14762,.F.);
#14769 = CYLINDRICAL_SURFACE('',#14770,0.7);
#14770 = AXIS2_PLACEMENT_3D('',#14771,#14772,#14773);
#14771 = CARTESIAN_POINT('',(57.000001,-14.600001,-4.5E-02));
#14772 = DIRECTION('',(-0.,-0.,-1.));
#14773 = DIRECTION('',(-0.,-1.,0.));
#14774 = ADVANCED_FACE('',(#14775),#14786,.F.);
#14775 = FACE_BOUND('',#14776,.T.);
#14776 = EDGE_LOOP('',(#14777,#14778,#14784,#14785));
#14777 = ORIENTED_EDGE('',*,*,#11939,.T.);
#14778 = ORIENTED_EDGE('',*,*,#14779,.T.);
#14779 = EDGE_CURVE('',#11940,#13320,#14780,.T.);
#14780 = LINE('',#14781,#14782);
#14781 = CARTESIAN_POINT('',(62.5,-11.100002,-4.5E-02));
#14782 = VECTOR('',#14783,1.);
#14783 = DIRECTION('',(0.,0.,1.));
#14784 = ORIENTED_EDGE('',*,*,#13319,.F.);
#14785 = ORIENTED_EDGE('',*,*,#14779,.F.);
#14786 = CYLINDRICAL_SURFACE('',#14787,0.7);
#14787 = AXIS2_PLACEMENT_3D('',#14788,#14789,#14790);
#14788 = CARTESIAN_POINT('',(62.5,-10.400002,-4.5E-02));
#14789 = DIRECTION('',(-0.,-0.,-1.));
#14790 = DIRECTION('',(-0.,-1.,0.));
#14791 = ADVANCED_FACE('',(#14792),#14803,.F.);
#14792 = FACE_BOUND('',#14793,.T.);
#14793 = EDGE_LOOP('',(#14794,#14795,#14801,#14802));
#14794 = ORIENTED_EDGE('',*,*,#11950,.T.);
#14795 = ORIENTED_EDGE('',*,*,#14796,.T.);
#14796 = EDGE_CURVE('',#11951,#13331,#14797,.T.);
#14797 = LINE('',#14798,#14799);
#14798 = CARTESIAN_POINT('',(57.000001,-11.100002,-4.5E-02));
#14799 = VECTOR('',#14800,1.);
#14800 = DIRECTION('',(0.,0.,1.));
#14801 = ORIENTED_EDGE('',*,*,#13330,.F.);
#14802 = ORIENTED_EDGE('',*,*,#14796,.F.);
#14803 = CYLINDRICAL_SURFACE('',#14804,0.7);
#14804 = AXIS2_PLACEMENT_3D('',#14805,#14806,#14807);
#14805 = CARTESIAN_POINT('',(57.000001,-10.400002,-4.5E-02));
#14806 = DIRECTION('',(-0.,-0.,-1.));
#14807 = DIRECTION('',(-0.,-1.,0.));
#14808 = ADVANCED_FACE('',(#14809),#14820,.F.);
#14809 = FACE_BOUND('',#14810,.T.);
#14810 = EDGE_LOOP('',(#14811,#14812,#14818,#14819));
#14811 = ORIENTED_EDGE('',*,*,#11961,.T.);
#14812 = ORIENTED_EDGE('',*,*,#14813,.T.);
#14813 = EDGE_CURVE('',#11962,#13342,#14814,.T.);
#14814 = LINE('',#14815,#14816);
#14815 = CARTESIAN_POINT('',(27.16,-27.0826,-4.5E-02));
#14816 = VECTOR('',#14817,1.);
#14817 = DIRECTION('',(0.,0.,1.));
#14818 = ORIENTED_EDGE('',*,*,#13341,.F.);
#14819 = ORIENTED_EDGE('',*,*,#14813,.F.);
#14820 = CYLINDRICAL_SURFACE('',#14821,0.4826);
#14821 = AXIS2_PLACEMENT_3D('',#14822,#14823,#14824);
#14822 = CARTESIAN_POINT('',(27.16,-26.6,-4.5E-02));
#14823 = DIRECTION('',(-0.,-0.,-1.));
#14824 = DIRECTION('',(-0.,-1.,0.));
#14825 = ADVANCED_FACE('',(#14826),#14837,.F.);
#14826 = FACE_BOUND('',#14827,.T.);
#14827 = EDGE_LOOP('',(#14828,#14829,#14835,#14836));
#14828 = ORIENTED_EDGE('',*,*,#11972,.T.);
#14829 = ORIENTED_EDGE('',*,*,#14830,.T.);
#14830 = EDGE_CURVE('',#11973,#13353,#14831,.T.);
#14831 = LINE('',#14832,#14833);
#14832 = CARTESIAN_POINT('',(24.62,-27.0826,-4.5E-02));
#14833 = VECTOR('',#14834,1.);
#14834 = DIRECTION('',(0.,0.,1.));
#14835 = ORIENTED_EDGE('',*,*,#13352,.F.);
#14836 = ORIENTED_EDGE('',*,*,#14830,.F.);
#14837 = CYLINDRICAL_SURFACE('',#14838,0.4826);
#14838 = AXIS2_PLACEMENT_3D('',#14839,#14840,#14841);
#14839 = CARTESIAN_POINT('',(24.62,-26.6,-4.5E-02));
#14840 = DIRECTION('',(-0.,0.,-1.));
#14841 = DIRECTION('',(7.361611435558E-15,-1.,-0.));
#14842 = ADVANCED_FACE('',(#14843),#14854,.F.);
#14843 = FACE_BOUND('',#14844,.T.);
#14844 = EDGE_LOOP('',(#14845,#14846,#14852,#14853));
#14845 = ORIENTED_EDGE('',*,*,#11983,.T.);
#14846 = ORIENTED_EDGE('',*,*,#14847,.T.);
#14847 = EDGE_CURVE('',#11984,#13364,#14848,.T.);
#14848 = LINE('',#14849,#14850);
#14849 = CARTESIAN_POINT('',(27.16,-24.5426,-4.5E-02));
#14850 = VECTOR('',#14851,1.);
#14851 = DIRECTION('',(0.,0.,1.));
#14852 = ORIENTED_EDGE('',*,*,#13363,.F.);
#14853 = ORIENTED_EDGE('',*,*,#14847,.F.);
#14854 = CYLINDRICAL_SURFACE('',#14855,0.4826);
#14855 = AXIS2_PLACEMENT_3D('',#14856,#14857,#14858);
#14856 = CARTESIAN_POINT('',(27.16,-24.06,-4.5E-02));
#14857 = DIRECTION('',(-0.,-0.,-1.));
#14858 = DIRECTION('',(-0.,-1.,0.));
#14859 = ADVANCED_FACE('',(#14860),#14871,.F.);
#14860 = FACE_BOUND('',#14861,.T.);
#14861 = EDGE_LOOP('',(#14862,#14863,#14869,#14870));
#14862 = ORIENTED_EDGE('',*,*,#11994,.T.);
#14863 = ORIENTED_EDGE('',*,*,#14864,.T.);
#14864 = EDGE_CURVE('',#11995,#13375,#14865,.T.);
#14865 = LINE('',#14866,#14867);
#14866 = CARTESIAN_POINT('',(24.62,-24.5426,-4.5E-02));
#14867 = VECTOR('',#14868,1.);
#14868 = DIRECTION('',(0.,0.,1.));
#14869 = ORIENTED_EDGE('',*,*,#13374,.F.);
#14870 = ORIENTED_EDGE('',*,*,#14864,.F.);
#14871 = CYLINDRICAL_SURFACE('',#14872,0.4826);
#14872 = AXIS2_PLACEMENT_3D('',#14873,#14874,#14875);
#14873 = CARTESIAN_POINT('',(24.62,-24.06,-4.5E-02));
#14874 = DIRECTION('',(-0.,0.,-1.));
#14875 = DIRECTION('',(7.361611435558E-15,-1.,-0.));
#14876 = ADVANCED_FACE('',(#14877),#14888,.F.);
#14877 = FACE_BOUND('',#14878,.T.);
#14878 = EDGE_LOOP('',(#14879,#14880,#14886,#14887));
#14879 = ORIENTED_EDGE('',*,*,#12005,.T.);
#14880 = ORIENTED_EDGE('',*,*,#14881,.T.);
#14881 = EDGE_CURVE('',#12006,#13386,#14882,.T.);
#14882 = LINE('',#14883,#14884);
#14883 = CARTESIAN_POINT('',(22.08,-27.0826,-4.5E-02));
#14884 = VECTOR('',#14885,1.);
#14885 = DIRECTION('',(0.,0.,1.));
#14886 = ORIENTED_EDGE('',*,*,#13385,.F.);
#14887 = ORIENTED_EDGE('',*,*,#14881,.F.);
#14888 = CYLINDRICAL_SURFACE('',#14889,0.4826);
#14889 = AXIS2_PLACEMENT_3D('',#14890,#14891,#14892);
#14890 = CARTESIAN_POINT('',(22.08,-26.6,-4.5E-02));
#14891 = DIRECTION('',(-0.,-0.,-1.));
#14892 = DIRECTION('',(-0.,-1.,0.));
#14893 = ADVANCED_FACE('',(#14894),#14905,.F.);
#14894 = FACE_BOUND('',#14895,.T.);
#14895 = EDGE_LOOP('',(#14896,#14897,#14903,#14904));
#14896 = ORIENTED_EDGE('',*,*,#12016,.T.);
#14897 = ORIENTED_EDGE('',*,*,#14898,.T.);
#14898 = EDGE_CURVE('',#12017,#13397,#14899,.T.);
#14899 = LINE('',#14900,#14901);
#14900 = CARTESIAN_POINT('',(19.54,-27.0826,-4.5E-02));
#14901 = VECTOR('',#14902,1.);
#14902 = DIRECTION('',(0.,0.,1.));
#14903 = ORIENTED_EDGE('',*,*,#13396,.F.);
#14904 = ORIENTED_EDGE('',*,*,#14898,.F.);
#14905 = CYLINDRICAL_SURFACE('',#14906,0.4826);
#14906 = AXIS2_PLACEMENT_3D('',#14907,#14908,#14909);
#14907 = CARTESIAN_POINT('',(19.54,-26.6,-4.5E-02));
#14908 = DIRECTION('',(-0.,-0.,-1.));
#14909 = DIRECTION('',(-0.,-1.,0.));
#14910 = ADVANCED_FACE('',(#14911),#14922,.F.);
#14911 = FACE_BOUND('',#14912,.T.);
#14912 = EDGE_LOOP('',(#14913,#14914,#14920,#14921));
#14913 = ORIENTED_EDGE('',*,*,#12027,.T.);
#14914 = ORIENTED_EDGE('',*,*,#14915,.T.);
#14915 = EDGE_CURVE('',#12028,#13408,#14916,.T.);
#14916 = LINE('',#14917,#14918);
#14917 = CARTESIAN_POINT('',(17.,-27.0826,-4.5E-02));
#14918 = VECTOR('',#14919,1.);
#14919 = DIRECTION('',(0.,0.,1.));
#14920 = ORIENTED_EDGE('',*,*,#13407,.F.);
#14921 = ORIENTED_EDGE('',*,*,#14915,.F.);
#14922 = CYLINDRICAL_SURFACE('',#14923,0.4826);
#14923 = AXIS2_PLACEMENT_3D('',#14924,#14925,#14926);
#14924 = CARTESIAN_POINT('',(17.,-26.6,-4.5E-02));
#14925 = DIRECTION('',(-0.,-0.,-1.));
#14926 = DIRECTION('',(-0.,-1.,0.));
#14927 = ADVANCED_FACE('',(#14928),#14939,.F.);
#14928 = FACE_BOUND('',#14929,.T.);
#14929 = EDGE_LOOP('',(#14930,#14931,#14937,#14938));
#14930 = ORIENTED_EDGE('',*,*,#12038,.T.);
#14931 = ORIENTED_EDGE('',*,*,#14932,.T.);
#14932 = EDGE_CURVE('',#12039,#13419,#14933,.T.);
#14933 = LINE('',#14934,#14935);
#14934 = CARTESIAN_POINT('',(22.08,-24.5426,-4.5E-02));
#14935 = VECTOR('',#14936,1.);
#14936 = DIRECTION('',(0.,0.,1.));
#14937 = ORIENTED_EDGE('',*,*,#13418,.F.);
#14938 = ORIENTED_EDGE('',*,*,#14932,.F.);
#14939 = CYLINDRICAL_SURFACE('',#14940,0.4826);
#14940 = AXIS2_PLACEMENT_3D('',#14941,#14942,#14943);
#14941 = CARTESIAN_POINT('',(22.08,-24.06,-4.5E-02));
#14942 = DIRECTION('',(-0.,-0.,-1.));
#14943 = DIRECTION('',(-0.,-1.,0.));
#14944 = ADVANCED_FACE('',(#14945),#14956,.F.);
#14945 = FACE_BOUND('',#14946,.T.);
#14946 = EDGE_LOOP('',(#14947,#14948,#14954,#14955));
#14947 = ORIENTED_EDGE('',*,*,#12049,.T.);
#14948 = ORIENTED_EDGE('',*,*,#14949,.T.);
#14949 = EDGE_CURVE('',#12050,#13430,#14950,.T.);
#14950 = LINE('',#14951,#14952);
#14951 = CARTESIAN_POINT('',(19.54,-24.5426,-4.5E-02));
#14952 = VECTOR('',#14953,1.);
#14953 = DIRECTION('',(0.,0.,1.));
#14954 = ORIENTED_EDGE('',*,*,#13429,.F.);
#14955 = ORIENTED_EDGE('',*,*,#14949,.F.);
#14956 = CYLINDRICAL_SURFACE('',#14957,0.4826);
#14957 = AXIS2_PLACEMENT_3D('',#14958,#14959,#14960);
#14958 = CARTESIAN_POINT('',(19.54,-24.06,-4.5E-02));
#14959 = DIRECTION('',(-0.,-0.,-1.));
#14960 = DIRECTION('',(-0.,-1.,0.));
#14961 = ADVANCED_FACE('',(#14962),#14973,.F.);
#14962 = FACE_BOUND('',#14963,.T.);
#14963 = EDGE_LOOP('',(#14964,#14965,#14971,#14972));
#14964 = ORIENTED_EDGE('',*,*,#12060,.T.);
#14965 = ORIENTED_EDGE('',*,*,#14966,.T.);
#14966 = EDGE_CURVE('',#12061,#13441,#14967,.T.);
#14967 = LINE('',#14968,#14969);
#14968 = CARTESIAN_POINT('',(17.,-24.5426,-4.5E-02));
#14969 = VECTOR('',#14970,1.);
#14970 = DIRECTION('',(0.,0.,1.));
#14971 = ORIENTED_EDGE('',*,*,#13440,.F.);
#14972 = ORIENTED_EDGE('',*,*,#14966,.F.);
#14973 = CYLINDRICAL_SURFACE('',#14974,0.4826);
#14974 = AXIS2_PLACEMENT_3D('',#14975,#14976,#14977);
#14975 = CARTESIAN_POINT('',(17.,-24.06,-4.5E-02));
#14976 = DIRECTION('',(-0.,-0.,-1.));
#14977 = DIRECTION('',(-0.,-1.,0.));
#14978 = ADVANCED_FACE('',(#14979),#14990,.F.);
#14979 = FACE_BOUND('',#14980,.T.);
#14980 = EDGE_LOOP('',(#14981,#14982,#14988,#14989));
#14981 = ORIENTED_EDGE('',*,*,#12071,.T.);
#14982 = ORIENTED_EDGE('',*,*,#14983,.T.);
#14983 = EDGE_CURVE('',#12072,#13452,#14984,.T.);
#14984 = LINE('',#14985,#14986);
#14985 = CARTESIAN_POINT('',(6.85,-20.4,-4.5E-02));
#14986 = VECTOR('',#14987,1.);
#14987 = DIRECTION('',(0.,0.,1.));
#14988 = ORIENTED_EDGE('',*,*,#13451,.F.);
#14989 = ORIENTED_EDGE('',*,*,#14983,.F.);
#14990 = CYLINDRICAL_SURFACE('',#14991,0.9);
#14991 = AXIS2_PLACEMENT_3D('',#14992,#14993,#14994);
#14992 = CARTESIAN_POINT('',(6.85,-19.5,-4.5E-02));
#14993 = DIRECTION('',(-0.,-0.,-1.));
#14994 = DIRECTION('',(-0.,-1.,0.));
#14995 = ADVANCED_FACE('',(#14996),#15007,.F.);
#14996 = FACE_BOUND('',#14997,.T.);
#14997 = EDGE_LOOP('',(#14998,#14999,#15005,#15006));
#14998 = ORIENTED_EDGE('',*,*,#12082,.T.);
#14999 = ORIENTED_EDGE('',*,*,#15000,.T.);
#15000 = EDGE_CURVE('',#12083,#13463,#15001,.T.);
#15001 = LINE('',#15002,#15003);
#15002 = CARTESIAN_POINT('',(3.7,-14.85,-4.5E-02));
#15003 = VECTOR('',#15004,1.);
#15004 = DIRECTION('',(0.,0.,1.));
#15005 = ORIENTED_EDGE('',*,*,#13462,.F.);
#15006 = ORIENTED_EDGE('',*,*,#15000,.F.);
#15007 = CYLINDRICAL_SURFACE('',#15008,1.35);
#15008 = AXIS2_PLACEMENT_3D('',#15009,#15010,#15011);
#15009 = CARTESIAN_POINT('',(3.7,-13.5,-4.5E-02));
#15010 = DIRECTION('',(-0.,-0.,-1.));
#15011 = DIRECTION('',(-0.,-1.,0.));
#15012 = ADVANCED_FACE('',(#15013),#15024,.F.);
#15013 = FACE_BOUND('',#15014,.T.);
#15014 = EDGE_LOOP('',(#15015,#15016,#15022,#15023));
#15015 = ORIENTED_EDGE('',*,*,#12093,.T.);
#15016 = ORIENTED_EDGE('',*,*,#15017,.T.);
#15017 = EDGE_CURVE('',#12094,#13474,#15018,.T.);
#15018 = LINE('',#15019,#15020);
#15019 = CARTESIAN_POINT('',(3.86,-9.085,-4.5E-02));
#15020 = VECTOR('',#15021,1.);
#15021 = DIRECTION('',(0.,0.,1.));
#15022 = ORIENTED_EDGE('',*,*,#13473,.F.);
#15023 = ORIENTED_EDGE('',*,*,#15017,.F.);
#15024 = CYLINDRICAL_SURFACE('',#15025,0.635);
#15025 = AXIS2_PLACEMENT_3D('',#15026,#15027,#15028);
#15026 = CARTESIAN_POINT('',(3.86,-8.45,-4.5E-02));
#15027 = DIRECTION('',(-0.,-0.,-1.));
#15028 = DIRECTION('',(-6.993530863781E-16,-1.,0.));
#15029 = ADVANCED_FACE('',(#15030),#15041,.F.);
#15030 = FACE_BOUND('',#15031,.T.);
#15031 = EDGE_LOOP('',(#15032,#15033,#15039,#15040));
#15032 = ORIENTED_EDGE('',*,*,#12104,.T.);
#15033 = ORIENTED_EDGE('',*,*,#15034,.T.);
#15034 = EDGE_CURVE('',#12105,#13485,#15035,.T.);
#15035 = LINE('',#15036,#15037);
#15036 = CARTESIAN_POINT('',(57.46,-7.200003,-4.5E-02));
#15037 = VECTOR('',#15038,1.);
#15038 = DIRECTION('',(0.,0.,1.));
#15039 = ORIENTED_EDGE('',*,*,#13484,.F.);
#15040 = ORIENTED_EDGE('',*,*,#15034,.F.);
#15041 = CYLINDRICAL_SURFACE('',#15042,1.4999995);
#15042 = AXIS2_PLACEMENT_3D('',#15043,#15044,#15045);
#15043 = CARTESIAN_POINT('',(57.4599995,-5.7000035,-4.5E-02));
#15044 = DIRECTION('',(-0.,0.,-1.));
#15045 = DIRECTION('',(3.333334436029E-07,-1.,-0.));
#15046 = ADVANCED_FACE('',(#15047),#15058,.F.);
#15047 = FACE_BOUND('',#15048,.T.);
#15048 = EDGE_LOOP('',(#15049,#15050,#15056,#15057));
#15049 = ORIENTED_EDGE('',*,*,#12115,.T.);
#15050 = ORIENTED_EDGE('',*,*,#15051,.T.);
#15051 = EDGE_CURVE('',#12116,#13496,#15052,.T.);
#15052 = LINE('',#15053,#15054);
#15053 = CARTESIAN_POINT('',(57.5,4.,-4.5E-02));
#15054 = VECTOR('',#15055,1.);
#15055 = DIRECTION('',(0.,0.,1.));
#15056 = ORIENTED_EDGE('',*,*,#13495,.F.);
#15057 = ORIENTED_EDGE('',*,*,#15051,.F.);
#15058 = CYLINDRICAL_SURFACE('',#15059,1.4999995);
#15059 = AXIS2_PLACEMENT_3D('',#15060,#15061,#15062);
#15060 = CARTESIAN_POINT('',(57.4999995,5.4999995,-4.5E-02));
#15061 = DIRECTION('',(-0.,0.,-1.));
#15062 = DIRECTION('',(3.333334436029E-07,-1.,-0.));
#15063 = ADVANCED_FACE('',(#15064),#15075,.F.);
#15064 = FACE_BOUND('',#15065,.T.);
#15065 = EDGE_LOOP('',(#15066,#15067,#15073,#15074));
#15066 = ORIENTED_EDGE('',*,*,#12126,.T.);
#15067 = ORIENTED_EDGE('',*,*,#15068,.T.);
#15068 = EDGE_CURVE('',#12127,#13507,#15069,.T.);
#15069 = LINE('',#15070,#15071);
#15070 = CARTESIAN_POINT('',(48.5,-0.85,-4.5E-02));
#15071 = VECTOR('',#15072,1.);
#15072 = DIRECTION('',(0.,0.,1.));
#15073 = ORIENTED_EDGE('',*,*,#13506,.F.);
#15074 = ORIENTED_EDGE('',*,*,#15068,.F.);
#15075 = CYLINDRICAL_SURFACE('',#15076,1.85);
#15076 = AXIS2_PLACEMENT_3D('',#15077,#15078,#15079);
#15077 = CARTESIAN_POINT('',(48.5,1.,-4.5E-02));
#15078 = DIRECTION('',(-0.,-0.,-1.));
#15079 = DIRECTION('',(-0.,-1.,0.));
#15080 = ADVANCED_FACE('',(#15081),#15092,.F.);
#15081 = FACE_BOUND('',#15082,.T.);
#15082 = EDGE_LOOP('',(#15083,#15084,#15090,#15091));
#15083 = ORIENTED_EDGE('',*,*,#12137,.T.);
#15084 = ORIENTED_EDGE('',*,*,#15085,.T.);
#15085 = EDGE_CURVE('',#12138,#13518,#15086,.T.);
#15086 = LINE('',#15087,#15088);
#15087 = CARTESIAN_POINT('',(62.54,9.49996,-4.5E-02));
#15088 = VECTOR('',#15089,1.);
#15089 = DIRECTION('',(0.,0.,1.));
#15090 = ORIENTED_EDGE('',*,*,#13517,.F.);
#15091 = ORIENTED_EDGE('',*,*,#15085,.F.);
#15092 = CYLINDRICAL_SURFACE('',#15093,0.7);
#15093 = AXIS2_PLACEMENT_3D('',#15094,#15095,#15096);
#15094 = CARTESIAN_POINT('',(62.54,10.19996,-4.5E-02));
#15095 = DIRECTION('',(-0.,-0.,-1.));
#15096 = DIRECTION('',(-1.015061051086E-14,-1.,0.));
#15097 = ADVANCED_FACE('',(#15098),#15109,.F.);
#15098 = FACE_BOUND('',#15099,.T.);
#15099 = EDGE_LOOP('',(#15100,#15101,#15107,#15108));
#15100 = ORIENTED_EDGE('',*,*,#12148,.T.);
#15101 = ORIENTED_EDGE('',*,*,#15102,.T.);
#15102 = EDGE_CURVE('',#12149,#13529,#15103,.T.);
#15103 = LINE('',#15104,#15105);
#15104 = CARTESIAN_POINT('',(57.040001,9.49996,-4.5E-02));
#15105 = VECTOR('',#15106,1.);
#15106 = DIRECTION('',(0.,0.,1.));
#15107 = ORIENTED_EDGE('',*,*,#13528,.F.);
#15108 = ORIENTED_EDGE('',*,*,#15102,.F.);
#15109 = CYLINDRICAL_SURFACE('',#15110,0.7);
#15110 = AXIS2_PLACEMENT_3D('',#15111,#15112,#15113);
#15111 = CARTESIAN_POINT('',(57.040001,10.19996,-4.5E-02));
#15112 = DIRECTION('',(-0.,-0.,-1.));
#15113 = DIRECTION('',(-1.015061051086E-14,-1.,0.));
#15114 = ADVANCED_FACE('',(#15115),#15126,.F.);
#15115 = FACE_BOUND('',#15116,.T.);
#15116 = EDGE_LOOP('',(#15117,#15118,#15124,#15125));
#15117 = ORIENTED_EDGE('',*,*,#12159,.T.);
#15118 = ORIENTED_EDGE('',*,*,#15119,.T.);
#15119 = EDGE_CURVE('',#12160,#13540,#15120,.T.);
#15120 = LINE('',#15121,#15122);
#15121 = CARTESIAN_POINT('',(62.54,13.69996,-4.5E-02));
#15122 = VECTOR('',#15123,1.);
#15123 = DIRECTION('',(0.,0.,1.));
#15124 = ORIENTED_EDGE('',*,*,#13539,.F.);
#15125 = ORIENTED_EDGE('',*,*,#15119,.F.);
#15126 = CYLINDRICAL_SURFACE('',#15127,0.7);
#15127 = AXIS2_PLACEMENT_3D('',#15128,#15129,#15130);
#15128 = CARTESIAN_POINT('',(62.54,14.39996,-4.5E-02));
#15129 = DIRECTION('',(-0.,-0.,-1.));
#15130 = DIRECTION('',(-1.015061051086E-14,-1.,0.));
#15131 = ADVANCED_FACE('',(#15132),#15143,.F.);
#15132 = FACE_BOUND('',#15133,.T.);
#15133 = EDGE_LOOP('',(#15134,#15135,#15141,#15142));
#15134 = ORIENTED_EDGE('',*,*,#12170,.T.);
#15135 = ORIENTED_EDGE('',*,*,#15136,.T.);
#15136 = EDGE_CURVE('',#12171,#13551,#15137,.T.);
#15137 = LINE('',#15138,#15139);
#15138 = CARTESIAN_POINT('',(57.040001,13.69996,-4.5E-02));
#15139 = VECTOR('',#15140,1.);
#15140 = DIRECTION('',(0.,0.,1.));
#15141 = ORIENTED_EDGE('',*,*,#13550,.F.);
#15142 = ORIENTED_EDGE('',*,*,#15136,.F.);
#15143 = CYLINDRICAL_SURFACE('',#15144,0.7);
#15144 = AXIS2_PLACEMENT_3D('',#15145,#15146,#15147);
#15145 = CARTESIAN_POINT('',(57.040001,14.39996,-4.5E-02));
#15146 = DIRECTION('',(-0.,-0.,-1.));
#15147 = DIRECTION('',(-1.015061051086E-14,-1.,0.));
#15148 = ADVANCED_FACE('',(#15149),#15160,.F.);
#15149 = FACE_BOUND('',#15150,.T.);
#15150 = EDGE_LOOP('',(#15151,#15152,#15158,#15159));
#15151 = ORIENTED_EDGE('',*,*,#12181,.T.);
#15152 = ORIENTED_EDGE('',*,*,#15153,.T.);
#15153 = EDGE_CURVE('',#12182,#13562,#15154,.T.);
#15154 = LINE('',#15155,#15156);
#15155 = CARTESIAN_POINT('',(12.,-0.97,-4.5E-02));
#15156 = VECTOR('',#15157,1.);
#15157 = DIRECTION('',(0.,0.,1.));
#15158 = ORIENTED_EDGE('',*,*,#13561,.F.);
#15159 = ORIENTED_EDGE('',*,*,#15153,.F.);
#15160 = CYLINDRICAL_SURFACE('',#15161,0.45);
#15161 = AXIS2_PLACEMENT_3D('',#15162,#15163,#15164);
#15162 = CARTESIAN_POINT('',(12.,-0.52,-4.5E-02));
#15163 = DIRECTION('',(-0.,-0.,-1.));
#15164 = DIRECTION('',(-0.,-1.,0.));
#15165 = ADVANCED_FACE('',(#15166),#15177,.F.);
#15166 = FACE_BOUND('',#15167,.T.);
#15167 = EDGE_LOOP('',(#15168,#15169,#15175,#15176));
#15168 = ORIENTED_EDGE('',*,*,#12192,.T.);
#15169 = ORIENTED_EDGE('',*,*,#15170,.T.);
#15170 = EDGE_CURVE('',#12193,#13573,#15171,.T.);
#15171 = LINE('',#15172,#15173);
#15172 = CARTESIAN_POINT('',(5.E-02,-1.8714,-4.5E-02));
#15173 = VECTOR('',#15174,1.);
#15174 = DIRECTION('',(0.,0.,1.));
#15175 = ORIENTED_EDGE('',*,*,#13572,.F.);
#15176 = ORIENTED_EDGE('',*,*,#15170,.F.);
#15177 = CYLINDRICAL_SURFACE('',#15178,1.0414);
#15178 = AXIS2_PLACEMENT_3D('',#15179,#15180,#15181);
#15179 = CARTESIAN_POINT('',(5.E-02,-0.83,-4.5E-02));
#15180 = DIRECTION('',(-0.,0.,-1.));
#15181 = DIRECTION('',(3.997826332192E-17,-1.,-0.));
#15182 = ADVANCED_FACE('',(#15183),#15194,.F.);
#15183 = FACE_BOUND('',#15184,.T.);
#15184 = EDGE_LOOP('',(#15185,#15186,#15192,#15193));
#15185 = ORIENTED_EDGE('',*,*,#12203,.T.);
#15186 = ORIENTED_EDGE('',*,*,#15187,.T.);
#15187 = EDGE_CURVE('',#12204,#13584,#15188,.T.);
#15188 = LINE('',#15189,#15190);
#15189 = CARTESIAN_POINT('',(12.,8.15,-4.5E-02));
#15190 = VECTOR('',#15191,1.);
#15191 = DIRECTION('',(0.,0.,1.));
#15192 = ORIENTED_EDGE('',*,*,#13583,.F.);
#15193 = ORIENTED_EDGE('',*,*,#15187,.F.);
#15194 = CYLINDRICAL_SURFACE('',#15195,0.35);
#15195 = AXIS2_PLACEMENT_3D('',#15196,#15197,#15198);
#15196 = CARTESIAN_POINT('',(12.,8.5,-4.5E-02));
#15197 = DIRECTION('',(-0.,-0.,-1.));
#15198 = DIRECTION('',(-0.,-1.,0.));
#15199 = ADVANCED_FACE('',(#15200),#15211,.F.);
#15200 = FACE_BOUND('',#15201,.T.);
#15201 = EDGE_LOOP('',(#15202,#15203,#15209,#15210));
#15202 = ORIENTED_EDGE('',*,*,#12214,.T.);
#15203 = ORIENTED_EDGE('',*,*,#15204,.T.);
#15204 = EDGE_CURVE('',#12215,#13595,#15205,.T.);
#15205 = LINE('',#15206,#15207);
#15206 = CARTESIAN_POINT('',(-6.65,-20.4,-4.5E-02));
#15207 = VECTOR('',#15208,1.);
#15208 = DIRECTION('',(0.,0.,1.));
#15209 = ORIENTED_EDGE('',*,*,#13594,.F.);
#15210 = ORIENTED_EDGE('',*,*,#15204,.F.);
#15211 = CYLINDRICAL_SURFACE('',#15212,0.9);
#15212 = AXIS2_PLACEMENT_3D('',#15213,#15214,#15215);
#15213 = CARTESIAN_POINT('',(-6.65,-19.5,-4.5E-02));
#15214 = DIRECTION('',(-0.,-0.,-1.));
#15215 = DIRECTION('',(-0.,-1.,0.));
#15216 = ADVANCED_FACE('',(#15217),#15228,.F.);
#15217 = FACE_BOUND('',#15218,.T.);
#15218 = EDGE_LOOP('',(#15219,#15220,#15226,#15227));
#15219 = ORIENTED_EDGE('',*,*,#12225,.T.);
#15220 = ORIENTED_EDGE('',*,*,#15221,.T.);
#15221 = EDGE_CURVE('',#12226,#13606,#15222,.T.);
#15222 = LINE('',#15223,#15224);
#15223 = CARTESIAN_POINT('',(-17.,-27.0826,-4.5E-02));
#15224 = VECTOR('',#15225,1.);
#15225 = DIRECTION('',(0.,0.,1.));
#15226 = ORIENTED_EDGE('',*,*,#13605,.F.);
#15227 = ORIENTED_EDGE('',*,*,#15221,.F.);
#15228 = CYLINDRICAL_SURFACE('',#15229,0.4826);
#15229 = AXIS2_PLACEMENT_3D('',#15230,#15231,#15232);
#15230 = CARTESIAN_POINT('',(-17.,-26.6,-4.5E-02));
#15231 = DIRECTION('',(-0.,-0.,-1.));
#15232 = DIRECTION('',(-0.,-1.,0.));
#15233 = ADVANCED_FACE('',(#15234),#15245,.F.);
#15234 = FACE_BOUND('',#15235,.T.);
#15235 = EDGE_LOOP('',(#15236,#15237,#15243,#15244));
#15236 = ORIENTED_EDGE('',*,*,#12236,.T.);
#15237 = ORIENTED_EDGE('',*,*,#15238,.T.);
#15238 = EDGE_CURVE('',#12237,#13617,#15239,.T.);
#15239 = LINE('',#15240,#15241);
#15240 = CARTESIAN_POINT('',(-19.54,-27.0826,-4.5E-02));
#15241 = VECTOR('',#15242,1.);
#15242 = DIRECTION('',(0.,0.,1.));
#15243 = ORIENTED_EDGE('',*,*,#13616,.F.);
#15244 = ORIENTED_EDGE('',*,*,#15238,.F.);
#15245 = CYLINDRICAL_SURFACE('',#15246,0.4826);
#15246 = AXIS2_PLACEMENT_3D('',#15247,#15248,#15249);
#15247 = CARTESIAN_POINT('',(-19.54,-26.6,-4.5E-02));
#15248 = DIRECTION('',(-0.,-0.,-1.));
#15249 = DIRECTION('',(-0.,-1.,0.));
#15250 = ADVANCED_FACE('',(#15251),#15262,.F.);
#15251 = FACE_BOUND('',#15252,.T.);
#15252 = EDGE_LOOP('',(#15253,#15254,#15260,#15261));
#15253 = ORIENTED_EDGE('',*,*,#12247,.T.);
#15254 = ORIENTED_EDGE('',*,*,#15255,.T.);
#15255 = EDGE_CURVE('',#12248,#13628,#15256,.T.);
#15256 = LINE('',#15257,#15258);
#15257 = CARTESIAN_POINT('',(-22.08,-27.0826,-4.5E-02));
#15258 = VECTOR('',#15259,1.);
#15259 = DIRECTION('',(0.,0.,1.));
#15260 = ORIENTED_EDGE('',*,*,#13627,.F.);
#15261 = ORIENTED_EDGE('',*,*,#15255,.F.);
#15262 = CYLINDRICAL_SURFACE('',#15263,0.4826);
#15263 = AXIS2_PLACEMENT_3D('',#15264,#15265,#15266);
#15264 = CARTESIAN_POINT('',(-22.08,-26.6,-4.5E-02));
#15265 = DIRECTION('',(-0.,-0.,-1.));
#15266 = DIRECTION('',(-0.,-1.,0.));
#15267 = ADVANCED_FACE('',(#15268),#15279,.F.);
#15268 = FACE_BOUND('',#15269,.T.);
#15269 = EDGE_LOOP('',(#15270,#15271,#15277,#15278));
#15270 = ORIENTED_EDGE('',*,*,#12258,.T.);
#15271 = ORIENTED_EDGE('',*,*,#15272,.T.);
#15272 = EDGE_CURVE('',#12259,#13639,#15273,.T.);
#15273 = LINE('',#15274,#15275);
#15274 = CARTESIAN_POINT('',(-17.,-24.5426,-4.5E-02));
#15275 = VECTOR('',#15276,1.);
#15276 = DIRECTION('',(0.,0.,1.));
#15277 = ORIENTED_EDGE('',*,*,#13638,.F.);
#15278 = ORIENTED_EDGE('',*,*,#15272,.F.);
#15279 = CYLINDRICAL_SURFACE('',#15280,0.4826);
#15280 = AXIS2_PLACEMENT_3D('',#15281,#15282,#15283);
#15281 = CARTESIAN_POINT('',(-17.,-24.06,-4.5E-02));
#15282 = DIRECTION('',(-0.,-0.,-1.));
#15283 = DIRECTION('',(-0.,-1.,0.));
#15284 = ADVANCED_FACE('',(#15285),#15296,.F.);
#15285 = FACE_BOUND('',#15286,.T.);
#15286 = EDGE_LOOP('',(#15287,#15288,#15294,#15295));
#15287 = ORIENTED_EDGE('',*,*,#12269,.T.);
#15288 = ORIENTED_EDGE('',*,*,#15289,.T.);
#15289 = EDGE_CURVE('',#12270,#13650,#15290,.T.);
#15290 = LINE('',#15291,#15292);
#15291 = CARTESIAN_POINT('',(-19.54,-24.5426,-4.5E-02));
#15292 = VECTOR('',#15293,1.);
#15293 = DIRECTION('',(0.,0.,1.));
#15294 = ORIENTED_EDGE('',*,*,#13649,.F.);
#15295 = ORIENTED_EDGE('',*,*,#15289,.F.);
#15296 = CYLINDRICAL_SURFACE('',#15297,0.4826);
#15297 = AXIS2_PLACEMENT_3D('',#15298,#15299,#15300);
#15298 = CARTESIAN_POINT('',(-19.54,-24.06,-4.5E-02));
#15299 = DIRECTION('',(-0.,-0.,-1.));
#15300 = DIRECTION('',(-0.,-1.,0.));
#15301 = ADVANCED_FACE('',(#15302),#15313,.F.);
#15302 = FACE_BOUND('',#15303,.T.);
#15303 = EDGE_LOOP('',(#15304,#15305,#15311,#15312));
#15304 = ORIENTED_EDGE('',*,*,#12280,.T.);
#15305 = ORIENTED_EDGE('',*,*,#15306,.T.);
#15306 = EDGE_CURVE('',#12281,#13661,#15307,.T.);
#15307 = LINE('',#15308,#15309);
#15308 = CARTESIAN_POINT('',(-22.08,-24.5426,-4.5E-02));
#15309 = VECTOR('',#15310,1.);
#15310 = DIRECTION('',(0.,0.,1.));
#15311 = ORIENTED_EDGE('',*,*,#13660,.F.);
#15312 = ORIENTED_EDGE('',*,*,#15306,.F.);
#15313 = CYLINDRICAL_SURFACE('',#15314,0.4826);
#15314 = AXIS2_PLACEMENT_3D('',#15315,#15316,#15317);
#15315 = CARTESIAN_POINT('',(-22.08,-24.06,-4.5E-02));
#15316 = DIRECTION('',(-0.,-0.,-1.));
#15317 = DIRECTION('',(-0.,-1.,0.));
#15318 = ADVANCED_FACE('',(#15319),#15330,.F.);
#15319 = FACE_BOUND('',#15320,.T.);
#15320 = EDGE_LOOP('',(#15321,#15322,#15328,#15329));
#15321 = ORIENTED_EDGE('',*,*,#12291,.T.);
#15322 = ORIENTED_EDGE('',*,*,#15323,.T.);
#15323 = EDGE_CURVE('',#12292,#13672,#15324,.T.);
#15324 = LINE('',#15325,#15326);
#15325 = CARTESIAN_POINT('',(-24.62,-27.0826,-4.5E-02));
#15326 = VECTOR('',#15327,1.);
#15327 = DIRECTION('',(0.,0.,1.));
#15328 = ORIENTED_EDGE('',*,*,#13671,.F.);
#15329 = ORIENTED_EDGE('',*,*,#15323,.F.);
#15330 = CYLINDRICAL_SURFACE('',#15331,0.4826);
#15331 = AXIS2_PLACEMENT_3D('',#15332,#15333,#15334);
#15332 = CARTESIAN_POINT('',(-24.62,-26.6,-4.5E-02));
#15333 = DIRECTION('',(-0.,-0.,-1.));
#15334 = DIRECTION('',(-7.361611435558E-15,-1.,0.));
#15335 = ADVANCED_FACE('',(#15336),#15347,.F.);
#15336 = FACE_BOUND('',#15337,.T.);
#15337 = EDGE_LOOP('',(#15338,#15339,#15345,#15346));
#15338 = ORIENTED_EDGE('',*,*,#12302,.T.);
#15339 = ORIENTED_EDGE('',*,*,#15340,.T.);
#15340 = EDGE_CURVE('',#12303,#13683,#15341,.T.);
#15341 = LINE('',#15342,#15343);
#15342 = CARTESIAN_POINT('',(-27.16,-27.0826,-4.5E-02));
#15343 = VECTOR('',#15344,1.);
#15344 = DIRECTION('',(0.,0.,1.));
#15345 = ORIENTED_EDGE('',*,*,#13682,.F.);
#15346 = ORIENTED_EDGE('',*,*,#15340,.F.);
#15347 = CYLINDRICAL_SURFACE('',#15348,0.4826);
#15348 = AXIS2_PLACEMENT_3D('',#15349,#15350,#15351);
#15349 = CARTESIAN_POINT('',(-27.16,-26.6,-4.5E-02));
#15350 = DIRECTION('',(-0.,-0.,-1.));
#15351 = DIRECTION('',(-0.,-1.,0.));
#15352 = ADVANCED_FACE('',(#15353),#15364,.F.);
#15353 = FACE_BOUND('',#15354,.T.);
#15354 = EDGE_LOOP('',(#15355,#15356,#15362,#15363));
#15355 = ORIENTED_EDGE('',*,*,#12313,.T.);
#15356 = ORIENTED_EDGE('',*,*,#15357,.T.);
#15357 = EDGE_CURVE('',#12314,#13694,#15358,.T.);
#15358 = LINE('',#15359,#15360);
#15359 = CARTESIAN_POINT('',(-24.62,-24.5426,-4.5E-02));
#15360 = VECTOR('',#15361,1.);
#15361 = DIRECTION('',(0.,0.,1.));
#15362 = ORIENTED_EDGE('',*,*,#13693,.F.);
#15363 = ORIENTED_EDGE('',*,*,#15357,.F.);
#15364 = CYLINDRICAL_SURFACE('',#15365,0.4826);
#15365 = AXIS2_PLACEMENT_3D('',#15366,#15367,#15368);
#15366 = CARTESIAN_POINT('',(-24.62,-24.06,-4.5E-02));
#15367 = DIRECTION('',(-0.,-0.,-1.));
#15368 = DIRECTION('',(-7.361611435558E-15,-1.,0.));
#15369 = ADVANCED_FACE('',(#15370),#15381,.F.);
#15370 = FACE_BOUND('',#15371,.T.);
#15371 = EDGE_LOOP('',(#15372,#15373,#15379,#15380));
#15372 = ORIENTED_EDGE('',*,*,#12324,.T.);
#15373 = ORIENTED_EDGE('',*,*,#15374,.T.);
#15374 = EDGE_CURVE('',#12325,#13705,#15375,.T.);
#15375 = LINE('',#15376,#15377);
#15376 = CARTESIAN_POINT('',(-27.16,-24.5426,-4.5E-02));
#15377 = VECTOR('',#15378,1.);
#15378 = DIRECTION('',(0.,0.,1.));
#15379 = ORIENTED_EDGE('',*,*,#13704,.F.);
#15380 = ORIENTED_EDGE('',*,*,#15374,.F.);
#15381 = CYLINDRICAL_SURFACE('',#15382,0.4826);
#15382 = AXIS2_PLACEMENT_3D('',#15383,#15384,#15385);
#15383 = CARTESIAN_POINT('',(-27.16,-24.06,-4.5E-02));
#15384 = DIRECTION('',(-0.,-0.,-1.));
#15385 = DIRECTION('',(-0.,-1.,0.));
#15386 = ADVANCED_FACE('',(#15387),#15398,.F.);
#15387 = FACE_BOUND('',#15388,.T.);
#15388 = EDGE_LOOP('',(#15389,#15390,#15396,#15397));
#15389 = ORIENTED_EDGE('',*,*,#12335,.T.);
#15390 = ORIENTED_EDGE('',*,*,#15391,.T.);
#15391 = EDGE_CURVE('',#12336,#13716,#15392,.T.);
#15392 = LINE('',#15393,#15394);
#15393 = CARTESIAN_POINT('',(-3.5,-14.85,-4.5E-02));
#15394 = VECTOR('',#15395,1.);
#15395 = DIRECTION('',(0.,0.,1.));
#15396 = ORIENTED_EDGE('',*,*,#13715,.F.);
#15397 = ORIENTED_EDGE('',*,*,#15391,.F.);
#15398 = CYLINDRICAL_SURFACE('',#15399,1.35);
#15399 = AXIS2_PLACEMENT_3D('',#15400,#15401,#15402);
#15400 = CARTESIAN_POINT('',(-3.5,-13.5,-4.5E-02));
#15401 = DIRECTION('',(-0.,-0.,-1.));
#15402 = DIRECTION('',(-0.,-1.,0.));
#15403 = ADVANCED_FACE('',(#15404),#15415,.F.);
#15404 = FACE_BOUND('',#15405,.T.);
#15405 = EDGE_LOOP('',(#15406,#15407,#15413,#15414));
#15406 = ORIENTED_EDGE('',*,*,#12346,.T.);
#15407 = ORIENTED_EDGE('',*,*,#15408,.T.);
#15408 = EDGE_CURVE('',#12347,#13727,#15409,.T.);
#15409 = LINE('',#15410,#15411);
#15410 = CARTESIAN_POINT('',(-3.76,-9.085,-4.5E-02));
#15411 = VECTOR('',#15412,1.);
#15412 = DIRECTION('',(0.,0.,1.));
#15413 = ORIENTED_EDGE('',*,*,#13726,.F.);
#15414 = ORIENTED_EDGE('',*,*,#15408,.F.);
#15415 = CYLINDRICAL_SURFACE('',#15416,0.635);
#15416 = AXIS2_PLACEMENT_3D('',#15417,#15418,#15419);
#15417 = CARTESIAN_POINT('',(-3.76,-8.45,-4.5E-02));
#15418 = DIRECTION('',(-0.,-0.,-1.));
#15419 = DIRECTION('',(-0.,-1.,0.));
#15420 = ADVANCED_FACE('',(#15421),#15432,.F.);
#15421 = FACE_BOUND('',#15422,.T.);
#15422 = EDGE_LOOP('',(#15423,#15424,#15430,#15431));
#15423 = ORIENTED_EDGE('',*,*,#12357,.T.);
#15424 = ORIENTED_EDGE('',*,*,#15425,.T.);
#15425 = EDGE_CURVE('',#12358,#13738,#15426,.T.);
#15426 = LINE('',#15427,#15428);
#15427 = CARTESIAN_POINT('',(-57.459999,-28.999995,-4.5E-02));
#15428 = VECTOR('',#15429,1.);
#15429 = DIRECTION('',(0.,0.,1.));
#15430 = ORIENTED_EDGE('',*,*,#13737,.F.);
#15431 = ORIENTED_EDGE('',*,*,#15425,.F.);
#15432 = CYLINDRICAL_SURFACE('',#15433,1.4999995);
#15433 = AXIS2_PLACEMENT_3D('',#15434,#15435,#15436);
#15434 = CARTESIAN_POINT('',(-57.4599985,-27.4999955,-4.5E-02));
#15435 = DIRECTION('',(-0.,-0.,-1.));
#15436 = DIRECTION('',(-3.333334483398E-07,-1.,0.));
#15437 = ADVANCED_FACE('',(#15438),#15449,.F.);
#15438 = FACE_BOUND('',#15439,.T.);
#15439 = EDGE_LOOP('',(#15440,#15441,#15447,#15448));
#15440 = ORIENTED_EDGE('',*,*,#12368,.T.);
#15441 = ORIENTED_EDGE('',*,*,#15442,.T.);
#15442 = EDGE_CURVE('',#12369,#13749,#15443,.T.);
#15443 = LINE('',#15444,#15445);
#15444 = CARTESIAN_POINT('',(-57.,-23.499998,-4.5E-02));
#15445 = VECTOR('',#15446,1.);
#15446 = DIRECTION('',(0.,0.,1.));
#15447 = ORIENTED_EDGE('',*,*,#13748,.F.);
#15448 = ORIENTED_EDGE('',*,*,#15442,.F.);
#15449 = CYLINDRICAL_SURFACE('',#15450,0.7);
#15450 = AXIS2_PLACEMENT_3D('',#15451,#15452,#15453);
#15451 = CARTESIAN_POINT('',(-57.,-22.799998,-4.5E-02));
#15452 = DIRECTION('',(-0.,-0.,-1.));
#15453 = DIRECTION('',(-0.,-1.,0.));
#15454 = ADVANCED_FACE('',(#15455),#15466,.F.);
#15455 = FACE_BOUND('',#15456,.T.);
#15456 = EDGE_LOOP('',(#15457,#15458,#15464,#15465));
#15457 = ORIENTED_EDGE('',*,*,#12379,.T.);
#15458 = ORIENTED_EDGE('',*,*,#15459,.T.);
#15459 = EDGE_CURVE('',#12380,#13760,#15460,.T.);
#15460 = LINE('',#15461,#15462);
#15461 = CARTESIAN_POINT('',(-62.499999,-23.499998,-4.5E-02));
#15462 = VECTOR('',#15463,1.);
#15463 = DIRECTION('',(0.,0.,1.));
#15464 = ORIENTED_EDGE('',*,*,#13759,.F.);
#15465 = ORIENTED_EDGE('',*,*,#15459,.F.);
#15466 = CYLINDRICAL_SURFACE('',#15467,0.7);
#15467 = AXIS2_PLACEMENT_3D('',#15468,#15469,#15470);
#15468 = CARTESIAN_POINT('',(-62.499999,-22.799998,-4.5E-02));
#15469 = DIRECTION('',(-0.,-0.,-1.));
#15470 = DIRECTION('',(-0.,-1.,0.));
#15471 = ADVANCED_FACE('',(#15472),#15483,.F.);
#15472 = FACE_BOUND('',#15473,.T.);
#15473 = EDGE_LOOP('',(#15474,#15475,#15481,#15482));
#15474 = ORIENTED_EDGE('',*,*,#12390,.T.);
#15475 = ORIENTED_EDGE('',*,*,#15476,.T.);
#15476 = EDGE_CURVE('',#12391,#13771,#15477,.T.);
#15477 = LINE('',#15478,#15479);
#15478 = CARTESIAN_POINT('',(-57.,-19.299999,-4.5E-02));
#15479 = VECTOR('',#15480,1.);
#15480 = DIRECTION('',(0.,0.,1.));
#15481 = ORIENTED_EDGE('',*,*,#13770,.F.);
#15482 = ORIENTED_EDGE('',*,*,#15476,.F.);
#15483 = CYLINDRICAL_SURFACE('',#15484,0.7);
#15484 = AXIS2_PLACEMENT_3D('',#15485,#15486,#15487);
#15485 = CARTESIAN_POINT('',(-57.,-18.599999,-4.5E-02));
#15486 = DIRECTION('',(-0.,-0.,-1.));
#15487 = DIRECTION('',(-0.,-1.,0.));
#15488 = ADVANCED_FACE('',(#15489),#15500,.F.);
#15489 = FACE_BOUND('',#15490,.T.);
#15490 = EDGE_LOOP('',(#15491,#15492,#15498,#15499));
#15491 = ORIENTED_EDGE('',*,*,#12401,.T.);
#15492 = ORIENTED_EDGE('',*,*,#15493,.T.);
#15493 = EDGE_CURVE('',#12402,#13782,#15494,.T.);
#15494 = LINE('',#15495,#15496);
#15495 = CARTESIAN_POINT('',(-62.499999,-19.299999,-4.5E-02));
#15496 = VECTOR('',#15497,1.);
#15497 = DIRECTION('',(0.,0.,1.));
#15498 = ORIENTED_EDGE('',*,*,#13781,.F.);
#15499 = ORIENTED_EDGE('',*,*,#15493,.F.);
#15500 = CYLINDRICAL_SURFACE('',#15501,0.7);
#15501 = AXIS2_PLACEMENT_3D('',#15502,#15503,#15504);
#15502 = CARTESIAN_POINT('',(-62.499999,-18.599999,-4.5E-02));
#15503 = DIRECTION('',(-0.,-0.,-1.));
#15504 = DIRECTION('',(-0.,-1.,0.));
#15505 = ADVANCED_FACE('',(#15506),#15517,.F.);
#15506 = FACE_BOUND('',#15507,.T.);
#15507 = EDGE_LOOP('',(#15508,#15509,#15515,#15516));
#15508 = ORIENTED_EDGE('',*,*,#12412,.T.);
#15509 = ORIENTED_EDGE('',*,*,#15510,.T.);
#15510 = EDGE_CURVE('',#12413,#13793,#15511,.T.);
#15511 = LINE('',#15512,#15513);
#15512 = CARTESIAN_POINT('',(-57.,-15.1,-4.5E-02));
#15513 = VECTOR('',#15514,1.);
#15514 = DIRECTION('',(0.,0.,1.));
#15515 = ORIENTED_EDGE('',*,*,#13792,.F.);
#15516 = ORIENTED_EDGE('',*,*,#15510,.F.);
#15517 = CYLINDRICAL_SURFACE('',#15518,0.7);
#15518 = AXIS2_PLACEMENT_3D('',#15519,#15520,#15521);
#15519 = CARTESIAN_POINT('',(-57.,-14.4,-4.5E-02));
#15520 = DIRECTION('',(-0.,-0.,-1.));
#15521 = DIRECTION('',(-0.,-1.,0.));
#15522 = ADVANCED_FACE('',(#15523),#15534,.F.);
#15523 = FACE_BOUND('',#15524,.T.);
#15524 = EDGE_LOOP('',(#15525,#15526,#15532,#15533));
#15525 = ORIENTED_EDGE('',*,*,#12423,.T.);
#15526 = ORIENTED_EDGE('',*,*,#15527,.T.);
#15527 = EDGE_CURVE('',#12424,#13804,#15528,.T.);
#15528 = LINE('',#15529,#15530);
#15529 = CARTESIAN_POINT('',(-62.499999,-15.1,-4.5E-02));
#15530 = VECTOR('',#15531,1.);
#15531 = DIRECTION('',(0.,0.,1.));
#15532 = ORIENTED_EDGE('',*,*,#13803,.F.);
#15533 = ORIENTED_EDGE('',*,*,#15527,.F.);
#15534 = CYLINDRICAL_SURFACE('',#15535,0.7);
#15535 = AXIS2_PLACEMENT_3D('',#15536,#15537,#15538);
#15536 = CARTESIAN_POINT('',(-62.499999,-14.4,-4.5E-02));
#15537 = DIRECTION('',(-0.,-0.,-1.));
#15538 = DIRECTION('',(-0.,-1.,0.));
#15539 = ADVANCED_FACE('',(#15540),#15551,.F.);
#15540 = FACE_BOUND('',#15541,.T.);
#15541 = EDGE_LOOP('',(#15542,#15543,#15549,#15550));
#15542 = ORIENTED_EDGE('',*,*,#12434,.T.);
#15543 = ORIENTED_EDGE('',*,*,#15544,.T.);
#15544 = EDGE_CURVE('',#12435,#13815,#15545,.T.);
#15545 = LINE('',#15546,#15547);
#15546 = CARTESIAN_POINT('',(-57.,-10.9,-4.5E-02));
#15547 = VECTOR('',#15548,1.);
#15548 = DIRECTION('',(0.,0.,1.));
#15549 = ORIENTED_EDGE('',*,*,#13814,.F.);
#15550 = ORIENTED_EDGE('',*,*,#15544,.F.);
#15551 = CYLINDRICAL_SURFACE('',#15552,0.7);
#15552 = AXIS2_PLACEMENT_3D('',#15553,#15554,#15555);
#15553 = CARTESIAN_POINT('',(-57.,-10.2,-4.5E-02));
#15554 = DIRECTION('',(-0.,-0.,-1.));
#15555 = DIRECTION('',(-0.,-1.,0.));
#15556 = ADVANCED_FACE('',(#15557),#15568,.F.);
#15557 = FACE_BOUND('',#15558,.T.);
#15558 = EDGE_LOOP('',(#15559,#15560,#15566,#15567));
#15559 = ORIENTED_EDGE('',*,*,#12445,.T.);
#15560 = ORIENTED_EDGE('',*,*,#15561,.T.);
#15561 = EDGE_CURVE('',#12446,#13826,#15562,.T.);
#15562 = LINE('',#15563,#15564);
#15563 = CARTESIAN_POINT('',(-62.499999,-10.9,-4.5E-02));
#15564 = VECTOR('',#15565,1.);
#15565 = DIRECTION('',(0.,0.,1.));
#15566 = ORIENTED_EDGE('',*,*,#13825,.F.);
#15567 = ORIENTED_EDGE('',*,*,#15561,.F.);
#15568 = CYLINDRICAL_SURFACE('',#15569,0.7);
#15569 = AXIS2_PLACEMENT_3D('',#15570,#15571,#15572);
#15570 = CARTESIAN_POINT('',(-62.499999,-10.2,-4.5E-02));
#15571 = DIRECTION('',(-0.,-0.,-1.));
#15572 = DIRECTION('',(-0.,-1.,0.));
#15573 = ADVANCED_FACE('',(#15574),#15585,.F.);
#15574 = FACE_BOUND('',#15575,.T.);
#15575 = EDGE_LOOP('',(#15576,#15577,#15583,#15584));
#15576 = ORIENTED_EDGE('',*,*,#12456,.T.);
#15577 = ORIENTED_EDGE('',*,*,#15578,.T.);
#15578 = EDGE_CURVE('',#12457,#13837,#15579,.T.);
#15579 = LINE('',#15580,#15581);
#15580 = CARTESIAN_POINT('',(-12.,-0.85,-4.5E-02));
#15581 = VECTOR('',#15582,1.);
#15582 = DIRECTION('',(0.,0.,1.));
#15583 = ORIENTED_EDGE('',*,*,#13836,.F.);
#15584 = ORIENTED_EDGE('',*,*,#15578,.F.);
#15585 = CYLINDRICAL_SURFACE('',#15586,0.35);
#15586 = AXIS2_PLACEMENT_3D('',#15587,#15588,#15589);
#15587 = CARTESIAN_POINT('',(-12.,-0.5,-4.5E-02));
#15588 = DIRECTION('',(-0.,-0.,-1.));
#15589 = DIRECTION('',(-0.,-1.,0.));
#15590 = ADVANCED_FACE('',(#15591),#15602,.F.);
#15591 = FACE_BOUND('',#15592,.T.);
#15592 = EDGE_LOOP('',(#15593,#15594,#15600,#15601));
#15593 = ORIENTED_EDGE('',*,*,#12467,.T.);
#15594 = ORIENTED_EDGE('',*,*,#15595,.T.);
#15595 = EDGE_CURVE('',#12468,#13848,#15596,.T.);
#15596 = LINE('',#15597,#15598);
#15597 = CARTESIAN_POINT('',(-12.,8.07,-4.5E-02));
#15598 = VECTOR('',#15599,1.);
#15599 = DIRECTION('',(0.,0.,1.));
#15600 = ORIENTED_EDGE('',*,*,#13847,.F.);
#15601 = ORIENTED_EDGE('',*,*,#15595,.F.);
#15602 = CYLINDRICAL_SURFACE('',#15603,0.45);
#15603 = AXIS2_PLACEMENT_3D('',#15604,#15605,#15606);
#15604 = CARTESIAN_POINT('',(-12.,8.52,-4.5E-02));
#15605 = DIRECTION('',(-0.,-0.,-1.));
#15606 = DIRECTION('',(-0.,-1.,0.));
#15607 = ADVANCED_FACE('',(#15608),#15619,.F.);
#15608 = FACE_BOUND('',#15609,.T.);
#15609 = EDGE_LOOP('',(#15610,#15611,#15617,#15618));
#15610 = ORIENTED_EDGE('',*,*,#12478,.T.);
#15611 = ORIENTED_EDGE('',*,*,#15612,.T.);
#15612 = EDGE_CURVE('',#12479,#13859,#15613,.T.);
#15613 = LINE('',#15614,#15615);
#15614 = CARTESIAN_POINT('',(-57.459999,-7.000039,-4.5E-02));
#15615 = VECTOR('',#15616,1.);
#15616 = DIRECTION('',(0.,0.,1.));
#15617 = ORIENTED_EDGE('',*,*,#13858,.F.);
#15618 = ORIENTED_EDGE('',*,*,#15612,.F.);
#15619 = CYLINDRICAL_SURFACE('',#15620,1.4999995);
#15620 = AXIS2_PLACEMENT_3D('',#15621,#15622,#15623);
#15621 = CARTESIAN_POINT('',(-57.4599985,-5.5000395,-4.5E-02));
#15622 = DIRECTION('',(-0.,-0.,-1.));
#15623 = DIRECTION('',(-3.333334483398E-07,-1.,0.));
#15624 = ADVANCED_FACE('',(#15625),#15636,.F.);
#15625 = FACE_BOUND('',#15626,.T.);
#15626 = EDGE_LOOP('',(#15627,#15628,#15634,#15635));
#15627 = ORIENTED_EDGE('',*,*,#12489,.T.);
#15628 = ORIENTED_EDGE('',*,*,#15629,.T.);
#15629 = EDGE_CURVE('',#12490,#13870,#15630,.T.);
#15630 = LINE('',#15631,#15632);
#15631 = CARTESIAN_POINT('',(-48.5,-0.85,-4.5E-02));
#15632 = VECTOR('',#15633,1.);
#15633 = DIRECTION('',(0.,0.,1.));
#15634 = ORIENTED_EDGE('',*,*,#13869,.F.);
#15635 = ORIENTED_EDGE('',*,*,#15629,.F.);
#15636 = CYLINDRICAL_SURFACE('',#15637,1.85);
#15637 = AXIS2_PLACEMENT_3D('',#15638,#15639,#15640);
#15638 = CARTESIAN_POINT('',(-48.5,1.,-4.5E-02));
#15639 = DIRECTION('',(-0.,-0.,-1.));
#15640 = DIRECTION('',(-0.,-1.,0.));
#15641 = ADVANCED_FACE('',(#15642),#15653,.F.);
#15642 = FACE_BOUND('',#15643,.T.);
#15643 = EDGE_LOOP('',(#15644,#15645,#15651,#15652));
#15644 = ORIENTED_EDGE('',*,*,#12500,.T.);
#15645 = ORIENTED_EDGE('',*,*,#15646,.T.);
#15646 = EDGE_CURVE('',#12501,#13881,#15647,.T.);
#15647 = LINE('',#15648,#15649);
#15648 = CARTESIAN_POINT('',(-57.459999,3.9,-4.5E-02));
#15649 = VECTOR('',#15650,1.);
#15650 = DIRECTION('',(0.,0.,1.));
#15651 = ORIENTED_EDGE('',*,*,#13880,.F.);
#15652 = ORIENTED_EDGE('',*,*,#15646,.F.);
#15653 = CYLINDRICAL_SURFACE('',#15654,1.4999995);
#15654 = AXIS2_PLACEMENT_3D('',#15655,#15656,#15657);
#15655 = CARTESIAN_POINT('',(-57.4599985,5.3999995,-4.5E-02));
#15656 = DIRECTION('',(-0.,-0.,-1.));
#15657 = DIRECTION('',(-3.333334483398E-07,-1.,0.));
#15658 = ADVANCED_FACE('',(#15659),#15670,.F.);
#15659 = FACE_BOUND('',#15660,.T.);
#15660 = EDGE_LOOP('',(#15661,#15662,#15668,#15669));
#15661 = ORIENTED_EDGE('',*,*,#12511,.T.);
#15662 = ORIENTED_EDGE('',*,*,#15663,.T.);
#15663 = EDGE_CURVE('',#12512,#13892,#15664,.T.);
#15664 = LINE('',#15665,#15666);
#15665 = CARTESIAN_POINT('',(-57.,9.399998,-4.5E-02));
#15666 = VECTOR('',#15667,1.);
#15667 = DIRECTION('',(0.,0.,1.));
#15668 = ORIENTED_EDGE('',*,*,#13891,.F.);
#15669 = ORIENTED_EDGE('',*,*,#15663,.F.);
#15670 = CYLINDRICAL_SURFACE('',#15671,0.7);
#15671 = AXIS2_PLACEMENT_3D('',#15672,#15673,#15674);
#15672 = CARTESIAN_POINT('',(-57.,10.099998,-4.5E-02));
#15673 = DIRECTION('',(-0.,-0.,-1.));
#15674 = DIRECTION('',(-0.,-1.,0.));
#15675 = ADVANCED_FACE('',(#15676),#15687,.F.);
#15676 = FACE_BOUND('',#15677,.T.);
#15677 = EDGE_LOOP('',(#15678,#15679,#15685,#15686));
#15678 = ORIENTED_EDGE('',*,*,#12522,.T.);
#15679 = ORIENTED_EDGE('',*,*,#15680,.T.);
#15680 = EDGE_CURVE('',#12523,#13903,#15681,.T.);
#15681 = LINE('',#15682,#15683);
#15682 = CARTESIAN_POINT('',(-62.499999,9.399998,-4.5E-02));
#15683 = VECTOR('',#15684,1.);
#15684 = DIRECTION('',(0.,0.,1.));
#15685 = ORIENTED_EDGE('',*,*,#13902,.F.);
#15686 = ORIENTED_EDGE('',*,*,#15680,.F.);
#15687 = CYLINDRICAL_SURFACE('',#15688,0.7);
#15688 = AXIS2_PLACEMENT_3D('',#15689,#15690,#15691);
#15689 = CARTESIAN_POINT('',(-62.499999,10.099998,-4.5E-02));
#15690 = DIRECTION('',(-0.,-0.,-1.));
#15691 = DIRECTION('',(-0.,-1.,0.));
#15692 = ADVANCED_FACE('',(#15693),#15704,.F.);
#15693 = FACE_BOUND('',#15694,.T.);
#15694 = EDGE_LOOP('',(#15695,#15696,#15702,#15703));
#15695 = ORIENTED_EDGE('',*,*,#12533,.T.);
#15696 = ORIENTED_EDGE('',*,*,#15697,.T.);
#15697 = EDGE_CURVE('',#12534,#13914,#15698,.T.);
#15698 = LINE('',#15699,#15700);
#15699 = CARTESIAN_POINT('',(-57.,13.599997,-4.5E-02));
#15700 = VECTOR('',#15701,1.);
#15701 = DIRECTION('',(0.,0.,1.));
#15702 = ORIENTED_EDGE('',*,*,#13913,.F.);
#15703 = ORIENTED_EDGE('',*,*,#15697,.F.);
#15704 = CYLINDRICAL_SURFACE('',#15705,0.7);
#15705 = AXIS2_PLACEMENT_3D('',#15706,#15707,#15708);
#15706 = CARTESIAN_POINT('',(-57.,14.299997,-4.5E-02));
#15707 = DIRECTION('',(-0.,-0.,-1.));
#15708 = DIRECTION('',(-0.,-1.,0.));
#15709 = ADVANCED_FACE('',(#15710),#15721,.F.);
#15710 = FACE_BOUND('',#15711,.T.);
#15711 = EDGE_LOOP('',(#15712,#15713,#15719,#15720));
#15712 = ORIENTED_EDGE('',*,*,#12544,.T.);
#15713 = ORIENTED_EDGE('',*,*,#15714,.T.);
#15714 = EDGE_CURVE('',#12545,#13925,#15715,.T.);
#15715 = LINE('',#15716,#15717);
#15716 = CARTESIAN_POINT('',(-62.499999,13.599997,-4.5E-02));
#15717 = VECTOR('',#15718,1.);
#15718 = DIRECTION('',(0.,0.,1.));
#15719 = ORIENTED_EDGE('',*,*,#13924,.F.);
#15720 = ORIENTED_EDGE('',*,*,#15714,.F.);
#15721 = CYLINDRICAL_SURFACE('',#15722,0.7);
#15722 = AXIS2_PLACEMENT_3D('',#15723,#15724,#15725);
#15723 = CARTESIAN_POINT('',(-62.499999,14.299997,-4.5E-02));
#15724 = DIRECTION('',(-0.,-0.,-1.));
#15725 = DIRECTION('',(-0.,-1.,0.));
#15726 = ADVANCED_FACE('',(#15727),#15738,.F.);
#15727 = FACE_BOUND('',#15728,.T.);
#15728 = EDGE_LOOP('',(#15729,#15730,#15736,#15737));
#15729 = ORIENTED_EDGE('',*,*,#12555,.T.);
#15730 = ORIENTED_EDGE('',*,*,#15731,.T.);
#15731 = EDGE_CURVE('',#12556,#13936,#15732,.T.);
#15732 = LINE('',#15733,#15734);
#15733 = CARTESIAN_POINT('',(62.54,17.899959,-4.5E-02));
#15734 = VECTOR('',#15735,1.);
#15735 = DIRECTION('',(0.,0.,1.));
#15736 = ORIENTED_EDGE('',*,*,#13935,.F.);
#15737 = ORIENTED_EDGE('',*,*,#15731,.F.);
#15738 = CYLINDRICAL_SURFACE('',#15739,0.7);
#15739 = AXIS2_PLACEMENT_3D('',#15740,#15741,#15742);
#15740 = CARTESIAN_POINT('',(62.54,18.599959,-4.5E-02));
#15741 = DIRECTION('',(-0.,-0.,-1.));
#15742 = DIRECTION('',(-1.015061051086E-14,-1.,0.));
#15743 = ADVANCED_FACE('',(#15744),#15755,.F.);
#15744 = FACE_BOUND('',#15745,.T.);
#15745 = EDGE_LOOP('',(#15746,#15747,#15753,#15754));
#15746 = ORIENTED_EDGE('',*,*,#12566,.T.);
#15747 = ORIENTED_EDGE('',*,*,#15748,.T.);
#15748 = EDGE_CURVE('',#12567,#13947,#15749,.T.);
#15749 = LINE('',#15750,#15751);
#15750 = CARTESIAN_POINT('',(57.040001,17.899959,-4.5E-02));
#15751 = VECTOR('',#15752,1.);
#15752 = DIRECTION('',(0.,0.,1.));
#15753 = ORIENTED_EDGE('',*,*,#13946,.F.);
#15754 = ORIENTED_EDGE('',*,*,#15748,.F.);
#15755 = CYLINDRICAL_SURFACE('',#15756,0.7);
#15756 = AXIS2_PLACEMENT_3D('',#15757,#15758,#15759);
#15757 = CARTESIAN_POINT('',(57.040001,18.599959,-4.5E-02));
#15758 = DIRECTION('',(-0.,-0.,-1.));
#15759 = DIRECTION('',(-1.015061051086E-14,-1.,0.));
#15760 = ADVANCED_FACE('',(#15761),#15772,.F.);
#15761 = FACE_BOUND('',#15762,.T.);
#15762 = EDGE_LOOP('',(#15763,#15764,#15770,#15771));
#15763 = ORIENTED_EDGE('',*,*,#12577,.T.);
#15764 = ORIENTED_EDGE('',*,*,#15765,.T.);
#15765 = EDGE_CURVE('',#12578,#13958,#15766,.T.);
#15766 = LINE('',#15767,#15768);
#15767 = CARTESIAN_POINT('',(62.54,22.099958,-4.5E-02));
#15768 = VECTOR('',#15769,1.);
#15769 = DIRECTION('',(0.,0.,1.));
#15770 = ORIENTED_EDGE('',*,*,#13957,.F.);
#15771 = ORIENTED_EDGE('',*,*,#15765,.F.);
#15772 = CYLINDRICAL_SURFACE('',#15773,0.7);
#15773 = AXIS2_PLACEMENT_3D('',#15774,#15775,#15776);
#15774 = CARTESIAN_POINT('',(62.54,22.799958,-4.5E-02));
#15775 = DIRECTION('',(-0.,-0.,-1.));
#15776 = DIRECTION('',(-1.015061051086E-14,-1.,0.));
#15777 = ADVANCED_FACE('',(#15778),#15789,.F.);
#15778 = FACE_BOUND('',#15779,.T.);
#15779 = EDGE_LOOP('',(#15780,#15781,#15787,#15788));
#15780 = ORIENTED_EDGE('',*,*,#12588,.T.);
#15781 = ORIENTED_EDGE('',*,*,#15782,.T.);
#15782 = EDGE_CURVE('',#12589,#13969,#15783,.T.);
#15783 = LINE('',#15784,#15785);
#15784 = CARTESIAN_POINT('',(57.040001,22.099958,-4.5E-02));
#15785 = VECTOR('',#15786,1.);
#15786 = DIRECTION('',(0.,0.,1.));
#15787 = ORIENTED_EDGE('',*,*,#13968,.F.);
#15788 = ORIENTED_EDGE('',*,*,#15782,.F.);
#15789 = CYLINDRICAL_SURFACE('',#15790,0.7);
#15790 = AXIS2_PLACEMENT_3D('',#15791,#15792,#15793);
#15791 = CARTESIAN_POINT('',(57.040001,22.799958,-4.5E-02));
#15792 = DIRECTION('',(-0.,-0.,-1.));
#15793 = DIRECTION('',(-1.015061051086E-14,-1.,0.));
#15794 = ADVANCED_FACE('',(#15795),#15806,.F.);
#15795 = FACE_BOUND('',#15796,.T.);
#15796 = EDGE_LOOP('',(#15797,#15798,#15804,#15805));
#15797 = ORIENTED_EDGE('',*,*,#12599,.T.);
#15798 = ORIENTED_EDGE('',*,*,#15799,.T.);
#15799 = EDGE_CURVE('',#12600,#13980,#15800,.T.);
#15800 = LINE('',#15801,#15802);
#15801 = CARTESIAN_POINT('',(57.5,25.999956,-4.5E-02));
#15802 = VECTOR('',#15803,1.);
#15803 = DIRECTION('',(0.,0.,1.));
#15804 = ORIENTED_EDGE('',*,*,#13979,.F.);
#15805 = ORIENTED_EDGE('',*,*,#15799,.F.);
#15806 = CYLINDRICAL_SURFACE('',#15807,1.4999995);
#15807 = AXIS2_PLACEMENT_3D('',#15808,#15809,#15810);
#15808 = CARTESIAN_POINT('',(57.4999995,27.4999555,-4.5E-02));
#15809 = DIRECTION('',(-0.,0.,-1.));
#15810 = DIRECTION('',(3.333334436029E-07,-1.,-0.));
#15811 = ADVANCED_FACE('',(#15812),#15823,.F.);
#15812 = FACE_BOUND('',#15813,.T.);
#15813 = EDGE_LOOP('',(#15814,#15815,#15821,#15822));
#15814 = ORIENTED_EDGE('',*,*,#12610,.T.);
#15815 = ORIENTED_EDGE('',*,*,#15816,.T.);
#15816 = EDGE_CURVE('',#12611,#13991,#15817,.T.);
#15817 = LINE('',#15818,#15819);
#15818 = CARTESIAN_POINT('',(61.5,35.5174,-4.5E-02));
#15819 = VECTOR('',#15820,1.);
#15820 = DIRECTION('',(0.,0.,1.));
#15821 = ORIENTED_EDGE('',*,*,#13990,.F.);
#15822 = ORIENTED_EDGE('',*,*,#15816,.F.);
#15823 = CYLINDRICAL_SURFACE('',#15824,0.4826);
#15824 = AXIS2_PLACEMENT_3D('',#15825,#15826,#15827);
#15825 = CARTESIAN_POINT('',(61.5,36.,-4.5E-02));
#15826 = DIRECTION('',(-0.,-0.,-1.));
#15827 = DIRECTION('',(-0.,-1.,0.));
#15828 = ADVANCED_FACE('',(#15829),#15840,.F.);
#15829 = FACE_BOUND('',#15830,.T.);
#15830 = EDGE_LOOP('',(#15831,#15832,#15838,#15839));
#15831 = ORIENTED_EDGE('',*,*,#12621,.T.);
#15832 = ORIENTED_EDGE('',*,*,#15833,.T.);
#15833 = EDGE_CURVE('',#12622,#14002,#15834,.T.);
#15834 = LINE('',#15835,#15836);
#15835 = CARTESIAN_POINT('',(58.96,35.5174,-4.5E-02));
#15836 = VECTOR('',#15837,1.);
#15837 = DIRECTION('',(0.,0.,1.));
#15838 = ORIENTED_EDGE('',*,*,#14001,.F.);
#15839 = ORIENTED_EDGE('',*,*,#15833,.F.);
#15840 = CYLINDRICAL_SURFACE('',#15841,0.4826);
#15841 = AXIS2_PLACEMENT_3D('',#15842,#15843,#15844);
#15842 = CARTESIAN_POINT('',(58.96,36.,-4.5E-02));
#15843 = DIRECTION('',(-0.,-0.,-1.));
#15844 = DIRECTION('',(-0.,-1.,0.));
#15845 = ADVANCED_FACE('',(#15846),#15857,.F.);
#15846 = FACE_BOUND('',#15847,.T.);
#15847 = EDGE_LOOP('',(#15848,#15849,#15855,#15856));
#15848 = ORIENTED_EDGE('',*,*,#12632,.T.);
#15849 = ORIENTED_EDGE('',*,*,#15850,.T.);
#15850 = EDGE_CURVE('',#12633,#14013,#15851,.T.);
#15851 = LINE('',#15852,#15853);
#15852 = CARTESIAN_POINT('',(61.5,38.0574,-4.5E-02));
#15853 = VECTOR('',#15854,1.);
#15854 = DIRECTION('',(0.,0.,1.));
#15855 = ORIENTED_EDGE('',*,*,#14012,.F.);
#15856 = ORIENTED_EDGE('',*,*,#15850,.F.);
#15857 = CYLINDRICAL_SURFACE('',#15858,0.4826);
#15858 = AXIS2_PLACEMENT_3D('',#15859,#15860,#15861);
#15859 = CARTESIAN_POINT('',(61.5,38.54,-4.5E-02));
#15860 = DIRECTION('',(-0.,-0.,-1.));
#15861 = DIRECTION('',(-0.,-1.,0.));
#15862 = ADVANCED_FACE('',(#15863),#15874,.F.);
#15863 = FACE_BOUND('',#15864,.T.);
#15864 = EDGE_LOOP('',(#15865,#15866,#15872,#15873));
#15865 = ORIENTED_EDGE('',*,*,#12643,.T.);
#15866 = ORIENTED_EDGE('',*,*,#15867,.T.);
#15867 = EDGE_CURVE('',#12644,#14024,#15868,.T.);
#15868 = LINE('',#15869,#15870);
#15869 = CARTESIAN_POINT('',(61.5,40.5974,-4.5E-02));
#15870 = VECTOR('',#15871,1.);
#15871 = DIRECTION('',(0.,0.,1.));
#15872 = ORIENTED_EDGE('',*,*,#14023,.F.);
#15873 = ORIENTED_EDGE('',*,*,#15867,.F.);
#15874 = CYLINDRICAL_SURFACE('',#15875,0.4826);
#15875 = AXIS2_PLACEMENT_3D('',#15876,#15877,#15878);
#15876 = CARTESIAN_POINT('',(61.5,41.08,-4.5E-02));
#15877 = DIRECTION('',(-0.,-0.,-1.));
#15878 = DIRECTION('',(-0.,-1.,0.));
#15879 = ADVANCED_FACE('',(#15880),#15891,.F.);
#15880 = FACE_BOUND('',#15881,.T.);
#15881 = EDGE_LOOP('',(#15882,#15883,#15889,#15890));
#15882 = ORIENTED_EDGE('',*,*,#12654,.T.);
#15883 = ORIENTED_EDGE('',*,*,#15884,.T.);
#15884 = EDGE_CURVE('',#12655,#14035,#15885,.T.);
#15885 = LINE('',#15886,#15887);
#15886 = CARTESIAN_POINT('',(58.96,38.0574,-4.5E-02));
#15887 = VECTOR('',#15888,1.);
#15888 = DIRECTION('',(0.,0.,1.));
#15889 = ORIENTED_EDGE('',*,*,#14034,.F.);
#15890 = ORIENTED_EDGE('',*,*,#15884,.F.);
#15891 = CYLINDRICAL_SURFACE('',#15892,0.4826);
#15892 = AXIS2_PLACEMENT_3D('',#15893,#15894,#15895);
#15893 = CARTESIAN_POINT('',(58.96,38.54,-4.5E-02));
#15894 = DIRECTION('',(-0.,-0.,-1.));
#15895 = DIRECTION('',(-0.,-1.,0.));
#15896 = ADVANCED_FACE('',(#15897),#15908,.F.);
#15897 = FACE_BOUND('',#15898,.T.);
#15898 = EDGE_LOOP('',(#15899,#15900,#15906,#15907));
#15899 = ORIENTED_EDGE('',*,*,#12665,.T.);
#15900 = ORIENTED_EDGE('',*,*,#15901,.T.);
#15901 = EDGE_CURVE('',#12666,#14046,#15902,.T.);
#15902 = LINE('',#15903,#15904);
#15903 = CARTESIAN_POINT('',(58.96,40.5974,-4.5E-02));
#15904 = VECTOR('',#15905,1.);
#15905 = DIRECTION('',(0.,0.,1.));
#15906 = ORIENTED_EDGE('',*,*,#14045,.F.);
#15907 = ORIENTED_EDGE('',*,*,#15901,.F.);
#15908 = CYLINDRICAL_SURFACE('',#15909,0.4826);
#15909 = AXIS2_PLACEMENT_3D('',#15910,#15911,#15912);
#15910 = CARTESIAN_POINT('',(58.96,41.08,-4.5E-02));
#15911 = DIRECTION('',(-0.,-0.,-1.));
#15912 = DIRECTION('',(-0.,-1.,0.));
#15913 = ADVANCED_FACE('',(#15914),#15925,.F.);
#15914 = FACE_BOUND('',#15915,.T.);
#15915 = EDGE_LOOP('',(#15916,#15917,#15923,#15924));
#15916 = ORIENTED_EDGE('',*,*,#12676,.T.);
#15917 = ORIENTED_EDGE('',*,*,#15918,.T.);
#15918 = EDGE_CURVE('',#12677,#14057,#15919,.T.);
#15919 = LINE('',#15920,#15921);
#15920 = CARTESIAN_POINT('',(61.5,43.1374,-4.5E-02));
#15921 = VECTOR('',#15922,1.);
#15922 = DIRECTION('',(0.,0.,1.));
#15923 = ORIENTED_EDGE('',*,*,#14056,.F.);
#15924 = ORIENTED_EDGE('',*,*,#15918,.F.);
#15925 = CYLINDRICAL_SURFACE('',#15926,0.4826);
#15926 = AXIS2_PLACEMENT_3D('',#15927,#15928,#15929);
#15927 = CARTESIAN_POINT('',(61.5,43.62,-4.5E-02));
#15928 = DIRECTION('',(-0.,-0.,-1.));
#15929 = DIRECTION('',(-0.,-1.,0.));
#15930 = ADVANCED_FACE('',(#15931),#15942,.F.);
#15931 = FACE_BOUND('',#15932,.T.);
#15932 = EDGE_LOOP('',(#15933,#15934,#15940,#15941));
#15933 = ORIENTED_EDGE('',*,*,#12687,.T.);
#15934 = ORIENTED_EDGE('',*,*,#15935,.T.);
#15935 = EDGE_CURVE('',#12688,#14068,#15936,.T.);
#15936 = LINE('',#15937,#15938);
#15937 = CARTESIAN_POINT('',(58.96,43.1374,-4.5E-02));
#15938 = VECTOR('',#15939,1.);
#15939 = DIRECTION('',(0.,0.,1.));
#15940 = ORIENTED_EDGE('',*,*,#14067,.F.);
#15941 = ORIENTED_EDGE('',*,*,#15935,.F.);
#15942 = CYLINDRICAL_SURFACE('',#15943,0.4826);
#15943 = AXIS2_PLACEMENT_3D('',#15944,#15945,#15946);
#15944 = CARTESIAN_POINT('',(58.96,43.62,-4.5E-02));
#15945 = DIRECTION('',(-0.,-0.,-1.));
#15946 = DIRECTION('',(-0.,-1.,0.));
#15947 = ADVANCED_FACE('',(#15948),#15959,.F.);
#15948 = FACE_BOUND('',#15949,.T.);
#15949 = EDGE_LOOP('',(#15950,#15951,#15957,#15958));
#15950 = ORIENTED_EDGE('',*,*,#12698,.T.);
#15951 = ORIENTED_EDGE('',*,*,#15952,.T.);
#15952 = EDGE_CURVE('',#12699,#14079,#15953,.T.);
#15953 = LINE('',#15954,#15955);
#15954 = CARTESIAN_POINT('',(61.5,45.6774,-4.5E-02));
#15955 = VECTOR('',#15956,1.);
#15956 = DIRECTION('',(0.,0.,1.));
#15957 = ORIENTED_EDGE('',*,*,#14078,.F.);
#15958 = ORIENTED_EDGE('',*,*,#15952,.F.);
#15959 = CYLINDRICAL_SURFACE('',#15960,0.4826);
#15960 = AXIS2_PLACEMENT_3D('',#15961,#15962,#15963);
#15961 = CARTESIAN_POINT('',(61.5,46.16,-4.5E-02));
#15962 = DIRECTION('',(-0.,-0.,-1.));
#15963 = DIRECTION('',(-0.,-1.,0.));
#15964 = ADVANCED_FACE('',(#15965),#15976,.F.);
#15965 = FACE_BOUND('',#15966,.T.);
#15966 = EDGE_LOOP('',(#15967,#15968,#15974,#15975));
#15967 = ORIENTED_EDGE('',*,*,#12709,.T.);
#15968 = ORIENTED_EDGE('',*,*,#15969,.T.);
#15969 = EDGE_CURVE('',#12710,#14090,#15970,.T.);
#15970 = LINE('',#15971,#15972);
#15971 = CARTESIAN_POINT('',(58.96,45.6774,-4.5E-02));
#15972 = VECTOR('',#15973,1.);
#15973 = DIRECTION('',(0.,0.,1.));
#15974 = ORIENTED_EDGE('',*,*,#14089,.F.);
#15975 = ORIENTED_EDGE('',*,*,#15969,.F.);
#15976 = CYLINDRICAL_SURFACE('',#15977,0.4826);
#15977 = AXIS2_PLACEMENT_3D('',#15978,#15979,#15980);
#15978 = CARTESIAN_POINT('',(58.96,46.16,-4.5E-02));
#15979 = DIRECTION('',(-0.,-0.,-1.));
#15980 = DIRECTION('',(-0.,-1.,0.));
#15981 = ADVANCED_FACE('',(#15982),#15993,.F.);
#15982 = FACE_BOUND('',#15983,.T.);
#15983 = EDGE_LOOP('',(#15984,#15985,#15991,#15992));
#15984 = ORIENTED_EDGE('',*,*,#12720,.T.);
#15985 = ORIENTED_EDGE('',*,*,#15986,.T.);
#15986 = EDGE_CURVE('',#12721,#14101,#15987,.T.);
#15987 = LINE('',#15988,#15989);
#15988 = CARTESIAN_POINT('',(47.,46.56,-4.5E-02));
#15989 = VECTOR('',#15990,1.);
#15990 = DIRECTION('',(0.,0.,1.));
#15991 = ORIENTED_EDGE('',*,*,#14100,.F.);
#15992 = ORIENTED_EDGE('',*,*,#15986,.F.);
#15993 = CYLINDRICAL_SURFACE('',#15994,0.5);
#15994 = AXIS2_PLACEMENT_3D('',#15995,#15996,#15997);
#15995 = CARTESIAN_POINT('',(47.,47.06,-4.5E-02));
#15996 = DIRECTION('',(-0.,-0.,-1.));
#15997 = DIRECTION('',(-0.,-1.,0.));
#15998 = ADVANCED_FACE('',(#15999),#16010,.F.);
#15999 = FACE_BOUND('',#16000,.T.);
#16000 = EDGE_LOOP('',(#16001,#16002,#16008,#16009));
#16001 = ORIENTED_EDGE('',*,*,#12731,.T.);
#16002 = ORIENTED_EDGE('',*,*,#16003,.T.);
#16003 = EDGE_CURVE('',#12732,#14112,#16004,.T.);
#16004 = LINE('',#16005,#16006);
#16005 = CARTESIAN_POINT('',(47.,49.1,-4.5E-02));
#16006 = VECTOR('',#16007,1.);
#16007 = DIRECTION('',(0.,0.,1.));
#16008 = ORIENTED_EDGE('',*,*,#14111,.F.);
#16009 = ORIENTED_EDGE('',*,*,#16003,.F.);
#16010 = CYLINDRICAL_SURFACE('',#16011,0.5);
#16011 = AXIS2_PLACEMENT_3D('',#16012,#16013,#16014);
#16012 = CARTESIAN_POINT('',(47.,49.6,-4.5E-02));
#16013 = DIRECTION('',(-0.,-0.,-1.));
#16014 = DIRECTION('',(-0.,-1.,0.));
#16015 = ADVANCED_FACE('',(#16016),#16027,.F.);
#16016 = FACE_BOUND('',#16017,.T.);
#16017 = EDGE_LOOP('',(#16018,#16019,#16025,#16026));
#16018 = ORIENTED_EDGE('',*,*,#12742,.T.);
#16019 = ORIENTED_EDGE('',*,*,#16020,.T.);
#16020 = EDGE_CURVE('',#12743,#14123,#16021,.T.);
#16021 = LINE('',#16022,#16023);
#16022 = CARTESIAN_POINT('',(43.2,46.585,-4.5E-02));
#16023 = VECTOR('',#16024,1.);
#16024 = DIRECTION('',(0.,0.,1.));
#16025 = ORIENTED_EDGE('',*,*,#14122,.F.);
#16026 = ORIENTED_EDGE('',*,*,#16020,.F.);
#16027 = CYLINDRICAL_SURFACE('',#16028,0.5);
#16028 = AXIS2_PLACEMENT_3D('',#16029,#16030,#16031);
#16029 = CARTESIAN_POINT('',(43.2,47.085,-4.5E-02));
#16030 = DIRECTION('',(-0.,-0.,-1.));
#16031 = DIRECTION('',(-0.,-1.,0.));
#16032 = ADVANCED_FACE('',(#16033),#16044,.F.);
#16033 = FACE_BOUND('',#16034,.T.);
#16034 = EDGE_LOOP('',(#16035,#16036,#16042,#16043));
#16035 = ORIENTED_EDGE('',*,*,#12753,.T.);
#16036 = ORIENTED_EDGE('',*,*,#16037,.T.);
#16037 = EDGE_CURVE('',#12754,#14134,#16038,.T.);
#16038 = LINE('',#16039,#16040);
#16039 = CARTESIAN_POINT('',(43.2,49.125,-4.5E-02));
#16040 = VECTOR('',#16041,1.);
#16041 = DIRECTION('',(0.,0.,1.));
#16042 = ORIENTED_EDGE('',*,*,#14133,.F.);
#16043 = ORIENTED_EDGE('',*,*,#16037,.F.);
#16044 = CYLINDRICAL_SURFACE('',#16045,0.5);
#16045 = AXIS2_PLACEMENT_3D('',#16046,#16047,#16048);
#16046 = CARTESIAN_POINT('',(43.2,49.625,-4.5E-02));
#16047 = DIRECTION('',(-0.,-0.,-1.));
#16048 = DIRECTION('',(-0.,-1.,0.));
#16049 = ADVANCED_FACE('',(#16050),#16061,.F.);
#16050 = FACE_BOUND('',#16051,.T.);
#16051 = EDGE_LOOP('',(#16052,#16053,#16059,#16060));
#16052 = ORIENTED_EDGE('',*,*,#12764,.T.);
#16053 = ORIENTED_EDGE('',*,*,#16054,.T.);
#16054 = EDGE_CURVE('',#12765,#14145,#16055,.T.);
#16055 = LINE('',#16056,#16057);
#16056 = CARTESIAN_POINT('',(39.4,46.585,-4.5E-02));
#16057 = VECTOR('',#16058,1.);
#16058 = DIRECTION('',(0.,0.,1.));
#16059 = ORIENTED_EDGE('',*,*,#14144,.F.);
#16060 = ORIENTED_EDGE('',*,*,#16054,.F.);
#16061 = CYLINDRICAL_SURFACE('',#16062,0.5);
#16062 = AXIS2_PLACEMENT_3D('',#16063,#16064,#16065);
#16063 = CARTESIAN_POINT('',(39.4,47.085,-4.5E-02));
#16064 = DIRECTION('',(-0.,-0.,-1.));
#16065 = DIRECTION('',(-0.,-1.,0.));
#16066 = ADVANCED_FACE('',(#16067),#16078,.F.);
#16067 = FACE_BOUND('',#16068,.T.);
#16068 = EDGE_LOOP('',(#16069,#16070,#16076,#16077));
#16069 = ORIENTED_EDGE('',*,*,#12775,.T.);
#16070 = ORIENTED_EDGE('',*,*,#16071,.T.);
#16071 = EDGE_CURVE('',#12776,#14156,#16072,.T.);
#16072 = LINE('',#16073,#16074);
#16073 = CARTESIAN_POINT('',(35.6,46.585,-4.5E-02));
#16074 = VECTOR('',#16075,1.);
#16075 = DIRECTION('',(0.,0.,1.));
#16076 = ORIENTED_EDGE('',*,*,#14155,.F.);
#16077 = ORIENTED_EDGE('',*,*,#16071,.F.);
#16078 = CYLINDRICAL_SURFACE('',#16079,0.5);
#16079 = AXIS2_PLACEMENT_3D('',#16080,#16081,#16082);
#16080 = CARTESIAN_POINT('',(35.6,47.085,-4.5E-02));
#16081 = DIRECTION('',(-0.,-0.,-1.));
#16082 = DIRECTION('',(-0.,-1.,0.));
#16083 = ADVANCED_FACE('',(#16084),#16095,.F.);
#16084 = FACE_BOUND('',#16085,.T.);
#16085 = EDGE_LOOP('',(#16086,#16087,#16093,#16094));
#16086 = ORIENTED_EDGE('',*,*,#12786,.T.);
#16087 = ORIENTED_EDGE('',*,*,#16088,.T.);
#16088 = EDGE_CURVE('',#12787,#14167,#16089,.T.);
#16089 = LINE('',#16090,#16091);
#16090 = CARTESIAN_POINT('',(39.4,49.125,-4.5E-02));
#16091 = VECTOR('',#16092,1.);
#16092 = DIRECTION('',(0.,0.,1.));
#16093 = ORIENTED_EDGE('',*,*,#14166,.F.);
#16094 = ORIENTED_EDGE('',*,*,#16088,.F.);
#16095 = CYLINDRICAL_SURFACE('',#16096,0.5);
#16096 = AXIS2_PLACEMENT_3D('',#16097,#16098,#16099);
#16097 = CARTESIAN_POINT('',(39.4,49.625,-4.5E-02));
#16098 = DIRECTION('',(-0.,-0.,-1.));
#16099 = DIRECTION('',(-0.,-1.,0.));
#16100 = ADVANCED_FACE('',(#16101),#16112,.F.);
#16101 = FACE_BOUND('',#16102,.T.);
#16102 = EDGE_LOOP('',(#16103,#16104,#16110,#16111));
#16103 = ORIENTED_EDGE('',*,*,#12797,.T.);
#16104 = ORIENTED_EDGE('',*,*,#16105,.T.);
#16105 = EDGE_CURVE('',#12798,#14178,#16106,.T.);
#16106 = LINE('',#16107,#16108);
#16107 = CARTESIAN_POINT('',(35.6,49.125,-4.5E-02));
#16108 = VECTOR('',#16109,1.);
#16109 = DIRECTION('',(0.,0.,1.));
#16110 = ORIENTED_EDGE('',*,*,#14177,.F.);
#16111 = ORIENTED_EDGE('',*,*,#16105,.F.);
#16112 = CYLINDRICAL_SURFACE('',#16113,0.5);
#16113 = AXIS2_PLACEMENT_3D('',#16114,#16115,#16116);
#16114 = CARTESIAN_POINT('',(35.6,49.625,-4.5E-02));
#16115 = DIRECTION('',(-0.,-0.,-1.));
#16116 = DIRECTION('',(-0.,-1.,0.));
#16117 = ADVANCED_FACE('',(#16118),#16129,.F.);
#16118 = FACE_BOUND('',#16119,.T.);
#16119 = EDGE_LOOP('',(#16120,#16121,#16127,#16128));
#16120 = ORIENTED_EDGE('',*,*,#12808,.T.);
#16121 = ORIENTED_EDGE('',*,*,#16122,.T.);
#16122 = EDGE_CURVE('',#12809,#14189,#16123,.T.);
#16123 = LINE('',#16124,#16125);
#16124 = CARTESIAN_POINT('',(31.8,46.585,-4.5E-02));
#16125 = VECTOR('',#16126,1.);
#16126 = DIRECTION('',(0.,0.,1.));
#16127 = ORIENTED_EDGE('',*,*,#14188,.F.);
#16128 = ORIENTED_EDGE('',*,*,#16122,.F.);
#16129 = CYLINDRICAL_SURFACE('',#16130,0.5);
#16130 = AXIS2_PLACEMENT_3D('',#16131,#16132,#16133);
#16131 = CARTESIAN_POINT('',(31.8,47.085,-4.5E-02));
#16132 = DIRECTION('',(-0.,0.,-1.));
#16133 = DIRECTION('',(7.105427357601E-15,-1.,-0.));
#16134 = ADVANCED_FACE('',(#16135),#16146,.F.);
#16135 = FACE_BOUND('',#16136,.T.);
#16136 = EDGE_LOOP('',(#16137,#16138,#16144,#16145));
#16137 = ORIENTED_EDGE('',*,*,#12819,.T.);
#16138 = ORIENTED_EDGE('',*,*,#16139,.T.);
#16139 = EDGE_CURVE('',#12820,#14200,#16140,.T.);
#16140 = LINE('',#16141,#16142);
#16141 = CARTESIAN_POINT('',(31.8,49.125,-4.5E-02));
#16142 = VECTOR('',#16143,1.);
#16143 = DIRECTION('',(0.,0.,1.));
#16144 = ORIENTED_EDGE('',*,*,#14199,.F.);
#16145 = ORIENTED_EDGE('',*,*,#16139,.F.);
#16146 = CYLINDRICAL_SURFACE('',#16147,0.5);
#16147 = AXIS2_PLACEMENT_3D('',#16148,#16149,#16150);
#16148 = CARTESIAN_POINT('',(31.8,49.625,-4.5E-02));
#16149 = DIRECTION('',(-0.,0.,-1.));
#16150 = DIRECTION('',(7.105427357601E-15,-1.,-0.));
#16151 = ADVANCED_FACE('',(#16152),#16163,.F.);
#16152 = FACE_BOUND('',#16153,.T.);
#16153 = EDGE_LOOP('',(#16154,#16155,#16161,#16162));
#16154 = ORIENTED_EDGE('',*,*,#12830,.T.);
#16155 = ORIENTED_EDGE('',*,*,#16156,.T.);
#16156 = EDGE_CURVE('',#12831,#14211,#16157,.T.);
#16157 = LINE('',#16158,#16159);
#16158 = CARTESIAN_POINT('',(57.,55.15,-4.5E-02));
#16159 = VECTOR('',#16160,1.);
#16160 = DIRECTION('',(0.,0.,1.));
#16161 = ORIENTED_EDGE('',*,*,#14210,.F.);
#16162 = ORIENTED_EDGE('',*,*,#16156,.F.);
#16163 = CYLINDRICAL_SURFACE('',#16164,1.85);
#16164 = AXIS2_PLACEMENT_3D('',#16165,#16166,#16167);
#16165 = CARTESIAN_POINT('',(57.,57.,-4.5E-02));
#16166 = DIRECTION('',(-0.,-0.,-1.));
#16167 = DIRECTION('',(-0.,-1.,0.));
#16168 = ADVANCED_FACE('',(#16169),#16180,.F.);
#16169 = FACE_BOUND('',#16170,.T.);
#16170 = EDGE_LOOP('',(#16171,#16172,#16178,#16179));
#16171 = ORIENTED_EDGE('',*,*,#12841,.T.);
#16172 = ORIENTED_EDGE('',*,*,#16173,.T.);
#16173 = EDGE_CURVE('',#12842,#14222,#16174,.T.);
#16174 = LINE('',#16175,#16176);
#16175 = CARTESIAN_POINT('',(44.9,55.65,-4.5E-02));
#16176 = VECTOR('',#16177,1.);
#16177 = DIRECTION('',(0.,0.,1.));
#16178 = ORIENTED_EDGE('',*,*,#14221,.F.);
#16179 = ORIENTED_EDGE('',*,*,#16173,.F.);
#16180 = CYLINDRICAL_SURFACE('',#16181,0.75);
#16181 = AXIS2_PLACEMENT_3D('',#16182,#16183,#16184);
#16182 = CARTESIAN_POINT('',(44.9,56.4,-4.5E-02));
#16183 = DIRECTION('',(-0.,-0.,-1.));
#16184 = DIRECTION('',(-0.,-1.,0.));
#16185 = ADVANCED_FACE('',(#16186),#16197,.F.);
#16186 = FACE_BOUND('',#16187,.T.);
#16187 = EDGE_LOOP('',(#16188,#16189,#16195,#16196));
#16188 = ORIENTED_EDGE('',*,*,#12852,.T.);
#16189 = ORIENTED_EDGE('',*,*,#16190,.T.);
#16190 = EDGE_CURVE('',#12853,#14233,#16191,.T.);
#16191 = LINE('',#16192,#16193);
#16192 = CARTESIAN_POINT('',(38.65,53.4,-4.5E-02));
#16193 = VECTOR('',#16194,1.);
#16194 = DIRECTION('',(0.,0.,1.));
#16195 = ORIENTED_EDGE('',*,*,#14232,.F.);
#16196 = ORIENTED_EDGE('',*,*,#16190,.F.);
#16197 = CYLINDRICAL_SURFACE('',#16198,1.);
#16198 = AXIS2_PLACEMENT_3D('',#16199,#16200,#16201);
#16199 = CARTESIAN_POINT('',(38.65,54.4,-4.5E-02));
#16200 = DIRECTION('',(-0.,-0.,-1.));
#16201 = DIRECTION('',(-0.,-1.,0.));
#16202 = ADVANCED_FACE('',(#16203),#16214,.F.);
#16203 = FACE_BOUND('',#16204,.T.);
#16204 = EDGE_LOOP('',(#16205,#16206,#16212,#16213));
#16205 = ORIENTED_EDGE('',*,*,#12863,.T.);
#16206 = ORIENTED_EDGE('',*,*,#16207,.T.);
#16207 = EDGE_CURVE('',#12864,#14244,#16208,.T.);
#16208 = LINE('',#16209,#16210);
#16209 = CARTESIAN_POINT('',(32.4,55.65,-4.5E-02));
#16210 = VECTOR('',#16211,1.);
#16211 = DIRECTION('',(0.,0.,1.));
#16212 = ORIENTED_EDGE('',*,*,#14243,.F.);
#16213 = ORIENTED_EDGE('',*,*,#16207,.F.);
#16214 = CYLINDRICAL_SURFACE('',#16215,0.75);
#16215 = AXIS2_PLACEMENT_3D('',#16216,#16217,#16218);
#16216 = CARTESIAN_POINT('',(32.4,56.4,-4.5E-02));
#16217 = DIRECTION('',(-0.,-0.,-1.));
#16218 = DIRECTION('',(-0.,-1.,0.));
#16219 = ADVANCED_FACE('',(#16220),#16231,.F.);
#16220 = FACE_BOUND('',#16221,.T.);
#16221 = EDGE_LOOP('',(#16222,#16223,#16229,#16230));
#16222 = ORIENTED_EDGE('',*,*,#12874,.T.);
#16223 = ORIENTED_EDGE('',*,*,#16224,.T.);
#16224 = EDGE_CURVE('',#12875,#14255,#16225,.T.);
#16225 = LINE('',#16226,#16227);
#16226 = CARTESIAN_POINT('',(44.9,60.65,-4.5E-02));
#16227 = VECTOR('',#16228,1.);
#16228 = DIRECTION('',(0.,0.,1.));
#16229 = ORIENTED_EDGE('',*,*,#14254,.F.);
#16230 = ORIENTED_EDGE('',*,*,#16224,.F.);
#16231 = CYLINDRICAL_SURFACE('',#16232,0.75);
#16232 = AXIS2_PLACEMENT_3D('',#16233,#16234,#16235);
#16233 = CARTESIAN_POINT('',(44.9,61.4,-4.5E-02));
#16234 = DIRECTION('',(-0.,-0.,-1.));
#16235 = DIRECTION('',(-0.,-1.,0.));
#16236 = ADVANCED_FACE('',(#16237),#16248,.F.);
#16237 = FACE_BOUND('',#16238,.T.);
#16238 = EDGE_LOOP('',(#16239,#16240,#16246,#16247));
#16239 = ORIENTED_EDGE('',*,*,#12885,.T.);
#16240 = ORIENTED_EDGE('',*,*,#16241,.T.);
#16241 = EDGE_CURVE('',#12886,#14266,#16242,.T.);
#16242 = LINE('',#16243,#16244);
#16243 = CARTESIAN_POINT('',(32.4,60.65,-4.5E-02));
#16244 = VECTOR('',#16245,1.);
#16245 = DIRECTION('',(0.,0.,1.));
#16246 = ORIENTED_EDGE('',*,*,#14265,.F.);
#16247 = ORIENTED_EDGE('',*,*,#16241,.F.);
#16248 = CYLINDRICAL_SURFACE('',#16249,0.75);
#16249 = AXIS2_PLACEMENT_3D('',#16250,#16251,#16252);
#16250 = CARTESIAN_POINT('',(32.4,61.4,-4.5E-02));
#16251 = DIRECTION('',(-0.,-0.,-1.));
#16252 = DIRECTION('',(-0.,-1.,0.));
#16253 = ADVANCED_FACE('',(#16254),#16265,.F.);
#16254 = FACE_BOUND('',#16255,.T.);
#16255 = EDGE_LOOP('',(#16256,#16257,#16263,#16264));
#16256 = ORIENTED_EDGE('',*,*,#12896,.T.);
#16257 = ORIENTED_EDGE('',*,*,#16258,.T.);
#16258 = EDGE_CURVE('',#12897,#14277,#16259,.T.);
#16259 = LINE('',#16260,#16261);
#16260 = CARTESIAN_POINT('',(38.65,62.4,-4.5E-02));
#16261 = VECTOR('',#16262,1.);
#16262 = DIRECTION('',(0.,0.,1.));
#16263 = ORIENTED_EDGE('',*,*,#14276,.F.);
#16264 = ORIENTED_EDGE('',*,*,#16258,.F.);
#16265 = CYLINDRICAL_SURFACE('',#16266,1.);
#16266 = AXIS2_PLACEMENT_3D('',#16267,#16268,#16269);
#16267 = CARTESIAN_POINT('',(38.65,63.4,-4.5E-02));
#16268 = DIRECTION('',(-0.,-0.,-1.));
#16269 = DIRECTION('',(-0.,-1.,0.));
#16270 = ADVANCED_FACE('',(#16271),#16282,.F.);
#16271 = FACE_BOUND('',#16272,.T.);
#16272 = EDGE_LOOP('',(#16273,#16274,#16280,#16281));
#16273 = ORIENTED_EDGE('',*,*,#12907,.T.);
#16274 = ORIENTED_EDGE('',*,*,#16275,.T.);
#16275 = EDGE_CURVE('',#12908,#14288,#16276,.T.);
#16276 = LINE('',#16277,#16278);
#16277 = CARTESIAN_POINT('',(21.01,46.65,-4.5E-02));
#16278 = VECTOR('',#16279,1.);
#16279 = DIRECTION('',(0.,0.,1.));
#16280 = ORIENTED_EDGE('',*,*,#14287,.F.);
#16281 = ORIENTED_EDGE('',*,*,#16275,.F.);
#16282 = CYLINDRICAL_SURFACE('',#16283,0.35);
#16283 = AXIS2_PLACEMENT_3D('',#16284,#16285,#16286);
#16284 = CARTESIAN_POINT('',(21.01,47.,-4.5E-02));
#16285 = DIRECTION('',(-0.,0.,-1.));
#16286 = DIRECTION('',(1.015061051086E-14,-1.,-0.));
#16287 = ADVANCED_FACE('',(#16288),#16299,.F.);
#16288 = FACE_BOUND('',#16289,.T.);
#16289 = EDGE_LOOP('',(#16290,#16291,#16297,#16298));
#16290 = ORIENTED_EDGE('',*,*,#12918,.T.);
#16291 = ORIENTED_EDGE('',*,*,#16292,.T.);
#16292 = EDGE_CURVE('',#12919,#14299,#16293,.T.);
#16293 = LINE('',#16294,#16295);
#16294 = CARTESIAN_POINT('',(28.,46.61,-4.5E-02));
#16295 = VECTOR('',#16296,1.);
#16296 = DIRECTION('',(0.,0.,1.));
#16297 = ORIENTED_EDGE('',*,*,#14298,.F.);
#16298 = ORIENTED_EDGE('',*,*,#16292,.F.);
#16299 = CYLINDRICAL_SURFACE('',#16300,0.5);
#16300 = AXIS2_PLACEMENT_3D('',#16301,#16302,#16303);
#16301 = CARTESIAN_POINT('',(28.,47.11,-4.5E-02));
#16302 = DIRECTION('',(-0.,-0.,-1.));
#16303 = DIRECTION('',(-0.,-1.,0.));
#16304 = ADVANCED_FACE('',(#16305),#16316,.F.);
#16305 = FACE_BOUND('',#16306,.T.);
#16306 = EDGE_LOOP('',(#16307,#16308,#16314,#16315));
#16307 = ORIENTED_EDGE('',*,*,#12929,.T.);
#16308 = ORIENTED_EDGE('',*,*,#16309,.T.);
#16309 = EDGE_CURVE('',#12930,#14310,#16310,.T.);
#16310 = LINE('',#16311,#16312);
#16311 = CARTESIAN_POINT('',(28.,49.15,-4.5E-02));
#16312 = VECTOR('',#16313,1.);
#16313 = DIRECTION('',(0.,0.,1.));
#16314 = ORIENTED_EDGE('',*,*,#14309,.F.);
#16315 = ORIENTED_EDGE('',*,*,#16309,.F.);
#16316 = CYLINDRICAL_SURFACE('',#16317,0.5);
#16317 = AXIS2_PLACEMENT_3D('',#16318,#16319,#16320);
#16318 = CARTESIAN_POINT('',(28.,49.65,-4.5E-02));
#16319 = DIRECTION('',(-0.,-0.,-1.));
#16320 = DIRECTION('',(-0.,-1.,0.));
#16321 = ADVANCED_FACE('',(#16322),#16333,.F.);
#16322 = FACE_BOUND('',#16323,.T.);
#16323 = EDGE_LOOP('',(#16324,#16325,#16331,#16332));
#16324 = ORIENTED_EDGE('',*,*,#12940,.T.);
#16325 = ORIENTED_EDGE('',*,*,#16326,.T.);
#16326 = EDGE_CURVE('',#12941,#14321,#16327,.T.);
#16327 = LINE('',#16328,#16329);
#16328 = CARTESIAN_POINT('',(11.99,46.55,-4.5E-02));
#16329 = VECTOR('',#16330,1.);
#16330 = DIRECTION('',(0.,0.,1.));
#16331 = ORIENTED_EDGE('',*,*,#14320,.F.);
#16332 = ORIENTED_EDGE('',*,*,#16326,.F.);
#16333 = CYLINDRICAL_SURFACE('',#16334,0.45);
#16334 = AXIS2_PLACEMENT_3D('',#16335,#16336,#16337);
#16335 = CARTESIAN_POINT('',(11.99,47.,-4.5E-02));
#16336 = DIRECTION('',(-0.,0.,-1.));
#16337 = DIRECTION('',(3.947459643112E-15,-1.,-0.));
#16338 = ADVANCED_FACE('',(#16339),#16350,.F.);
#16339 = FACE_BOUND('',#16340,.T.);
#16340 = EDGE_LOOP('',(#16341,#16342,#16348,#16349));
#16341 = ORIENTED_EDGE('',*,*,#12951,.T.);
#16342 = ORIENTED_EDGE('',*,*,#16343,.T.);
#16343 = EDGE_CURVE('',#12952,#14332,#16344,.T.);
#16344 = LINE('',#16345,#16346);
#16345 = CARTESIAN_POINT('',(-57.,17.799996,-4.5E-02));
#16346 = VECTOR('',#16347,1.);
#16347 = DIRECTION('',(0.,0.,1.));
#16348 = ORIENTED_EDGE('',*,*,#14331,.F.);
#16349 = ORIENTED_EDGE('',*,*,#16343,.F.);
#16350 = CYLINDRICAL_SURFACE('',#16351,0.7);
#16351 = AXIS2_PLACEMENT_3D('',#16352,#16353,#16354);
#16352 = CARTESIAN_POINT('',(-57.,18.499996,-4.5E-02));
#16353 = DIRECTION('',(-0.,-0.,-1.));
#16354 = DIRECTION('',(-0.,-1.,0.));
#16355 = ADVANCED_FACE('',(#16356),#16367,.F.);
#16356 = FACE_BOUND('',#16357,.T.);
#16357 = EDGE_LOOP('',(#16358,#16359,#16365,#16366));
#16358 = ORIENTED_EDGE('',*,*,#12962,.T.);
#16359 = ORIENTED_EDGE('',*,*,#16360,.T.);
#16360 = EDGE_CURVE('',#12963,#14343,#16361,.T.);
#16361 = LINE('',#16362,#16363);
#16362 = CARTESIAN_POINT('',(-62.499999,17.799996,-4.5E-02));
#16363 = VECTOR('',#16364,1.);
#16364 = DIRECTION('',(0.,0.,1.));
#16365 = ORIENTED_EDGE('',*,*,#14342,.F.);
#16366 = ORIENTED_EDGE('',*,*,#16360,.F.);
#16367 = CYLINDRICAL_SURFACE('',#16368,0.7);
#16368 = AXIS2_PLACEMENT_3D('',#16369,#16370,#16371);
#16369 = CARTESIAN_POINT('',(-62.499999,18.499996,-4.5E-02));
#16370 = DIRECTION('',(-0.,-0.,-1.));
#16371 = DIRECTION('',(-0.,-1.,0.));
#16372 = ADVANCED_FACE('',(#16373),#16384,.F.);
#16373 = FACE_BOUND('',#16374,.T.);
#16374 = EDGE_LOOP('',(#16375,#16376,#16382,#16383));
#16375 = ORIENTED_EDGE('',*,*,#12973,.T.);
#16376 = ORIENTED_EDGE('',*,*,#16377,.T.);
#16377 = EDGE_CURVE('',#12974,#14354,#16378,.T.);
#16378 = LINE('',#16379,#16380);
#16379 = CARTESIAN_POINT('',(-57.,21.999996,-4.5E-02));
#16380 = VECTOR('',#16381,1.);
#16381 = DIRECTION('',(0.,0.,1.));
#16382 = ORIENTED_EDGE('',*,*,#14353,.F.);
#16383 = ORIENTED_EDGE('',*,*,#16377,.F.);
#16384 = CYLINDRICAL_SURFACE('',#16385,0.7);
#16385 = AXIS2_PLACEMENT_3D('',#16386,#16387,#16388);
#16386 = CARTESIAN_POINT('',(-57.,22.699996,-4.5E-02));
#16387 = DIRECTION('',(-0.,-0.,-1.));
#16388 = DIRECTION('',(-0.,-1.,0.));
#16389 = ADVANCED_FACE('',(#16390),#16401,.F.);
#16390 = FACE_BOUND('',#16391,.T.);
#16391 = EDGE_LOOP('',(#16392,#16393,#16399,#16400));
#16392 = ORIENTED_EDGE('',*,*,#12984,.T.);
#16393 = ORIENTED_EDGE('',*,*,#16394,.T.);
#16394 = EDGE_CURVE('',#12985,#14365,#16395,.T.);
#16395 = LINE('',#16396,#16397);
#16396 = CARTESIAN_POINT('',(-62.499999,21.999996,-4.5E-02));
#16397 = VECTOR('',#16398,1.);
#16398 = DIRECTION('',(0.,0.,1.));
#16399 = ORIENTED_EDGE('',*,*,#14364,.F.);
#16400 = ORIENTED_EDGE('',*,*,#16394,.F.);
#16401 = CYLINDRICAL_SURFACE('',#16402,0.7);
#16402 = AXIS2_PLACEMENT_3D('',#16403,#16404,#16405);
#16403 = CARTESIAN_POINT('',(-62.499999,22.699996,-4.5E-02));
#16404 = DIRECTION('',(-0.,-0.,-1.));
#16405 = DIRECTION('',(-0.,-1.,0.));
#16406 = ADVANCED_FACE('',(#16407),#16418,.F.);
#16407 = FACE_BOUND('',#16408,.T.);
#16408 = EDGE_LOOP('',(#16409,#16410,#16416,#16417));
#16409 = ORIENTED_EDGE('',*,*,#12995,.T.);
#16410 = ORIENTED_EDGE('',*,*,#16411,.T.);
#16411 = EDGE_CURVE('',#12996,#14376,#16412,.T.);
#16412 = LINE('',#16413,#16414);
#16413 = CARTESIAN_POINT('',(-57.459999,25.899956,-4.5E-02));
#16414 = VECTOR('',#16415,1.);
#16415 = DIRECTION('',(0.,0.,1.));
#16416 = ORIENTED_EDGE('',*,*,#14375,.F.);
#16417 = ORIENTED_EDGE('',*,*,#16411,.F.);
#16418 = CYLINDRICAL_SURFACE('',#16419,1.4999995);
#16419 = AXIS2_PLACEMENT_3D('',#16420,#16421,#16422);
#16420 = CARTESIAN_POINT('',(-57.4599985,27.3999555,-4.5E-02));
#16421 = DIRECTION('',(-0.,-0.,-1.));
#16422 = DIRECTION('',(-3.333334483398E-07,-1.,0.));
#16423 = ADVANCED_FACE('',(#16424),#16435,.F.);
#16424 = FACE_BOUND('',#16425,.T.);
#16425 = EDGE_LOOP('',(#16426,#16427,#16433,#16434));
#16426 = ORIENTED_EDGE('',*,*,#13006,.T.);
#16427 = ORIENTED_EDGE('',*,*,#16428,.T.);
#16428 = EDGE_CURVE('',#13007,#14387,#16429,.T.);
#16429 = LINE('',#16430,#16431);
#16430 = CARTESIAN_POINT('',(-59.,35.5174,-4.5E-02));
#16431 = VECTOR('',#16432,1.);
#16432 = DIRECTION('',(0.,0.,1.));
#16433 = ORIENTED_EDGE('',*,*,#14386,.F.);
#16434 = ORIENTED_EDGE('',*,*,#16428,.F.);
#16435 = CYLINDRICAL_SURFACE('',#16436,0.4826);
#16436 = AXIS2_PLACEMENT_3D('',#16437,#16438,#16439);
#16437 = CARTESIAN_POINT('',(-59.,36.,-4.5E-02));
#16438 = DIRECTION('',(-0.,-0.,-1.));
#16439 = DIRECTION('',(-0.,-1.,0.));
#16440 = ADVANCED_FACE('',(#16441),#16452,.F.);
#16441 = FACE_BOUND('',#16442,.T.);
#16442 = EDGE_LOOP('',(#16443,#16444,#16450,#16451));
#16443 = ORIENTED_EDGE('',*,*,#13017,.T.);
#16444 = ORIENTED_EDGE('',*,*,#16445,.T.);
#16445 = EDGE_CURVE('',#13018,#14398,#16446,.T.);
#16446 = LINE('',#16447,#16448);
#16447 = CARTESIAN_POINT('',(-61.54,35.5174,-4.5E-02));
#16448 = VECTOR('',#16449,1.);
#16449 = DIRECTION('',(0.,0.,1.));
#16450 = ORIENTED_EDGE('',*,*,#14397,.F.);
#16451 = ORIENTED_EDGE('',*,*,#16445,.F.);
#16452 = CYLINDRICAL_SURFACE('',#16453,0.4826);
#16453 = AXIS2_PLACEMENT_3D('',#16454,#16455,#16456);
#16454 = CARTESIAN_POINT('',(-61.54,36.,-4.5E-02));
#16455 = DIRECTION('',(-0.,-0.,-1.));
#16456 = DIRECTION('',(-0.,-1.,0.));
#16457 = ADVANCED_FACE('',(#16458),#16469,.F.);
#16458 = FACE_BOUND('',#16459,.T.);
#16459 = EDGE_LOOP('',(#16460,#16461,#16467,#16468));
#16460 = ORIENTED_EDGE('',*,*,#13028,.T.);
#16461 = ORIENTED_EDGE('',*,*,#16462,.T.);
#16462 = EDGE_CURVE('',#13029,#14409,#16463,.T.);
#16463 = LINE('',#16464,#16465);
#16464 = CARTESIAN_POINT('',(-59.,38.0574,-4.5E-02));
#16465 = VECTOR('',#16466,1.);
#16466 = DIRECTION('',(0.,0.,1.));
#16467 = ORIENTED_EDGE('',*,*,#14408,.F.);
#16468 = ORIENTED_EDGE('',*,*,#16462,.F.);
#16469 = CYLINDRICAL_SURFACE('',#16470,0.4826);
#16470 = AXIS2_PLACEMENT_3D('',#16471,#16472,#16473);
#16471 = CARTESIAN_POINT('',(-59.,38.54,-4.5E-02));
#16472 = DIRECTION('',(-0.,-0.,-1.));
#16473 = DIRECTION('',(-0.,-1.,0.));
#16474 = ADVANCED_FACE('',(#16475),#16486,.F.);
#16475 = FACE_BOUND('',#16476,.T.);
#16476 = EDGE_LOOP('',(#16477,#16478,#16484,#16485));
#16477 = ORIENTED_EDGE('',*,*,#13039,.T.);
#16478 = ORIENTED_EDGE('',*,*,#16479,.T.);
#16479 = EDGE_CURVE('',#13040,#14420,#16480,.T.);
#16480 = LINE('',#16481,#16482);
#16481 = CARTESIAN_POINT('',(-59.,40.5974,-4.5E-02));
#16482 = VECTOR('',#16483,1.);
#16483 = DIRECTION('',(0.,0.,1.));
#16484 = ORIENTED_EDGE('',*,*,#14419,.F.);
#16485 = ORIENTED_EDGE('',*,*,#16479,.F.);
#16486 = CYLINDRICAL_SURFACE('',#16487,0.4826);
#16487 = AXIS2_PLACEMENT_3D('',#16488,#16489,#16490);
#16488 = CARTESIAN_POINT('',(-59.,41.08,-4.5E-02));
#16489 = DIRECTION('',(-0.,-0.,-1.));
#16490 = DIRECTION('',(-0.,-1.,0.));
#16491 = ADVANCED_FACE('',(#16492),#16503,.F.);
#16492 = FACE_BOUND('',#16493,.T.);
#16493 = EDGE_LOOP('',(#16494,#16495,#16501,#16502));
#16494 = ORIENTED_EDGE('',*,*,#13050,.T.);
#16495 = ORIENTED_EDGE('',*,*,#16496,.T.);
#16496 = EDGE_CURVE('',#13051,#14431,#16497,.T.);
#16497 = LINE('',#16498,#16499);
#16498 = CARTESIAN_POINT('',(-61.54,38.0574,-4.5E-02));
#16499 = VECTOR('',#16500,1.);
#16500 = DIRECTION('',(0.,0.,1.));
#16501 = ORIENTED_EDGE('',*,*,#14430,.F.);
#16502 = ORIENTED_EDGE('',*,*,#16496,.F.);
#16503 = CYLINDRICAL_SURFACE('',#16504,0.4826);
#16504 = AXIS2_PLACEMENT_3D('',#16505,#16506,#16507);
#16505 = CARTESIAN_POINT('',(-61.54,38.54,-4.5E-02));
#16506 = DIRECTION('',(-0.,-0.,-1.));
#16507 = DIRECTION('',(-0.,-1.,0.));
#16508 = ADVANCED_FACE('',(#16509),#16520,.F.);
#16509 = FACE_BOUND('',#16510,.T.);
#16510 = EDGE_LOOP('',(#16511,#16512,#16518,#16519));
#16511 = ORIENTED_EDGE('',*,*,#13061,.T.);
#16512 = ORIENTED_EDGE('',*,*,#16513,.T.);
#16513 = EDGE_CURVE('',#13062,#14442,#16514,.T.);
#16514 = LINE('',#16515,#16516);
#16515 = CARTESIAN_POINT('',(-61.54,40.5974,-4.5E-02));
#16516 = VECTOR('',#16517,1.);
#16517 = DIRECTION('',(0.,0.,1.));
#16518 = ORIENTED_EDGE('',*,*,#14441,.F.);
#16519 = ORIENTED_EDGE('',*,*,#16513,.F.);
#16520 = CYLINDRICAL_SURFACE('',#16521,0.4826);
#16521 = AXIS2_PLACEMENT_3D('',#16522,#16523,#16524);
#16522 = CARTESIAN_POINT('',(-61.54,41.08,-4.5E-02));
#16523 = DIRECTION('',(-0.,-0.,-1.));
#16524 = DIRECTION('',(-0.,-1.,0.));
#16525 = ADVANCED_FACE('',(#16526),#16537,.F.);
#16526 = FACE_BOUND('',#16527,.T.);
#16527 = EDGE_LOOP('',(#16528,#16529,#16535,#16536));
#16528 = ORIENTED_EDGE('',*,*,#13072,.T.);
#16529 = ORIENTED_EDGE('',*,*,#16530,.T.);
#16530 = EDGE_CURVE('',#13073,#14453,#16531,.T.);
#16531 = LINE('',#16532,#16533);
#16532 = CARTESIAN_POINT('',(-11.49,46.65,-4.5E-02));
#16533 = VECTOR('',#16534,1.);
#16534 = DIRECTION('',(0.,0.,1.));
#16535 = ORIENTED_EDGE('',*,*,#14452,.F.);
#16536 = ORIENTED_EDGE('',*,*,#16530,.F.);
#16537 = CYLINDRICAL_SURFACE('',#16538,0.35);
#16538 = AXIS2_PLACEMENT_3D('',#16539,#16540,#16541);
#16539 = CARTESIAN_POINT('',(-11.49,47.,-4.5E-02));
#16540 = DIRECTION('',(-0.,-0.,-1.));
#16541 = DIRECTION('',(-0.,-1.,0.));
#16542 = ADVANCED_FACE('',(#16543),#16554,.F.);
#16543 = FACE_BOUND('',#16544,.T.);
#16544 = EDGE_LOOP('',(#16545,#16546,#16552,#16553));
#16545 = ORIENTED_EDGE('',*,*,#13083,.T.);
#16546 = ORIENTED_EDGE('',*,*,#16547,.T.);
#16547 = EDGE_CURVE('',#13084,#14464,#16548,.T.);
#16548 = LINE('',#16549,#16550);
#16549 = CARTESIAN_POINT('',(-20.51,46.55,-4.5E-02));
#16550 = VECTOR('',#16551,1.);
#16551 = DIRECTION('',(0.,0.,1.));
#16552 = ORIENTED_EDGE('',*,*,#14463,.F.);
#16553 = ORIENTED_EDGE('',*,*,#16547,.F.);
#16554 = CYLINDRICAL_SURFACE('',#16555,0.45);
#16555 = AXIS2_PLACEMENT_3D('',#16556,#16557,#16558);
#16556 = CARTESIAN_POINT('',(-20.51,47.,-4.5E-02));
#16557 = DIRECTION('',(-0.,-0.,-1.));
#16558 = DIRECTION('',(-7.894919286223E-15,-1.,0.));
#16559 = ADVANCED_FACE('',(#16560),#16571,.F.);
#16560 = FACE_BOUND('',#16561,.T.);
#16561 = EDGE_LOOP('',(#16562,#16563,#16569,#16570));
#16562 = ORIENTED_EDGE('',*,*,#13094,.T.);
#16563 = ORIENTED_EDGE('',*,*,#16564,.T.);
#16564 = EDGE_CURVE('',#13095,#14475,#16565,.T.);
#16565 = LINE('',#16566,#16567);
#16566 = CARTESIAN_POINT('',(-13.8,55.3,-4.5E-02));
#16567 = VECTOR('',#16568,1.);
#16568 = DIRECTION('',(0.,0.,1.));
#16569 = ORIENTED_EDGE('',*,*,#14474,.F.);
#16570 = ORIENTED_EDGE('',*,*,#16564,.F.);
#16571 = CYLINDRICAL_SURFACE('',#16572,0.85);
#16572 = AXIS2_PLACEMENT_3D('',#16573,#16574,#16575);
#16573 = CARTESIAN_POINT('',(-13.8,56.15,-4.5E-02));
#16574 = DIRECTION('',(-0.,-0.,-1.));
#16575 = DIRECTION('',(-0.,-1.,0.));
#16576 = ADVANCED_FACE('',(#16577),#16588,.F.);
#16577 = FACE_BOUND('',#16578,.T.);
#16578 = EDGE_LOOP('',(#16579,#16580,#16586,#16587));
#16579 = ORIENTED_EDGE('',*,*,#13105,.T.);
#16580 = ORIENTED_EDGE('',*,*,#16581,.T.);
#16581 = EDGE_CURVE('',#13106,#14486,#16582,.T.);
#16582 = LINE('',#16583,#16584);
#16583 = CARTESIAN_POINT('',(-13.8,60.3,-4.5E-02));
#16584 = VECTOR('',#16585,1.);
#16585 = DIRECTION('',(0.,0.,1.));
#16586 = ORIENTED_EDGE('',*,*,#14485,.F.);
#16587 = ORIENTED_EDGE('',*,*,#16581,.F.);
#16588 = CYLINDRICAL_SURFACE('',#16589,0.85);
#16589 = AXIS2_PLACEMENT_3D('',#16590,#16591,#16592);
#16590 = CARTESIAN_POINT('',(-13.8,61.15,-4.5E-02));
#16591 = DIRECTION('',(-0.,-0.,-1.));
#16592 = DIRECTION('',(-0.,-1.,0.));
#16593 = ADVANCED_FACE('',(#16594),#16605,.F.);
#16594 = FACE_BOUND('',#16595,.T.);
#16595 = EDGE_LOOP('',(#16596,#16597,#16603,#16604));
#16596 = ORIENTED_EDGE('',*,*,#13116,.T.);
#16597 = ORIENTED_EDGE('',*,*,#16598,.T.);
#16598 = EDGE_CURVE('',#13117,#14497,#16599,.T.);
#16599 = LINE('',#16600,#16601);
#16600 = CARTESIAN_POINT('',(-23.8,52.65,-4.5E-02));
#16601 = VECTOR('',#16602,1.);
#16602 = DIRECTION('',(0.,0.,1.));
#16603 = ORIENTED_EDGE('',*,*,#14496,.F.);
#16604 = ORIENTED_EDGE('',*,*,#16598,.F.);
#16605 = CYLINDRICAL_SURFACE('',#16606,0.5);
#16606 = AXIS2_PLACEMENT_3D('',#16607,#16608,#16609);
#16607 = CARTESIAN_POINT('',(-23.8,53.15,-4.5E-02));
#16608 = DIRECTION('',(-0.,-0.,-1.));
#16609 = DIRECTION('',(-0.,-1.,0.));
#16610 = ADVANCED_FACE('',(#16611),#16622,.F.);
#16611 = FACE_BOUND('',#16612,.T.);
#16612 = EDGE_LOOP('',(#16613,#16614,#16620,#16621));
#16613 = ORIENTED_EDGE('',*,*,#13127,.T.);
#16614 = ORIENTED_EDGE('',*,*,#16615,.T.);
#16615 = EDGE_CURVE('',#13128,#14508,#16616,.T.);
#16616 = LINE('',#16617,#16618);
#16617 = CARTESIAN_POINT('',(-23.8,63.65,-4.5E-02));
#16618 = VECTOR('',#16619,1.);
#16619 = DIRECTION('',(0.,0.,1.));
#16620 = ORIENTED_EDGE('',*,*,#14507,.F.);
#16621 = ORIENTED_EDGE('',*,*,#16615,.F.);
#16622 = CYLINDRICAL_SURFACE('',#16623,0.5);
#16623 = AXIS2_PLACEMENT_3D('',#16624,#16625,#16626);
#16624 = CARTESIAN_POINT('',(-23.8,64.15,-4.5E-02));
#16625 = DIRECTION('',(-0.,-0.,-1.));
#16626 = DIRECTION('',(-0.,-1.,0.));
#16627 = ADVANCED_FACE('',(#16628),#16639,.F.);
#16628 = FACE_BOUND('',#16629,.T.);
#16629 = EDGE_LOOP('',(#16630,#16631,#16637,#16638));
#16630 = ORIENTED_EDGE('',*,*,#13138,.T.);
#16631 = ORIENTED_EDGE('',*,*,#16632,.T.);
#16632 = EDGE_CURVE('',#13139,#14519,#16633,.T.);
#16633 = LINE('',#16634,#16635);
#16634 = CARTESIAN_POINT('',(-59.,43.1374,-4.5E-02));
#16635 = VECTOR('',#16636,1.);
#16636 = DIRECTION('',(0.,0.,1.));
#16637 = ORIENTED_EDGE('',*,*,#14518,.F.);
#16638 = ORIENTED_EDGE('',*,*,#16632,.F.);
#16639 = CYLINDRICAL_SURFACE('',#16640,0.4826);
#16640 = AXIS2_PLACEMENT_3D('',#16641,#16642,#16643);
#16641 = CARTESIAN_POINT('',(-59.,43.62,-4.5E-02));
#16642 = DIRECTION('',(-0.,-0.,-1.));
#16643 = DIRECTION('',(-0.,-1.,0.));
#16644 = ADVANCED_FACE('',(#16645),#16656,.F.);
#16645 = FACE_BOUND('',#16646,.T.);
#16646 = EDGE_LOOP('',(#16647,#16648,#16654,#16655));
#16647 = ORIENTED_EDGE('',*,*,#13149,.T.);
#16648 = ORIENTED_EDGE('',*,*,#16649,.T.);
#16649 = EDGE_CURVE('',#13150,#14530,#16650,.T.);
#16650 = LINE('',#16651,#16652);
#16651 = CARTESIAN_POINT('',(-61.54,43.1374,-4.5E-02));
#16652 = VECTOR('',#16653,1.);
#16653 = DIRECTION('',(0.,0.,1.));
#16654 = ORIENTED_EDGE('',*,*,#14529,.F.);
#16655 = ORIENTED_EDGE('',*,*,#16649,.F.);
#16656 = CYLINDRICAL_SURFACE('',#16657,0.4826);
#16657 = AXIS2_PLACEMENT_3D('',#16658,#16659,#16660);
#16658 = CARTESIAN_POINT('',(-61.54,43.62,-4.5E-02));
#16659 = DIRECTION('',(-0.,-0.,-1.));
#16660 = DIRECTION('',(-0.,-1.,0.));
#16661 = ADVANCED_FACE('',(#16662),#16673,.F.);
#16662 = FACE_BOUND('',#16663,.T.);
#16663 = EDGE_LOOP('',(#16664,#16665,#16671,#16672));
#16664 = ORIENTED_EDGE('',*,*,#13160,.T.);
#16665 = ORIENTED_EDGE('',*,*,#16666,.T.);
#16666 = EDGE_CURVE('',#13161,#14541,#16667,.T.);
#16667 = LINE('',#16668,#16669);
#16668 = CARTESIAN_POINT('',(-59.,45.6774,-4.5E-02));
#16669 = VECTOR('',#16670,1.);
#16670 = DIRECTION('',(0.,0.,1.));
#16671 = ORIENTED_EDGE('',*,*,#14540,.F.);
#16672 = ORIENTED_EDGE('',*,*,#16666,.F.);
#16673 = CYLINDRICAL_SURFACE('',#16674,0.4826);
#16674 = AXIS2_PLACEMENT_3D('',#16675,#16676,#16677);
#16675 = CARTESIAN_POINT('',(-59.,46.16,-4.5E-02));
#16676 = DIRECTION('',(-0.,-0.,-1.));
#16677 = DIRECTION('',(-0.,-1.,0.));
#16678 = ADVANCED_FACE('',(#16679),#16690,.F.);
#16679 = FACE_BOUND('',#16680,.T.);
#16680 = EDGE_LOOP('',(#16681,#16682,#16688,#16689));
#16681 = ORIENTED_EDGE('',*,*,#13171,.T.);
#16682 = ORIENTED_EDGE('',*,*,#16683,.T.);
#16683 = EDGE_CURVE('',#13172,#14552,#16684,.T.);
#16684 = LINE('',#16685,#16686);
#16685 = CARTESIAN_POINT('',(-61.54,45.6774,-4.5E-02));
#16686 = VECTOR('',#16687,1.);
#16687 = DIRECTION('',(0.,0.,1.));
#16688 = ORIENTED_EDGE('',*,*,#14551,.F.);
#16689 = ORIENTED_EDGE('',*,*,#16683,.F.);
#16690 = CYLINDRICAL_SURFACE('',#16691,0.4826);
#16691 = AXIS2_PLACEMENT_3D('',#16692,#16693,#16694);
#16692 = CARTESIAN_POINT('',(-61.54,46.16,-4.5E-02));
#16693 = DIRECTION('',(-0.,-0.,-1.));
#16694 = DIRECTION('',(-0.,-1.,0.));
#16695 = ADVANCED_FACE('',(#16696),#16707,.F.);
#16696 = FACE_BOUND('',#16697,.T.);
#16697 = EDGE_LOOP('',(#16698,#16699,#16705,#16706));
#16698 = ORIENTED_EDGE('',*,*,#13182,.T.);
#16699 = ORIENTED_EDGE('',*,*,#16700,.T.);
#16700 = EDGE_CURVE('',#13183,#14563,#16701,.T.);
#16701 = LINE('',#16702,#16703);
#16702 = CARTESIAN_POINT('',(-57.,55.15,-4.5E-02));
#16703 = VECTOR('',#16704,1.);
#16704 = DIRECTION('',(0.,0.,1.));
#16705 = ORIENTED_EDGE('',*,*,#14562,.F.);
#16706 = ORIENTED_EDGE('',*,*,#16700,.F.);
#16707 = CYLINDRICAL_SURFACE('',#16708,1.85);
#16708 = AXIS2_PLACEMENT_3D('',#16709,#16710,#16711);
#16709 = CARTESIAN_POINT('',(-57.,57.,-4.5E-02));
#16710 = DIRECTION('',(-0.,-0.,-1.));
#16711 = DIRECTION('',(-0.,-1.,0.));
#16712 = ( GEOMETRIC_REPRESENTATION_CONTEXT(3) 
GLOBAL_UNCERTAINTY_ASSIGNED_CONTEXT((#16716)) 
GLOBAL_UNIT_ASSIGNED_CONTEXT((#16713,#16714,#16715)) 
REPRESENTATION_CONTEXT('Context #1',
  '3D Context with UNIT and UNCERTAINTY') );
#16713 = ( LENGTH_UNIT() NAMED_UNIT(*) SI_UNIT(.MILLI.,.METRE.) );
#16714 = ( NAMED_UNIT(*) PLANE_ANGLE_UNIT() SI_UNIT($,.RADIAN.) );
#16715 = ( NAMED_UNIT(*) SI_UNIT($,.STERADIAN.) SOLID_ANGLE_UNIT() );
#16716 = UNCERTAINTY_MEASURE_WITH_UNIT(LENGTH_MEASURE(1.E-07),#16713,
  'distance_accuracy_value','confusion accuracy');
#16717 = CONTEXT_DEPENDENT_SHAPE_REPRESENTATION(#16718,#16720);
#16718 = ( REPRESENTATION_RELATIONSHIP('','',#11710,#10) 
REPRESENTATION_RELATIONSHIP_WITH_TRANSFORMATION(#16719) 
SHAPE_REPRESENTATION_RELATIONSHIP() );
#16719 = ITEM_DEFINED_TRANSFORMATION('','',#11,#859);
#16720 = PRODUCT_DEFINITION_SHAPE('Placement','Placement of an item',
  #16721);
#16721 = NEXT_ASSEMBLY_USAGE_OCCURRENCE('220','=>[0:1:1:18]','',#5,
  #11705,$);
#16722 = PRODUCT_RELATED_PRODUCT_CATEGORY('part',$,(#11707));
#16723 = MECHANICAL_DESIGN_GEOMETRIC_PRESENTATION_REPRESENTATION('',(
    #16724,#16732,#16739,#16746,#16753,#16760,#16767,#16774,#16782,
    #16789,#16796,#16803,#16810,#16817,#16824,#16831,#16838,#16845,
    #16852,#16859,#16866,#16873,#16880,#16887,#16894,#16901,#16909,
    #16916,#16923,#16930,#16937,#16944,#16951,#16958,#16965,#16972,
    #16979,#16986,#16993),#4928);
#16724 = STYLED_ITEM('color',(#16725),#3606);
#16725 = PRESENTATION_STYLE_ASSIGNMENT((#16726));
#16726 = SURFACE_STYLE_USAGE(.BOTH.,#16727);
#16727 = SURFACE_SIDE_STYLE('',(#16728));
#16728 = SURFACE_STYLE_FILL_AREA(#16729);
#16729 = FILL_AREA_STYLE('',(#16730));
#16730 = FILL_AREA_STYLE_COLOUR('',#16731);
#16731 = COLOUR_RGB('',0.823999987314,0.819999987296,0.781000009244);
#16732 = STYLED_ITEM('color',(#16733),#3663);
#16733 = PRESENTATION_STYLE_ASSIGNMENT((#16734));
#16734 = SURFACE_STYLE_USAGE(.BOTH.,#16735);
#16735 = SURFACE_SIDE_STYLE('',(#16736));
#16736 = SURFACE_STYLE_FILL_AREA(#16737);
#16737 = FILL_AREA_STYLE('',(#16738));
#16738 = FILL_AREA_STYLE_COLOUR('',#16731);
#16739 = STYLED_ITEM('color',(#16740),#3746);
#16740 = PRESENTATION_STYLE_ASSIGNMENT((#16741));
#16741 = SURFACE_STYLE_USAGE(.BOTH.,#16742);
#16742 = SURFACE_SIDE_STYLE('',(#16743));
#16743 = SURFACE_STYLE_FILL_AREA(#16744);
#16744 = FILL_AREA_STYLE('',(#16745));
#16745 = FILL_AREA_STYLE_COLOUR('',#16731);
#16746 = STYLED_ITEM('color',(#16747),#3781);
#16747 = PRESENTATION_STYLE_ASSIGNMENT((#16748));
#16748 = SURFACE_STYLE_USAGE(.BOTH.,#16749);
#16749 = SURFACE_SIDE_STYLE('',(#16750));
#16750 = SURFACE_STYLE_FILL_AREA(#16751);
#16751 = FILL_AREA_STYLE('',(#16752));
#16752 = FILL_AREA_STYLE_COLOUR('',#16731);
#16753 = STYLED_ITEM('color',(#16754),#3871);
#16754 = PRESENTATION_STYLE_ASSIGNMENT((#16755));
#16755 = SURFACE_STYLE_USAGE(.BOTH.,#16756);
#16756 = SURFACE_SIDE_STYLE('',(#16757));
#16757 = SURFACE_STYLE_FILL_AREA(#16758);
#16758 = FILL_AREA_STYLE('',(#16759));
#16759 = FILL_AREA_STYLE_COLOUR('',#16731);
#16760 = STYLED_ITEM('color',(#16761),#3896);
#16761 = PRESENTATION_STYLE_ASSIGNMENT((#16762));
#16762 = SURFACE_STYLE_USAGE(.BOTH.,#16763);
#16763 = SURFACE_SIDE_STYLE('',(#16764));
#16764 = SURFACE_STYLE_FILL_AREA(#16765);
#16765 = FILL_AREA_STYLE('',(#16766));
#16766 = FILL_AREA_STYLE_COLOUR('',#16731);
#16767 = STYLED_ITEM('color',(#16768),#3971);
#16768 = PRESENTATION_STYLE_ASSIGNMENT((#16769));
#16769 = SURFACE_STYLE_USAGE(.BOTH.,#16770);
#16770 = SURFACE_SIDE_STYLE('',(#16771));
#16771 = SURFACE_STYLE_FILL_AREA(#16772);
#16772 = FILL_AREA_STYLE('',(#16773));
#16773 = FILL_AREA_STYLE_COLOUR('',#16731);
#16774 = STYLED_ITEM('color',(#16775),#3988);
#16775 = PRESENTATION_STYLE_ASSIGNMENT((#16776));
#16776 = SURFACE_STYLE_USAGE(.BOTH.,#16777);
#16777 = SURFACE_SIDE_STYLE('',(#16778));
#16778 = SURFACE_STYLE_FILL_AREA(#16779);
#16779 = FILL_AREA_STYLE('',(#16780));
#16780 = FILL_AREA_STYLE_COLOUR('',#16781);
#16781 = COLOUR_RGB('',0.147999998088,0.144999993226,0.144999993226);
#16782 = STYLED_ITEM('color',(#16783),#4074);
#16783 = PRESENTATION_STYLE_ASSIGNMENT((#16784));
#16784 = SURFACE_STYLE_USAGE(.BOTH.,#16785);
#16785 = SURFACE_SIDE_STYLE('',(#16786));
#16786 = SURFACE_STYLE_FILL_AREA(#16787);
#16787 = FILL_AREA_STYLE('',(#16788));
#16788 = FILL_AREA_STYLE_COLOUR('',#16781);
#16789 = STYLED_ITEM('color',(#16790),#4098);
#16790 = PRESENTATION_STYLE_ASSIGNMENT((#16791));
#16791 = SURFACE_STYLE_USAGE(.BOTH.,#16792);
#16792 = SURFACE_SIDE_STYLE('',(#16793));
#16793 = SURFACE_STYLE_FILL_AREA(#16794);
#16794 = FILL_AREA_STYLE('',(#16795));
#16795 = FILL_AREA_STYLE_COLOUR('',#16781);
#16796 = STYLED_ITEM('color',(#16797),#4206);
#16797 = PRESENTATION_STYLE_ASSIGNMENT((#16798));
#16798 = SURFACE_STYLE_USAGE(.BOTH.,#16799);
#16799 = SURFACE_SIDE_STYLE('',(#16800));
#16800 = SURFACE_STYLE_FILL_AREA(#16801);
#16801 = FILL_AREA_STYLE('',(#16802));
#16802 = FILL_AREA_STYLE_COLOUR('',#16731);
#16803 = STYLED_ITEM('color',(#16804),#4223);
#16804 = PRESENTATION_STYLE_ASSIGNMENT((#16805));
#16805 = SURFACE_STYLE_USAGE(.BOTH.,#16806);
#16806 = SURFACE_SIDE_STYLE('',(#16807));
#16807 = SURFACE_STYLE_FILL_AREA(#16808);
#16808 = FILL_AREA_STYLE('',(#16809));
#16809 = FILL_AREA_STYLE_COLOUR('',#16731);
#16810 = STYLED_ITEM('color',(#16811),#4240);
#16811 = PRESENTATION_STYLE_ASSIGNMENT((#16812));
#16812 = SURFACE_STYLE_USAGE(.BOTH.,#16813);
#16813 = SURFACE_SIDE_STYLE('',(#16814));
#16814 = SURFACE_STYLE_FILL_AREA(#16815);
#16815 = FILL_AREA_STYLE('',(#16816));
#16816 = FILL_AREA_STYLE_COLOUR('',#16731);
#16817 = STYLED_ITEM('color',(#16818),#4264);
#16818 = PRESENTATION_STYLE_ASSIGNMENT((#16819));
#16819 = SURFACE_STYLE_USAGE(.BOTH.,#16820);
#16820 = SURFACE_SIDE_STYLE('',(#16821));
#16821 = SURFACE_STYLE_FILL_AREA(#16822);
#16822 = FILL_AREA_STYLE('',(#16823));
#16823 = FILL_AREA_STYLE_COLOUR('',#16731);
#16824 = STYLED_ITEM('color',(#16825),#4276);
#16825 = PRESENTATION_STYLE_ASSIGNMENT((#16826));
#16826 = SURFACE_STYLE_USAGE(.BOTH.,#16827);
#16827 = SURFACE_SIDE_STYLE('',(#16828));
#16828 = SURFACE_STYLE_FILL_AREA(#16829);
#16829 = FILL_AREA_STYLE('',(#16830));
#16830 = FILL_AREA_STYLE_COLOUR('',#16731);
#16831 = STYLED_ITEM('color',(#16832),#4293);
#16832 = PRESENTATION_STYLE_ASSIGNMENT((#16833));
#16833 = SURFACE_STYLE_USAGE(.BOTH.,#16834);
#16834 = SURFACE_SIDE_STYLE('',(#16835));
#16835 = SURFACE_STYLE_FILL_AREA(#16836);
#16836 = FILL_AREA_STYLE('',(#16837));
#16837 = FILL_AREA_STYLE_COLOUR('',#16731);
#16838 = STYLED_ITEM('color',(#16839),#4305);
#16839 = PRESENTATION_STYLE_ASSIGNMENT((#16840));
#16840 = SURFACE_STYLE_USAGE(.BOTH.,#16841);
#16841 = SURFACE_SIDE_STYLE('',(#16842));
#16842 = SURFACE_STYLE_FILL_AREA(#16843);
#16843 = FILL_AREA_STYLE('',(#16844));
#16844 = FILL_AREA_STYLE_COLOUR('',#16781);
#16845 = STYLED_ITEM('color',(#16846),#4322);
#16846 = PRESENTATION_STYLE_ASSIGNMENT((#16847));
#16847 = SURFACE_STYLE_USAGE(.BOTH.,#16848);
#16848 = SURFACE_SIDE_STYLE('',(#16849));
#16849 = SURFACE_STYLE_FILL_AREA(#16850);
#16850 = FILL_AREA_STYLE('',(#16851));
#16851 = FILL_AREA_STYLE_COLOUR('',#16781);
#16852 = STYLED_ITEM('color',(#16853),#4339);
#16853 = PRESENTATION_STYLE_ASSIGNMENT((#16854));
#16854 = SURFACE_STYLE_USAGE(.BOTH.,#16855);
#16855 = SURFACE_SIDE_STYLE('',(#16856));
#16856 = SURFACE_STYLE_FILL_AREA(#16857);
#16857 = FILL_AREA_STYLE('',(#16858));
#16858 = FILL_AREA_STYLE_COLOUR('',#16781);
#16859 = STYLED_ITEM('color',(#16860),#4356);
#16860 = PRESENTATION_STYLE_ASSIGNMENT((#16861));
#16861 = SURFACE_STYLE_USAGE(.BOTH.,#16862);
#16862 = SURFACE_SIDE_STYLE('',(#16863));
#16863 = SURFACE_STYLE_FILL_AREA(#16864);
#16864 = FILL_AREA_STYLE('',(#16865));
#16865 = FILL_AREA_STYLE_COLOUR('',#16731);
#16866 = STYLED_ITEM('color',(#16867),#4425);
#16867 = PRESENTATION_STYLE_ASSIGNMENT((#16868));
#16868 = SURFACE_STYLE_USAGE(.BOTH.,#16869);
#16869 = SURFACE_SIDE_STYLE('',(#16870));
#16870 = SURFACE_STYLE_FILL_AREA(#16871);
#16871 = FILL_AREA_STYLE('',(#16872));
#16872 = FILL_AREA_STYLE_COLOUR('',#16731);
#16873 = STYLED_ITEM('color',(#16874),#4450);
#16874 = PRESENTATION_STYLE_ASSIGNMENT((#16875));
#16875 = SURFACE_STYLE_USAGE(.BOTH.,#16876);
#16876 = SURFACE_SIDE_STYLE('',(#16877));
#16877 = SURFACE_STYLE_FILL_AREA(#16878);
#16878 = FILL_AREA_STYLE('',(#16879));
#16879 = FILL_AREA_STYLE_COLOUR('',#16781);
#16880 = STYLED_ITEM('color',(#16881),#4467);
#16881 = PRESENTATION_STYLE_ASSIGNMENT((#16882));
#16882 = SURFACE_STYLE_USAGE(.BOTH.,#16883);
#16883 = SURFACE_SIDE_STYLE('',(#16884));
#16884 = SURFACE_STYLE_FILL_AREA(#16885);
#16885 = FILL_AREA_STYLE('',(#16886));
#16886 = FILL_AREA_STYLE_COLOUR('',#16731);
#16887 = STYLED_ITEM('color',(#16888),#4533);
#16888 = PRESENTATION_STYLE_ASSIGNMENT((#16889));
#16889 = SURFACE_STYLE_USAGE(.BOTH.,#16890);
#16890 = SURFACE_SIDE_STYLE('',(#16891));
#16891 = SURFACE_STYLE_FILL_AREA(#16892);
#16892 = FILL_AREA_STYLE('',(#16893));
#16893 = FILL_AREA_STYLE_COLOUR('',#16781);
#16894 = STYLED_ITEM('color',(#16895),#4545);
#16895 = PRESENTATION_STYLE_ASSIGNMENT((#16896));
#16896 = SURFACE_STYLE_USAGE(.BOTH.,#16897);
#16897 = SURFACE_SIDE_STYLE('',(#16898));
#16898 = SURFACE_STYLE_FILL_AREA(#16899);
#16899 = FILL_AREA_STYLE('',(#16900));
#16900 = FILL_AREA_STYLE_COLOUR('',#16731);
#16901 = STYLED_ITEM('color',(#16902),#4562);
#16902 = PRESENTATION_STYLE_ASSIGNMENT((#16903));
#16903 = SURFACE_STYLE_USAGE(.BOTH.,#16904);
#16904 = SURFACE_SIDE_STYLE('',(#16905));
#16905 = SURFACE_STYLE_FILL_AREA(#16906);
#16906 = FILL_AREA_STYLE('',(#16907));
#16907 = FILL_AREA_STYLE_COLOUR('',#16908);
#16908 = COLOUR_RGB('',0.690999977303,0.663999984767,0.597999987832);
#16909 = STYLED_ITEM('color',(#16910),#4593);
#16910 = PRESENTATION_STYLE_ASSIGNMENT((#16911));
#16911 = SURFACE_STYLE_USAGE(.BOTH.,#16912);
#16912 = SURFACE_SIDE_STYLE('',(#16913));
#16913 = SURFACE_STYLE_FILL_AREA(#16914);
#16914 = FILL_AREA_STYLE('',(#16915));
#16915 = FILL_AREA_STYLE_COLOUR('',#16908);
#16916 = STYLED_ITEM('color',(#16917),#4617);
#16917 = PRESENTATION_STYLE_ASSIGNMENT((#16918));
#16918 = SURFACE_STYLE_USAGE(.BOTH.,#16919);
#16919 = SURFACE_SIDE_STYLE('',(#16920));
#16920 = SURFACE_STYLE_FILL_AREA(#16921);
#16921 = FILL_AREA_STYLE('',(#16922));
#16922 = FILL_AREA_STYLE_COLOUR('',#16908);
#16923 = STYLED_ITEM('color',(#16924),#4641);
#16924 = PRESENTATION_STYLE_ASSIGNMENT((#16925));
#16925 = SURFACE_STYLE_USAGE(.BOTH.,#16926);
#16926 = SURFACE_SIDE_STYLE('',(#16927));
#16927 = SURFACE_STYLE_FILL_AREA(#16928);
#16928 = FILL_AREA_STYLE('',(#16929));
#16929 = FILL_AREA_STYLE_COLOUR('',#16908);
#16930 = STYLED_ITEM('color',(#16931),#4658);
#16931 = PRESENTATION_STYLE_ASSIGNMENT((#16932));
#16932 = SURFACE_STYLE_USAGE(.BOTH.,#16933);
#16933 = SURFACE_SIDE_STYLE('',(#16934));
#16934 = SURFACE_STYLE_FILL_AREA(#16935);
#16935 = FILL_AREA_STYLE('',(#16936));
#16936 = FILL_AREA_STYLE_COLOUR('',#16731);
#16937 = STYLED_ITEM('color',(#16938),#4692);
#16938 = PRESENTATION_STYLE_ASSIGNMENT((#16939));
#16939 = SURFACE_STYLE_USAGE(.BOTH.,#16940);
#16940 = SURFACE_SIDE_STYLE('',(#16941));
#16941 = SURFACE_STYLE_FILL_AREA(#16942);
#16942 = FILL_AREA_STYLE('',(#16943));
#16943 = FILL_AREA_STYLE_COLOUR('',#16731);
#16944 = STYLED_ITEM('color',(#16945),#4727);
#16945 = PRESENTATION_STYLE_ASSIGNMENT((#16946));
#16946 = SURFACE_STYLE_USAGE(.BOTH.,#16947);
#16947 = SURFACE_SIDE_STYLE('',(#16948));
#16948 = SURFACE_STYLE_FILL_AREA(#16949);
#16949 = FILL_AREA_STYLE('',(#16950));
#16950 = FILL_AREA_STYLE_COLOUR('',#16731);
#16951 = STYLED_ITEM('color',(#16952),#4751);
#16952 = PRESENTATION_STYLE_ASSIGNMENT((#16953));
#16953 = SURFACE_STYLE_USAGE(.BOTH.,#16954);
#16954 = SURFACE_SIDE_STYLE('',(#16955));
#16955 = SURFACE_STYLE_FILL_AREA(#16956);
#16956 = FILL_AREA_STYLE('',(#16957));
#16957 = FILL_AREA_STYLE_COLOUR('',#16731);
#16958 = STYLED_ITEM('color',(#16959),#4786);
#16959 = PRESENTATION_STYLE_ASSIGNMENT((#16960));
#16960 = SURFACE_STYLE_USAGE(.BOTH.,#16961);
#16961 = SURFACE_SIDE_STYLE('',(#16962));
#16962 = SURFACE_STYLE_FILL_AREA(#16963);
#16963 = FILL_AREA_STYLE('',(#16964));
#16964 = FILL_AREA_STYLE_COLOUR('',#16731);
#16965 = STYLED_ITEM('color',(#16966),#4813);
#16966 = PRESENTATION_STYLE_ASSIGNMENT((#16967));
#16967 = SURFACE_STYLE_USAGE(.BOTH.,#16968);
#16968 = SURFACE_SIDE_STYLE('',(#16969));
#16969 = SURFACE_STYLE_FILL_AREA(#16970);
#16970 = FILL_AREA_STYLE('',(#16971));
#16971 = FILL_AREA_STYLE_COLOUR('',#16731);
#16972 = STYLED_ITEM('color',(#16973),#4848);
#16973 = PRESENTATION_STYLE_ASSIGNMENT((#16974));
#16974 = SURFACE_STYLE_USAGE(.BOTH.,#16975);
#16975 = SURFACE_SIDE_STYLE('',(#16976));
#16976 = SURFACE_STYLE_FILL_AREA(#16977);
#16977 = FILL_AREA_STYLE('',(#16978));
#16978 = FILL_AREA_STYLE_COLOUR('',#16731);
#16979 = STYLED_ITEM('color',(#16980),#4872);
#16980 = PRESENTATION_STYLE_ASSIGNMENT((#16981));
#16981 = SURFACE_STYLE_USAGE(.BOTH.,#16982);
#16982 = SURFACE_SIDE_STYLE('',(#16983));
#16983 = SURFACE_STYLE_FILL_AREA(#16984);
#16984 = FILL_AREA_STYLE('',(#16985));
#16985 = FILL_AREA_STYLE_COLOUR('',#16731);
#16986 = STYLED_ITEM('color',(#16987),#4900);
#16987 = PRESENTATION_STYLE_ASSIGNMENT((#16988));
#16988 = SURFACE_STYLE_USAGE(.BOTH.,#16989);
#16989 = SURFACE_SIDE_STYLE('',(#16990));
#16990 = SURFACE_STYLE_FILL_AREA(#16991);
#16991 = FILL_AREA_STYLE('',(#16992));
#16992 = FILL_AREA_STYLE_COLOUR('',#16908);
#16993 = STYLED_ITEM('color',(#16994),#4912);
#16994 = PRESENTATION_STYLE_ASSIGNMENT((#16995));
#16995 = SURFACE_STYLE_USAGE(.BOTH.,#16996);
#16996 = SURFACE_SIDE_STYLE('',(#16997));
#16997 = SURFACE_STYLE_FILL_AREA(#16998);
#16998 = FILL_AREA_STYLE('',(#16999));
#16999 = FILL_AREA_STYLE_COLOUR('',#16731);
#17000 = MECHANICAL_DESIGN_GEOMETRIC_PRESENTATION_REPRESENTATION('',(
    #17001,#17008,#17015,#17022,#17029,#17036,#17043,#17050,#17057,
    #17064,#17071,#17079,#17086,#17093,#17100,#17107,#17114,#17121,
    #17128,#17135,#17142,#17149,#17156,#17163,#17170,#17177,#17184,
    #17191),#3507);
#17001 = STYLED_ITEM('color',(#17002),#2655);
#17002 = PRESENTATION_STYLE_ASSIGNMENT((#17003));
#17003 = SURFACE_STYLE_USAGE(.BOTH.,#17004);
#17004 = SURFACE_SIDE_STYLE('',(#17005));
#17005 = SURFACE_STYLE_FILL_AREA(#17006);
#17006 = FILL_AREA_STYLE('',(#17007));
#17007 = FILL_AREA_STYLE_COLOUR('',#16731);
#17008 = STYLED_ITEM('color',(#17009),#2731);
#17009 = PRESENTATION_STYLE_ASSIGNMENT((#17010));
#17010 = SURFACE_STYLE_USAGE(.BOTH.,#17011);
#17011 = SURFACE_SIDE_STYLE('',(#17012));
#17012 = SURFACE_STYLE_FILL_AREA(#17013);
#17013 = FILL_AREA_STYLE('',(#17014));
#17014 = FILL_AREA_STYLE_COLOUR('',#16731);
#17015 = STYLED_ITEM('color',(#17016),#2762);
#17016 = PRESENTATION_STYLE_ASSIGNMENT((#17017));
#17017 = SURFACE_STYLE_USAGE(.BOTH.,#17018);
#17018 = SURFACE_SIDE_STYLE('',(#17019));
#17019 = SURFACE_STYLE_FILL_AREA(#17020);
#17020 = FILL_AREA_STYLE('',(#17021));
#17021 = FILL_AREA_STYLE_COLOUR('',#16731);
#17022 = STYLED_ITEM('color',(#17023),#2787);
#17023 = PRESENTATION_STYLE_ASSIGNMENT((#17024));
#17024 = SURFACE_STYLE_USAGE(.BOTH.,#17025);
#17025 = SURFACE_SIDE_STYLE('',(#17026));
#17026 = SURFACE_STYLE_FILL_AREA(#17027);
#17027 = FILL_AREA_STYLE('',(#17028));
#17028 = FILL_AREA_STYLE_COLOUR('',#16731);
#17029 = STYLED_ITEM('color',(#17030),#2812);
#17030 = PRESENTATION_STYLE_ASSIGNMENT((#17031));
#17031 = SURFACE_STYLE_USAGE(.BOTH.,#17032);
#17032 = SURFACE_SIDE_STYLE('',(#17033));
#17033 = SURFACE_STYLE_FILL_AREA(#17034);
#17034 = FILL_AREA_STYLE('',(#17035));
#17035 = FILL_AREA_STYLE_COLOUR('',#16731);
#17036 = STYLED_ITEM('color',(#17037),#2836);
#17037 = PRESENTATION_STYLE_ASSIGNMENT((#17038));
#17038 = SURFACE_STYLE_USAGE(.BOTH.,#17039);
#17039 = SURFACE_SIDE_STYLE('',(#17040));
#17040 = SURFACE_STYLE_FILL_AREA(#17041);
#17041 = FILL_AREA_STYLE('',(#17042));
#17042 = FILL_AREA_STYLE_COLOUR('',#16731);
#17043 = STYLED_ITEM('color',(#17044),#2860);
#17044 = PRESENTATION_STYLE_ASSIGNMENT((#17045));
#17045 = SURFACE_STYLE_USAGE(.BOTH.,#17046);
#17046 = SURFACE_SIDE_STYLE('',(#17047));
#17047 = SURFACE_STYLE_FILL_AREA(#17048);
#17048 = FILL_AREA_STYLE('',(#17049));
#17049 = FILL_AREA_STYLE_COLOUR('',#16731);
#17050 = STYLED_ITEM('color',(#17051),#2885);
#17051 = PRESENTATION_STYLE_ASSIGNMENT((#17052));
#17052 = SURFACE_STYLE_USAGE(.BOTH.,#17053);
#17053 = SURFACE_SIDE_STYLE('',(#17054));
#17054 = SURFACE_STYLE_FILL_AREA(#17055);
#17055 = FILL_AREA_STYLE('',(#17056));
#17056 = FILL_AREA_STYLE_COLOUR('',#16731);
#17057 = STYLED_ITEM('color',(#17058),#2910);
#17058 = PRESENTATION_STYLE_ASSIGNMENT((#17059));
#17059 = SURFACE_STYLE_USAGE(.BOTH.,#17060);
#17060 = SURFACE_SIDE_STYLE('',(#17061));
#17061 = SURFACE_STYLE_FILL_AREA(#17062);
#17062 = FILL_AREA_STYLE('',(#17063));
#17063 = FILL_AREA_STYLE_COLOUR('',#16731);
#17064 = STYLED_ITEM('color',(#17065),#2927);
#17065 = PRESENTATION_STYLE_ASSIGNMENT((#17066));
#17066 = SURFACE_STYLE_USAGE(.BOTH.,#17067);
#17067 = SURFACE_SIDE_STYLE('',(#17068));
#17068 = SURFACE_STYLE_FILL_AREA(#17069);
#17069 = FILL_AREA_STYLE('',(#17070));
#17070 = FILL_AREA_STYLE_COLOUR('',#16731);
#17071 = STYLED_ITEM('color',(#17072),#3013);
#17072 = PRESENTATION_STYLE_ASSIGNMENT((#17073));
#17073 = SURFACE_STYLE_USAGE(.BOTH.,#17074);
#17074 = SURFACE_SIDE_STYLE('',(#17075));
#17075 = SURFACE_STYLE_FILL_AREA(#17076);
#17076 = FILL_AREA_STYLE('',(#17077));
#17077 = FILL_AREA_STYLE_COLOUR('',#17078);
#17078 = COLOUR_RGB('',0.379000005575,0.270000008848,0.214999999939);
#17079 = STYLED_ITEM('color',(#17080),#3045);
#17080 = PRESENTATION_STYLE_ASSIGNMENT((#17081));
#17081 = SURFACE_STYLE_USAGE(.BOTH.,#17082);
#17082 = SURFACE_SIDE_STYLE('',(#17083));
#17083 = SURFACE_STYLE_FILL_AREA(#17084);
#17084 = FILL_AREA_STYLE('',(#17085));
#17085 = FILL_AREA_STYLE_COLOUR('',#17078);
#17086 = STYLED_ITEM('color',(#17087),#3069);
#17087 = PRESENTATION_STYLE_ASSIGNMENT((#17088));
#17088 = SURFACE_STYLE_USAGE(.BOTH.,#17089);
#17089 = SURFACE_SIDE_STYLE('',(#17090));
#17090 = SURFACE_STYLE_FILL_AREA(#17091);
#17091 = FILL_AREA_STYLE('',(#17092));
#17092 = FILL_AREA_STYLE_COLOUR('',#17078);
#17093 = STYLED_ITEM('color',(#17094),#3094);
#17094 = PRESENTATION_STYLE_ASSIGNMENT((#17095));
#17095 = SURFACE_STYLE_USAGE(.BOTH.,#17096);
#17096 = SURFACE_SIDE_STYLE('',(#17097));
#17097 = SURFACE_STYLE_FILL_AREA(#17098);
#17098 = FILL_AREA_STYLE('',(#17099));
#17099 = FILL_AREA_STYLE_COLOUR('',#17078);
#17100 = STYLED_ITEM('color',(#17101),#3118);
#17101 = PRESENTATION_STYLE_ASSIGNMENT((#17102));
#17102 = SURFACE_STYLE_USAGE(.BOTH.,#17103);
#17103 = SURFACE_SIDE_STYLE('',(#17104));
#17104 = SURFACE_STYLE_FILL_AREA(#17105);
#17105 = FILL_AREA_STYLE('',(#17106));
#17106 = FILL_AREA_STYLE_COLOUR('',#17078);
#17107 = STYLED_ITEM('color',(#17108),#3143);
#17108 = PRESENTATION_STYLE_ASSIGNMENT((#17109));
#17109 = SURFACE_STYLE_USAGE(.BOTH.,#17110);
#17110 = SURFACE_SIDE_STYLE('',(#17111));
#17111 = SURFACE_STYLE_FILL_AREA(#17112);
#17112 = FILL_AREA_STYLE('',(#17113));
#17113 = FILL_AREA_STYLE_COLOUR('',#17078);
#17114 = STYLED_ITEM('color',(#17115),#3167);
#17115 = PRESENTATION_STYLE_ASSIGNMENT((#17116));
#17116 = SURFACE_STYLE_USAGE(.BOTH.,#17117);
#17117 = SURFACE_SIDE_STYLE('',(#17118));
#17118 = SURFACE_STYLE_FILL_AREA(#17119);
#17119 = FILL_AREA_STYLE('',(#17120));
#17120 = FILL_AREA_STYLE_COLOUR('',#17078);
#17121 = STYLED_ITEM('color',(#17122),#3192);
#17122 = PRESENTATION_STYLE_ASSIGNMENT((#17123));
#17123 = SURFACE_STYLE_USAGE(.BOTH.,#17124);
#17124 = SURFACE_SIDE_STYLE('',(#17125));
#17125 = SURFACE_STYLE_FILL_AREA(#17126);
#17126 = FILL_AREA_STYLE('',(#17127));
#17127 = FILL_AREA_STYLE_COLOUR('',#17078);
#17128 = STYLED_ITEM('color',(#17129),#3209);
#17129 = PRESENTATION_STYLE_ASSIGNMENT((#17130));
#17130 = SURFACE_STYLE_USAGE(.BOTH.,#17131);
#17131 = SURFACE_SIDE_STYLE('',(#17132));
#17132 = SURFACE_STYLE_FILL_AREA(#17133);
#17133 = FILL_AREA_STYLE('',(#17134));
#17134 = FILL_AREA_STYLE_COLOUR('',#16731);
#17135 = STYLED_ITEM('color',(#17136),#3295);
#17136 = PRESENTATION_STYLE_ASSIGNMENT((#17137));
#17137 = SURFACE_STYLE_USAGE(.BOTH.,#17138);
#17138 = SURFACE_SIDE_STYLE('',(#17139));
#17139 = SURFACE_STYLE_FILL_AREA(#17140);
#17140 = FILL_AREA_STYLE('',(#17141));
#17141 = FILL_AREA_STYLE_COLOUR('',#16731);
#17142 = STYLED_ITEM('color',(#17143),#3326);
#17143 = PRESENTATION_STYLE_ASSIGNMENT((#17144));
#17144 = SURFACE_STYLE_USAGE(.BOTH.,#17145);
#17145 = SURFACE_SIDE_STYLE('',(#17146));
#17146 = SURFACE_STYLE_FILL_AREA(#17147);
#17147 = FILL_AREA_STYLE('',(#17148));
#17148 = FILL_AREA_STYLE_COLOUR('',#16731);
#17149 = STYLED_ITEM('color',(#17150),#3351);
#17150 = PRESENTATION_STYLE_ASSIGNMENT((#17151));
#17151 = SURFACE_STYLE_USAGE(.BOTH.,#17152);
#17152 = SURFACE_SIDE_STYLE('',(#17153));
#17153 = SURFACE_STYLE_FILL_AREA(#17154);
#17154 = FILL_AREA_STYLE('',(#17155));
#17155 = FILL_AREA_STYLE_COLOUR('',#16731);
#17156 = STYLED_ITEM('color',(#17157),#3376);
#17157 = PRESENTATION_STYLE_ASSIGNMENT((#17158));
#17158 = SURFACE_STYLE_USAGE(.BOTH.,#17159);
#17159 = SURFACE_SIDE_STYLE('',(#17160));
#17160 = SURFACE_STYLE_FILL_AREA(#17161);
#17161 = FILL_AREA_STYLE('',(#17162));
#17162 = FILL_AREA_STYLE_COLOUR('',#16731);
#17163 = STYLED_ITEM('color',(#17164),#3400);
#17164 = PRESENTATION_STYLE_ASSIGNMENT((#17165));
#17165 = SURFACE_STYLE_USAGE(.BOTH.,#17166);
#17166 = SURFACE_SIDE_STYLE('',(#17167));
#17167 = SURFACE_STYLE_FILL_AREA(#17168);
#17168 = FILL_AREA_STYLE('',(#17169));
#17169 = FILL_AREA_STYLE_COLOUR('',#16731);
#17170 = STYLED_ITEM('color',(#17171),#3424);
#17171 = PRESENTATION_STYLE_ASSIGNMENT((#17172));
#17172 = SURFACE_STYLE_USAGE(.BOTH.,#17173);
#17173 = SURFACE_SIDE_STYLE('',(#17174));
#17174 = SURFACE_STYLE_FILL_AREA(#17175);
#17175 = FILL_AREA_STYLE('',(#17176));
#17176 = FILL_AREA_STYLE_COLOUR('',#16731);
#17177 = STYLED_ITEM('color',(#17178),#3449);
#17178 = PRESENTATION_STYLE_ASSIGNMENT((#17179));
#17179 = SURFACE_STYLE_USAGE(.BOTH.,#17180);
#17180 = SURFACE_SIDE_STYLE('',(#17181));
#17181 = SURFACE_STYLE_FILL_AREA(#17182);
#17182 = FILL_AREA_STYLE('',(#17183));
#17183 = FILL_AREA_STYLE_COLOUR('',#16731);
#17184 = STYLED_ITEM('color',(#17185),#3474);
#17185 = PRESENTATION_STYLE_ASSIGNMENT((#17186));
#17186 = SURFACE_STYLE_USAGE(.BOTH.,#17187);
#17187 = SURFACE_SIDE_STYLE('',(#17188));
#17188 = SURFACE_STYLE_FILL_AREA(#17189);
#17189 = FILL_AREA_STYLE('',(#17190));
#17190 = FILL_AREA_STYLE_COLOUR('',#16731);
#17191 = STYLED_ITEM('color',(#17192),#3491);
#17192 = PRESENTATION_STYLE_ASSIGNMENT((#17193));
#17193 = SURFACE_STYLE_USAGE(.BOTH.,#17194);
#17194 = SURFACE_SIDE_STYLE('',(#17195));
#17195 = SURFACE_STYLE_FILL_AREA(#17196);
#17196 = FILL_AREA_STYLE('',(#17197));
#17197 = FILL_AREA_STYLE_COLOUR('',#16731);
#17198 = MECHANICAL_DESIGN_GEOMETRIC_PRESENTATION_REPRESENTATION('',(
    #17199,#17206,#17213,#17220,#17227,#17234,#17241,#17248,#17255,
    #17262,#17269,#17276,#17283,#17290,#17297,#17304,#17311,#17319,
    #17326,#17333,#17340,#17347,#17354,#17361,#17368,#17375,#17382,
    #17389,#17396,#17403,#17410,#17417,#17424,#17431,#17438,#17445,
    #17452,#17459,#17466,#17473,#17480,#17487,#17494,#17501,#17508,
    #17515,#17522,#17529,#17536,#17543,#17550,#17557),#7834);
#17199 = STYLED_ITEM('color',(#17200),#6404);
#17200 = PRESENTATION_STYLE_ASSIGNMENT((#17201));
#17201 = SURFACE_STYLE_USAGE(.BOTH.,#17202);
#17202 = SURFACE_SIDE_STYLE('',(#17203));
#17203 = SURFACE_STYLE_FILL_AREA(#17204);
#17204 = FILL_AREA_STYLE('',(#17205));
#17205 = FILL_AREA_STYLE_COLOUR('',#16781);
#17206 = STYLED_ITEM('color',(#17207),#6444);
#17207 = PRESENTATION_STYLE_ASSIGNMENT((#17208));
#17208 = SURFACE_STYLE_USAGE(.BOTH.,#17209);
#17209 = SURFACE_SIDE_STYLE('',(#17210));
#17210 = SURFACE_STYLE_FILL_AREA(#17211);
#17211 = FILL_AREA_STYLE('',(#17212));
#17212 = FILL_AREA_STYLE_COLOUR('',#16781);
#17213 = STYLED_ITEM('color',(#17214),#6475);
#17214 = PRESENTATION_STYLE_ASSIGNMENT((#17215));
#17215 = SURFACE_STYLE_USAGE(.BOTH.,#17216);
#17216 = SURFACE_SIDE_STYLE('',(#17217));
#17217 = SURFACE_STYLE_FILL_AREA(#17218);
#17218 = FILL_AREA_STYLE('',(#17219));
#17219 = FILL_AREA_STYLE_COLOUR('',#16781);
#17220 = STYLED_ITEM('color',(#17221),#6506);
#17221 = PRESENTATION_STYLE_ASSIGNMENT((#17222));
#17222 = SURFACE_STYLE_USAGE(.BOTH.,#17223);
#17223 = SURFACE_SIDE_STYLE('',(#17224));
#17224 = SURFACE_STYLE_FILL_AREA(#17225);
#17225 = FILL_AREA_STYLE('',(#17226));
#17226 = FILL_AREA_STYLE_COLOUR('',#16781);
#17227 = STYLED_ITEM('color',(#17228),#6671);
#17228 = PRESENTATION_STYLE_ASSIGNMENT((#17229));
#17229 = SURFACE_STYLE_USAGE(.BOTH.,#17230);
#17230 = SURFACE_SIDE_STYLE('',(#17231));
#17231 = SURFACE_STYLE_FILL_AREA(#17232);
#17232 = FILL_AREA_STYLE('',(#17233));
#17233 = FILL_AREA_STYLE_COLOUR('',#16781);
#17234 = STYLED_ITEM('color',(#17235),#6836);
#17235 = PRESENTATION_STYLE_ASSIGNMENT((#17236));
#17236 = SURFACE_STYLE_USAGE(.BOTH.,#17237);
#17237 = SURFACE_SIDE_STYLE('',(#17238));
#17238 = SURFACE_STYLE_FILL_AREA(#17239);
#17239 = FILL_AREA_STYLE('',(#17240));
#17240 = FILL_AREA_STYLE_COLOUR('',#16781);
#17241 = STYLED_ITEM('color',(#17242),#6853);
#17242 = PRESENTATION_STYLE_ASSIGNMENT((#17243));
#17243 = SURFACE_STYLE_USAGE(.BOTH.,#17244);
#17244 = SURFACE_SIDE_STYLE('',(#17245));
#17245 = SURFACE_STYLE_FILL_AREA(#17246);
#17246 = FILL_AREA_STYLE('',(#17247));
#17247 = FILL_AREA_STYLE_COLOUR('',#16781);
#17248 = STYLED_ITEM('color',(#17249),#6870);
#17249 = PRESENTATION_STYLE_ASSIGNMENT((#17250));
#17250 = SURFACE_STYLE_USAGE(.BOTH.,#17251);
#17251 = SURFACE_SIDE_STYLE('',(#17252));
#17252 = SURFACE_STYLE_FILL_AREA(#17253);
#17253 = FILL_AREA_STYLE('',(#17254));
#17254 = FILL_AREA_STYLE_COLOUR('',#16781);
#17255 = STYLED_ITEM('color',(#17256),#6887);
#17256 = PRESENTATION_STYLE_ASSIGNMENT((#17257));
#17257 = SURFACE_STYLE_USAGE(.BOTH.,#17258);
#17258 = SURFACE_SIDE_STYLE('',(#17259));
#17259 = SURFACE_STYLE_FILL_AREA(#17260);
#17260 = FILL_AREA_STYLE('',(#17261));
#17261 = FILL_AREA_STYLE_COLOUR('',#16781);
#17262 = STYLED_ITEM('color',(#17263),#6904);
#17263 = PRESENTATION_STYLE_ASSIGNMENT((#17264));
#17264 = SURFACE_STYLE_USAGE(.BOTH.,#17265);
#17265 = SURFACE_SIDE_STYLE('',(#17266));
#17266 = SURFACE_STYLE_FILL_AREA(#17267);
#17267 = FILL_AREA_STYLE('',(#17268));
#17268 = FILL_AREA_STYLE_COLOUR('',#16781);
#17269 = STYLED_ITEM('color',(#17270),#6921);
#17270 = PRESENTATION_STYLE_ASSIGNMENT((#17271));
#17271 = SURFACE_STYLE_USAGE(.BOTH.,#17272);
#17272 = SURFACE_SIDE_STYLE('',(#17273));
#17273 = SURFACE_STYLE_FILL_AREA(#17274);
#17274 = FILL_AREA_STYLE('',(#17275));
#17275 = FILL_AREA_STYLE_COLOUR('',#16781);
#17276 = STYLED_ITEM('color',(#17277),#6938);
#17277 = PRESENTATION_STYLE_ASSIGNMENT((#17278));
#17278 = SURFACE_STYLE_USAGE(.BOTH.,#17279);
#17279 = SURFACE_SIDE_STYLE('',(#17280));
#17280 = SURFACE_STYLE_FILL_AREA(#17281);
#17281 = FILL_AREA_STYLE('',(#17282));
#17282 = FILL_AREA_STYLE_COLOUR('',#16781);
#17283 = STYLED_ITEM('color',(#17284),#6955);
#17284 = PRESENTATION_STYLE_ASSIGNMENT((#17285));
#17285 = SURFACE_STYLE_USAGE(.BOTH.,#17286);
#17286 = SURFACE_SIDE_STYLE('',(#17287));
#17287 = SURFACE_STYLE_FILL_AREA(#17288);
#17288 = FILL_AREA_STYLE('',(#17289));
#17289 = FILL_AREA_STYLE_COLOUR('',#16781);
#17290 = STYLED_ITEM('color',(#17291),#6972);
#17291 = PRESENTATION_STYLE_ASSIGNMENT((#17292));
#17292 = SURFACE_STYLE_USAGE(.BOTH.,#17293);
#17293 = SURFACE_SIDE_STYLE('',(#17294));
#17294 = SURFACE_STYLE_FILL_AREA(#17295);
#17295 = FILL_AREA_STYLE('',(#17296));
#17296 = FILL_AREA_STYLE_COLOUR('',#16781);
#17297 = STYLED_ITEM('color',(#17298),#6989);
#17298 = PRESENTATION_STYLE_ASSIGNMENT((#17299));
#17299 = SURFACE_STYLE_USAGE(.BOTH.,#17300);
#17300 = SURFACE_SIDE_STYLE('',(#17301));
#17301 = SURFACE_STYLE_FILL_AREA(#17302);
#17302 = FILL_AREA_STYLE('',(#17303));
#17303 = FILL_AREA_STYLE_COLOUR('',#16781);
#17304 = STYLED_ITEM('color',(#17305),#7006);
#17305 = PRESENTATION_STYLE_ASSIGNMENT((#17306));
#17306 = SURFACE_STYLE_USAGE(.BOTH.,#17307);
#17307 = SURFACE_SIDE_STYLE('',(#17308));
#17308 = SURFACE_STYLE_FILL_AREA(#17309);
#17309 = FILL_AREA_STYLE('',(#17310));
#17310 = FILL_AREA_STYLE_COLOUR('',#16781);
#17311 = STYLED_ITEM('color',(#17312),#7018);
#17312 = PRESENTATION_STYLE_ASSIGNMENT((#17313));
#17313 = SURFACE_STYLE_USAGE(.BOTH.,#17314);
#17314 = SURFACE_SIDE_STYLE('',(#17315));
#17315 = SURFACE_STYLE_FILL_AREA(#17316);
#17316 = FILL_AREA_STYLE('',(#17317));
#17317 = FILL_AREA_STYLE_COLOUR('',#17318);
#17318 = COLOUR_RGB('',0.859000020776,0.737999965183,0.495999988746);
#17319 = STYLED_ITEM('color',(#17320),#7049);
#17320 = PRESENTATION_STYLE_ASSIGNMENT((#17321));
#17321 = SURFACE_STYLE_USAGE(.BOTH.,#17322);
#17322 = SURFACE_SIDE_STYLE('',(#17323));
#17323 = SURFACE_STYLE_FILL_AREA(#17324);
#17324 = FILL_AREA_STYLE('',(#17325));
#17325 = FILL_AREA_STYLE_COLOUR('',#17318);
#17326 = STYLED_ITEM('color',(#17327),#7073);
#17327 = PRESENTATION_STYLE_ASSIGNMENT((#17328));
#17328 = SURFACE_STYLE_USAGE(.BOTH.,#17329);
#17329 = SURFACE_SIDE_STYLE('',(#17330));
#17330 = SURFACE_STYLE_FILL_AREA(#17331);
#17331 = FILL_AREA_STYLE('',(#17332));
#17332 = FILL_AREA_STYLE_COLOUR('',#17318);
#17333 = STYLED_ITEM('color',(#17334),#7097);
#17334 = PRESENTATION_STYLE_ASSIGNMENT((#17335));
#17335 = SURFACE_STYLE_USAGE(.BOTH.,#17336);
#17336 = SURFACE_SIDE_STYLE('',(#17337));
#17337 = SURFACE_STYLE_FILL_AREA(#17338);
#17338 = FILL_AREA_STYLE('',(#17339));
#17339 = FILL_AREA_STYLE_COLOUR('',#17318);
#17340 = STYLED_ITEM('color',(#17341),#7114);
#17341 = PRESENTATION_STYLE_ASSIGNMENT((#17342));
#17342 = SURFACE_STYLE_USAGE(.BOTH.,#17343);
#17343 = SURFACE_SIDE_STYLE('',(#17344));
#17344 = SURFACE_STYLE_FILL_AREA(#17345);
#17345 = FILL_AREA_STYLE('',(#17346));
#17346 = FILL_AREA_STYLE_COLOUR('',#17318);
#17347 = STYLED_ITEM('color',(#17348),#7145);
#17348 = PRESENTATION_STYLE_ASSIGNMENT((#17349));
#17349 = SURFACE_STYLE_USAGE(.BOTH.,#17350);
#17350 = SURFACE_SIDE_STYLE('',(#17351));
#17351 = SURFACE_STYLE_FILL_AREA(#17352);
#17352 = FILL_AREA_STYLE('',(#17353));
#17353 = FILL_AREA_STYLE_COLOUR('',#17318);
#17354 = STYLED_ITEM('color',(#17355),#7169);
#17355 = PRESENTATION_STYLE_ASSIGNMENT((#17356));
#17356 = SURFACE_STYLE_USAGE(.BOTH.,#17357);
#17357 = SURFACE_SIDE_STYLE('',(#17358));
#17358 = SURFACE_STYLE_FILL_AREA(#17359);
#17359 = FILL_AREA_STYLE('',(#17360));
#17360 = FILL_AREA_STYLE_COLOUR('',#17318);
#17361 = STYLED_ITEM('color',(#17362),#7193);
#17362 = PRESENTATION_STYLE_ASSIGNMENT((#17363));
#17363 = SURFACE_STYLE_USAGE(.BOTH.,#17364);
#17364 = SURFACE_SIDE_STYLE('',(#17365));
#17365 = SURFACE_STYLE_FILL_AREA(#17366);
#17366 = FILL_AREA_STYLE('',(#17367));
#17367 = FILL_AREA_STYLE_COLOUR('',#17318);
#17368 = STYLED_ITEM('color',(#17369),#7210);
#17369 = PRESENTATION_STYLE_ASSIGNMENT((#17370));
#17370 = SURFACE_STYLE_USAGE(.BOTH.,#17371);
#17371 = SURFACE_SIDE_STYLE('',(#17372));
#17372 = SURFACE_STYLE_FILL_AREA(#17373);
#17373 = FILL_AREA_STYLE('',(#17374));
#17374 = FILL_AREA_STYLE_COLOUR('',#17318);
#17375 = STYLED_ITEM('color',(#17376),#7241);
#17376 = PRESENTATION_STYLE_ASSIGNMENT((#17377));
#17377 = SURFACE_STYLE_USAGE(.BOTH.,#17378);
#17378 = SURFACE_SIDE_STYLE('',(#17379));
#17379 = SURFACE_STYLE_FILL_AREA(#17380);
#17380 = FILL_AREA_STYLE('',(#17381));
#17381 = FILL_AREA_STYLE_COLOUR('',#17318);
#17382 = STYLED_ITEM('color',(#17383),#7265);
#17383 = PRESENTATION_STYLE_ASSIGNMENT((#17384));
#17384 = SURFACE_STYLE_USAGE(.BOTH.,#17385);
#17385 = SURFACE_SIDE_STYLE('',(#17386));
#17386 = SURFACE_STYLE_FILL_AREA(#17387);
#17387 = FILL_AREA_STYLE('',(#17388));
#17388 = FILL_AREA_STYLE_COLOUR('',#17318);
#17389 = STYLED_ITEM('color',(#17390),#7289);
#17390 = PRESENTATION_STYLE_ASSIGNMENT((#17391));
#17391 = SURFACE_STYLE_USAGE(.BOTH.,#17392);
#17392 = SURFACE_SIDE_STYLE('',(#17393));
#17393 = SURFACE_STYLE_FILL_AREA(#17394);
#17394 = FILL_AREA_STYLE('',(#17395));
#17395 = FILL_AREA_STYLE_COLOUR('',#17318);
#17396 = STYLED_ITEM('color',(#17397),#7306);
#17397 = PRESENTATION_STYLE_ASSIGNMENT((#17398));
#17398 = SURFACE_STYLE_USAGE(.BOTH.,#17399);
#17399 = SURFACE_SIDE_STYLE('',(#17400));
#17400 = SURFACE_STYLE_FILL_AREA(#17401);
#17401 = FILL_AREA_STYLE('',(#17402));
#17402 = FILL_AREA_STYLE_COLOUR('',#17318);
#17403 = STYLED_ITEM('color',(#17404),#7337);
#17404 = PRESENTATION_STYLE_ASSIGNMENT((#17405));
#17405 = SURFACE_STYLE_USAGE(.BOTH.,#17406);
#17406 = SURFACE_SIDE_STYLE('',(#17407));
#17407 = SURFACE_STYLE_FILL_AREA(#17408);
#17408 = FILL_AREA_STYLE('',(#17409));
#17409 = FILL_AREA_STYLE_COLOUR('',#17318);
#17410 = STYLED_ITEM('color',(#17411),#7361);
#17411 = PRESENTATION_STYLE_ASSIGNMENT((#17412));
#17412 = SURFACE_STYLE_USAGE(.BOTH.,#17413);
#17413 = SURFACE_SIDE_STYLE('',(#17414));
#17414 = SURFACE_STYLE_FILL_AREA(#17415);
#17415 = FILL_AREA_STYLE('',(#17416));
#17416 = FILL_AREA_STYLE_COLOUR('',#17318);
#17417 = STYLED_ITEM('color',(#17418),#7385);
#17418 = PRESENTATION_STYLE_ASSIGNMENT((#17419));
#17419 = SURFACE_STYLE_USAGE(.BOTH.,#17420);
#17420 = SURFACE_SIDE_STYLE('',(#17421));
#17421 = SURFACE_STYLE_FILL_AREA(#17422);
#17422 = FILL_AREA_STYLE('',(#17423));
#17423 = FILL_AREA_STYLE_COLOUR('',#17318);
#17424 = STYLED_ITEM('color',(#17425),#7402);
#17425 = PRESENTATION_STYLE_ASSIGNMENT((#17426));
#17426 = SURFACE_STYLE_USAGE(.BOTH.,#17427);
#17427 = SURFACE_SIDE_STYLE('',(#17428));
#17428 = SURFACE_STYLE_FILL_AREA(#17429);
#17429 = FILL_AREA_STYLE('',(#17430));
#17430 = FILL_AREA_STYLE_COLOUR('',#17318);
#17431 = STYLED_ITEM('color',(#17432),#7433);
#17432 = PRESENTATION_STYLE_ASSIGNMENT((#17433));
#17433 = SURFACE_STYLE_USAGE(.BOTH.,#17434);
#17434 = SURFACE_SIDE_STYLE('',(#17435));
#17435 = SURFACE_STYLE_FILL_AREA(#17436);
#17436 = FILL_AREA_STYLE('',(#17437));
#17437 = FILL_AREA_STYLE_COLOUR('',#17318);
#17438 = STYLED_ITEM('color',(#17439),#7457);
#17439 = PRESENTATION_STYLE_ASSIGNMENT((#17440));
#17440 = SURFACE_STYLE_USAGE(.BOTH.,#17441);
#17441 = SURFACE_SIDE_STYLE('',(#17442));
#17442 = SURFACE_STYLE_FILL_AREA(#17443);
#17443 = FILL_AREA_STYLE('',(#17444));
#17444 = FILL_AREA_STYLE_COLOUR('',#17318);
#17445 = STYLED_ITEM('color',(#17446),#7481);
#17446 = PRESENTATION_STYLE_ASSIGNMENT((#17447));
#17447 = SURFACE_STYLE_USAGE(.BOTH.,#17448);
#17448 = SURFACE_SIDE_STYLE('',(#17449));
#17449 = SURFACE_STYLE_FILL_AREA(#17450);
#17450 = FILL_AREA_STYLE('',(#17451));
#17451 = FILL_AREA_STYLE_COLOUR('',#17318);
#17452 = STYLED_ITEM('color',(#17453),#7498);
#17453 = PRESENTATION_STYLE_ASSIGNMENT((#17454));
#17454 = SURFACE_STYLE_USAGE(.BOTH.,#17455);
#17455 = SURFACE_SIDE_STYLE('',(#17456));
#17456 = SURFACE_STYLE_FILL_AREA(#17457);
#17457 = FILL_AREA_STYLE('',(#17458));
#17458 = FILL_AREA_STYLE_COLOUR('',#17318);
#17459 = STYLED_ITEM('color',(#17460),#7529);
#17460 = PRESENTATION_STYLE_ASSIGNMENT((#17461));
#17461 = SURFACE_STYLE_USAGE(.BOTH.,#17462);
#17462 = SURFACE_SIDE_STYLE('',(#17463));
#17463 = SURFACE_STYLE_FILL_AREA(#17464);
#17464 = FILL_AREA_STYLE('',(#17465));
#17465 = FILL_AREA_STYLE_COLOUR('',#17318);
#17466 = STYLED_ITEM('color',(#17467),#7553);
#17467 = PRESENTATION_STYLE_ASSIGNMENT((#17468));
#17468 = SURFACE_STYLE_USAGE(.BOTH.,#17469);
#17469 = SURFACE_SIDE_STYLE('',(#17470));
#17470 = SURFACE_STYLE_FILL_AREA(#17471);
#17471 = FILL_AREA_STYLE('',(#17472));
#17472 = FILL_AREA_STYLE_COLOUR('',#17318);
#17473 = STYLED_ITEM('color',(#17474),#7577);
#17474 = PRESENTATION_STYLE_ASSIGNMENT((#17475));
#17475 = SURFACE_STYLE_USAGE(.BOTH.,#17476);
#17476 = SURFACE_SIDE_STYLE('',(#17477));
#17477 = SURFACE_STYLE_FILL_AREA(#17478);
#17478 = FILL_AREA_STYLE('',(#17479));
#17479 = FILL_AREA_STYLE_COLOUR('',#17318);
#17480 = STYLED_ITEM('color',(#17481),#7594);
#17481 = PRESENTATION_STYLE_ASSIGNMENT((#17482));
#17482 = SURFACE_STYLE_USAGE(.BOTH.,#17483);
#17483 = SURFACE_SIDE_STYLE('',(#17484));
#17484 = SURFACE_STYLE_FILL_AREA(#17485);
#17485 = FILL_AREA_STYLE('',(#17486));
#17486 = FILL_AREA_STYLE_COLOUR('',#17318);
#17487 = STYLED_ITEM('color',(#17488),#7625);
#17488 = PRESENTATION_STYLE_ASSIGNMENT((#17489));
#17489 = SURFACE_STYLE_USAGE(.BOTH.,#17490);
#17490 = SURFACE_SIDE_STYLE('',(#17491));
#17491 = SURFACE_STYLE_FILL_AREA(#17492);
#17492 = FILL_AREA_STYLE('',(#17493));
#17493 = FILL_AREA_STYLE_COLOUR('',#17318);
#17494 = STYLED_ITEM('color',(#17495),#7649);
#17495 = PRESENTATION_STYLE_ASSIGNMENT((#17496));
#17496 = SURFACE_STYLE_USAGE(.BOTH.,#17497);
#17497 = SURFACE_SIDE_STYLE('',(#17498));
#17498 = SURFACE_STYLE_FILL_AREA(#17499);
#17499 = FILL_AREA_STYLE('',(#17500));
#17500 = FILL_AREA_STYLE_COLOUR('',#17318);
#17501 = STYLED_ITEM('color',(#17502),#7673);
#17502 = PRESENTATION_STYLE_ASSIGNMENT((#17503));
#17503 = SURFACE_STYLE_USAGE(.BOTH.,#17504);
#17504 = SURFACE_SIDE_STYLE('',(#17505));
#17505 = SURFACE_STYLE_FILL_AREA(#17506);
#17506 = FILL_AREA_STYLE('',(#17507));
#17507 = FILL_AREA_STYLE_COLOUR('',#17318);
#17508 = STYLED_ITEM('color',(#17509),#7690);
#17509 = PRESENTATION_STYLE_ASSIGNMENT((#17510));
#17510 = SURFACE_STYLE_USAGE(.BOTH.,#17511);
#17511 = SURFACE_SIDE_STYLE('',(#17512));
#17512 = SURFACE_STYLE_FILL_AREA(#17513);
#17513 = FILL_AREA_STYLE('',(#17514));
#17514 = FILL_AREA_STYLE_COLOUR('',#17318);
#17515 = STYLED_ITEM('color',(#17516),#7721);
#17516 = PRESENTATION_STYLE_ASSIGNMENT((#17517));
#17517 = SURFACE_STYLE_USAGE(.BOTH.,#17518);
#17518 = SURFACE_SIDE_STYLE('',(#17519));
#17519 = SURFACE_STYLE_FILL_AREA(#17520);
#17520 = FILL_AREA_STYLE('',(#17521));
#17521 = FILL_AREA_STYLE_COLOUR('',#17318);
#17522 = STYLED_ITEM('color',(#17523),#7745);
#17523 = PRESENTATION_STYLE_ASSIGNMENT((#17524));
#17524 = SURFACE_STYLE_USAGE(.BOTH.,#17525);
#17525 = SURFACE_SIDE_STYLE('',(#17526));
#17526 = SURFACE_STYLE_FILL_AREA(#17527);
#17527 = FILL_AREA_STYLE('',(#17528));
#17528 = FILL_AREA_STYLE_COLOUR('',#17318);
#17529 = STYLED_ITEM('color',(#17530),#7769);
#17530 = PRESENTATION_STYLE_ASSIGNMENT((#17531));
#17531 = SURFACE_STYLE_USAGE(.BOTH.,#17532);
#17532 = SURFACE_SIDE_STYLE('',(#17533));
#17533 = SURFACE_STYLE_FILL_AREA(#17534);
#17534 = FILL_AREA_STYLE('',(#17535));
#17535 = FILL_AREA_STYLE_COLOUR('',#17318);
#17536 = STYLED_ITEM('color',(#17537),#7786);
#17537 = PRESENTATION_STYLE_ASSIGNMENT((#17538));
#17538 = SURFACE_STYLE_USAGE(.BOTH.,#17539);
#17539 = SURFACE_SIDE_STYLE('',(#17540));
#17540 = SURFACE_STYLE_FILL_AREA(#17541);
#17541 = FILL_AREA_STYLE('',(#17542));
#17542 = FILL_AREA_STYLE_COLOUR('',#17318);
#17543 = STYLED_ITEM('color',(#17544),#7798);
#17544 = PRESENTATION_STYLE_ASSIGNMENT((#17545));
#17545 = SURFACE_STYLE_USAGE(.BOTH.,#17546);
#17546 = SURFACE_SIDE_STYLE('',(#17547));
#17547 = SURFACE_STYLE_FILL_AREA(#17548);
#17548 = FILL_AREA_STYLE('',(#17549));
#17549 = FILL_AREA_STYLE_COLOUR('',#17318);
#17550 = STYLED_ITEM('color',(#17551),#7810);
#17551 = PRESENTATION_STYLE_ASSIGNMENT((#17552));
#17552 = SURFACE_STYLE_USAGE(.BOTH.,#17553);
#17553 = SURFACE_SIDE_STYLE('',(#17554));
#17554 = SURFACE_STYLE_FILL_AREA(#17555);
#17555 = FILL_AREA_STYLE('',(#17556));
#17556 = FILL_AREA_STYLE_COLOUR('',#17318);
#17557 = STYLED_ITEM('color',(#17558),#7822);
#17558 = PRESENTATION_STYLE_ASSIGNMENT((#17559));
#17559 = SURFACE_STYLE_USAGE(.BOTH.,#17560);
#17560 = SURFACE_SIDE_STYLE('',(#17561));
#17561 = SURFACE_STYLE_FILL_AREA(#17562);
#17562 = FILL_AREA_STYLE('',(#17563));
#17563 = FILL_AREA_STYLE_COLOUR('',#17318);
#17564 = MECHANICAL_DESIGN_GEOMETRIC_PRESENTATION_REPRESENTATION('',(
    #17565,#17572,#17579,#17586,#17593,#17600,#17607,#17614,#17622,
    #17629,#17636,#17643,#17650,#17657,#17665,#17672,#17679,#17686,
    #17693,#17700,#17707,#17714,#17721,#17728,#17735,#17742),#2586);
#17565 = STYLED_ITEM('color',(#17566),#1798);
#17566 = PRESENTATION_STYLE_ASSIGNMENT((#17567));
#17567 = SURFACE_STYLE_USAGE(.BOTH.,#17568);
#17568 = SURFACE_SIDE_STYLE('',(#17569));
#17569 = SURFACE_STYLE_FILL_AREA(#17570);
#17570 = FILL_AREA_STYLE('',(#17571));
#17571 = FILL_AREA_STYLE_COLOUR('',#16731);
#17572 = STYLED_ITEM('color',(#17573),#1838);
#17573 = PRESENTATION_STYLE_ASSIGNMENT((#17574));
#17574 = SURFACE_STYLE_USAGE(.BOTH.,#17575);
#17575 = SURFACE_SIDE_STYLE('',(#17576));
#17576 = SURFACE_STYLE_FILL_AREA(#17577);
#17577 = FILL_AREA_STYLE('',(#17578));
#17578 = FILL_AREA_STYLE_COLOUR('',#16731);
#17579 = STYLED_ITEM('color',(#17580),#1921);
#17580 = PRESENTATION_STYLE_ASSIGNMENT((#17581));
#17581 = SURFACE_STYLE_USAGE(.BOTH.,#17582);
#17582 = SURFACE_SIDE_STYLE('',(#17583));
#17583 = SURFACE_STYLE_FILL_AREA(#17584);
#17584 = FILL_AREA_STYLE('',(#17585));
#17585 = FILL_AREA_STYLE_COLOUR('',#16731);
#17586 = STYLED_ITEM('color',(#17587),#1946);
#17587 = PRESENTATION_STYLE_ASSIGNMENT((#17588));
#17588 = SURFACE_STYLE_USAGE(.BOTH.,#17589);
#17589 = SURFACE_SIDE_STYLE('',(#17590));
#17590 = SURFACE_STYLE_FILL_AREA(#17591);
#17591 = FILL_AREA_STYLE('',(#17592));
#17592 = FILL_AREA_STYLE_COLOUR('',#16731);
#17593 = STYLED_ITEM('color',(#17594),#1971);
#17594 = PRESENTATION_STYLE_ASSIGNMENT((#17595));
#17595 = SURFACE_STYLE_USAGE(.BOTH.,#17596);
#17596 = SURFACE_SIDE_STYLE('',(#17597));
#17597 = SURFACE_STYLE_FILL_AREA(#17598);
#17598 = FILL_AREA_STYLE('',(#17599));
#17599 = FILL_AREA_STYLE_COLOUR('',#16731);
#17600 = STYLED_ITEM('color',(#17601),#2038);
#17601 = PRESENTATION_STYLE_ASSIGNMENT((#17602));
#17602 = SURFACE_STYLE_USAGE(.BOTH.,#17603);
#17603 = SURFACE_SIDE_STYLE('',(#17604));
#17604 = SURFACE_STYLE_FILL_AREA(#17605);
#17605 = FILL_AREA_STYLE('',(#17606));
#17606 = FILL_AREA_STYLE_COLOUR('',#16731);
#17607 = STYLED_ITEM('color',(#17608),#2055);
#17608 = PRESENTATION_STYLE_ASSIGNMENT((#17609));
#17609 = SURFACE_STYLE_USAGE(.BOTH.,#17610);
#17610 = SURFACE_SIDE_STYLE('',(#17611));
#17611 = SURFACE_STYLE_FILL_AREA(#17612);
#17612 = FILL_AREA_STYLE('',(#17613));
#17613 = FILL_AREA_STYLE_COLOUR('',#16731);
#17614 = STYLED_ITEM('color',(#17615),#2072);
#17615 = PRESENTATION_STYLE_ASSIGNMENT((#17616));
#17616 = SURFACE_STYLE_USAGE(.BOTH.,#17617);
#17617 = SURFACE_SIDE_STYLE('',(#17618));
#17618 = SURFACE_STYLE_FILL_AREA(#17619);
#17619 = FILL_AREA_STYLE('',(#17620));
#17620 = FILL_AREA_STYLE_COLOUR('',#17621);
#17621 = COLOUR_RGB('',0.894999966383,0.890999961016,0.813000030345);
#17622 = STYLED_ITEM('color',(#17623),#2121);
#17623 = PRESENTATION_STYLE_ASSIGNMENT((#17624));
#17624 = SURFACE_STYLE_USAGE(.BOTH.,#17625);
#17625 = SURFACE_SIDE_STYLE('',(#17626));
#17626 = SURFACE_STYLE_FILL_AREA(#17627);
#17627 = FILL_AREA_STYLE('',(#17628));
#17628 = FILL_AREA_STYLE_COLOUR('',#16731);
#17629 = STYLED_ITEM('color',(#17630),#2138);
#17630 = PRESENTATION_STYLE_ASSIGNMENT((#17631));
#17631 = SURFACE_STYLE_USAGE(.BOTH.,#17632);
#17632 = SURFACE_SIDE_STYLE('',(#17633));
#17633 = SURFACE_STYLE_FILL_AREA(#17634);
#17634 = FILL_AREA_STYLE('',(#17635));
#17635 = FILL_AREA_STYLE_COLOUR('',#16731);
#17636 = STYLED_ITEM('color',(#17637),#2155);
#17637 = PRESENTATION_STYLE_ASSIGNMENT((#17638));
#17638 = SURFACE_STYLE_USAGE(.BOTH.,#17639);
#17639 = SURFACE_SIDE_STYLE('',(#17640));
#17640 = SURFACE_STYLE_FILL_AREA(#17641);
#17641 = FILL_AREA_STYLE('',(#17642));
#17642 = FILL_AREA_STYLE_COLOUR('',#17621);
#17643 = STYLED_ITEM('color',(#17644),#2204);
#17644 = PRESENTATION_STYLE_ASSIGNMENT((#17645));
#17645 = SURFACE_STYLE_USAGE(.BOTH.,#17646);
#17646 = SURFACE_SIDE_STYLE('',(#17647));
#17647 = SURFACE_STYLE_FILL_AREA(#17648);
#17648 = FILL_AREA_STYLE('',(#17649));
#17649 = FILL_AREA_STYLE_COLOUR('',#17621);
#17650 = STYLED_ITEM('color',(#17651),#2221);
#17651 = PRESENTATION_STYLE_ASSIGNMENT((#17652));
#17652 = SURFACE_STYLE_USAGE(.BOTH.,#17653);
#17653 = SURFACE_SIDE_STYLE('',(#17654));
#17654 = SURFACE_STYLE_FILL_AREA(#17655);
#17655 = FILL_AREA_STYLE('',(#17656));
#17656 = FILL_AREA_STYLE_COLOUR('',#16731);
#17657 = STYLED_ITEM('color',(#17658),#2290);
#17658 = PRESENTATION_STYLE_ASSIGNMENT((#17659));
#17659 = SURFACE_STYLE_USAGE(.BOTH.,#17660);
#17660 = SURFACE_SIDE_STYLE('',(#17661));
#17661 = SURFACE_STYLE_FILL_AREA(#17662);
#17662 = FILL_AREA_STYLE('',(#17663));
#17663 = FILL_AREA_STYLE_COLOUR('',#17664);
#17664 = COLOUR_RGB('',8.200000279077E-02,8.600000121357E-02,
  9.399999706163E-02);
#17665 = STYLED_ITEM('color',(#17666),#2321);
#17666 = PRESENTATION_STYLE_ASSIGNMENT((#17667));
#17667 = SURFACE_STYLE_USAGE(.BOTH.,#17668);
#17668 = SURFACE_SIDE_STYLE('',(#17669));
#17669 = SURFACE_STYLE_FILL_AREA(#17670);
#17670 = FILL_AREA_STYLE('',(#17671));
#17671 = FILL_AREA_STYLE_COLOUR('',#17664);
#17672 = STYLED_ITEM('color',(#17673),#2345);
#17673 = PRESENTATION_STYLE_ASSIGNMENT((#17674));
#17674 = SURFACE_STYLE_USAGE(.BOTH.,#17675);
#17675 = SURFACE_SIDE_STYLE('',(#17676));
#17676 = SURFACE_STYLE_FILL_AREA(#17677);
#17677 = FILL_AREA_STYLE('',(#17678));
#17678 = FILL_AREA_STYLE_COLOUR('',#16731);
#17679 = STYLED_ITEM('color',(#17680),#2414);
#17680 = PRESENTATION_STYLE_ASSIGNMENT((#17681));
#17681 = SURFACE_STYLE_USAGE(.BOTH.,#17682);
#17682 = SURFACE_SIDE_STYLE('',(#17683));
#17683 = SURFACE_STYLE_FILL_AREA(#17684);
#17684 = FILL_AREA_STYLE('',(#17685));
#17685 = FILL_AREA_STYLE_COLOUR('',#17664);
#17686 = STYLED_ITEM('color',(#17687),#2438);
#17687 = PRESENTATION_STYLE_ASSIGNMENT((#17688));
#17688 = SURFACE_STYLE_USAGE(.BOTH.,#17689);
#17689 = SURFACE_SIDE_STYLE('',(#17690));
#17690 = SURFACE_STYLE_FILL_AREA(#17691);
#17691 = FILL_AREA_STYLE('',(#17692));
#17692 = FILL_AREA_STYLE_COLOUR('',#16731);
#17693 = STYLED_ITEM('color',(#17694),#2455);
#17694 = PRESENTATION_STYLE_ASSIGNMENT((#17695));
#17695 = SURFACE_STYLE_USAGE(.BOTH.,#17696);
#17696 = SURFACE_SIDE_STYLE('',(#17697));
#17697 = SURFACE_STYLE_FILL_AREA(#17698);
#17698 = FILL_AREA_STYLE('',(#17699));
#17699 = FILL_AREA_STYLE_COLOUR('',#16731);
#17700 = STYLED_ITEM('color',(#17701),#2472);
#17701 = PRESENTATION_STYLE_ASSIGNMENT((#17702));
#17702 = SURFACE_STYLE_USAGE(.BOTH.,#17703);
#17703 = SURFACE_SIDE_STYLE('',(#17704));
#17704 = SURFACE_STYLE_FILL_AREA(#17705);
#17705 = FILL_AREA_STYLE('',(#17706));
#17706 = FILL_AREA_STYLE_COLOUR('',#16731);
#17707 = STYLED_ITEM('color',(#17708),#2489);
#17708 = PRESENTATION_STYLE_ASSIGNMENT((#17709));
#17709 = SURFACE_STYLE_USAGE(.BOTH.,#17710);
#17710 = SURFACE_SIDE_STYLE('',(#17711));
#17711 = SURFACE_STYLE_FILL_AREA(#17712);
#17712 = FILL_AREA_STYLE('',(#17713));
#17713 = FILL_AREA_STYLE_COLOUR('',#16731);
#17714 = STYLED_ITEM('color',(#17715),#2506);
#17715 = PRESENTATION_STYLE_ASSIGNMENT((#17716));
#17716 = SURFACE_STYLE_USAGE(.BOTH.,#17717);
#17717 = SURFACE_SIDE_STYLE('',(#17718));
#17718 = SURFACE_STYLE_FILL_AREA(#17719);
#17719 = FILL_AREA_STYLE('',(#17720));
#17720 = FILL_AREA_STYLE_COLOUR('',#16731);
#17721 = STYLED_ITEM('color',(#17722),#2523);
#17722 = PRESENTATION_STYLE_ASSIGNMENT((#17723));
#17723 = SURFACE_STYLE_USAGE(.BOTH.,#17724);
#17724 = SURFACE_SIDE_STYLE('',(#17725));
#17725 = SURFACE_STYLE_FILL_AREA(#17726);
#17726 = FILL_AREA_STYLE('',(#17727));
#17727 = FILL_AREA_STYLE_COLOUR('',#16731);
#17728 = STYLED_ITEM('color',(#17729),#2540);
#17729 = PRESENTATION_STYLE_ASSIGNMENT((#17730));
#17730 = SURFACE_STYLE_USAGE(.BOTH.,#17731);
#17731 = SURFACE_SIDE_STYLE('',(#17732));
#17732 = SURFACE_STYLE_FILL_AREA(#17733);
#17733 = FILL_AREA_STYLE('',(#17734));
#17734 = FILL_AREA_STYLE_COLOUR('',#16731);
#17735 = STYLED_ITEM('color',(#17736),#2557);
#17736 = PRESENTATION_STYLE_ASSIGNMENT((#17737));
#17737 = SURFACE_STYLE_USAGE(.BOTH.,#17738);
#17738 = SURFACE_SIDE_STYLE('',(#17739));
#17739 = SURFACE_STYLE_FILL_AREA(#17740);
#17740 = FILL_AREA_STYLE('',(#17741));
#17741 = FILL_AREA_STYLE_COLOUR('',#17664);
#17742 = STYLED_ITEM('color',(#17743),#2574);
#17743 = PRESENTATION_STYLE_ASSIGNMENT((#17744));
#17744 = SURFACE_STYLE_USAGE(.BOTH.,#17745);
#17745 = SURFACE_SIDE_STYLE('',(#17746));
#17746 = SURFACE_STYLE_FILL_AREA(#17747);
#17747 = FILL_AREA_STYLE('',(#17748));
#17748 = FILL_AREA_STYLE_COLOUR('',#17664);
#17749 = MECHANICAL_DESIGN_GEOMETRIC_PRESENTATION_REPRESENTATION('',(
    #17750),#16712);
#17750 = STYLED_ITEM('color',(#17751),#11711);
#17751 = PRESENTATION_STYLE_ASSIGNMENT((#17752));
#17752 = SURFACE_STYLE_USAGE(.BOTH.,#17753);
#17753 = SURFACE_SIDE_STYLE('',(#17754));
#17754 = SURFACE_STYLE_FILL_AREA(#17755);
#17755 = FILL_AREA_STYLE('',(#17756));
#17756 = FILL_AREA_STYLE_COLOUR('',#17757);
#17757 = COLOUR_RGB('',0.313304153717,0.484529207832,0.410020903123);
#17758 = MECHANICAL_DESIGN_GEOMETRIC_PRESENTATION_REPRESENTATION('',(
    #17759,#17767,#17774,#17781,#17788,#17795,#17802,#17809,#17816,
    #17823,#17830,#17837,#17844,#17851,#17858,#17865,#17873,#17880,
    #17887,#17894,#17901,#17908,#17915,#17922,#17929,#17936,#17943,
    #17950,#17957,#17964,#17971,#17978,#17985,#17992,#17999,#18006,
    #18013,#18020,#18027,#18034,#18041,#18048,#18055,#18062,#18069,
    #18076,#18083,#18090,#18097,#18104,#18111,#18118,#18125,#18132,
    #18139,#18146,#18153,#18160,#18167,#18174,#18181,#18188,#18195,
    #18202,#18209,#18216,#18223,#18230,#18237,#18244,#18251,#18258,
    #18265,#18272,#18279,#18286),#10015);
#17759 = STYLED_ITEM('color',(#17760),#7943);
#17760 = PRESENTATION_STYLE_ASSIGNMENT((#17761));
#17761 = SURFACE_STYLE_USAGE(.BOTH.,#17762);
#17762 = SURFACE_SIDE_STYLE('',(#17763));
#17763 = SURFACE_STYLE_FILL_AREA(#17764);
#17764 = FILL_AREA_STYLE('',(#17765));
#17765 = FILL_AREA_STYLE_COLOUR('',#17766);
#17766 = COLOUR_RGB('',0.145098047169,0.14117647753,0.14117647753);
#17767 = STYLED_ITEM('color',(#17768),#7981);
#17768 = PRESENTATION_STYLE_ASSIGNMENT((#17769));
#17769 = SURFACE_STYLE_USAGE(.BOTH.,#17770);
#17770 = SURFACE_SIDE_STYLE('',(#17771));
#17771 = SURFACE_STYLE_FILL_AREA(#17772);
#17772 = FILL_AREA_STYLE('',(#17773));
#17773 = FILL_AREA_STYLE_COLOUR('',#17766);
#17774 = STYLED_ITEM('color',(#17775),#8044);
#17775 = PRESENTATION_STYLE_ASSIGNMENT((#17776));
#17776 = SURFACE_STYLE_USAGE(.BOTH.,#17777);
#17777 = SURFACE_SIDE_STYLE('',(#17778));
#17778 = SURFACE_STYLE_FILL_AREA(#17779);
#17779 = FILL_AREA_STYLE('',(#17780));
#17780 = FILL_AREA_STYLE_COLOUR('',#17766);
#17781 = STYLED_ITEM('color',(#17782),#8067);
#17782 = PRESENTATION_STYLE_ASSIGNMENT((#17783));
#17783 = SURFACE_STYLE_USAGE(.BOTH.,#17784);
#17784 = SURFACE_SIDE_STYLE('',(#17785));
#17785 = SURFACE_STYLE_FILL_AREA(#17786);
#17786 = FILL_AREA_STYLE('',(#17787));
#17787 = FILL_AREA_STYLE_COLOUR('',#17766);
#17788 = STYLED_ITEM('color',(#17789),#8096);
#17789 = PRESENTATION_STYLE_ASSIGNMENT((#17790));
#17790 = SURFACE_STYLE_USAGE(.BOTH.,#17791);
#17791 = SURFACE_SIDE_STYLE('',(#17792));
#17792 = SURFACE_STYLE_FILL_AREA(#17793);
#17793 = FILL_AREA_STYLE('',(#17794));
#17794 = FILL_AREA_STYLE_COLOUR('',#17766);
#17795 = STYLED_ITEM('color',(#17796),#8119);
#17796 = PRESENTATION_STYLE_ASSIGNMENT((#17797));
#17797 = SURFACE_STYLE_USAGE(.BOTH.,#17798);
#17798 = SURFACE_SIDE_STYLE('',(#17799));
#17799 = SURFACE_STYLE_FILL_AREA(#17800);
#17800 = FILL_AREA_STYLE('',(#17801));
#17801 = FILL_AREA_STYLE_COLOUR('',#17766);
#17802 = STYLED_ITEM('color',(#17803),#8158);
#17803 = PRESENTATION_STYLE_ASSIGNMENT((#17804));
#17804 = SURFACE_STYLE_USAGE(.BOTH.,#17805);
#17805 = SURFACE_SIDE_STYLE('',(#17806));
#17806 = SURFACE_STYLE_FILL_AREA(#17807);
#17807 = FILL_AREA_STYLE('',(#17808));
#17808 = FILL_AREA_STYLE_COLOUR('',#17766);
#17809 = STYLED_ITEM('color',(#17810),#8181);
#17810 = PRESENTATION_STYLE_ASSIGNMENT((#17811));
#17811 = SURFACE_STYLE_USAGE(.BOTH.,#17812);
#17812 = SURFACE_SIDE_STYLE('',(#17813));
#17813 = SURFACE_STYLE_FILL_AREA(#17814);
#17814 = FILL_AREA_STYLE('',(#17815));
#17815 = FILL_AREA_STYLE_COLOUR('',#17766);
#17816 = STYLED_ITEM('color',(#17817),#8204);
#17817 = PRESENTATION_STYLE_ASSIGNMENT((#17818));
#17818 = SURFACE_STYLE_USAGE(.BOTH.,#17819);
#17819 = SURFACE_SIDE_STYLE('',(#17820));
#17820 = SURFACE_STYLE_FILL_AREA(#17821);
#17821 = FILL_AREA_STYLE('',(#17822));
#17822 = FILL_AREA_STYLE_COLOUR('',#17766);
#17823 = STYLED_ITEM('color',(#17824),#8227);
#17824 = PRESENTATION_STYLE_ASSIGNMENT((#17825));
#17825 = SURFACE_STYLE_USAGE(.BOTH.,#17826);
#17826 = SURFACE_SIDE_STYLE('',(#17827));
#17827 = SURFACE_STYLE_FILL_AREA(#17828);
#17828 = FILL_AREA_STYLE('',(#17829));
#17829 = FILL_AREA_STYLE_COLOUR('',#17766);
#17830 = STYLED_ITEM('color',(#17831),#8276);
#17831 = PRESENTATION_STYLE_ASSIGNMENT((#17832));
#17832 = SURFACE_STYLE_USAGE(.BOTH.,#17833);
#17833 = SURFACE_SIDE_STYLE('',(#17834));
#17834 = SURFACE_STYLE_FILL_AREA(#17835);
#17835 = FILL_AREA_STYLE('',(#17836));
#17836 = FILL_AREA_STYLE_COLOUR('',#17766);
#17837 = STYLED_ITEM('color',(#17838),#8299);
#17838 = PRESENTATION_STYLE_ASSIGNMENT((#17839));
#17839 = SURFACE_STYLE_USAGE(.BOTH.,#17840);
#17840 = SURFACE_SIDE_STYLE('',(#17841));
#17841 = SURFACE_STYLE_FILL_AREA(#17842);
#17842 = FILL_AREA_STYLE('',(#17843));
#17843 = FILL_AREA_STYLE_COLOUR('',#17766);
#17844 = STYLED_ITEM('color',(#17845),#8328);
#17845 = PRESENTATION_STYLE_ASSIGNMENT((#17846));
#17846 = SURFACE_STYLE_USAGE(.BOTH.,#17847);
#17847 = SURFACE_SIDE_STYLE('',(#17848));
#17848 = SURFACE_STYLE_FILL_AREA(#17849);
#17849 = FILL_AREA_STYLE('',(#17850));
#17850 = FILL_AREA_STYLE_COLOUR('',#17766);
#17851 = STYLED_ITEM('color',(#17852),#8351);
#17852 = PRESENTATION_STYLE_ASSIGNMENT((#17853));
#17853 = SURFACE_STYLE_USAGE(.BOTH.,#17854);
#17854 = SURFACE_SIDE_STYLE('',(#17855));
#17855 = SURFACE_STYLE_FILL_AREA(#17856);
#17856 = FILL_AREA_STYLE('',(#17857));
#17857 = FILL_AREA_STYLE_COLOUR('',#17766);
#17858 = STYLED_ITEM('color',(#17859),#8375);
#17859 = PRESENTATION_STYLE_ASSIGNMENT((#17860));
#17860 = SURFACE_STYLE_USAGE(.BOTH.,#17861);
#17861 = SURFACE_SIDE_STYLE('',(#17862));
#17862 = SURFACE_STYLE_FILL_AREA(#17863);
#17863 = FILL_AREA_STYLE('',(#17864));
#17864 = FILL_AREA_STYLE_COLOUR('',#17766);
#17865 = STYLED_ITEM('color',(#17866),#8405);
#17866 = PRESENTATION_STYLE_ASSIGNMENT((#17867));
#17867 = SURFACE_STYLE_USAGE(.BOTH.,#17868);
#17868 = SURFACE_SIDE_STYLE('',(#17869));
#17869 = SURFACE_STYLE_FILL_AREA(#17870);
#17870 = FILL_AREA_STYLE('',(#17871));
#17871 = FILL_AREA_STYLE_COLOUR('',#17872);
#17872 = COLOUR_RGB('',0.823529417451,0.819607860991,0.780392170416);
#17873 = STYLED_ITEM('color',(#17874),#8438);
#17874 = PRESENTATION_STYLE_ASSIGNMENT((#17875));
#17875 = SURFACE_STYLE_USAGE(.BOTH.,#17876);
#17876 = SURFACE_SIDE_STYLE('',(#17877));
#17877 = SURFACE_STYLE_FILL_AREA(#17878);
#17878 = FILL_AREA_STYLE('',(#17879));
#17879 = FILL_AREA_STYLE_COLOUR('',#17766);
#17880 = STYLED_ITEM('color',(#17881),#8461);
#17881 = PRESENTATION_STYLE_ASSIGNMENT((#17882));
#17882 = SURFACE_STYLE_USAGE(.BOTH.,#17883);
#17883 = SURFACE_SIDE_STYLE('',(#17884));
#17884 = SURFACE_STYLE_FILL_AREA(#17885);
#17885 = FILL_AREA_STYLE('',(#17886));
#17886 = FILL_AREA_STYLE_COLOUR('',#17766);
#17887 = STYLED_ITEM('color',(#17888),#8484);
#17888 = PRESENTATION_STYLE_ASSIGNMENT((#17889));
#17889 = SURFACE_STYLE_USAGE(.BOTH.,#17890);
#17890 = SURFACE_SIDE_STYLE('',(#17891));
#17891 = SURFACE_STYLE_FILL_AREA(#17892);
#17892 = FILL_AREA_STYLE('',(#17893));
#17893 = FILL_AREA_STYLE_COLOUR('',#17766);
#17894 = STYLED_ITEM('color',(#17895),#8507);
#17895 = PRESENTATION_STYLE_ASSIGNMENT((#17896));
#17896 = SURFACE_STYLE_USAGE(.BOTH.,#17897);
#17897 = SURFACE_SIDE_STYLE('',(#17898));
#17898 = SURFACE_STYLE_FILL_AREA(#17899);
#17899 = FILL_AREA_STYLE('',(#17900));
#17900 = FILL_AREA_STYLE_COLOUR('',#17766);
#17901 = STYLED_ITEM('color',(#17902),#8531);
#17902 = PRESENTATION_STYLE_ASSIGNMENT((#17903));
#17903 = SURFACE_STYLE_USAGE(.BOTH.,#17904);
#17904 = SURFACE_SIDE_STYLE('',(#17905));
#17905 = SURFACE_STYLE_FILL_AREA(#17906);
#17906 = FILL_AREA_STYLE('',(#17907));
#17907 = FILL_AREA_STYLE_COLOUR('',#17766);
#17908 = STYLED_ITEM('color',(#17909),#8555);
#17909 = PRESENTATION_STYLE_ASSIGNMENT((#17910));
#17910 = SURFACE_STYLE_USAGE(.BOTH.,#17911);
#17911 = SURFACE_SIDE_STYLE('',(#17912));
#17912 = SURFACE_STYLE_FILL_AREA(#17913);
#17913 = FILL_AREA_STYLE('',(#17914));
#17914 = FILL_AREA_STYLE_COLOUR('',#17872);
#17915 = STYLED_ITEM('color',(#17916),#8588);
#17916 = PRESENTATION_STYLE_ASSIGNMENT((#17917));
#17917 = SURFACE_STYLE_USAGE(.BOTH.,#17918);
#17918 = SURFACE_SIDE_STYLE('',(#17919));
#17919 = SURFACE_STYLE_FILL_AREA(#17920);
#17920 = FILL_AREA_STYLE('',(#17921));
#17921 = FILL_AREA_STYLE_COLOUR('',#17872);
#17922 = STYLED_ITEM('color',(#17923),#8621);
#17923 = PRESENTATION_STYLE_ASSIGNMENT((#17924));
#17924 = SURFACE_STYLE_USAGE(.BOTH.,#17925);
#17925 = SURFACE_SIDE_STYLE('',(#17926));
#17926 = SURFACE_STYLE_FILL_AREA(#17927);
#17927 = FILL_AREA_STYLE('',(#17928));
#17928 = FILL_AREA_STYLE_COLOUR('',#17766);
#17929 = STYLED_ITEM('color',(#17930),#8652);
#17930 = PRESENTATION_STYLE_ASSIGNMENT((#17931));
#17931 = SURFACE_STYLE_USAGE(.BOTH.,#17932);
#17932 = SURFACE_SIDE_STYLE('',(#17933));
#17933 = SURFACE_STYLE_FILL_AREA(#17934);
#17934 = FILL_AREA_STYLE('',(#17935));
#17935 = FILL_AREA_STYLE_COLOUR('',#17766);
#17936 = STYLED_ITEM('color',(#17937),#8675);
#17937 = PRESENTATION_STYLE_ASSIGNMENT((#17938));
#17938 = SURFACE_STYLE_USAGE(.BOTH.,#17939);
#17939 = SURFACE_SIDE_STYLE('',(#17940));
#17940 = SURFACE_STYLE_FILL_AREA(#17941);
#17941 = FILL_AREA_STYLE('',(#17942));
#17942 = FILL_AREA_STYLE_COLOUR('',#17766);
#17943 = STYLED_ITEM('color',(#17944),#8704);
#17944 = PRESENTATION_STYLE_ASSIGNMENT((#17945));
#17945 = SURFACE_STYLE_USAGE(.BOTH.,#17946);
#17946 = SURFACE_SIDE_STYLE('',(#17947));
#17947 = SURFACE_STYLE_FILL_AREA(#17948);
#17948 = FILL_AREA_STYLE('',(#17949));
#17949 = FILL_AREA_STYLE_COLOUR('',#17766);
#17950 = STYLED_ITEM('color',(#17951),#8727);
#17951 = PRESENTATION_STYLE_ASSIGNMENT((#17952));
#17952 = SURFACE_STYLE_USAGE(.BOTH.,#17953);
#17953 = SURFACE_SIDE_STYLE('',(#17954));
#17954 = SURFACE_STYLE_FILL_AREA(#17955);
#17955 = FILL_AREA_STYLE('',(#17956));
#17956 = FILL_AREA_STYLE_COLOUR('',#17766);
#17957 = STYLED_ITEM('color',(#17958),#8751);
#17958 = PRESENTATION_STYLE_ASSIGNMENT((#17959));
#17959 = SURFACE_STYLE_USAGE(.BOTH.,#17960);
#17960 = SURFACE_SIDE_STYLE('',(#17961));
#17961 = SURFACE_STYLE_FILL_AREA(#17962);
#17962 = FILL_AREA_STYLE('',(#17963));
#17963 = FILL_AREA_STYLE_COLOUR('',#17872);
#17964 = STYLED_ITEM('color',(#17965),#8826);
#17965 = PRESENTATION_STYLE_ASSIGNMENT((#17966));
#17966 = SURFACE_STYLE_USAGE(.BOTH.,#17967);
#17967 = SURFACE_SIDE_STYLE('',(#17968));
#17968 = SURFACE_STYLE_FILL_AREA(#17969);
#17969 = FILL_AREA_STYLE('',(#17970));
#17970 = FILL_AREA_STYLE_COLOUR('',#17872);
#17971 = STYLED_ITEM('color',(#17972),#8901);
#17972 = PRESENTATION_STYLE_ASSIGNMENT((#17973));
#17973 = SURFACE_STYLE_USAGE(.BOTH.,#17974);
#17974 = SURFACE_SIDE_STYLE('',(#17975));
#17975 = SURFACE_STYLE_FILL_AREA(#17976);
#17976 = FILL_AREA_STYLE('',(#17977));
#17977 = FILL_AREA_STYLE_COLOUR('',#17766);
#17978 = STYLED_ITEM('color',(#17979),#8931);
#17979 = PRESENTATION_STYLE_ASSIGNMENT((#17980));
#17980 = SURFACE_STYLE_USAGE(.BOTH.,#17981);
#17981 = SURFACE_SIDE_STYLE('',(#17982));
#17982 = SURFACE_STYLE_FILL_AREA(#17983);
#17983 = FILL_AREA_STYLE('',(#17984));
#17984 = FILL_AREA_STYLE_COLOUR('',#17872);
#17985 = STYLED_ITEM('color',(#17986),#8948);
#17986 = PRESENTATION_STYLE_ASSIGNMENT((#17987));
#17987 = SURFACE_STYLE_USAGE(.BOTH.,#17988);
#17988 = SURFACE_SIDE_STYLE('',(#17989));
#17989 = SURFACE_STYLE_FILL_AREA(#17990);
#17990 = FILL_AREA_STYLE('',(#17991));
#17991 = FILL_AREA_STYLE_COLOUR('',#17766);
#17992 = STYLED_ITEM('color',(#17993),#8971);
#17993 = PRESENTATION_STYLE_ASSIGNMENT((#17994));
#17994 = SURFACE_STYLE_USAGE(.BOTH.,#17995);
#17995 = SURFACE_SIDE_STYLE('',(#17996));
#17996 = SURFACE_STYLE_FILL_AREA(#17997);
#17997 = FILL_AREA_STYLE('',(#17998));
#17998 = FILL_AREA_STYLE_COLOUR('',#17766);
#17999 = STYLED_ITEM('color',(#18000),#8994);
#18000 = PRESENTATION_STYLE_ASSIGNMENT((#18001));
#18001 = SURFACE_STYLE_USAGE(.BOTH.,#18002);
#18002 = SURFACE_SIDE_STYLE('',(#18003));
#18003 = SURFACE_STYLE_FILL_AREA(#18004);
#18004 = FILL_AREA_STYLE('',(#18005));
#18005 = FILL_AREA_STYLE_COLOUR('',#17766);
#18006 = STYLED_ITEM('color',(#18007),#9017);
#18007 = PRESENTATION_STYLE_ASSIGNMENT((#18008));
#18008 = SURFACE_STYLE_USAGE(.BOTH.,#18009);
#18009 = SURFACE_SIDE_STYLE('',(#18010));
#18010 = SURFACE_STYLE_FILL_AREA(#18011);
#18011 = FILL_AREA_STYLE('',(#18012));
#18012 = FILL_AREA_STYLE_COLOUR('',#17766);
#18013 = STYLED_ITEM('color',(#18014),#9041);
#18014 = PRESENTATION_STYLE_ASSIGNMENT((#18015));
#18015 = SURFACE_STYLE_USAGE(.BOTH.,#18016);
#18016 = SURFACE_SIDE_STYLE('',(#18017));
#18017 = SURFACE_STYLE_FILL_AREA(#18018);
#18018 = FILL_AREA_STYLE('',(#18019));
#18019 = FILL_AREA_STYLE_COLOUR('',#17872);
#18020 = STYLED_ITEM('color',(#18021),#9116);
#18021 = PRESENTATION_STYLE_ASSIGNMENT((#18022));
#18022 = SURFACE_STYLE_USAGE(.BOTH.,#18023);
#18023 = SURFACE_SIDE_STYLE('',(#18024));
#18024 = SURFACE_STYLE_FILL_AREA(#18025);
#18025 = FILL_AREA_STYLE('',(#18026));
#18026 = FILL_AREA_STYLE_COLOUR('',#17872);
#18027 = STYLED_ITEM('color',(#18028),#9191);
#18028 = PRESENTATION_STYLE_ASSIGNMENT((#18029));
#18029 = SURFACE_STYLE_USAGE(.BOTH.,#18030);
#18030 = SURFACE_SIDE_STYLE('',(#18031));
#18031 = SURFACE_STYLE_FILL_AREA(#18032);
#18032 = FILL_AREA_STYLE('',(#18033));
#18033 = FILL_AREA_STYLE_COLOUR('',#17766);
#18034 = STYLED_ITEM('color',(#18035),#9215);
#18035 = PRESENTATION_STYLE_ASSIGNMENT((#18036));
#18036 = SURFACE_STYLE_USAGE(.BOTH.,#18037);
#18037 = SURFACE_SIDE_STYLE('',(#18038));
#18038 = SURFACE_STYLE_FILL_AREA(#18039);
#18039 = FILL_AREA_STYLE('',(#18040));
#18040 = FILL_AREA_STYLE_COLOUR('',#17872);
#18041 = STYLED_ITEM('color',(#18042),#9290);
#18042 = PRESENTATION_STYLE_ASSIGNMENT((#18043));
#18043 = SURFACE_STYLE_USAGE(.BOTH.,#18044);
#18044 = SURFACE_SIDE_STYLE('',(#18045));
#18045 = SURFACE_STYLE_FILL_AREA(#18046);
#18046 = FILL_AREA_STYLE('',(#18047));
#18047 = FILL_AREA_STYLE_COLOUR('',#17872);
#18048 = STYLED_ITEM('color',(#18049),#9307);
#18049 = PRESENTATION_STYLE_ASSIGNMENT((#18050));
#18050 = SURFACE_STYLE_USAGE(.BOTH.,#18051);
#18051 = SURFACE_SIDE_STYLE('',(#18052));
#18052 = SURFACE_STYLE_FILL_AREA(#18053);
#18053 = FILL_AREA_STYLE('',(#18054));
#18054 = FILL_AREA_STYLE_COLOUR('',#17872);
#18055 = STYLED_ITEM('color',(#18056),#9382);
#18056 = PRESENTATION_STYLE_ASSIGNMENT((#18057));
#18057 = SURFACE_STYLE_USAGE(.BOTH.,#18058);
#18058 = SURFACE_SIDE_STYLE('',(#18059));
#18059 = SURFACE_STYLE_FILL_AREA(#18060);
#18060 = FILL_AREA_STYLE('',(#18061));
#18061 = FILL_AREA_STYLE_COLOUR('',#17872);
#18062 = STYLED_ITEM('color',(#18063),#9399);
#18063 = PRESENTATION_STYLE_ASSIGNMENT((#18064));
#18064 = SURFACE_STYLE_USAGE(.BOTH.,#18065);
#18065 = SURFACE_SIDE_STYLE('',(#18066));
#18066 = SURFACE_STYLE_FILL_AREA(#18067);
#18067 = FILL_AREA_STYLE('',(#18068));
#18068 = FILL_AREA_STYLE_COLOUR('',#17766);
#18069 = STYLED_ITEM('color',(#18070),#9430);
#18070 = PRESENTATION_STYLE_ASSIGNMENT((#18071));
#18071 = SURFACE_STYLE_USAGE(.BOTH.,#18072);
#18072 = SURFACE_SIDE_STYLE('',(#18073));
#18073 = SURFACE_STYLE_FILL_AREA(#18074);
#18074 = FILL_AREA_STYLE('',(#18075));
#18075 = FILL_AREA_STYLE_COLOUR('',#17766);
#18076 = STYLED_ITEM('color',(#18077),#9453);
#18077 = PRESENTATION_STYLE_ASSIGNMENT((#18078));
#18078 = SURFACE_STYLE_USAGE(.BOTH.,#18079);
#18079 = SURFACE_SIDE_STYLE('',(#18080));
#18080 = SURFACE_STYLE_FILL_AREA(#18081);
#18081 = FILL_AREA_STYLE('',(#18082));
#18082 = FILL_AREA_STYLE_COLOUR('',#17766);
#18083 = STYLED_ITEM('color',(#18084),#9509);
#18084 = PRESENTATION_STYLE_ASSIGNMENT((#18085));
#18085 = SURFACE_STYLE_USAGE(.BOTH.,#18086);
#18086 = SURFACE_SIDE_STYLE('',(#18087));
#18087 = SURFACE_STYLE_FILL_AREA(#18088);
#18088 = FILL_AREA_STYLE('',(#18089));
#18089 = FILL_AREA_STYLE_COLOUR('',#17766);
#18090 = STYLED_ITEM('color',(#18091),#9525);
#18091 = PRESENTATION_STYLE_ASSIGNMENT((#18092));
#18092 = SURFACE_STYLE_USAGE(.BOTH.,#18093);
#18093 = SURFACE_SIDE_STYLE('',(#18094));
#18094 = SURFACE_STYLE_FILL_AREA(#18095);
#18095 = FILL_AREA_STYLE('',(#18096));
#18096 = FILL_AREA_STYLE_COLOUR('',#17766);
#18097 = STYLED_ITEM('color',(#18098),#9548);
#18098 = PRESENTATION_STYLE_ASSIGNMENT((#18099));
#18099 = SURFACE_STYLE_USAGE(.BOTH.,#18100);
#18100 = SURFACE_SIDE_STYLE('',(#18101));
#18101 = SURFACE_STYLE_FILL_AREA(#18102);
#18102 = FILL_AREA_STYLE('',(#18103));
#18103 = FILL_AREA_STYLE_COLOUR('',#17872);
#18104 = STYLED_ITEM('color',(#18105),#9565);
#18105 = PRESENTATION_STYLE_ASSIGNMENT((#18106));
#18106 = SURFACE_STYLE_USAGE(.BOTH.,#18107);
#18107 = SURFACE_SIDE_STYLE('',(#18108));
#18108 = SURFACE_STYLE_FILL_AREA(#18109);
#18109 = FILL_AREA_STYLE('',(#18110));
#18110 = FILL_AREA_STYLE_COLOUR('',#17872);
#18111 = STYLED_ITEM('color',(#18112),#9582);
#18112 = PRESENTATION_STYLE_ASSIGNMENT((#18113));
#18113 = SURFACE_STYLE_USAGE(.BOTH.,#18114);
#18114 = SURFACE_SIDE_STYLE('',(#18115));
#18115 = SURFACE_STYLE_FILL_AREA(#18116);
#18116 = FILL_AREA_STYLE('',(#18117));
#18117 = FILL_AREA_STYLE_COLOUR('',#17872);
#18118 = STYLED_ITEM('color',(#18119),#9599);
#18119 = PRESENTATION_STYLE_ASSIGNMENT((#18120));
#18120 = SURFACE_STYLE_USAGE(.BOTH.,#18121);
#18121 = SURFACE_SIDE_STYLE('',(#18122));
#18122 = SURFACE_STYLE_FILL_AREA(#18123);
#18123 = FILL_AREA_STYLE('',(#18124));
#18124 = FILL_AREA_STYLE_COLOUR('',#17872);
#18125 = STYLED_ITEM('color',(#18126),#9616);
#18126 = PRESENTATION_STYLE_ASSIGNMENT((#18127));
#18127 = SURFACE_STYLE_USAGE(.BOTH.,#18128);
#18128 = SURFACE_SIDE_STYLE('',(#18129));
#18129 = SURFACE_STYLE_FILL_AREA(#18130);
#18130 = FILL_AREA_STYLE('',(#18131));
#18131 = FILL_AREA_STYLE_COLOUR('',#17872);
#18132 = STYLED_ITEM('color',(#18133),#9633);
#18133 = PRESENTATION_STYLE_ASSIGNMENT((#18134));
#18134 = SURFACE_STYLE_USAGE(.BOTH.,#18135);
#18135 = SURFACE_SIDE_STYLE('',(#18136));
#18136 = SURFACE_STYLE_FILL_AREA(#18137);
#18137 = FILL_AREA_STYLE('',(#18138));
#18138 = FILL_AREA_STYLE_COLOUR('',#17872);
#18139 = STYLED_ITEM('color',(#18140),#9650);
#18140 = PRESENTATION_STYLE_ASSIGNMENT((#18141));
#18141 = SURFACE_STYLE_USAGE(.BOTH.,#18142);
#18142 = SURFACE_SIDE_STYLE('',(#18143));
#18143 = SURFACE_STYLE_FILL_AREA(#18144);
#18144 = FILL_AREA_STYLE('',(#18145));
#18145 = FILL_AREA_STYLE_COLOUR('',#17872);
#18146 = STYLED_ITEM('color',(#18147),#9667);
#18147 = PRESENTATION_STYLE_ASSIGNMENT((#18148));
#18148 = SURFACE_STYLE_USAGE(.BOTH.,#18149);
#18149 = SURFACE_SIDE_STYLE('',(#18150));
#18150 = SURFACE_STYLE_FILL_AREA(#18151);
#18151 = FILL_AREA_STYLE('',(#18152));
#18152 = FILL_AREA_STYLE_COLOUR('',#17872);
#18153 = STYLED_ITEM('color',(#18154),#9679);
#18154 = PRESENTATION_STYLE_ASSIGNMENT((#18155));
#18155 = SURFACE_STYLE_USAGE(.BOTH.,#18156);
#18156 = SURFACE_SIDE_STYLE('',(#18157));
#18157 = SURFACE_STYLE_FILL_AREA(#18158);
#18158 = FILL_AREA_STYLE('',(#18159));
#18159 = FILL_AREA_STYLE_COLOUR('',#17766);
#18160 = STYLED_ITEM('color',(#18161),#9695);
#18161 = PRESENTATION_STYLE_ASSIGNMENT((#18162));
#18162 = SURFACE_STYLE_USAGE(.BOTH.,#18163);
#18163 = SURFACE_SIDE_STYLE('',(#18164));
#18164 = SURFACE_STYLE_FILL_AREA(#18165);
#18165 = FILL_AREA_STYLE('',(#18166));
#18166 = FILL_AREA_STYLE_COLOUR('',#17766);
#18167 = STYLED_ITEM('color',(#18168),#9711);
#18168 = PRESENTATION_STYLE_ASSIGNMENT((#18169));
#18169 = SURFACE_STYLE_USAGE(.BOTH.,#18170);
#18170 = SURFACE_SIDE_STYLE('',(#18171));
#18171 = SURFACE_STYLE_FILL_AREA(#18172);
#18172 = FILL_AREA_STYLE('',(#18173));
#18173 = FILL_AREA_STYLE_COLOUR('',#17766);
#18174 = STYLED_ITEM('color',(#18175),#9727);
#18175 = PRESENTATION_STYLE_ASSIGNMENT((#18176));
#18176 = SURFACE_STYLE_USAGE(.BOTH.,#18177);
#18177 = SURFACE_SIDE_STYLE('',(#18178));
#18178 = SURFACE_STYLE_FILL_AREA(#18179);
#18179 = FILL_AREA_STYLE('',(#18180));
#18180 = FILL_AREA_STYLE_COLOUR('',#17766);
#18181 = STYLED_ITEM('color',(#18182),#9753);
#18182 = PRESENTATION_STYLE_ASSIGNMENT((#18183));
#18183 = SURFACE_STYLE_USAGE(.BOTH.,#18184);
#18184 = SURFACE_SIDE_STYLE('',(#18185));
#18185 = SURFACE_STYLE_FILL_AREA(#18186);
#18186 = FILL_AREA_STYLE('',(#18187));
#18187 = FILL_AREA_STYLE_COLOUR('',#17872);
#18188 = STYLED_ITEM('color',(#18189),#9770);
#18189 = PRESENTATION_STYLE_ASSIGNMENT((#18190));
#18190 = SURFACE_STYLE_USAGE(.BOTH.,#18191);
#18191 = SURFACE_SIDE_STYLE('',(#18192));
#18192 = SURFACE_STYLE_FILL_AREA(#18193);
#18193 = FILL_AREA_STYLE('',(#18194));
#18194 = FILL_AREA_STYLE_COLOUR('',#17872);
#18195 = STYLED_ITEM('color',(#18196),#9787);
#18196 = PRESENTATION_STYLE_ASSIGNMENT((#18197));
#18197 = SURFACE_STYLE_USAGE(.BOTH.,#18198);
#18198 = SURFACE_SIDE_STYLE('',(#18199));
#18199 = SURFACE_STYLE_FILL_AREA(#18200);
#18200 = FILL_AREA_STYLE('',(#18201));
#18201 = FILL_AREA_STYLE_COLOUR('',#17872);
#18202 = STYLED_ITEM('color',(#18203),#9804);
#18203 = PRESENTATION_STYLE_ASSIGNMENT((#18204));
#18204 = SURFACE_STYLE_USAGE(.BOTH.,#18205);
#18205 = SURFACE_SIDE_STYLE('',(#18206));
#18206 = SURFACE_STYLE_FILL_AREA(#18207);
#18207 = FILL_AREA_STYLE('',(#18208));
#18208 = FILL_AREA_STYLE_COLOUR('',#17872);
#18209 = STYLED_ITEM('color',(#18210),#9821);
#18210 = PRESENTATION_STYLE_ASSIGNMENT((#18211));
#18211 = SURFACE_STYLE_USAGE(.BOTH.,#18212);
#18212 = SURFACE_SIDE_STYLE('',(#18213));
#18213 = SURFACE_STYLE_FILL_AREA(#18214);
#18214 = FILL_AREA_STYLE('',(#18215));
#18215 = FILL_AREA_STYLE_COLOUR('',#17872);
#18216 = STYLED_ITEM('color',(#18217),#9838);
#18217 = PRESENTATION_STYLE_ASSIGNMENT((#18218));
#18218 = SURFACE_STYLE_USAGE(.BOTH.,#18219);
#18219 = SURFACE_SIDE_STYLE('',(#18220));
#18220 = SURFACE_STYLE_FILL_AREA(#18221);
#18221 = FILL_AREA_STYLE('',(#18222));
#18222 = FILL_AREA_STYLE_COLOUR('',#17872);
#18223 = STYLED_ITEM('color',(#18224),#9855);
#18224 = PRESENTATION_STYLE_ASSIGNMENT((#18225));
#18225 = SURFACE_STYLE_USAGE(.BOTH.,#18226);
#18226 = SURFACE_SIDE_STYLE('',(#18227));
#18227 = SURFACE_STYLE_FILL_AREA(#18228);
#18228 = FILL_AREA_STYLE('',(#18229));
#18229 = FILL_AREA_STYLE_COLOUR('',#17872);
#18230 = STYLED_ITEM('color',(#18231),#9872);
#18231 = PRESENTATION_STYLE_ASSIGNMENT((#18232));
#18232 = SURFACE_STYLE_USAGE(.BOTH.,#18233);
#18233 = SURFACE_SIDE_STYLE('',(#18234));
#18234 = SURFACE_STYLE_FILL_AREA(#18235);
#18235 = FILL_AREA_STYLE('',(#18236));
#18236 = FILL_AREA_STYLE_COLOUR('',#17872);
#18237 = STYLED_ITEM('color',(#18238),#9884);
#18238 = PRESENTATION_STYLE_ASSIGNMENT((#18239));
#18239 = SURFACE_STYLE_USAGE(.BOTH.,#18240);
#18240 = SURFACE_SIDE_STYLE('',(#18241));
#18241 = SURFACE_STYLE_FILL_AREA(#18242);
#18242 = FILL_AREA_STYLE('',(#18243));
#18243 = FILL_AREA_STYLE_COLOUR('',#17872);
#18244 = STYLED_ITEM('color',(#18245),#9906);
#18245 = PRESENTATION_STYLE_ASSIGNMENT((#18246));
#18246 = SURFACE_STYLE_USAGE(.BOTH.,#18247);
#18247 = SURFACE_SIDE_STYLE('',(#18248));
#18248 = SURFACE_STYLE_FILL_AREA(#18249);
#18249 = FILL_AREA_STYLE('',(#18250));
#18250 = FILL_AREA_STYLE_COLOUR('',#17872);
#18251 = STYLED_ITEM('color',(#18252),#9923);
#18252 = PRESENTATION_STYLE_ASSIGNMENT((#18253));
#18253 = SURFACE_STYLE_USAGE(.BOTH.,#18254);
#18254 = SURFACE_SIDE_STYLE('',(#18255));
#18255 = SURFACE_STYLE_FILL_AREA(#18256);
#18256 = FILL_AREA_STYLE('',(#18257));
#18257 = FILL_AREA_STYLE_COLOUR('',#17872);
#18258 = STYLED_ITEM('color',(#18259),#9940);
#18259 = PRESENTATION_STYLE_ASSIGNMENT((#18260));
#18260 = SURFACE_STYLE_USAGE(.BOTH.,#18261);
#18261 = SURFACE_SIDE_STYLE('',(#18262));
#18262 = SURFACE_STYLE_FILL_AREA(#18263);
#18263 = FILL_AREA_STYLE('',(#18264));
#18264 = FILL_AREA_STYLE_COLOUR('',#17872);
#18265 = STYLED_ITEM('color',(#18266),#9957);
#18266 = PRESENTATION_STYLE_ASSIGNMENT((#18267));
#18267 = SURFACE_STYLE_USAGE(.BOTH.,#18268);
#18268 = SURFACE_SIDE_STYLE('',(#18269));
#18269 = SURFACE_STYLE_FILL_AREA(#18270);
#18270 = FILL_AREA_STYLE('',(#18271));
#18271 = FILL_AREA_STYLE_COLOUR('',#17872);
#18272 = STYLED_ITEM('color',(#18273),#9974);
#18273 = PRESENTATION_STYLE_ASSIGNMENT((#18274));
#18274 = SURFACE_STYLE_USAGE(.BOTH.,#18275);
#18275 = SURFACE_SIDE_STYLE('',(#18276));
#18276 = SURFACE_STYLE_FILL_AREA(#18277);
#18277 = FILL_AREA_STYLE('',(#18278));
#18278 = FILL_AREA_STYLE_COLOUR('',#17872);
#18279 = STYLED_ITEM('color',(#18280),#9991);
#18280 = PRESENTATION_STYLE_ASSIGNMENT((#18281));
#18281 = SURFACE_STYLE_USAGE(.BOTH.,#18282);
#18282 = SURFACE_SIDE_STYLE('',(#18283));
#18283 = SURFACE_STYLE_FILL_AREA(#18284);
#18284 = FILL_AREA_STYLE('',(#18285));
#18285 = FILL_AREA_STYLE_COLOUR('',#17872);
#18286 = STYLED_ITEM('color',(#18287),#10003);
#18287 = PRESENTATION_STYLE_ASSIGNMENT((#18288));
#18288 = SURFACE_STYLE_USAGE(.BOTH.,#18289);
#18289 = SURFACE_SIDE_STYLE('',(#18290));
#18290 = SURFACE_STYLE_FILL_AREA(#18291);
#18291 = FILL_AREA_STYLE('',(#18292));
#18292 = FILL_AREA_STYLE_COLOUR('',#17872);
#18293 = MECHANICAL_DESIGN_GEOMETRIC_PRESENTATION_REPRESENTATION('',(
    #18294,#18301,#18308,#18315,#18322,#18329,#18336,#18343,#18350,
    #18357,#18364,#18371,#18378,#18385,#18392,#18399,#18406,#18413,
    #18420,#18427,#18434,#18441,#18448,#18455,#18462,#18469),#11247);
#18294 = STYLED_ITEM('color',(#18295),#10459);
#18295 = PRESENTATION_STYLE_ASSIGNMENT((#18296));
#18296 = SURFACE_STYLE_USAGE(.BOTH.,#18297);
#18297 = SURFACE_SIDE_STYLE('',(#18298));
#18298 = SURFACE_STYLE_FILL_AREA(#18299);
#18299 = FILL_AREA_STYLE('',(#18300));
#18300 = FILL_AREA_STYLE_COLOUR('',#16731);
#18301 = STYLED_ITEM('color',(#18302),#10499);
#18302 = PRESENTATION_STYLE_ASSIGNMENT((#18303));
#18303 = SURFACE_STYLE_USAGE(.BOTH.,#18304);
#18304 = SURFACE_SIDE_STYLE('',(#18305));
#18305 = SURFACE_STYLE_FILL_AREA(#18306);
#18306 = FILL_AREA_STYLE('',(#18307));
#18307 = FILL_AREA_STYLE_COLOUR('',#16731);
#18308 = STYLED_ITEM('color',(#18309),#10582);
#18309 = PRESENTATION_STYLE_ASSIGNMENT((#18310));
#18310 = SURFACE_STYLE_USAGE(.BOTH.,#18311);
#18311 = SURFACE_SIDE_STYLE('',(#18312));
#18312 = SURFACE_STYLE_FILL_AREA(#18313);
#18313 = FILL_AREA_STYLE('',(#18314));
#18314 = FILL_AREA_STYLE_COLOUR('',#16731);
#18315 = STYLED_ITEM('color',(#18316),#10607);
#18316 = PRESENTATION_STYLE_ASSIGNMENT((#18317));
#18317 = SURFACE_STYLE_USAGE(.BOTH.,#18318);
#18318 = SURFACE_SIDE_STYLE('',(#18319));
#18319 = SURFACE_STYLE_FILL_AREA(#18320);
#18320 = FILL_AREA_STYLE('',(#18321));
#18321 = FILL_AREA_STYLE_COLOUR('',#16731);
#18322 = STYLED_ITEM('color',(#18323),#10632);
#18323 = PRESENTATION_STYLE_ASSIGNMENT((#18324));
#18324 = SURFACE_STYLE_USAGE(.BOTH.,#18325);
#18325 = SURFACE_SIDE_STYLE('',(#18326));
#18326 = SURFACE_STYLE_FILL_AREA(#18327);
#18327 = FILL_AREA_STYLE('',(#18328));
#18328 = FILL_AREA_STYLE_COLOUR('',#16731);
#18329 = STYLED_ITEM('color',(#18330),#10699);
#18330 = PRESENTATION_STYLE_ASSIGNMENT((#18331));
#18331 = SURFACE_STYLE_USAGE(.BOTH.,#18332);
#18332 = SURFACE_SIDE_STYLE('',(#18333));
#18333 = SURFACE_STYLE_FILL_AREA(#18334);
#18334 = FILL_AREA_STYLE('',(#18335));
#18335 = FILL_AREA_STYLE_COLOUR('',#16731);
#18336 = STYLED_ITEM('color',(#18337),#10716);
#18337 = PRESENTATION_STYLE_ASSIGNMENT((#18338));
#18338 = SURFACE_STYLE_USAGE(.BOTH.,#18339);
#18339 = SURFACE_SIDE_STYLE('',(#18340));
#18340 = SURFACE_STYLE_FILL_AREA(#18341);
#18341 = FILL_AREA_STYLE('',(#18342));
#18342 = FILL_AREA_STYLE_COLOUR('',#16731);
#18343 = STYLED_ITEM('color',(#18344),#10733);
#18344 = PRESENTATION_STYLE_ASSIGNMENT((#18345));
#18345 = SURFACE_STYLE_USAGE(.BOTH.,#18346);
#18346 = SURFACE_SIDE_STYLE('',(#18347));
#18347 = SURFACE_STYLE_FILL_AREA(#18348);
#18348 = FILL_AREA_STYLE('',(#18349));
#18349 = FILL_AREA_STYLE_COLOUR('',#17621);
#18350 = STYLED_ITEM('color',(#18351),#10782);
#18351 = PRESENTATION_STYLE_ASSIGNMENT((#18352));
#18352 = SURFACE_STYLE_USAGE(.BOTH.,#18353);
#18353 = SURFACE_SIDE_STYLE('',(#18354));
#18354 = SURFACE_STYLE_FILL_AREA(#18355);
#18355 = FILL_AREA_STYLE('',(#18356));
#18356 = FILL_AREA_STYLE_COLOUR('',#16731);
#18357 = STYLED_ITEM('color',(#18358),#10799);
#18358 = PRESENTATION_STYLE_ASSIGNMENT((#18359));
#18359 = SURFACE_STYLE_USAGE(.BOTH.,#18360);
#18360 = SURFACE_SIDE_STYLE('',(#18361));
#18361 = SURFACE_STYLE_FILL_AREA(#18362);
#18362 = FILL_AREA_STYLE('',(#18363));
#18363 = FILL_AREA_STYLE_COLOUR('',#16731);
#18364 = STYLED_ITEM('color',(#18365),#10816);
#18365 = PRESENTATION_STYLE_ASSIGNMENT((#18366));
#18366 = SURFACE_STYLE_USAGE(.BOTH.,#18367);
#18367 = SURFACE_SIDE_STYLE('',(#18368));
#18368 = SURFACE_STYLE_FILL_AREA(#18369);
#18369 = FILL_AREA_STYLE('',(#18370));
#18370 = FILL_AREA_STYLE_COLOUR('',#17621);
#18371 = STYLED_ITEM('color',(#18372),#10865);
#18372 = PRESENTATION_STYLE_ASSIGNMENT((#18373));
#18373 = SURFACE_STYLE_USAGE(.BOTH.,#18374);
#18374 = SURFACE_SIDE_STYLE('',(#18375));
#18375 = SURFACE_STYLE_FILL_AREA(#18376);
#18376 = FILL_AREA_STYLE('',(#18377));
#18377 = FILL_AREA_STYLE_COLOUR('',#17621);
#18378 = STYLED_ITEM('color',(#18379),#10882);
#18379 = PRESENTATION_STYLE_ASSIGNMENT((#18380));
#18380 = SURFACE_STYLE_USAGE(.BOTH.,#18381);
#18381 = SURFACE_SIDE_STYLE('',(#18382));
#18382 = SURFACE_STYLE_FILL_AREA(#18383);
#18383 = FILL_AREA_STYLE('',(#18384));
#18384 = FILL_AREA_STYLE_COLOUR('',#16731);
#18385 = STYLED_ITEM('color',(#18386),#10951);
#18386 = PRESENTATION_STYLE_ASSIGNMENT((#18387));
#18387 = SURFACE_STYLE_USAGE(.BOTH.,#18388);
#18388 = SURFACE_SIDE_STYLE('',(#18389));
#18389 = SURFACE_STYLE_FILL_AREA(#18390);
#18390 = FILL_AREA_STYLE('',(#18391));
#18391 = FILL_AREA_STYLE_COLOUR('',#17664);
#18392 = STYLED_ITEM('color',(#18393),#10982);
#18393 = PRESENTATION_STYLE_ASSIGNMENT((#18394));
#18394 = SURFACE_STYLE_USAGE(.BOTH.,#18395);
#18395 = SURFACE_SIDE_STYLE('',(#18396));
#18396 = SURFACE_STYLE_FILL_AREA(#18397);
#18397 = FILL_AREA_STYLE('',(#18398));
#18398 = FILL_AREA_STYLE_COLOUR('',#17664);
#18399 = STYLED_ITEM('color',(#18400),#11006);
#18400 = PRESENTATION_STYLE_ASSIGNMENT((#18401));
#18401 = SURFACE_STYLE_USAGE(.BOTH.,#18402);
#18402 = SURFACE_SIDE_STYLE('',(#18403));
#18403 = SURFACE_STYLE_FILL_AREA(#18404);
#18404 = FILL_AREA_STYLE('',(#18405));
#18405 = FILL_AREA_STYLE_COLOUR('',#16731);
#18406 = STYLED_ITEM('color',(#18407),#11075);
#18407 = PRESENTATION_STYLE_ASSIGNMENT((#18408));
#18408 = SURFACE_STYLE_USAGE(.BOTH.,#18409);
#18409 = SURFACE_SIDE_STYLE('',(#18410));
#18410 = SURFACE_STYLE_FILL_AREA(#18411);
#18411 = FILL_AREA_STYLE('',(#18412));
#18412 = FILL_AREA_STYLE_COLOUR('',#17664);
#18413 = STYLED_ITEM('color',(#18414),#11099);
#18414 = PRESENTATION_STYLE_ASSIGNMENT((#18415));
#18415 = SURFACE_STYLE_USAGE(.BOTH.,#18416);
#18416 = SURFACE_SIDE_STYLE('',(#18417));
#18417 = SURFACE_STYLE_FILL_AREA(#18418);
#18418 = FILL_AREA_STYLE('',(#18419));
#18419 = FILL_AREA_STYLE_COLOUR('',#16731);
#18420 = STYLED_ITEM('color',(#18421),#11116);
#18421 = PRESENTATION_STYLE_ASSIGNMENT((#18422));
#18422 = SURFACE_STYLE_USAGE(.BOTH.,#18423);
#18423 = SURFACE_SIDE_STYLE('',(#18424));
#18424 = SURFACE_STYLE_FILL_AREA(#18425);
#18425 = FILL_AREA_STYLE('',(#18426));
#18426 = FILL_AREA_STYLE_COLOUR('',#16731);
#18427 = STYLED_ITEM('color',(#18428),#11133);
#18428 = PRESENTATION_STYLE_ASSIGNMENT((#18429));
#18429 = SURFACE_STYLE_USAGE(.BOTH.,#18430);
#18430 = SURFACE_SIDE_STYLE('',(#18431));
#18431 = SURFACE_STYLE_FILL_AREA(#18432);
#18432 = FILL_AREA_STYLE('',(#18433));
#18433 = FILL_AREA_STYLE_COLOUR('',#16731);
#18434 = STYLED_ITEM('color',(#18435),#11150);
#18435 = PRESENTATION_STYLE_ASSIGNMENT((#18436));
#18436 = SURFACE_STYLE_USAGE(.BOTH.,#18437);
#18437 = SURFACE_SIDE_STYLE('',(#18438));
#18438 = SURFACE_STYLE_FILL_AREA(#18439);
#18439 = FILL_AREA_STYLE('',(#18440));
#18440 = FILL_AREA_STYLE_COLOUR('',#16731);
#18441 = STYLED_ITEM('color',(#18442),#11167);
#18442 = PRESENTATION_STYLE_ASSIGNMENT((#18443));
#18443 = SURFACE_STYLE_USAGE(.BOTH.,#18444);
#18444 = SURFACE_SIDE_STYLE('',(#18445));
#18445 = SURFACE_STYLE_FILL_AREA(#18446);
#18446 = FILL_AREA_STYLE('',(#18447));
#18447 = FILL_AREA_STYLE_COLOUR('',#16731);
#18448 = STYLED_ITEM('color',(#18449),#11184);
#18449 = PRESENTATION_STYLE_ASSIGNMENT((#18450));
#18450 = SURFACE_STYLE_USAGE(.BOTH.,#18451);
#18451 = SURFACE_SIDE_STYLE('',(#18452));
#18452 = SURFACE_STYLE_FILL_AREA(#18453);
#18453 = FILL_AREA_STYLE('',(#18454));
#18454 = FILL_AREA_STYLE_COLOUR('',#16731);
#18455 = STYLED_ITEM('color',(#18456),#11201);
#18456 = PRESENTATION_STYLE_ASSIGNMENT((#18457));
#18457 = SURFACE_STYLE_USAGE(.BOTH.,#18458);
#18458 = SURFACE_SIDE_STYLE('',(#18459));
#18459 = SURFACE_STYLE_FILL_AREA(#18460);
#18460 = FILL_AREA_STYLE('',(#18461));
#18461 = FILL_AREA_STYLE_COLOUR('',#16731);
#18462 = STYLED_ITEM('color',(#18463),#11218);
#18463 = PRESENTATION_STYLE_ASSIGNMENT((#18464));
#18464 = SURFACE_STYLE_USAGE(.BOTH.,#18465);
#18465 = SURFACE_SIDE_STYLE('',(#18466));
#18466 = SURFACE_STYLE_FILL_AREA(#18467);
#18467 = FILL_AREA_STYLE('',(#18468));
#18468 = FILL_AREA_STYLE_COLOUR('',#17664);
#18469 = STYLED_ITEM('color',(#18470),#11235);
#18470 = PRESENTATION_STYLE_ASSIGNMENT((#18471));
#18471 = SURFACE_STYLE_USAGE(.BOTH.,#18472);
#18472 = SURFACE_SIDE_STYLE('',(#18473));
#18473 = SURFACE_STYLE_FILL_AREA(#18474);
#18474 = FILL_AREA_STYLE('',(#18475));
#18475 = FILL_AREA_STYLE_COLOUR('',#17664);
#18476 = MECHANICAL_DESIGN_GEOMETRIC_PRESENTATION_REPRESENTATION('',(
    #18477,#18484,#18491,#18498,#18505,#18512,#18519,#18526,#18533,
    #18540,#18547,#18554,#18561,#18568,#18575,#18582,#18589,#18596,
    #18603,#18610,#18617,#18624,#18631,#18638,#18645,#18652,#18659,
    #18666,#18673,#18680,#18687,#18694,#18701,#18708,#18715,#18722,
    #18729,#18736,#18743,#18750,#18757),#6335);
#18477 = STYLED_ITEM('color',(#18478),#4972);
#18478 = PRESENTATION_STYLE_ASSIGNMENT((#18479));
#18479 = SURFACE_STYLE_USAGE(.BOTH.,#18480);
#18480 = SURFACE_SIDE_STYLE('',(#18481));
#18481 = SURFACE_STYLE_FILL_AREA(#18482);
#18482 = FILL_AREA_STYLE('',(#18483));
#18483 = FILL_AREA_STYLE_COLOUR('',#16731);
#18484 = STYLED_ITEM('color',(#18485),#5015);
#18485 = PRESENTATION_STYLE_ASSIGNMENT((#18486));
#18486 = SURFACE_STYLE_USAGE(.BOTH.,#18487);
#18487 = SURFACE_SIDE_STYLE('',(#18488));
#18488 = SURFACE_STYLE_FILL_AREA(#18489);
#18489 = FILL_AREA_STYLE('',(#18490));
#18490 = FILL_AREA_STYLE_COLOUR('',#16731);
#18491 = STYLED_ITEM('color',(#18492),#5041);
#18492 = PRESENTATION_STYLE_ASSIGNMENT((#18493));
#18493 = SURFACE_STYLE_USAGE(.BOTH.,#18494);
#18494 = SURFACE_SIDE_STYLE('',(#18495));
#18495 = SURFACE_STYLE_FILL_AREA(#18496);
#18496 = FILL_AREA_STYLE('',(#18497));
#18497 = FILL_AREA_STYLE_COLOUR('',#16731);
#18498 = STYLED_ITEM('color',(#18499),#5114);
#18499 = PRESENTATION_STYLE_ASSIGNMENT((#18500));
#18500 = SURFACE_STYLE_USAGE(.BOTH.,#18501);
#18501 = SURFACE_SIDE_STYLE('',(#18502));
#18502 = SURFACE_STYLE_FILL_AREA(#18503);
#18503 = FILL_AREA_STYLE('',(#18504));
#18504 = FILL_AREA_STYLE_COLOUR('',#16781);
#18505 = STYLED_ITEM('color',(#18506),#5193);
#18506 = PRESENTATION_STYLE_ASSIGNMENT((#18507));
#18507 = SURFACE_STYLE_USAGE(.BOTH.,#18508);
#18508 = SURFACE_SIDE_STYLE('',(#18509));
#18509 = SURFACE_STYLE_FILL_AREA(#18510);
#18510 = FILL_AREA_STYLE('',(#18511));
#18511 = FILL_AREA_STYLE_COLOUR('',#16731);
#18512 = STYLED_ITEM('color',(#18513),#5233);
#18513 = PRESENTATION_STYLE_ASSIGNMENT((#18514));
#18514 = SURFACE_STYLE_USAGE(.BOTH.,#18515);
#18515 = SURFACE_SIDE_STYLE('',(#18516));
#18516 = SURFACE_STYLE_FILL_AREA(#18517);
#18517 = FILL_AREA_STYLE('',(#18518));
#18518 = FILL_AREA_STYLE_COLOUR('',#16781);
#18519 = STYLED_ITEM('color',(#18520),#5312);
#18520 = PRESENTATION_STYLE_ASSIGNMENT((#18521));
#18521 = SURFACE_STYLE_USAGE(.BOTH.,#18522);
#18522 = SURFACE_SIDE_STYLE('',(#18523));
#18523 = SURFACE_STYLE_FILL_AREA(#18524);
#18524 = FILL_AREA_STYLE('',(#18525));
#18525 = FILL_AREA_STYLE_COLOUR('',#16781);
#18526 = STYLED_ITEM('color',(#18527),#5337);
#18527 = PRESENTATION_STYLE_ASSIGNMENT((#18528));
#18528 = SURFACE_STYLE_USAGE(.BOTH.,#18529);
#18529 = SURFACE_SIDE_STYLE('',(#18530));
#18530 = SURFACE_STYLE_FILL_AREA(#18531);
#18531 = FILL_AREA_STYLE('',(#18532));
#18532 = FILL_AREA_STYLE_COLOUR('',#16781);
#18533 = STYLED_ITEM('color',(#18534),#5362);
#18534 = PRESENTATION_STYLE_ASSIGNMENT((#18535));
#18535 = SURFACE_STYLE_USAGE(.BOTH.,#18536);
#18536 = SURFACE_SIDE_STYLE('',(#18537));
#18537 = SURFACE_STYLE_FILL_AREA(#18538);
#18538 = FILL_AREA_STYLE('',(#18539));
#18539 = FILL_AREA_STYLE_COLOUR('',#16781);
#18540 = STYLED_ITEM('color',(#18541),#5418);
#18541 = PRESENTATION_STYLE_ASSIGNMENT((#18542));
#18542 = SURFACE_STYLE_USAGE(.BOTH.,#18543);
#18543 = SURFACE_SIDE_STYLE('',(#18544));
#18544 = SURFACE_STYLE_FILL_AREA(#18545);
#18545 = FILL_AREA_STYLE('',(#18546));
#18546 = FILL_AREA_STYLE_COLOUR('',#16781);
#18547 = STYLED_ITEM('color',(#18548),#5474);
#18548 = PRESENTATION_STYLE_ASSIGNMENT((#18549));
#18549 = SURFACE_STYLE_USAGE(.BOTH.,#18550);
#18550 = SURFACE_SIDE_STYLE('',(#18551));
#18551 = SURFACE_STYLE_FILL_AREA(#18552);
#18552 = FILL_AREA_STYLE('',(#18553));
#18553 = FILL_AREA_STYLE_COLOUR('',#16781);
#18554 = STYLED_ITEM('color',(#18555),#5499);
#18555 = PRESENTATION_STYLE_ASSIGNMENT((#18556));
#18556 = SURFACE_STYLE_USAGE(.BOTH.,#18557);
#18557 = SURFACE_SIDE_STYLE('',(#18558));
#18558 = SURFACE_STYLE_FILL_AREA(#18559);
#18559 = FILL_AREA_STYLE('',(#18560));
#18560 = FILL_AREA_STYLE_COLOUR('',#16781);
#18561 = STYLED_ITEM('color',(#18562),#5524);
#18562 = PRESENTATION_STYLE_ASSIGNMENT((#18563));
#18563 = SURFACE_STYLE_USAGE(.BOTH.,#18564);
#18564 = SURFACE_SIDE_STYLE('',(#18565));
#18565 = SURFACE_STYLE_FILL_AREA(#18566);
#18566 = FILL_AREA_STYLE('',(#18567));
#18567 = FILL_AREA_STYLE_COLOUR('',#16781);
#18568 = STYLED_ITEM('color',(#18569),#5589);
#18569 = PRESENTATION_STYLE_ASSIGNMENT((#18570));
#18570 = SURFACE_STYLE_USAGE(.BOTH.,#18571);
#18571 = SURFACE_SIDE_STYLE('',(#18572));
#18572 = SURFACE_STYLE_FILL_AREA(#18573);
#18573 = FILL_AREA_STYLE('',(#18574));
#18574 = FILL_AREA_STYLE_COLOUR('',#16731);
#18575 = STYLED_ITEM('color',(#18576),#5662);
#18576 = PRESENTATION_STYLE_ASSIGNMENT((#18577));
#18577 = SURFACE_STYLE_USAGE(.BOTH.,#18578);
#18578 = SURFACE_SIDE_STYLE('',(#18579));
#18579 = SURFACE_STYLE_FILL_AREA(#18580);
#18580 = FILL_AREA_STYLE('',(#18581));
#18581 = FILL_AREA_STYLE_COLOUR('',#16781);
#18582 = STYLED_ITEM('color',(#18583),#5748);
#18583 = PRESENTATION_STYLE_ASSIGNMENT((#18584));
#18584 = SURFACE_STYLE_USAGE(.BOTH.,#18585);
#18585 = SURFACE_SIDE_STYLE('',(#18586));
#18586 = SURFACE_STYLE_FILL_AREA(#18587);
#18587 = FILL_AREA_STYLE('',(#18588));
#18588 = FILL_AREA_STYLE_COLOUR('',#16781);
#18589 = STYLED_ITEM('color',(#18590),#5765);
#18590 = PRESENTATION_STYLE_ASSIGNMENT((#18591));
#18591 = SURFACE_STYLE_USAGE(.BOTH.,#18592);
#18592 = SURFACE_SIDE_STYLE('',(#18593));
#18593 = SURFACE_STYLE_FILL_AREA(#18594);
#18594 = FILL_AREA_STYLE('',(#18595));
#18595 = FILL_AREA_STYLE_COLOUR('',#16731);
#18596 = STYLED_ITEM('color',(#18597),#5796);
#18597 = PRESENTATION_STYLE_ASSIGNMENT((#18598));
#18598 = SURFACE_STYLE_USAGE(.BOTH.,#18599);
#18599 = SURFACE_SIDE_STYLE('',(#18600));
#18600 = SURFACE_STYLE_FILL_AREA(#18601);
#18601 = FILL_AREA_STYLE('',(#18602));
#18602 = FILL_AREA_STYLE_COLOUR('',#16781);
#18603 = STYLED_ITEM('color',(#18604),#5808);
#18604 = PRESENTATION_STYLE_ASSIGNMENT((#18605));
#18605 = SURFACE_STYLE_USAGE(.BOTH.,#18606);
#18606 = SURFACE_SIDE_STYLE('',(#18607));
#18607 = SURFACE_STYLE_FILL_AREA(#18608);
#18608 = FILL_AREA_STYLE('',(#18609));
#18609 = FILL_AREA_STYLE_COLOUR('',#16781);
#18610 = STYLED_ITEM('color',(#18611),#5825);
#18611 = PRESENTATION_STYLE_ASSIGNMENT((#18612));
#18612 = SURFACE_STYLE_USAGE(.BOTH.,#18613);
#18613 = SURFACE_SIDE_STYLE('',(#18614));
#18614 = SURFACE_STYLE_FILL_AREA(#18615);
#18615 = FILL_AREA_STYLE('',(#18616));
#18616 = FILL_AREA_STYLE_COLOUR('',#16781);
#18617 = STYLED_ITEM('color',(#18618),#5837);
#18618 = PRESENTATION_STYLE_ASSIGNMENT((#18619));
#18619 = SURFACE_STYLE_USAGE(.BOTH.,#18620);
#18620 = SURFACE_SIDE_STYLE('',(#18621));
#18621 = SURFACE_STYLE_FILL_AREA(#18622);
#18622 = FILL_AREA_STYLE('',(#18623));
#18623 = FILL_AREA_STYLE_COLOUR('',#16781);
#18624 = STYLED_ITEM('color',(#18625),#5855);
#18625 = PRESENTATION_STYLE_ASSIGNMENT((#18626));
#18626 = SURFACE_STYLE_USAGE(.BOTH.,#18627);
#18627 = SURFACE_SIDE_STYLE('',(#18628));
#18628 = SURFACE_STYLE_FILL_AREA(#18629);
#18629 = FILL_AREA_STYLE('',(#18630));
#18630 = FILL_AREA_STYLE_COLOUR('',#16781);
#18631 = STYLED_ITEM('color',(#18632),#5867);
#18632 = PRESENTATION_STYLE_ASSIGNMENT((#18633));
#18633 = SURFACE_STYLE_USAGE(.BOTH.,#18634);
#18634 = SURFACE_SIDE_STYLE('',(#18635));
#18635 = SURFACE_STYLE_FILL_AREA(#18636);
#18636 = FILL_AREA_STYLE('',(#18637));
#18637 = FILL_AREA_STYLE_COLOUR('',#16781);
#18638 = STYLED_ITEM('color',(#18639),#5885);
#18639 = PRESENTATION_STYLE_ASSIGNMENT((#18640));
#18640 = SURFACE_STYLE_USAGE(.BOTH.,#18641);
#18641 = SURFACE_SIDE_STYLE('',(#18642));
#18642 = SURFACE_STYLE_FILL_AREA(#18643);
#18643 = FILL_AREA_STYLE('',(#18644));
#18644 = FILL_AREA_STYLE_COLOUR('',#16781);
#18645 = STYLED_ITEM('color',(#18646),#5897);
#18646 = PRESENTATION_STYLE_ASSIGNMENT((#18647));
#18647 = SURFACE_STYLE_USAGE(.BOTH.,#18648);
#18648 = SURFACE_SIDE_STYLE('',(#18649));
#18649 = SURFACE_STYLE_FILL_AREA(#18650);
#18650 = FILL_AREA_STYLE('',(#18651));
#18651 = FILL_AREA_STYLE_COLOUR('',#16731);
#18652 = STYLED_ITEM('color',(#18653),#5928);
#18653 = PRESENTATION_STYLE_ASSIGNMENT((#18654));
#18654 = SURFACE_STYLE_USAGE(.BOTH.,#18655);
#18655 = SURFACE_SIDE_STYLE('',(#18656));
#18656 = SURFACE_STYLE_FILL_AREA(#18657);
#18657 = FILL_AREA_STYLE('',(#18658));
#18658 = FILL_AREA_STYLE_COLOUR('',#16731);
#18659 = STYLED_ITEM('color',(#18660),#5980);
#18660 = PRESENTATION_STYLE_ASSIGNMENT((#18661));
#18661 = SURFACE_STYLE_USAGE(.BOTH.,#18662);
#18662 = SURFACE_SIDE_STYLE('',(#18663));
#18663 = SURFACE_STYLE_FILL_AREA(#18664);
#18664 = FILL_AREA_STYLE('',(#18665));
#18665 = FILL_AREA_STYLE_COLOUR('',#16731);
#18666 = STYLED_ITEM('color',(#18667),#6012);
#18667 = PRESENTATION_STYLE_ASSIGNMENT((#18668));
#18668 = SURFACE_STYLE_USAGE(.BOTH.,#18669);
#18669 = SURFACE_SIDE_STYLE('',(#18670));
#18670 = SURFACE_STYLE_FILL_AREA(#18671);
#18671 = FILL_AREA_STYLE('',(#18672));
#18672 = FILL_AREA_STYLE_COLOUR('',#16731);
#18673 = STYLED_ITEM('color',(#18674),#6037);
#18674 = PRESENTATION_STYLE_ASSIGNMENT((#18675));
#18675 = SURFACE_STYLE_USAGE(.BOTH.,#18676);
#18676 = SURFACE_SIDE_STYLE('',(#18677));
#18677 = SURFACE_STYLE_FILL_AREA(#18678);
#18678 = FILL_AREA_STYLE('',(#18679));
#18679 = FILL_AREA_STYLE_COLOUR('',#16731);
#18680 = STYLED_ITEM('color',(#18681),#6062);
#18681 = PRESENTATION_STYLE_ASSIGNMENT((#18682));
#18682 = SURFACE_STYLE_USAGE(.BOTH.,#18683);
#18683 = SURFACE_SIDE_STYLE('',(#18684));
#18684 = SURFACE_STYLE_FILL_AREA(#18685);
#18685 = FILL_AREA_STYLE('',(#18686));
#18686 = FILL_AREA_STYLE_COLOUR('',#16731);
#18687 = STYLED_ITEM('color',(#18688),#6094);
#18688 = PRESENTATION_STYLE_ASSIGNMENT((#18689));
#18689 = SURFACE_STYLE_USAGE(.BOTH.,#18690);
#18690 = SURFACE_SIDE_STYLE('',(#18691));
#18691 = SURFACE_STYLE_FILL_AREA(#18692);
#18692 = FILL_AREA_STYLE('',(#18693));
#18693 = FILL_AREA_STYLE_COLOUR('',#16731);
#18694 = STYLED_ITEM('color',(#18695),#6119);
#18695 = PRESENTATION_STYLE_ASSIGNMENT((#18696));
#18696 = SURFACE_STYLE_USAGE(.BOTH.,#18697);
#18697 = SURFACE_SIDE_STYLE('',(#18698));
#18698 = SURFACE_STYLE_FILL_AREA(#18699);
#18699 = FILL_AREA_STYLE('',(#18700));
#18700 = FILL_AREA_STYLE_COLOUR('',#16731);
#18701 = STYLED_ITEM('color',(#18702),#6144);
#18702 = PRESENTATION_STYLE_ASSIGNMENT((#18703));
#18703 = SURFACE_STYLE_USAGE(.BOTH.,#18704);
#18704 = SURFACE_SIDE_STYLE('',(#18705));
#18705 = SURFACE_STYLE_FILL_AREA(#18706);
#18706 = FILL_AREA_STYLE('',(#18707));
#18707 = FILL_AREA_STYLE_COLOUR('',#16731);
#18708 = STYLED_ITEM('color',(#18709),#6161);
#18709 = PRESENTATION_STYLE_ASSIGNMENT((#18710));
#18710 = SURFACE_STYLE_USAGE(.BOTH.,#18711);
#18711 = SURFACE_SIDE_STYLE('',(#18712));
#18712 = SURFACE_STYLE_FILL_AREA(#18713);
#18713 = FILL_AREA_STYLE('',(#18714));
#18714 = FILL_AREA_STYLE_COLOUR('',#16731);
#18715 = STYLED_ITEM('color',(#18716),#6178);
#18716 = PRESENTATION_STYLE_ASSIGNMENT((#18717));
#18717 = SURFACE_STYLE_USAGE(.BOTH.,#18718);
#18718 = SURFACE_SIDE_STYLE('',(#18719));
#18719 = SURFACE_STYLE_FILL_AREA(#18720);
#18720 = FILL_AREA_STYLE('',(#18721));
#18721 = FILL_AREA_STYLE_COLOUR('',#16731);
#18722 = STYLED_ITEM('color',(#18723),#6226);
#18723 = PRESENTATION_STYLE_ASSIGNMENT((#18724));
#18724 = SURFACE_STYLE_USAGE(.BOTH.,#18725);
#18725 = SURFACE_SIDE_STYLE('',(#18726));
#18726 = SURFACE_STYLE_FILL_AREA(#18727);
#18727 = FILL_AREA_STYLE('',(#18728));
#18728 = FILL_AREA_STYLE_COLOUR('',#16781);
#18729 = STYLED_ITEM('color',(#18730),#6267);
#18730 = PRESENTATION_STYLE_ASSIGNMENT((#18731));
#18731 = SURFACE_STYLE_USAGE(.BOTH.,#18732);
#18732 = SURFACE_SIDE_STYLE('',(#18733));
#18733 = SURFACE_STYLE_FILL_AREA(#18734);
#18734 = FILL_AREA_STYLE('',(#18735));
#18735 = FILL_AREA_STYLE_COLOUR('',#16731);
#18736 = STYLED_ITEM('color',(#18737),#6285);
#18737 = PRESENTATION_STYLE_ASSIGNMENT((#18738));
#18738 = SURFACE_STYLE_USAGE(.BOTH.,#18739);
#18739 = SURFACE_SIDE_STYLE('',(#18740));
#18740 = SURFACE_STYLE_FILL_AREA(#18741);
#18741 = FILL_AREA_STYLE('',(#18742));
#18742 = FILL_AREA_STYLE_COLOUR('',#16731);
#18743 = STYLED_ITEM('color',(#18744),#6297);
#18744 = PRESENTATION_STYLE_ASSIGNMENT((#18745));
#18745 = SURFACE_STYLE_USAGE(.BOTH.,#18746);
#18746 = SURFACE_SIDE_STYLE('',(#18747));
#18747 = SURFACE_STYLE_FILL_AREA(#18748);
#18748 = FILL_AREA_STYLE('',(#18749));
#18749 = FILL_AREA_STYLE_COLOUR('',#16731);
#18750 = STYLED_ITEM('color',(#18751),#6309);
#18751 = PRESENTATION_STYLE_ASSIGNMENT((#18752));
#18752 = SURFACE_STYLE_USAGE(.BOTH.,#18753);
#18753 = SURFACE_SIDE_STYLE('',(#18754));
#18754 = SURFACE_STYLE_FILL_AREA(#18755);
#18755 = FILL_AREA_STYLE('',(#18756));
#18756 = FILL_AREA_STYLE_COLOUR('',#16731);
#18757 = STYLED_ITEM('color',(#18758),#6325);
#18758 = PRESENTATION_STYLE_ASSIGNMENT((#18759));
#18759 = SURFACE_STYLE_USAGE(.BOTH.,#18760);
#18760 = SURFACE_SIDE_STYLE('',(#18761));
#18761 = SURFACE_STYLE_FILL_AREA(#18762);
#18762 = FILL_AREA_STYLE('',(#18763));
#18763 = FILL_AREA_STYLE_COLOUR('',#16781);
#18764 = MECHANICAL_DESIGN_GEOMETRIC_PRESENTATION_REPRESENTATION('',(
    #18765,#18772,#18779,#18786,#18793,#18800,#18807,#18814,#18821,
    #18828,#18835,#18842,#18849,#18856,#18863,#18870,#18877,#18884,
    #18891,#18898,#18905,#18912,#18919,#18926,#18933,#18940,#18947,
    #18954),#1754);
#18765 = STYLED_ITEM('color',(#18766),#902);
#18766 = PRESENTATION_STYLE_ASSIGNMENT((#18767));
#18767 = SURFACE_STYLE_USAGE(.BOTH.,#18768);
#18768 = SURFACE_SIDE_STYLE('',(#18769));
#18769 = SURFACE_STYLE_FILL_AREA(#18770);
#18770 = FILL_AREA_STYLE('',(#18771));
#18771 = FILL_AREA_STYLE_COLOUR('',#16731);
#18772 = STYLED_ITEM('color',(#18773),#978);
#18773 = PRESENTATION_STYLE_ASSIGNMENT((#18774));
#18774 = SURFACE_STYLE_USAGE(.BOTH.,#18775);
#18775 = SURFACE_SIDE_STYLE('',(#18776));
#18776 = SURFACE_STYLE_FILL_AREA(#18777);
#18777 = FILL_AREA_STYLE('',(#18778));
#18778 = FILL_AREA_STYLE_COLOUR('',#16731);
#18779 = STYLED_ITEM('color',(#18780),#1009);
#18780 = PRESENTATION_STYLE_ASSIGNMENT((#18781));
#18781 = SURFACE_STYLE_USAGE(.BOTH.,#18782);
#18782 = SURFACE_SIDE_STYLE('',(#18783));
#18783 = SURFACE_STYLE_FILL_AREA(#18784);
#18784 = FILL_AREA_STYLE('',(#18785));
#18785 = FILL_AREA_STYLE_COLOUR('',#16731);
#18786 = STYLED_ITEM('color',(#18787),#1034);
#18787 = PRESENTATION_STYLE_ASSIGNMENT((#18788));
#18788 = SURFACE_STYLE_USAGE(.BOTH.,#18789);
#18789 = SURFACE_SIDE_STYLE('',(#18790));
#18790 = SURFACE_STYLE_FILL_AREA(#18791);
#18791 = FILL_AREA_STYLE('',(#18792));
#18792 = FILL_AREA_STYLE_COLOUR('',#16731);
#18793 = STYLED_ITEM('color',(#18794),#1059);
#18794 = PRESENTATION_STYLE_ASSIGNMENT((#18795));
#18795 = SURFACE_STYLE_USAGE(.BOTH.,#18796);
#18796 = SURFACE_SIDE_STYLE('',(#18797));
#18797 = SURFACE_STYLE_FILL_AREA(#18798);
#18798 = FILL_AREA_STYLE('',(#18799));
#18799 = FILL_AREA_STYLE_COLOUR('',#16731);
#18800 = STYLED_ITEM('color',(#18801),#1083);
#18801 = PRESENTATION_STYLE_ASSIGNMENT((#18802));
#18802 = SURFACE_STYLE_USAGE(.BOTH.,#18803);
#18803 = SURFACE_SIDE_STYLE('',(#18804));
#18804 = SURFACE_STYLE_FILL_AREA(#18805);
#18805 = FILL_AREA_STYLE('',(#18806));
#18806 = FILL_AREA_STYLE_COLOUR('',#16731);
#18807 = STYLED_ITEM('color',(#18808),#1107);
#18808 = PRESENTATION_STYLE_ASSIGNMENT((#18809));
#18809 = SURFACE_STYLE_USAGE(.BOTH.,#18810);
#18810 = SURFACE_SIDE_STYLE('',(#18811));
#18811 = SURFACE_STYLE_FILL_AREA(#18812);
#18812 = FILL_AREA_STYLE('',(#18813));
#18813 = FILL_AREA_STYLE_COLOUR('',#16731);
#18814 = STYLED_ITEM('color',(#18815),#1132);
#18815 = PRESENTATION_STYLE_ASSIGNMENT((#18816));
#18816 = SURFACE_STYLE_USAGE(.BOTH.,#18817);
#18817 = SURFACE_SIDE_STYLE('',(#18818));
#18818 = SURFACE_STYLE_FILL_AREA(#18819);
#18819 = FILL_AREA_STYLE('',(#18820));
#18820 = FILL_AREA_STYLE_COLOUR('',#16731);
#18821 = STYLED_ITEM('color',(#18822),#1157);
#18822 = PRESENTATION_STYLE_ASSIGNMENT((#18823));
#18823 = SURFACE_STYLE_USAGE(.BOTH.,#18824);
#18824 = SURFACE_SIDE_STYLE('',(#18825));
#18825 = SURFACE_STYLE_FILL_AREA(#18826);
#18826 = FILL_AREA_STYLE('',(#18827));
#18827 = FILL_AREA_STYLE_COLOUR('',#16731);
#18828 = STYLED_ITEM('color',(#18829),#1174);
#18829 = PRESENTATION_STYLE_ASSIGNMENT((#18830));
#18830 = SURFACE_STYLE_USAGE(.BOTH.,#18831);
#18831 = SURFACE_SIDE_STYLE('',(#18832));
#18832 = SURFACE_STYLE_FILL_AREA(#18833);
#18833 = FILL_AREA_STYLE('',(#18834));
#18834 = FILL_AREA_STYLE_COLOUR('',#16731);
#18835 = STYLED_ITEM('color',(#18836),#1260);
#18836 = PRESENTATION_STYLE_ASSIGNMENT((#18837));
#18837 = SURFACE_STYLE_USAGE(.BOTH.,#18838);
#18838 = SURFACE_SIDE_STYLE('',(#18839));
#18839 = SURFACE_STYLE_FILL_AREA(#18840);
#18840 = FILL_AREA_STYLE('',(#18841));
#18841 = FILL_AREA_STYLE_COLOUR('',#17078);
#18842 = STYLED_ITEM('color',(#18843),#1292);
#18843 = PRESENTATION_STYLE_ASSIGNMENT((#18844));
#18844 = SURFACE_STYLE_USAGE(.BOTH.,#18845);
#18845 = SURFACE_SIDE_STYLE('',(#18846));
#18846 = SURFACE_STYLE_FILL_AREA(#18847);
#18847 = FILL_AREA_STYLE('',(#18848));
#18848 = FILL_AREA_STYLE_COLOUR('',#17078);
#18849 = STYLED_ITEM('color',(#18850),#1316);
#18850 = PRESENTATION_STYLE_ASSIGNMENT((#18851));
#18851 = SURFACE_STYLE_USAGE(.BOTH.,#18852);
#18852 = SURFACE_SIDE_STYLE('',(#18853));
#18853 = SURFACE_STYLE_FILL_AREA(#18854);
#18854 = FILL_AREA_STYLE('',(#18855));
#18855 = FILL_AREA_STYLE_COLOUR('',#17078);
#18856 = STYLED_ITEM('color',(#18857),#1341);
#18857 = PRESENTATION_STYLE_ASSIGNMENT((#18858));
#18858 = SURFACE_STYLE_USAGE(.BOTH.,#18859);
#18859 = SURFACE_SIDE_STYLE('',(#18860));
#18860 = SURFACE_STYLE_FILL_AREA(#18861);
#18861 = FILL_AREA_STYLE('',(#18862));
#18862 = FILL_AREA_STYLE_COLOUR('',#17078);
#18863 = STYLED_ITEM('color',(#18864),#1365);
#18864 = PRESENTATION_STYLE_ASSIGNMENT((#18865));
#18865 = SURFACE_STYLE_USAGE(.BOTH.,#18866);
#18866 = SURFACE_SIDE_STYLE('',(#18867));
#18867 = SURFACE_STYLE_FILL_AREA(#18868);
#18868 = FILL_AREA_STYLE('',(#18869));
#18869 = FILL_AREA_STYLE_COLOUR('',#17078);
#18870 = STYLED_ITEM('color',(#18871),#1390);
#18871 = PRESENTATION_STYLE_ASSIGNMENT((#18872));
#18872 = SURFACE_STYLE_USAGE(.BOTH.,#18873);
#18873 = SURFACE_SIDE_STYLE('',(#18874));
#18874 = SURFACE_STYLE_FILL_AREA(#18875);
#18875 = FILL_AREA_STYLE('',(#18876));
#18876 = FILL_AREA_STYLE_COLOUR('',#17078);
#18877 = STYLED_ITEM('color',(#18878),#1414);
#18878 = PRESENTATION_STYLE_ASSIGNMENT((#18879));
#18879 = SURFACE_STYLE_USAGE(.BOTH.,#18880);
#18880 = SURFACE_SIDE_STYLE('',(#18881));
#18881 = SURFACE_STYLE_FILL_AREA(#18882);
#18882 = FILL_AREA_STYLE('',(#18883));
#18883 = FILL_AREA_STYLE_COLOUR('',#17078);
#18884 = STYLED_ITEM('color',(#18885),#1439);
#18885 = PRESENTATION_STYLE_ASSIGNMENT((#18886));
#18886 = SURFACE_STYLE_USAGE(.BOTH.,#18887);
#18887 = SURFACE_SIDE_STYLE('',(#18888));
#18888 = SURFACE_STYLE_FILL_AREA(#18889);
#18889 = FILL_AREA_STYLE('',(#18890));
#18890 = FILL_AREA_STYLE_COLOUR('',#17078);
#18891 = STYLED_ITEM('color',(#18892),#1456);
#18892 = PRESENTATION_STYLE_ASSIGNMENT((#18893));
#18893 = SURFACE_STYLE_USAGE(.BOTH.,#18894);
#18894 = SURFACE_SIDE_STYLE('',(#18895));
#18895 = SURFACE_STYLE_FILL_AREA(#18896);
#18896 = FILL_AREA_STYLE('',(#18897));
#18897 = FILL_AREA_STYLE_COLOUR('',#16731);
#18898 = STYLED_ITEM('color',(#18899),#1542);
#18899 = PRESENTATION_STYLE_ASSIGNMENT((#18900));
#18900 = SURFACE_STYLE_USAGE(.BOTH.,#18901);
#18901 = SURFACE_SIDE_STYLE('',(#18902));
#18902 = SURFACE_STYLE_FILL_AREA(#18903);
#18903 = FILL_AREA_STYLE('',(#18904));
#18904 = FILL_AREA_STYLE_COLOUR('',#16731);
#18905 = STYLED_ITEM('color',(#18906),#1573);
#18906 = PRESENTATION_STYLE_ASSIGNMENT((#18907));
#18907 = SURFACE_STYLE_USAGE(.BOTH.,#18908);
#18908 = SURFACE_SIDE_STYLE('',(#18909));
#18909 = SURFACE_STYLE_FILL_AREA(#18910);
#18910 = FILL_AREA_STYLE('',(#18911));
#18911 = FILL_AREA_STYLE_COLOUR('',#16731);
#18912 = STYLED_ITEM('color',(#18913),#1598);
#18913 = PRESENTATION_STYLE_ASSIGNMENT((#18914));
#18914 = SURFACE_STYLE_USAGE(.BOTH.,#18915);
#18915 = SURFACE_SIDE_STYLE('',(#18916));
#18916 = SURFACE_STYLE_FILL_AREA(#18917);
#18917 = FILL_AREA_STYLE('',(#18918));
#18918 = FILL_AREA_STYLE_COLOUR('',#16731);
#18919 = STYLED_ITEM('color',(#18920),#1623);
#18920 = PRESENTATION_STYLE_ASSIGNMENT((#18921));
#18921 = SURFACE_STYLE_USAGE(.BOTH.,#18922);
#18922 = SURFACE_SIDE_STYLE('',(#18923));
#18923 = SURFACE_STYLE_FILL_AREA(#18924);
#18924 = FILL_AREA_STYLE('',(#18925));
#18925 = FILL_AREA_STYLE_COLOUR('',#16731);
#18926 = STYLED_ITEM('color',(#18927),#1647);
#18927 = PRESENTATION_STYLE_ASSIGNMENT((#18928));
#18928 = SURFACE_STYLE_USAGE(.BOTH.,#18929);
#18929 = SURFACE_SIDE_STYLE('',(#18930));
#18930 = SURFACE_STYLE_FILL_AREA(#18931);
#18931 = FILL_AREA_STYLE('',(#18932));
#18932 = FILL_AREA_STYLE_COLOUR('',#16731);
#18933 = STYLED_ITEM('color',(#18934),#1671);
#18934 = PRESENTATION_STYLE_ASSIGNMENT((#18935));
#18935 = SURFACE_STYLE_USAGE(.BOTH.,#18936);
#18936 = SURFACE_SIDE_STYLE('',(#18937));
#18937 = SURFACE_STYLE_FILL_AREA(#18938);
#18938 = FILL_AREA_STYLE('',(#18939));
#18939 = FILL_AREA_STYLE_COLOUR('',#16731);
#18940 = STYLED_ITEM('color',(#18941),#1696);
#18941 = PRESENTATION_STYLE_ASSIGNMENT((#18942));
#18942 = SURFACE_STYLE_USAGE(.BOTH.,#18943);
#18943 = SURFACE_SIDE_STYLE('',(#18944));
#18944 = SURFACE_STYLE_FILL_AREA(#18945);
#18945 = FILL_AREA_STYLE('',(#18946));
#18946 = FILL_AREA_STYLE_COLOUR('',#16731);
#18947 = STYLED_ITEM('color',(#18948),#1721);
#18948 = PRESENTATION_STYLE_ASSIGNMENT((#18949));
#18949 = SURFACE_STYLE_USAGE(.BOTH.,#18950);
#18950 = SURFACE_SIDE_STYLE('',(#18951));
#18951 = SURFACE_STYLE_FILL_AREA(#18952);
#18952 = FILL_AREA_STYLE('',(#18953));
#18953 = FILL_AREA_STYLE_COLOUR('',#16731);
#18954 = STYLED_ITEM('color',(#18955),#1738);
#18955 = PRESENTATION_STYLE_ASSIGNMENT((#18956));
#18956 = SURFACE_STYLE_USAGE(.BOTH.,#18957);
#18957 = SURFACE_SIDE_STYLE('',(#18958));
#18958 = SURFACE_STYLE_FILL_AREA(#18959);
#18959 = FILL_AREA_STYLE('',(#18960));
#18960 = FILL_AREA_STYLE_COLOUR('',#16731);
ENDSEC;
END-ISO-10303-21;
