ISO-10303-21;
HEADER;
FILE_DESCRIPTION (( 'STEP AP214' ),
    '1' );
FILE_NAME ('COM-16273.STEP',
    '2024-12-10T10:26:03',
    ( '' ),
    ( '' ),
    'SwSTEP 2.0',
    'SolidWorks 2024',
    '' );
FILE_SCHEMA (( 'AUTOMOTIVE_DESIGN' ));
ENDSEC;

DATA;
#1 =( NAMED_UNIT ( * ) SI_UNIT ( $, .STERADIAN. ) SOLID_ANGLE_UNIT ( ) );
#2 = EDGE_CURVE ( 'NONE', #5800, #7848, #4494, .T. ) ;
#3 = EDGE_LOOP ( 'NONE', ( #9887, #4977, #957, #1064 ) ) ;
#4 = ADVANCED_FACE ( 'NONE', ( #9182, #10063, #2606, #9301, #870, #1773 ), #5338, .T. ) ;
#5 = ORIENTED_EDGE ( 'NONE', *, *, #4345, .F. ) ;
#6 = SURFACE_SIDE_STYLE ('',( #10228 ) ) ;
#7 = STYLED_ITEM ( 'NONE', ( #3164 ), #11074 ) ;
#8 = VERTEX_POINT ( 'NONE', #105 ) ;
#9 = EDGE_CURVE ( 'NONE', #5279, #8340, #3765, .T. ) ;
#10 = PRESENTATION_STYLE_ASSIGNMENT (( #11184 ) ) ;
#11 =( NAMED_UNIT ( * ) SI_UNIT ( $, .STERADIAN. ) SOLID_ANGLE_UNIT ( ) );
#12 =( NAMED_UNIT ( * ) PLANE_ANGLE_UNIT ( ) SI_UNIT ( $, .RADIAN. ) );
#13 = PRESENTATION_STYLE_ASSIGNMENT (( #8420 ) ) ;
#14 =( NAMED_UNIT ( * ) SI_UNIT ( $, .STERADIAN. ) SOLID_ANGLE_UNIT ( ) );
#15 = MECHANICAL_DESIGN_GEOMETRIC_PRESENTATION_REPRESENTATION (  '', ( #5787 ), #217 ) ;
#16 = EDGE_LOOP ( 'NONE', ( #9452, #9620 ) ) ;
#17 = DIRECTION ( 'NONE',  ( -0.000000000000000000, 1.000000000000000000, -0.000000000000000000 ) ) ;
#18 = SURFACE_STYLE_FILL_AREA ( #149 ) ;
#19 =( GEOMETRIC_REPRESENTATION_CONTEXT ( 3 ) GLOBAL_UNCERTAINTY_ASSIGNED_CONTEXT ( ( #4637 ) ) GLOBAL_UNIT_ASSIGNED_CONTEXT ( ( #3612, #4396, #6217 ) ) REPRESENTATION_CONTEXT ( 'NONE', 'WORKASPACE' ) );
#20 = EDGE_CURVE ( 'NONE', #6560, #1663, #7465, .T. ) ;
#21 = FILL_AREA_STYLE_COLOUR ( '', #4865 ) ;
#22 = FILL_AREA_STYLE_COLOUR ( '', #8772 ) ;
#23 = DIRECTION ( 'NONE',  ( 1.000000000000000000, -0.000000000000000000, 0.000000000000000000 ) ) ;
#24 = SURFACE_STYLE_USAGE ( .BOTH. , #211 ) ;
#25 = DIRECTION ( 'NONE',  ( 0.000000000000000000, 0.000000000000000000, 1.000000000000000000 ) ) ;
#26 = LINE ( 'NONE', #6297, #6585 ) ;
#27 = FILL_AREA_STYLE ('',( #5564 ) ) ;
#28 = FILL_AREA_STYLE_COLOUR ( '', #11728 ) ;
#29 = AXIS2_PLACEMENT_3D ( 'NONE', #9564, #5716, #11361 ) ;
#30 = STYLED_ITEM ( 'NONE', ( #5238 ), #11498 ) ;
#31 = EDGE_CURVE ( 'NONE', #10911, #8580, #3766, .T. ) ;
#32 = EDGE_CURVE ( 'NONE', #417, #9014, #6616, .T. ) ;
#33 = AXIS2_PLACEMENT_3D ( 'NONE', #11198, #3065, #9528 ) ;
#34 = ORIENTED_EDGE ( 'NONE', *, *, #8009, .F. ) ;
#35 = PRESENTATION_LAYER_ASSIGNMENT (  '', '', ( #5795 ) ) ;
#36 = EDGE_LOOP ( 'NONE', ( #11365, #9418, #4523, #1990 ) ) ;
#37 = ORIENTED_EDGE ( 'NONE', *, *, #9, .F. ) ;
#38 = PRESENTATION_STYLE_ASSIGNMENT (( #7597 ) ) ;
#39 =( NAMED_UNIT ( * ) PLANE_ANGLE_UNIT ( ) SI_UNIT ( $, .RADIAN. ) );
#40 = FACE_BOUND ( 'NONE', #5689, .T. ) ;
#41 = DIRECTION ( 'NONE',  ( 0.000000000000000000, 1.000000000000000000, -0.000000000000000000 ) ) ;
#42 = VECTOR ( 'NONE', #10896, 1000.000000000000000 ) ;
#43 = FILL_AREA_STYLE_COLOUR ( '', #4875 ) ;
#44 = PRODUCT_DEFINITION_SHAPE ( 'NONE', 'NONE',  #1337 ) ;
#45 =( GEOMETRIC_REPRESENTATION_CONTEXT ( 3 ) GLOBAL_UNCERTAINTY_ASSIGNED_CONTEXT ( ( #6154 ) ) GLOBAL_UNIT_ASSIGNED_CONTEXT ( ( #9669, #5164, #6998 ) ) REPRESENTATION_CONTEXT ( 'NONE', 'WORKASPACE' ) );
#46 = EDGE_CURVE ( 'NONE', #8844, #4063, #5752, .T. ) ;
#47 = ADVANCED_FACE ( 'NONE', ( #9365 ), #5690, .T. ) ;
#48 = EDGE_CURVE ( 'NONE', #5369, #931, #11206, .T. ) ;
#49 = CONTEXT_DEPENDENT_SHAPE_REPRESENTATION ( #391, #11927 ) ;
#50 = EDGE_LOOP ( 'NONE', ( #1605, #10080, #6401, #5567 ) ) ;
#51 = CIRCLE ( 'NONE', #986, 3.100000000000000533 ) ;
#52 = ORIENTED_EDGE ( 'NONE', *, *, #3146, .F. ) ;
#53 = DIRECTION ( 'NONE',  ( 1.068654344540000075E-12, 0.000000000000000000, -1.000000000000000000 ) ) ;
#54 =( GEOMETRIC_REPRESENTATION_CONTEXT ( 3 ) GLOBAL_UNCERTAINTY_ASSIGNED_CONTEXT ( ( #2679 ) ) GLOBAL_UNIT_ASSIGNED_CONTEXT ( ( #11128, #3855, #5601 ) ) REPRESENTATION_CONTEXT ( 'NONE', 'WORKASPACE' ) );
#55 = PRODUCT ( 'COMPOUND020', 'COMPOUND020', '', ( #7235 ) ) ;
#56 = STYLED_ITEM ( 'NONE', ( #7076 ), #499 ) ;
#57 = COLOUR_RGB ( '',0.9137254901960784048, 0.5137254901960783826, 0.1372549019607843257 ) ;
#58 = ORIENTED_EDGE ( 'NONE', *, *, #11381, .F. ) ;
#59 = FACE_OUTER_BOUND ( 'NONE', #8886, .T. ) ;
#60 = FACE_OUTER_BOUND ( 'NONE', #2887, .T. ) ;
#61 =( LENGTH_UNIT ( ) NAMED_UNIT ( * ) SI_UNIT ( .MILLI., .METRE. ) );
#62 = AXIS2_PLACEMENT_3D ( 'NONE', #8748, #464, #9540 ) ;
#63 = DIRECTION ( 'NONE',  ( -0.000000000000000000, -0.000000000000000000, 1.000000000000000000 ) ) ;
#64 = DIRECTION ( 'NONE',  ( -1.586032892321999976E-15, -1.000000000000000000, 0.000000000000000000 ) ) ;
#65 = UNCERTAINTY_MEASURE_WITH_UNIT (LENGTH_MEASURE( 1.000000000000000082E-05 ), #7619, 'distance_accuracy_value', 'NONE');
#66 = PRESENTATION_STYLE_ASSIGNMENT (( #7434 ) ) ;
#67 = PRESENTATION_LAYER_ASSIGNMENT (  '', '', ( #8362 ) ) ;
#68 = AXIS2_PLACEMENT_3D ( 'NONE', #3759, #7466, #5797 ) ;
#69 = STYLED_ITEM ( 'NONE', ( #6633 ), #902 ) ;
#70 =( GEOMETRIC_REPRESENTATION_CONTEXT ( 3 ) GLOBAL_UNCERTAINTY_ASSIGNED_CONTEXT ( ( #9523 ) ) GLOBAL_UNIT_ASSIGNED_CONTEXT ( ( #3312, #7030, #8806 ) ) REPRESENTATION_CONTEXT ( 'NONE', 'WORKASPACE' ) );
#71 = VERTEX_POINT ( 'NONE', #2951 ) ;
#72 = CARTESIAN_POINT ( 'NONE',  ( 3.450000000000000178, -13.15000000000000036, 0.000000000000000000 ) ) ;
#73 = CIRCLE ( 'NONE', #6813, 0.5999999999999998668 ) ;
#74 = ORIENTED_EDGE ( 'NONE', *, *, #2636, .T. ) ;
#75 = CARTESIAN_POINT ( 'NONE',  ( 10.25000000000000000, 2.500000000000000000, 0.8000000000000000444 ) ) ;
#76 = VECTOR ( 'NONE', #11135, 1000.000000000000000 ) ;
#77 = VECTOR ( 'NONE', #3593, 1000.000000000000000 ) ;
#78 = AXIS2_PLACEMENT_3D ( 'NONE', #1174, #6692, #4863 ) ;
#79 = UNCERTAINTY_MEASURE_WITH_UNIT (LENGTH_MEASURE( 1.000000000000000082E-05 ), #9210, 'distance_accuracy_value', 'NONE');
#80 =( LENGTH_UNIT ( ) NAMED_UNIT ( * ) SI_UNIT ( .MILLI., .METRE. ) );
#81 = EDGE_CURVE ( 'NONE', #8325, #9340, #2230, .T. ) ;
#82 = CARTESIAN_POINT ( 'NONE',  ( 6.799999999999999822, 6.799999999999999822, 2.600000000000000533 ) ) ;
#83 = DIRECTION ( 'NONE',  ( 0.000000000000000000, 1.000000000000000000, 0.000000000000000000 ) ) ;
#84 = LINE ( 'NONE', #9335, #2566 ) ;
#85 = CARTESIAN_POINT ( 'NONE',  ( -7.498282525760231465, -0.1604597593420286628, 4.703439405566622433 ) ) ;
#86 = DIRECTION ( 'NONE',  ( -1.000000000000000000, 0.000000000000000000, 0.000000000000000000 ) ) ;
#87 = UNCERTAINTY_MEASURE_WITH_UNIT (LENGTH_MEASURE( 1.000000000000000082E-05 ), #8018, 'distance_accuracy_value', 'NONE');
#88 = FACE_OUTER_BOUND ( 'NONE', #3659, .T. ) ;
#89 = COLOUR_RGB ( '',0.8196078431372548767, 0.8000000000000000444, 0.7529411764705882248 ) ;
#90 = ORIENTED_EDGE ( 'NONE', *, *, #5666, .F. ) ;
#91 = DIRECTION ( 'NONE',  ( -1.000000000000000000, 0.000000000000000000, 0.000000000000000000 ) ) ;
#92 = COLOUR_RGB ( '',0.7019607843137254388, 0.7019607843137254388, 0.7019607843137254388 ) ;
#93 = VECTOR ( 'NONE', #10990, 1000.000000000000000 ) ;
#94 = AXIS2_PLACEMENT_3D ( 'NONE', #1732, #6330, #5413 ) ;
#95 = LINE ( 'NONE', #4778, #7911 ) ;
#96 = CARTESIAN_POINT ( 'NONE',  ( 9.250000000000000000, 2.500000000000000000, 0.8000000000000000444 ) ) ;
#97 = VECTOR ( 'NONE', #2754, 1000.000000000000000 ) ;
#98 = PRESENTATION_LAYER_ASSIGNMENT (  '', '', ( #5850 ) ) ;
#99 = FACE_OUTER_BOUND ( 'NONE', #10679, .T. ) ;
#100 = PLANE ( 'NONE',  #609 ) ;
#101 =( NAMED_UNIT ( * ) SI_UNIT ( $, .STERADIAN. ) SOLID_ANGLE_UNIT ( ) );
#102 =( NAMED_UNIT ( * ) PLANE_ANGLE_UNIT ( ) SI_UNIT ( $, .RADIAN. ) );
#103 = ORIENTED_EDGE ( 'NONE', *, *, #10725, .F. ) ;
#104 = EDGE_LOOP ( 'NONE', ( #6743, #4151, #8423, #5623 ) ) ;
#105 = CARTESIAN_POINT ( 'NONE',  ( 8.949999999999999289, 4.750000000000000000, 1.000000000000000000 ) ) ;
#106 = CARTESIAN_POINT ( 'NONE',  ( 8.618474822569970328, -6.236222926405401878, 11.50351578913341655 ) ) ;
#107 = PRESENTATION_STYLE_ASSIGNMENT (( #5571 ) ) ;
#108 = LINE ( 'NONE', #10425, #1513 ) ;
#109 = DIRECTION ( 'NONE',  ( 1.000000000000000000, 0.000000000000000000, 0.000000000000000000 ) ) ;
#110 = FACE_BOUND ( 'NONE', #2546, .T. ) ;
#111 = CARTESIAN_POINT ( 'NONE',  ( -7.492820323027551410, -7.492820323027548746, 11.69282032302754892 ) ) ;
#112 = CARTESIAN_POINT ( 'NONE',  ( 0.5749999999999999556, 0.000000000000000000, 4.700000000000000178 ) ) ;
#113 = AXIS2_PLACEMENT_3D ( 'NONE', #8144, #8032, #7243 ) ;
#114 = MECHANICAL_DESIGN_GEOMETRIC_PRESENTATION_REPRESENTATION (  '', ( #11105 ), #3954 ) ;
#115 = CARTESIAN_POINT ( 'NONE',  ( 11.09999999999999964, -4.250000000000000000, 7.900000000001998757 ) ) ;
#116 = FACE_OUTER_BOUND ( 'NONE', #1602, .T. ) ;
#117 = DIRECTION ( 'NONE',  ( -0.000000000000000000, -0.000000000000000000, -1.000000000000000000 ) ) ;
#118 = EDGE_LOOP ( 'NONE', ( #11608, #6322 ) ) ;
#119 = VECTOR ( 'NONE', #1803, 1000.000000000000000 ) ;
#120 = ORIENTED_EDGE ( 'NONE', *, *, #10068, .T. ) ;
#121 =( LENGTH_UNIT ( ) NAMED_UNIT ( * ) SI_UNIT ( .MILLI., .METRE. ) );
#122 = ORIENTED_EDGE ( 'NONE', *, *, #11145, .F. ) ;
#123 = CARTESIAN_POINT ( 'NONE',  ( -8.000000000000000000, 6.799999999999999822, 11.00000000000000000 ) ) ;
#124 = CARTESIAN_POINT ( 'NONE',  ( -2.000000000000000000, -8.949999999999999289, 4.400000000000000355 ) ) ;
#125 = EDGE_CURVE ( 'NONE', #580, #8998, #166, .T. ) ;
#126 = DIRECTION ( 'NONE',  ( 0.000000000000000000, 0.000000000000000000, 1.000000000000000000 ) ) ;
#127 = DIRECTION ( 'NONE',  ( -1.000000000000000000, 0.000000000000000000, 0.000000000000000000 ) ) ;
#128 = LINE ( 'NONE', #1173, #4184 ) ;
#129 = SURFACE_STYLE_USAGE ( .BOTH. , #7371 ) ;
#130 = SURFACE_STYLE_USAGE ( .BOTH. , #8407 ) ;
#131 = CLOSED_SHELL ( 'NONE', ( #8609, #8097, #10161, #527 ) ) ;
#132 = CARTESIAN_POINT ( 'NONE',  ( 0.000000000000000000, 0.000000000000000000, 0.000000000000000000 ) ) ;
#133 = EDGE_LOOP ( 'NONE', ( #1034, #11084, #5452, #3073 ) ) ;
#134 = CARTESIAN_POINT ( 'NONE',  ( -4.750000000000000000, 8.000000000000000000, 0.8000000000000000444 ) ) ;
#135 = ORIENTED_EDGE ( 'NONE', *, *, #4929, .F. ) ;
#136 = DIRECTION ( 'NONE',  ( -1.000000000000000000, -0.000000000000000000, 0.000000000000000000 ) ) ;
#137 = AXIS2_PLACEMENT_3D ( 'NONE', #3318, #7032, #8063 ) ;
#138 = CARTESIAN_POINT ( 'NONE',  ( -6.799999999999999822, -6.799999999999999822, 11.00000000000000000 ) ) ;
#139 = CARTESIAN_POINT ( 'NONE',  ( -1.168717112323999908E-19, -10.94999999999999929, 4.200000000000000178 ) ) ;
#140 = EDGE_CURVE ( 'NONE', #3778, #10256, #2415, .T. ) ;
#141 =( LENGTH_UNIT ( ) NAMED_UNIT ( * ) SI_UNIT ( .MILLI., .METRE. ) );
#142 = SURFACE_STYLE_FILL_AREA ( #11000 ) ;
#143 = PRESENTATION_STYLE_ASSIGNMENT (( #8421 ) ) ;
#144 = CARTESIAN_POINT ( 'NONE',  ( 2.500000000000000000, 9.750000000000000000, 0.000000000000000000 ) ) ;
#145 = CARTESIAN_POINT ( 'NONE',  ( 3.000000000000000000, -8.000000000000000000, 0.000000000000000000 ) ) ;
#146 = FILL_AREA_STYLE ('',( #8422 ) ) ;
#147 = VERTEX_POINT ( 'NONE', #8564 ) ;
#148 = DIRECTION ( 'NONE',  ( 0.000000000000000000, 0.000000000000000000, -1.000000000000000000 ) ) ;
#149 = FILL_AREA_STYLE ('',( #5496 ) ) ;
#150 =( NAMED_UNIT ( * ) SI_UNIT ( $, .STERADIAN. ) SOLID_ANGLE_UNIT ( ) );
#151 = DIRECTION ( 'NONE',  ( 1.000000000000000000, 0.000000000000000000, -0.000000000000000000 ) ) ;
#152 = DIRECTION ( 'NONE',  ( 0.000000000000000000, 1.000000000000000000, 0.000000000000000000 ) ) ;
#153 = ADVANCED_FACE ( 'NONE', ( #3823 ), #7653, .T. ) ;
#154 = SURFACE_STYLE_USAGE ( .BOTH. , #1207 ) ;
#155 = SURFACE_SIDE_STYLE ('',( #9293 ) ) ;
#156 = PRESENTATION_STYLE_ASSIGNMENT (( #5794 ) ) ;
#157 = SURFACE_STYLE_FILL_AREA ( #6725 ) ;
#158 = DIRECTION ( 'NONE',  ( -1.000000000000000000, 0.000000000000000000, 0.000000000000000000 ) ) ;
#159 = SURFACE_STYLE_FILL_AREA ( #9356 ) ;
#160 = EDGE_CURVE ( 'NONE', #2195, #11130, #2218, .T. ) ;
#161 = ORIENTED_EDGE ( 'NONE', *, *, #1348, .F. ) ;
#162 = EDGE_CURVE ( 'NONE', #5669, #7532, #2527, .T. ) ;
#163 = ORIENTED_EDGE ( 'NONE', *, *, #9547, .F. ) ;
#164 = VERTEX_POINT ( 'NONE', #1580 ) ;
#165 =( GEOMETRIC_REPRESENTATION_CONTEXT ( 3 ) GLOBAL_UNCERTAINTY_ASSIGNED_CONTEXT ( ( #4294 ) ) GLOBAL_UNIT_ASSIGNED_CONTEXT ( ( #5316, #12, #10037 ) ) REPRESENTATION_CONTEXT ( 'NONE', 'WORKASPACE' ) );
#166 = LINE ( 'NONE', #4793, #9019 ) ;
#167 = CARTESIAN_POINT ( 'NONE',  ( -3.000000000000000000, -8.500000000000000000, 0.7500000000000000000 ) ) ;
#168 = SURFACE_STYLE_FILL_AREA ( #10260 ) ;
#169 = MECHANICAL_DESIGN_GEOMETRIC_PRESENTATION_REPRESENTATION (  '', ( #7098 ), #11550 ) ;
#170 = EDGE_CURVE ( 'NONE', #4210, #9241, #11699, .T. ) ;
#171 = PLANE ( 'NONE',  #1701 ) ;
#172 = DIRECTION ( 'NONE',  ( -0.000000000000000000, -0.000000000000000000, -1.000000000000000000 ) ) ;
#173 = FILL_AREA_STYLE_COLOUR ( '', #1211 ) ;
#174 = FACE_OUTER_BOUND ( 'NONE', #1527, .T. ) ;
#175 = DIRECTION ( 'NONE',  ( 0.000000000000000000, 0.000000000000000000, 1.000000000000000000 ) ) ;
#176 = MECHANICAL_DESIGN_GEOMETRIC_PRESENTATION_REPRESENTATION (  '', ( #373 ), #5356 ) ;
#177 = MECHANICAL_DESIGN_GEOMETRIC_PRESENTATION_REPRESENTATION (  '', ( #3218 ), #4194 ) ;
#178 = AXIS2_PLACEMENT_3D ( 'NONE', #7844, #3202, #9717 ) ;
#179 = ORIENTED_EDGE ( 'NONE', *, *, #1316, .T. ) ;
#180 = ORIENTED_EDGE ( 'NONE', *, *, #667, .F. ) ;
#181 = DIRECTION ( 'NONE',  ( -0.000000000000000000, -0.000000000000000000, 1.000000000000000000 ) ) ;
#182 = ORIENTED_EDGE ( 'NONE', *, *, #10204, .T. ) ;
#183 = SURFACE_STYLE_USAGE ( .BOTH. , #11106 ) ;
#184 =( LENGTH_UNIT ( ) NAMED_UNIT ( * ) SI_UNIT ( .MILLI., .METRE. ) );
#185 = AXIS2_PLACEMENT_3D ( 'NONE', #1649, #6169, #7214 ) ;
#186 = PLANE ( 'NONE',  #6001 ) ;
#187 = MECHANICAL_DESIGN_GEOMETRIC_PRESENTATION_REPRESENTATION (  '', ( #10602 ), #10001 ) ;
#188 =( LENGTH_UNIT ( ) NAMED_UNIT ( * ) SI_UNIT ( .MILLI., .METRE. ) );
#189 =( NAMED_UNIT ( * ) PLANE_ANGLE_UNIT ( ) SI_UNIT ( $, .RADIAN. ) );
#190 = DIRECTION ( 'NONE',  ( -0.000000000000000000, 1.000000000000000000, 0.000000000000000000 ) ) ;
#191 = DIRECTION ( 'NONE',  ( 0.000000000000000000, -0.000000000000000000, -1.000000000000000000 ) ) ;
#192 = UNCERTAINTY_MEASURE_WITH_UNIT (LENGTH_MEASURE( 1.000000000000000082E-05 ), #7652, 'distance_accuracy_value', 'NONE');
#193 = DIRECTION ( 'NONE',  ( 0.000000000000000000, -1.000000000000000000, 0.000000000000000000 ) ) ;
#194 =( BOUNDED_CURVE ( )  B_SPLINE_CURVE ( 3, ( #490, #7977, #2283, #7863 ),
 .UNSPECIFIED., .F., .F. ) 
 B_SPLINE_CURVE_WITH_KNOTS ( ( 4, 4 ),
 ( 0.5000000000000000000, 1.000000000000000000 ),
 .UNSPECIFIED. ) 
 CURVE ( )  GEOMETRIC_REPRESENTATION_ITEM ( )  RATIONAL_B_SPLINE_CURVE ( ( 1.000000000000000000, 0.3333333333333333703, 0.3333333333333333703, 1.000000000000000000 ) ) 
 REPRESENTATION_ITEM ( '' )  );
#195 = EDGE_CURVE ( 'NONE', #1663, #6560, #2034, .T. ) ;
#196 = EDGE_LOOP ( 'NONE', ( #7022, #10939, #8605, #4974 ) ) ;
#197 = CARTESIAN_POINT ( 'NONE',  ( -1.219006202695810615, 7.398219803722735577, 5.000000000000000000 ) ) ;
#198 = ORIENTED_EDGE ( 'NONE', *, *, #7696, .F. ) ;
#199 =( NAMED_UNIT ( * ) SI_UNIT ( $, .STERADIAN. ) SOLID_ANGLE_UNIT ( ) );
#200 =( NAMED_UNIT ( * ) PLANE_ANGLE_UNIT ( ) SI_UNIT ( $, .RADIAN. ) );
#201 = CARTESIAN_POINT ( 'NONE',  ( 0.5000000000000000000, 9.750000000000000000, -3.700000000000000178 ) ) ;
#202 = CARTESIAN_POINT ( 'NONE',  ( 11.09999999999999964, 4.750000000000000000, 0.8000000000000000444 ) ) ;
#203 = SURFACE_STYLE_FILL_AREA ( #1927 ) ;
#204 = ORIENTED_EDGE ( 'NONE', *, *, #11609, .F. ) ;
#205 = EDGE_CURVE ( 'NONE', #10925, #10468, #7267, .T. ) ;
#206 = UNCERTAINTY_MEASURE_WITH_UNIT (LENGTH_MEASURE( 1.000000000000000082E-05 ), #10338, 'distance_accuracy_value', 'NONE');
#207 = SURFACE_STYLE_FILL_AREA ( #4718 ) ;
#208 = LINE ( 'NONE', #11505, #10492 ) ;
#209 = CIRCLE ( 'NONE', #8731, 4.000000000000000000 ) ;
#210 = CARTESIAN_POINT ( 'NONE',  ( -7.493997598078077083, -1.221638358787300664E-15, 5.000000000000000888 ) ) ;
#211 = SURFACE_SIDE_STYLE ('',( #11010 ) ) ;
#212 = FILL_AREA_STYLE_COLOUR ( '', #7952 ) ;
#213 = CARTESIAN_POINT ( 'NONE',  ( 11.09999999999999964, 8.367802761164912188E-16, 4.850000000000000533 ) ) ;
#214 = CARTESIAN_POINT ( 'NONE',  ( 6.799999999999998934, -6.799999999999998934, 11.00000000000000000 ) ) ;
#215 = CARTESIAN_POINT ( 'NONE',  ( 8.000000000000000000, 4.750000000000000000, 3.200000000000000178 ) ) ;
#216 = MECHANICAL_DESIGN_GEOMETRIC_PRESENTATION_REPRESENTATION (  '', ( #10431 ), #777 ) ;
#217 =( GEOMETRIC_REPRESENTATION_CONTEXT ( 3 ) GLOBAL_UNCERTAINTY_ASSIGNED_CONTEXT ( ( #3057 ) ) GLOBAL_UNIT_ASSIGNED_CONTEXT ( ( #11371, #546, #4994 ) ) REPRESENTATION_CONTEXT ( 'NONE', 'WORKASPACE' ) );
#218 = ORIENTED_EDGE ( 'NONE', *, *, #6227, .F. ) ;
#219 = VERTEX_POINT ( 'NONE', #4235 ) ;
#220 = EDGE_LOOP ( 'NONE', ( #6233, #4743, #7240, #10819 ) ) ;
#221 = DIRECTION ( 'NONE',  ( 1.000000000000000000, 0.000000000000000000, 0.000000000000000000 ) ) ;
#222 = DIRECTION ( 'NONE',  ( -1.000000000000000000, -0.000000000000000000, 0.000000000000000000 ) ) ;
#223 = CARTESIAN_POINT ( 'NONE',  ( -0.5749999999999975131, 0.7750000000000029088, 12.13765756135626361 ) ) ;
#224 = LINE ( 'NONE', #7537, #10835 ) ;
#225 = FACE_OUTER_BOUND ( 'NONE', #9666, .T. ) ;
#226 = FILL_AREA_STYLE_COLOUR ( '', #1955 ) ;
#227 = STYLED_ITEM ( 'NONE', ( #5589 ), #11540 ) ;
#228 = EDGE_CURVE ( 'NONE', #1180, #10097, #5324, .T. ) ;
#229 =( NAMED_UNIT ( * ) PLANE_ANGLE_UNIT ( ) SI_UNIT ( $, .RADIAN. ) );
#230 = AXIS2_PLACEMENT_3D ( 'NONE', #5694, #4964, #3877 ) ;
#231 =( LENGTH_UNIT ( ) NAMED_UNIT ( * ) SI_UNIT ( .MILLI., .METRE. ) );
#232 = PLANE ( 'NONE',  #6320 ) ;
#233 = APPLICATION_PROTOCOL_DEFINITION ( 'draft international standard', 'automotive_design', 1998, #3028 ) ;
#234 = EDGE_LOOP ( 'NONE', ( #9664, #4153 ) ) ;
#235 = ORIENTED_EDGE ( 'NONE', *, *, #4316, .T. ) ;
#236 = DIRECTION ( 'NONE',  ( 1.000000000000000000, 0.000000000000000000, -0.000000000000000000 ) ) ;
#237 = VECTOR ( 'NONE', #9563, 1000.000000000000000 ) ;
#238 = ORIENTED_EDGE ( 'NONE', *, *, #1695, .F. ) ;
#239 = DIRECTION ( 'NONE',  ( 0.000000000000000000, 1.000000000000000000, 0.000000000000000000 ) ) ;
#240 = DIRECTION ( 'NONE',  ( -1.586032892321999976E-15, 1.000000000000000000, 0.000000000000000000 ) ) ;
#241 = DIRECTION ( 'NONE',  ( -1.000000000000000000, 0.000000000000000000, 0.000000000000000000 ) ) ;
#242 = COLOUR_RGB ( '',0.9137254901960784048, 0.5137254901960783826, 0.1372549019607843257 ) ;
#243 =( LENGTH_UNIT ( ) NAMED_UNIT ( * ) SI_UNIT ( .MILLI., .METRE. ) );
#244 = LINE ( 'NONE', #3897, #6236 ) ;
#245 = FILL_AREA_STYLE ('',( #11171 ) ) ;
#246 = CARTESIAN_POINT ( 'NONE',  ( -4.750000000000000000, 11.09999999999999964, 0.8000000000000000444 ) ) ;
#247 = DIRECTION ( 'NONE',  ( 0.000000000000000000, 0.000000000000000000, 1.000000000000000000 ) ) ;
#248 =( NAMED_UNIT ( * ) PLANE_ANGLE_UNIT ( ) SI_UNIT ( $, .RADIAN. ) );
#249 =( GEOMETRIC_REPRESENTATION_CONTEXT ( 3 ) GLOBAL_UNCERTAINTY_ASSIGNED_CONTEXT ( ( #11796 ) ) GLOBAL_UNIT_ASSIGNED_CONTEXT ( ( #10041, #1694, #14 ) ) REPRESENTATION_CONTEXT ( 'NONE', 'WORKASPACE' ) );
#250 = AXIS2_PLACEMENT_3D ( 'NONE', #10569, #9832, #7854 ) ;
#251 = ORIENTED_EDGE ( 'NONE', *, *, #2281, .F. ) ;
#252 = FACE_OUTER_BOUND ( 'NONE', #3484, .T. ) ;
#253 = ORIENTED_EDGE ( 'NONE', *, *, #1547, .T. ) ;
#254 = SURFACE_STYLE_FILL_AREA ( #1134 ) ;
#255 =( LENGTH_UNIT ( ) NAMED_UNIT ( * ) SI_UNIT ( .MILLI., .METRE. ) );
#256 = PRESENTATION_LAYER_ASSIGNMENT (  '', '', ( #5432 ) ) ;
#257 = VECTOR ( 'NONE', #4199, 1000.000000000000000 ) ;
#258 = ADVANCED_BREP_SHAPE_REPRESENTATION ( '', ( #11557, #3260 ), #2491 ) ;
#259 = CYLINDRICAL_SURFACE ( 'NONE', #6901, 0.5000000000000000000 ) ;
#260 =( BOUNDED_SURFACE ( )  B_SPLINE_SURFACE ( 3, 3, ( 
 ( #6869, #10799, #693, #2429 ),
 ( #5931, #2479, #3258, #11647 ),
 ( #4187, #10739, #11708, #5988 ),
 ( #6983, #9659, #11525, #10672 ) ),
 .UNSPECIFIED., .F., .F., .F. ) 
 B_SPLINE_SURFACE_WITH_KNOTS ( ( 4, 4 ),
 ( 4, 4 ),
 ( 0.000000000000000000, 1.000000000000000000 ),
 ( 0.000000000000000000, 1.000000000000000000 ),
 .UNSPECIFIED. ) 
 GEOMETRIC_REPRESENTATION_ITEM ( )  RATIONAL_B_SPLINE_SURFACE ( (
 ( 1.000000000000000000, 0.3333333333333332038, 0.3333333333333332038, 1.000000000000000000),
 ( 0.9245018060306376961, 0.3081672686768791025, 0.3081672686768791025, 0.9245018060306376961),
 ( 0.9245018060306376961, 0.3081672686768791025, 0.3081672686768791025, 0.9245018060306376961),
 ( 1.000000000000000000, 0.3333333333333332038, 0.3333333333333332038, 1.000000000000000000) ) ) 
 REPRESENTATION_ITEM ( '' )  SURFACE ( )  );
#261 = CIRCLE ( 'NONE', #7004, 0.7499999999999997780 ) ;
#262 = EDGE_CURVE ( 'NONE', #4490, #9057, #7210, .T. ) ;
#263 = MECHANICAL_DESIGN_GEOMETRIC_PRESENTATION_REPRESENTATION (  '', ( #6797 ), #5241 ) ;
#264 = CARTESIAN_POINT ( 'NONE',  ( 0.000000000000000000, 9.750000000000000000, -3.700000000000000178 ) ) ;
#265 = SURFACE_SIDE_STYLE ('',( #6652 ) ) ;
#266 = DIRECTION ( 'NONE',  ( 0.000000000000000000, 0.000000000000000000, 1.000000000000000000 ) ) ;
#267 = SURFACE_STYLE_FILL_AREA ( #146 ) ;
#268 = EDGE_LOOP ( 'NONE', ( #2377, #10485, #2662, #4302 ) ) ;
#269 = VECTOR ( 'NONE', #8300, 1000.000000000000000 ) ;
#270 = CIRCLE ( 'NONE', #10098, 3.100000000000000533 ) ;
#271 = PRESENTATION_STYLE_ASSIGNMENT (( #2939 ) ) ;
#272 =( GEOMETRIC_REPRESENTATION_CONTEXT ( 3 ) GLOBAL_UNCERTAINTY_ASSIGNED_CONTEXT ( ( #4996 ) ) GLOBAL_UNIT_ASSIGNED_CONTEXT ( ( #121, #2622, #9128 ) ) REPRESENTATION_CONTEXT ( 'NONE', 'WORKASPACE' ) );
#273 = CIRCLE ( 'NONE', #10871, 3.100000000000000533 ) ;
#274 =( NAMED_UNIT ( * ) PLANE_ANGLE_UNIT ( ) SI_UNIT ( $, .RADIAN. ) );
#275 = SURFACE_STYLE_USAGE ( .BOTH. , #7880 ) ;
#276 = AXIS2_PLACEMENT_3D ( 'NONE', #1204, #4113, #6775 ) ;
#277 = EDGE_CURVE ( 'NONE', #10062, #11130, #2416, .T. ) ;
#278 = FACE_OUTER_BOUND ( 'NONE', #5337, .T. ) ;
#279 = CARTESIAN_POINT ( 'NONE',  ( 4.250000000000000000, 10.59999999999999964, 7.900000000001998757 ) ) ;
#280 = DIRECTION ( 'NONE',  ( -1.000000000000000000, 0.000000000000000000, 3.172065784645000030E-16 ) ) ;
#281 = EDGE_CURVE ( 'NONE', #1940, #6246, #1081, .T. ) ;
#282 = FACE_OUTER_BOUND ( 'NONE', #2484, .T. ) ;
#283 = PRESENTATION_LAYER_ASSIGNMENT (  '', '', ( #10311 ) ) ;
#284 = PRESENTATION_STYLE_ASSIGNMENT (( #11266 ) ) ;
#285 = VECTOR ( 'NONE', #7554, 1000.000000000000000 ) ;
#286 = DIRECTION ( 'NONE',  ( 1.000000000000000000, -2.337311630789999835E-15, 0.000000000000000000 ) ) ;
#287 = VERTEX_POINT ( 'NONE', #7391 ) ;
#288 = ORIENTED_EDGE ( 'NONE', *, *, #3974, .T. ) ;
#289 = CARTESIAN_POINT ( 'NONE',  ( 3.000000000000000000, -13.94999999999999929, 0.7500000000000000000 ) ) ;
#290 = CARTESIAN_POINT ( 'NONE',  ( 11.09999999999999964, -3.007906248538999794, 7.900000000000999556 ) ) ;
#291 =( NAMED_UNIT ( * ) SI_UNIT ( $, .STERADIAN. ) SOLID_ANGLE_UNIT ( ) );
#292 = DIRECTION ( 'NONE',  ( -1.000000000000000000, 0.000000000000000000, 0.000000000000000000 ) ) ;
#293 = CARTESIAN_POINT ( 'NONE',  ( 8.950000000000001066, -5.599999999999999645, 3.200000000000000178 ) ) ;
#294 =( NAMED_UNIT ( * ) SI_UNIT ( $, .STERADIAN. ) SOLID_ANGLE_UNIT ( ) );
#295 = CARTESIAN_POINT ( 'NONE',  ( 4.750000000000000000, 11.09999999999999964, 2.899999999999999911 ) ) ;
#296 =( LENGTH_UNIT ( ) NAMED_UNIT ( * ) SI_UNIT ( .MILLI., .METRE. ) );
#297 = AXIS2_PLACEMENT_3D ( 'NONE', #6766, #379, #8535 ) ;
#298 = SHAPE_DEFINITION_REPRESENTATION ( #2699, #8444 ) ;
#299 = ORIENTED_EDGE ( 'NONE', *, *, #9809, .T. ) ;
#300 = ORIENTED_EDGE ( 'NONE', *, *, #3171, .T. ) ;
#301 = CARTESIAN_POINT ( 'NONE',  ( -3.450000000000000622, -14.40000000000000036, 0.000000000000000000 ) ) ;
#302 = ORIENTED_EDGE ( 'NONE', *, *, #9325, .T. ) ;
#303 = VECTOR ( 'NONE', #8825, 1000.000000000000000 ) ;
#304 = DIRECTION ( 'NONE',  ( 0.000000000000000000, -0.000000000000000000, 1.000000000000000000 ) ) ;
#305 = PRESENTATION_LAYER_ASSIGNMENT (  '', '', ( #3944 ) ) ;
#306 = DIRECTION ( 'NONE',  ( -1.000000000000000000, 0.000000000000000000, 0.000000000000000000 ) ) ;
#307 = UNCERTAINTY_MEASURE_WITH_UNIT (LENGTH_MEASURE( 1.000000000000000082E-05 ), #5712, 'distance_accuracy_value', 'NONE');
#308 =( NAMED_UNIT ( * ) SI_UNIT ( $, .STERADIAN. ) SOLID_ANGLE_UNIT ( ) );
#309 = COLOUR_RGB ( '',0.9137254901960784048, 0.5137254901960783826, 0.1372549019607843257 ) ;
#310 = AXIS2_PLACEMENT_3D ( 'NONE', #1430, #6933, #10623 ) ;
#311 = EDGE_CURVE ( 'NONE', #8660, #3052, #10047, .T. ) ;
#312 = ORIENTED_EDGE ( 'NONE', *, *, #4680, .F. ) ;
#313 = CARTESIAN_POINT ( 'NONE',  ( 1.944386486891881427, 7.241554890565730318, 5.000000000000000000 ) ) ;
#314 = ORIENTED_EDGE ( 'NONE', *, *, #7755, .T. ) ;
#315 = EDGE_CURVE ( 'NONE', #2765, #10912, #1930, .T. ) ;
#316 = PLANE ( 'NONE',  #11816 ) ;
#317 = MECHANICAL_DESIGN_GEOMETRIC_PRESENTATION_REPRESENTATION (  '', ( #7647 ), #2589 ) ;
#318 = SURFACE_STYLE_FILL_AREA ( #1446 ) ;
#319 = SURFACE_STYLE_FILL_AREA ( #8599 ) ;
#320 = CARTESIAN_POINT ( 'NONE',  ( -4.750000000000000000, 8.000000000000000000, 0.000000000000000000 ) ) ;
#321 = DIRECTION ( 'NONE',  ( -1.000000000000000000, 0.000000000000000000, -0.000000000000000000 ) ) ;
#322 = CIRCLE ( 'NONE', #5313, 4.000000000000000000 ) ;
#323 = SURFACE_SIDE_STYLE ('',( #10589 ) ) ;
#324 = CARTESIAN_POINT ( 'NONE',  ( -0.3499999999999999778, -8.949999999999999289, 2.600000000000000533 ) ) ;
#325 = UNCERTAINTY_MEASURE_WITH_UNIT (LENGTH_MEASURE( 1.000000000000000082E-05 ), #4783, 'distance_accuracy_value', 'NONE');
#326 = VERTEX_POINT ( 'NONE', #5434 ) ;
#327 =( NAMED_UNIT ( * ) PLANE_ANGLE_UNIT ( ) SI_UNIT ( $, .RADIAN. ) );
#328 = PRODUCT_DEFINITION_FORMATION_WITH_SPECIFIED_SOURCE ( 'ANY', '', #10840, .NOT_KNOWN. ) ;
#329 = CARTESIAN_POINT ( 'NONE',  ( -8.000000000000000000, -6.799999999999999822, 2.600000000000000533 ) ) ;
#330 = MECHANICAL_DESIGN_GEOMETRIC_PRESENTATION_REPRESENTATION (  '', ( #6880 ), #8036 ) ;
#331 = PRODUCT_DEFINITION ( 'UNKNOWN', '', #698, #10942 ) ;
#332 = UNCERTAINTY_MEASURE_WITH_UNIT (LENGTH_MEASURE( 1.000000000000000082E-05 ), #337, 'distance_accuracy_value', 'NONE');
#333 = DIRECTION ( 'NONE',  ( -1.000000000000000000, 0.000000000000000000, 0.000000000000000000 ) ) ;
#334 = PRESENTATION_STYLE_ASSIGNMENT (( #4051 ) ) ;
#335 = VECTOR ( 'NONE', #4725, 1000.000000000000000 ) ;
#336 = CARTESIAN_POINT ( 'NONE',  ( 3.000000000000000000, -13.94999999999999929, 0.7500000000000000000 ) ) ;
#337 =( LENGTH_UNIT ( ) NAMED_UNIT ( * ) SI_UNIT ( .MILLI., .METRE. ) );
#338 = CARTESIAN_POINT ( 'NONE',  ( 1.649999999999999911, -7.650000000000001243, 5.700000000000000178 ) ) ;
#339 = CARTESIAN_POINT ( 'NONE',  ( 8.474999999999999645, -4.750000000000000000, 1.000000000000000000 ) ) ;
#340 = FILL_AREA_STYLE_COLOUR ( '', #9315 ) ;
#341 = CARTESIAN_POINT ( 'NONE',  ( -8.803209579783269234, -7.089138674579810839, 9.897904729783565614 ) ) ;
#342 = CIRCLE ( 'NONE', #7077, 2.500000000000000444 ) ;
#343 =( NAMED_UNIT ( * ) PLANE_ANGLE_UNIT ( ) SI_UNIT ( $, .RADIAN. ) );
#344 =( NAMED_UNIT ( * ) PLANE_ANGLE_UNIT ( ) SI_UNIT ( $, .RADIAN. ) );
#345 = STYLED_ITEM ( 'NONE', ( #7710 ), #4894 ) ;
#346 = VERTEX_POINT ( 'NONE', #11253 ) ;
#347 = EDGE_CURVE ( 'NONE', #4607, #5802, #4538, .T. ) ;
#348 = ORIENTED_EDGE ( 'NONE', *, *, #9997, .T. ) ;
#349 =( LENGTH_UNIT ( ) NAMED_UNIT ( * ) SI_UNIT ( .MILLI., .METRE. ) );
#350 = FILL_AREA_STYLE ('',( #2059 ) ) ;
#351 = CARTESIAN_POINT ( 'NONE',  ( -8.699999999999999289, 3.450000000000000178, 0.000000000000000000 ) ) ;
#352 = STYLED_ITEM ( 'NONE', ( #7245 ), #6350 ) ;
#353 = VECTOR ( 'NONE', #483, 1000.000000000000000 ) ;
#354 =( NAMED_UNIT ( * ) SI_UNIT ( $, .STERADIAN. ) SOLID_ANGLE_UNIT ( ) );
#355 =( NAMED_UNIT ( * ) PLANE_ANGLE_UNIT ( ) SI_UNIT ( $, .RADIAN. ) );
#356 =( NAMED_UNIT ( * ) SI_UNIT ( $, .STERADIAN. ) SOLID_ANGLE_UNIT ( ) );
#357 = CONTEXT_DEPENDENT_SHAPE_REPRESENTATION ( #9205, #1178 ) ;
#358 = ORIENTED_EDGE ( 'NONE', *, *, #7582, .F. ) ;
#359 = ORIENTED_EDGE ( 'NONE', *, *, #4273, .F. ) ;
#360 = AXIS2_PLACEMENT_3D ( 'NONE', #762, #4567, #11906 ) ;
#361 = ADVANCED_FACE ( 'NONE', ( #912 ), #1873, .T. ) ;
#362 = PLANE ( 'NONE',  #932 ) ;
#363 = CARTESIAN_POINT ( 'NONE',  ( 0.1416666666666508978, -0.9249999999999961586, 12.14680105496454310 ) ) ;
#364 = FILL_AREA_STYLE ('',( #6812 ) ) ;
#365 = CARTESIAN_POINT ( 'NONE',  ( 8.949999999999999289, -4.750000000000000000, 3.200000000000000178 ) ) ;
#366 = CARTESIAN_POINT ( 'NONE',  ( 5.599999999999999645, 8.949999999999999289, 0.000000000000000000 ) ) ;
#367 = PRESENTATION_LAYER_ASSIGNMENT (  '', '', ( #11150 ) ) ;
#368 = AXIS2_PLACEMENT_3D ( 'NONE', #6226, #9923, #901 ) ;
#369 = FILL_AREA_STYLE ('',( #10574 ) ) ;
#370 = CARTESIAN_POINT ( 'NONE',  ( 0.000000000000000000, 0.000000000000000000, 0.000000000000000000 ) ) ;
#371 = ORIENTED_EDGE ( 'NONE', *, *, #8428, .F. ) ;
#372 = CARTESIAN_POINT ( 'NONE',  ( -0.9766798081368851525, 7.434164260919214229, 5.000000000000000000 ) ) ;
#373 = STYLED_ITEM ( 'NONE', ( #3783 ), #9129 ) ;
#374 = ORIENTED_EDGE ( 'NONE', *, *, #918, .F. ) ;
#375 = CYLINDRICAL_SURFACE ( 'NONE', #2395, 0.5000000000000000000 ) ;
#376 = CYLINDRICAL_SURFACE ( 'NONE', #7541, 0.5000000000000000000 ) ;
#377 = CARTESIAN_POINT ( 'NONE',  ( 10.59999999999999964, 5.551115123125999639E-16, 7.150000000000000355 ) ) ;
#378 = SURFACE_STYLE_USAGE ( .BOTH. , #2457 ) ;
#379 = DIRECTION ( 'NONE',  ( 0.000000000000000000, 0.000000000000000000, 1.000000000000000000 ) ) ;
#380 = CARTESIAN_POINT ( 'NONE',  ( 11.09999999999999964, -4.250000000000000000, 2.899999999999999911 ) ) ;
#381 = DIRECTION ( 'NONE',  ( 1.000000000000000000, 0.000000000000000000, 0.000000000000000000 ) ) ;
#382 = EDGE_CURVE ( 'NONE', #8497, #3847, #5607, .T. ) ;
#383 = SURFACE_STYLE_USAGE ( .BOTH. , #3051 ) ;
#384 = APPLICATION_CONTEXT ( 'automotive_design' ) ;
#385 =( GEOMETRIC_REPRESENTATION_CONTEXT ( 3 ) GLOBAL_UNCERTAINTY_ASSIGNED_CONTEXT ( ( #5137 ) ) GLOBAL_UNIT_ASSIGNED_CONTEXT ( ( #6294, #2532, #1702 ) ) REPRESENTATION_CONTEXT ( 'NONE', 'WORKASPACE' ) );
#386 = EDGE_LOOP ( 'NONE', ( #10402, #6612, #4332, #5788 ) ) ;
#387 = ADVANCED_FACE ( 'NONE', ( #8298 ), #1087, .F. ) ;
#388 = VECTOR ( 'NONE', #5854, 1000.000000000000000 ) ;
#389 = ORIENTED_EDGE ( 'NONE', *, *, #7355, .T. ) ;
#390 = SURFACE_SIDE_STYLE ('',( #11379 ) ) ;
#391 =( REPRESENTATION_RELATIONSHIP ('NONE','NONE', #2998, #3940 ) REPRESENTATION_RELATIONSHIP_WITH_TRANSFORMATION ( #9254 )SHAPE_REPRESENTATION_RELATIONSHIP( ) );
#392 = CARTESIAN_POINT ( 'NONE',  ( -6.799999999999999822, 6.799999999999999822, 11.00000000000000000 ) ) ;
#393 = SURFACE_STYLE_FILL_AREA ( #8802 ) ;
#394 = CARTESIAN_POINT ( 'NONE',  ( 8.949999999999999289, 4.750000000000000000, 3.200000000000000178 ) ) ;
#395 =( LENGTH_UNIT ( ) NAMED_UNIT ( * ) SI_UNIT ( .MILLI., .METRE. ) );
#396 = PRESENTATION_STYLE_ASSIGNMENT (( #7760 ) ) ;
#397 =( NAMED_UNIT ( * ) PLANE_ANGLE_UNIT ( ) SI_UNIT ( $, .RADIAN. ) );
#398 = DIRECTION ( 'NONE',  ( 1.000000000000000000, 0.000000000000000000, -0.000000000000000000 ) ) ;
#399 =( NAMED_UNIT ( * ) SI_UNIT ( $, .STERADIAN. ) SOLID_ANGLE_UNIT ( ) );
#400 = ADVANCED_FACE ( 'NONE', ( #5908 ), #1141, .F. ) ;
#401 = EDGE_LOOP ( 'NONE', ( #4609, #5226, #5720, #2032 ) ) ;
#402 = ORIENTED_EDGE ( 'NONE', *, *, #11585, .T. ) ;
#403 = VECTOR ( 'NONE', #2238, 1000.000000000000000 ) ;
#404 = LINE ( 'NONE', #290, #10289 ) ;
#405 = CYLINDRICAL_SURFACE ( 'NONE', #5367, 0.5000000000000000000 ) ;
#406 = SURFACE_SIDE_STYLE ('',( #2009 ) ) ;
#407 = LINE ( 'NONE', #8633, #7056 ) ;
#408 = DIRECTION ( 'NONE',  ( 0.000000000000000000, 0.000000000000000000, -1.000000000000000000 ) ) ;
#409 = FILL_AREA_STYLE ('',( #226 ) ) ;
#410 = EDGE_CURVE ( 'NONE', #6324, #10985, #11318, .T. ) ;
#411 =( NAMED_UNIT ( * ) PLANE_ANGLE_UNIT ( ) SI_UNIT ( $, .RADIAN. ) );
#412 = EDGE_CURVE ( 'NONE', #8342, #3069, #342, .T. ) ;
#413 = VECTOR ( 'NONE', #7660, 1000.000000000000000 ) ;
#414 = MECHANICAL_DESIGN_GEOMETRIC_PRESENTATION_REPRESENTATION (  '', ( #11401 ), #5005 ) ;
#415 = SURFACE_STYLE_USAGE ( .BOTH. , #2310 ) ;
#416 = CONTEXT_DEPENDENT_SHAPE_REPRESENTATION ( #11269, #11345 ) ;
#417 = VERTEX_POINT ( 'NONE', #11501 ) ;
#418 = ORIENTED_EDGE ( 'NONE', *, *, #4150, .F. ) ;
#419 = CARTESIAN_POINT ( 'NONE',  ( 4.750000000000000000, 8.000000000000000000, 2.600000000000000533 ) ) ;
#420 = ORIENTED_EDGE ( 'NONE', *, *, #9619, .F. ) ;
#421 = CARTESIAN_POINT ( 'NONE',  ( -2.500000000000000000, 9.750000000000000000, 0.8000000000000000444 ) ) ;
#422 = CARTESIAN_POINT ( 'NONE',  ( -2.500000000000000000, 9.750000000000000000, 0.8000000000000000444 ) ) ;
#423 = COLOUR_RGB ( '',0.7019607843137254388, 0.7019607843137254388, 0.7019607843137254388 ) ;
#424 = FACE_OUTER_BOUND ( 'NONE', #3822, .T. ) ;
#425 = EDGE_CURVE ( 'NONE', #11515, #6047, #6657, .T. ) ;
#426 = EDGE_CURVE ( 'NONE', #4135, #7559, #6713, .T. ) ;
#427 = ADVANCED_FACE ( 'NONE', ( #4885 ), #1385, .T. ) ;
#428 = UNCERTAINTY_MEASURE_WITH_UNIT (LENGTH_MEASURE( 1.000000000000000082E-05 ), #11446, 'distance_accuracy_value', 'NONE');
#429 = DIRECTION ( 'NONE',  ( -1.000000000000000000, 0.000000000000000000, 0.000000000000000000 ) ) ;
#430 =( NAMED_UNIT ( * ) SI_UNIT ( $, .STERADIAN. ) SOLID_ANGLE_UNIT ( ) );
#431 = CARTESIAN_POINT ( 'NONE',  ( 0.000000000000000000, 0.000000000000000000, 0.000000000000000000 ) ) ;
#432 = PRESENTATION_LAYER_ASSIGNMENT (  '', '', ( #2884 ) ) ;
#433 = VERTEX_POINT ( 'NONE', #4349 ) ;
#434 = CARTESIAN_POINT ( 'NONE',  ( -7.396306791339426923, 1.230894182679816096, 4.999999999999999112 ) ) ;
#435 = EDGE_LOOP ( 'NONE', ( #3540, #898, #8485, #8592 ) ) ;
#436 = DIRECTION ( 'NONE',  ( 0.000000000000000000, 1.000000000000000000, 0.000000000000000000 ) ) ;
#437 = SURFACE_STYLE_FILL_AREA ( #2215 ) ;
#438 = DIRECTION ( 'NONE',  ( -0.000000000000000000, -1.000000000000000000, -0.000000000000000000 ) ) ;
#439 = DIRECTION ( 'NONE',  ( 0.000000000000000000, 0.000000000000000000, -1.000000000000000000 ) ) ;
#440 = UNCERTAINTY_MEASURE_WITH_UNIT (LENGTH_MEASURE( 1.000000000000000082E-05 ), #4003, 'distance_accuracy_value', 'NONE');
#441 =( GEOMETRIC_REPRESENTATION_CONTEXT ( 3 ) GLOBAL_UNCERTAINTY_ASSIGNED_CONTEXT ( ( #11445 ) ) GLOBAL_UNIT_ASSIGNED_CONTEXT ( ( #5603, #3983, #7694 ) ) REPRESENTATION_CONTEXT ( 'NONE', 'WORKASPACE' ) );
#442 = VECTOR ( 'NONE', #1494, 1000.000000000000000 ) ;
#443 = ORIENTED_EDGE ( 'NONE', *, *, #1571, .F. ) ;
#444 = COLOUR_RGB ( '',0.7019607843137254388, 0.7019607843137254388, 0.7019607843137254388 ) ;
#445 =( GEOMETRIC_REPRESENTATION_CONTEXT ( 3 ) GLOBAL_UNCERTAINTY_ASSIGNED_CONTEXT ( ( #11687 ) ) GLOBAL_UNIT_ASSIGNED_CONTEXT ( ( #4549, #5330, #10906 ) ) REPRESENTATION_CONTEXT ( 'NONE', 'WORKASPACE' ) );
#446 = PRESENTATION_LAYER_ASSIGNMENT (  '', '', ( #10857 ) ) ;
#447 = STYLED_ITEM ( 'NONE', ( #10670 ), #9973 ) ;
#448 = UNCERTAINTY_MEASURE_WITH_UNIT (LENGTH_MEASURE( 1.000000000000000082E-05 ), #6444, 'distance_accuracy_value', 'NONE');
#449 = SURFACE_SIDE_STYLE ('',( #11439 ) ) ;
#450 = CARTESIAN_POINT ( 'NONE',  ( 9.250000000000000000, 0.000000000000000000, -3.700000000000000178 ) ) ;
#451 = PRESENTATION_STYLE_ASSIGNMENT (( #10476 ) ) ;
#452 =( NAMED_UNIT ( * ) PLANE_ANGLE_UNIT ( ) SI_UNIT ( $, .RADIAN. ) );
#453 = PRESENTATION_STYLE_ASSIGNMENT (( #3310 ) ) ;
#454 = CARTESIAN_POINT ( 'NONE',  ( 4.750000000000000000, 8.000000000000000000, 0.000000000000000000 ) ) ;
#455 = UNCERTAINTY_MEASURE_WITH_UNIT (LENGTH_MEASURE( 1.000000000000000082E-05 ), #2625, 'distance_accuracy_value', 'NONE');
#456 = CARTESIAN_POINT ( 'NONE',  ( 8.000000000000000000, 5.599999999999999645, 3.200000000000000178 ) ) ;
#457 = STYLED_ITEM ( 'NONE', ( #10614 ), #2100 ) ;
#458 = FILL_AREA_STYLE ('',( #10547 ) ) ;
#459 =( GEOMETRIC_REPRESENTATION_CONTEXT ( 3 ) GLOBAL_UNCERTAINTY_ASSIGNED_CONTEXT ( ( #4278 ) ) GLOBAL_UNIT_ASSIGNED_CONTEXT ( ( #11108, #9318, #2024 ) ) REPRESENTATION_CONTEXT ( 'NONE', 'WORKASPACE' ) );
#460 =( GEOMETRIC_REPRESENTATION_CONTEXT ( 3 ) GLOBAL_UNCERTAINTY_ASSIGNED_CONTEXT ( ( #11188 ) ) GLOBAL_UNIT_ASSIGNED_CONTEXT ( ( #593, #10818, #7066 ) ) REPRESENTATION_CONTEXT ( 'NONE', 'WORKASPACE' ) );
#461 = MECHANICAL_DESIGN_GEOMETRIC_PRESENTATION_REPRESENTATION (  '', ( #4104 ), #5251 ) ;
#462 = ORIENTED_EDGE ( 'NONE', *, *, #3574, .T. ) ;
#463 = ORIENTED_EDGE ( 'NONE', *, *, #5546, .T. ) ;
#464 = DIRECTION ( 'NONE',  ( 0.000000000000000000, 0.000000000000000000, 1.000000000000000000 ) ) ;
#465 =( NAMED_UNIT ( * ) PLANE_ANGLE_UNIT ( ) SI_UNIT ( $, .RADIAN. ) );
#466 = STYLED_ITEM ( 'NONE', ( #4205 ), #3602 ) ;
#467 = SURFACE_SIDE_STYLE ('',( #7773 ) ) ;
#468 = AXIS2_PLACEMENT_3D ( 'NONE', #8650, #4089, #2204 ) ;
#469 = CARTESIAN_POINT ( 'NONE',  ( 1.749999999999999556, -10.94999999999999929, 5.658578643762691485 ) ) ;
#470 = ITEM_DEFINED_TRANSFORMATION ( 'NONE', 'NONE', #5212,  #3260 ) ;
#471 =( GEOMETRIC_REPRESENTATION_CONTEXT ( 3 ) GLOBAL_UNCERTAINTY_ASSIGNED_CONTEXT ( ( #11939 ) ) GLOBAL_UNIT_ASSIGNED_CONTEXT ( ( #8332, #5584, #3894 ) ) REPRESENTATION_CONTEXT ( 'NONE', 'WORKASPACE' ) );
#472 = ORIENTED_EDGE ( 'NONE', *, *, #2452, .T. ) ;
#473 = VERTEX_POINT ( 'NONE', #11686 ) ;
#474 = PRODUCT_DEFINITION ( 'UNKNOWN', '', #8034, #9031 ) ;
#475 = ORIENTED_EDGE ( 'NONE', *, *, #8590, .T. ) ;
#476 =( NAMED_UNIT ( * ) PLANE_ANGLE_UNIT ( ) SI_UNIT ( $, .RADIAN. ) );
#477 =( NAMED_UNIT ( * ) SI_UNIT ( $, .STERADIAN. ) SOLID_ANGLE_UNIT ( ) );
#478 = DIRECTION ( 'NONE',  ( 0.000000000000000000, 0.000000000000000000, -1.000000000000000000 ) ) ;
#479 =( NAMED_UNIT ( * ) PLANE_ANGLE_UNIT ( ) SI_UNIT ( $, .RADIAN. ) );
#480 = VECTOR ( 'NONE', #2243, 1000.000000000000000 ) ;
#481 = PRESENTATION_LAYER_ASSIGNMENT (  '', '', ( #2748 ) ) ;
#482 = CARTESIAN_POINT ( 'NONE',  ( 4.750000000000000000, 8.000000000000000000, 0.000000000000000000 ) ) ;
#483 = DIRECTION ( 'NONE',  ( -0.000000000000000000, 0.000000000000000000, 1.000000000000000000 ) ) ;
#484 =( GEOMETRIC_REPRESENTATION_CONTEXT ( 3 ) GLOBAL_UNCERTAINTY_ASSIGNED_CONTEXT ( ( #5235 ) ) GLOBAL_UNIT_ASSIGNED_CONTEXT ( ( #638, #2480, #9051 ) ) REPRESENTATION_CONTEXT ( 'NONE', 'WORKASPACE' ) );
#485 = ORIENTED_EDGE ( 'NONE', *, *, #2162, .F. ) ;
#486 = ADVANCED_FACE ( 'NONE', ( #11619 ), #7927, .T. ) ;
#487 =( GEOMETRIC_REPRESENTATION_CONTEXT ( 3 ) GLOBAL_UNCERTAINTY_ASSIGNED_CONTEXT ( ( #7693 ) ) GLOBAL_UNIT_ASSIGNED_CONTEXT ( ( #8900, #7010, #2398 ) ) REPRESENTATION_CONTEXT ( 'NONE', 'WORKASPACE' ) );
#488 = ORIENTED_EDGE ( 'NONE', *, *, #9515, .F. ) ;
#489 = AXIS2_PLACEMENT_3D ( 'NONE', #7910, #11595, #4022 ) ;
#490 = CARTESIAN_POINT ( 'NONE',  ( 1.649999999999999911, -10.94999999999999929, 5.700000000000000178 ) ) ;
#491 = SURFACE_STYLE_USAGE ( .BOTH. , #7805 ) ;
#492 = SURFACE_STYLE_FILL_AREA ( #8786 ) ;
#493 = DIRECTION ( 'NONE',  ( -1.000000000000000000, -0.000000000000000000, -0.000000000000000000 ) ) ;
#494 = FILL_AREA_STYLE_COLOUR ( '', #3669 ) ;
#495 = PRESENTATION_STYLE_ASSIGNMENT (( #5845 ) ) ;
#496 = DIRECTION ( 'NONE',  ( -0.000000000000000000, 0.000000000000000000, -1.000000000000000000 ) ) ;
#497 = DIRECTION ( 'NONE',  ( 0.000000000000000000, 0.000000000000000000, 1.000000000000000000 ) ) ;
#498 = VERTEX_POINT ( 'NONE', #6097 ) ;
#499 = ADVANCED_FACE ( 'NONE', ( #1632 ), #724, .T. ) ;
#500 = FACE_OUTER_BOUND ( 'NONE', #2799, .T. ) ;
#501 =( NAMED_UNIT ( * ) SI_UNIT ( $, .STERADIAN. ) SOLID_ANGLE_UNIT ( ) );
#502 = DIRECTION ( 'NONE',  ( 0.000000000000000000, -1.000000000000000000, 0.000000000000000000 ) ) ;
#503 = DIRECTION ( 'NONE',  ( 0.000000000000000000, 0.000000000000000000, -1.000000000000000000 ) ) ;
#504 = PRESENTATION_STYLE_ASSIGNMENT (( #10604 ) ) ;
#505 = PRESENTATION_STYLE_ASSIGNMENT (( #3128 ) ) ;
#506 = CARTESIAN_POINT ( 'NONE',  ( 6.799999999999999822, 8.000000000000000000, 11.00000000000000000 ) ) ;
#507 = COLOUR_RGB ( '',0.9137254901960784048, 0.5137254901960783826, 0.1372549019607843257 ) ;
#508 = VERTEX_POINT ( 'NONE', #8101 ) ;
#509 = PRESENTATION_LAYER_ASSIGNMENT (  '', '', ( #7661 ) ) ;
#510 = EDGE_CURVE ( 'NONE', #1427, #2006, #8047, .T. ) ;
#511 =( NAMED_UNIT ( * ) PLANE_ANGLE_UNIT ( ) SI_UNIT ( $, .RADIAN. ) );
#512 = SURFACE_STYLE_FILL_AREA ( #11701 ) ;
#513 =( GEOMETRIC_REPRESENTATION_CONTEXT ( 3 ) GLOBAL_UNCERTAINTY_ASSIGNED_CONTEXT ( ( #9282 ) ) GLOBAL_UNIT_ASSIGNED_CONTEXT ( ( #6591, #8241, #11943 ) ) REPRESENTATION_CONTEXT ( 'NONE', 'WORKASPACE' ) );
#514 = CARTESIAN_POINT ( 'NONE',  ( -8.000000000000000000, 6.799999999999999822, 2.600000000000000533 ) ) ;
#515 = LINE ( 'NONE', #3077, #7047 ) ;
#516 = DIRECTION ( 'NONE',  ( 0.000000000000000000, 0.000000000000000000, -1.000000000000000000 ) ) ;
#517 =( LENGTH_UNIT ( ) NAMED_UNIT ( * ) SI_UNIT ( .MILLI., .METRE. ) );
#518 =( NAMED_UNIT ( * ) SI_UNIT ( $, .STERADIAN. ) SOLID_ANGLE_UNIT ( ) );
#519 = CYLINDRICAL_SURFACE ( 'NONE', #3555, 1.199999999999999734 ) ;
#520 = ADVANCED_FACE ( 'NONE', ( #6277 ), #8859, .T. ) ;
#521 = VECTOR ( 'NONE', #3494, 1000.000000000000000 ) ;
#522 = FILL_AREA_STYLE_COLOUR ( '', #11725 ) ;
#523 = EDGE_CURVE ( 'NONE', #4182, #9276, #5657, .T. ) ;
#524 = ORIENTED_EDGE ( 'NONE', *, *, #4319, .F. ) ;
#525 = ORIENTED_EDGE ( 'NONE', *, *, #11427, .T. ) ;
#526 = EDGE_LOOP ( 'NONE', ( #810, #4557 ) ) ;
#527 = ADVANCED_FACE ( 'NONE', ( #4635 ), #1977, .F. ) ;
#528 = EDGE_LOOP ( 'NONE', ( #571, #11827, #6274, #2437 ) ) ;
#529 = CARTESIAN_POINT ( 'NONE',  ( 4.700000000000001066, -8.949999999999999289, 0.000000000000000000 ) ) ;
#530 = MECHANICAL_DESIGN_GEOMETRIC_PRESENTATION_REPRESENTATION (  '', ( #7088 ), #10776 ) ;
#531 = PLANE ( 'NONE',  #3470 ) ;
#532 = SURFACE_STYLE_FILL_AREA ( #2321 ) ;
#533 =( NAMED_UNIT ( * ) PLANE_ANGLE_UNIT ( ) SI_UNIT ( $, .RADIAN. ) );
#534 = FACE_OUTER_BOUND ( 'NONE', #641, .T. ) ;
#535 = UNCERTAINTY_MEASURE_WITH_UNIT (LENGTH_MEASURE( 1.000000000000000082E-05 ), #6343, 'distance_accuracy_value', 'NONE');
#536 = STYLED_ITEM ( 'NONE', ( #5521 ), #5538 ) ;
#537 = ORIENTED_EDGE ( 'NONE', *, *, #1285, .T. ) ;
#538 = DIRECTION ( 'NONE',  ( 0.000000000000000000, 0.000000000000000000, 1.000000000000000000 ) ) ;
#539 = EDGE_CURVE ( 'NONE', #9449, #4210, #2638, .T. ) ;
#540 = EDGE_LOOP ( 'NONE', ( #7049, #642, #7849, #4745 ) ) ;
#541 = SURFACE_STYLE_USAGE ( .BOTH. , #5115 ) ;
#542 = AXIS2_PLACEMENT_3D ( 'NONE', #6019, #3232, #10586 ) ;
#543 = COLOUR_RGB ( '',0.9137254901960784048, 0.5137254901960783826, 0.1372549019607843257 ) ;
#544 = PRESENTATION_STYLE_ASSIGNMENT (( #5843 ) ) ;
#545 = SURFACE_STYLE_FILL_AREA ( #1377 ) ;
#546 =( NAMED_UNIT ( * ) PLANE_ANGLE_UNIT ( ) SI_UNIT ( $, .RADIAN. ) );
#547 = SURFACE_STYLE_FILL_AREA ( #7129 ) ;
#548 = FACE_OUTER_BOUND ( 'NONE', #386, .T. ) ;
#549 =( LENGTH_UNIT ( ) NAMED_UNIT ( * ) SI_UNIT ( .MILLI., .METRE. ) );
#550 = UNCERTAINTY_MEASURE_WITH_UNIT (LENGTH_MEASURE( 1.000000000000000082E-05 ), #3286, 'distance_accuracy_value', 'NONE');
#551 = EDGE_CURVE ( 'NONE', #2604, #2258, #10294, .T. ) ;
#552 = EDGE_LOOP ( 'NONE', ( #6879, #5907, #7852, #8888 ) ) ;
#553 = ORIENTED_EDGE ( 'NONE', *, *, #6155, .T. ) ;
#554 = COLOUR_RGB ( '',0.9137254901960784048, 0.5137254901960783826, 0.1372549019607843257 ) ;
#555 = MECHANICAL_DESIGN_GEOMETRIC_PRESENTATION_REPRESENTATION (  '', ( #4597 ), #11960 ) ;
#556 = PRESENTATION_STYLE_ASSIGNMENT (( #10828 ) ) ;
#557 = UNCERTAINTY_MEASURE_WITH_UNIT (LENGTH_MEASURE( 1.000000000000000082E-05 ), #10800, 'distance_accuracy_value', 'NONE');
#558 = CARTESIAN_POINT ( 'NONE',  ( 2.250000000000000444, 11.09999999999999964, 11.40000000000000036 ) ) ;
#559 = SURFACE_STYLE_USAGE ( .BOTH. , #2349 ) ;
#560 = SURFACE_SIDE_STYLE ('',( #10721 ) ) ;
#561 = DIRECTION ( 'NONE',  ( 0.000000000000000000, 0.000000000000000000, 1.000000000000000000 ) ) ;
#562 = DIRECTION ( 'NONE',  ( 0.000000000000000000, 0.000000000000000000, 1.000000000000000000 ) ) ;
#563 =( NAMED_UNIT ( * ) SI_UNIT ( $, .STERADIAN. ) SOLID_ANGLE_UNIT ( ) );
#564 = CIRCLE ( 'NONE', #10780, 1.750000000000000000 ) ;
#565 = UNCERTAINTY_MEASURE_WITH_UNIT (LENGTH_MEASURE( 1.000000000000000082E-05 ), #5940, 'distance_accuracy_value', 'NONE');
#566 =( NAMED_UNIT ( * ) PLANE_ANGLE_UNIT ( ) SI_UNIT ( $, .RADIAN. ) );
#567 = EDGE_CURVE ( 'NONE', #1300, #433, #5047, .T. ) ;
#568 = CARTESIAN_POINT ( 'NONE',  ( 1.400000000000000133, -8.949999999999999289, 4.200000000000000178 ) ) ;
#569 = EDGE_CURVE ( 'NONE', #4444, #9181, #4703, .T. ) ;
#570 = ORIENTED_EDGE ( 'NONE', *, *, #5498, .T. ) ;
#571 = ORIENTED_EDGE ( 'NONE', *, *, #1592, .F. ) ;
#572 = FILL_AREA_STYLE ('',( #7477 ) ) ;
#573 = FILL_AREA_STYLE ('',( #10666 ) ) ;
#574 = DIRECTION ( 'NONE',  ( 1.000000000000000000, 0.000000000000000000, 0.000000000000000000 ) ) ;
#575 = FACE_OUTER_BOUND ( 'NONE', #9127, .T. ) ;
#576 = CARTESIAN_POINT ( 'NONE',  ( 3.000000000000000000, -13.44999999999999929, 0.7500000000000000000 ) ) ;
#577 = CARTESIAN_POINT ( 'NONE',  ( 7.492820323027548746, 7.492820323027546969, 11.69282032302754359 ) ) ;
#578 =( LENGTH_UNIT ( ) NAMED_UNIT ( * ) SI_UNIT ( .MILLI., .METRE. ) );
#579 = CARTESIAN_POINT ( 'NONE',  ( 0.000000000000000000, -6.799999999999999822, 12.19999999999999929 ) ) ;
#580 = VERTEX_POINT ( 'NONE', #1916 ) ;
#581 = EDGE_LOOP ( 'NONE', ( #4397, #7713, #3616, #9704 ) ) ;
#582 = VERTEX_POINT ( 'NONE', #7318 ) ;
#583 = FILL_AREA_STYLE ('',( #10807 ) ) ;
#584 = EDGE_CURVE ( 'NONE', #1685, #11097, #1101, .T. ) ;
#585 = CARTESIAN_POINT ( 'NONE',  ( 4.250000000000000000, 11.09999999999999964, 6.399999999992998845 ) ) ;
#586 =( GEOMETRIC_REPRESENTATION_CONTEXT ( 3 ) GLOBAL_UNCERTAINTY_ASSIGNED_CONTEXT ( ( #6959 ) ) GLOBAL_UNIT_ASSIGNED_CONTEXT ( ( #5090, #8762, #10675 ) ) REPRESENTATION_CONTEXT ( 'NONE', 'WORKASPACE' ) );
#587 = PRESENTATION_STYLE_ASSIGNMENT (( #6427 ) ) ;
#588 =( NAMED_UNIT ( * ) SI_UNIT ( $, .STERADIAN. ) SOLID_ANGLE_UNIT ( ) );
#589 = PLANE ( 'NONE',  #9312 ) ;
#590 = CARTESIAN_POINT ( 'NONE',  ( -4.250000000000000000, 10.59999999999999964, 2.899999999999999911 ) ) ;
#591 = DIRECTION ( 'NONE',  ( 1.000000000000000000, 0.000000000000000000, 0.000000000000000000 ) ) ;
#592 = ORIENTED_EDGE ( 'NONE', *, *, #2089, .T. ) ;
#593 =( LENGTH_UNIT ( ) NAMED_UNIT ( * ) SI_UNIT ( .MILLI., .METRE. ) );
#594 = MECHANICAL_DESIGN_GEOMETRIC_PRESENTATION_REPRESENTATION (  '', ( #9679 ), #10433 ) ;
#595 = APPLICATION_CONTEXT ( 'automotive_design' ) ;
#596 = EDGE_LOOP ( 'NONE', ( #8225, #9514, #8207, #2512 ) ) ;
#597 = FILL_AREA_STYLE_COLOUR ( '', #11597 ) ;
#598 = DIRECTION ( 'NONE',  ( 0.000000000000000000, 1.370645709413999982E-16, 1.000000000000000000 ) ) ;
#599 = LINE ( 'NONE', #2219, #9447 ) ;
#600 = PRESENTATION_STYLE_ASSIGNMENT (( #2502 ) ) ;
#601 = CARTESIAN_POINT ( 'NONE',  ( -8.000000000000000000, -7.500000000000000000, 2.600000000000000533 ) ) ;
#602 = FILL_AREA_STYLE ('',( #8668 ) ) ;
#603 =( GEOMETRIC_REPRESENTATION_CONTEXT ( 3 ) GLOBAL_UNCERTAINTY_ASSIGNED_CONTEXT ( ( #8165 ) ) GLOBAL_UNIT_ASSIGNED_CONTEXT ( ( #2920, #248, #11298 ) ) REPRESENTATION_CONTEXT ( 'NONE', 'WORKASPACE' ) );
#604 = DIRECTION ( 'NONE',  ( 0.000000000000000000, 1.000000000000000000, 3.172065784645000030E-16 ) ) ;
#605 = PRESENTATION_LAYER_ASSIGNMENT (  '', '', ( #1157 ) ) ;
#606 = EDGE_LOOP ( 'NONE', ( #3672, #7875, #525, #6370 ) ) ;
#607 = MECHANICAL_DESIGN_GEOMETRIC_PRESENTATION_REPRESENTATION (  '', ( #9691 ), #3686 ) ;
#608 = ORIENTED_EDGE ( 'NONE', *, *, #4610, .T. ) ;
#609 = AXIS2_PLACEMENT_3D ( 'NONE', #5618, #4120, #5138 ) ;
#610 = SURFACE_STYLE_USAGE ( .BOTH. , #1457 ) ;
#611 = DIRECTION ( 'NONE',  ( 0.000000000000000000, 0.000000000000000000, 1.000000000000000000 ) ) ;
#612 = CARTESIAN_POINT ( 'NONE',  ( 7.000000000000000000, -6.650000000000000355, -3.700000000000000178 ) ) ;
#613 =( GEOMETRIC_REPRESENTATION_CONTEXT ( 3 ) GLOBAL_UNCERTAINTY_ASSIGNED_CONTEXT ( ( #7793 ) ) GLOBAL_UNIT_ASSIGNED_CONTEXT ( ( #6231, #9700, #8865 ) ) REPRESENTATION_CONTEXT ( 'NONE', 'WORKASPACE' ) );
#614 = FACE_OUTER_BOUND ( 'NONE', #9380, .T. ) ;
#615 = CARTESIAN_POINT ( 'NONE',  ( 11.09999999999999964, 0.7500000000023275826, 11.40000000000000036 ) ) ;
#616 = SURFACE_STYLE_FILL_AREA ( #7141 ) ;
#617 = DIRECTION ( 'NONE',  ( -8.881784197001252323E-16, 0.000000000000000000, -1.000000000000000000 ) ) ;
#618 = CIRCLE ( 'NONE', #7376, 1.199999999999999734 ) ;
#619 =( LENGTH_UNIT ( ) NAMED_UNIT ( * ) SI_UNIT ( .MILLI., .METRE. ) );
#620 = DIRECTION ( 'NONE',  ( 0.000000000000000000, 0.000000000000000000, -1.000000000000000000 ) ) ;
#621 = VECTOR ( 'NONE', #2157, 1000.000000000000000 ) ;
#622 = COLOUR_RGB ( '',0.7019607843137254388, 0.7019607843137254388, 0.7019607843137254388 ) ;
#623 = MECHANICAL_DESIGN_GEOMETRIC_PRESENTATION_REPRESENTATION (  '', ( #4856 ), #5820 ) ;
#624 = ORIENTED_EDGE ( 'NONE', *, *, #1657, .F. ) ;
#625 = EDGE_CURVE ( 'NONE', #3924, #10211, #11420, .T. ) ;
#626 = LINE ( 'NONE', #8179, #10096 ) ;
#627 = DIRECTION ( 'NONE',  ( 0.000000000000000000, -0.000000000000000000, -1.000000000000000000 ) ) ;
#628 = VECTOR ( 'NONE', #6441, 1000.000000000000000 ) ;
#629 = PRESENTATION_STYLE_ASSIGNMENT (( #8876 ) ) ;
#630 = CARTESIAN_POINT ( 'NONE',  ( 3.000000000000000000, -10.97499999999999964, 0.7500000000000000000 ) ) ;
#631 = CARTESIAN_POINT ( 'NONE',  ( 1.649999999999999911, -14.24999999999999822, 5.700000000000000178 ) ) ;
#632 = MECHANICAL_DESIGN_GEOMETRIC_PRESENTATION_REPRESENTATION (  '', ( #2345 ), #3497 ) ;
#633 =( BOUNDED_SURFACE ( )  B_SPLINE_SURFACE ( 3, 3, ( 
 ( #6176, #744, #577, #9881 ),
 ( #7951, #6055, #3330, #4312 ),
 ( #1483, #4420, #9107, #803 ),
 ( #694, #4483, #4368, #3516 ) ),
 .UNSPECIFIED., .F., .F., .T. ) 
 B_SPLINE_SURFACE_WITH_KNOTS ( ( 4, 4 ),
 ( 4, 4 ),
 ( 0.000000000000000000, 1.000000000000000000 ),
 ( 0.000000000000000000, 1.000000000000000000 ),
 .UNSPECIFIED. ) 
 GEOMETRIC_REPRESENTATION_ITEM ( )  RATIONAL_B_SPLINE_SURFACE ( (
 ( 1.000000000000000000, 0.3333333333333330928, 0.3333333333333330928, 1.000000000000000000),
 ( 0.9245018060306381402, 0.3081672686768791580, 0.3081672686768791580, 0.9245018060306381402),
 ( 0.9245018060306381402, 0.3081672686768791580, 0.3081672686768791580, 0.9245018060306381402),
 ( 1.000000000000000000, 0.3333333333333330928, 0.3333333333333330928, 1.000000000000000000) ) ) 
 REPRESENTATION_ITEM ( '' )  SURFACE ( )  );
#634 = FILL_AREA_STYLE_COLOUR ( '', #5325 ) ;
#635 = MECHANICAL_DESIGN_GEOMETRIC_PRESENTATION_REPRESENTATION (  '', ( #3111 ), #2917 ) ;
#636 = STYLED_ITEM ( 'NONE', ( #9295 ), #10769 ) ;
#637 = PRESENTATION_LAYER_ASSIGNMENT (  '', '', ( #447 ) ) ;
#638 =( LENGTH_UNIT ( ) NAMED_UNIT ( * ) SI_UNIT ( .MILLI., .METRE. ) );
#639 = CARTESIAN_POINT ( 'NONE',  ( -1.942153146454499213, -7.254698828051250992, 5.000000000000003553 ) ) ;
#640 =( GEOMETRIC_REPRESENTATION_CONTEXT ( 3 ) GLOBAL_UNCERTAINTY_ASSIGNED_CONTEXT ( ( #3426 ) ) GLOBAL_UNIT_ASSIGNED_CONTEXT ( ( #7455, #1995, #5677 ) ) REPRESENTATION_CONTEXT ( 'NONE', 'WORKASPACE' ) );
#641 = EDGE_LOOP ( 'NONE', ( #7722, #2948, #5937, #1264 ) ) ;
#642 = ORIENTED_EDGE ( 'NONE', *, *, #6456, .F. ) ;
#643 = ORIENTED_EDGE ( 'NONE', *, *, #979, .T. ) ;
#644 = COLOUR_RGB ( '',0.8196078431372548767, 0.8000000000000000444, 0.7529411764705882248 ) ;
#645 = ORIENTED_EDGE ( 'NONE', *, *, #4163, .T. ) ;
#646 = CARTESIAN_POINT ( 'NONE',  ( 8.949999999999999289, 5.599999999999999645, 3.200000000000000178 ) ) ;
#647 = DIRECTION ( 'NONE',  ( 0.000000000000000000, 0.000000000000000000, -1.000000000000000000 ) ) ;
#648 =( NAMED_UNIT ( * ) PLANE_ANGLE_UNIT ( ) SI_UNIT ( $, .RADIAN. ) );
#649 =( NAMED_UNIT ( * ) PLANE_ANGLE_UNIT ( ) SI_UNIT ( $, .RADIAN. ) );
#650 = FILL_AREA_STYLE_COLOUR ( '', #2449 ) ;
#651 = STYLED_ITEM ( 'NONE', ( #143 ), #10415 ) ;
#652 = SHAPE_DEFINITION_REPRESENTATION ( #3594, #5096 ) ;
#653 = EDGE_CURVE ( 'NONE', #5767, #10411, #1181, .T. ) ;
#654 = ORIENTED_EDGE ( 'NONE', *, *, #8622, .T. ) ;
#655 = PLANE ( 'NONE',  #1971 ) ;
#656 = EDGE_LOOP ( 'NONE', ( #5336, #4081 ) ) ;
#657 = CARTESIAN_POINT ( 'NONE',  ( -0.5749999999999999556, -0.7750000000000001332, 19.40000000000000213 ) ) ;
#658 = COLOUR_RGB ( '',0.9137254901960784048, 0.5137254901960783826, 0.1372549019607843257 ) ;
#659 = PRESENTATION_LAYER_ASSIGNMENT (  '', '', ( #7626 ) ) ;
#660 = CARTESIAN_POINT ( 'NONE',  ( 10.59999999999999964, 4.250000000000000000, 2.899999999999999911 ) ) ;
#661 = CARTESIAN_POINT ( 'NONE',  ( 7.492820323027551410, 7.775658889420202335, 11.40998175663490244 ) ) ;
#662 = LINE ( 'NONE', #601, #10498 ) ;
#663 =( NAMED_UNIT ( * ) SI_UNIT ( $, .STERADIAN. ) SOLID_ANGLE_UNIT ( ) );
#664 = UNCERTAINTY_MEASURE_WITH_UNIT (LENGTH_MEASURE( 1.000000000000000082E-05 ), #6191, 'distance_accuracy_value', 'NONE');
#665 = CARTESIAN_POINT ( 'NONE',  ( 10.59999999999999964, 2.250000000000000444, 9.400000000000000355 ) ) ;
#666 = ORIENTED_EDGE ( 'NONE', *, *, #8009, .T. ) ;
#667 = EDGE_CURVE ( 'NONE', #3836, #11941, #6893, .T. ) ;
#668 = ORIENTED_EDGE ( 'NONE', *, *, #6823, .T. ) ;
#669 = VECTOR ( 'NONE', #10230, 1000.000000000000000 ) ;
#670 = COLOUR_RGB ( '',0.7019607843137254388, 0.7019607843137254388, 0.7019607843137254388 ) ;
#671 = EDGE_CURVE ( 'NONE', #6895, #712, #6012, .T. ) ;
#672 = CARTESIAN_POINT ( 'NONE',  ( -2.250000000000000444, 10.32499999999999929, 9.400000000000000355 ) ) ;
#673 = ADVANCED_FACE ( 'NONE', ( #252 ), #2979, .T. ) ;
#674 = UNCERTAINTY_MEASURE_WITH_UNIT (LENGTH_MEASURE( 1.000000000000000082E-05 ), #4513, 'distance_accuracy_value', 'NONE');
#675 = CARTESIAN_POINT ( 'NONE',  ( -5.174999999999999822, 8.474999999999999645, 3.200000000000000178 ) ) ;
#676 = DIRECTION ( 'NONE',  ( 0.000000000000000000, 0.000000000000000000, 1.000000000000000000 ) ) ;
#677 = CARTESIAN_POINT ( 'NONE',  ( 4.250000000000000000, 10.59999999999999964, 9.400000000000000355 ) ) ;
#678 = CARTESIAN_POINT ( 'NONE',  ( -5.551115123125999639E-16, 10.59999999999999964, 7.150000000000000355 ) ) ;
#679 = VECTOR ( 'NONE', #3695, 1000.000000000000000 ) ;
#680 = UNCERTAINTY_MEASURE_WITH_UNIT (LENGTH_MEASURE( 1.000000000000000082E-05 ), #5030, 'distance_accuracy_value', 'NONE');
#681 = DIRECTION ( 'NONE',  ( -0.000000000000000000, 1.000000000000000000, 0.000000000000000000 ) ) ;
#682 = ORIENTED_EDGE ( 'NONE', *, *, #4150, .T. ) ;
#683 = PRESENTATION_STYLE_ASSIGNMENT (( #5322 ) ) ;
#684 = COLOUR_RGB ( '',0.8196078431372548767, 0.8000000000000000444, 0.7529411764705882248 ) ;
#685 = AXIS2_PLACEMENT_3D ( 'NONE', #6422, #6664, #1094 ) ;
#686 =( NAMED_UNIT ( * ) PLANE_ANGLE_UNIT ( ) SI_UNIT ( $, .RADIAN. ) );
#687 =( NAMED_UNIT ( * ) PLANE_ANGLE_UNIT ( ) SI_UNIT ( $, .RADIAN. ) );
#688 =( NAMED_UNIT ( * ) SI_UNIT ( $, .STERADIAN. ) SOLID_ANGLE_UNIT ( ) );
#689 = CARTESIAN_POINT ( 'NONE',  ( 11.09999999999999964, -3.007906248538999794, 7.900000000000999556 ) ) ;
#690 = CARTESIAN_POINT ( 'NONE',  ( -1.400000000000000133, -8.949999999999999289, 4.200000000000000178 ) ) ;
#691 = VECTOR ( 'NONE', #3840, 1000.000000000000000 ) ;
#692 = CARTESIAN_POINT ( 'NONE',  ( -1.168717112323999908E-19, -10.94999999999999929, 4.200000000000000178 ) ) ;
#693 = CARTESIAN_POINT ( 'NONE',  ( -7.492820323027546969, 7.492820323027549634, 11.69282032302755248 ) ) ;
#694 = CARTESIAN_POINT ( 'NONE',  ( 7.196750994715547911, 6.501134022317425654, 12.09236796711367035 ) ) ;
#695 = EDGE_CURVE ( 'NONE', #3465, #9113, #2328, .T. ) ;
#696 = CARTESIAN_POINT ( 'NONE',  ( -7.444496714566709805, -0.9892159546409978743, 4.999999999999995559 ) ) ;
#697 = ORIENTED_EDGE ( 'NONE', *, *, #772, .F. ) ;
#698 = PRODUCT_DEFINITION_FORMATION_WITH_SPECIFIED_SOURCE ( 'ANY', '', #3482, .NOT_KNOWN. ) ;
#699 = ORIENTED_EDGE ( 'NONE', *, *, #4378, .F. ) ;
#700 = ORIENTED_EDGE ( 'NONE', *, *, #10860, .T. ) ;
#701 = ORIENTED_EDGE ( 'NONE', *, *, #11768, .T. ) ;
#702 = FACE_OUTER_BOUND ( 'NONE', #1066, .T. ) ;
#703 = PLANE ( 'NONE',  #7389 ) ;
#704 =( NAMED_UNIT ( * ) PLANE_ANGLE_UNIT ( ) SI_UNIT ( $, .RADIAN. ) );
#705 = SURFACE_STYLE_FILL_AREA ( #2267 ) ;
#706 = COLOUR_RGB ( '',0.4980392156862745168, 0.2784313725490196179, 0.08235294117647058709 ) ;
#707 = PRODUCT ( 'COMPOUND009', 'COMPOUND009', '', ( #3537 ) ) ;
#708 = CARTESIAN_POINT ( 'NONE',  ( 0.000000000000000000, 0.000000000000000000, 12.19999999999999929 ) ) ;
#709 = PRODUCT_CONTEXT ( 'NONE', #4442, 'mechanical' ) ;
#710 = ORIENTED_EDGE ( 'NONE', *, *, #5810, .F. ) ;
#711 = PRESENTATION_LAYER_ASSIGNMENT (  '', '', ( #352 ) ) ;
#712 = VERTEX_POINT ( 'NONE', #8845 ) ;
#713 = CARTESIAN_POINT ( 'NONE',  ( 6.799999999999999822, 6.799999999999999822, 11.00000000000000000 ) ) ;
#714 =( GEOMETRIC_REPRESENTATION_CONTEXT ( 3 ) GLOBAL_UNCERTAINTY_ASSIGNED_CONTEXT ( ( #4027 ) ) GLOBAL_UNIT_ASSIGNED_CONTEXT ( ( #4122, #344, #5012 ) ) REPRESENTATION_CONTEXT ( 'NONE', 'WORKASPACE' ) );
#715 = ORIENTED_EDGE ( 'NONE', *, *, #2769, .F. ) ;
#716 = DIRECTION ( 'NONE',  ( -1.000000000000000000, 0.000000000000000000, 0.000000000000000000 ) ) ;
#717 = CARTESIAN_POINT ( 'NONE',  ( 3.000000000000000444, -8.000000000000000000, 2.600000000000000533 ) ) ;
#718 = SURFACE_SIDE_STYLE ('',( #1555 ) ) ;
#719 = PRESENTATION_STYLE_ASSIGNMENT (( #6207 ) ) ;
#720 = LINE ( 'NONE', #8964, #8952 ) ;
#721 =( NAMED_UNIT ( * ) PLANE_ANGLE_UNIT ( ) SI_UNIT ( $, .RADIAN. ) );
#722 =( NAMED_UNIT ( * ) PLANE_ANGLE_UNIT ( ) SI_UNIT ( $, .RADIAN. ) );
#723 = ORIENTED_EDGE ( 'NONE', *, *, #6419, .F. ) ;
#724 = CYLINDRICAL_SURFACE ( 'NONE', #7590, 2.500000000000000444 ) ;
#725 = CIRCLE ( 'NONE', #4193, 2.500000000000000444 ) ;
#726 = MECHANICAL_DESIGN_GEOMETRIC_PRESENTATION_REPRESENTATION (  '', ( #3411 ), #1108 ) ;
#727 = FILL_AREA_STYLE ('',( #9032 ) ) ;
#728 = CARTESIAN_POINT ( 'NONE',  ( -2.750000000000000444, -8.250000000000000000, -3.700000000000000178 ) ) ;
#729 = CARTESIAN_POINT ( 'NONE',  ( 7.750000000000000000, -6.650000000000000355, -3.700000000000000178 ) ) ;
#730 = DIRECTION ( 'NONE',  ( 1.000000000000000000, 1.074409378669999991E-15, 0.000000000000000000 ) ) ;
#731 = CARTESIAN_POINT ( 'NONE',  ( -3.000000000000000000, -13.94999999999999929, 0.7500000000000000000 ) ) ;
#732 = ADVANCED_FACE ( 'NONE', ( #11606 ), #9738, .F. ) ;
#733 = CARTESIAN_POINT ( 'NONE',  ( -5.551115123125999639E-16, 11.09999999999999964, 4.850000000000000533 ) ) ;
#734 = ORIENTED_EDGE ( 'NONE', *, *, #11249, .F. ) ;
#735 = VECTOR ( 'NONE', #4485, 1000.000000000000000 ) ;
#736 = COLOUR_RGB ( '',0.9137254901960784048, 0.5137254901960783826, 0.1372549019607843257 ) ;
#737 = FILL_AREA_STYLE ('',( #9045 ) ) ;
#738 = FILL_AREA_STYLE ('',( #7272 ) ) ;
#739 = AXIS2_PLACEMENT_3D ( 'NONE', #1823, #11886, #4656 ) ;
#740 = SURFACE_STYLE_FILL_AREA ( #11763 ) ;
#741 = PLANE ( 'NONE',  #8611 ) ;
#742 = SURFACE_STYLE_FILL_AREA ( #9936 ) ;
#743 =( LENGTH_UNIT ( ) NAMED_UNIT ( * ) SI_UNIT ( .MILLI., .METRE. ) );
#744 = CARTESIAN_POINT ( 'NONE',  ( 7.492820323027549634, 7.492820323027548746, 11.69282032302754715 ) ) ;
#745 =( NAMED_UNIT ( * ) SI_UNIT ( $, .STERADIAN. ) SOLID_ANGLE_UNIT ( ) );
#746 = APPLICATION_CONTEXT ( 'automotive_design' ) ;
#747 = CARTESIAN_POINT ( 'NONE',  ( 6.096969196654151268, -4.364237703332765506, 5.000000000000000000 ) ) ;
#748 = AXIS2_PLACEMENT_3D ( 'NONE', #2942, #10182, #4829 ) ;
#749 = ORIENTED_EDGE ( 'NONE', *, *, #4272, .F. ) ;
#750 = EDGE_LOOP ( 'NONE', ( #3249, #7161, #10343, #4960 ) ) ;
#751 = ORIENTED_EDGE ( 'NONE', *, *, #7470, .T. ) ;
#752 = DIRECTION ( 'NONE',  ( 0.000000000000000000, 0.000000000000000000, -1.000000000000000000 ) ) ;
#753 = CARTESIAN_POINT ( 'NONE',  ( -2.250000000000000444, 11.09999999999999964, 11.90000000000000036 ) ) ;
#754 = CARTESIAN_POINT ( 'NONE',  ( -6.839632633251529370, 8.102252734308208915, 11.73657560152290458 ) ) ;
#755 = EDGE_CURVE ( 'NONE', #10468, #4321, #7007, .T. ) ;
#756 = DIRECTION ( 'NONE',  ( 0.000000000000000000, 0.000000000000000000, 1.000000000000000000 ) ) ;
#757 = CARTESIAN_POINT ( 'NONE',  ( 5.590292409647831917, -7.304363314851282318, 12.89559725964753412 ) ) ;
#758 = SURFACE_STYLE_FILL_AREA ( #6496 ) ;
#759 =( NAMED_UNIT ( * ) SI_UNIT ( $, .STERADIAN. ) SOLID_ANGLE_UNIT ( ) );
#760 = PLANE ( 'NONE',  #2003 ) ;
#761 =( LENGTH_UNIT ( ) NAMED_UNIT ( * ) SI_UNIT ( .MILLI., .METRE. ) );
#762 = CARTESIAN_POINT ( 'NONE',  ( 11.09999999999999964, -4.250000000000000000, 2.899999999999999911 ) ) ;
#763 = ORIENTED_EDGE ( 'NONE', *, *, #2089, .F. ) ;
#764 = DIRECTION ( 'NONE',  ( 0.000000000000000000, 1.000000000000000000, 0.000000000000000000 ) ) ;
#765 = EDGE_LOOP ( 'NONE', ( #4913, #7348 ) ) ;
#766 = DIRECTION ( 'NONE',  ( 0.000000000000000000, 1.000000000000000000, 0.000000000000000000 ) ) ;
#767 = FACE_OUTER_BOUND ( 'NONE', #4270, .T. ) ;
#768 = AXIS2_PLACEMENT_3D ( 'NONE', #4115, #561, #7997 ) ;
#769 = EDGE_CURVE ( 'NONE', #4944, #10924, #2539, .T. ) ;
#770 = ADVANCED_FACE ( 'NONE', ( #6262 ), #655, .F. ) ;
#771 = DIRECTION ( 'NONE',  ( 1.000000000000000000, 0.000000000000000000, -0.000000000000000000 ) ) ;
#772 = EDGE_CURVE ( 'NONE', #10095, #10329, #11727, .T. ) ;
#773 = SURFACE_STYLE_FILL_AREA ( #8098 ) ;
#774 = UNCERTAINTY_MEASURE_WITH_UNIT (LENGTH_MEASURE( 1.000000000000000082E-05 ), #2062, 'distance_accuracy_value', 'NONE');
#775 =( NAMED_UNIT ( * ) SI_UNIT ( $, .STERADIAN. ) SOLID_ANGLE_UNIT ( ) );
#776 =( NAMED_UNIT ( * ) PLANE_ANGLE_UNIT ( ) SI_UNIT ( $, .RADIAN. ) );
#777 =( GEOMETRIC_REPRESENTATION_CONTEXT ( 3 ) GLOBAL_UNCERTAINTY_ASSIGNED_CONTEXT ( ( #11438 ) ) GLOBAL_UNIT_ASSIGNED_CONTEXT ( ( #3773, #6678, #944 ) ) REPRESENTATION_CONTEXT ( 'NONE', 'WORKASPACE' ) );
#778 = PRESENTATION_LAYER_ASSIGNMENT (  '', '', ( #5787 ) ) ;
#779 = ORIENTED_EDGE ( 'NONE', *, *, #7614, .T. ) ;
#780 = ORIENTED_EDGE ( 'NONE', *, *, #625, .F. ) ;
#781 = UNCERTAINTY_MEASURE_WITH_UNIT (LENGTH_MEASURE( 1.000000000000000082E-05 ), #9174, 'distance_accuracy_value', 'NONE');
#782 = DIRECTION ( 'NONE',  ( 0.000000000000000000, -0.000000000000000000, 1.000000000000000000 ) ) ;
#783 = DIRECTION ( 'NONE',  ( 0.000000000000000000, 0.000000000000000000, -1.000000000000000000 ) ) ;
#784 = DIRECTION ( 'NONE',  ( 1.000000000000000000, 0.000000000000000000, 0.000000000000000000 ) ) ;
#785 =( NAMED_UNIT ( * ) SI_UNIT ( $, .STERADIAN. ) SOLID_ANGLE_UNIT ( ) );
#786 = SURFACE_STYLE_USAGE ( .BOTH. , #9088 ) ;
#787 = FILL_AREA_STYLE_COLOUR ( '', #3499 ) ;
#788 = UNCERTAINTY_MEASURE_WITH_UNIT (LENGTH_MEASURE( 1.000000000000000082E-05 ), #2466, 'distance_accuracy_value', 'NONE');
#789 = VECTOR ( 'NONE', #11837, 1000.000000000000000 ) ;
#790 = LINE ( 'NONE', #733, #804 ) ;
#791 = ORIENTED_EDGE ( 'NONE', *, *, #2389, .F. ) ;
#792 =( NAMED_UNIT ( * ) PLANE_ANGLE_UNIT ( ) SI_UNIT ( $, .RADIAN. ) );
#793 = VECTOR ( 'NONE', #8947, 1000.000000000000000 ) ;
#794 = EDGE_CURVE ( 'NONE', #10703, #3942, #10148, .T. ) ;
#795 = PRESENTATION_LAYER_ASSIGNMENT (  '', '', ( #5990 ) ) ;
#796 = COLOUR_RGB ( '',0.8196078431372548767, 0.8000000000000000444, 0.7529411764705882248 ) ;
#797 = LINE ( 'NONE', #11257, #76 ) ;
#798 =( NAMED_UNIT ( * ) SI_UNIT ( $, .STERADIAN. ) SOLID_ANGLE_UNIT ( ) );
#799 = LINE ( 'NONE', #5558, #7118 ) ;
#800 =( NAMED_UNIT ( * ) PLANE_ANGLE_UNIT ( ) SI_UNIT ( $, .RADIAN. ) );
#801 = DIRECTION ( 'NONE',  ( 0.000000000000000000, -2.055968564120999972E-16, -1.000000000000000000 ) ) ;
#802 = FACE_OUTER_BOUND ( 'NONE', #11652, .T. ) ;
#803 = CARTESIAN_POINT ( 'NONE',  ( 7.386071179369594120, 7.919717610733602697, 11.05242474800559016 ) ) ;
#804 = VECTOR ( 'NONE', #3568, 1000.000000000000000 ) ;
#805 = CARTESIAN_POINT ( 'NONE',  ( -7.493997598078079747, -0.4950063279901391611, 5.000000000000002665 ) ) ;
#806 =( GEOMETRIC_REPRESENTATION_CONTEXT ( 3 ) GLOBAL_UNCERTAINTY_ASSIGNED_CONTEXT ( ( #11455 ) ) GLOBAL_UNIT_ASSIGNED_CONTEXT ( ( #6071, #9728, #10689 ) ) REPRESENTATION_CONTEXT ( 'NONE', 'WORKASPACE' ) );
#807 = EDGE_CURVE ( 'NONE', #7780, #1338, #10213, .T. ) ;
#808 = ORIENTED_EDGE ( 'NONE', *, *, #9223, .F. ) ;
#809 = ORIENTED_EDGE ( 'NONE', *, *, #195, .T. ) ;
#810 = ORIENTED_EDGE ( 'NONE', *, *, #5658, .F. ) ;
#811 = MECHANICAL_DESIGN_GEOMETRIC_PRESENTATION_REPRESENTATION (  '', ( #11045 ), #5042 ) ;
#812 = ORIENTED_EDGE ( 'NONE', *, *, #2521, .F. ) ;
#813 = SURFACE_STYLE_USAGE ( .BOTH. , #8384 ) ;
#814 = STYLED_ITEM ( 'NONE', ( #10197 ), #7428 ) ;
#815 = VECTOR ( 'NONE', #5757, 1000.000000000000000 ) ;
#816 = CYLINDRICAL_SURFACE ( 'NONE', #11409, 0.5000000000000004441 ) ;
#817 = STYLED_ITEM ( 'NONE', ( #1248 ), #673 ) ;
#818 = SURFACE_STYLE_FILL_AREA ( #1717 ) ;
#819 = FACE_OUTER_BOUND ( 'NONE', #11456, .T. ) ;
#820 = SURFACE_STYLE_FILL_AREA ( #10013 ) ;
#821 = LINE ( 'NONE', #3345, #10270 ) ;
#822 = SURFACE_SIDE_STYLE ('',( #10865 ) ) ;
#823 = PRODUCT_CONTEXT ( 'NONE', #10874, 'mechanical' ) ;
#824 = COLOUR_RGB ( '',0.7019607843137254388, 0.7019607843137254388, 0.7019607843137254388 ) ;
#825 = VECTOR ( 'NONE', #1623, 1000.000000000000000 ) ;
#826 = PRODUCT_RELATED_PRODUCT_CATEGORY ( 'part', '', ( #7270 ) ) ;
#827 = ORIENTED_EDGE ( 'NONE', *, *, #3253, .T. ) ;
#828 = SURFACE_SIDE_STYLE ('',( #5527 ) ) ;
#829 = ORIENTED_EDGE ( 'NONE', *, *, #4041, .F. ) ;
#830 = AXIS2_PLACEMENT_3D ( 'NONE', #3435, #5253, #782 ) ;
#831 = DIRECTION ( 'NONE',  ( 0.000000000000000000, -1.000000000000000000, 1.068854917803000021E-12 ) ) ;
#832 = COLOUR_RGB ( '',0.8196078431372548767, 0.8000000000000000444, 0.7529411764705882248 ) ;
#833 = CARTESIAN_POINT ( 'NONE',  ( 7.492820323027549634, 7.492820323027549634, 11.69282032302754892 ) ) ;
#834 = CARTESIAN_POINT ( 'NONE',  ( -7.000000000000000000, -6.650000000000000355, 0.000000000000000000 ) ) ;
#835 = COLOUR_RGB ( '',0.8196078431372548767, 0.8000000000000000444, 0.7529411764705882248 ) ;
#836 = CARTESIAN_POINT ( 'NONE',  ( -8.000000000000000000, -3.450000000000000178, 6.000000000000000000 ) ) ;
#837 = MECHANICAL_DESIGN_GEOMETRIC_PRESENTATION_REPRESENTATION (  '', ( #3725 ), #6631 ) ;
#838 = CARTESIAN_POINT ( 'NONE',  ( 11.09999999999999964, 2.250000000000000444, 9.400000000000000355 ) ) ;
#839 = SURFACE_SIDE_STYLE ('',( #3550 ) ) ;
#840 = ORIENTED_EDGE ( 'NONE', *, *, #769, .F. ) ;
#841 = STYLED_ITEM ( 'NONE', ( #6130 ), #2634 ) ;
#842 = ADVANCED_FACE ( 'NONE', ( #6384 ), #9072, .F. ) ;
#843 = ORIENTED_EDGE ( 'NONE', *, *, #6428, .T. ) ;
#844 = ORIENTED_EDGE ( 'NONE', *, *, #7701, .T. ) ;
#845 = PRESENTATION_LAYER_ASSIGNMENT (  '', '', ( #6043 ) ) ;
#846 = ORIENTED_EDGE ( 'NONE', *, *, #10966, .F. ) ;
#847 = CARTESIAN_POINT ( 'NONE',  ( -7.500000000000000000, 8.000000000000000000, 2.600000000000000533 ) ) ;
#848 = DIRECTION ( 'NONE',  ( -1.000000000000000000, 0.000000000000000000, 0.000000000000000000 ) ) ;
#849 =( LENGTH_UNIT ( ) NAMED_UNIT ( * ) SI_UNIT ( .MILLI., .METRE. ) );
#850 = CARTESIAN_POINT ( 'NONE',  ( 7.500000000000000000, 8.743383979990265164E-18, 4.699999999999999289 ) ) ;
#851 = PRESENTATION_STYLE_ASSIGNMENT (( #10108 ) ) ;
#852 = DIRECTION ( 'NONE',  ( 0.000000000000000000, 0.000000000000000000, -1.000000000000000000 ) ) ;
#853 = VECTOR ( 'NONE', #136, 1000.000000000000000 ) ;
#854 = ORIENTED_EDGE ( 'NONE', *, *, #6473, .F. ) ;
#855 = CIRCLE ( 'NONE', #4328, 0.7500000000000006661 ) ;
#856 = DIRECTION ( 'NONE',  ( -5.348620343038999729E-16, 0.000000000000000000, 1.000000000000000000 ) ) ;
#857 = EDGE_CURVE ( 'NONE', #5029, #9224, #6020, .T. ) ;
#858 = VECTOR ( 'NONE', #4907, 1000.000000000000000 ) ;
#859 = CARTESIAN_POINT ( 'NONE',  ( -4.750000000000000000, 8.000000000000000000, 0.8000000000000000444 ) ) ;
#860 = FILL_AREA_STYLE_COLOUR ( '', #4717 ) ;
#861 = LINE ( 'NONE', #5502, #5439 ) ;
#862 = CARTESIAN_POINT ( 'NONE',  ( 4.700000000000000178, -8.949999999999999289, 0.000000000000000000 ) ) ;
#863 = SURFACE_SIDE_STYLE ('',( #10125 ) ) ;
#864 = PLANE ( 'NONE',  #2152 ) ;
#865 = CARTESIAN_POINT ( 'NONE',  ( -6.499680651865523906, -3.762024248729312070, 4.999999999999999112 ) ) ;
#866 = ORIENTED_EDGE ( 'NONE', *, *, #1636, .T. ) ;
#867 = ADVANCED_FACE ( 'NONE', ( #4690 ), #11038, .T. ) ;
#868 = ORIENTED_EDGE ( 'NONE', *, *, #2013, .F. ) ;
#869 = ORIENTED_EDGE ( 'NONE', *, *, #9628, .F. ) ;
#870 = FACE_BOUND ( 'NONE', #1537, .T. ) ;
#871 = DIRECTION ( 'NONE',  ( -0.000000000000000000, 0.000000000000000000, -1.000000000000000000 ) ) ;
#872 = CARTESIAN_POINT ( 'NONE',  ( -7.492820323027549634, 7.209981756634898709, 11.97565888942019896 ) ) ;
#873 = COLOUR_RGB ( '',0.7019607843137254388, 0.7019607843137254388, 0.7019607843137254388 ) ;
#874 =( NAMED_UNIT ( * ) SI_UNIT ( $, .STERADIAN. ) SOLID_ANGLE_UNIT ( ) );
#875 = ADVANCED_FACE ( 'NONE', ( #3780 ), #4619, .T. ) ;
#876 = EDGE_CURVE ( 'NONE', #10457, #6948, #10384, .T. ) ;
#877 = SURFACE_STYLE_FILL_AREA ( #3596 ) ;
#878 = SHAPE_DEFINITION_REPRESENTATION ( #4766, #6806 ) ;
#879 = AXIS2_PLACEMENT_3D ( 'NONE', #9421, #3947, #2888 ) ;
#880 = ORIENTED_EDGE ( 'NONE', *, *, #9456, .T. ) ;
#881 = EDGE_CURVE ( 'NONE', #1807, #9721, #11288, .T. ) ;
#882 = VERTEX_POINT ( 'NONE', #9378 ) ;
#883 = FILL_AREA_STYLE ('',( #2726 ) ) ;
#884 = ORIENTED_EDGE ( 'NONE', *, *, #9933, .T. ) ;
#885 = LINE ( 'NONE', #7244, #7116 ) ;
#886 = SURFACE_STYLE_USAGE ( .BOTH. , #1852 ) ;
#887 = FACE_OUTER_BOUND ( 'NONE', #9840, .T. ) ;
#888 = VECTOR ( 'NONE', #7937, 1000.000000000000000 ) ;
#889 = CARTESIAN_POINT ( 'NONE',  ( 6.839632633251533811, 8.102252734308210691, 11.73657560152290991 ) ) ;
#890 = FACE_OUTER_BOUND ( 'NONE', #2434, .T. ) ;
#891 = DIRECTION ( 'NONE',  ( -1.000000000000000000, 0.000000000000000000, 0.000000000000000000 ) ) ;
#892 = UNCERTAINTY_MEASURE_WITH_UNIT (LENGTH_MEASURE( 1.000000000000000082E-05 ), #7289, 'distance_accuracy_value', 'NONE');
#893 = LINE ( 'NONE', #5303, #1744 ) ;
#894 = EDGE_CURVE ( 'NONE', #1472, #2417, #8641, .T. ) ;
#895 = CIRCLE ( 'NONE', #1861, 3.100000000000000533 ) ;
#896 = PRODUCT_DEFINITION_SHAPE ( 'NONE', 'NONE',  #11974 ) ;
#897 = ORIENTED_EDGE ( 'NONE', *, *, #11564, .F. ) ;
#898 = ORIENTED_EDGE ( 'NONE', *, *, #3520, .T. ) ;
#899 = ORIENTED_EDGE ( 'NONE', *, *, #1502, .T. ) ;
#900 = AXIS2_PLACEMENT_3D ( 'NONE', #139, #2036, #4640 ) ;
#901 = DIRECTION ( 'NONE',  ( 1.000000000000000000, 4.336808689942015369E-15, 0.000000000000000000 ) ) ;
#902 = ADVANCED_FACE ( 'NONE', ( #1067 ), #2965, .T. ) ;
#903 = PRESENTATION_STYLE_ASSIGNMENT (( #7383 ) ) ;
#905 = EDGE_CURVE ( 'NONE', #10748, #10940, #9602, .T. ) ;
#904 = CARTESIAN_POINT ( 'NONE',  ( -8.349999999999999645, -3.450000000000000178, 6.000000000000000000 ) ) ;
#906 = LINE ( 'NONE', #3746, #7816 ) ;
#907 =( NAMED_UNIT ( * ) SI_UNIT ( $, .STERADIAN. ) SOLID_ANGLE_UNIT ( ) );
#908 = DIRECTION ( 'NONE',  ( -1.000000000000000000, 0.000000000000000000, 0.000000000000000000 ) ) ;
#909 = UNCERTAINTY_MEASURE_WITH_UNIT (LENGTH_MEASURE( 1.000000000000000082E-05 ), #7894, 'distance_accuracy_value', 'NONE');
#910 = EDGE_CURVE ( 'NONE', #10924, #3413, #3960, .T. ) ;
#911 = ORIENTED_EDGE ( 'NONE', *, *, #2281, .T. ) ;
#912 = FACE_OUTER_BOUND ( 'NONE', #5763, .T. ) ;
#913 = CIRCLE ( 'NONE', #5919, 1.199999999999999734 ) ;
#914 = FILL_AREA_STYLE ('',( #7332 ) ) ;
#915 = PRESENTATION_STYLE_ASSIGNMENT (( #4540 ) ) ;
#916 = CARTESIAN_POINT ( 'NONE',  ( -3.250000000000000444, -12.75000000000000178, -3.700000000000000178 ) ) ;
#917 = ADVANCED_FACE ( 'NONE', ( #9555 ), #8466, .T. ) ;
#918 = EDGE_CURVE ( 'NONE', #11515, #4018, #2733, .T. ) ;
#919 = SURFACE_STYLE_USAGE ( .BOTH. , #10904 ) ;
#920 =( LENGTH_UNIT ( ) NAMED_UNIT ( * ) SI_UNIT ( .MILLI., .METRE. ) );
#921 = CIRCLE ( 'NONE', #11952, 0.5000000000000000000 ) ;
#922 = EDGE_CURVE ( 'NONE', #5389, #5208, #6463, .T. ) ;
#923 =( GEOMETRIC_REPRESENTATION_CONTEXT ( 3 ) GLOBAL_UNCERTAINTY_ASSIGNED_CONTEXT ( ( #8058 ) ) GLOBAL_UNIT_ASSIGNED_CONTEXT ( ( #2627, #4624, #3731 ) ) REPRESENTATION_CONTEXT ( 'NONE', 'WORKASPACE' ) );
#924 = CARTESIAN_POINT ( 'NONE',  ( 3.007906248537130622, 11.09999999999999964, 6.399999999992999733 ) ) ;
#925 = CARTESIAN_POINT ( 'NONE',  ( 9.750000000000000000, 0.000000000000000000, -3.700000000000000178 ) ) ;
#926 = CARTESIAN_POINT ( 'NONE',  ( -0.3499999999999999778, -2.725000000000000089, 2.600000000000000533 ) ) ;
#927 = PRESENTATION_STYLE_ASSIGNMENT (( #10126 ) ) ;
#928 = CARTESIAN_POINT ( 'NONE',  ( 6.799999999999999822, 6.799999999999999822, 2.600000000000000533 ) ) ;
#929 = SHAPE_REPRESENTATION_RELATIONSHIP ( 'NONE' , 'NONE' ,  #3940, #8162 ) ;
#930 = SURFACE_STYLE_USAGE ( .BOTH. , #5620 ) ;
#931 = VERTEX_POINT ( 'NONE', #10155 ) ;
#932 = AXIS2_PLACEMENT_3D ( 'NONE', #8019, #7961, #2265 ) ;
#933 = ORIENTED_EDGE ( 'NONE', *, *, #9865, .T. ) ;
#934 = VERTEX_POINT ( 'NONE', #3735 ) ;
#935 = DIRECTION ( 'NONE',  ( -1.000000000000000000, -0.000000000000000000, -0.000000000000000000 ) ) ;
#936 = CARTESIAN_POINT ( 'NONE',  ( 7.386071179369595896, -6.852424748005589983, 12.11971761073360554 ) ) ;
#937 = CYLINDRICAL_SURFACE ( 'NONE', #8147, 1.199999999999999734 ) ;
#938 = FILL_AREA_STYLE ('',( #5214 ) ) ;
#939 =( LENGTH_UNIT ( ) NAMED_UNIT ( * ) SI_UNIT ( .MILLI., .METRE. ) );
#940 =( LENGTH_UNIT ( ) NAMED_UNIT ( * ) SI_UNIT ( .MILLI., .METRE. ) );
#941 = PRESENTATION_STYLE_ASSIGNMENT (( #11026 ) ) ;
#942 = DIRECTION ( 'NONE',  ( 0.000000000000000000, 0.000000000000000000, 1.000000000000000000 ) ) ;
#943 = AXIS2_PLACEMENT_3D ( 'NONE', #11383, #2171, #2101 ) ;
#944 =( NAMED_UNIT ( * ) SI_UNIT ( $, .STERADIAN. ) SOLID_ANGLE_UNIT ( ) );
#945 = ORIENTED_EDGE ( 'NONE', *, *, #6034, .T. ) ;
#946 = ORIENTED_EDGE ( 'NONE', *, *, #1657, .T. ) ;
#947 = DIRECTION ( 'NONE',  ( 0.000000000000000000, -0.000000000000000000, 1.000000000000000000 ) ) ;
#948 = EDGE_CURVE ( 'NONE', #9665, #9177, #1910, .T. ) ;
#949 = ORIENTED_EDGE ( 'NONE', *, *, #5152, .F. ) ;
#950 = PLANE ( 'NONE',  #2784 ) ;
#951 = DIRECTION ( 'NONE',  ( 0.000000000000000000, 0.000000000000000000, -1.000000000000000000 ) ) ;
#952 = PRESENTATION_STYLE_ASSIGNMENT (( #129 ) ) ;
#953 = SURFACE_STYLE_USAGE ( .BOTH. , #3841 ) ;
#954 = ORIENTED_EDGE ( 'NONE', *, *, #31, .F. ) ;
#955 = DIRECTION ( 'NONE',  ( 0.000000000000000000, -1.000000000000000000, -0.000000000000000000 ) ) ;
#956 = AXIS2_PLACEMENT_3D ( 'NONE', #2330, #10582, #8901 ) ;
#957 = ORIENTED_EDGE ( 'NONE', *, *, #7696, .T. ) ;
#958 = CYLINDRICAL_SURFACE ( 'NONE', #7605, 0.7500000000000006661 ) ;
#959 = DIRECTION ( 'NONE',  ( 1.000000000000000000, -1.586032892321999976E-15, 0.000000000000000000 ) ) ;
#960 = CARTESIAN_POINT ( 'NONE',  ( 8.000000000000000000, 8.000000000000000000, 0.000000000000000000 ) ) ;
#961 = FILL_AREA_STYLE ('',( #9458 ) ) ;
#962 = LINE ( 'NONE', #4643, #3135 ) ;
#963 = LINE ( 'NONE', #5548, #3327 ) ;
#964 = CYLINDRICAL_SURFACE ( 'NONE', #9891, 0.5000000000000000000 ) ;
#965 =( LENGTH_UNIT ( ) NAMED_UNIT ( * ) SI_UNIT ( .MILLI., .METRE. ) );
#966 = ORIENTED_EDGE ( 'NONE', *, *, #1287, .F. ) ;
#967 = DIRECTION ( 'NONE',  ( -1.000000000000000000, 0.000000000000000000, 0.000000000000000000 ) ) ;
#968 = STYLED_ITEM ( 'NONE', ( #11924 ), #11518 ) ;
#969 = APPLICATION_CONTEXT ( 'automotive_design' ) ;
#970 = FILL_AREA_STYLE_COLOUR ( '', #7201 ) ;
#971 = LINE ( 'NONE', #7639, #1128 ) ;
#972 =( NAMED_UNIT ( * ) SI_UNIT ( $, .STERADIAN. ) SOLID_ANGLE_UNIT ( ) );
#973 = LINE ( 'NONE', #7458, #6958 ) ;
#974 = DIRECTION ( 'NONE',  ( -1.000000000000000000, 0.000000000000000000, 0.000000000000000000 ) ) ;
#975 = DIRECTION ( 'NONE',  ( 0.000000000000000000, 0.000000000000000000, 1.000000000000000000 ) ) ;
#976 = STYLED_ITEM ( 'NONE', ( #8839 ), #11654 ) ;
#977 = CARTESIAN_POINT ( 'NONE',  ( 6.799999999999999822, -6.799999999999999822, 11.00000000000000000 ) ) ;
#978 = ORIENTED_EDGE ( 'NONE', *, *, #695, .F. ) ;
#979 = EDGE_CURVE ( 'NONE', #1383, #10618, #4627, .T. ) ;
#980 = ORIENTED_EDGE ( 'NONE', *, *, #5216, .T. ) ;
#981 = ORIENTED_EDGE ( 'NONE', *, *, #5333, .F. ) ;
#982 = FILL_AREA_STYLE_COLOUR ( '', #2976 ) ;
#983 =( NAMED_UNIT ( * ) PLANE_ANGLE_UNIT ( ) SI_UNIT ( $, .RADIAN. ) );
#984 = DIRECTION ( 'NONE',  ( 0.000000000000000000, 1.000000000000000000, 0.000000000000000000 ) ) ;
#985 =( NAMED_UNIT ( * ) SI_UNIT ( $, .STERADIAN. ) SOLID_ANGLE_UNIT ( ) );
#986 = AXIS2_PLACEMENT_3D ( 'NONE', #5786, #6586, #9339 ) ;
#987 = SURFACE_STYLE_FILL_AREA ( #3827 ) ;
#988 = PRODUCT_DEFINITION_SHAPE ( 'NONE', 'NONE',  #5249 ) ;
#989 = STYLED_ITEM ( 'NONE', ( #2076 ), #9801 ) ;
#990 = FILL_AREA_STYLE_COLOUR ( '', #6653 ) ;
#991 = SURFACE_SIDE_STYLE ('',( #7486 ) ) ;
#992 =( NAMED_UNIT ( * ) PLANE_ANGLE_UNIT ( ) SI_UNIT ( $, .RADIAN. ) );
#993 = SHAPE_DEFINITION_REPRESENTATION ( #9119, #7268 ) ;
#994 = EDGE_LOOP ( 'NONE', ( #3779, #4617, #3834, #8498 ) ) ;
#995 = ORIENTED_EDGE ( 'NONE', *, *, #7909, .F. ) ;
#996 = SURFACE_STYLE_USAGE ( .BOTH. , #828 ) ;
#997 = AXIS2_PLACEMENT_3D ( 'NONE', #3625, #6284, #4462 ) ;
#998 = PRESENTATION_LAYER_ASSIGNMENT (  '', '', ( #6213 ) ) ;
#999 = PRESENTATION_LAYER_ASSIGNMENT (  '', '', ( #6797 ) ) ;
#1000 = MECHANICAL_DESIGN_GEOMETRIC_PRESENTATION_REPRESENTATION (  '', ( #11437 ), #2531 ) ;
#1001 = VERTEX_POINT ( 'NONE', #834 ) ;
#1002 = CARTESIAN_POINT ( 'NONE',  ( 8.000000000000000000, 7.500000000000000000, 2.600000000000000533 ) ) ;
#1003 = LINE ( 'NONE', #6457, #1410 ) ;
#1004 = LINE ( 'NONE', #4695, #9636 ) ;
#1005 = CARTESIAN_POINT ( 'NONE',  ( 7.750000000000000000, 6.650000000000000355, 0.000000000000000000 ) ) ;
#1006 = MECHANICAL_DESIGN_GEOMETRIC_PRESENTATION_REPRESENTATION (  '', ( #10864 ), #3518 ) ;
#1007 = FILL_AREA_STYLE ('',( #1073 ) ) ;
#1008 =( NAMED_UNIT ( * ) SI_UNIT ( $, .STERADIAN. ) SOLID_ANGLE_UNIT ( ) );
#1009 = LINE ( 'NONE', #134, #1039 ) ;
#1010 = UNCERTAINTY_MEASURE_WITH_UNIT (LENGTH_MEASURE( 1.000000000000000082E-05 ), #8589, 'distance_accuracy_value', 'NONE');
#1011 = STYLED_ITEM ( 'NONE', ( #8985 ), #7544 ) ;
#1012 = FILL_AREA_STYLE ('',( #11176 ) ) ;
#1013 = EDGE_CURVE ( 'NONE', #2379, #6047, #10085, .T. ) ;
#1014 = VECTOR ( 'NONE', #5229, 1000.000000000000000 ) ;
#1015 = VECTOR ( 'NONE', #503, 1000.000000000000000 ) ;
#1016 = DIRECTION ( 'NONE',  ( 0.000000000000000000, 0.000000000000000000, 1.000000000000000000 ) ) ;
#1017 = EDGE_LOOP ( 'NONE', ( #809, #5640, #7649, #6645 ) ) ;
#1018 = CARTESIAN_POINT ( 'NONE',  ( 7.493866180599451532, 0.4935597203531288946, 5.000000000000000888 ) ) ;
#1019 = EDGE_CURVE ( 'NONE', #219, #5863, #3119, .T. ) ;
#1020 = ORIENTED_EDGE ( 'NONE', *, *, #4268, .F. ) ;
#1021 = CARTESIAN_POINT ( 'NONE',  ( 10.59999999999999964, -0.7500000000070315975, 10.15790624853725532 ) ) ;
#1022 =( GEOMETRIC_REPRESENTATION_CONTEXT ( 3 ) GLOBAL_UNCERTAINTY_ASSIGNED_CONTEXT ( ( #3567 ) ) GLOBAL_UNIT_ASSIGNED_CONTEXT ( ( #1517, #8861, #6032 ) ) REPRESENTATION_CONTEXT ( 'NONE', 'WORKASPACE' ) );
#1023 = COLOUR_RGB ( '',0.7019607843137254388, 0.7019607843137254388, 0.7019607843137254388 ) ;
#1024 = AXIS2_PLACEMENT_3D ( 'NONE', #6393, #951, #8218 ) ;
#1025 = PRODUCT_DEFINITION_CONTEXT ( 'detailed design', #6141, 'design' ) ;
#1026 =( NAMED_UNIT ( * ) SI_UNIT ( $, .STERADIAN. ) SOLID_ANGLE_UNIT ( ) );
#1027 = CARTESIAN_POINT ( 'NONE',  ( 8.000000000000000000, -4.750000000000000000, 3.200000000000000178 ) ) ;
#1028 = DIRECTION ( 'NONE',  ( 1.000000000000000000, 0.000000000000000000, -0.000000000000000000 ) ) ;
#1029 = DIRECTION ( 'NONE',  ( 0.000000000000000000, -1.000000000000000000, -0.000000000000000000 ) ) ;
#1030 = CARTESIAN_POINT ( 'NONE',  ( -3.000000000000000000, -13.94999999999999929, 0.7500000000000000000 ) ) ;
#1031 = FILL_AREA_STYLE ('',( #9459 ) ) ;
#1032 = EDGE_CURVE ( 'NONE', #10508, #1078, #9268, .T. ) ;
#1033 = SURFACE_STYLE_USAGE ( .BOTH. , #8604 ) ;
#1034 = ORIENTED_EDGE ( 'NONE', *, *, #6566, .T. ) ;
#1035 = SURFACE_SIDE_STYLE ('',( #10175 ) ) ;
#1036 = ADVANCED_FACE ( 'NONE', ( #890 ), #5473, .T. ) ;
#1037 = CIRCLE ( 'NONE', #7804, 0.5000000000000000000 ) ;
#1038 =( GEOMETRIC_REPRESENTATION_CONTEXT ( 3 ) GLOBAL_UNCERTAINTY_ASSIGNED_CONTEXT ( ( #6478 ) ) GLOBAL_UNIT_ASSIGNED_CONTEXT ( ( #6726, #1882, #3819 ) ) REPRESENTATION_CONTEXT ( 'NONE', 'WORKASPACE' ) );
#1039 = VECTOR ( 'NONE', #11110, 1000.000000000000000 ) ;
#1040 = SURFACE_STYLE_USAGE ( .BOTH. , #4715 ) ;
#1041 = EDGE_CURVE ( 'NONE', #8140, #9298, #8405, .T. ) ;
#1042 = DIRECTION ( 'NONE',  ( 0.000000000000000000, 0.000000000000000000, 1.000000000000000000 ) ) ;
#1043 = DIRECTION ( 'NONE',  ( 0.000000000000000000, 0.000000000000000000, -1.000000000000000000 ) ) ;
#1044 = DIRECTION ( 'NONE',  ( 1.000000000000000000, 0.000000000000000000, 0.000000000000000000 ) ) ;
#1045 = FILL_AREA_STYLE_COLOUR ( '', #3566 ) ;
#1046 = LINE ( 'NONE', #3992, #6621 ) ;
#1047 = PRESENTATION_LAYER_ASSIGNMENT (  '', '', ( #6247 ) ) ;
#1048 = SURFACE_STYLE_USAGE ( .BOTH. , #11889 ) ;
#1049 = CARTESIAN_POINT ( 'NONE',  ( 8.949999999999999289, -5.599999999999999645, 3.200000000000000178 ) ) ;
#1050 = FILL_AREA_STYLE ('',( #2177 ) ) ;
#1051 =( LENGTH_UNIT ( ) NAMED_UNIT ( * ) SI_UNIT ( .MILLI., .METRE. ) );
#1052 = DIRECTION ( 'NONE',  ( 0.5773502691896257311, -0.5773502691896257311, 0.5773502691896257311 ) ) ;
#1053 =( GEOMETRIC_REPRESENTATION_CONTEXT ( 3 ) GLOBAL_UNCERTAINTY_ASSIGNED_CONTEXT ( ( #192 ) ) GLOBAL_UNIT_ASSIGNED_CONTEXT ( ( #7652, #229, #3830 ) ) REPRESENTATION_CONTEXT ( 'NONE', 'WORKASPACE' ) );
#1054 = ORIENTED_EDGE ( 'NONE', *, *, #3684, .T. ) ;
#1055 = ORIENTED_EDGE ( 'NONE', *, *, #1284, .T. ) ;
#1056 = DIRECTION ( 'NONE',  ( 0.7071067811865474617, -0.7071067811865474617, 0.000000000000000000 ) ) ;
#1057 = PRESENTATION_STYLE_ASSIGNMENT (( #11339 ) ) ;
#1058 = DIRECTION ( 'NONE',  ( -0.000000000000000000, 1.000000000000000000, 0.000000000000000000 ) ) ;
#1059 = EDGE_CURVE ( 'NONE', #10848, #11058, #2629, .T. ) ;
#1060 = MECHANICAL_DESIGN_GEOMETRIC_PRESENTATION_REPRESENTATION (  '', ( #1246 ), #3362 ) ;
#1061 = LINE ( 'NONE', #115, #2196 ) ;
#1062 = CARTESIAN_POINT ( 'NONE',  ( 11.09999999999999964, 4.250000000000000000, 7.900000000007000089 ) ) ;
#1063 = APPLICATION_PROTOCOL_DEFINITION ( 'draft international standard', 'automotive_design', 1998, #1358 ) ;
#1064 = ORIENTED_EDGE ( 'NONE', *, *, #1908, .T. ) ;
#1065 = PRESENTATION_LAYER_ASSIGNMENT (  '', '', ( #9332 ) ) ;
#1066 = EDGE_LOOP ( 'NONE', ( #7739, #6655, #1486, #6123, #7651 ) ) ;
#1067 = FACE_OUTER_BOUND ( 'NONE', #10827, .T. ) ;
#1068 = STYLED_ITEM ( 'NONE', ( #10973 ), #1811 ) ;
#1069 = PRESENTATION_LAYER_ASSIGNMENT (  '', '', ( #6871 ) ) ;
#1070 = ORIENTED_EDGE ( 'NONE', *, *, #2865, .T. ) ;
#1071 = CARTESIAN_POINT ( 'NONE',  ( 3.000000000000000000, -8.000000000000000000, 0.7500000000000000000 ) ) ;
#1072 = PRESENTATION_STYLE_ASSIGNMENT (( #8049 ) ) ;
#1073 = FILL_AREA_STYLE_COLOUR ( '', #2235 ) ;
#1074 = DIRECTION ( 'NONE',  ( -0.000000000000000000, -0.000000000000000000, -1.000000000000000000 ) ) ;
#1075 = CLOSED_SHELL ( 'NONE', ( #1514, #6376, #7873, #3753 ) ) ;
#1076 = VERTEX_POINT ( 'NONE', #3036 ) ;
#1077 = VECTOR ( 'NONE', #5887, 1000.000000000000000 ) ;
#1078 = VERTEX_POINT ( 'NONE', #9446 ) ;
#1079 = FILL_AREA_STYLE_COLOUR ( '', #2387 ) ;
#1080 = PRESENTATION_STYLE_ASSIGNMENT (( #9392 ) ) ;
#1081 = CIRCLE ( 'NONE', #4168, 2.299999999999999822 ) ;
#1082 =( BOUNDED_SURFACE ( )  B_SPLINE_SURFACE ( 3, 3, ( 
 ( #4354, #850, #4594, #10040 ),
 ( #8168, #1640, #6229, #1747 ),
 ( #5255, #11693, #5319, #11872 ),
 ( #10947, #8234, #8976, #85 ) ),
 .UNSPECIFIED., .F., .F., .F. ) 
 B_SPLINE_SURFACE_WITH_KNOTS ( ( 4, 4 ),
 ( 4, 4 ),
 ( 0.000000000000000000, 1.000000000000000000 ),
 ( 0.000000000000000000, 1.000000000000000000 ),
 .UNSPECIFIED. ) 
 GEOMETRIC_REPRESENTATION_ITEM ( )  RATIONAL_B_SPLINE_SURFACE ( (
 ( 1.000000000000000000, 0.3476177914007780312, 0.3476177914007780312, 1.000000000000000000),
 ( 0.3404669246885170253, 0.1183523604052373196, 0.1183523604052373196, 0.3404669246885170253),
 ( 0.3404669246885170253, 0.1183523604052373196, 0.1183523604052373196, 0.3404669246885170253),
 ( 1.000000000000000000, 0.3476177914007780312, 0.3476177914007780312, 1.000000000000000000) ) ) 
 REPRESENTATION_ITEM ( '' )  SURFACE ( )  );
#1083 = COLOUR_RGB ( '',0.9137254901960784048, 0.5137254901960783826, 0.1372549019607843257 ) ;
#1084 = CARTESIAN_POINT ( 'NONE',  ( 8.000000000000000000, 4.750000000000000000, 0.8000000000000000444 ) ) ;
#1085 = ORIENTED_EDGE ( 'NONE', *, *, #6199, .F. ) ;
#1086 = ADVANCED_BREP_SHAPE_REPRESENTATION ( '', ( #11378, #3260 ), #2108 ) ;
#1087 = CYLINDRICAL_SURFACE ( 'NONE', #8434, 2.000000000000000000 ) ;
#1088 = VECTOR ( 'NONE', #9134, 1000.000000000000000 ) ;
#1089 = MECHANICAL_DESIGN_GEOMETRIC_PRESENTATION_REPRESENTATION (  '', ( #3399 ), #11738 ) ;
#1090 = EDGE_CURVE ( 'NONE', #6324, #11316, #6437, .T. ) ;
#1091 = DIRECTION ( 'NONE',  ( 0.000000000000000000, 0.000000000000000000, -1.000000000000000000 ) ) ;
#1092 =( LENGTH_UNIT ( ) NAMED_UNIT ( * ) SI_UNIT ( .MILLI., .METRE. ) );
#1093 = DIRECTION ( 'NONE',  ( -1.000000000000000000, -0.000000000000000000, -0.000000000000000000 ) ) ;
#1094 = DIRECTION ( 'NONE',  ( 0.000000000000000000, 0.000000000000000000, 1.000000000000000000 ) ) ;
#1095 = SURFACE_STYLE_USAGE ( .BOTH. , #5681 ) ;
#1096 = DIRECTION ( 'NONE',  ( -1.000000000000000000, 0.000000000000000000, 0.000000000000000000 ) ) ;
#1097 =( NAMED_UNIT ( * ) PLANE_ANGLE_UNIT ( ) SI_UNIT ( $, .RADIAN. ) );
#1098 =( NAMED_UNIT ( * ) SI_UNIT ( $, .STERADIAN. ) SOLID_ANGLE_UNIT ( ) );
#1099 =( GEOMETRIC_REPRESENTATION_CONTEXT ( 3 ) GLOBAL_UNCERTAINTY_ASSIGNED_CONTEXT ( ( #9496 ) ) GLOBAL_UNIT_ASSIGNED_CONTEXT ( ( #1730, #4390, #9202 ) ) REPRESENTATION_CONTEXT ( 'NONE', 'WORKASPACE' ) );
#1100 = AXIS2_PLACEMENT_3D ( 'NONE', #9675, #11667, #5043 ) ;
#1101 = B_SPLINE_CURVE_WITH_KNOTS ( 'NONE', 3,
 ( #5594, #1018, #2857, #8413, #7505, #6340, #5422, #6578, #10284, #8227, #11930, #6700, #4871, #2085, #10400, #6644, #6757, #313, #7740, #5835, #1130, #8527, #8472, #372, #197, #7623, #8593, #3845, #3106, #5776, #9450, #3976, #8717, #7560, #2923, #4756, #11303, #4817, #10341, #434, #7680, #4096, #11363, #6826 ),
 .UNSPECIFIED., .F., .F.,
 ( 4, 2, 2, 2, 2, 2, 2, 2, 2, 2, 2, 2, 2, 2, 2, 2, 2, 2, 2, 2, 2, 4 ),
 ( 0.02374121656771145672, 0.02522504260319342537, 0.02670886863867539401, 0.02819269467415735919, 0.02893460769189834525, 0.02967652070963932784, 0.03116034674512129649, 0.03264417278060326166, 0.03338608579834424772, 0.03412799881608523378, 0.03561182485156719202, 0.03635373786930817808, 0.03709565088704915720, 0.03857947692253112237, 0.04006330295801308061, 0.04080521597575406667, 0.04154712899349503885, 0.04303095502897701097, 0.04451478106445898308, 0.04599860709994094826, 0.04674052011768193432, 0.04748243313542291344 ),
 .UNSPECIFIED. ) ;
#1102 = PRODUCT ( 'COMPOUND013', 'COMPOUND013', '', ( #11034 ) ) ;
#1103 = ORIENTED_EDGE ( 'NONE', *, *, #8622, .F. ) ;
#1104 = ORIENTED_EDGE ( 'NONE', *, *, #6763, .F. ) ;
#1105 = ORIENTED_EDGE ( 'NONE', *, *, #8474, .T. ) ;
#1106 = FILL_AREA_STYLE ('',( #8499 ) ) ;
#1107 = PRESENTATION_STYLE_ASSIGNMENT (( #3013 ) ) ;
#1108 =( GEOMETRIC_REPRESENTATION_CONTEXT ( 3 ) GLOBAL_UNCERTAINTY_ASSIGNED_CONTEXT ( ( #11541 ) ) GLOBAL_UNIT_ASSIGNED_CONTEXT ( ( #5701, #6448, #8453 ) ) REPRESENTATION_CONTEXT ( 'NONE', 'WORKASPACE' ) );
#1109 = LINE ( 'NONE', #3137, #10649 ) ;
#1110 = PLANE ( 'NONE',  #2575 ) ;
#1111 = DIRECTION ( 'NONE',  ( 1.000000000000000000, 0.000000000000000000, 0.000000000000000000 ) ) ;
#1112 =( GEOMETRIC_REPRESENTATION_CONTEXT ( 3 ) GLOBAL_UNCERTAINTY_ASSIGNED_CONTEXT ( ( #2695 ) ) GLOBAL_UNIT_ASSIGNED_CONTEXT ( ( #6564, #4020, #8400 ) ) REPRESENTATION_CONTEXT ( 'NONE', 'WORKASPACE' ) );
#1113 = ITEM_DEFINED_TRANSFORMATION ( 'NONE', 'NONE', #29,  #3260 ) ;
#1114 = VECTOR ( 'NONE', #9047, 1000.000000000000000 ) ;
#1115 = VERTEX_POINT ( 'NONE', #11294 ) ;
#1116 = ORIENTED_EDGE ( 'NONE', *, *, #2731, .T. ) ;
#1117 =( LENGTH_UNIT ( ) NAMED_UNIT ( * ) SI_UNIT ( .MILLI., .METRE. ) );
#1118 = EDGE_CURVE ( 'NONE', #4667, #3223, #5641, .T. ) ;
#1119 = ORIENTED_EDGE ( 'NONE', *, *, #6964, .F. ) ;
#1120 = LINE ( 'NONE', #11225, #4501 ) ;
#1121 = LINE ( 'NONE', #5825, #11031 ) ;
#1122 = DIRECTION ( 'NONE',  ( 0.000000000000000000, 0.000000000000000000, -1.000000000000000000 ) ) ;
#1123 = CARTESIAN_POINT ( 'NONE',  ( -4.700000000000000178, -8.949999999999999289, 0.000000000000000000 ) ) ;
#1124 = FILL_AREA_STYLE_COLOUR ( '', #835 ) ;
#1125 = FILL_AREA_STYLE ('',( #9448 ) ) ;
#1126 = UNCERTAINTY_MEASURE_WITH_UNIT (LENGTH_MEASURE( 1.000000000000000082E-05 ), #61, 'distance_accuracy_value', 'NONE');
#1127 =( NAMED_UNIT ( * ) PLANE_ANGLE_UNIT ( ) SI_UNIT ( $, .RADIAN. ) );
#1128 = VECTOR ( 'NONE', #4655, 1000.000000000000000 ) ;
#1129 = VERTEX_POINT ( 'NONE', #1309 ) ;
#1130 = CARTESIAN_POINT ( 'NONE',  ( 0.4970991266694919086, 7.493556277576213454, 4.999999999999994671 ) ) ;
#1131 = ADVANCED_FACE ( 'NONE', ( #4923 ), #10572, .T. ) ;
#1132 = VERTEX_POINT ( 'NONE', #10334 ) ;
#1133 = ADVANCED_FACE ( 'NONE', ( #5888, #11230 ), #4984, .F. ) ;
#1134 = FILL_AREA_STYLE ('',( #1079 ) ) ;
#1135 = UNCERTAINTY_MEASURE_WITH_UNIT (LENGTH_MEASURE( 1.000000000000000082E-05 ), #6153, 'distance_accuracy_value', 'NONE');
#1136 = DIRECTION ( 'NONE',  ( 1.000000000000000000, 1.074409378669999991E-15, -0.000000000000000000 ) ) ;
#1137 =( NAMED_UNIT ( * ) PLANE_ANGLE_UNIT ( ) SI_UNIT ( $, .RADIAN. ) );
#1138 = FACE_OUTER_BOUND ( 'NONE', #3673, .T. ) ;
#1139 = DIRECTION ( 'NONE',  ( 1.000000000000000000, 0.000000000000000000, 0.000000000000000000 ) ) ;
#1140 = ORIENTED_EDGE ( 'NONE', *, *, #3793, .T. ) ;
#1141 = PLANE ( 'NONE',  #10761 ) ;
#1142 = UNCERTAINTY_MEASURE_WITH_UNIT (LENGTH_MEASURE( 1.000000000000000082E-05 ), #4835, 'distance_accuracy_value', 'NONE');
#1143 = DIRECTION ( 'NONE',  ( 1.000000000000000000, 0.000000000000000000, 0.000000000000000000 ) ) ;
#1144 = CARTESIAN_POINT ( 'NONE',  ( 10.59999999999999964, -4.250000000000000000, 7.900000000001998757 ) ) ;
#1145 = DIRECTION ( 'NONE',  ( -0.000000000000000000, 1.000000000000000000, 0.000000000000000000 ) ) ;
#1146 = CARTESIAN_POINT ( 'NONE',  ( 2.600000000000000089, -8.949999999999999289, 4.400000000000000355 ) ) ;
#1147 = PLANE ( 'NONE',  #33 ) ;
#1148 = CARTESIAN_POINT ( 'NONE',  ( 10.59999999999999964, -2.500000000000000000, 4.649999999997000089 ) ) ;
#1149 = CARTESIAN_POINT ( 'NONE',  ( 9.750000000000000000, -2.500000000000000000, -3.700000000000000178 ) ) ;
#1150 = MECHANICAL_DESIGN_GEOMETRIC_PRESENTATION_REPRESENTATION (  '', ( #8308 ), #3060 ) ;
#1151 = ORIENTED_EDGE ( 'NONE', *, *, #4124, .T. ) ;
#1152 = ORIENTED_EDGE ( 'NONE', *, *, #10503, .T. ) ;
#1153 = DIRECTION ( 'NONE',  ( 0.000000000000000000, 0.000000000000000000, -1.000000000000000000 ) ) ;
#1154 = FILL_AREA_STYLE ('',( #3875 ) ) ;
#1155 = CARTESIAN_POINT ( 'NONE',  ( -8.000000000000000000, 3.450000000000000178, 6.000000000000000000 ) ) ;
#1156 = AXIS2_PLACEMENT_3D ( 'NONE', #9617, #3100, #7915 ) ;
#1157 = STYLED_ITEM ( 'NONE', ( #66 ), #11557 ) ;
#1158 =( NAMED_UNIT ( * ) PLANE_ANGLE_UNIT ( ) SI_UNIT ( $, .RADIAN. ) );
#1159 = EDGE_CURVE ( 'NONE', #8690, #4063, #8773, .T. ) ;
#1160 = STYLED_ITEM ( 'NONE', ( #4375 ), #7987 ) ;
#1161 = DIRECTION ( 'NONE',  ( -0.000000000000000000, -0.000000000000000000, -1.000000000000000000 ) ) ;
#1162 = SURFACE_SIDE_STYLE ('',( #4616 ) ) ;
#1163 = EDGE_CURVE ( 'NONE', #10095, #9487, #1802, .T. ) ;
#1164 = ORIENTED_EDGE ( 'NONE', *, *, #412, .T. ) ;
#1165 = EDGE_LOOP ( 'NONE', ( #8439, #981, #7798, #10996 ) ) ;
#1166 =( NAMED_UNIT ( * ) PLANE_ANGLE_UNIT ( ) SI_UNIT ( $, .RADIAN. ) );
#1167 = ORIENTED_EDGE ( 'NONE', *, *, #8506, .F. ) ;
#1168 =( NAMED_UNIT ( * ) PLANE_ANGLE_UNIT ( ) SI_UNIT ( $, .RADIAN. ) );
#1169 = MECHANICAL_DESIGN_GEOMETRIC_PRESENTATION_REPRESENTATION (  '', ( #3481 ), #8735 ) ;
#1170 =( GEOMETRIC_REPRESENTATION_CONTEXT ( 3 ) GLOBAL_UNCERTAINTY_ASSIGNED_CONTEXT ( ( #5739 ) ) GLOBAL_UNIT_ASSIGNED_CONTEXT ( ( #2455, #8848, #1444 ) ) REPRESENTATION_CONTEXT ( 'NONE', 'WORKASPACE' ) );
#1171 = LINE ( 'NONE', #2201, #4388 ) ;
#1172 = SURFACE_STYLE_USAGE ( .BOTH. , #3273 ) ;
#1173 = CARTESIAN_POINT ( 'NONE',  ( 8.000000000000000000, -4.750000000000000000, 0.8000000000000000444 ) ) ;
#1174 = CARTESIAN_POINT ( 'NONE',  ( -6.799999999999999822, -6.800000000000000711, 11.00000000000000000 ) ) ;
#1175 = SURFACE_STYLE_FILL_AREA ( #1012 ) ;
#1176 = PRODUCT_DEFINITION ( 'UNKNOWN', '', #3372, #6341 ) ;
#1177 = DIRECTION ( 'NONE',  ( 0.000000000000000000, 0.000000000000000000, 1.000000000000000000 ) ) ;
#1178 = PRODUCT_DEFINITION_SHAPE ( 'NONE', 'NONE',  #11978 ) ;
#1179 = PRESENTATION_LAYER_ASSIGNMENT (  '', '', ( #989 ) ) ;
#1180 = VERTEX_POINT ( 'NONE', #3215 ) ;
#1181 = LINE ( 'NONE', #3042, #8560 ) ;
#1182 = ORIENTED_EDGE ( 'NONE', *, *, #1348, .T. ) ;
#1183 = SURFACE_SIDE_STYLE ('',( #4035 ) ) ;
#1184 = PRESENTATION_LAYER_ASSIGNMENT (  '', '', ( #1586 ) ) ;
#1185 = MECHANICAL_DESIGN_GEOMETRIC_PRESENTATION_REPRESENTATION (  '', ( #6605 ), #1953 ) ;
#1186 = FILL_AREA_STYLE_COLOUR ( '', #5900 ) ;
#1187 = STYLED_ITEM ( 'NONE', ( #2229 ), #3530 ) ;
#1188 = AXIS2_PLACEMENT_3D ( 'NONE', #7340, #1654, #3513 ) ;
#1189 = PLANE ( 'NONE',  #4248 ) ;
#1190 = CARTESIAN_POINT ( 'NONE',  ( -8.000000000000000000, 8.000000000000000000, 0.000000000000000000 ) ) ;
#1191 = PRODUCT_DEFINITION_SHAPE ( 'NONE', 'NONE',  #6516 ) ;
#1192 = DIRECTION ( 'NONE',  ( -0.000000000000000000, -0.000000000000000000, 1.000000000000000000 ) ) ;
#1193 = MECHANICAL_DESIGN_GEOMETRIC_PRESENTATION_REPRESENTATION (  '', ( #447 ), #8761 ) ;
#1194 = DIRECTION ( 'NONE',  ( 0.000000000000000000, 0.000000000000000000, -1.000000000000000000 ) ) ;
#1195 = FACE_OUTER_BOUND ( 'NONE', #11389, .T. ) ;
#1196 = APPLICATION_CONTEXT ( 'automotive_design' ) ;
#1197 = ADVANCED_FACE ( 'NONE', ( #9898 ), #9781, .T. ) ;
#1198 = ORIENTED_EDGE ( 'NONE', *, *, #2418, .T. ) ;
#1199 = STYLED_ITEM ( 'NONE', ( #6049 ), #7480 ) ;
#1200 = DIRECTION ( 'NONE',  ( 0.000000000000000000, 0.000000000000000000, -1.000000000000000000 ) ) ;
#1201 = STYLED_ITEM ( 'NONE', ( #1791 ), #842 ) ;
#1202 = AXIS2_PLACEMENT_3D ( 'NONE', #11568, #2354, #2240 ) ;
#1203 = PRESENTATION_STYLE_ASSIGNMENT (( #7638 ) ) ;
#1204 = CARTESIAN_POINT ( 'NONE',  ( 8.775000000000000355, -2.250000000000000444, 9.400000000000000355 ) ) ;
#1205 = VECTOR ( 'NONE', #2687, 1000.000000000000000 ) ;
#1206 = CARTESIAN_POINT ( 'NONE',  ( 0.4250000000000074274, -0.9249999999999924949, 12.13059553467978624 ) ) ;
#1207 = SURFACE_SIDE_STYLE ('',( #8552 ) ) ;
#1208 = CARTESIAN_POINT ( 'NONE',  ( 1.750000000000000000, -7.449999999999999289, 5.599999999999999645 ) ) ;
#1209 =( LENGTH_UNIT ( ) NAMED_UNIT ( * ) SI_UNIT ( .MILLI., .METRE. ) );
#1210 = DIRECTION ( 'NONE',  ( 1.000000000000000000, 0.000000000000000000, 0.000000000000000000 ) ) ;
#1211 = COLOUR_RGB ( '',0.8196078431372548767, 0.8000000000000000444, 0.7529411764705882248 ) ;
#1212 = CARTESIAN_POINT ( 'NONE',  ( -8.146008012803568121, -6.883387911746891241, 11.64906504453219149 ) ) ;
#1213 = DIRECTION ( 'NONE',  ( -0.000000000000000000, 1.000000000000000000, 0.000000000000000000 ) ) ;
#1214 =( LENGTH_UNIT ( ) NAMED_UNIT ( * ) SI_UNIT ( .MILLI., .METRE. ) );
#1215 = ADVANCED_FACE ( 'NONE', ( #11599 ), #10691, .F. ) ;
#1216 = ORIENTED_EDGE ( 'NONE', *, *, #6782, .F. ) ;
#1217 = ORIENTED_EDGE ( 'NONE', *, *, #7271, .T. ) ;
#1218 = CARTESIAN_POINT ( 'NONE',  ( 0.000000000000000000, 11.09999999999999964, 0.8000000000000000444 ) ) ;
#1219 = CARTESIAN_POINT ( 'NONE',  ( -7.500000000000000000, -7.500000000000000000, 2.600000000000000533 ) ) ;
#1220 = FILL_AREA_STYLE_COLOUR ( '', #7520 ) ;
#1221 = DIRECTION ( 'NONE',  ( 0.000000000000000000, 0.000000000000000000, 1.000000000000000000 ) ) ;
#1222 = PRESENTATION_STYLE_ASSIGNMENT (( #1945 ) ) ;
#1223 = CARTESIAN_POINT ( 'NONE',  ( -4.750000000000000000, 8.000000000000000000, 0.000000000000000000 ) ) ;
#1224 = PRESENTATION_STYLE_ASSIGNMENT (( #2853 ) ) ;
#1225 = CARTESIAN_POINT ( 'NONE',  ( 0.000000000000000000, 9.750000000000000000, 0.000000000000000000 ) ) ;
#1226 = CYLINDRICAL_SURFACE ( 'NONE', #3459, 0.5999999999999998668 ) ;
#1227 = ADVANCED_FACE ( 'NONE', ( #7966, #1545 ), #8023, .T. ) ;
#1228 =( LENGTH_UNIT ( ) NAMED_UNIT ( * ) SI_UNIT ( .MILLI., .METRE. ) );
#1229 = VECTOR ( 'NONE', #1029, 1000.000000000000000 ) ;
#1230 = ORIENTED_EDGE ( 'NONE', *, *, #10768, .T. ) ;
#1231 = VERTEX_POINT ( 'NONE', #4726 ) ;
#1232 = ORIENTED_EDGE ( 'NONE', *, *, #8768, .F. ) ;
#1233 = AXIS2_PLACEMENT_3D ( 'NONE', #3388, #9769, #7101 ) ;
#1234 = EDGE_CURVE ( 'NONE', #9054, #498, #2946, .T. ) ;
#1235 =( NAMED_UNIT ( * ) PLANE_ANGLE_UNIT ( ) SI_UNIT ( $, .RADIAN. ) );
#1236 = SURFACE_SIDE_STYLE ('',( #4859 ) ) ;
#1237 = SURFACE_STYLE_FILL_AREA ( #1920 ) ;
#1238 = DIRECTION ( 'NONE',  ( 0.000000000000000000, -1.000000000000000000, -0.000000000000000000 ) ) ;
#1239 =( GEOMETRIC_REPRESENTATION_CONTEXT ( 3 ) GLOBAL_UNCERTAINTY_ASSIGNED_CONTEXT ( ( #1858 ) ) GLOBAL_UNIT_ASSIGNED_CONTEXT ( ( #940, #9479, #2010 ) ) REPRESENTATION_CONTEXT ( 'NONE', 'WORKASPACE' ) );
#1240 = EDGE_CURVE ( 'NONE', #8660, #8379, #5683, .T. ) ;
#1241 = SURFACE_SIDE_STYLE ('',( #7099 ) ) ;
#1242 = UNCERTAINTY_MEASURE_WITH_UNIT (LENGTH_MEASURE( 1.000000000000000082E-05 ), #11859, 'distance_accuracy_value', 'NONE');
#1243 = LINE ( 'NONE', #590, #11144 ) ;
#1244 = DIRECTION ( 'NONE',  ( 1.000000000000000000, 0.000000000000000000, 0.000000000000000000 ) ) ;
#1245 = MECHANICAL_DESIGN_GEOMETRIC_PRESENTATION_REPRESENTATION (  '', ( #2209 ), #8016 ) ;
#1246 = STYLED_ITEM ( 'NONE', ( #2048 ), #3015 ) ;
#1247 = ORIENTED_EDGE ( 'NONE', *, *, #6028, .F. ) ;
#1248 = PRESENTATION_STYLE_ASSIGNMENT (( #9566 ) ) ;
#1249 = VERTEX_POINT ( 'NONE', #2104 ) ;
#1250 = B_SPLINE_CURVE_WITH_KNOTS ( 'NONE', 3,
 ( #10964, #805, #696, #6365, #5274, #9109, #865, #7155, #2658, #1597, #4369, #6302, #7046, #8010, #3517, #8186, #639, #7279, #5386, #5449, #9176, #5334, #2542, #9998, #7954, #8075, #10743, #9053, #6121, #3391, #9822, #11822, #11770, #1534, #4314, #747, #7102, #6179, #4422, #7219, #8307, #4551, #11017, #8376, #9239 ),
 .UNSPECIFIED., .F., .F.,
 ( 4, 2, 2, 2, 2, 2, 2, 2, 2, 2, 1, 2, 2, 2, 2, 2, 2, 2, 2, 2, 2, 2, 4 ),
 ( 0.000000000000000000, 0.001483826035481969298, 0.002967652070963938595, 0.004451478106445907676, 0.005193391124186892867, 0.005935304141927877190, 0.007419130177409843235, 0.008902956212891810148, 0.01038678224837377706, 0.01112869526611476138, 0.01187060828385574397, 0.01261252130159672656, 0.01335443431933770742, 0.01483826035481967433, 0.01558017337256065865, 0.01632208639030164471, 0.01780591242578360989, 0.01854782544352459248, 0.01928973846126557160, 0.02077356449674753330, 0.02225739053222949501, 0.02299930354997047760, 0.02374121656771145672 ),
 .UNSPECIFIED. ) ;
#1251 = DIRECTION ( 'NONE',  ( 0.000000000000000000, 0.000000000000000000, 1.000000000000000000 ) ) ;
#1252 = SURFACE_SIDE_STYLE ('',( #8480 ) ) ;
#1253 = UNCERTAINTY_MEASURE_WITH_UNIT (LENGTH_MEASURE( 1.000000000000000082E-05 ), #8727, 'distance_accuracy_value', 'NONE');
#1254 = CIRCLE ( 'NONE', #7451, 1.199999999999999734 ) ;
#1255 = SURFACE_STYLE_USAGE ( .BOTH. , #11369 ) ;
#1256 = CARTESIAN_POINT ( 'NONE',  ( 2.250000000000000444, 8.000000000000000000, 9.400000000000000355 ) ) ;
#1257 = FILL_AREA_STYLE_COLOUR ( '', #8163 ) ;
#1258 = FILL_AREA_STYLE ('',( #7690 ) ) ;
#1259 = DIRECTION ( 'NONE',  ( -1.000000000000000000, 0.000000000000000000, 0.000000000000000000 ) ) ;
#1260 = ADVANCED_FACE ( 'NONE', ( #10188 ), #7529, .F. ) ;
#1261 = CARTESIAN_POINT ( 'NONE',  ( 2.750000000000000444, -8.250000000000000000, -3.700000000000000178 ) ) ;
#1262 = CARTESIAN_POINT ( 'NONE',  ( 8.000000000000000000, 5.599999999999999645, 3.200000000000000178 ) ) ;
#1263 = VERTEX_POINT ( 'NONE', #213 ) ;
#1264 = ORIENTED_EDGE ( 'NONE', *, *, #755, .F. ) ;
#1265 = PRODUCT_DEFINITION_FORMATION_WITH_SPECIFIED_SOURCE ( 'ANY', '', #10938, .NOT_KNOWN. ) ;
#1266 = CLOSED_SHELL ( 'NONE', ( #9973, #10513, #7579, #1759, #11880, #1197, #4779, #47, #8246, #7331, #1751, #10631, #2690, #11076, #1369, #9852, #361, #3331, #11231, #2142, #5524, #3034, #2996, #4411, #3367, #11945, #875 ) ) ;
#1267 = COLOUR_RGB ( '',0.7019607843137254388, 0.7019607843137254388, 0.7019607843137254388 ) ;
#1268 = ADVANCED_FACE ( 'NONE', ( #99 ), #6734, .T. ) ;
#1269 = EDGE_CURVE ( 'NONE', #4135, #10633, #8687, .T. ) ;
#1270 = UNCERTAINTY_MEASURE_WITH_UNIT (LENGTH_MEASURE( 1.000000000000000082E-05 ), #10882, 'distance_accuracy_value', 'NONE');
#1271 =( NAMED_UNIT ( * ) PLANE_ANGLE_UNIT ( ) SI_UNIT ( $, .RADIAN. ) );
#1272 = MECHANICAL_DESIGN_GEOMETRIC_PRESENTATION_REPRESENTATION (  '', ( #1667 ), #7264 ) ;
#1273 = SURFACE_SIDE_STYLE ('',( #9581 ) ) ;
#1274 = SURFACE_STYLE_FILL_AREA ( #2352 ) ;
#1275 = CARTESIAN_POINT ( 'NONE',  ( 1.708578643762690419, -7.532842712474620228, 5.700000000000001066 ) ) ;
#1276 = CARTESIAN_POINT ( 'NONE',  ( -7.000000000000000000, 6.650000000000000355, 0.000000000000000000 ) ) ;
#1277 = UNCERTAINTY_MEASURE_WITH_UNIT (LENGTH_MEASURE( 1.000000000000000082E-05 ), #1092, 'distance_accuracy_value', 'NONE');
#1278 = CYLINDRICAL_SURFACE ( 'NONE', #11223, 1.199999999999999734 ) ;
#1279 = SURFACE_SIDE_STYLE ('',( #5075 ) ) ;
#1280 = PLANE ( 'NONE',  #6292 ) ;
#1281 = STYLED_ITEM ( 'NONE', ( #3581 ), #5624 ) ;
#1282 = ORIENTED_EDGE ( 'NONE', *, *, #2073, .T. ) ;
#1283 = ORIENTED_EDGE ( 'NONE', *, *, #31, .T. ) ;
#1284 = EDGE_CURVE ( 'NONE', #9181, #5420, #3342, .T. ) ;
#1285 = EDGE_CURVE ( 'NONE', #5467, #3648, #11387, .T. ) ;
#1286 =( NAMED_UNIT ( * ) SI_UNIT ( $, .STERADIAN. ) SOLID_ANGLE_UNIT ( ) );
#1287 = EDGE_CURVE ( 'NONE', #5802, #11472, #6781, .T. ) ;
#1288 = CARTESIAN_POINT ( 'NONE',  ( -8.000000000000000000, -3.450000000000000178, 2.600000000000000533 ) ) ;
#1289 = DIRECTION ( 'NONE',  ( -0.000000000000000000, -1.000000000000000000, -0.000000000000000000 ) ) ;
#1290 = CARTESIAN_POINT ( 'NONE',  ( -1.400000000000000133, -12.94999999999999929, 4.200000000000000178 ) ) ;
#1291 = VECTOR ( 'NONE', #2675, 1000.000000000000000 ) ;
#1293 = CARTESIAN_POINT ( 'NONE',  ( 3.000000000000000000, -8.000000000000000000, 0.000000000000000000 ) ) ;
#1292 = AXIS2_PLACEMENT_3D ( 'NONE', #9784, #10630, #1499 ) ;
#1294 = DIRECTION ( 'NONE',  ( 1.000000000000000000, -1.586032892321999976E-15, 0.000000000000000000 ) ) ;
#1295 = CARTESIAN_POINT ( 'NONE',  ( 0.4749711655149043699, 0.8750288344850961630, 12.13395806230482599 ) ) ;
#1296 = DIRECTION ( 'NONE',  ( -1.000000000000000000, -0.000000000000000000, 0.000000000000000000 ) ) ;
#1297 = CONTEXT_DEPENDENT_SHAPE_REPRESENTATION ( #10029, #2043 ) ;
#1298 = VERTEX_POINT ( 'NONE', #10480 ) ;
#1299 = COLOUR_RGB ( '',0.9137254901960784048, 0.5137254901960783826, 0.1372549019607843257 ) ;
#1300 = VERTEX_POINT ( 'NONE', #5917 ) ;
#1301 = CARTESIAN_POINT ( 'NONE',  ( 0.000000000000000000, -8.000000000000000000, 2.600000000000000533 ) ) ;
#1302 = VECTOR ( 'NONE', #10617, 1000.000000000000000 ) ;
#1303 = EDGE_LOOP ( 'NONE', ( #6710, #9399, #11147, #8313 ) ) ;
#1304 = CARTESIAN_POINT ( 'NONE',  ( -2.000000000000000000, -12.94999999999999929, 4.200000000000000178 ) ) ;
#1305 =( NAMED_UNIT ( * ) SI_UNIT ( $, .STERADIAN. ) SOLID_ANGLE_UNIT ( ) );
#1306 = DIRECTION ( 'NONE',  ( 0.000000000000000000, 0.000000000000000000, -1.000000000000000000 ) ) ;
#1307 = FILL_AREA_STYLE_COLOUR ( '', #3816 ) ;
#1308 = DIRECTION ( 'NONE',  ( 0.000000000000000000, 0.000000000000000000, 1.000000000000000000 ) ) ;
#1309 = CARTESIAN_POINT ( 'NONE',  ( -2.750000000000000444, -12.75000000000000178, 0.000000000000000000 ) ) ;
#1310 = PLANE ( 'NONE',  #8027 ) ;
#1311 =( GEOMETRIC_REPRESENTATION_CONTEXT ( 3 ) GLOBAL_UNCERTAINTY_ASSIGNED_CONTEXT ( ( #7084 ) ) GLOBAL_UNIT_ASSIGNED_CONTEXT ( ( #10931, #1677, #3663 ) ) REPRESENTATION_CONTEXT ( 'NONE', 'WORKASPACE' ) );
#1312 = COLOUR_RGB ( '',0.8196078431372548767, 0.8000000000000000444, 0.7529411764705882248 ) ;
#1313 = PRESENTATION_STYLE_ASSIGNMENT (( #5831 ) ) ;
#1314 = SURFACE_STYLE_FILL_AREA ( #9616 ) ;
#1315 = DIRECTION ( 'NONE',  ( 0.000000000000000000, 0.000000000000000000, 1.000000000000000000 ) ) ;
#1316 = EDGE_CURVE ( 'NONE', #11218, #8671, #11573, .T. ) ;
#1317 = ORIENTED_EDGE ( 'NONE', *, *, #4682, .F. ) ;
#1318 = CIRCLE ( 'NONE', #2646, 0.5999999999999998668 ) ;
#1319 = ORIENTED_EDGE ( 'NONE', *, *, #6870, .T. ) ;
#1320 = CARTESIAN_POINT ( 'NONE',  ( -8.000000000000000000, -6.799999999999999822, 2.600000000000000533 ) ) ;
#1321 = CARTESIAN_POINT ( 'NONE',  ( -3.250000000000000444, -12.75000000000000178, 0.000000000000000000 ) ) ;
#1322 = SURFACE_STYLE_USAGE ( .BOTH. , #4218 ) ;
#1323 = FILL_AREA_STYLE ('',( #2153 ) ) ;
#1324 = SURFACE_STYLE_USAGE ( .BOTH. , #7748 ) ;
#1325 = DIRECTION ( 'NONE',  ( 1.000000000000000000, -0.000000000000000000, -0.000000000000000000 ) ) ;
#1326 = VERTEX_POINT ( 'NONE', #9645 ) ;
#1327 =( NAMED_UNIT ( * ) SI_UNIT ( $, .STERADIAN. ) SOLID_ANGLE_UNIT ( ) );
#1328 = DIRECTION ( 'NONE',  ( 0.000000000000000000, 0.000000000000000000, -1.000000000000000000 ) ) ;
#1329 = LINE ( 'NONE', #9694, #3126 ) ;
#1330 = FILL_AREA_STYLE ('',( #9640 ) ) ;
#1331 = CARTESIAN_POINT ( 'NONE',  ( -6.799999999999999822, 6.799999999999999822, 2.600000000000000533 ) ) ;
#1332 = SURFACE_SIDE_STYLE ('',( #1274 ) ) ;
#1333 = FILL_AREA_STYLE ('',( #11510 ) ) ;
#1334 = FILL_AREA_STYLE_COLOUR ( '', #11027 ) ;
#1335 = CARTESIAN_POINT ( 'NONE',  ( -0.3499999999999999778, -8.000000000000000000, 0.000000000000000000 ) ) ;
#1336 =( NAMED_UNIT ( * ) SI_UNIT ( $, .STERADIAN. ) SOLID_ANGLE_UNIT ( ) );
#1337 = PRODUCT_DEFINITION ( 'UNKNOWN', '', #1842, #8531 ) ;
#1338 = VERTEX_POINT ( 'NONE', #5860 ) ;
#1339 = MECHANICAL_DESIGN_GEOMETRIC_PRESENTATION_REPRESENTATION (  '', ( #8302 ), #6750 ) ;
#1340 = FILL_AREA_STYLE ('',( #9654 ) ) ;
#1341 =( LENGTH_UNIT ( ) NAMED_UNIT ( * ) SI_UNIT ( .MILLI., .METRE. ) );
#1342 = CARTESIAN_POINT ( 'NONE',  ( -1.649999999999999911, -10.94999999999999929, 5.700000000000000178 ) ) ;
#1343 =( NAMED_UNIT ( * ) PLANE_ANGLE_UNIT ( ) SI_UNIT ( $, .RADIAN. ) );
#1344 = DIRECTION ( 'NONE',  ( -0.000000000000000000, -0.000000000000000000, -1.000000000000000000 ) ) ;
#1345 = FACE_OUTER_BOUND ( 'NONE', #10983, .T. ) ;
#1346 = STYLED_ITEM ( 'NONE', ( #2122 ), #11945 ) ;
#1347 = CIRCLE ( 'NONE', #4435, 0.5000000000000004441 ) ;
#1348 = EDGE_CURVE ( 'NONE', #9567, #6060, #10605, .T. ) ;
#1349 = CONTEXT_DEPENDENT_SHAPE_REPRESENTATION ( #11898, #9521 ) ;
#1350 = EDGE_LOOP ( 'NONE', ( #553, #1724, #2094, #6249, #7476, #5351 ) ) ;
#1351 = ORIENTED_EDGE ( 'NONE', *, *, #1792, .T. ) ;
#1352 = VERTEX_POINT ( 'NONE', #4119 ) ;
#1353 = VERTEX_POINT ( 'NONE', #1399 ) ;
#1354 = DIRECTION ( 'NONE',  ( -1.000000000000000000, 3.581364595565000168E-16, 0.000000000000000000 ) ) ;
#1355 =( GEOMETRIC_REPRESENTATION_CONTEXT ( 3 ) GLOBAL_UNCERTAINTY_ASSIGNED_CONTEXT ( ( #10459 ) ) GLOBAL_UNIT_ASSIGNED_CONTEXT ( ( #6177, #10846, #9052 ) ) REPRESENTATION_CONTEXT ( 'NONE', 'WORKASPACE' ) );
#1356 = DIRECTION ( 'NONE',  ( -0.000000000000000000, -0.000000000000000000, -1.000000000000000000 ) ) ;
#1357 = VECTOR ( 'NONE', #193, 1000.000000000000000 ) ;
#1358 = APPLICATION_CONTEXT ( 'automotive_design' ) ;
#1359 = CARTESIAN_POINT ( 'NONE',  ( 6.799999999999998934, 6.799999999999998934, 11.00000000000000000 ) ) ;
#1360 = FACE_OUTER_BOUND ( 'NONE', #4555, .T. ) ;
#1361 = CARTESIAN_POINT ( 'NONE',  ( -3.000000000000000000, -7.249999927356999940, 6.200000000000001066 ) ) ;
#1362 = PRESENTATION_LAYER_ASSIGNMENT (  '', '', ( #6576 ) ) ;
#1363 = DIRECTION ( 'NONE',  ( -0.7071067811865474617, -0.7071067811865474617, 0.000000000000000000 ) ) ;
#1364 = DIRECTION ( 'NONE',  ( 0.000000000000000000, 0.000000000000000000, 1.000000000000000000 ) ) ;
#1365 =( NAMED_UNIT ( * ) SI_UNIT ( $, .STERADIAN. ) SOLID_ANGLE_UNIT ( ) );
#1366 = UNCERTAINTY_MEASURE_WITH_UNIT (LENGTH_MEASURE( 1.000000000000000082E-05 ), #965, 'distance_accuracy_value', 'NONE');
#1367 = FACE_OUTER_BOUND ( 'NONE', #5542, .T. ) ;
#1368 = CARTESIAN_POINT ( 'NONE',  ( 0.000000000000000000, 0.000000000000000000, 0.000000000000000000 ) ) ;
#1369 = ADVANCED_FACE ( 'NONE', ( #9584 ), #7827, .T. ) ;
#1370 = PRESENTATION_LAYER_ASSIGNMENT (  '', '', ( #8930 ) ) ;
#1371 = VERTEX_POINT ( 'NONE', #75 ) ;
#1372 = SURFACE_STYLE_USAGE ( .BOTH. , #10702 ) ;
#1373 = VECTOR ( 'NONE', #4934, 1000.000000000000000 ) ;
#1374 = ORIENTED_EDGE ( 'NONE', *, *, #6083, .T. ) ;
#1375 = PRESENTATION_STYLE_ASSIGNMENT (( #11423 ) ) ;
#1376 = DIRECTION ( 'NONE',  ( 0.000000000000000000, 1.000000000000000000, 0.000000000000000000 ) ) ;
#1377 = FILL_AREA_STYLE ('',( #3289 ) ) ;
#1378 =( NAMED_UNIT ( * ) SI_UNIT ( $, .STERADIAN. ) SOLID_ANGLE_UNIT ( ) );
#1379 = UNCERTAINTY_MEASURE_WITH_UNIT (LENGTH_MEASURE( 1.000000000000000082E-05 ), #3323, 'distance_accuracy_value', 'NONE');
#1380 = PLANE ( 'NONE',  #1588 ) ;
#1381 = AXIS2_PLACEMENT_3D ( 'NONE', #10444, #4087, #9443 ) ;
#1382 = ORIENTED_EDGE ( 'NONE', *, *, #4796, .T. ) ;
#1383 = VERTEX_POINT ( 'NONE', #1021 ) ;
#1384 = EDGE_CURVE ( 'NONE', #10913, #9651, #11305, .T. ) ;
#1385 = PLANE ( 'NONE',  #11055 ) ;
#1386 =( GEOMETRIC_REPRESENTATION_CONTEXT ( 3 ) GLOBAL_UNCERTAINTY_ASSIGNED_CONTEXT ( ( #7922 ) ) GLOBAL_UNIT_ASSIGNED_CONTEXT ( ( #7350, #5627, #11276 ) ) REPRESENTATION_CONTEXT ( 'NONE', 'WORKASPACE' ) );
#1387 =( GEOMETRIC_REPRESENTATION_CONTEXT ( 3 ) GLOBAL_UNCERTAINTY_ASSIGNED_CONTEXT ( ( #7934 ) ) GLOBAL_UNIT_ASSIGNED_CONTEXT ( ( #11900, #1664, #3649 ) ) REPRESENTATION_CONTEXT ( 'NONE', 'WORKASPACE' ) );
#1388 = VECTOR ( 'NONE', #10429, 1000.000000000000000 ) ;
#1389 = CIRCLE ( 'NONE', #1188, 1.199999999999999734 ) ;
#1390 = MECHANICAL_DESIGN_GEOMETRIC_PRESENTATION_REPRESENTATION (  '', ( #56 ), #9714 ) ;
#1391 = COLOUR_RGB ( '',0.7019607843137254388, 0.7019607843137254388, 0.7019607843137254388 ) ;
#1392 = UNCERTAINTY_MEASURE_WITH_UNIT (LENGTH_MEASURE( 1.000000000000000082E-05 ), #1816, 'distance_accuracy_value', 'NONE');
#1393 = LINE ( 'NONE', #9577, #7991 ) ;
#1394 = EDGE_CURVE ( 'NONE', #7546, #10005, #8189, .T. ) ;
#1395 = SURFACE_SIDE_STYLE ('',( #10722 ) ) ;
#1396 = DIRECTION ( 'NONE',  ( 0.000000000000000000, -0.000000000000000000, -1.000000000000000000 ) ) ;
#1397 = EDGE_CURVE ( 'NONE', #9212, #2781, #11237, .T. ) ;
#1398 = UNCERTAINTY_MEASURE_WITH_UNIT (LENGTH_MEASURE( 1.000000000000000082E-05 ), #2633, 'distance_accuracy_value', 'NONE');
#1399 = CARTESIAN_POINT ( 'NONE',  ( 8.000000000000000000, 6.799999999999999822, 2.600000000000000533 ) ) ;
#1400 = MECHANICAL_DESIGN_GEOMETRIC_PRESENTATION_REPRESENTATION (  '', ( #5053 ), #2545 ) ;
#1401 = AXIS2_PLACEMENT_3D ( 'NONE', #1005, #8464, #127 ) ;
#1402 = EDGE_CURVE ( 'NONE', #9536, #8325, #5661, .T. ) ;
#1403 = VECTOR ( 'NONE', #9906, 1000.000000000000000 ) ;
#1404 = COLOUR_RGB ( '',0.8196078431372548767, 0.8000000000000000444, 0.7529411764705882248 ) ;
#1405 = ORIENTED_EDGE ( 'NONE', *, *, #876, .F. ) ;
#1406 = ORIENTED_EDGE ( 'NONE', *, *, #3483, .T. ) ;
#1407 = VECTOR ( 'NONE', #11621, 1000.000000000000000 ) ;
#1408 = FILL_AREA_STYLE_COLOUR ( '', #824 ) ;
#1409 = SURFACE_SIDE_STYLE ('',( #7892 ) ) ;
#1410 = VECTOR ( 'NONE', #6225, 1000.000000000000000 ) ;
#1411 = SURFACE_STYLE_USAGE ( .BOTH. , #6865 ) ;
#1412 = SURFACE_STYLE_USAGE ( .BOTH. , #2533 ) ;
#1413 =( NAMED_UNIT ( * ) PLANE_ANGLE_UNIT ( ) SI_UNIT ( $, .RADIAN. ) );
#1414 = VECTOR ( 'NONE', #4644, 1000.000000000000000 ) ;
#1415 = CARTESIAN_POINT ( 'NONE',  ( 1.708578643762690641, -10.94999999999999929, 5.700000000000001066 ) ) ;
#1416 = CYLINDRICAL_SURFACE ( 'NONE', #997, 2.000000000000000000 ) ;
#1417 = CYLINDRICAL_SURFACE ( 'NONE', #9892, 1.200000000000000622 ) ;
#1418 = SURFACE_STYLE_FILL_AREA ( #5809 ) ;
#1419 = ADVANCED_FACE ( 'NONE', ( #2033 ), #10286, .T. ) ;
#1420 = CARTESIAN_POINT ( 'NONE',  ( -0.3499999999999999778, -8.000000000000000000, 0.000000000000000000 ) ) ;
#1421 = AXIS2_PLACEMENT_3D ( 'NONE', #11662, #9727, #7055 ) ;
#1422 = FILL_AREA_STYLE ('',( #2376 ) ) ;
#1423 = AXIS2_PLACEMENT_3D ( 'NONE', #2199, #9558, #5770 ) ;
#1424 = ORIENTED_EDGE ( 'NONE', *, *, #539, .F. ) ;
#1425 = MECHANICAL_DESIGN_GEOMETRIC_PRESENTATION_REPRESENTATION (  '', ( #10123 ), #9920 ) ;
#1426 = ORIENTED_EDGE ( 'NONE', *, *, #3253, .F. ) ;
#1427 = VERTEX_POINT ( 'NONE', #9329 ) ;
#1428 = ORIENTED_EDGE ( 'NONE', *, *, #1619, .F. ) ;
#1429 = CARTESIAN_POINT ( 'NONE',  ( -8.000000000000000000, 5.599999999999998757, 0.000000000000000000 ) ) ;
#1430 = CARTESIAN_POINT ( 'NONE',  ( 4.750000000000000000, 8.949999999999999289, 0.000000000000000000 ) ) ;
#1431 = EDGE_CURVE ( 'NONE', #6577, #10732, #11121, .T. ) ;
#1432 = SURFACE_SIDE_STYLE ('',( #8770 ) ) ;
#1433 = CYLINDRICAL_SURFACE ( 'NONE', #7574, 2.500000000000000444 ) ;
#1434 =( NAMED_UNIT ( * ) PLANE_ANGLE_UNIT ( ) SI_UNIT ( $, .RADIAN. ) );
#1435 = AXIS2_PLACEMENT_3D ( 'NONE', #3848, #1251, #8343 ) ;
#1436 = CARTESIAN_POINT ( 'NONE',  ( 4.750000000000000000, 8.949999999999999289, 0.000000000000000000 ) ) ;
#1437 =( NAMED_UNIT ( * ) PLANE_ANGLE_UNIT ( ) SI_UNIT ( $, .RADIAN. ) );
#1438 = ORIENTED_EDGE ( 'NONE', *, *, #671, .T. ) ;
#1439 = DIRECTION ( 'NONE',  ( -1.000000000000000000, 0.000000000000000000, 0.000000000000000000 ) ) ;
#1440 = CIRCLE ( 'NONE', #113, 1.249999999999999778 ) ;
#1441 = ORIENTED_EDGE ( 'NONE', *, *, #2013, .T. ) ;
#1442 = CIRCLE ( 'NONE', #7231, 0.5000000000000000000 ) ;
#1443 = CARTESIAN_POINT ( 'NONE',  ( -2.500000000002999823, 10.59999999999999964, 4.650000000000000355 ) ) ;
#1444 =( NAMED_UNIT ( * ) SI_UNIT ( $, .STERADIAN. ) SOLID_ANGLE_UNIT ( ) );
#1445 = ADVANCED_FACE ( 'NONE', ( #10403 ), #6646, .T. ) ;
#1446 = FILL_AREA_STYLE ('',( #3045 ) ) ;
#1447 = CARTESIAN_POINT ( 'NONE',  ( 9.750000000000000000, -2.500000000000000000, 0.8000000000000000444 ) ) ;
#1448 = PRESENTATION_STYLE_ASSIGNMENT (( #1322 ) ) ;
#1449 = SURFACE_STYLE_USAGE ( .BOTH. , #6953 ) ;
#1450 = CARTESIAN_POINT ( 'NONE',  ( -8.000000000000000000, -2.725000000000000089, 0.000000000000000000 ) ) ;
#1451 = CARTESIAN_POINT ( 'NONE',  ( 9.750000000000000000, -2.500000000000000000, 0.8000000000000000444 ) ) ;
#1452 = STYLED_ITEM ( 'NONE', ( #3292 ), #3948 ) ;
#1453 = ORIENTED_EDGE ( 'NONE', *, *, #10676, .T. ) ;
#1454 =( GEOMETRIC_REPRESENTATION_CONTEXT ( 3 ) GLOBAL_UNCERTAINTY_ASSIGNED_CONTEXT ( ( #7182 ) ) GLOBAL_UNIT_ASSIGNED_CONTEXT ( ( #920, #7526, #5745 ) ) REPRESENTATION_CONTEXT ( 'NONE', 'WORKASPACE' ) );
#1455 =( NAMED_UNIT ( * ) SI_UNIT ( $, .STERADIAN. ) SOLID_ANGLE_UNIT ( ) );
#1456 = VERTEX_POINT ( 'NONE', #9844 ) ;
#1457 = SURFACE_SIDE_STYLE ('',( #5310 ) ) ;
#1458 = VECTOR ( 'NONE', #10919, 1000.000000000000000 ) ;
#1459 = MECHANICAL_DESIGN_GEOMETRIC_PRESENTATION_REPRESENTATION (  '', ( #5110 ), #2408 ) ;
#1460 = CARTESIAN_POINT ( 'NONE',  ( 11.09999999999999964, -4.250000000000000000, 6.399999999992998845 ) ) ;
#1461 = B_SPLINE_CURVE_WITH_KNOTS ( 'NONE', 3,
 ( #4845, #6739, #5806, #4967 ),
 .UNSPECIFIED., .F., .F.,
 ( 4, 4 ),
 ( 1.919037845299342848E-17, 0.0008499999999999720886 ),
 .UNSPECIFIED. ) ;
#1462 = CARTESIAN_POINT ( 'NONE',  ( 1.750000000000000000, -10.94999999999999929, 5.599999999999999645 ) ) ;
#1463 = FILL_AREA_STYLE_COLOUR ( '', #5833 ) ;
#1464 = DIRECTION ( 'NONE',  ( 1.000000000000000000, 0.000000000000000000, 0.000000000000000000 ) ) ;
#1465 =( NAMED_UNIT ( * ) SI_UNIT ( $, .STERADIAN. ) SOLID_ANGLE_UNIT ( ) );
#1466 = LINE ( 'NONE', #2244, #6588 ) ;
#1467 = SURFACE_STYLE_FILL_AREA ( #7179 ) ;
#1468 = DIRECTION ( 'NONE',  ( 1.000000000000000000, 0.000000000000000000, 0.000000000000000000 ) ) ;
#1469 = PRESENTATION_LAYER_ASSIGNMENT (  '', '', ( #6880 ) ) ;
#1470 = ORIENTED_EDGE ( 'NONE', *, *, #2341, .T. ) ;
#1471 = EDGE_CURVE ( 'NONE', #5111, #11773, #10637, .T. ) ;
#1472 = VERTEX_POINT ( 'NONE', #9681 ) ;
#1473 =( GEOMETRIC_REPRESENTATION_CONTEXT ( 3 ) GLOBAL_UNCERTAINTY_ASSIGNED_CONTEXT ( ( #7674 ) ) GLOBAL_UNIT_ASSIGNED_CONTEXT ( ( #9382, #7553, #2912 ) ) REPRESENTATION_CONTEXT ( 'NONE', 'WORKASPACE' ) );
#1474 = PRODUCT ( 'COMPOUND018', 'COMPOUND018', '', ( #6318 ) ) ;
#1475 = FILL_AREA_STYLE ('',( #1408 ) ) ;
#1476 = FILL_AREA_STYLE ('',( #11579 ) ) ;
#1477 = DIRECTION ( 'NONE',  ( -1.000000000000000000, 0.000000000000000000, 0.000000000000000000 ) ) ;
#1478 = DIRECTION ( 'NONE',  ( -0.000000000000000000, 0.000000000000000000, 1.000000000000000000 ) ) ;
#1479 = CARTESIAN_POINT ( 'NONE',  ( 11.09999999999999787, 4.750000000000000000, 9.400000000000000355 ) ) ;
#1480 = CARTESIAN_POINT ( 'NONE',  ( -1.750000000000000000, -10.94999999999999929, 5.599999999999999645 ) ) ;
#1481 = LINE ( 'NONE', #10798, #6894 ) ;
#1482 = PLANE ( 'NONE',  #6608 ) ;
#1483 = CARTESIAN_POINT ( 'NONE',  ( 7.386071179369595896, 6.852424748005589983, 12.11971761073360199 ) ) ;
#1484 = AXIS2_PLACEMENT_3D ( 'NONE', #10660, #7884, #1468 ) ;
#1485 = DIRECTION ( 'NONE',  ( -0.000000000000000000, -1.000000000000000000, -0.000000000000000000 ) ) ;
#1486 = ORIENTED_EDGE ( 'NONE', *, *, #8981, .T. ) ;
#1487 = ORIENTED_EDGE ( 'NONE', *, *, #2341, .F. ) ;
#1488 = EDGE_LOOP ( 'NONE', ( #5175, #1917 ) ) ;
#1489 = ORIENTED_EDGE ( 'NONE', *, *, #10869, .T. ) ;
#1490 = AXIS2_PLACEMENT_3D ( 'NONE', #8961, #5178, #7069 ) ;
#1491 = CARTESIAN_POINT ( 'NONE',  ( -2.750000000000000444, -8.250000000000000000, 0.000000000000000000 ) ) ;
#1492 = VECTOR ( 'NONE', #3805, 1000.000000000000000 ) ;
#1493 = CARTESIAN_POINT ( 'NONE',  ( -7.492820323027550522, 7.492820323027550522, 11.69282032302755070 ) ) ;
#1494 = DIRECTION ( 'NONE',  ( -1.000000000000000000, 0.000000000000000000, 0.000000000000000000 ) ) ;
#1495 = FILL_AREA_STYLE ('',( #8201 ) ) ;
#1496 = PRESENTATION_STYLE_ASSIGNMENT (( #2444 ) ) ;
#1497 = CARTESIAN_POINT ( 'NONE',  ( -6.799999999999999822, 6.799999999999999822, 11.00000000000000000 ) ) ;
#1498 = UNCERTAINTY_MEASURE_WITH_UNIT (LENGTH_MEASURE( 1.000000000000000082E-05 ), #9252, 'distance_accuracy_value', 'NONE');
#1499 = DIRECTION ( 'NONE',  ( 1.000000000000000000, 0.000000000000000000, 0.000000000000000000 ) ) ;
#1500 = DIRECTION ( 'NONE',  ( 0.000000000000000000, 0.000000000000000000, 1.000000000000000000 ) ) ;
#1501 =( GEOMETRIC_REPRESENTATION_CONTEXT ( 3 ) GLOBAL_UNCERTAINTY_ASSIGNED_CONTEXT ( ( #1498 ) ) GLOBAL_UNIT_ASSIGNED_CONTEXT ( ( #9252, #992, #2896 ) ) REPRESENTATION_CONTEXT ( 'NONE', 'WORKASPACE' ) );
#1502 = EDGE_CURVE ( 'NONE', #1712, #2924, #194, .T. ) ;
#1503 = ORIENTED_EDGE ( 'NONE', *, *, #10700, .F. ) ;
#1504 = FILL_AREA_STYLE ('',( #3466 ) ) ;
#1505 = ORIENTED_EDGE ( 'NONE', *, *, #523, .T. ) ;
#1506 = MECHANICAL_DESIGN_GEOMETRIC_PRESENTATION_REPRESENTATION (  '', ( #6922 ), #7509 ) ;
#1507 = CARTESIAN_POINT ( 'NONE',  ( -0.5749999999999999556, -0.7750000000000001332, 5.000000000000000000 ) ) ;
#1508 = DIRECTION ( 'NONE',  ( 0.000000000000000000, -0.000000000000000000, -1.000000000000000000 ) ) ;
#1509 = SURFACE_STYLE_FILL_AREA ( #602 ) ;
#1510 = SURFACE_STYLE_USAGE ( .BOTH. , #7923 ) ;
#1511 = ORIENTED_EDGE ( 'NONE', *, *, #3791, .T. ) ;
#1512 = ADVANCED_FACE ( 'NONE', ( #11547 ), #9740, .T. ) ;
#1513 = VECTOR ( 'NONE', #4842, 1000.000000000000000 ) ;
#1514 = ADVANCED_FACE ( 'NONE', ( #7068 ), #375, .T. ) ;
#1515 = PRESENTATION_LAYER_ASSIGNMENT (  '', '', ( #8684 ) ) ;
#1516 = UNCERTAINTY_MEASURE_WITH_UNIT (LENGTH_MEASURE( 1.000000000000000082E-05 ), #1548, 'distance_accuracy_value', 'NONE');
#1517 =( LENGTH_UNIT ( ) NAMED_UNIT ( * ) SI_UNIT ( .MILLI., .METRE. ) );
#1518 = LINE ( 'NONE', #4351, #2653 ) ;
#1519 = PRESENTATION_STYLE_ASSIGNMENT (( #3125 ) ) ;
#1520 = DIRECTION ( 'NONE',  ( 1.000000000000000000, 0.000000000000000000, -0.000000000000000000 ) ) ;
#1521 = SURFACE_STYLE_FILL_AREA ( #1333 ) ;
#1522 = STYLED_ITEM ( 'NONE', ( #7334 ), #9466 ) ;
#1523 =( GEOMETRIC_REPRESENTATION_CONTEXT ( 3 ) GLOBAL_UNCERTAINTY_ASSIGNED_CONTEXT ( ( #6105 ) ) GLOBAL_UNIT_ASSIGNED_CONTEXT ( ( #1997, #9753, #6851 ) ) REPRESENTATION_CONTEXT ( 'NONE', 'WORKASPACE' ) );
#1524 = UNCERTAINTY_MEASURE_WITH_UNIT (LENGTH_MEASURE( 1.000000000000000082E-05 ), #9814, 'distance_accuracy_value', 'NONE');
#1525 = LINE ( 'NONE', #8002, #10179 ) ;
#1526 = ADVANCED_BREP_SHAPE_REPRESENTATION ( '', ( #7743, #3260 ), #8320 ) ;
#1527 = EDGE_LOOP ( 'NONE', ( #1737, #1790, #11289, #11205 ) ) ;
#1528 = CARTESIAN_POINT ( 'NONE',  ( -4.750000000000000000, 8.949999999999999289, 0.000000000000000000 ) ) ;
#1529 =( NAMED_UNIT ( * ) PLANE_ANGLE_UNIT ( ) SI_UNIT ( $, .RADIAN. ) );
#1530 = SURFACE_STYLE_FILL_AREA ( #6923 ) ;
#1531 = PRESENTATION_STYLE_ASSIGNMENT (( #11704 ) ) ;
#1532 = CARTESIAN_POINT ( 'NONE',  ( -8.699999999999999289, -3.450000000000000622, 2.600000000000000533 ) ) ;
#1533 = SURFACE_STYLE_FILL_AREA ( #1595 ) ;
#1534 = CARTESIAN_POINT ( 'NONE',  ( 5.639127032019740859, -4.941745007563856262, 4.999999999999999112 ) ) ;
#1535 = COLOUR_RGB ( '',0.09803921568627450844, 0.09803921568627450844, 0.09803921568627450844 ) ;
#1536 = ORIENTED_EDGE ( 'NONE', *, *, #881, .T. ) ;
#1537 = EDGE_LOOP ( 'NONE', ( #6303, #10255, #11250, #946, #9551, #6972 ) ) ;
#1538 = ORIENTED_EDGE ( 'NONE', *, *, #8915, .T. ) ;
#1539 = DIRECTION ( 'NONE',  ( -1.000000000000000000, -0.000000000000000000, 0.000000000000000000 ) ) ;
#1540 = CARTESIAN_POINT ( 'NONE',  ( 5.599999999999999645, 8.000000000000000000, 0.000000000000000000 ) ) ;
#1541 = PLANE ( 'NONE',  #2520 ) ;
#1542 = EDGE_CURVE ( 'NONE', #4607, #5207, #6144, .T. ) ;
#1543 =( GEOMETRIC_REPRESENTATION_CONTEXT ( 3 ) GLOBAL_UNCERTAINTY_ASSIGNED_CONTEXT ( ( #5001 ) ) GLOBAL_UNIT_ASSIGNED_CONTEXT ( ( #231, #8452, #6625 ) ) REPRESENTATION_CONTEXT ( 'NONE', 'WORKASPACE' ) );
#1544 = MECHANICAL_DESIGN_GEOMETRIC_PRESENTATION_REPRESENTATION (  '', ( #5193 ), #4824 ) ;
#1545 = FACE_OUTER_BOUND ( 'NONE', #8956, .T. ) ;
#1546 = CARTESIAN_POINT ( 'NONE',  ( 2.500000000000000000, -13.44999999999999929, 4.200000000000000178 ) ) ;
#1547 = EDGE_CURVE ( 'NONE', #6948, #11390, #1440, .T. ) ;
#1548 =( LENGTH_UNIT ( ) NAMED_UNIT ( * ) SI_UNIT ( .MILLI., .METRE. ) );
#1549 = APPLICATION_PROTOCOL_DEFINITION ( 'draft international standard', 'automotive_design', 1998, #384 ) ;
#1550 = ORIENTED_EDGE ( 'NONE', *, *, #9472, .F. ) ;
#1551 = ORIENTED_EDGE ( 'NONE', *, *, #2731, .F. ) ;
#1552 = AXIS2_PLACEMENT_3D ( 'NONE', #6212, #11740, #9140 ) ;
#1553 = EDGE_LOOP ( 'NONE', ( #3613, #9125, #8997, #2405 ) ) ;
#1554 = CARTESIAN_POINT ( 'NONE',  ( 7.493997331348297486, 0.001999436067721544353, 5.000000000000000000 ) ) ;
#1555 = SURFACE_STYLE_FILL_AREA ( #6206 ) ;
#1556 = CARTESIAN_POINT ( 'NONE',  ( 5.590292409647829253, 7.304363314851280542, 12.89559725964753589 ) ) ;
#1557 = CARTESIAN_POINT ( 'NONE',  ( 2.000000000000000000, -12.94999999999999929, 4.400000000000000355 ) ) ;
#1558 = FILL_AREA_STYLE ('',( #9138 ) ) ;
#1559 = AXIS2_PLACEMENT_3D ( 'NONE', #3739, #8523, #1973 ) ;
#1560 = FILL_AREA_STYLE_COLOUR ( '', #5999 ) ;
#1561 =( GEOMETRIC_REPRESENTATION_CONTEXT ( 3 ) GLOBAL_UNCERTAINTY_ASSIGNED_CONTEXT ( ( #4046 ) ) GLOBAL_UNIT_ASSIGNED_CONTEXT ( ( #761, #11843, #9068 ) ) REPRESENTATION_CONTEXT ( 'NONE', 'WORKASPACE' ) );
#1562 = EDGE_LOOP ( 'NONE', ( #6081, #10033, #10147, #420, #462 ) ) ;
#1563 = SHAPE_REPRESENTATION_RELATIONSHIP ( 'NONE' , 'NONE' ,  #7598, #10337 ) ;
#1564 = PRODUCT_DEFINITION_SHAPE ( 'NONE', 'NONE',  #11970 ) ;
#1565 = VERTEX_POINT ( 'NONE', #6266 ) ;
#1566 = AXIS2_PLACEMENT_3D ( 'NONE', #9414, #3938, #4897 ) ;
#1567 = FILL_AREA_STYLE ('',( #8971 ) ) ;
#1568 = FILL_AREA_STYLE ('',( #9856 ) ) ;
#1569 =( GEOMETRIC_REPRESENTATION_CONTEXT ( 3 ) GLOBAL_UNCERTAINTY_ASSIGNED_CONTEXT ( ( #5948 ) ) GLOBAL_UNIT_ASSIGNED_CONTEXT ( ( #10240, #7516, #2869 ) ) REPRESENTATION_CONTEXT ( 'NONE', 'WORKASPACE' ) );
#1570 = FILL_AREA_STYLE ('',( #9086 ) ) ;
#1571 = EDGE_CURVE ( 'NONE', #9113, #1845, #11787, .T. ) ;
#1572 = CARTESIAN_POINT ( 'NONE',  ( -4.250000000000000000, 11.09999999999999964, 7.900000000007000089 ) ) ;
#1573 = CARTESIAN_POINT ( 'NONE',  ( 0.000000000000000000, -7.500000000000000000, 11.70000000000000107 ) ) ;
#1574 =( NAMED_UNIT ( * ) PLANE_ANGLE_UNIT ( ) SI_UNIT ( $, .RADIAN. ) );
#1575 = MECHANICAL_DESIGN_GEOMETRIC_PRESENTATION_REPRESENTATION (  '', ( #4086 ), #3491 ) ;
#1576 = CARTESIAN_POINT ( 'NONE',  ( -3.450000000000000622, -14.40000000000000036, 2.600000000000000533 ) ) ;
#1577 = EDGE_LOOP ( 'NONE', ( #5015, #2871, #4095, #3086, #475 ) ) ;
#1578 = DIRECTION ( 'NONE',  ( -0.000000000000000000, 1.000000000000000000, 0.000000000000000000 ) ) ;
#1579 = PRESENTATION_LAYER_ASSIGNMENT (  '', '', ( #8360 ) ) ;
#1580 = CARTESIAN_POINT ( 'NONE',  ( 11.09999999999999964, 2.250000000000000444, 11.40000000000000036 ) ) ;
#1581 = STYLED_ITEM ( 'NONE', ( #851 ), #3882 ) ;
#1582 = PRESENTATION_LAYER_ASSIGNMENT (  '', '', ( #6214 ) ) ;
#1583 =( LENGTH_UNIT ( ) NAMED_UNIT ( * ) SI_UNIT ( .MILLI., .METRE. ) );
#1584 = FACE_OUTER_BOUND ( 'NONE', #7612, .T. ) ;
#1585 = CARTESIAN_POINT ( 'NONE',  ( 11.09999999999999964, -4.250000000000000000, 6.399999999992999733 ) ) ;
#1586 = STYLED_ITEM ( 'NONE', ( #38 ), #1975 ) ;
#1587 =( NAMED_UNIT ( * ) SI_UNIT ( $, .STERADIAN. ) SOLID_ANGLE_UNIT ( ) );
#1588 = AXIS2_PLACEMENT_3D ( 'NONE', #7871, #2404, #604 ) ;
#1589 = CARTESIAN_POINT ( 'NONE',  ( -0.4249999999999999889, 0.9250000000000000444, 5.000000000000000000 ) ) ;
#1590 = MECHANICAL_DESIGN_GEOMETRIC_PRESENTATION_REPRESENTATION (  '', ( #11847 ), #2358 ) ;
#1591 = CARTESIAN_POINT ( 'NONE',  ( 6.799999999999999822, 6.799999999999999822, 11.00000000000000000 ) ) ;
#1592 = EDGE_CURVE ( 'NONE', #7889, #3264, #10928, .T. ) ;
#1593 = VECTOR ( 'NONE', #3600, 1000.000000000000000 ) ;
#1594 = VECTOR ( 'NONE', #3369, 1000.000000000000000 ) ;
#1595 = FILL_AREA_STYLE ('',( #10907 ) ) ;
#1596 = CARTESIAN_POINT ( 'NONE',  ( -0.3499999999999999778, 3.449999999999999734, 2.600000000000000533 ) ) ;
#1597 = CARTESIAN_POINT ( 'NONE',  ( -5.633921393015770995, -4.947668058373722033, 5.000000000000000000 ) ) ;
#1598 = PRESENTATION_LAYER_ASSIGNMENT (  '', '', ( #4108 ) ) ;
#1599 = EDGE_LOOP ( 'NONE', ( #4582, #1167, #4930, #2797, #7924, #1247, #4825, #6434, #4521, #8640, #6862, #7561, #2213, #3468, #7472, #5814, #11616, #812, #8765, #2747, #9944, #4192, #5479, #2561, #9839, #1939 ) ) ;
#1600 = PRESENTATION_LAYER_ASSIGNMENT (  '', '', ( #1199 ) ) ;
#1601 = ORIENTED_EDGE ( 'NONE', *, *, #9225, .T. ) ;
#1602 = EDGE_LOOP ( 'NONE', ( #10060, #6931, #5391, #9956 ) ) ;
#1603 = AXIS2_PLACEMENT_3D ( 'NONE', #5826, #3967, #1363 ) ;
#1604 = COLOUR_RGB ( '',0.7019607843137254388, 0.7019607843137254388, 0.7019607843137254388 ) ;
#1605 = ORIENTED_EDGE ( 'NONE', *, *, #5152, .T. ) ;
#1606 = CARTESIAN_POINT ( 'NONE',  ( 0.4249999999999999889, -0.9250000000000000444, 5.000000000000000000 ) ) ;
#1607 = FILL_AREA_STYLE_COLOUR ( '', #7648 ) ;
#1608 = CARTESIAN_POINT ( 'NONE',  ( -8.000000000000000000, -8.000000000000000000, 2.600000000000000533 ) ) ;
#1609 = SURFACE_STYLE_USAGE ( .BOTH. , #3403 ) ;
#1610 = DIRECTION ( 'NONE',  ( 1.000000000000000000, 0.000000000000000000, -0.000000000000000000 ) ) ;
#1611 = COLOUR_RGB ( '',0.8196078431372548767, 0.8000000000000000444, 0.7529411764705882248 ) ;
#1612 = DIRECTION ( 'NONE',  ( 0.000000000000000000, -0.000000000000000000, -1.000000000000000000 ) ) ;
#1613 = VECTOR ( 'NONE', #6100, 1000.000000000000000 ) ;
#1614 =( GEOMETRIC_REPRESENTATION_CONTEXT ( 3 ) GLOBAL_UNCERTAINTY_ASSIGNED_CONTEXT ( ( #9638 ) ) GLOBAL_UNIT_ASSIGNED_CONTEXT ( ( #9269, #411, #10156 ) ) REPRESENTATION_CONTEXT ( 'NONE', 'WORKASPACE' ) );
#1615 = DIRECTION ( 'NONE',  ( 1.000000000000000000, 0.000000000000000000, 0.000000000000000000 ) ) ;
#1616 = EDGE_LOOP ( 'NONE', ( #1847, #978, #3320, #135 ) ) ;
#1617 = ORIENTED_EDGE ( 'NONE', *, *, #6034, .F. ) ;
#1618 = VERTEX_POINT ( 'NONE', #3414 ) ;
#1619 = EDGE_CURVE ( 'NONE', #7559, #3522, #7176, .T. ) ;
#1620 = CARTESIAN_POINT ( 'NONE',  ( -4.250000000000000888, 11.09999999999999964, 0.8000000000000000444 ) ) ;
#1621 = AXIS2_PLACEMENT_3D ( 'NONE', #8251, #4264, #1763 ) ;
#1622 = MECHANICAL_DESIGN_GEOMETRIC_PRESENTATION_REPRESENTATION (  '', ( #7626 ), #3545 ) ;
#1623 = DIRECTION ( 'NONE',  ( 0.000000000000000000, -0.000000000000000000, 1.000000000000000000 ) ) ;
#1624 = DIRECTION ( 'NONE',  ( 0.000000000000000000, -1.000000000000000000, -0.000000000000000000 ) ) ;
#1625 = LINE ( 'NONE', #2678, #11099 ) ;
#1626 = UNCERTAINTY_MEASURE_WITH_UNIT (LENGTH_MEASURE( 1.000000000000000082E-05 ), #6342, 'distance_accuracy_value', 'NONE');
#1627 = FILL_AREA_STYLE_COLOUR ( '', #7971 ) ;
#1628 = SURFACE_SIDE_STYLE ('',( #6273 ) ) ;
#1629 = ORIENTED_EDGE ( 'NONE', *, *, #1163, .F. ) ;
#1630 = PRESENTATION_LAYER_ASSIGNMENT (  '', '', ( #6853 ) ) ;
#1631 = STYLED_ITEM ( 'NONE', ( #5395 ), #2657 ) ;
#1632 = FACE_OUTER_BOUND ( 'NONE', #10965, .T. ) ;
#1633 = UNCERTAINTY_MEASURE_WITH_UNIT (LENGTH_MEASURE( 1.000000000000000082E-05 ), #6161, 'distance_accuracy_value', 'NONE');
#1634 = PLANE ( 'NONE',  #1423 ) ;
#1635 = STYLED_ITEM ( 'NONE', ( #5273 ), #4789 ) ;
#1636 = EDGE_CURVE ( 'NONE', #934, #71, #6654, .T. ) ;
#1637 = SURFACE_STYLE_FILL_AREA ( #1570 ) ;
#1638 = DIRECTION ( 'NONE',  ( 0.000000000000000000, 0.000000000000000000, 1.000000000000000000 ) ) ;
#1639 = PRESENTATION_STYLE_ASSIGNMENT (( #5190 ) ) ;
#1640 = CARTESIAN_POINT ( 'NONE',  ( 7.500000000000002665, 14.07829149527152879, 33.16454814037459187 ) ) ;
#1641 = COLOUR_RGB ( '',0.9137254901960784048, 0.5137254901960783826, 0.1372549019607843257 ) ;
#1642 = FACE_OUTER_BOUND ( 'NONE', #3945, .T. ) ;
#1643 = UNCERTAINTY_MEASURE_WITH_UNIT (LENGTH_MEASURE( 1.000000000000000082E-05 ), #243, 'distance_accuracy_value', 'NONE');
#1644 = VERTEX_POINT ( 'NONE', #657 ) ;
#1645 = CARTESIAN_POINT ( 'NONE',  ( 9.750000000000000000, 0.000000000000000000, 0.8000000000000000444 ) ) ;
#1646 = COLOUR_RGB ( '',0.8196078431372548767, 0.8000000000000000444, 0.7529411764705882248 ) ;
#1647 = EDGE_CURVE ( 'NONE', #5423, #7904, #2563, .T. ) ;
#1648 = FACE_OUTER_BOUND ( 'NONE', #7751, .T. ) ;
#1649 = CARTESIAN_POINT ( 'NONE',  ( -7.750000000000000000, 6.650000000000000355, 0.000000000000000000 ) ) ;
#1650 = FILL_AREA_STYLE ('',( #8926 ) ) ;
#1651 = AXIS2_PLACEMENT_3D ( 'NONE', #9005, #6133, #10812 ) ;
#1652 = DIRECTION ( 'NONE',  ( -0.000000000000000000, -1.000000000000000000, 0.000000000000000000 ) ) ;
#1653 = CLOSED_SHELL ( 'NONE', ( #11761, #4301, #10128, #9828, #10893, #2665, #3885, #499, #4, #9893, #2161, #11863, #400, #3008, #4317, #3781, #8337, #8587, #6842, #387, #10753, #5144, #4894, #3018, #2881, #11256, #842, #3530, #11074, #9603, #3869, #11498, #2312, #1512, #5624, #8057, #867 ) ) ;
#1654 = DIRECTION ( 'NONE',  ( -0.000000000000000000, -0.000000000000000000, -1.000000000000000000 ) ) ;
#1655 =( NAMED_UNIT ( * ) SI_UNIT ( $, .STERADIAN. ) SOLID_ANGLE_UNIT ( ) );
#1656 = VERTEX_POINT ( 'NONE', #1675 ) ;
#1657 = EDGE_CURVE ( 'NONE', #11670, #5369, #2759, .T. ) ;
#1658 = EDGE_CURVE ( 'NONE', #164, #8456, #1829, .T. ) ;
#1659 = PRODUCT_DEFINITION_FORMATION_WITH_SPECIFIED_SOURCE ( 'ANY', '', #6609, .NOT_KNOWN. ) ;
#1660 = EDGE_CURVE ( 'NONE', #11104, #9041, #10081, .T. ) ;
#1661 = ORIENTED_EDGE ( 'NONE', *, *, #11485, .F. ) ;
#1662 = ORIENTED_EDGE ( 'NONE', *, *, #5173, .T. ) ;
#1663 = VERTEX_POINT ( 'NONE', #8093 ) ;
#1664 =( NAMED_UNIT ( * ) PLANE_ANGLE_UNIT ( ) SI_UNIT ( $, .RADIAN. ) );
#1665 = CARTESIAN_POINT ( 'NONE',  ( 6.153667536169225016, -8.535919432333797019, 11.66862656960577560 ) ) ;
#1666 = DIRECTION ( 'NONE',  ( 0.000000000000000000, -1.000000000000000000, 0.000000000000000000 ) ) ;
#1668 =( NAMED_UNIT ( * ) SI_UNIT ( $, .STERADIAN. ) SOLID_ANGLE_UNIT ( ) );
#1667 = STYLED_ITEM ( 'NONE', ( #6751 ), #6470 ) ;
#1669 = CARTESIAN_POINT ( 'NONE',  ( 2.000000000000000000, 9.750000000000000000, 0.000000000000000000 ) ) ;
#1670 = CARTESIAN_POINT ( 'NONE',  ( 0.7500000000069999562, 10.59999999999999964, 11.40000000000000036 ) ) ;
#1671 = PRODUCT_CONTEXT ( 'NONE', #8243, 'mechanical' ) ;
#1672 = VECTOR ( 'NONE', #5054, 1000.000000000000000 ) ;
#1673 = PRESENTATION_LAYER_ASSIGNMENT (  '', '', ( #11534 ) ) ;
#1674 = ORIENTED_EDGE ( 'NONE', *, *, #8177, .F. ) ;
#1675 = CARTESIAN_POINT ( 'NONE',  ( 4.750000000000000000, 8.000000000000000000, 0.000000000000000000 ) ) ;
#1676 = FILL_AREA_STYLE_COLOUR ( '', #9253 ) ;
#1677 =( NAMED_UNIT ( * ) PLANE_ANGLE_UNIT ( ) SI_UNIT ( $, .RADIAN. ) );
#1678 = DIRECTION ( 'NONE',  ( -0.5773502691896257311, 0.5773502691896257311, 0.5773502691896257311 ) ) ;
#1679 = FILL_AREA_STYLE_COLOUR ( '', #9987 ) ;
#1680 =( LENGTH_UNIT ( ) NAMED_UNIT ( * ) SI_UNIT ( .MILLI., .METRE. ) );
#1681 = STYLED_ITEM ( 'NONE', ( #7370 ), #6396 ) ;
#1682 = AXIS2_PLACEMENT_3D ( 'NONE', #1645, #9759, #2474 ) ;
#1683 =( LENGTH_UNIT ( ) NAMED_UNIT ( * ) SI_UNIT ( .MILLI., .METRE. ) );
#1684 = ADVANCED_FACE ( 'NONE', ( #4337, #9958, #11913, #10024, #4507, #3661 ), #7365, .T. ) ;
#1685 = VERTEX_POINT ( 'NONE', #1554 ) ;
#1686 = ORIENTED_EDGE ( 'NONE', *, *, #347, .F. ) ;
#1687 = AXIS2_PLACEMENT_3D ( 'NONE', #11125, #8347, #1923 ) ;
#1688 = VECTOR ( 'NONE', #3956, 1000.000000000000000 ) ;
#1689 =( LENGTH_UNIT ( ) NAMED_UNIT ( * ) SI_UNIT ( .MILLI., .METRE. ) );
#1690 = LINE ( 'NONE', #5372, #5543 ) ;
#1691 = CARTESIAN_POINT ( 'NONE',  ( -7.336656314599950157, -6.800000000000000711, 12.07331262919989889 ) ) ;
#1692 = DIRECTION ( 'NONE',  ( 1.000000000000000000, 0.000000000000000000, -0.000000000000000000 ) ) ;
#1693 = CARTESIAN_POINT ( 'NONE',  ( 8.949999999999999289, 4.750000000000000000, 3.200000000000000178 ) ) ;
#1694 =( NAMED_UNIT ( * ) PLANE_ANGLE_UNIT ( ) SI_UNIT ( $, .RADIAN. ) );
#1695 = EDGE_CURVE ( 'NONE', #9436, #2499, #9908, .T. ) ;
#1696 = LINE ( 'NONE', #2696, #7380 ) ;
#1697 = ORIENTED_EDGE ( 'NONE', *, *, #1471, .T. ) ;
#1698 = MECHANICAL_DESIGN_GEOMETRIC_PRESENTATION_REPRESENTATION (  '', ( #7886 ), #9255 ) ;
#1699 = SURFACE_SIDE_STYLE ('',( #10180 ) ) ;
#1700 = CYLINDRICAL_SURFACE ( 'NONE', #7399, 0.5000000000000000000 ) ;
#1701 = AXIS2_PLACEMENT_3D ( 'NONE', #10843, #7837, #6170 ) ;
#1702 =( NAMED_UNIT ( * ) SI_UNIT ( $, .STERADIAN. ) SOLID_ANGLE_UNIT ( ) );
#1703 = FILL_AREA_STYLE ('',( #11949 ) ) ;
#1704 = LINE ( 'NONE', #6115, #2583 ) ;
#1705 = CARTESIAN_POINT ( 'NONE',  ( -2.000000000000000000, -12.94999999999999929, 4.400000000000000355 ) ) ;
#1706 =( NAMED_UNIT ( * ) SI_UNIT ( $, .STERADIAN. ) SOLID_ANGLE_UNIT ( ) );
#1707 = PRODUCT_DEFINITION ( 'UNKNOWN', '', #8624, #10102 ) ;
#1708 = PLANE ( 'NONE',  #9788 ) ;
#1709 = VECTOR ( 'NONE', #23, 1000.000000000000000 ) ;
#1710 = ORIENTED_EDGE ( 'NONE', *, *, #2991, .T. ) ;
#1711 = ORIENTED_EDGE ( 'NONE', *, *, #7928, .T. ) ;
#1712 = VERTEX_POINT ( 'NONE', #11165 ) ;
#1713 = ORIENTED_EDGE ( 'NONE', *, *, #3401, .T. ) ;
#1714 = DIRECTION ( 'NONE',  ( 1.000000000000000000, 0.000000000000000000, 0.000000000000000000 ) ) ;
#1715 = CARTESIAN_POINT ( 'NONE',  ( -0.7500000000014425128, 11.09999999999999964, 11.40000000000000036 ) ) ;
#1716 = CARTESIAN_POINT ( 'NONE',  ( 3.000000000000000000, -7.500000000000000000, 2.600000000000000533 ) ) ;
#1717 = FILL_AREA_STYLE ('',( #6255 ) ) ;
#1718 = EDGE_CURVE ( 'NONE', #9071, #6383, #322, .T. ) ;
#1719 = CARTESIAN_POINT ( 'NONE',  ( 10.59999999999999964, 5.551115123125999639E-16, 7.150000000000000355 ) ) ;
#1720 = CARTESIAN_POINT ( 'NONE',  ( 8.000000000000000000, 4.750000000000000000, 0.8000000000000000444 ) ) ;
#1721 = DIRECTION ( 'NONE',  ( 0.000000000000000000, 0.000000000000000000, 1.000000000000000000 ) ) ;
#1722 = ORIENTED_EDGE ( 'NONE', *, *, #8857, .T. ) ;
#1723 = EDGE_LOOP ( 'NONE', ( #2661, #4553, #6544, #4238 ) ) ;
#1724 = ORIENTED_EDGE ( 'NONE', *, *, #6964, .T. ) ;
#1725 = PRESENTATION_LAYER_ASSIGNMENT (  '', '', ( #9115 ) ) ;
#1726 = LINE ( 'NONE', #8215, #10217 ) ;
#1727 = AXIS2_PLACEMENT_3D ( 'NONE', #7525, #8491, #11261 ) ;
#1728 = SURFACE_STYLE_USAGE ( .BOTH. , #8145 ) ;
#1729 = LINE ( 'NONE', #8902, #1088 ) ;
#1730 =( LENGTH_UNIT ( ) NAMED_UNIT ( * ) SI_UNIT ( .MILLI., .METRE. ) );
#1731 = PRESENTATION_STYLE_ASSIGNMENT (( #7498 ) ) ;
#1732 = CARTESIAN_POINT ( 'NONE',  ( 2.500000000000000000, -13.44999999999999929, 0.7500000000000000000 ) ) ;
#1733 = LINE ( 'NONE', #3610, #10908 ) ;
#1734 = UNCERTAINTY_MEASURE_WITH_UNIT (LENGTH_MEASURE( 1.000000000000000082E-05 ), #2956, 'distance_accuracy_value', 'NONE');
#1735 = FILL_AREA_STYLE_COLOUR ( '', #5405 ) ;
#1736 = EDGE_CURVE ( 'NONE', #4506, #4182, #3963, .T. ) ;
#1737 = ORIENTED_EDGE ( 'NONE', *, *, #5713, .F. ) ;
#1738 = VERTEX_POINT ( 'NONE', #5706 ) ;
#1739 = DIRECTION ( 'NONE',  ( -0.5773502691896257311, 0.5773502691896257311, 0.5773502691896257311 ) ) ;
#1740 = VERTEX_POINT ( 'NONE', #123 ) ;
#1741 = PRODUCT_DEFINITION_CONTEXT ( 'detailed design', #5906, 'design' ) ;
#1742 =( NAMED_UNIT ( * ) PLANE_ANGLE_UNIT ( ) SI_UNIT ( $, .RADIAN. ) );
#1743 =( NAMED_UNIT ( * ) PLANE_ANGLE_UNIT ( ) SI_UNIT ( $, .RADIAN. ) );
#1744 = VECTOR ( 'NONE', #4450, 1000.000000000000000 ) ;
#1745 = CARTESIAN_POINT ( 'NONE',  ( -3.000000000000000000, -13.44999999999999929, 0.7500000000000000000 ) ) ;
#1746 = PLANE ( 'NONE',  #9491 ) ;
#1747 = CARTESIAN_POINT ( 'NONE',  ( 7.499999999999999112, -14.68150128523701525, 5.014693462422438408 ) ) ;
#1748 = SURFACE_STYLE_FILL_AREA ( #6409 ) ;
#1749 = UNCERTAINTY_MEASURE_WITH_UNIT (LENGTH_MEASURE( 1.000000000000000082E-05 ), #4542, 'distance_accuracy_value', 'NONE');
#1750 = SURFACE_STYLE_FILL_AREA ( #2645 ) ;
#1751 = ADVANCED_FACE ( 'NONE', ( #59 ), #10215, .T. ) ;
#1752 = ORIENTED_EDGE ( 'NONE', *, *, #6593, .T. ) ;
#1753 =( REPRESENTATION_RELATIONSHIP ('NONE','NONE', #2998, #1859 ) REPRESENTATION_RELATIONSHIP_WITH_TRANSFORMATION ( #1113 )SHAPE_REPRESENTATION_RELATIONSHIP( ) );
#1754 = AXIS2_PLACEMENT_3D ( 'NONE', #7001, #3098, #429 ) ;
#1755 = EDGE_CURVE ( 'NONE', #2562, #1805, #9588, .T. ) ;
#1756 = PRODUCT_DEFINITION_SHAPE ( 'NONE', 'NONE',  #11971 ) ;
#1757 = PRESENTATION_LAYER_ASSIGNMENT (  '', '', ( #3871 ) ) ;
#1758 = FACE_OUTER_BOUND ( 'NONE', #7021, .T. ) ;
#1759 = ADVANCED_FACE ( 'NONE', ( #2848 ), #10387, .T. ) ;
#1760 = SURFACE_SIDE_STYLE ('',( #11764 ) ) ;
#1761 =( NAMED_UNIT ( * ) SI_UNIT ( $, .STERADIAN. ) SOLID_ANGLE_UNIT ( ) );
#1762 = LINE ( 'NONE', #862, #11323 ) ;
#1763 = DIRECTION ( 'NONE',  ( -1.000000000000000000, 0.000000000000000000, -0.000000000000000000 ) ) ;
#1764 = EDGE_CURVE ( 'NONE', #6687, #4348, #9441, .T. ) ;
#1765 = FACE_OUTER_BOUND ( 'NONE', #9537, .T. ) ;
#1766 = COLOUR_RGB ( '',0.7019607843137254388, 0.7019607843137254388, 0.7019607843137254388 ) ;
#1767 = SHAPE_REPRESENTATION_RELATIONSHIP ( 'NONE' , 'NONE' ,  #10529, #6137 ) ;
#1768 = COLOUR_RGB ( '',0.9137254901960784048, 0.5137254901960783826, 0.1372549019607843257 ) ;
#1769 = VERTEX_POINT ( 'NONE', #9489 ) ;
#1770 = ORIENTED_EDGE ( 'NONE', *, *, #569, .T. ) ;
#1771 = ORIENTED_EDGE ( 'NONE', *, *, #2073, .F. ) ;
#1772 = PRESENTATION_LAYER_ASSIGNMENT (  '', '', ( #4100 ) ) ;
#1773 = FACE_OUTER_BOUND ( 'NONE', #4357, .T. ) ;
#1774 = LINE ( 'NONE', #2711, #8754 ) ;
#1775 = LINE ( 'NONE', #5459, #5813 ) ;
#1776 = MECHANICAL_DESIGN_GEOMETRIC_PRESENTATION_REPRESENTATION (  '', ( #5246 ), #8951 ) ;
#1777 = CARTESIAN_POINT ( 'NONE',  ( -6.153667536169232122, 7.468626569605771870, 12.73591943233378743 ) ) ;
#1778 = AXIS2_PLACEMENT_3D ( 'NONE', #2146, #4032, #7799 ) ;
#1779 = STYLED_ITEM ( 'NONE', ( #11011 ), #10161 ) ;
#1780 = CARTESIAN_POINT ( 'NONE',  ( -4.700000000000000178, -14.40000000000000213, 0.000000000000000000 ) ) ;
#1781 = ADVANCED_FACE ( 'NONE', ( #8584 ), #4019, .T. ) ;
#1782 = CARTESIAN_POINT ( 'NONE',  ( -0.5000000000000000000, 9.750000000000000000, 0.8000000000000000444 ) ) ;
#1783 = CARTESIAN_POINT ( 'NONE',  ( -0.5749999999999999556, 0.7750000000000001332, 5.000000000000000000 ) ) ;
#1784 = APPLICATION_PROTOCOL_DEFINITION ( 'draft international standard', 'automotive_design', 1998, #6375 ) ;
#1785 = STYLED_ITEM ( 'NONE', ( #9168 ), #7579 ) ;
#1786 = SHAPE_REPRESENTATION ( 'COMPOUND016', ( #3260 ), #2498 ) ;
#1787 =( GEOMETRIC_REPRESENTATION_CONTEXT ( 3 ) GLOBAL_UNCERTAINTY_ASSIGNED_CONTEXT ( ( #6332 ) ) GLOBAL_UNIT_ASSIGNED_CONTEXT ( ( #9779, #10011, #1668 ) ) REPRESENTATION_CONTEXT ( 'NONE', 'WORKASPACE' ) );
#1788 = AXIS2_PLACEMENT_3D ( 'NONE', #11850, #764, #947 ) ;
#1789 = PRESENTATION_LAYER_ASSIGNMENT (  '', '', ( #7194 ) ) ;
#1790 = ORIENTED_EDGE ( 'NONE', *, *, #8574, .T. ) ;
#1791 = PRESENTATION_STYLE_ASSIGNMENT (( #996 ) ) ;
#1792 = EDGE_CURVE ( 'NONE', #9634, #9298, #5129, .T. ) ;
#1793 = ADVANCED_FACE ( 'NONE', ( #7960 ), #5941, .T. ) ;
#1794 = ORIENTED_EDGE ( 'NONE', *, *, #2608, .T. ) ;
#1795 = DIRECTION ( 'NONE',  ( 0.000000000000000000, 0.000000000000000000, -1.000000000000000000 ) ) ;
#1796 = EDGE_CURVE ( 'NONE', #8239, #11218, #7907, .T. ) ;
#1797 = DIRECTION ( 'NONE',  ( 0.000000000000000000, -1.068854917803000021E-12, -1.000000000000000000 ) ) ;
#1798 =( GEOMETRIC_REPRESENTATION_CONTEXT ( 3 ) GLOBAL_UNCERTAINTY_ASSIGNED_CONTEXT ( ( #788 ) ) GLOBAL_UNIT_ASSIGNED_CONTEXT ( ( #2466, #10830, #11167 ) ) REPRESENTATION_CONTEXT ( 'NONE', 'WORKASPACE' ) );
#1799 = CARTESIAN_POINT ( 'NONE',  ( 11.09999999999999964, 3.007906248538765315, 6.399999999999028688 ) ) ;
#1800 = PRESENTATION_LAYER_ASSIGNMENT (  '', '', ( #2732 ) ) ;
#1801 = FACE_OUTER_BOUND ( 'NONE', #3907, .T. ) ;
#1802 = CIRCLE ( 'NONE', #8578, 0.5999999999999998668 ) ;
#1803 = DIRECTION ( 'NONE',  ( 0.000000000000000000, 1.000000000000000000, -0.000000000000000000 ) ) ;
#1804 =( LENGTH_UNIT ( ) NAMED_UNIT ( * ) SI_UNIT ( .MILLI., .METRE. ) );
#1805 = VERTEX_POINT ( 'NONE', #8835 ) ;
#1806 = ORIENTED_EDGE ( 'NONE', *, *, #10082, .F. ) ;
#1807 = VERTEX_POINT ( 'NONE', #5100 ) ;
#1808 = EDGE_CURVE ( 'NONE', #4991, #2765, #5161, .T. ) ;
#1809 =( GEOMETRIC_REPRESENTATION_CONTEXT ( 3 ) GLOBAL_UNCERTAINTY_ASSIGNED_CONTEXT ( ( #9968 ) ) GLOBAL_UNIT_ASSIGNED_CONTEXT ( ( #8805, #11567, #8681 ) ) REPRESENTATION_CONTEXT ( 'NONE', 'WORKASPACE' ) );
#1810 = EDGE_LOOP ( 'NONE', ( #11655, #10994, #3087, #418 ) ) ;
#1811 = ADVANCED_FACE ( 'NONE', ( #3267 ), #2128, .T. ) ;
#1812 = FILL_AREA_STYLE ('',( #8344 ) ) ;
#1813 = CARTESIAN_POINT ( 'NONE',  ( 10.59999999999999964, 4.250000000000000000, 9.400000000000000355 ) ) ;
#1814 = SURFACE_SIDE_STYLE ('',( #8055 ) ) ;
#1815 = CYLINDRICAL_SURFACE ( 'NONE', #9930, 0.5999999999999998668 ) ;
#1816 =( LENGTH_UNIT ( ) NAMED_UNIT ( * ) SI_UNIT ( .MILLI., .METRE. ) );
#1817 = ORIENTED_EDGE ( 'NONE', *, *, #7316, .T. ) ;
#1818 = COLOUR_RGB ( '',0.8196078431372548767, 0.8000000000000000444, 0.7529411764705882248 ) ;
#1819 = CARTESIAN_POINT ( 'NONE',  ( -2.250000000000000444, 11.09999999999999964, 9.400000000000000355 ) ) ;
#1820 = AXIS2_PLACEMENT_3D ( 'NONE', #1225, #6926, #11586 ) ;
#1821 = APPLICATION_CONTEXT ( 'automotive_design' ) ;
#1822 = MECHANICAL_DESIGN_GEOMETRIC_PRESENTATION_REPRESENTATION (  '', ( #841 ), #4522 ) ;
#1823 = CARTESIAN_POINT ( 'NONE',  ( 9.750000000000000000, 2.500000000000000000, -3.700000000000000178 ) ) ;
#1824 = FACE_OUTER_BOUND ( 'NONE', #6046, .T. ) ;
#1825 = LINE ( 'NONE', #7217, #2031 ) ;
#1826 = DIRECTION ( 'NONE',  ( 0.000000000000000000, 0.000000000000000000, -1.000000000000000000 ) ) ;
#1827 = EDGE_CURVE ( 'NONE', #2329, #10149, #11113, .T. ) ;
#1828 = DIRECTION ( 'NONE',  ( -1.000000000000000000, 0.000000000000000000, 0.000000000000000000 ) ) ;
#1829 = CIRCLE ( 'NONE', #11894, 2.000000000000000000 ) ;
#1830 = PRESENTATION_LAYER_ASSIGNMENT (  '', '', ( #11105 ) ) ;
#1831 = ORIENTED_EDGE ( 'NONE', *, *, #1808, .F. ) ;
#1832 = VERTEX_POINT ( 'NONE', #753 ) ;
#1833 = VERTEX_POINT ( 'NONE', #5213 ) ;
#1834 = CIRCLE ( 'NONE', #6668, 0.7500000000000006661 ) ;
#1835 = DIRECTION ( 'NONE',  ( 0.000000000000000000, 0.000000000000000000, 1.000000000000000000 ) ) ;
#1836 = MECHANICAL_DESIGN_GEOMETRIC_PRESENTATION_REPRESENTATION (  '', ( #1068 ), #9587 ) ;
#1837 = COLOUR_RGB ( '',0.09803921568627450844, 0.09803921568627450844, 0.09803921568627450844 ) ;
#1838 = DIRECTION ( 'NONE',  ( 0.000000000000000000, 0.000000000000000000, 1.000000000000000000 ) ) ;
#1839 =( NAMED_UNIT ( * ) PLANE_ANGLE_UNIT ( ) SI_UNIT ( $, .RADIAN. ) );
#1840 = CARTESIAN_POINT ( 'NONE',  ( 11.09999999999999964, -0.7500000000019999558, 2.899999999999999911 ) ) ;
#1841 = FILL_AREA_STYLE ('',( #5577 ) ) ;
#1842 = PRODUCT_DEFINITION_FORMATION_WITH_SPECIFIED_SOURCE ( 'ANY', '', #2893, .NOT_KNOWN. ) ;
#1843 = CLOSED_SHELL ( 'NONE', ( #3948, #3896, #7242, #5924 ) ) ;
#1844 = EDGE_LOOP ( 'NONE', ( #5834, #6368, #7125, #5430 ) ) ;
#1845 = VERTEX_POINT ( 'NONE', #8260 ) ;
#1846 = SURFACE_SIDE_STYLE ('',( #7238 ) ) ;
#1847 = ORIENTED_EDGE ( 'NONE', *, *, #11222, .T. ) ;
#1848 = CARTESIAN_POINT ( 'NONE',  ( -2.000000000000000000, -12.94999999999999929, 4.200000000000000178 ) ) ;
#1849 = LINE ( 'NONE', #2673, #8275 ) ;
#1850 = AXIS2_PLACEMENT_3D ( 'NONE', #10055, #10124, #8305 ) ;
#1851 = PRESENTATION_STYLE_ASSIGNMENT (( #10152 ) ) ;
#1852 = SURFACE_SIDE_STYLE ('',( #11916 ) ) ;
#1853 = VECTOR ( 'NONE', #2997, 1000.000000000000000 ) ;
#1854 = DIRECTION ( 'NONE',  ( 0.000000000000000000, 1.000000000000000000, 0.000000000000000000 ) ) ;
#1855 = CARTESIAN_POINT ( 'NONE',  ( 10.59999999999999964, -0.7500000000069999562, 11.40000000000000036 ) ) ;
#1856 = DIRECTION ( 'NONE',  ( 0.000000000000000000, -1.000000000000000000, 0.000000000000000000 ) ) ;
#1857 = DIRECTION ( 'NONE',  ( 0.000000000000000000, -1.000000000000000000, 0.000000000000000000 ) ) ;
#1858 = UNCERTAINTY_MEASURE_WITH_UNIT (LENGTH_MEASURE( 1.000000000000000082E-05 ), #940, 'distance_accuracy_value', 'NONE');
#1859 = SHAPE_REPRESENTATION ( 'COMPOUND002', ( #3260 ), #2491 ) ;
#1860 = PRODUCT_DEFINITION ( 'UNKNOWN', '', #6672, #4400 ) ;
#1861 = AXIS2_PLACEMENT_3D ( 'NONE', #4297, #2357, #9806 ) ;
#1862 = EDGE_LOOP ( 'NONE', ( #9011, #161, #6025, #5308 ) ) ;
#1863 = SURFACE_STYLE_USAGE ( .BOTH. , #6 ) ;
#1864 = VERTEX_POINT ( 'NONE', #9830 ) ;
#1865 = CARTESIAN_POINT ( 'NONE',  ( 3.000000000000000000, -13.44999999999999929, 0.7500000000000000000 ) ) ;
#1866 =( GEOMETRIC_REPRESENTATION_CONTEXT ( 3 ) GLOBAL_UNCERTAINTY_ASSIGNED_CONTEXT ( ( #5830 ) ) GLOBAL_UNIT_ASSIGNED_CONTEXT ( ( #5494, #792, #5606 ) ) REPRESENTATION_CONTEXT ( 'NONE', 'WORKASPACE' ) );
#1867 = LINE ( 'NONE', #9331, #4963 ) ;
#1868 = CARTESIAN_POINT ( 'NONE',  ( 3.000000000000000000, -8.500000000000000000, 4.200000000000000178 ) ) ;
#1869 = UNCERTAINTY_MEASURE_WITH_UNIT (LENGTH_MEASURE( 1.000000000000000082E-05 ), #4758, 'distance_accuracy_value', 'NONE');
#1870 = EDGE_CURVE ( 'NONE', #9574, #9485, #7226, .T. ) ;
#1871 = ORIENTED_EDGE ( 'NONE', *, *, #1384, .F. ) ;
#1872 = VECTOR ( 'NONE', #2879, 1000.000000000000000 ) ;
#1873 = CYLINDRICAL_SURFACE ( 'NONE', #2425, 1.750000000000000000 ) ;
#1874 = VECTOR ( 'NONE', #11095, 1000.000000000000000 ) ;
#1875 = LINE ( 'NONE', #3634, #3507 ) ;
#1876 = CARTESIAN_POINT ( 'NONE',  ( 11.09999999999999964, 4.250000000000000000, 9.400000000000000355 ) ) ;
#1877 = SURFACE_STYLE_FILL_AREA ( #1935 ) ;
#1878 = VECTOR ( 'NONE', #11107, 1000.000000000000114 ) ;
#1879 =( GEOMETRIC_REPRESENTATION_CONTEXT ( 3 ) GLOBAL_UNCERTAINTY_ASSIGNED_CONTEXT ( ( #10449 ) ) GLOBAL_UNIT_ASSIGNED_CONTEXT ( ( #9036, #3850, #3677 ) ) REPRESENTATION_CONTEXT ( 'NONE', 'WORKASPACE' ) );
#1880 = FILL_AREA_STYLE_COLOUR ( '', #2600 ) ;
#1881 = LINE ( 'NONE', #4281, #10451 ) ;
#1882 =( NAMED_UNIT ( * ) PLANE_ANGLE_UNIT ( ) SI_UNIT ( $, .RADIAN. ) );
#1883 = CARTESIAN_POINT ( 'NONE',  ( 11.09999999999999964, 3.007906248538999794, 6.399999999999000266 ) ) ;
#1884 = PRESENTATION_STYLE_ASSIGNMENT (( #6430 ) ) ;
#1885 = CARTESIAN_POINT ( 'NONE',  ( 9.750000000000000000, -2.500000000000000000, -3.700000000000000178 ) ) ;
#1886 = ORIENTED_EDGE ( 'NONE', *, *, #4682, .T. ) ;
#1887 = AXIS2_PLACEMENT_3D ( 'NONE', #2783, #3775, #9262 ) ;
#1888 = ORIENTED_EDGE ( 'NONE', *, *, #1019, .F. ) ;
#1889 = CARTESIAN_POINT ( 'NONE',  ( 7.492820323027550522, -7.209981756634898709, 11.97565888942020251 ) ) ;
#1890 = SURFACE_SIDE_STYLE ('',( #7535 ) ) ;
#1891 =( NAMED_UNIT ( * ) SI_UNIT ( $, .STERADIAN. ) SOLID_ANGLE_UNIT ( ) );
#1892 =( NAMED_UNIT ( * ) SI_UNIT ( $, .STERADIAN. ) SOLID_ANGLE_UNIT ( ) );
#1893 = DIRECTION ( 'NONE',  ( -1.000000000000000000, -0.000000000000000000, 6.123233995737000229E-17 ) ) ;
#1894 = MECHANICAL_DESIGN_GEOMETRIC_PRESENTATION_REPRESENTATION (  '', ( #3225 ), #8282 ) ;
#1895 = SURFACE_STYLE_USAGE ( .BOTH. , #11032 ) ;
#1896 = PRESENTATION_LAYER_ASSIGNMENT (  '', '', ( #10226 ) ) ;
#1897 = DIRECTION ( 'NONE',  ( 0.000000000000000000, -1.000000000000000000, 0.000000000000000000 ) ) ;
#1898 = ADVANCED_FACE ( 'NONE', ( #8195 ), #703, .F. ) ;
#1899 = APPLICATION_PROTOCOL_DEFINITION ( 'draft international standard', 'automotive_design', 1998, #4678 ) ;
#1900 = VERTEX_POINT ( 'NONE', #10065 ) ;
#1901 = ORIENTED_EDGE ( 'NONE', *, *, #5673, .F. ) ;
#1902 =( LENGTH_UNIT ( ) NAMED_UNIT ( * ) SI_UNIT ( .MILLI., .METRE. ) );
#1903 = ORIENTED_EDGE ( 'NONE', *, *, #8204, .F. ) ;
#1904 = EDGE_CURVE ( 'NONE', #9299, #11618, #1775, .T. ) ;
#1905 = FILL_AREA_STYLE_COLOUR ( '', #8632 ) ;
#1906 = SURFACE_STYLE_FILL_AREA ( #7427 ) ;
#1907 = DIRECTION ( 'NONE',  ( -0.000000000000000000, 0.000000000000000000, -1.000000000000000000 ) ) ;
#1908 = EDGE_CURVE ( 'NONE', #2380, #4900, #2344, .T. ) ;
#1909 = FILL_AREA_STYLE_COLOUR ( '', #9151 ) ;
#1910 = LINE ( 'NONE', #3839, #5840 ) ;
#1911 = FILL_AREA_STYLE ('',( #10221 ) ) ;
#1912 =( LENGTH_UNIT ( ) NAMED_UNIT ( * ) SI_UNIT ( .MILLI., .METRE. ) );
#1913 = EDGE_CURVE ( 'NONE', #5293, #8783, #7053, .T. ) ;
#1914 = CARTESIAN_POINT ( 'NONE',  ( 0.000000000000000000, 0.000000000000000000, 0.000000000000000000 ) ) ;
#1915 = ORIENTED_EDGE ( 'NONE', *, *, #10966, .T. ) ;
#1916 = CARTESIAN_POINT ( 'NONE',  ( -8.000000000000000000, 8.000000000000000000, 2.600000000000000533 ) ) ;
#1917 = ORIENTED_EDGE ( 'NONE', *, *, #5159, .F. ) ;
#1918 = DIRECTION ( 'NONE',  ( 1.000000000000000000, 1.074409378669999991E-15, -0.000000000000000000 ) ) ;
#1919 = B_SPLINE_CURVE_WITH_KNOTS ( 'NONE', 3,
 ( #11478, #6811, #363, #10388 ),
 .UNSPECIFIED., .F., .F.,
 ( 4, 4 ),
 ( 1.176359357146772311E-17, 0.0008499999999999835812 ),
 .UNSPECIFIED. ) ;
#1920 = FILL_AREA_STYLE ('',( #8287 ) ) ;
#1921 = LINE ( 'NONE', #10405, #8853 ) ;
#1922 = SHAPE_REPRESENTATION ( 'COMPOUND005', ( #3260 ), #9488 ) ;
#1923 = DIRECTION ( 'NONE',  ( -1.000000000000000000, 0.000000000000000000, 0.000000000000000000 ) ) ;
#1924 = SURFACE_STYLE_USAGE ( .BOTH. , #10238 ) ;
#1925 =( NAMED_UNIT ( * ) PLANE_ANGLE_UNIT ( ) SI_UNIT ( $, .RADIAN. ) );
#1926 = SURFACE_STYLE_FILL_AREA ( #1031 ) ;
#1927 = FILL_AREA_STYLE ('',( #4882 ) ) ;
#1928 = EDGE_LOOP ( 'NONE', ( #7158, #11909, #3792, #5994 ) ) ;
#1929 = FACE_OUTER_BOUND ( 'NONE', #8312, .T. ) ;
#1930 = LINE ( 'NONE', #10118, #7859 ) ;
#1931 = EDGE_CURVE ( 'NONE', #6532, #3523, #10198, .T. ) ;
#1932 = FACE_OUTER_BOUND ( 'NONE', #220, .T. ) ;
#1933 = SURFACE_SIDE_STYLE ('',( #5742 ) ) ;
#1934 = PLANE ( 'NONE',  #7447 ) ;
#1935 = FILL_AREA_STYLE ('',( #6486 ) ) ;
#1936 =( GEOMETRIC_REPRESENTATION_CONTEXT ( 3 ) GLOBAL_UNCERTAINTY_ASSIGNED_CONTEXT ( ( #7818 ) ) GLOBAL_UNIT_ASSIGNED_CONTEXT ( ( #7233, #649, #9122 ) ) REPRESENTATION_CONTEXT ( 'NONE', 'WORKASPACE' ) );
#1937 = VERTEX_POINT ( 'NONE', #2889 ) ;
#1938 = MECHANICAL_DESIGN_GEOMETRIC_PRESENTATION_REPRESENTATION (  '', ( #5795 ), #8333 ) ;
#1939 = ORIENTED_EDGE ( 'NONE', *, *, #9358, .F. ) ;
#1940 = VERTEX_POINT ( 'NONE', #6617 ) ;
#1941 = FILL_AREA_STYLE ('',( #11336 ) ) ;
#1942 = CARTESIAN_POINT ( 'NONE',  ( -0.3499999999999999778, -7.950000000000000178, 2.600000000000000533 ) ) ;
#1943 = CARTESIAN_POINT ( 'NONE',  ( -3.450000000000000178, -13.15000000000000036, 0.000000000000000000 ) ) ;
#1944 = DIRECTION ( 'NONE',  ( 1.000000000000000000, 0.000000000000000000, -0.000000000000000000 ) ) ;
#1945 = SURFACE_STYLE_USAGE ( .BOTH. , #2837 ) ;
#1946 =( GEOMETRIC_REPRESENTATION_CONTEXT ( 3 ) GLOBAL_UNCERTAINTY_ASSIGNED_CONTEXT ( ( #10573 ) ) GLOBAL_UNIT_ASSIGNED_CONTEXT ( ( #11004, #5492, #7386 ) ) REPRESENTATION_CONTEXT ( 'NONE', 'WORKASPACE' ) );
#1947 = VECTOR ( 'NONE', #1962, 1000.000000000000000 ) ;
#1948 = CARTESIAN_POINT ( 'NONE',  ( -0.5000000000000000000, 9.750000000000000000, -3.700000000000000178 ) ) ;
#1949 = FILL_AREA_STYLE_COLOUR ( '', #8514 ) ;
#1950 = SHAPE_DEFINITION_REPRESENTATION ( #5610, #8114 ) ;
#1951 = AXIS2_PLACEMENT_3D ( 'NONE', #6919, #5016, #2114 ) ;
#1952 = VERTEX_POINT ( 'NONE', #8500 ) ;
#1953 =( GEOMETRIC_REPRESENTATION_CONTEXT ( 3 ) GLOBAL_UNCERTAINTY_ASSIGNED_CONTEXT ( ( #680 ) ) GLOBAL_UNIT_ASSIGNED_CONTEXT ( ( #5030, #476, #10685 ) ) REPRESENTATION_CONTEXT ( 'NONE', 'WORKASPACE' ) );
#1954 = ORIENTED_EDGE ( 'NONE', *, *, #881, .F. ) ;
#1955 = COLOUR_RGB ( '',0.9137254901960784048, 0.5137254901960783826, 0.1372549019607843257 ) ;
#1956 = PRODUCT_DEFINITION_SHAPE ( 'NONE', 'NONE',  #5976 ) ;
#1957 = AXIS2_PLACEMENT_3D ( 'NONE', #6296, #25, #11820 ) ;
#1958 = ORIENTED_EDGE ( 'NONE', *, *, #1764, .F. ) ;
#1959 = PRESENTATION_STYLE_ASSIGNMENT (( #4622 ) ) ;
#1960 = CARTESIAN_POINT ( 'NONE',  ( 7.750000000000000000, -6.650000000000000355, 0.000000000000000000 ) ) ;
#1961 = FILL_AREA_STYLE_COLOUR ( '', #6029 ) ;
#1962 = DIRECTION ( 'NONE',  ( 0.000000000000000000, 0.000000000000000000, -1.000000000000000000 ) ) ;
#1963 = SURFACE_STYLE_USAGE ( .BOTH. , #9201 ) ;
#1964 = CARTESIAN_POINT ( 'NONE',  ( 10.59999999999999964, 2.500000000002999823, 4.650000000000000355 ) ) ;
#1965 = CARTESIAN_POINT ( 'NONE',  ( -0.3499999999999999778, -5.599999999999999645, 2.600000000000000533 ) ) ;
#1966 = SURFACE_STYLE_USAGE ( .BOTH. , #10277 ) ;
#1967 = UNCERTAINTY_MEASURE_WITH_UNIT (LENGTH_MEASURE( 1.000000000000000082E-05 ), #4026, 'distance_accuracy_value', 'NONE');
#1968 = MECHANICAL_DESIGN_GEOMETRIC_PRESENTATION_REPRESENTATION (  '', ( #7403 ), #2722 ) ;
#1969 = PLANE ( 'NONE',  #5598 ) ;
#1970 = PRESENTATION_LAYER_ASSIGNMENT (  '', '', ( #11847 ) ) ;
#1971 = AXIS2_PLACEMENT_3D ( 'NONE', #9787, #11784, #8030 ) ;
#1972 = STYLED_ITEM ( 'NONE', ( #7262 ), #10351 ) ;
#1973 = DIRECTION ( 'NONE',  ( 1.000000000000000000, 0.000000000000000000, 0.000000000000000000 ) ) ;
#1974 = APPLICATION_CONTEXT ( 'automotive_design' ) ;
#1975 = ADVANCED_FACE ( 'NONE', ( #3710 ), #937, .T. ) ;
#1976 = ORIENTED_EDGE ( 'NONE', *, *, #7457, .T. ) ;
#1977 = PLANE ( 'NONE',  #8760 ) ;
#1978 = STYLED_ITEM ( 'NONE', ( #3380 ), #2142 ) ;
#1979 = ORIENTED_EDGE ( 'NONE', *, *, #7755, .F. ) ;
#1980 = CARTESIAN_POINT ( 'NONE',  ( -0.3499999999999999778, 5.599999999999998757, 2.600000000000000533 ) ) ;
#1981 = MECHANICAL_DESIGN_GEOMETRIC_PRESENTATION_REPRESENTATION (  '', ( #4109 ), #1022 ) ;
#1982 = SURFACE_SIDE_STYLE ('',( #437 ) ) ;
#1983 = MECHANICAL_DESIGN_GEOMETRIC_PRESENTATION_REPRESENTATION (  '', ( #6629 ), #10495 ) ;
#1984 =( GEOMETRIC_REPRESENTATION_CONTEXT ( 3 ) GLOBAL_UNCERTAINTY_ASSIGNED_CONTEXT ( ( #3921 ) ) GLOBAL_UNIT_ASSIGNED_CONTEXT ( ( #9136, #511, #1008 ) ) REPRESENTATION_CONTEXT ( 'NONE', 'WORKASPACE' ) );
#1985 = PRESENTATION_LAYER_ASSIGNMENT (  '', '', ( #7209 ) ) ;
#1986 = CARTESIAN_POINT ( 'NONE',  ( -4.700000000000000178, -13.15000000000000036, 0.000000000000000000 ) ) ;
#1987 = SURFACE_STYLE_FILL_AREA ( #6526 ) ;
#1988 = FILL_AREA_STYLE_COLOUR ( '', #2516 ) ;
#1989 = SURFACE_STYLE_USAGE ( .BOTH. , #6587 ) ;
#1990 = ORIENTED_EDGE ( 'NONE', *, *, #9456, .F. ) ;
#1991 = CARTESIAN_POINT ( 'NONE',  ( -3.000000000000000000, -7.500000000000000000, 2.600000000000000533 ) ) ;
#1992 = AXIS2_PLACEMENT_3D ( 'NONE', #421, #3965, #5823 ) ;
#1993 = UNCERTAINTY_MEASURE_WITH_UNIT (LENGTH_MEASURE( 1.000000000000000082E-05 ), #11613, 'distance_accuracy_value', 'NONE');
#1994 = CARTESIAN_POINT ( 'NONE',  ( -8.000000000000000000, 3.450000000000000178, 6.000000000000000000 ) ) ;
#1995 =( NAMED_UNIT ( * ) PLANE_ANGLE_UNIT ( ) SI_UNIT ( $, .RADIAN. ) );
#1996 = FILL_AREA_STYLE_COLOUR ( '', #5155 ) ;
#1997 =( LENGTH_UNIT ( ) NAMED_UNIT ( * ) SI_UNIT ( .MILLI., .METRE. ) );
#1998 = FILL_AREA_STYLE_COLOUR ( '', #1641 ) ;
#1999 = MECHANICAL_DESIGN_GEOMETRIC_PRESENTATION_REPRESENTATION (  '', ( #2192 ), #11284 ) ;
#2000 = CYLINDRICAL_SURFACE ( 'NONE', #11255, 0.7500000000000006661 ) ;
#2001 = FILL_AREA_STYLE ('',( #4834 ) ) ;
#2002 = ADVANCED_FACE ( 'NONE', ( #2767 ), #7478, .T. ) ;
#2003 = AXIS2_PLACEMENT_3D ( 'NONE', #7604, #5698, #5519 ) ;
#2004 = ORIENTED_EDGE ( 'NONE', *, *, #7203, .T. ) ;
#2005 = VECTOR ( 'NONE', #172, 1000.000000000000000 ) ;
#2006 = VERTEX_POINT ( 'NONE', #167 ) ;
#2007 = ORIENTED_EDGE ( 'NONE', *, *, #5644, .F. ) ;
#2008 =( LENGTH_UNIT ( ) NAMED_UNIT ( * ) SI_UNIT ( .MILLI., .METRE. ) );
#2009 = SURFACE_STYLE_FILL_AREA ( #8631 ) ;
#2010 =( NAMED_UNIT ( * ) SI_UNIT ( $, .STERADIAN. ) SOLID_ANGLE_UNIT ( ) );
#2011 = VECTOR ( 'NONE', #4940, 1000.000000000000000 ) ;
#2012 = CARTESIAN_POINT ( 'NONE',  ( -5.551115123125999639E-16, 11.09999999999999964, 7.150000000000000355 ) ) ;
#2013 = EDGE_CURVE ( 'NONE', #5865, #3643, #4841, .T. ) ;
#2014 = ADVANCED_FACE ( 'NONE', ( #5514 ), #10372, .T. ) ;
#2015 = EDGE_CURVE ( 'NONE', #473, #3207, #7969, .T. ) ;
#2016 = VERTEX_POINT ( 'NONE', #5981 ) ;
#2017 = MECHANICAL_DESIGN_GEOMETRIC_PRESENTATION_REPRESENTATION (  '', ( #10346 ), #9009 ) ;
#2018 = ORIENTED_EDGE ( 'NONE', *, *, #1090, .F. ) ;
#2019 =( NAMED_UNIT ( * ) PLANE_ANGLE_UNIT ( ) SI_UNIT ( $, .RADIAN. ) );
#2020 = AXIS2_PLACEMENT_3D ( 'NONE', #11830, #10808, #1714 ) ;
#2021 = VERTEX_POINT ( 'NONE', #1288 ) ;
#2022 = FILL_AREA_STYLE ('',( #1905 ) ) ;
#2023 = FACE_OUTER_BOUND ( 'NONE', #7533, .T. ) ;
#2024 =( NAMED_UNIT ( * ) SI_UNIT ( $, .STERADIAN. ) SOLID_ANGLE_UNIT ( ) );
#2025 = PLANE ( 'NONE',  #10737 ) ;
#2026 = STYLED_ITEM ( 'NONE', ( #10071 ), #4599 ) ;
#2027 = STYLED_ITEM ( 'NONE', ( #10321 ), #47 ) ;
#2028 = DIRECTION ( 'NONE',  ( 0.000000000000000000, 0.000000000000000000, 1.000000000000000000 ) ) ;
#2029 = ORIENTED_EDGE ( 'NONE', *, *, #8955, .F. ) ;
#2030 = DIRECTION ( 'NONE',  ( 0.000000000000000000, -2.055968564120999972E-16, -1.000000000000000000 ) ) ;
#2031 = VECTOR ( 'NONE', #4546, 1000.000000000000000 ) ;
#2032 = ORIENTED_EDGE ( 'NONE', *, *, #3016, .F. ) ;
#2033 = FACE_OUTER_BOUND ( 'NONE', #2193, .T. ) ;
#2034 = CIRCLE ( 'NONE', #137, 0.7499999999999997780 ) ;
#2035 =( GEOMETRIC_REPRESENTATION_CONTEXT ( 3 ) GLOBAL_UNCERTAINTY_ASSIGNED_CONTEXT ( ( #8669 ) ) GLOBAL_UNIT_ASSIGNED_CONTEXT ( ( #5881, #10515, #2264 ) ) REPRESENTATION_CONTEXT ( 'NONE', 'WORKASPACE' ) );
#2036 = DIRECTION ( 'NONE',  ( -0.000000000000000000, -0.000000000000000000, -1.000000000000000000 ) ) ;
#2037 = DIRECTION ( 'NONE',  ( -1.000000000000000000, -0.000000000000000000, 0.000000000000000000 ) ) ;
#2038 = DIRECTION ( 'NONE',  ( 0.000000000000000000, 0.000000000000000000, 1.000000000000000000 ) ) ;
#2039 = PLANE ( 'NONE',  #4082 ) ;
#2040 = ORIENTED_EDGE ( 'NONE', *, *, #11054, .T. ) ;
#2041 = SURFACE_STYLE_FILL_AREA ( #10469 ) ;
#2042 = AXIS2_PLACEMENT_3D ( 'NONE', #377, #9569, #3979 ) ;
#2043 = PRODUCT_DEFINITION_SHAPE ( 'NONE', 'NONE',  #11982 ) ;
#2044 = PRESENTATION_STYLE_ASSIGNMENT (( #11440 ) ) ;
#2045 = EDGE_CURVE ( 'NONE', #2260, #2603, #10288, .T. ) ;
#2046 =( LENGTH_UNIT ( ) NAMED_UNIT ( * ) SI_UNIT ( .MILLI., .METRE. ) );
#2047 = CARTESIAN_POINT ( 'NONE',  ( 0.5249813419655265934, -0.8250186580344746057, 12.13631255030616174 ) ) ;
#2048 = PRESENTATION_STYLE_ASSIGNMENT (( #2819 ) ) ;
#2049 = FACE_OUTER_BOUND ( 'NONE', #11236, .T. ) ;
#2050 =( NAMED_UNIT ( * ) SI_UNIT ( $, .STERADIAN. ) SOLID_ANGLE_UNIT ( ) );
#2051 = SURFACE_SIDE_STYLE ('',( #8618 ) ) ;
#2052 = AXIS2_PLACEMENT_3D ( 'NONE', #10207, #175, #3720 ) ;
#2053 = PRODUCT ( 'COMPOUND012', 'COMPOUND012', '', ( #823 ) ) ;
#2054 = ORIENTED_EDGE ( 'NONE', *, *, #8857, .F. ) ;
#2055 = ORIENTED_EDGE ( 'NONE', *, *, #7206, .F. ) ;
#2056 = PRESENTATION_LAYER_ASSIGNMENT (  '', '', ( #7886 ) ) ;
#2057 = CIRCLE ( 'NONE', #10210, 0.5000000000000004441 ) ;
#2058 = PRODUCT_DEFINITION ( 'UNKNOWN', '', #1659, #11062 ) ;
#2059 = FILL_AREA_STYLE_COLOUR ( '', #423 ) ;
#2060 = FILL_AREA_STYLE_COLOUR ( '', #670 ) ;
#2061 = CARTESIAN_POINT ( 'NONE',  ( -6.839632633251535587, -7.536575601522905288, 12.30225273430820643 ) ) ;
#2062 =( LENGTH_UNIT ( ) NAMED_UNIT ( * ) SI_UNIT ( .MILLI., .METRE. ) );
#2063 = DIRECTION ( 'NONE',  ( 0.000000000000000000, 0.000000000000000000, 1.000000000000000000 ) ) ;
#2064 =( NAMED_UNIT ( * ) SI_UNIT ( $, .STERADIAN. ) SOLID_ANGLE_UNIT ( ) );
#2065 = FACE_OUTER_BOUND ( 'NONE', #2978, .T. ) ;
#2066 = SHAPE_DEFINITION_REPRESENTATION ( #988, #1922 ) ;
#2067 = EDGE_LOOP ( 'NONE', ( #5938, #2147 ) ) ;
#2068 = VERTEX_POINT ( 'NONE', #6788 ) ;
#2069 = CARTESIAN_POINT ( 'NONE',  ( 11.09999999999999964, -4.250000000000000000, 0.8000000000000000444 ) ) ;
#2070 = ORIENTED_EDGE ( 'NONE', *, *, #1431, .F. ) ;
#2071 = CARTESIAN_POINT ( 'NONE',  ( 3.007906248537000504, 11.09999999999999964, 6.399999999992998845 ) ) ;
#2072 = SURFACE_STYLE_FILL_AREA ( #8515 ) ;
#2073 = EDGE_CURVE ( 'NONE', #8968, #1180, #3192, .T. ) ;
#2074 = FILL_AREA_STYLE ('',( #4808 ) ) ;
#2075 = VECTOR ( 'NONE', #10050, 1000.000000000000000 ) ;
#2076 = PRESENTATION_STYLE_ASSIGNMENT (( #10389 ) ) ;
#2077 = MECHANICAL_DESIGN_GEOMETRIC_PRESENTATION_REPRESENTATION (  '', ( #2842 ), #7685 ) ;
#2078 =( NAMED_UNIT ( * ) SI_UNIT ( $, .STERADIAN. ) SOLID_ANGLE_UNIT ( ) );
#2079 = SURFACE_SIDE_STYLE ('',( #7791 ) ) ;
#2080 = SURFACE_STYLE_FILL_AREA ( #4699 ) ;
#2081 = UNCERTAINTY_MEASURE_WITH_UNIT (LENGTH_MEASURE( 1.000000000000000082E-05 ), #11791, 'distance_accuracy_value', 'NONE');
#2082 = ADVANCED_BREP_SHAPE_REPRESENTATION ( '', ( #3374, #3260 ), #9687 ) ;
#2083 = DIRECTION ( 'NONE',  ( 0.000000000000000000, -1.000000000000000000, -0.000000000000000000 ) ) ;
#2084 = ORIENTED_EDGE ( 'NONE', *, *, #3716, .F. ) ;
#2085 = CARTESIAN_POINT ( 'NONE',  ( 3.754503130014794632, 6.504413134152249754, 4.999999999999999112 ) ) ;
#2086 = ORIENTED_EDGE ( 'NONE', *, *, #2865, .F. ) ;
#2087 = SURFACE_STYLE_USAGE ( .BOTH. , #7628 ) ;
#2088 = DIRECTION ( 'NONE',  ( 1.000000000000000000, 0.000000000000000000, 0.000000000000000000 ) ) ;
#2089 = EDGE_CURVE ( 'NONE', #1338, #9054, #3496, .T. ) ;
#2090 = CARTESIAN_POINT ( 'NONE',  ( -7.750000000000000000, 6.650000000000000355, -3.700000000000000178 ) ) ;
#2091 = LINE ( 'NONE', #4040, #2945 ) ;
#2092 = FACE_OUTER_BOUND ( 'NONE', #3764, .T. ) ;
#2093 = UNCERTAINTY_MEASURE_WITH_UNIT (LENGTH_MEASURE( 1.000000000000000082E-05 ), #3184, 'distance_accuracy_value', 'NONE');
#2094 = ORIENTED_EDGE ( 'NONE', *, *, #6306, .T. ) ;
#2095 = DIRECTION ( 'NONE',  ( 0.000000000000000000, -1.000000000000000000, 0.000000000000000000 ) ) ;
#2096 = UNCERTAINTY_MEASURE_WITH_UNIT (LENGTH_MEASURE( 1.000000000000000082E-05 ), #6980, 'distance_accuracy_value', 'NONE');
#2097 = PLANE ( 'NONE',  #9919 ) ;
#2098 = CIRCLE ( 'NONE', #5397, 1.750000000000000000 ) ;
#2099 = VECTOR ( 'NONE', #6909, 1000.000000000000000 ) ;
#2100 = ADVANCED_FACE ( 'NONE', ( #7771 ), #2249, .T. ) ;
#2101 = DIRECTION ( 'NONE',  ( 1.000000000000000000, 0.000000000000000000, 0.000000000000000000 ) ) ;
#2102 = FACE_OUTER_BOUND ( 'NONE', #10227, .T. ) ;
#2103 = DIRECTION ( 'NONE',  ( -0.8164965809277261455, 0.4082482904638630727, 0.4082482904638630727 ) ) ;
#2104 = CARTESIAN_POINT ( 'NONE',  ( 7.500000000000000000, 7.500000000000000000, 11.70000000000000107 ) ) ;
#2105 = FILL_AREA_STYLE ('',( #8556 ) ) ;
#2106 = SURFACE_STYLE_FILL_AREA ( #10420 ) ;
#2107 = ADVANCED_FACE ( 'NONE', ( #11338 ), #5926, .T. ) ;
#2108 =( GEOMETRIC_REPRESENTATION_CONTEXT ( 3 ) GLOBAL_UNCERTAINTY_ASSIGNED_CONTEXT ( ( #10231 ) ) GLOBAL_UNIT_ASSIGNED_CONTEXT ( ( #2159, #7468, #3053 ) ) REPRESENTATION_CONTEXT ( 'NONE', 'WORKASPACE' ) );
#2109 = VECTOR ( 'NONE', #7919, 1000.000000000000000 ) ;
#2110 = EDGE_LOOP ( 'NONE', ( #9326, #2247, #5350, #11962 ) ) ;
#2111 = EDGE_CURVE ( 'NONE', #8013, #10703, #11702, .T. ) ;
#2112 = ORIENTED_EDGE ( 'NONE', *, *, #7271, .F. ) ;
#2113 = PRESENTATION_STYLE_ASSIGNMENT (( #10424 ) ) ;
#2114 = DIRECTION ( 'NONE',  ( -1.000000000000000000, 0.000000000000000000, 0.000000000000000000 ) ) ;
#2115 = EDGE_CURVE ( 'NONE', #11271, #4730, #626, .T. ) ;
#2116 =( NAMED_UNIT ( * ) SI_UNIT ( $, .STERADIAN. ) SOLID_ANGLE_UNIT ( ) );
#2117 = DIRECTION ( 'NONE',  ( 0.000000000000000000, 0.000000000000000000, 1.000000000000000000 ) ) ;
#2118 = AXIS2_PLACEMENT_3D ( 'NONE', #1914, #1177, #2977 ) ;
#2119 = CARTESIAN_POINT ( 'NONE',  ( 2.000000000000000000, -8.949999999999999289, 4.200000000000000178 ) ) ;
#2120 = PRESENTATION_LAYER_ASSIGNMENT (  '', '', ( #968 ) ) ;
#2121 = FACE_OUTER_BOUND ( 'NONE', #1350, .T. ) ;
#2122 = PRESENTATION_STYLE_ASSIGNMENT (( #5023 ) ) ;
#2123 = ITEM_DEFINED_TRANSFORMATION ( 'NONE', 'NONE', #1156,  #3260 ) ;
#2124 = ORIENTED_EDGE ( 'NONE', *, *, #11116, .T. ) ;
#2125 = VERTEX_POINT ( 'NONE', #6356 ) ;
#2126 = DIRECTION ( 'NONE',  ( 0.000000000000000000, 0.000000000000000000, 1.000000000000000000 ) ) ;
#2127 = ORIENTED_EDGE ( 'NONE', *, *, #5520, .T. ) ;
#2128 = PLANE ( 'NONE',  #5304 ) ;
#2129 = AXIS2_PLACEMENT_3D ( 'NONE', #4833, #6780, #4895 ) ;
#2130 = ADVANCED_FACE ( 'NONE', ( #1648 ), #1700, .T. ) ;
#2131 = FACE_OUTER_BOUND ( 'NONE', #6671, .T. ) ;
#2132 = SURFACE_STYLE_FILL_AREA ( #1812 ) ;
#2133 = STYLED_ITEM ( 'NONE', ( #3271 ), #9852 ) ;
#2134 = CARTESIAN_POINT ( 'NONE',  ( 0.5749999999999988454, 0.7750000000000024647, 12.13765756135626361 ) ) ;
#2135 = CARTESIAN_POINT ( 'NONE',  ( 11.09999999999999964, -0.7500000000009999779, 4.142093751461000117 ) ) ;
#2136 = DIRECTION ( 'NONE',  ( 0.000000000000000000, 0.000000000000000000, 1.000000000000000000 ) ) ;
#2137 =( NAMED_UNIT ( * ) SI_UNIT ( $, .STERADIAN. ) SOLID_ANGLE_UNIT ( ) );
#2138 = DIRECTION ( 'NONE',  ( 1.000000000000000000, -0.000000000000000000, -0.000000000000000000 ) ) ;
#2139 = CIRCLE ( 'NONE', #6200, 2.299999999999999822 ) ;
#2140 = COLOUR_RGB ( '',0.7019607843137254388, 0.7019607843137254388, 0.7019607843137254388 ) ;
#2141 = PRODUCT_DEFINITION_SHAPE ( 'NONE', 'NONE',  #11984 ) ;
#2142 = ADVANCED_FACE ( 'NONE', ( #1584 ), #9935, .T. ) ;
#2143 = COLOUR_RGB ( '',0.09803921568627450844, 0.09803921568627450844, 0.09803921568627450844 ) ;
#2144 = EDGE_CURVE ( 'NONE', #11786, #8639, #1875, .T. ) ;
#2145 = ORIENTED_EDGE ( 'NONE', *, *, #6473, .T. ) ;
#2146 = CARTESIAN_POINT ( 'NONE',  ( 2.500000000000000000, 9.750000000000000000, -3.700000000000000178 ) ) ;
#2147 = ORIENTED_EDGE ( 'NONE', *, *, #5812, .T. ) ;
#2148 = SURFACE_STYLE_USAGE ( .BOTH. , #1183 ) ;
#2149 = MECHANICAL_DESIGN_GEOMETRIC_PRESENTATION_REPRESENTATION (  '', ( #1586 ), #1386 ) ;
#2150 = DIRECTION ( 'NONE',  ( 0.000000000000000000, 1.000000000000000000, 3.172065784645000030E-16 ) ) ;
#2151 = VECTOR ( 'NONE', #4749, 1000.000000000000000 ) ;
#2152 = AXIS2_PLACEMENT_3D ( 'NONE', #1883, #5385, #2538 ) ;
#2153 = FILL_AREA_STYLE_COLOUR ( '', #9748 ) ;
#2154 = MECHANICAL_DESIGN_GEOMETRIC_PRESENTATION_REPRESENTATION (  '', ( #8350 ), #3103 ) ;
#2155 = DIRECTION ( 'NONE',  ( 0.000000000000000000, 0.000000000000000000, 1.000000000000000000 ) ) ;
#2156 = SURFACE_STYLE_FILL_AREA ( #6902 ) ;
#2157 = DIRECTION ( 'NONE',  ( -0.000000000000000000, -1.000000000000000000, -0.000000000000000000 ) ) ;
#2158 = ORIENTED_EDGE ( 'NONE', *, *, #5197, .T. ) ;
#2159 =( LENGTH_UNIT ( ) NAMED_UNIT ( * ) SI_UNIT ( .MILLI., .METRE. ) );
#2160 = STYLED_ITEM ( 'NONE', ( #915 ), #2161 ) ;
#2161 = ADVANCED_FACE ( 'NONE', ( #8427 ), #3694, .T. ) ;
#2162 = EDGE_CURVE ( 'NONE', #11058, #9746, #5555, .T. ) ;
#2163 = EDGE_CURVE ( 'NONE', #3523, #11544, #2750, .T. ) ;
#2164 =( GEOMETRIC_REPRESENTATION_CONTEXT ( 3 ) GLOBAL_UNCERTAINTY_ASSIGNED_CONTEXT ( ( #3313 ) ) GLOBAL_UNIT_ASSIGNED_CONTEXT ( ( #3570, #3002, #3058 ) ) REPRESENTATION_CONTEXT ( 'NONE', 'WORKASPACE' ) );
#2165 =( LENGTH_UNIT ( ) NAMED_UNIT ( * ) SI_UNIT ( .MILLI., .METRE. ) );
#2166 = AXIS2_PLACEMENT_3D ( 'NONE', #9486, #2126, #4080 ) ;
#2167 = CIRCLE ( 'NONE', #6807, 0.5000000000000000000 ) ;
#2168 = DIRECTION ( 'NONE',  ( -0.000000000000000000, 0.000000000000000000, -1.000000000000000000 ) ) ;
#2169 = FILL_AREA_STYLE ('',( #6849 ) ) ;
#2170 = MECHANICAL_DESIGN_GEOMETRIC_PRESENTATION_REPRESENTATION (  '', ( #8377 ), #5262 ) ;
#2171 = DIRECTION ( 'NONE',  ( 0.000000000000000000, 0.000000000000000000, 1.000000000000000000 ) ) ;
#2172 = CYLINDRICAL_SURFACE ( 'NONE', #6374, 0.5999999999999998668 ) ;
#2173 = SURFACE_SIDE_STYLE ('',( #10417 ) ) ;
#2174 = MECHANICAL_DESIGN_GEOMETRIC_PRESENTATION_REPRESENTATION (  '', ( #3732 ), #9352 ) ;
#2175 = FILL_AREA_STYLE ('',( #1334 ) ) ;
#2176 = CARTESIAN_POINT ( 'NONE',  ( -7.492820323027551410, -7.209981756634902261, 11.97565888942020251 ) ) ;
#2177 = FILL_AREA_STYLE_COLOUR ( '', #11019 ) ;
#2178 = COLOUR_RGB ( '',0.8196078431372548767, 0.8000000000000000444, 0.7529411764705882248 ) ;
#2179 = PRESENTATION_LAYER_ASSIGNMENT (  '', '', ( #2370 ) ) ;
#2180 = SURFACE_STYLE_USAGE ( .BOTH. , #2051 ) ;
#2181 = ORIENTED_EDGE ( 'NONE', *, *, #9118, .F. ) ;
#2182 = ORIENTED_EDGE ( 'NONE', *, *, #1796, .T. ) ;
#2183 = PRESENTATION_LAYER_ASSIGNMENT (  '', '', ( #8181 ) ) ;
#2184 =( GEOMETRIC_REPRESENTATION_CONTEXT ( 3 ) GLOBAL_UNCERTAINTY_ASSIGNED_CONTEXT ( ( #2790 ) ) GLOBAL_UNIT_ASSIGNED_CONTEXT ( ( #5547, #9157, #10349 ) ) REPRESENTATION_CONTEXT ( 'NONE', 'WORKASPACE' ) );
#2185 = DIRECTION ( 'NONE',  ( 1.000000000000000000, 0.000000000000000000, 0.000000000000000000 ) ) ;
#2186 = SURFACE_SIDE_STYLE ('',( #8749 ) ) ;
#2187 = PRESENTATION_STYLE_ASSIGNMENT (( #7716 ) ) ;
#2188 = DIRECTION ( 'NONE',  ( 1.000000000000000000, 0.000000000000000000, -0.000000000000000000 ) ) ;
#2189 = FILL_AREA_STYLE_COLOUR ( '', #6611 ) ;
#2190 = ADVANCED_FACE ( 'NONE', ( #6484 ), #9289, .F. ) ;
#2191 = CARTESIAN_POINT ( 'NONE',  ( -8.000000000000000000, -8.000000000000000000, 2.600000000000000533 ) ) ;
#2192 = STYLED_ITEM ( 'NONE', ( #505 ), #1369 ) ;
#2193 = EDGE_LOOP ( 'NONE', ( #2510, #4488 ) ) ;
#2194 = ORIENTED_EDGE ( 'NONE', *, *, #3891, .F. ) ;
#2195 = VERTEX_POINT ( 'NONE', #6596 ) ;
#2196 = VECTOR ( 'NONE', #9431, 1000.000000000000000 ) ;
#2197 = PRESENTATION_STYLE_ASSIGNMENT (( #6066 ) ) ;
#2198 = APPLICATION_CONTEXT ( 'automotive_design' ) ;
#2199 = CARTESIAN_POINT ( 'NONE',  ( 3.000000000000000000, -13.94999999999999929, 0.7500000000000000000 ) ) ;
#2200 = SURFACE_SIDE_STYLE ('',( #3340 ) ) ;
#2201 = CARTESIAN_POINT ( 'NONE',  ( -5.599999999999999645, -8.000000000000000000, 0.000000000000000000 ) ) ;
#2202 =( GEOMETRIC_REPRESENTATION_CONTEXT ( 3 ) GLOBAL_UNCERTAINTY_ASSIGNED_CONTEXT ( ( #8279 ) ) GLOBAL_UNIT_ASSIGNED_CONTEXT ( ( #10497, #1413, #5929 ) ) REPRESENTATION_CONTEXT ( 'NONE', 'WORKASPACE' ) );
#2203 = CARTESIAN_POINT ( 'NONE',  ( -4.750000000000000000, 8.949999999999999289, 0.000000000000000000 ) ) ;
#2204 = DIRECTION ( 'NONE',  ( -1.000000000000000000, 0.000000000000000000, 0.000000000000000000 ) ) ;
#2205 =( NAMED_UNIT ( * ) PLANE_ANGLE_UNIT ( ) SI_UNIT ( $, .RADIAN. ) );
#2206 = UNCERTAINTY_MEASURE_WITH_UNIT (LENGTH_MEASURE( 1.000000000000000082E-05 ), #6601, 'distance_accuracy_value', 'NONE');
#2207 =( REPRESENTATION_RELATIONSHIP ('NONE','NONE', #2998, #1922 ) REPRESENTATION_RELATIONSHIP_WITH_TRANSFORMATION ( #7662 )SHAPE_REPRESENTATION_RELATIONSHIP( ) );
#2208 = CARTESIAN_POINT ( 'NONE',  ( 0.000000000000000000, 0.000000000000000000, 0.000000000000000000 ) ) ;
#2209 = STYLED_ITEM ( 'NONE', ( #9022 ), #4246 ) ;
#2210 = PRESENTATION_LAYER_ASSIGNMENT (  '', '', ( #3761 ) ) ;
#2211 = ORIENTED_EDGE ( 'NONE', *, *, #5195, .F. ) ;
#2212 =( LENGTH_UNIT ( ) NAMED_UNIT ( * ) SI_UNIT ( .MILLI., .METRE. ) );
#2213 = ORIENTED_EDGE ( 'NONE', *, *, #9713, .F. ) ;
#2214 = DIRECTION ( 'NONE',  ( -1.000000000000000000, 0.000000000000000000, 0.000000000000000000 ) ) ;
#2215 = FILL_AREA_STYLE ('',( #3109 ) ) ;
#2216 = PRESENTATION_LAYER_ASSIGNMENT (  '', '', ( #7647 ) ) ;
#2217 = CARTESIAN_POINT ( 'NONE',  ( -8.000000000000000000, -5.600000000000000533, 2.600000000000000533 ) ) ;
#2218 = CIRCLE ( 'NONE', #6289, 0.5999999999999998668 ) ;
#2219 = CARTESIAN_POINT ( 'NONE',  ( 4.250000000000000000, 11.09999999999999964, 0.8000000000000000444 ) ) ;
#2221 = DIRECTION ( 'NONE',  ( 1.000000000000000000, 0.000000000000000000, 0.000000000000000000 ) ) ;
#2220 = PRODUCT_RELATED_PRODUCT_CATEGORY ( 'part', '', ( #10840 ) ) ;
#2222 = DIRECTION ( 'NONE',  ( 0.000000000000000000, -0.000000000000000000, -1.000000000000000000 ) ) ;
#2223 = PRESENTATION_STYLE_ASSIGNMENT (( #6767 ) ) ;
#2224 = DIRECTION ( 'NONE',  ( 0.000000000000000000, 0.000000000000000000, -1.000000000000000000 ) ) ;
#2225 = UNCERTAINTY_MEASURE_WITH_UNIT (LENGTH_MEASURE( 1.000000000000000082E-05 ), #10555, 'distance_accuracy_value', 'NONE');
#2226 = CARTESIAN_POINT ( 'NONE',  ( 0.000000000000000000, 7.500000000000000000, 11.70000000000000107 ) ) ;
#2227 = DIRECTION ( 'NONE',  ( 0.000000000000000000, 0.000000000000000000, -1.000000000000000000 ) ) ;
#2228 = ORIENTED_EDGE ( 'NONE', *, *, #5038, .T. ) ;
#2229 = PRESENTATION_STYLE_ASSIGNMENT (( #1963 ) ) ;
#2230 = CIRCLE ( 'NONE', #879, 1.200000000000000622 ) ;
#2231 = UNCERTAINTY_MEASURE_WITH_UNIT (LENGTH_MEASURE( 1.000000000000000082E-05 ), #395, 'distance_accuracy_value', 'NONE');
#2232 = CARTESIAN_POINT ( 'NONE',  ( 9.750000000000000000, 0.000000000000000000, -3.700000000000000178 ) ) ;
#2233 = DIRECTION ( 'NONE',  ( 0.000000000000000000, 0.000000000000000000, 1.000000000000000000 ) ) ;
#2234 =( NAMED_UNIT ( * ) SI_UNIT ( $, .STERADIAN. ) SOLID_ANGLE_UNIT ( ) );
#2235 = COLOUR_RGB ( '',0.7019607843137254388, 0.7019607843137254388, 0.7019607843137254388 ) ;
#2236 = EDGE_CURVE ( 'NONE', #11020, #2260, #5052, .T. ) ;
#2237 = DIRECTION ( 'NONE',  ( 0.000000000000000000, 0.000000000000000000, -1.000000000000000000 ) ) ;
#2238 = DIRECTION ( 'NONE',  ( -1.000000000000000000, -0.000000000000000000, -0.000000000000000000 ) ) ;
#2239 =( NAMED_UNIT ( * ) PLANE_ANGLE_UNIT ( ) SI_UNIT ( $, .RADIAN. ) );
#2240 = DIRECTION ( 'NONE',  ( 0.000000000000000000, 0.000000000000000000, 1.000000000000000000 ) ) ;
#2241 = UNCERTAINTY_MEASURE_WITH_UNIT (LENGTH_MEASURE( 1.000000000000000082E-05 ), #10687, 'distance_accuracy_value', 'NONE');
#2242 = SURFACE_SIDE_STYLE ('',( #7644 ) ) ;
#2243 = DIRECTION ( 'NONE',  ( 1.000000000000000000, 1.168655815394999918E-15, 0.000000000000000000 ) ) ;
#2244 = CARTESIAN_POINT ( 'NONE',  ( -4.750000000000000000, 8.000000000000000000, 3.200000000000000178 ) ) ;
#2245 = DIRECTION ( 'NONE',  ( 0.000000000000000000, 0.000000000000000000, 1.000000000000000000 ) ) ;
#2246 = STYLED_ITEM ( 'NONE', ( #2756 ), #4826 ) ;
#2247 = ORIENTED_EDGE ( 'NONE', *, *, #7356, .T. ) ;
#2248 = ORIENTED_EDGE ( 'NONE', *, *, #11902, .T. ) ;
#2249 = PLANE ( 'NONE',  #62 ) ;
#2250 = CYLINDRICAL_SURFACE ( 'NONE', #185, 0.7500000000000006661 ) ;
#2251 = DIRECTION ( 'NONE',  ( -1.000000000000000000, -0.000000000000000000, 0.000000000000000000 ) ) ;
#2252 = PRESENTATION_LAYER_ASSIGNMENT (  '', '', ( #1681 ) ) ;
#2254 = DIRECTION ( 'NONE',  ( 1.168655815394999918E-15, -1.000000000000000000, 0.000000000000000000 ) ) ;
#2253 = VECTOR ( 'NONE', #4649, 1000.000000000000000 ) ;
#2255 = PRESENTATION_STYLE_ASSIGNMENT (( #5021 ) ) ;
#2256 = SURFACE_SIDE_STYLE ('',( #10560 ) ) ;
#2257 = FILL_AREA_STYLE_COLOUR ( '', #5966 ) ;
#2258 = VERTEX_POINT ( 'NONE', #4777 ) ;
#2259 = VECTOR ( 'NONE', #5056, 1000.000000000000000 ) ;
#2260 = VERTEX_POINT ( 'NONE', #8489 ) ;
#2261 = ORIENTED_EDGE ( 'NONE', *, *, #9472, .T. ) ;
#2262 = EDGE_LOOP ( 'NONE', ( #4685, #1406, #4137, #6745, #8286, #6451 ) ) ;
#2263 = DIRECTION ( 'NONE',  ( -0.000000000000000000, -0.000000000000000000, -1.000000000000000000 ) ) ;
#2264 =( NAMED_UNIT ( * ) SI_UNIT ( $, .STERADIAN. ) SOLID_ANGLE_UNIT ( ) );
#2265 = DIRECTION ( 'NONE',  ( 0.000000000000000000, 1.370645709413999982E-16, 1.000000000000000000 ) ) ;
#2266 = PLANE ( 'NONE',  #1992 ) ;
#2267 = FILL_AREA_STYLE ('',( #4203 ) ) ;
#2268 = FACE_OUTER_BOUND ( 'NONE', #6014, .T. ) ;
#2269 = EDGE_CURVE ( 'NONE', #582, #11218, #208, .T. ) ;
#2270 =( LENGTH_UNIT ( ) NAMED_UNIT ( * ) SI_UNIT ( .MILLI., .METRE. ) );
#2271 = STYLED_ITEM ( 'NONE', ( #10974 ), #9248 ) ;
#2272 =( NAMED_UNIT ( * ) PLANE_ANGLE_UNIT ( ) SI_UNIT ( $, .RADIAN. ) );
#2273 = MECHANICAL_DESIGN_GEOMETRIC_PRESENTATION_REPRESENTATION (  '', ( #6319 ), #923 ) ;
#2274 = FILL_AREA_STYLE ('',( #7736 ) ) ;
#2275 =( NAMED_UNIT ( * ) SI_UNIT ( $, .STERADIAN. ) SOLID_ANGLE_UNIT ( ) );
#2276 = EDGE_CURVE ( 'NONE', #6433, #1338, #11562, .T. ) ;
#2277 = VERTEX_POINT ( 'NONE', #450 ) ;
#2278 = CARTESIAN_POINT ( 'NONE',  ( 8.000000000000000000, 4.749999999999999112, 3.200000000000000178 ) ) ;
#2279 =( GEOMETRIC_REPRESENTATION_CONTEXT ( 3 ) GLOBAL_UNCERTAINTY_ASSIGNED_CONTEXT ( ( #8808 ) ) GLOBAL_UNIT_ASSIGNED_CONTEXT ( ( #5804, #4735, #291 ) ) REPRESENTATION_CONTEXT ( 'NONE', 'WORKASPACE' ) );
#2280 = ORIENTED_EDGE ( 'NONE', *, *, #948, .T. ) ;
#2281 = EDGE_CURVE ( 'NONE', #5997, #7679, #73, .T. ) ;
#2282 =( GEOMETRIC_REPRESENTATION_CONTEXT ( 3 ) GLOBAL_UNCERTAINTY_ASSIGNED_CONTEXT ( ( #6351 ) ) GLOBAL_UNIT_ASSIGNED_CONTEXT ( ( #7772, #6866, #8445 ) ) REPRESENTATION_CONTEXT ( 'NONE', 'WORKASPACE' ) );
#2283 = CARTESIAN_POINT ( 'NONE',  ( -1.650000000000000577, -14.24999999999999822, 5.700000000000000178 ) ) ;
#2284 = CARTESIAN_POINT ( 'NONE',  ( 3.250000000000000444, -12.75000000000000178, 0.000000000000000000 ) ) ;
#2285 = CARTESIAN_POINT ( 'NONE',  ( 8.000000000000000000, 5.599999999999999645, 1.000000000000000000 ) ) ;
#2286 = ADVANCED_FACE ( 'NONE', ( #11380 ), #3929, .T. ) ;
#2287 = FILL_AREA_STYLE_COLOUR ( '', #11254 ) ;
#2288 = DIRECTION ( 'NONE',  ( 1.000000000000000000, 0.000000000000000000, 0.000000000000000000 ) ) ;
#2289 = DIRECTION ( 'NONE',  ( -1.000000000000000000, 0.000000000000000000, 0.000000000000000000 ) ) ;
#2290 = PRESENTATION_STYLE_ASSIGNMENT (( #4942 ) ) ;
#2291 = MECHANICAL_DESIGN_GEOMETRIC_PRESENTATION_REPRESENTATION (  '', ( #10022 ), #3829 ) ;
#2292 = EDGE_LOOP ( 'NONE', ( #9149, #180, #5954, #5468 ) ) ;
#2293 = ORIENTED_EDGE ( 'NONE', *, *, #7701, .F. ) ;
#2294 = CARTESIAN_POINT ( 'NONE',  ( -2.000000000000000000, -12.94999999999999929, 4.400000000000000355 ) ) ;
#2295 = DIRECTION ( 'NONE',  ( 0.000000000000000000, 0.000000000000000000, 1.000000000000000000 ) ) ;
#2296 = LINE ( 'NONE', #8974, #8692 ) ;
#2297 = CARTESIAN_POINT ( 'NONE',  ( 8.949999999999999289, -5.599999999999999645, 3.200000000000000178 ) ) ;
#2298 = SURFACE_SIDE_STYLE ('',( #11443 ) ) ;
#2299 = DIRECTION ( 'NONE',  ( 1.000000000000000000, -8.673617379883999727E-17, 0.000000000000000000 ) ) ;
#2300 = CARTESIAN_POINT ( 'NONE',  ( -8.618474822569968552, -7.303515789133419034, 10.43622292640540294 ) ) ;
#2301 = VERTEX_POINT ( 'NONE', #3122 ) ;
#2302 = ADVANCED_FACE ( 'NONE', ( #500 ), #3242, .F. ) ;
#2303 = ORIENTED_EDGE ( 'NONE', *, *, #10368, .F. ) ;
#2304 = FILL_AREA_STYLE_COLOUR ( '', #11252 ) ;
#2305 = SURFACE_STYLE_USAGE ( .BOTH. , #2186 ) ;
#2306 = LINE ( 'NONE', #10669, #2958 ) ;
#2307 = SHAPE_REPRESENTATION ( 'COMPOUND014', ( #3260 ), #19 ) ;
#2308 = PRESENTATION_STYLE_ASSIGNMENT (( #10142 ) ) ;
#2309 = PRESENTATION_LAYER_ASSIGNMENT (  '', '', ( #4237 ) ) ;
#2310 = SURFACE_SIDE_STYLE ('',( #4191 ) ) ;
#2311 = VERTEX_POINT ( 'NONE', #5913 ) ;
#2312 = ADVANCED_FACE ( 'NONE', ( #4828 ), #3003, .T. ) ;
#2313 = VERTEX_POINT ( 'NONE', #728 ) ;
#2314 = ORIENTED_EDGE ( 'NONE', *, *, #9064, .T. ) ;
#2315 = EDGE_LOOP ( 'NONE', ( #10805, #371, #7938, #9258 ) ) ;
#2316 = LINE ( 'NONE', #9000, #11240 ) ;
#2317 = CARTESIAN_POINT ( 'NONE',  ( 5.599999999999999645, -8.000000000000000000, 0.000000000000000000 ) ) ;
#2318 =( GEOMETRIC_REPRESENTATION_CONTEXT ( 3 ) GLOBAL_UNCERTAINTY_ASSIGNED_CONTEXT ( ( #4287 ) ) GLOBAL_UNIT_ASSIGNED_CONTEXT ( ( #7373, #722, #8153 ) ) REPRESENTATION_CONTEXT ( 'NONE', 'WORKASPACE' ) );
#2319 = FILL_AREA_STYLE_COLOUR ( '', #7174 ) ;
#2320 = MECHANICAL_DESIGN_GEOMETRIC_PRESENTATION_REPRESENTATION (  '', ( #11835 ), #7752 ) ;
#2321 = FILL_AREA_STYLE ('',( #9671 ) ) ;
#2322 = FILL_AREA_STYLE_COLOUR ( '', #658 ) ;
#2323 = UNCERTAINTY_MEASURE_WITH_UNIT (LENGTH_MEASURE( 1.000000000000000082E-05 ), #4606, 'distance_accuracy_value', 'NONE');
#2324 = PLANE ( 'NONE',  #1100 ) ;
#2325 = VECTOR ( 'NONE', #2083, 1000.000000000000000 ) ;
#2326 = AXIS2_PLACEMENT_3D ( 'NONE', #10727, #4175, #11696 ) ;
#2327 = VERTEX_POINT ( 'NONE', #7080 ) ;
#2328 = LINE ( 'NONE', #9841, #9903 ) ;
#2329 = VERTEX_POINT ( 'NONE', #7996 ) ;
#2330 = CARTESIAN_POINT ( 'NONE',  ( 0.7500000000069999562, 11.09999999999999964, 11.40000000000000036 ) ) ;
#2331 =( NAMED_UNIT ( * ) SI_UNIT ( $, .STERADIAN. ) SOLID_ANGLE_UNIT ( ) );
#2332 = CARTESIAN_POINT ( 'NONE',  ( -5.599999999999999645, -8.000000000000000000, 2.600000000000000533 ) ) ;
#2333 = PRESENTATION_STYLE_ASSIGNMENT (( #11492 ) ) ;
#2334 = DIRECTION ( 'NONE',  ( -1.000000000000000000, -1.074409378669999991E-15, 0.000000000000000000 ) ) ;
#2335 = CARTESIAN_POINT ( 'NONE',  ( 4.250000000000000000, 10.59999999999999964, 6.399999999992998845 ) ) ;
#2336 = LINE ( 'NONE', #9967, #119 ) ;
#2337 = UNCERTAINTY_MEASURE_WITH_UNIT (LENGTH_MEASURE( 1.000000000000000082E-05 ), #1902, 'distance_accuracy_value', 'NONE');
#2338 = AXIS2_PLACEMENT_3D ( 'NONE', #9984, #11068, #7265 ) ;
#2339 = FILL_AREA_STYLE ('',( #1560 ) ) ;
#2340 = MECHANICAL_DESIGN_GEOMETRIC_PRESENTATION_REPRESENTATION (  '', ( #10471 ), #10663 ) ;
#2341 = EDGE_CURVE ( 'NONE', #10551, #11775, #3309, .T. ) ;
#2342 = ORIENTED_EDGE ( 'NONE', *, *, #2650, .T. ) ;
#2343 =( LENGTH_UNIT ( ) NAMED_UNIT ( * ) SI_UNIT ( .MILLI., .METRE. ) );
#2344 = CIRCLE ( 'NONE', #11828, 0.7499999999999997780 ) ;
#2345 = STYLED_ITEM ( 'NONE', ( #10006 ), #7462 ) ;
#2346 =( GEOMETRIC_REPRESENTATION_CONTEXT ( 3 ) GLOBAL_UNCERTAINTY_ASSIGNED_CONTEXT ( ( #10709 ) ) GLOBAL_UNIT_ASSIGNED_CONTEXT ( ( #9213, #8285, #9390 ) ) REPRESENTATION_CONTEXT ( 'NONE', 'WORKASPACE' ) );
#2347 =( GEOMETRIC_REPRESENTATION_CONTEXT ( 3 ) GLOBAL_UNCERTAINTY_ASSIGNED_CONTEXT ( ( #8548 ) ) GLOBAL_UNIT_ASSIGNED_CONTEXT ( ( #5516, #9214, #6791 ) ) REPRESENTATION_CONTEXT ( 'NONE', 'WORKASPACE' ) );
#2348 = UNCERTAINTY_MEASURE_WITH_UNIT (LENGTH_MEASURE( 1.000000000000000082E-05 ), #578, 'distance_accuracy_value', 'NONE');
#2349 = SURFACE_SIDE_STYLE ('',( #7137 ) ) ;
#2350 = FILL_AREA_STYLE_COLOUR ( '', #7296 ) ;
#2351 = FACE_OUTER_BOUND ( 'NONE', #606, .T. ) ;
#2352 = FILL_AREA_STYLE ('',( #10542 ) ) ;
#2353 = DIRECTION ( 'NONE',  ( 0.000000000000000000, 0.000000000000000000, -1.000000000000000000 ) ) ;
#2354 = DIRECTION ( 'NONE',  ( -1.000000000000000000, 0.000000000000000000, 0.000000000000000000 ) ) ;
#2355 = UNCERTAINTY_MEASURE_WITH_UNIT (LENGTH_MEASURE( 1.000000000000000082E-05 ), #6776, 'distance_accuracy_value', 'NONE');
#2356 = DIRECTION ( 'NONE',  ( 0.000000000000000000, 0.000000000000000000, -1.000000000000000000 ) ) ;
#2357 = DIRECTION ( 'NONE',  ( -0.000000000000000000, 1.000000000000000000, -0.000000000000000000 ) ) ;
#2358 =( GEOMETRIC_REPRESENTATION_CONTEXT ( 3 ) GLOBAL_UNCERTAINTY_ASSIGNED_CONTEXT ( ( #5363 ) ) GLOBAL_UNIT_ASSIGNED_CONTEXT ( ( #1680, #9965, #3547 ) ) REPRESENTATION_CONTEXT ( 'NONE', 'WORKASPACE' ) );
#2359 = AXIS2_PLACEMENT_3D ( 'NONE', #10873, #11545, #5112 ) ;
#2360 = ORIENTED_EDGE ( 'NONE', *, *, #2500, .T. ) ;
#2361 = ORIENTED_EDGE ( 'NONE', *, *, #7358, .F. ) ;
#2362 =( GEOMETRIC_REPRESENTATION_CONTEXT ( 3 ) GLOBAL_UNCERTAINTY_ASSIGNED_CONTEXT ( ( #8408 ) ) GLOBAL_UNIT_ASSIGNED_CONTEXT ( ( #1689, #4350, #2515 ) ) REPRESENTATION_CONTEXT ( 'NONE', 'WORKASPACE' ) );
#2363 =( NAMED_UNIT ( * ) PLANE_ANGLE_UNIT ( ) SI_UNIT ( $, .RADIAN. ) );
#2364 = COLOUR_RGB ( '',0.7019607843137254388, 0.7019607843137254388, 0.7019607843137254388 ) ;
#2365 = DIRECTION ( 'NONE',  ( 0.000000000000000000, 0.000000000000000000, 1.000000000000000000 ) ) ;
#2366 = VECTOR ( 'NONE', #10861, 1000.000000000000000 ) ;
#2367 = DIRECTION ( 'NONE',  ( 0.000000000000000000, 0.000000000000000000, -1.000000000000000000 ) ) ;
#2368 = CARTESIAN_POINT ( 'NONE',  ( -3.007906248537246974, 11.09999999999999964, 7.900000000007061374 ) ) ;
#2369 = MECHANICAL_DESIGN_GEOMETRIC_PRESENTATION_REPRESENTATION (  '', ( #2734 ), #10698 ) ;
#2370 = STYLED_ITEM ( 'NONE', ( #7809 ), #10513 ) ;
#2371 = CARTESIAN_POINT ( 'NONE',  ( 1.649999999999999911, -10.94999999999999929, 5.700000000000000178 ) ) ;
#2372 = FILL_AREA_STYLE ('',( #4186 ) ) ;
#2373 = FILL_AREA_STYLE ('',( #4245 ) ) ;
#2374 =( NAMED_UNIT ( * ) SI_UNIT ( $, .STERADIAN. ) SOLID_ANGLE_UNIT ( ) );
#2375 = PLANE ( 'NONE',  #7147 ) ;
#2376 = FILL_AREA_STYLE_COLOUR ( '', #3007 ) ;
#2377 = ORIENTED_EDGE ( 'NONE', *, *, #6445, .F. ) ;
#2378 = MECHANICAL_DESIGN_GEOMETRIC_PRESENTATION_REPRESENTATION (  '', ( #6043 ), #7806 ) ;
#2379 = VERTEX_POINT ( 'NONE', #6101 ) ;
#2380 = VERTEX_POINT ( 'NONE', #612 ) ;
#2381 = CARTESIAN_POINT ( 'NONE',  ( 8.000000000000000000, -4.750000000000000000, 3.200000000000000178 ) ) ;
#2382 = SURFACE_SIDE_STYLE ('',( #9605 ) ) ;
#2383 = LINE ( 'NONE', #6070, #8807 ) ;
#2384 = SURFACE_SIDE_STYLE ('',( #7912 ) ) ;
#2385 = EDGE_CURVE ( 'NONE', #1644, #7848, #10653, .T. ) ;
#2386 = DIRECTION ( 'NONE',  ( 1.000000000000000000, 0.000000000000000000, 0.000000000000000000 ) ) ;
#2387 = COLOUR_RGB ( '',0.8196078431372548767, 0.8000000000000000444, 0.7529411764705882248 ) ;
#2388 = CIRCLE ( 'NONE', #9179, 0.5000000000000000000 ) ;
#2389 = EDGE_CURVE ( 'NONE', #2453, #11190, #10782, .T. ) ;
#2390 = CARTESIAN_POINT ( 'NONE',  ( 7.000000000000000000, 6.650000000000000355, -3.700000000000000178 ) ) ;
#2391 = ADVANCED_BREP_SHAPE_REPRESENTATION ( '', ( #11461, #3260 ), #19 ) ;
#2392 = STYLED_ITEM ( 'NONE', ( #1884 ), #4814 ) ;
#2393 = VERTEX_POINT ( 'NONE', #8051 ) ;
#2394 = DIRECTION ( 'NONE',  ( -0.000000000000000000, -1.000000000000000000, -0.000000000000000000 ) ) ;
#2395 = AXIS2_PLACEMENT_3D ( 'NONE', #3353, #2454, #4034 ) ;
#2396 = ORIENTED_EDGE ( 'NONE', *, *, #3150, .T. ) ;
#2397 = COLOUR_RGB ( '',0.9137254901960784048, 0.5137254901960783826, 0.1372549019607843257 ) ;
#2398 =( NAMED_UNIT ( * ) SI_UNIT ( $, .STERADIAN. ) SOLID_ANGLE_UNIT ( ) );
#2399 = LINE ( 'NONE', #5956, #10374 ) ;
#2400 =( LENGTH_UNIT ( ) NAMED_UNIT ( * ) SI_UNIT ( .MILLI., .METRE. ) );
#2401 = DIRECTION ( 'NONE',  ( 1.387778780781445676E-15, -1.000000000000000000, 0.000000000000000000 ) ) ;
#2402 = CARTESIAN_POINT ( 'NONE',  ( 4.750000000000000000, 8.949999999999999289, 3.200000000000000178 ) ) ;
#2403 = VECTOR ( 'NONE', #3982, 1000.000000000000000 ) ;
#2404 = DIRECTION ( 'NONE',  ( 0.000000000000000000, 3.172065784645000030E-16, -1.000000000000000000 ) ) ;
#2405 = ORIENTED_EDGE ( 'NONE', *, *, #6824, .T. ) ;
#2406 = COLOUR_RGB ( '',0.7019607843137254388, 0.7019607843137254388, 0.7019607843137254388 ) ;
#2407 = COLOUR_RGB ( '',0.9137254901960784048, 0.5137254901960783826, 0.1372549019607843257 ) ;
#2408 =( GEOMETRIC_REPRESENTATION_CONTEXT ( 3 ) GLOBAL_UNCERTAINTY_ASSIGNED_CONTEXT ( ( #4645 ) ) GLOBAL_UNIT_ASSIGNED_CONTEXT ( ( #6508, #1168, #6635 ) ) REPRESENTATION_CONTEXT ( 'NONE', 'WORKASPACE' ) );
#2409 = LINE ( 'NONE', #11561, #1613 ) ;
#2410 = PRESENTATION_STYLE_ASSIGNMENT (( #4291 ) ) ;
#2411 = CARTESIAN_POINT ( 'NONE',  ( -4.250000000000000000, 11.09999999999999964, 9.400000000000000355 ) ) ;
#2412 =( NAMED_UNIT ( * ) SI_UNIT ( $, .STERADIAN. ) SOLID_ANGLE_UNIT ( ) );
#2413 = PLANE ( 'NONE',  #4773 ) ;
#2414 = CARTESIAN_POINT ( 'NONE',  ( 2.750000000000000444, -8.250000000000000000, 0.000000000000000000 ) ) ;
#2415 = CIRCLE ( 'NONE', #9216, 0.7500000000000006661 ) ;
#2416 = LINE ( 'NONE', #11631, #7663 ) ;
#2417 = VERTEX_POINT ( 'NONE', #1460 ) ;
#2418 = EDGE_CURVE ( 'NONE', #8920, #6840, #6961, .T. ) ;
#2419 = ORIENTED_EDGE ( 'NONE', *, *, #6949, .T. ) ;
#2420 = VECTOR ( 'NONE', #4025, 1000.000000000000000 ) ;
#2421 = CARTESIAN_POINT ( 'NONE',  ( 3.250000000000000444, -12.75000000000000178, -3.700000000000000178 ) ) ;
#2422 = DIRECTION ( 'NONE',  ( -1.000000000000000000, 0.000000000000000000, 0.000000000000000000 ) ) ;
#2423 = EDGE_CURVE ( 'NONE', #8844, #9041, #9978, .T. ) ;
#2424 = DIRECTION ( 'NONE',  ( 0.000000000000000000, -0.000000000000000000, 1.000000000000000000 ) ) ;
#2425 = AXIS2_PLACEMENT_3D ( 'NONE', #9343, #11132, #6415 ) ;
#2426 = FILL_AREA_STYLE_COLOUR ( '', #9813 ) ;
#2427 = DIRECTION ( 'NONE',  ( 1.000000000000000000, 0.000000000000000000, -0.000000000000000000 ) ) ;
#2428 = CARTESIAN_POINT ( 'NONE',  ( -8.000000000000000000, 5.599999999999998757, 2.600000000000000533 ) ) ;
#2429 = CARTESIAN_POINT ( 'NONE',  ( -7.492820323027548746, 7.492820323027550522, 11.69282032302754892 ) ) ;
#2430 =( LENGTH_UNIT ( ) NAMED_UNIT ( * ) SI_UNIT ( .MILLI., .METRE. ) );
#2432 = PRESENTATION_LAYER_ASSIGNMENT (  '', '', ( #11926 ) ) ;
#2431 = SHAPE_REPRESENTATION_RELATIONSHIP ( 'NONE' , 'NONE' ,  #1859, #258 ) ;
#2433 = CARTESIAN_POINT ( 'NONE',  ( -2.500000000000000000, 10.59999999999999964, 9.650000000003002398 ) ) ;
#2434 = EDGE_LOOP ( 'NONE', ( #6517, #8092, #11057, #4816, #4857 ) ) ;
#2435 = ORIENTED_EDGE ( 'NONE', *, *, #7719, .T. ) ;
#2436 = PRODUCT_RELATED_PRODUCT_CATEGORY ( 'part', '', ( #1474 ) ) ;
#2437 = ORIENTED_EDGE ( 'NONE', *, *, #3770, .F. ) ;
#2438 = LINE ( 'NONE', #11777, #7774 ) ;
#2439 = SURFACE_SIDE_STYLE ('',( #4559 ) ) ;
#2440 = DIRECTION ( 'NONE',  ( 6.938893903907228378E-16, 1.000000000000000000, 0.000000000000000000 ) ) ;
#2441 = CIRCLE ( 'NONE', #1682, 0.5000000000000004441 ) ;
#2442 =( NAMED_UNIT ( * ) SI_UNIT ( $, .STERADIAN. ) SOLID_ANGLE_UNIT ( ) );
#2443 = CYLINDRICAL_SURFACE ( 'NONE', #489, 0.5000000000000004441 ) ;
#2444 = SURFACE_STYLE_USAGE ( .BOTH. , #10760 ) ;
#2445 = FACE_OUTER_BOUND ( 'NONE', #5704, .T. ) ;
#2446 = LINE ( 'NONE', #6943, #6907 ) ;
#2447 = AXIS2_PLACEMENT_3D ( 'NONE', #960, #11871, #3679 ) ;
#2448 = DIRECTION ( 'NONE',  ( 1.000000000000000000, 0.000000000000000000, 0.000000000000000000 ) ) ;
#2449 = COLOUR_RGB ( '',0.9137254901960784048, 0.5137254901960783826, 0.1372549019607843257 ) ;
#2450 = EDGE_LOOP ( 'NONE', ( #1198, #2761, #4883, #4079 ) ) ;
#2451 = SURFACE_STYLE_USAGE ( .BOTH. , #4211 ) ;
#2452 = EDGE_CURVE ( 'NONE', #9763, #1078, #8103, .T. ) ;
#2453 = VERTEX_POINT ( 'NONE', #9034 ) ;
#2454 = DIRECTION ( 'NONE',  ( 0.000000000000000000, 0.000000000000000000, -1.000000000000000000 ) ) ;
#2455 =( LENGTH_UNIT ( ) NAMED_UNIT ( * ) SI_UNIT ( .MILLI., .METRE. ) );
#2456 =( GEOMETRIC_REPRESENTATION_CONTEXT ( 3 ) GLOBAL_UNCERTAINTY_ASSIGNED_CONTEXT ( ( #11695 ) ) GLOBAL_UNIT_ASSIGNED_CONTEXT ( ( #2564, #9133, #3662 ) ) REPRESENTATION_CONTEXT ( 'NONE', 'WORKASPACE' ) );
#2457 = SURFACE_SIDE_STYLE ('',( #10772 ) ) ;
#2458 =( NAMED_UNIT ( * ) PLANE_ANGLE_UNIT ( ) SI_UNIT ( $, .RADIAN. ) );
#2459 = CARTESIAN_POINT ( 'NONE',  ( -3.250000000000000444, -8.250000000000000000, -3.700000000000000178 ) ) ;
#2460 = UNCERTAINTY_MEASURE_WITH_UNIT (LENGTH_MEASURE( 1.000000000000000082E-05 ), #11526, 'distance_accuracy_value', 'NONE');
#2461 = SHAPE_REPRESENTATION_RELATIONSHIP ( 'NONE' , 'NONE' ,  #5096, #4251 ) ;
#2462 = STYLED_ITEM ( 'NONE', ( #1057 ), #9265 ) ;
#2463 =( NAMED_UNIT ( * ) SI_UNIT ( $, .STERADIAN. ) SOLID_ANGLE_UNIT ( ) );
#2464 = EDGE_CURVE ( 'NONE', #11800, #5997, #10891, .T. ) ;
#2465 = UNCERTAINTY_MEASURE_WITH_UNIT (LENGTH_MEASURE( 1.000000000000000082E-05 ), #3756, 'distance_accuracy_value', 'NONE');
#2466 =( LENGTH_UNIT ( ) NAMED_UNIT ( * ) SI_UNIT ( .MILLI., .METRE. ) );
#2467 = CARTESIAN_POINT ( 'NONE',  ( 4.750000000000000000, 11.09999999999999964, 0.8000000000000000444 ) ) ;
#2468 =( NAMED_UNIT ( * ) SI_UNIT ( $, .STERADIAN. ) SOLID_ANGLE_UNIT ( ) );
#2469 = LINE ( 'NONE', #9980, #5967 ) ;
#2470 = CARTESIAN_POINT ( 'NONE',  ( 3.007906248538754213, 10.59999999999999964, 7.900000000001499600 ) ) ;
#2471 = VECTOR ( 'NONE', #627, 1000.000000000000000 ) ;
#2472 = UNCERTAINTY_MEASURE_WITH_UNIT (LENGTH_MEASURE( 1.000000000000000082E-05 ), #141, 'distance_accuracy_value', 'NONE');
#2473 = EDGE_LOOP ( 'NONE', ( #5510, #7742, #3646, #4634 ) ) ;
#2474 = DIRECTION ( 'NONE',  ( -1.000000000000000000, 0.000000000000000000, 0.000000000000000000 ) ) ;
#2475 = EDGE_LOOP ( 'NONE', ( #11865, #3584, #9192, #4044 ) ) ;
#2476 = SURFACE_STYLE_FILL_AREA ( #2592 ) ;
#2477 = CARTESIAN_POINT ( 'NONE',  ( -1.649999999999999911, -14.24999999999999822, 5.700000000000000178 ) ) ;
#2478 = DIRECTION ( 'NONE',  ( -0.000000000000000000, 1.000000000000000000, -0.000000000000000000 ) ) ;
#2479 = CARTESIAN_POINT ( 'NONE',  ( -8.146008012803568121, 7.449065044532192204, 11.08338791174689142 ) ) ;
#2480 =( NAMED_UNIT ( * ) PLANE_ANGLE_UNIT ( ) SI_UNIT ( $, .RADIAN. ) );
#2481 = ADVANCED_FACE ( 'NONE', ( #5188 ), #6157, .T. ) ;
#2482 = CARTESIAN_POINT ( 'NONE',  ( -3.000000000000000000, 9.750000000000000000, 0.8000000000000000444 ) ) ;
#2483 = EDGE_CURVE ( 'NONE', #3465, #164, #3796, .T. ) ;
#2484 = EDGE_LOOP ( 'NONE', ( #3958, #6804, #7204, #11119, #9556, #524 ) ) ;
#2485 = ORIENTED_EDGE ( 'NONE', *, *, #9083, .T. ) ;
#2486 = ORIENTED_EDGE ( 'NONE', *, *, #4059, .T. ) ;
#2487 =( NAMED_UNIT ( * ) SI_UNIT ( $, .STERADIAN. ) SOLID_ANGLE_UNIT ( ) );
#2488 = FACE_OUTER_BOUND ( 'NONE', #11362, .T. ) ;
#2489 = CARTESIAN_POINT ( 'NONE',  ( 7.386071179369601225, -6.852424748005593536, 12.11971761073360554 ) ) ;
#2490 = FILL_AREA_STYLE_COLOUR ( '', #5801 ) ;
#2491 =( GEOMETRIC_REPRESENTATION_CONTEXT ( 3 ) GLOBAL_UNCERTAINTY_ASSIGNED_CONTEXT ( ( #9976 ) ) GLOBAL_UNIT_ASSIGNED_CONTEXT ( ( #6120, #9821, #10742 ) ) REPRESENTATION_CONTEXT ( 'NONE', 'WORKASPACE' ) );
#2492 = PRESENTATION_STYLE_ASSIGNMENT (( #11904 ) ) ;
#2493 = DIRECTION ( 'NONE',  ( 1.000000000000000000, 0.000000000000000000, 0.000000000000000000 ) ) ;
#2494 = SURFACE_STYLE_USAGE ( .BOTH. , #7292 ) ;
#2495 = SURFACE_STYLE_FILL_AREA ( #5224 ) ;
#2496 = APPLICATION_PROTOCOL_DEFINITION ( 'draft international standard', 'automotive_design', 1998, #969 ) ;
#2497 = EDGE_LOOP ( 'NONE', ( #312, #443, #4791, #1871 ) ) ;
#2498 =( GEOMETRIC_REPRESENTATION_CONTEXT ( 3 ) GLOBAL_UNCERTAINTY_ASSIGNED_CONTEXT ( ( #79 ) ) GLOBAL_UNIT_ASSIGNED_CONTEXT ( ( #9210, #3554, #6336 ) ) REPRESENTATION_CONTEXT ( 'NONE', 'WORKASPACE' ) );
#2499 = VERTEX_POINT ( 'NONE', #4638 ) ;
#2500 = EDGE_CURVE ( 'NONE', #2603, #6324, #3729, .T. ) ;
#2501 = ORIENTED_EDGE ( 'NONE', *, *, #8208, .T. ) ;
#2502 = SURFACE_STYLE_USAGE ( .BOTH. , #10821 ) ;
#2503 = FILL_AREA_STYLE ('',( #9848 ) ) ;
#2504 = DIRECTION ( 'NONE',  ( 0.000000000000000000, -1.000000000000000000, -0.000000000000000000 ) ) ;
#2505 = DIRECTION ( 'NONE',  ( 0.000000000000000000, 0.000000000000000000, 1.000000000000000000 ) ) ;
#2506 = CARTESIAN_POINT ( 'NONE',  ( 4.250000000000000000, 11.09999999999999964, 7.900000000001998757 ) ) ;
#2507 = CIRCLE ( 'NONE', #3279, 3.100000000000000533 ) ;
#2508 = EDGE_CURVE ( 'NONE', #8340, #5078, #4706, .T. ) ;
#2509 = EDGE_CURVE ( 'NONE', #8998, #6468, #6523, .T. ) ;
#2510 = ORIENTED_EDGE ( 'NONE', *, *, #195, .F. ) ;
#2511 = AXIS2_PLACEMENT_3D ( 'NONE', #3127, #3936, #9411 ) ;
#2512 = ORIENTED_EDGE ( 'NONE', *, *, #1658, .F. ) ;
#2513 = PRESENTATION_LAYER_ASSIGNMENT (  '', '', ( #6987 ) ) ;
#2514 = DIRECTION ( 'NONE',  ( 1.000000000000000000, 0.000000000000000000, -0.000000000000000000 ) ) ;
#2515 =( NAMED_UNIT ( * ) SI_UNIT ( $, .STERADIAN. ) SOLID_ANGLE_UNIT ( ) );
#2516 = COLOUR_RGB ( '',0.8196078431372548767, 0.8000000000000000444, 0.7529411764705882248 ) ;
#2517 = DIRECTION ( 'NONE',  ( -1.000000000000000000, 0.000000000000000000, 0.000000000000000000 ) ) ;
#2518 = DIRECTION ( 'NONE',  ( -1.000000000000000000, 0.000000000000000000, 0.000000000000000000 ) ) ;
#2519 = DIRECTION ( 'NONE',  ( 1.074409378669999991E-15, -1.000000000000000000, 0.000000000000000000 ) ) ;
#2520 = AXIS2_PLACEMENT_3D ( 'NONE', #1780, #1666, #2718 ) ;
#2521 = EDGE_CURVE ( 'NONE', #1937, #8013, #7510, .T. ) ;
#2522 = ADVANCED_FACE ( 'NONE', ( #2861 ), #5544, .F. ) ;
#2523 = ORIENTED_EDGE ( 'NONE', *, *, #140, .T. ) ;
#2524 = CARTESIAN_POINT ( 'NONE',  ( -3.750000000000000444, -8.250000000000000000, 0.000000000000000000 ) ) ;
#2525 = EDGE_CURVE ( 'NONE', #2763, #1864, #3675, .T. ) ;
#2526 = PRESENTATION_LAYER_ASSIGNMENT (  '', '', ( #5246 ) ) ;
#2527 = LINE ( 'NONE', #8113, #4935 ) ;
#2528 = COLOUR_RGB ( '',0.8196078431372548767, 0.8000000000000000444, 0.7529411764705882248 ) ;
#2529 = STYLED_ITEM ( 'NONE', ( #9204 ), #10648 ) ;
#2530 = PRESENTATION_LAYER_ASSIGNMENT (  '', '', ( #8350 ) ) ;
#2531 =( GEOMETRIC_REPRESENTATION_CONTEXT ( 3 ) GLOBAL_UNCERTAINTY_ASSIGNED_CONTEXT ( ( #2096 ) ) GLOBAL_UNIT_ASSIGNED_CONTEXT ( ( #6980, #10958, #1761 ) ) REPRESENTATION_CONTEXT ( 'NONE', 'WORKASPACE' ) );
#2532 =( NAMED_UNIT ( * ) PLANE_ANGLE_UNIT ( ) SI_UNIT ( $, .RADIAN. ) );
#2533 = SURFACE_SIDE_STYLE ('',( #7151 ) ) ;
#2534 = DIRECTION ( 'NONE',  ( 0.000000000000000000, 0.000000000000000000, 1.000000000000000000 ) ) ;
#2535 = DIRECTION ( 'NONE',  ( 0.000000000000000000, 1.000000000000000000, -0.000000000000000000 ) ) ;
#2536 = FILL_AREA_STYLE ('',( #634 ) ) ;
#2537 =( GEOMETRIC_REPRESENTATION_CONTEXT ( 3 ) GLOBAL_UNCERTAINTY_ASSIGNED_CONTEXT ( ( #1126 ) ) GLOBAL_UNIT_ASSIGNED_CONTEXT ( ( #61, #5532, #9266 ) ) REPRESENTATION_CONTEXT ( 'NONE', 'WORKASPACE' ) );
#2538 = DIRECTION ( 'NONE',  ( 0.000000000000000000, -1.000000000000000000, 1.069189206575000149E-12 ) ) ;
#2539 = CIRCLE ( 'NONE', #3114, 1.199999999999999734 ) ;
#2540 = COLOUR_RGB ( '',0.9137254901960784048, 0.5137254901960783826, 0.1372549019607843257 ) ;
#2541 = DIRECTION ( 'NONE',  ( 1.000000000000000000, 0.000000000000000000, -0.000000000000000000 ) ) ;
#2542 = CARTESIAN_POINT ( 'NONE',  ( 0.9800187112737211992, -7.433681258088347121, 4.999999999999986677 ) ) ;
#2543 = VECTOR ( 'NONE', #6168, 1000.000000000000000 ) ;
#2544 = ORIENTED_EDGE ( 'NONE', *, *, #10234, .T. ) ;
#2545 =( GEOMETRIC_REPRESENTATION_CONTEXT ( 3 ) GLOBAL_UNCERTAINTY_ASSIGNED_CONTEXT ( ( #10479 ) ) GLOBAL_UNIT_ASSIGNED_CONTEXT ( ( #6774, #3928, #150 ) ) REPRESENTATION_CONTEXT ( 'NONE', 'WORKASPACE' ) );
#2546 = EDGE_LOOP ( 'NONE', ( #3105, #6204 ) ) ;
#2547 = ORIENTED_EDGE ( 'NONE', *, *, #1032, .F. ) ;
#2548 = MECHANICAL_DESIGN_GEOMETRIC_PRESENTATION_REPRESENTATION (  '', ( #4110 ), #9734 ) ;
#2549 = STYLED_ITEM ( 'NONE', ( #1731 ), #1036 ) ;
#2550 =( GEOMETRIC_REPRESENTATION_CONTEXT ( 3 ) GLOBAL_UNCERTAINTY_ASSIGNED_CONTEXT ( ( #1633 ) ) GLOBAL_UNIT_ASSIGNED_CONTEXT ( ( #6161, #1574, #907 ) ) REPRESENTATION_CONTEXT ( 'NONE', 'WORKASPACE' ) );
#2551 = VERTEX_POINT ( 'NONE', #1865 ) ;
#2552 = DIRECTION ( 'NONE',  ( 0.000000000000000000, -1.000000000000000000, -0.000000000000000000 ) ) ;
#2553 = SURFACE_STYLE_USAGE ( .BOTH. , #10007 ) ;
#2554 = DIRECTION ( 'NONE',  ( 0.000000000000000000, -1.000000000000000000, 0.000000000000000000 ) ) ;
#2555 = FILL_AREA_STYLE ('',( #4376 ) ) ;
#2556 = CARTESIAN_POINT ( 'NONE',  ( -5.551115123125999639E-16, 11.09999999999999964, 7.150000000000000355 ) ) ;
#2557 = CIRCLE ( 'NONE', #5650, 2.000000000000000000 ) ;
#2558 = SURFACE_STYLE_FILL_AREA ( #10015 ) ;
#2559 = PRESENTATION_LAYER_ASSIGNMENT (  '', '', ( #9921 ) ) ;
#2560 = APPLICATION_PROTOCOL_DEFINITION ( 'draft international standard', 'automotive_design', 1998, #3670 ) ;
#2561 = ORIENTED_EDGE ( 'NONE', *, *, #567, .F. ) ;
#2562 = VERTEX_POINT ( 'NONE', #9278 ) ;
#2563 = LINE ( 'NONE', #5469, #5489 ) ;
#2564 =( LENGTH_UNIT ( ) NAMED_UNIT ( * ) SI_UNIT ( .MILLI., .METRE. ) );
#2565 = FACE_OUTER_BOUND ( 'NONE', #1723, .T. ) ;
#2566 = VECTOR ( 'NONE', #7444, 1000.000000000000000 ) ;
#2567 =( NAMED_UNIT ( * ) PLANE_ANGLE_UNIT ( ) SI_UNIT ( $, .RADIAN. ) );
#2568 = CYLINDRICAL_SURFACE ( 'NONE', #7877, 0.5000000000000000000 ) ;
#2569 = FILL_AREA_STYLE_COLOUR ( '', #10090 ) ;
#2570 = DIRECTION ( 'NONE',  ( 0.000000000000000000, -1.000000000000000000, -0.000000000000000000 ) ) ;
#2571 = UNCERTAINTY_MEASURE_WITH_UNIT (LENGTH_MEASURE( 1.000000000000000082E-05 ), #3113, 'distance_accuracy_value', 'NONE');
#2572 = ORIENTED_EDGE ( 'NONE', *, *, #3904, .T. ) ;
#2573 = VECTOR ( 'NONE', #7899, 1000.000000000000000 ) ;
#2574 = EDGE_LOOP ( 'NONE', ( #1752, #7438, #5406, #2314 ) ) ;
#2575 = AXIS2_PLACEMENT_3D ( 'NONE', #3878, #5756, #4843 ) ;
#2576 = DIRECTION ( 'NONE',  ( 0.000000000000000000, -1.000000000000000000, 0.000000000000000000 ) ) ;
#2577 = SURFACE_STYLE_USAGE ( .BOTH. , #4401 ) ;
#2578 = CIRCLE ( 'NONE', #8811, 1.199999999999999734 ) ;
#2579 = PLANE ( 'NONE',  #5359 ) ;
#2580 = APPLICATION_CONTEXT ( 'automotive_design' ) ;
#2581 = CARTESIAN_POINT ( 'NONE',  ( -2.750000000000000444, -8.250000000000000000, 0.000000000000000000 ) ) ;
#2582 =( LENGTH_UNIT ( ) NAMED_UNIT ( * ) SI_UNIT ( .MILLI., .METRE. ) );
#2583 = VECTOR ( 'NONE', #9171, 1000.000000000000000 ) ;
#2584 = UNCERTAINTY_MEASURE_WITH_UNIT (LENGTH_MEASURE( 1.000000000000000082E-05 ), #2642, 'distance_accuracy_value', 'NONE');
#2585 = DIRECTION ( 'NONE',  ( -1.000000000000000000, 0.000000000000000000, 0.000000000000000000 ) ) ;
#2586 = EDGE_LOOP ( 'NONE', ( #10998, #4586, #3089, #8870 ) ) ;
#2587 =( LENGTH_UNIT ( ) NAMED_UNIT ( * ) SI_UNIT ( .MILLI., .METRE. ) );
#2588 =( REPRESENTATION_RELATIONSHIP ('NONE','NONE', #2998, #7598 ) REPRESENTATION_RELATIONSHIP_WITH_TRANSFORMATION ( #10678 )SHAPE_REPRESENTATION_RELATIONSHIP( ) );
#2589 =( GEOMETRIC_REPRESENTATION_CONTEXT ( 3 ) GLOBAL_UNCERTAINTY_ASSIGNED_CONTEXT ( ( #1967 ) ) GLOBAL_UNIT_ASSIGNED_CONTEXT ( ( #4026, #2272, #2137 ) ) REPRESENTATION_CONTEXT ( 'NONE', 'WORKASPACE' ) );
#2590 = ADVANCED_FACE ( 'NONE', ( #7441 ), #958, .T. ) ;
#2591 = DIRECTION ( 'NONE',  ( 0.000000000000000000, 1.000000000000000000, -1.370645709413999982E-16 ) ) ;
#2592 = FILL_AREA_STYLE ('',( #860 ) ) ;
#2593 = FACE_OUTER_BOUND ( 'NONE', #2908, .T. ) ;
#2594 = COLOUR_RGB ( '',0.9137254901960784048, 0.5137254901960783826, 0.1372549019607843257 ) ;
#2595 = DIRECTION ( 'NONE',  ( -1.000000000000000000, -0.000000000000000000, 0.000000000000000000 ) ) ;
#2596 = CLOSED_SHELL ( 'NONE', ( #4632, #11680, #5194, #7735, #10224, #3602, #3211, #2286, #1684, #9623, #3015, #9466, #8354, #4246, #5309, #9580, #10036, #2980, #11117, #4599, #11003, #2302, #673, #2626, #1215, #9129, #10769, #9470, #5407, #7320, #6470, #8894, #427, #5778, #5885, #6452, #10770 ) ) ;
#2597 = DIRECTION ( 'NONE',  ( -1.000000000000000000, 0.000000000000000000, 0.000000000000000000 ) ) ;
#2598 = LINE ( 'NONE', #8121, #7631 ) ;
#2599 = SURFACE_SIDE_STYLE ('',( #8931 ) ) ;
#2600 = COLOUR_RGB ( '',0.6274509803921568540, 0.6274509803921568540, 0.6274509803921568540 ) ;
#2601 = ORIENTED_EDGE ( 'NONE', *, *, #10757, .F. ) ;
#2602 = PRODUCT_DEFINITION_FORMATION_WITH_SPECIFIED_SOURCE ( 'ANY', '', #3693, .NOT_KNOWN. ) ;
#2603 = VERTEX_POINT ( 'NONE', #10688 ) ;
#2604 = VERTEX_POINT ( 'NONE', #1493 ) ;
#2605 = VECTOR ( 'NONE', #9227, 1000.000000000000000 ) ;
#2606 = FACE_BOUND ( 'NONE', #2262, .T. ) ;
#2607 = PRESENTATION_STYLE_ASSIGNMENT (( #4323 ) ) ;
#2608 = EDGE_CURVE ( 'NONE', #6468, #3162, #3092, .T. ) ;
#2609 = LINE ( 'NONE', #5573, #6388 ) ;
#2610 = CARTESIAN_POINT ( 'NONE',  ( 7.196750994715549687, -7.892367967113674609, 10.70113402231742405 ) ) ;
#2611 = DIRECTION ( 'NONE',  ( 0.000000000000000000, 0.000000000000000000, -1.000000000000000000 ) ) ;
#2613 = CARTESIAN_POINT ( 'NONE',  ( -8.699999999999999289, -3.450000000000000178, 0.000000000000000000 ) ) ;
#2612 = COLOUR_RGB ( '',0.8196078431372548767, 0.8000000000000000444, 0.7529411764705882248 ) ;
#2614 = CARTESIAN_POINT ( 'NONE',  ( 0.5750000000000001776, -0.7749999999999999112, 12.13765756135613572 ) ) ;
#2615 = CYLINDRICAL_SURFACE ( 'NONE', #9853, 2.299999999999999822 ) ;
#2616 = LINE ( 'NONE', #10814, #3601 ) ;
#2617 = PRODUCT_CONTEXT ( 'NONE', #2580, 'mechanical' ) ;
#2618 =( BOUNDED_SURFACE ( )  B_SPLINE_SURFACE ( 3, 3, ( 
 ( #4325, #6254, #9063, #8020 ),
 ( #9951, #10809, #5343, #4561 ),
 ( #2489, #8942, #1665, #5282 ),
 ( #8262, #757, #10164, #2610 ) ),
 .UNSPECIFIED., .F., .F., .F. ) 
 B_SPLINE_SURFACE_WITH_KNOTS ( ( 4, 4 ),
 ( 4, 4 ),
 ( 0.000000000000000000, 1.000000000000000000 ),
 ( 0.000000000000000000, 1.000000000000000000 ),
 .UNSPECIFIED. ) 
 GEOMETRIC_REPRESENTATION_ITEM ( )  RATIONAL_B_SPLINE_SURFACE ( (
 ( 1.000000000000000000, 0.3333333333333330928, 0.3333333333333330928, 1.000000000000000000),
 ( 0.9245018060306376961, 0.3081672686768789915, 0.3081672686768789915, 0.9245018060306376961),
 ( 0.9245018060306376961, 0.3081672686768789915, 0.3081672686768789915, 0.9245018060306376961),
 ( 1.000000000000000000, 0.3333333333333330928, 0.3333333333333330928, 1.000000000000000000) ) ) 
 REPRESENTATION_ITEM ( '' )  SURFACE ( )  );
#2619 = ORIENTED_EDGE ( 'NONE', *, *, #7356, .F. ) ;
#2620 = VECTOR ( 'NONE', #3472, 1000.000000000000000 ) ;
#2621 = EDGE_LOOP ( 'NONE', ( #1550, #4691 ) ) ;
#2622 =( NAMED_UNIT ( * ) PLANE_ANGLE_UNIT ( ) SI_UNIT ( $, .RADIAN. ) );
#2623 = AXIS2_PLACEMENT_3D ( 'NONE', #9162, #856, #3689 ) ;
#2624 = ORIENTED_EDGE ( 'NONE', *, *, #11103, .F. ) ;
#2625 =( LENGTH_UNIT ( ) NAMED_UNIT ( * ) SI_UNIT ( .MILLI., .METRE. ) );
#2626 = ADVANCED_FACE ( 'NONE', ( #1360 ), #11536, .F. ) ;
#2627 =( LENGTH_UNIT ( ) NAMED_UNIT ( * ) SI_UNIT ( .MILLI., .METRE. ) );
#2628 =( NAMED_UNIT ( * ) SI_UNIT ( $, .STERADIAN. ) SOLID_ANGLE_UNIT ( ) );
#2629 = LINE ( 'NONE', #6640, #10509 ) ;
#2631 =( NAMED_UNIT ( * ) PLANE_ANGLE_UNIT ( ) SI_UNIT ( $, .RADIAN. ) );
#2630 =( GEOMETRIC_REPRESENTATION_CONTEXT ( 3 ) GLOBAL_UNCERTAINTY_ASSIGNED_CONTEXT ( ( #2081 ) ) GLOBAL_UNIT_ASSIGNED_CONTEXT ( ( #11791, #2567, #8146 ) ) REPRESENTATION_CONTEXT ( 'NONE', 'WORKASPACE' ) );
#2632 = COLOUR_RGB ( '',0.8196078431372548767, 0.8000000000000000444, 0.7529411764705882248 ) ;
#2633 =( LENGTH_UNIT ( ) NAMED_UNIT ( * ) SI_UNIT ( .MILLI., .METRE. ) );
#2634 = ADVANCED_FACE ( 'NONE', ( #11479 ), #2443, .T. ) ;
#2635 = VERTEX_POINT ( 'NONE', #8708 ) ;
#2636 = EDGE_CURVE ( 'NONE', #9485, #2453, #2383, .T. ) ;
#2637 = VERTEX_POINT ( 'NONE', #585 ) ;
#2638 = LINE ( 'NONE', #9275, #2716 ) ;
#2639 = AXIS2_PLACEMENT_3D ( 'NONE', #11428, #8722, #5898 ) ;
#2640 = PRESENTATION_LAYER_ASSIGNMENT (  '', '', ( #7887 ) ) ;
#2641 = EDGE_CURVE ( 'NONE', #3585, #7252, #1442, .T. ) ;
#2642 =( LENGTH_UNIT ( ) NAMED_UNIT ( * ) SI_UNIT ( .MILLI., .METRE. ) );
#2643 =( NAMED_UNIT ( * ) PLANE_ANGLE_UNIT ( ) SI_UNIT ( $, .RADIAN. ) );
#2644 = DIRECTION ( 'NONE',  ( 1.000000000000000000, 0.000000000000000000, 0.000000000000000000 ) ) ;
#2645 = FILL_AREA_STYLE ('',( #11874 ) ) ;
#2646 = AXIS2_PLACEMENT_3D ( 'NONE', #11042, #8331, #2729 ) ;
#2647 = VERTEX_POINT ( 'NONE', #1716 ) ;
#2648 = LINE ( 'NONE', #10113, #2253 ) ;
#2649 = VECTOR ( 'NONE', #11324, 1000.000000000000000 ) ;
#2650 = EDGE_CURVE ( 'NONE', #2765, #9663, #7112, .T. ) ;
#2651 = AXIS2_PLACEMENT_3D ( 'NONE', #11817, #8986, #3447 ) ;
#2652 = SURFACE_STYLE_FILL_AREA ( #737 ) ;
#2653 = VECTOR ( 'NONE', #11507, 1000.000000000000000 ) ;
#2654 = PRESENTATION_STYLE_ASSIGNMENT (( #10842 ) ) ;
#2655 = PLANE ( 'NONE',  #3906 ) ;
#2656 = DIRECTION ( 'NONE',  ( 0.000000000000000000, 1.000000000000000000, 0.000000000000000000 ) ) ;
#2657 = ADVANCED_FACE ( 'NONE', ( #11718 ), #2618, .T. ) ;
#2658 = CARTESIAN_POINT ( 'NONE',  ( -5.946204337767792225, -4.567619013451515997, 4.999999999999999112 ) ) ;
#2659 = ORIENTED_EDGE ( 'NONE', *, *, #9374, .T. ) ;
#2660 = ORIENTED_EDGE ( 'NONE', *, *, #6945, .T. ) ;
#2661 = ORIENTED_EDGE ( 'NONE', *, *, #8574, .F. ) ;
#2662 = ORIENTED_EDGE ( 'NONE', *, *, #4999, .T. ) ;
#2663 = DIRECTION ( 'NONE',  ( 0.000000000000000000, 0.000000000000000000, -1.000000000000000000 ) ) ;
#2664 = SURFACE_SIDE_STYLE ('',( #2558 ) ) ;
#2665 = ADVANCED_FACE ( 'NONE', ( #4433 ), #6443, .F. ) ;
#2666 = DIRECTION ( 'NONE',  ( -0.000000000000000000, 1.000000000000000000, 0.000000000000000000 ) ) ;
#2667 = EDGE_CURVE ( 'NONE', #11390, #8747, #6737, .T. ) ;
#2668 = APPLICATION_PROTOCOL_DEFINITION ( 'draft international standard', 'automotive_design', 1998, #8008 ) ;
#2669 = ORIENTED_EDGE ( 'NONE', *, *, #2999, .T. ) ;
#2670 = ORIENTED_EDGE ( 'NONE', *, *, #4929, .T. ) ;
#2671 = EDGE_LOOP ( 'NONE', ( #11897, #7300 ) ) ;
#2672 = DIRECTION ( 'NONE',  ( 1.000000000000000000, -0.000000000000000000, -0.000000000000000000 ) ) ;
#2673 = CARTESIAN_POINT ( 'NONE',  ( 5.599999999999999645, 8.000000000000000000, 0.000000000000000000 ) ) ;
#2674 = STYLED_ITEM ( 'NONE', ( #1519 ), #11189 ) ;
#2675 = DIRECTION ( 'NONE',  ( 0.000000000000000000, 1.000000000000000000, 0.000000000000000000 ) ) ;
#2676 = CARTESIAN_POINT ( 'NONE',  ( 11.09999999999999964, 0.000000000000000000, 0.8000000000000000444 ) ) ;
#2677 = FILL_AREA_STYLE_COLOUR ( '', #2143 ) ;
#2678 = CARTESIAN_POINT ( 'NONE',  ( 11.09999999999999964, -4.750000000000000000, 6.399999999999000266 ) ) ;
#2679 = UNCERTAINTY_MEASURE_WITH_UNIT (LENGTH_MEASURE( 1.000000000000000082E-05 ), #11128, 'distance_accuracy_value', 'NONE');
#2680 = SURFACE_SIDE_STYLE ('',( #5476 ) ) ;
#2681 = AXIS2_PLACEMENT_3D ( 'NONE', #6282, #10946, #3680 ) ;
#2682 = EDGE_LOOP ( 'NONE', ( #6494, #9070, #3108, #238 ) ) ;
#2683 = ORIENTED_EDGE ( 'NONE', *, *, #4263, .T. ) ;
#2684 = CARTESIAN_POINT ( 'NONE',  ( -7.500000000000000000, 8.000000000000000000, 2.600000000000000533 ) ) ;
#2685 = VERTEX_POINT ( 'NONE', #3768 ) ;
#2686 = PRODUCT_DEFINITION_CONTEXT ( 'detailed design', #3828, 'design' ) ;
#2687 = DIRECTION ( 'NONE',  ( -1.000000000000000000, -0.000000000000000000, 0.000000000000000000 ) ) ;
#2688 = AXIS2_PLACEMENT_3D ( 'NONE', #2208, #1315, #5893 ) ;
#2689 = DIRECTION ( 'NONE',  ( -1.000000000000000000, 0.000000000000000000, 0.000000000000000000 ) ) ;
#2690 = ADVANCED_FACE ( 'NONE', ( #8446, #40, #110, #9249, #2836, #225 ), #9304, .T. ) ;
#2691 = PLANE ( 'NONE',  #4002 ) ;
#2692 =( NAMED_UNIT ( * ) SI_UNIT ( $, .STERADIAN. ) SOLID_ANGLE_UNIT ( ) );
#2693 = LINE ( 'NONE', #8291, #5080 ) ;
#2694 = FILL_AREA_STYLE ('',( #3490 ) ) ;
#2695 = UNCERTAINTY_MEASURE_WITH_UNIT (LENGTH_MEASURE( 1.000000000000000082E-05 ), #6564, 'distance_accuracy_value', 'NONE');
#2696 = CARTESIAN_POINT ( 'NONE',  ( -0.5000000000000000000, 9.750000000000000000, 0.000000000000000000 ) ) ;
#2697 = ORIENTED_EDGE ( 'NONE', *, *, #10768, .F. ) ;
#2698 = AXIS2_PLACEMENT_3D ( 'NONE', #4295, #9928, #8000 ) ;
#2699 = PRODUCT_DEFINITION_SHAPE ( 'NONE', 'NONE',  #8689 ) ;
#2700 =( NAMED_UNIT ( * ) PLANE_ANGLE_UNIT ( ) SI_UNIT ( $, .RADIAN. ) );
#2701 = LINE ( 'NONE', #10122, #679 ) ;
#2702 = CARTESIAN_POINT ( 'NONE',  ( -3.000000000000000000, -8.000000000000000000, 4.200000000000000178 ) ) ;
#2703 = PLANE ( 'NONE',  #5134 ) ;
#2704 = VECTOR ( 'NONE', #6093, 1000.000000000000000 ) ;
#2705 =( LENGTH_UNIT ( ) NAMED_UNIT ( * ) SI_UNIT ( .MILLI., .METRE. ) );
#2706 = PRESENTATION_LAYER_ASSIGNMENT (  '', '', ( #7588 ) ) ;
#2707 = CARTESIAN_POINT ( 'NONE',  ( 10.59999999999999964, 0.7500000000070307093, 4.142093751462745388 ) ) ;
#2708 = ORIENTED_EDGE ( 'NONE', *, *, #910, .F. ) ;
#2709 = ORIENTED_EDGE ( 'NONE', *, *, #11585, .F. ) ;
#2710 = ORIENTED_EDGE ( 'NONE', *, *, #7503, .T. ) ;
#2711 = CARTESIAN_POINT ( 'NONE',  ( 11.09999999999999964, -4.750000000000000000, 2.899999999999999911 ) ) ;
#2712 = COLOUR_RGB ( '',0.4980392156862745168, 0.2784313725490196179, 0.08235294117647058709 ) ;
#2713 = ADVANCED_FACE ( 'NONE', ( #5631 ), #1110, .T. ) ;
#2714 = SURFACE_STYLE_FILL_AREA ( #9247 ) ;
#2715 = SURFACE_STYLE_FILL_AREA ( #8131 ) ;
#2716 = VECTOR ( 'NONE', #955, 1000.000000000000000 ) ;
#2717 = PRESENTATION_LAYER_ASSIGNMENT (  '', '', ( #1779 ) ) ;
#2718 = DIRECTION ( 'NONE',  ( 0.000000000000000000, -0.000000000000000000, -1.000000000000000000 ) ) ;
#2719 = CARTESIAN_POINT ( 'NONE',  ( -4.250000000000000000, 10.59999999999999964, 2.899999999999999911 ) ) ;
#2720 = DIRECTION ( 'NONE',  ( 1.000000000000000000, 0.000000000000000000, 0.000000000000000000 ) ) ;
#2721 = SHAPE_DEFINITION_REPRESENTATION ( #2904, #2307 ) ;
#2722 =( GEOMETRIC_REPRESENTATION_CONTEXT ( 3 ) GLOBAL_UNCERTAINTY_ASSIGNED_CONTEXT ( ( #5858 ) ) GLOBAL_UNIT_ASSIGNED_CONTEXT ( ( #9099, #686, #6240 ) ) REPRESENTATION_CONTEXT ( 'NONE', 'WORKASPACE' ) );
#2723 = AXIS2_PLACEMENT_3D ( 'NONE', #112, #1893, #9429 ) ;
#2724 = ORIENTED_EDGE ( 'NONE', *, *, #5437, .F. ) ;
#2725 = CIRCLE ( 'NONE', #6223, 1.200000000000000400 ) ;
#2726 = FILL_AREA_STYLE_COLOUR ( '', #9152 ) ;
#2727 = ORIENTED_EDGE ( 'NONE', *, *, #10926, .F. ) ;
#2728 = DIRECTION ( 'NONE',  ( 1.000000000000000000, 0.000000000000000000, 0.000000000000000000 ) ) ;
#2729 = DIRECTION ( 'NONE',  ( 1.000000000000000000, 0.000000000000000000, 0.000000000000000000 ) ) ;
#2730 = PRESENTATION_LAYER_ASSIGNMENT (  '', '', ( #4114 ) ) ;
#2731 = EDGE_CURVE ( 'NONE', #3336, #11190, #10901, .T. ) ;
#2732 = STYLED_ITEM ( 'NONE', ( #3653 ), #3738 ) ;
#2733 = LINE ( 'NONE', #4751, #93 ) ;
#2734 = STYLED_ITEM ( 'NONE', ( #4811 ), #1133 ) ;
#2735 = AXIS2_PLACEMENT_3D ( 'NONE', #10407, #4822, #8536 ) ;
#2736 = SURFACE_STYLE_FILL_AREA ( #1125 ) ;
#2737 = DIRECTION ( 'NONE',  ( -1.370645709413999982E-16, 0.000000000000000000, 1.000000000000000000 ) ) ;
#2738 =( LENGTH_UNIT ( ) NAMED_UNIT ( * ) SI_UNIT ( .MILLI., .METRE. ) );
#2739 = ORIENTED_EDGE ( 'NONE', *, *, #7303, .T. ) ;
#2740 = CARTESIAN_POINT ( 'NONE',  ( -3.250000000000000444, -8.250000000000000000, 0.000000000000000000 ) ) ;
#2741 = VECTOR ( 'NONE', #6488, 1000.000000000000000 ) ;
#2742 = EDGE_LOOP ( 'NONE', ( #359, #11776 ) ) ;
#2743 = DIRECTION ( 'NONE',  ( 0.000000000000000000, -1.000000000000000000, -0.000000000000000000 ) ) ;
#2744 = CARTESIAN_POINT ( 'NONE',  ( 8.000000000000000000, -8.000000000000000000, 2.600000000000000533 ) ) ;
#2745 = PRESENTATION_STYLE_ASSIGNMENT (( #7385 ) ) ;
#2746 =( GEOMETRIC_REPRESENTATION_CONTEXT ( 3 ) GLOBAL_UNCERTAINTY_ASSIGNED_CONTEXT ( ( #3169 ) ) GLOBAL_UNIT_ASSIGNED_CONTEXT ( ( #8597, #6760, #5838 ) ) REPRESENTATION_CONTEXT ( 'NONE', 'WORKASPACE' ) );
#2747 = ORIENTED_EDGE ( 'NONE', *, *, #1316, .F. ) ;
#2748 = STYLED_ITEM ( 'NONE', ( #13 ), #3331 ) ;
#2749 = EDGE_CURVE ( 'NONE', #8660, #3648, #8568, .T. ) ;
#2750 = LINE ( 'NONE', #7523, #269 ) ;
#2751 = LINE ( 'NONE', #3930, #4223 ) ;
#2752 = DIRECTION ( 'NONE',  ( -1.000000000000000000, 0.000000000000000000, -1.370645709413999982E-16 ) ) ;
#2753 =( NAMED_UNIT ( * ) SI_UNIT ( $, .STERADIAN. ) SOLID_ANGLE_UNIT ( ) );
#2754 = DIRECTION ( 'NONE',  ( -1.000000000000000000, -1.168655815394999918E-15, -0.000000000000000000 ) ) ;
#2755 = FILL_AREA_STYLE_COLOUR ( '', #6416 ) ;
#2756 = PRESENTATION_STYLE_ASSIGNMENT (( #9296 ) ) ;
#2757 = CIRCLE ( 'NONE', #6064, 0.7500000000000006661 ) ;
#2758 = CYLINDRICAL_SURFACE ( 'NONE', #5158, 0.5000000000000004441 ) ;
#2759 = CIRCLE ( 'NONE', #2957, 2.000000000000000000 ) ;
#2760 = EDGE_CURVE ( 'NONE', #1456, #2379, #11341, .T. ) ;
#2761 = ORIENTED_EDGE ( 'NONE', *, *, #7621, .T. ) ;
#2762 = EDGE_CURVE ( 'NONE', #7034, #2778, #5018, .T. ) ;
#2763 = VERTEX_POINT ( 'NONE', #3325 ) ;
#2764 = ORIENTED_EDGE ( 'NONE', *, *, #11653, .F. ) ;
#2765 = VERTEX_POINT ( 'NONE', #8696 ) ;
#2766 = CARTESIAN_POINT ( 'NONE',  ( 8.146008012803568121, -7.449065044532193092, 11.08338791174688964 ) ) ;
#2767 = FACE_OUTER_BOUND ( 'NONE', #6335, .T. ) ;
#2768 = VECTOR ( 'NONE', #5998, 1000.000000000000000 ) ;
#2769 = EDGE_CURVE ( 'NONE', #6060, #10020, #7041, .T. ) ;
#2770 = DIRECTION ( 'NONE',  ( 0.000000000000000000, 0.000000000000000000, 1.000000000000000000 ) ) ;
#2771 = AXIS2_PLACEMENT_3D ( 'NONE', #1071, #239, #304 ) ;
#2772 = SURFACE_STYLE_FILL_AREA ( #8390 ) ;
#2773 = CARTESIAN_POINT ( 'NONE',  ( 10.59999999999999964, 4.250000000000000000, 7.900000000007000089 ) ) ;
#2774 = SURFACE_STYLE_USAGE ( .BOTH. , #4800 ) ;
#2775 = CARTESIAN_POINT ( 'NONE',  ( -2.250000000000000444, 11.09999999999999964, 9.400000000000000355 ) ) ;
#2776 = PRODUCT_DEFINITION_FORMATION_WITH_SPECIFIED_SOURCE ( 'ANY', '', #707, .NOT_KNOWN. ) ;
#2777 = CLOSED_SHELL ( 'NONE', ( #2481, #153, #3738, #8391 ) ) ;
#2778 = VERTEX_POINT ( 'NONE', #11522 ) ;
#2779 = ORIENTED_EDGE ( 'NONE', *, *, #4807, .F. ) ;
#2780 = SURFACE_STYLE_FILL_AREA ( #11101 ) ;
#2781 = VERTEX_POINT ( 'NONE', #1479 ) ;
#2782 = SURFACE_SIDE_STYLE ('',( #4692 ) ) ;
#2783 = CARTESIAN_POINT ( 'NONE',  ( -8.699999999999999289, 5.599999999999999645, 0.000000000000000000 ) ) ;
#2784 = AXIS2_PLACEMENT_3D ( 'NONE', #1123, #11766, #9050 ) ;
#2785 = LINE ( 'NONE', #6511, #2822 ) ;
#2786 = PLANE ( 'NONE',  #10362 ) ;
#2787 = DIRECTION ( 'NONE',  ( -1.000000000000000000, -1.168655815394999918E-15, 0.000000000000000000 ) ) ;
#2788 = SURFACE_STYLE_FILL_AREA ( #6795 ) ;
#2789 = SURFACE_STYLE_FILL_AREA ( #9270 ) ;
#2790 = UNCERTAINTY_MEASURE_WITH_UNIT (LENGTH_MEASURE( 1.000000000000000082E-05 ), #5547, 'distance_accuracy_value', 'NONE');
#2791 =( NAMED_UNIT ( * ) PLANE_ANGLE_UNIT ( ) SI_UNIT ( $, .RADIAN. ) );
#2792 = PRESENTATION_LAYER_ASSIGNMENT (  '', '', ( #6922 ) ) ;
#2793 = AXIS2_PLACEMENT_3D ( 'NONE', #928, #4550, #4604 ) ;
#2794 = APPLICATION_CONTEXT ( 'automotive_design' ) ;
#2795 = PRODUCT_DEFINITION_SHAPE ( 'NONE', 'NONE',  #6735 ) ;
#2796 = EDGE_CURVE ( 'NONE', #3836, #2417, #3195, .T. ) ;
#2797 = ORIENTED_EDGE ( 'NONE', *, *, #11902, .F. ) ;
#2798 = DIRECTION ( 'NONE',  ( 1.000000000000000000, 0.000000000000000000, -0.000000000000000000 ) ) ;
#2799 = EDGE_LOOP ( 'NONE', ( #1662, #954, #10552, #10609 ) ) ;
#2800 = PRODUCT_DEFINITION_CONTEXT ( 'detailed design', #5675, 'design' ) ;
#2801 = PRESENTATION_LAYER_ASSIGNMENT (  '', '', ( #8448 ) ) ;
#2802 = CARTESIAN_POINT ( 'NONE',  ( 2.499999999999999556, -13.94999999999999929, 0.7500000000000000000 ) ) ;
#2803 = COLOUR_RGB ( '',0.6274509803921568540, 0.6274509803921568540, 0.6274509803921568540 ) ;
#2804 = FILL_AREA_STYLE ('',( #1186 ) ) ;
#2805 = FILL_AREA_STYLE_COLOUR ( '', #4772 ) ;
#2806 = LINE ( 'NONE', #320, #8914 ) ;
#2807 = FILL_AREA_STYLE_COLOUR ( '', #4705 ) ;
#2808 = CARTESIAN_POINT ( 'NONE',  ( 8.000000000000000000, 8.000000000000000000, 2.600000000000000533 ) ) ;
#2809 = CARTESIAN_POINT ( 'NONE',  ( 8.000000000000000000, 4.749999999999999112, 3.200000000000000178 ) ) ;
#2810 = ORIENTED_EDGE ( 'NONE', *, *, #4959, .F. ) ;
#2811 = DIRECTION ( 'NONE',  ( -0.000000000000000000, -0.000000000000000000, 1.000000000000000000 ) ) ;
#2812 = AXIS2_PLACEMENT_3D ( 'NONE', #10105, #5486, #9219 ) ;
#2813 =( NAMED_UNIT ( * ) PLANE_ANGLE_UNIT ( ) SI_UNIT ( $, .RADIAN. ) );
#2814 = CIRCLE ( 'NONE', #6118, 3.100000000000000533 ) ;
#2815 = SURFACE_STYLE_FILL_AREA ( #3987 ) ;
#2816 = FILL_AREA_STYLE_COLOUR ( '', #7521 ) ;
#2817 = LINE ( 'NONE', #6662, #2649 ) ;
#2818 = DIRECTION ( 'NONE',  ( 0.000000000000000000, 0.000000000000000000, -1.000000000000000000 ) ) ;
#2819 = SURFACE_STYLE_USAGE ( .BOTH. , #155 ) ;
#2820 = DIRECTION ( 'NONE',  ( 1.000000000000000000, -0.000000000000000000, 0.000000000000000000 ) ) ;
#2821 = CIRCLE ( 'NONE', #8871, 0.5999999999999998668 ) ;
#2822 = VECTOR ( 'NONE', #3785, 1000.000000000000000 ) ;
#2823 = AXIS2_PLACEMENT_3D ( 'NONE', #3620, #3436, #8973 ) ;
#2824 = CARTESIAN_POINT ( 'NONE',  ( -5.551115123125999639E-16, 10.59999999999999964, 4.850000000000000533 ) ) ;
#2825 = PRESENTATION_STYLE_ASSIGNMENT (( #3866 ) ) ;
#2826 = SURFACE_SIDE_STYLE ('',( #7645 ) ) ;
#2827 = SURFACE_SIDE_STYLE ('',( #159 ) ) ;
#2828 = FACE_OUTER_BOUND ( 'NONE', #8440, .T. ) ;
#2829 = ORIENTED_EDGE ( 'NONE', *, *, #7089, .T. ) ;
#2830 = PRESENTATION_LAYER_ASSIGNMENT (  '', '', ( #5746 ) ) ;
#2831 = ORIENTED_EDGE ( 'NONE', *, *, #9490, .F. ) ;
#2832 = ORIENTED_EDGE ( 'NONE', *, *, #653, .F. ) ;
#2833 = DIRECTION ( 'NONE',  ( 0.000000000000000000, -0.000000000000000000, 1.000000000000000000 ) ) ;
#2834 = SURFACE_STYLE_FILL_AREA ( #5572 ) ;
#2835 = PRESENTATION_STYLE_ASSIGNMENT (( #11154 ) ) ;
#2836 = FACE_BOUND ( 'NONE', #4335, .T. ) ;
#2837 = SURFACE_SIDE_STYLE ('',( #10428 ) ) ;
#2838 = CARTESIAN_POINT ( 'NONE',  ( 3.250000000000000444, -12.75000000000000178, 0.000000000000000000 ) ) ;
#2839 = STYLED_ITEM ( 'NONE', ( #2654 ), #9470 ) ;
#2840 = LINE ( 'NONE', #11212, #11494 ) ;
#2841 = EDGE_CURVE ( 'NONE', #3648, #1298, #3138, .T. ) ;
#2842 = STYLED_ITEM ( 'NONE', ( #903 ), #8610 ) ;
#2843 = CONTEXT_DEPENDENT_SHAPE_REPRESENTATION ( #5292, #10759 ) ;
#2844 = ORIENTED_EDGE ( 'NONE', *, *, #10610, .F. ) ;
#2845 = ORIENTED_EDGE ( 'NONE', *, *, #5183, .F. ) ;
#2846 = CARTESIAN_POINT ( 'NONE',  ( -3.250000000000000444, -8.250000000000000000, 0.000000000000000000 ) ) ;
#2847 = ORIENTED_EDGE ( 'NONE', *, *, #1159, .T. ) ;
#2848 = FACE_OUTER_BOUND ( 'NONE', #4000, .T. ) ;
#2849 = FILL_AREA_STYLE ('',( #1961 ) ) ;
#2850 =( NAMED_UNIT ( * ) PLANE_ANGLE_UNIT ( ) SI_UNIT ( $, .RADIAN. ) );
#2851 = FILL_AREA_STYLE_COLOUR ( '', #3903 ) ;
#2852 = CARTESIAN_POINT ( 'NONE',  ( 3.250000000000000444, -12.75000000000000178, -3.700000000000000178 ) ) ;
#2853 = SURFACE_STYLE_USAGE ( .BOTH. , #7499 ) ;
#2854 = CARTESIAN_POINT ( 'NONE',  ( 0.000000000000000000, -13.94999999999999929, 0.7500000000000000000 ) ) ;
#2855 = AXIS2_PLACEMENT_3D ( 'NONE', #3462, #3408, #7119 ) ;
#2856 = ORIENTED_EDGE ( 'NONE', *, *, #9358, .T. ) ;
#2857 = CARTESIAN_POINT ( 'NONE',  ( 7.445834432912819878, 0.9792942699014819397, 5.000000000000000000 ) ) ;
#2858 = AXIS2_PLACEMENT_3D ( 'NONE', #7581, #1093, #2818 ) ;
#2859 = EDGE_LOOP ( 'NONE', ( #1617, #7475, #9867, #4384 ) ) ;
#2860 = DIRECTION ( 'NONE',  ( 1.000000000000000000, 0.000000000000000000, -0.000000000000000000 ) ) ;
#2861 = FACE_OUTER_BOUND ( 'NONE', #8191, .T. ) ;
#2862 = CARTESIAN_POINT ( 'NONE',  ( -8.699999999999995737, -3.450000000000000622, 0.000000000000000000 ) ) ;
#2863 =( LENGTH_UNIT ( ) NAMED_UNIT ( * ) SI_UNIT ( .MILLI., .METRE. ) );
#2865 = EDGE_CURVE ( 'NONE', #7889, #882, #5984, .T. ) ;
#2864 =( NAMED_UNIT ( * ) SI_UNIT ( $, .STERADIAN. ) SOLID_ANGLE_UNIT ( ) );
#2866 = DIRECTION ( 'NONE',  ( 1.000000000000000000, 0.000000000000000000, 0.000000000000000000 ) ) ;
#2867 = PRESENTATION_STYLE_ASSIGNMENT (( #5731 ) ) ;
#2868 = AXIS2_PLACEMENT_3D ( 'NONE', #11346, #9716, #6985 ) ;
#2869 =( NAMED_UNIT ( * ) SI_UNIT ( $, .STERADIAN. ) SOLID_ANGLE_UNIT ( ) );
#2870 = STYLED_ITEM ( 'NONE', ( #7324 ), #11256 ) ;
#2871 = ORIENTED_EDGE ( 'NONE', *, *, #10752, .T. ) ;
#2872 = LINE ( 'NONE', #1991, #10943 ) ;
#2873 = SURFACE_STYLE_FILL_AREA ( #11073 ) ;
#2874 = VECTOR ( 'NONE', #2737, 1000.000000000000000 ) ;
#2875 = CARTESIAN_POINT ( 'NONE',  ( -8.000000000000000000, 5.599999999999999645, 0.000000000000000000 ) ) ;
#2876 = LINE ( 'NONE', #8550, #1709 ) ;
#2877 = EDGE_CURVE ( 'NONE', #10468, #3942, #9709, .T. ) ;
#2878 = EDGE_CURVE ( 'NONE', #7224, #3523, #515, .T. ) ;
#2879 = DIRECTION ( 'NONE',  ( 1.000000000000000000, 0.000000000000000000, -0.000000000000000000 ) ) ;
#2880 = DIRECTION ( 'NONE',  ( 1.000000000000000000, 0.000000000000000000, -0.000000000000000000 ) ) ;
#2881 = ADVANCED_FACE ( 'NONE', ( #4183 ), #11582, .F. ) ;
#2882 = DIRECTION ( 'NONE',  ( 0.000000000000000000, 0.000000000000000000, 1.000000000000000000 ) ) ;
#2883 = CARTESIAN_POINT ( 'NONE',  ( -2.500000000000000000, 9.750000000000000000, -3.700000000000000178 ) ) ;
#2884 = STYLED_ITEM ( 'NONE', ( #9006 ), #11685 ) ;
#2885 = ORIENTED_EDGE ( 'NONE', *, *, #6723, .F. ) ;
#2886 = MECHANICAL_DESIGN_GEOMETRIC_PRESENTATION_REPRESENTATION (  '', ( #6987 ), #8740 ) ;
#2887 = EDGE_LOOP ( 'NONE', ( #7145, #4902 ) ) ;
#2888 = DIRECTION ( 'NONE',  ( 1.000000000000000000, 0.000000000000000000, 0.000000000000000000 ) ) ;
#2889 = CARTESIAN_POINT ( 'NONE',  ( 8.000000000000000000, 8.000000000000000000, 0.000000000000000000 ) ) ;
#2890 = DIRECTION ( 'NONE',  ( 0.000000000000000000, 0.000000000000000000, 1.000000000000000000 ) ) ;
#2891 =( NAMED_UNIT ( * ) PLANE_ANGLE_UNIT ( ) SI_UNIT ( $, .RADIAN. ) );
#2892 = CIRCLE ( 'NONE', #2338, 0.5000000000000000000 ) ;
#2893 = PRODUCT ( 'COMPOUND006', 'COMPOUND006', '', ( #9435 ) ) ;
#2894 =( GEOMETRIC_REPRESENTATION_CONTEXT ( 3 ) GLOBAL_UNCERTAINTY_ASSIGNED_CONTEXT ( ( #1643 ) ) GLOBAL_UNIT_ASSIGNED_CONTEXT ( ( #243, #7671, #7789 ) ) REPRESENTATION_CONTEXT ( 'NONE', 'WORKASPACE' ) );
#2895 = CARTESIAN_POINT ( 'NONE',  ( -2.250000000000000000, 11.09999999999999964, 11.40000000000000036 ) ) ;
#2896 =( NAMED_UNIT ( * ) SI_UNIT ( $, .STERADIAN. ) SOLID_ANGLE_UNIT ( ) );
#2897 = MECHANICAL_DESIGN_GEOMETRIC_PRESENTATION_REPRESENTATION (  '', ( #4100 ), #11239 ) ;
#2898 = EDGE_LOOP ( 'NONE', ( #3442, #2182, #179, #8767 ) ) ;
#2899 = COLOUR_RGB ( '',0.8196078431372548767, 0.8000000000000000444, 0.7529411764705882248 ) ;
#2900 = ORIENTED_EDGE ( 'NONE', *, *, #125, .T. ) ;
#2901 =( LENGTH_UNIT ( ) NAMED_UNIT ( * ) SI_UNIT ( .MILLI., .METRE. ) );
#2902 = MECHANICAL_DESIGN_GEOMETRIC_PRESENTATION_REPRESENTATION (  '', ( #9141 ), #249 ) ;
#2903 =( GEOMETRIC_REPRESENTATION_CONTEXT ( 3 ) GLOBAL_UNCERTAINTY_ASSIGNED_CONTEXT ( ( #10597 ) ) GLOBAL_UNIT_ASSIGNED_CONTEXT ( ( #5653, #8699, #7775 ) ) REPRESENTATION_CONTEXT ( 'NONE', 'WORKASPACE' ) );
#2904 = PRODUCT_DEFINITION_SHAPE ( 'NONE', 'NONE',  #5608 ) ;
#2905 = EDGE_CURVE ( 'NONE', #10995, #7679, #7838, .T. ) ;
#2906 = VECTOR ( 'NONE', #9503, 1000.000000000000000 ) ;
#2907 = AXIS2_PLACEMENT_3D ( 'NONE', #5270, #3509, #4545 ) ;
#2908 = EDGE_LOOP ( 'NONE', ( #6802, #3319 ) ) ;
#2909 = DIRECTION ( 'NONE',  ( -0.000000000000000000, 0.000000000000000000, 1.000000000000000000 ) ) ;
#2910 = SURFACE_SIDE_STYLE ('',( #6690 ) ) ;
#2911 = MECHANICAL_DESIGN_GEOMETRIC_PRESENTATION_REPRESENTATION (  '', ( #1978 ), #11459 ) ;
#2912 =( NAMED_UNIT ( * ) SI_UNIT ( $, .STERADIAN. ) SOLID_ANGLE_UNIT ( ) );
#2913 =( NAMED_UNIT ( * ) SI_UNIT ( $, .STERADIAN. ) SOLID_ANGLE_UNIT ( ) );
#2914 = PLANE ( 'NONE',  #2963 ) ;
#2915 = UNCERTAINTY_MEASURE_WITH_UNIT (LENGTH_MEASURE( 1.000000000000000082E-05 ), #3366, 'distance_accuracy_value', 'NONE');
#2916 = DIRECTION ( 'NONE',  ( -0.000000000000000000, 1.000000000000000000, -0.000000000000000000 ) ) ;
#2917 =( GEOMETRIC_REPRESENTATION_CONTEXT ( 3 ) GLOBAL_UNCERTAINTY_ASSIGNED_CONTEXT ( ( #2571 ) ) GLOBAL_UNIT_ASSIGNED_CONTEXT ( ( #3113, #4939, #11311 ) ) REPRESENTATION_CONTEXT ( 'NONE', 'WORKASPACE' ) );
#2918 = AXIS2_PLACEMENT_3D ( 'NONE', #9311, #53, #7299 ) ;
#2919 = COLOUR_RGB ( '',0.8196078431372548767, 0.8000000000000000444, 0.7529411764705882248 ) ;
#2920 =( LENGTH_UNIT ( ) NAMED_UNIT ( * ) SI_UNIT ( .MILLI., .METRE. ) );
#2921 = EDGE_CURVE ( 'NONE', #10132, #4757, #407, .T. ) ;
#2922 = ORIENTED_EDGE ( 'NONE', *, *, #5562, .F. ) ;
#2923 = CARTESIAN_POINT ( 'NONE',  ( -5.953723291543459695, 4.577382647789947967, 5.000000000000001776 ) ) ;
#2924 = VERTEX_POINT ( 'NONE', #1342 ) ;
#2925 = CARTESIAN_POINT ( 'NONE',  ( 7.750000000000000000, 6.650000000000000355, 0.000000000000000000 ) ) ;
#2926 = VECTOR ( 'NONE', #9639, 1000.000000000000000 ) ;
#2927 = FILL_AREA_STYLE_COLOUR ( '', #242 ) ;
#2928 = VECTOR ( 'NONE', #11127, 1000.000000000000000 ) ;
#2929 = PRODUCT_DEFINITION_CONTEXT ( 'detailed design', #8008, 'design' ) ;
#2930 = LINE ( 'NONE', #1027, #8062 ) ;
#2931 = LINE ( 'NONE', #10348, #3806 ) ;
#2932 = PRESENTATION_STYLE_ASSIGNMENT (( #11244 ) ) ;
#2933 = CARTESIAN_POINT ( 'NONE',  ( 0.7500000000013332668, 11.09999999999999964, 2.899999999999999911 ) ) ;
#2934 = PLANE ( 'NONE',  #7995 ) ;
#2935 = FACE_OUTER_BOUND ( 'NONE', #9012, .T. ) ;
#2936 =( LENGTH_UNIT ( ) NAMED_UNIT ( * ) SI_UNIT ( .MILLI., .METRE. ) );
#2937 = PRESENTATION_LAYER_ASSIGNMENT (  '', '', ( #6036 ) ) ;
#2938 = ORIENTED_EDGE ( 'NONE', *, *, #2877, .F. ) ;
#2939 = SURFACE_STYLE_USAGE ( .BOTH. , #8544 ) ;
#2940 = PRODUCT_DEFINITION ( 'UNKNOWN', '', #8228, #9153 ) ;
#2941 = UNCERTAINTY_MEASURE_WITH_UNIT (LENGTH_MEASURE( 1.000000000000000082E-05 ), #9334, 'distance_accuracy_value', 'NONE');
#2942 = CARTESIAN_POINT ( 'NONE',  ( 10.59999999999999964, 5.551115123125999639E-16, 7.150000000000000355 ) ) ;
#2943 = CARTESIAN_POINT ( 'NONE',  ( -5.599999999999999645, -8.949999999999999289, 0.000000000000000000 ) ) ;
#2944 = COLOUR_RGB ( '',0.8196078431372548767, 0.8000000000000000444, 0.7529411764705882248 ) ;
#2945 = VECTOR ( 'NONE', #321, 1000.000000000000000 ) ;
#2946 = LINE ( 'NONE', #4603, #2741 ) ;
#2947 = CARTESIAN_POINT ( 'NONE',  ( 7.750000000000000000, -6.650000000000000355, 0.000000000000000000 ) ) ;
#2948 = ORIENTED_EDGE ( 'NONE', *, *, #794, .F. ) ;
#2949 = EDGE_CURVE ( 'NONE', #4757, #1832, #9543, .T. ) ;
#2950 = ORIENTED_EDGE ( 'NONE', *, *, #4652, .F. ) ;
#2951 = CARTESIAN_POINT ( 'NONE',  ( -2.734427485087087090E-16, 11.09999999999999964, 9.449999999999999289 ) ) ;
#2952 = PLANE ( 'NONE',  #10801 ) ;
#2953 = DIRECTION ( 'NONE',  ( 1.000000000000000000, 0.000000000000000000, 0.000000000000000000 ) ) ;
#2954 = CARTESIAN_POINT ( 'NONE',  ( -7.386071179369595896, -6.852424748005589983, 12.11971761073360554 ) ) ;
#2955 =( GEOMETRIC_REPRESENTATION_CONTEXT ( 3 ) GLOBAL_UNCERTAINTY_ASSIGNED_CONTEXT ( ( #6570 ) ) GLOBAL_UNIT_ASSIGNED_CONTEXT ( ( #11248, #9510, #6584 ) ) REPRESENTATION_CONTEXT ( 'NONE', 'WORKASPACE' ) );
#2956 =( LENGTH_UNIT ( ) NAMED_UNIT ( * ) SI_UNIT ( .MILLI., .METRE. ) );
#2957 = AXIS2_PLACEMENT_3D ( 'NONE', #3604, #10876, #6325 ) ;
#2958 = VECTOR ( 'NONE', #5146, 1000.000000000000000 ) ;
#2959 = FACE_OUTER_BOUND ( 'NONE', #11742, .T. ) ;
#2960 = LINE ( 'NONE', #8575, #1688 ) ;
#2961 = CONTEXT_DEPENDENT_SHAPE_REPRESENTATION ( #11098, #7075 ) ;
#2962 = ORIENTED_EDGE ( 'NONE', *, *, #5450, .T. ) ;
#2963 = AXIS2_PLACEMENT_3D ( 'NONE', #10395, #247, #11111 ) ;
#2964 = ORIENTED_EDGE ( 'NONE', *, *, #5333, .T. ) ;
#2965 = PLANE ( 'NONE',  #7413 ) ;
#2966 = EDGE_CURVE ( 'NONE', #10271, #7904, #2306, .T. ) ;
#2967 = ORIENTED_EDGE ( 'NONE', *, *, #3790, .F. ) ;
#2968 = DIRECTION ( 'NONE',  ( -0.000000000000000000, -0.000000000000000000, -1.000000000000000000 ) ) ;
#2969 = SURFACE_STYLE_FILL_AREA ( #11291 ) ;
#2970 = CARTESIAN_POINT ( 'NONE',  ( 8.000000000000000000, -4.750000000000000000, 3.200000000000000178 ) ) ;
#2971 = CARTESIAN_POINT ( 'NONE',  ( -4.750000000000000000, 8.949999999999999289, 3.200000000000000178 ) ) ;
#2972 = SURFACE_SIDE_STYLE ('',( #4625 ) ) ;
#2973 = PRESENTATION_STYLE_ASSIGNMENT (( #8588 ) ) ;
#2974 = PRODUCT_DEFINITION_FORMATION_WITH_SPECIFIED_SOURCE ( 'ANY', '', #9028, .NOT_KNOWN. ) ;
#2975 = FACE_OUTER_BOUND ( 'NONE', #8707, .T. ) ;
#2976 = COLOUR_RGB ( '',0.9137254901960784048, 0.5137254901960783826, 0.1372549019607843257 ) ;
#2977 = DIRECTION ( 'NONE',  ( 1.000000000000000000, 0.000000000000000000, 0.000000000000000000 ) ) ;
#2978 = EDGE_LOOP ( 'NONE', ( #9389, #9257, #1770, #1055 ) ) ;
#2979 = CYLINDRICAL_SURFACE ( 'NONE', #2359, 3.100000000000000533 ) ;
#2980 = ADVANCED_FACE ( 'NONE', ( #575 ), #11643, .F. ) ;
#2981 = EDGE_LOOP ( 'NONE', ( #11286, #11877, #6386, #10850 ) ) ;
#2982 = PRESENTATION_STYLE_ASSIGNMENT (( #6702 ) ) ;
#2983 = FACE_OUTER_BOUND ( 'NONE', #3688, .T. ) ;
#2984 = VECTOR ( 'NONE', #11756, 1000.000000000000000 ) ;
#2985 = STYLED_ITEM ( 'NONE', ( #2197 ), #1793 ) ;
#2986 = CARTESIAN_POINT ( 'NONE',  ( -8.000000000000000000, 5.599999999999999645, 0.000000000000000000 ) ) ;
#2987 =( NAMED_UNIT ( * ) PLANE_ANGLE_UNIT ( ) SI_UNIT ( $, .RADIAN. ) );
#2988 = PLANE ( 'NONE',  #5818 ) ;
#2989 = CARTESIAN_POINT ( 'NONE',  ( 4.750000000000000000, 11.09999999999999964, 6.399999999992999733 ) ) ;
#2990 = CYLINDRICAL_SURFACE ( 'NONE', #10537, 0.5000000000000000000 ) ;
#2991 = EDGE_CURVE ( 'NONE', #2551, #9943, #11887, .T. ) ;
#2992 = MECHANICAL_DESIGN_GEOMETRIC_PRESENTATION_REPRESENTATION (  '', ( #11926 ), #8052 ) ;
#2993 = PRESENTATION_STYLE_ASSIGNMENT (( #383 ) ) ;
#2994 = ORIENTED_EDGE ( 'NONE', *, *, #3133, .T. ) ;
#2995 =( LENGTH_UNIT ( ) NAMED_UNIT ( * ) SI_UNIT ( .MILLI., .METRE. ) );
#2996 = ADVANCED_FACE ( 'NONE', ( #10735 ), #741, .T. ) ;
#2997 = DIRECTION ( 'NONE',  ( 0.000000000000000000, 1.000000000000000000, -0.000000000000000000 ) ) ;
#2998 = SHAPE_REPRESENTATION ( 'COMPOUND020', ( #2118, #6184, #8919, #29, #3079, #3676, #1559, #4256, #11015, #8326, #6382, #10450, #6772, #1156, #7361, #9870, #5212, #4639, #2688, #11417, #11317 ), #9410 ) ;
#2999 = EDGE_CURVE ( 'NONE', #4506, #1249, #1704, .T. ) ;
#3000 = VECTOR ( 'NONE', #6648, 1000.000000000000000 ) ;
#3001 = PRESENTATION_LAYER_ASSIGNMENT (  '', '', ( #5141 ) ) ;
#3002 =( NAMED_UNIT ( * ) PLANE_ANGLE_UNIT ( ) SI_UNIT ( $, .RADIAN. ) );
#3003 = PLANE ( 'NONE',  #830 ) ;
#3004 = FILL_AREA_STYLE ('',( #3989 ) ) ;
#3005 = CARTESIAN_POINT ( 'NONE',  ( -7.492820323027550522, -7.492820323027548746, 11.69282032302754892 ) ) ;
#3006 = CARTESIAN_POINT ( 'NONE',  ( -5.599999999999998757, 8.000000000000000000, 3.200000000000000178 ) ) ;
#3007 = COLOUR_RGB ( '',0.7019607843137254388, 0.7019607843137254388, 0.7019607843137254388 ) ;
#3008 = ADVANCED_FACE ( 'NONE', ( #3572 ), #5327, .F. ) ;
#3009 = ORIENTED_EDGE ( 'NONE', *, *, #3926, .F. ) ;
#3010 = EDGE_LOOP ( 'NONE', ( #2964, #7958, #1070, #3209, #10712 ) ) ;
#3011 = SURFACE_SIDE_STYLE ('',( #4127 ) ) ;
#3012 = COLOUR_RGB ( '',0.9137254901960784048, 0.5137254901960783826, 0.1372549019607843257 ) ;
#3013 = SURFACE_STYLE_USAGE ( .BOTH. , #11207 ) ;
#3014 = CARTESIAN_POINT ( 'NONE',  ( -8.699999999999995737, -5.599999999999999645, 0.000000000000000000 ) ) ;
#3015 = ADVANCED_FACE ( 'NONE', ( #5680 ), #11262, .T. ) ;
#3016 = EDGE_CURVE ( 'NONE', #2499, #5293, #8369, .T. ) ;
#3017 = DIRECTION ( 'NONE',  ( 0.000000000000000000, 1.000000000000000000, 0.000000000000000000 ) ) ;
#3018 = ADVANCED_FACE ( 'NONE', ( #9350 ), #1934, .F. ) ;
#3019 = SURFACE_SIDE_STYLE ('',( #4249 ) ) ;
#3020 = AXIS2_PLACEMENT_3D ( 'NONE', #3268, #6996, #10686 ) ;
#3021 = APPLICATION_PROTOCOL_DEFINITION ( 'draft international standard', 'automotive_design', 1998, #11729 ) ;
#3022 = VECTOR ( 'NONE', #5983, 1000.000000000000000 ) ;
#3023 = ORIENTED_EDGE ( 'NONE', *, *, #4661, .T. ) ;
#3024 = EDGE_LOOP ( 'NONE', ( #6198, #654, #182, #2054 ) ) ;
#3025 = FILL_AREA_STYLE_COLOUR ( '', #5250 ) ;
#3026 = FILL_AREA_STYLE_COLOUR ( '', #1837 ) ;
#3027 = SURFACE_STYLE_USAGE ( .BOTH. , #7616 ) ;
#3028 = APPLICATION_CONTEXT ( 'automotive_design' ) ;
#3029 = DIRECTION ( 'NONE',  ( 0.000000000000000000, -1.000000000000000000, 0.000000000000000000 ) ) ;
#3030 = COLOUR_RGB ( '',0.8196078431372548767, 0.8000000000000000444, 0.7529411764705882248 ) ;
#3031 = VECTOR ( 'NONE', #1145, 1000.000000000000000 ) ;
#3032 = SURFACE_STYLE_FILL_AREA ( #5886 ) ;
#3033 = EDGE_CURVE ( 'NONE', #8, #5185, #2701, .T. ) ;
#3034 = ADVANCED_FACE ( 'NONE', ( #1824 ), #10595, .T. ) ;
#3035 = DIRECTION ( 'NONE',  ( 0.000000000000000000, 0.000000000000000000, -1.000000000000000000 ) ) ;
#3036 = CARTESIAN_POINT ( 'NONE',  ( 9.250000000000000000, 0.000000000000000000, 0.8000000000000000444 ) ) ;
#3037 = ADVANCED_FACE ( 'NONE', ( #4053 ), #8738, .T. ) ;
#3038 = CARTESIAN_POINT ( 'NONE',  ( -6.799999999999999822, 0.000000000000000000, 12.19999999999999929 ) ) ;
#3039 = UNCERTAINTY_MEASURE_WITH_UNIT (LENGTH_MEASURE( 1.000000000000000082E-05 ), #4658, 'distance_accuracy_value', 'NONE');
#3040 = DIRECTION ( 'NONE',  ( 1.000000000000000000, 0.000000000000000000, 0.000000000000000000 ) ) ;
#3041 = ORIENTED_EDGE ( 'NONE', *, *, #7666, .T. ) ;
#3042 = CARTESIAN_POINT ( 'NONE',  ( 8.000000000000000000, 8.000000000000000000, 2.600000000000000533 ) ) ;
#3043 = ORIENTED_EDGE ( 'NONE', *, *, #11275, .T. ) ;
#3044 = DIRECTION ( 'NONE',  ( -0.000000000000000000, -0.000000000000000000, -1.000000000000000000 ) ) ;
#3045 = FILL_AREA_STYLE_COLOUR ( '', #6108 ) ;
#3046 = FACE_OUTER_BOUND ( 'NONE', #16, .T. ) ;
#3047 = LINE ( 'NONE', #4938, #5583 ) ;
#3048 = LINE ( 'NONE', #1190, #9534 ) ;
#3049 = CARTESIAN_POINT ( 'NONE',  ( 2.999999999999999556, -7.500000000000000000, 6.200000000000001066 ) ) ;
#3050 = UNCERTAINTY_MEASURE_WITH_UNIT (LENGTH_MEASURE( 1.000000000000000082E-05 ), #8959, 'distance_accuracy_value', 'NONE');
#3051 = SURFACE_SIDE_STYLE ('',( #5667 ) ) ;
#3052 = VERTEX_POINT ( 'NONE', #4116 ) ;
#3053 =( NAMED_UNIT ( * ) SI_UNIT ( $, .STERADIAN. ) SOLID_ANGLE_UNIT ( ) );
#3054 = PRESENTATION_LAYER_ASSIGNMENT (  '', '', ( #5193 ) ) ;
#3055 = SURFACE_STYLE_USAGE ( .BOTH. , #390 ) ;
#3056 = EDGE_CURVE ( 'NONE', #10911, #7424, #7824, .T. ) ;
#3057 = UNCERTAINTY_MEASURE_WITH_UNIT (LENGTH_MEASURE( 1.000000000000000082E-05 ), #11371, 'distance_accuracy_value', 'NONE');
#3058 =( NAMED_UNIT ( * ) SI_UNIT ( $, .STERADIAN. ) SOLID_ANGLE_UNIT ( ) );
#3059 = FILL_AREA_STYLE_COLOUR ( '', #6520 ) ;
#3060 =( GEOMETRIC_REPRESENTATION_CONTEXT ( 3 ) GLOBAL_UNCERTAINTY_ASSIGNED_CONTEXT ( ( #2941 ) ) GLOBAL_UNIT_ASSIGNED_CONTEXT ( ( #9334, #10236, #10169 ) ) REPRESENTATION_CONTEXT ( 'NONE', 'WORKASPACE' ) );
#3061 = PLANE ( 'NONE',  #6729 ) ;
#3062 = CARTESIAN_POINT ( 'NONE',  ( -4.000000000000000000, -8.000000000000000000, 11.00000000000000000 ) ) ;
#3063 = CARTESIAN_POINT ( 'NONE',  ( -1.749999999999999556, -10.94999999999999929, 5.658578643762691485 ) ) ;
#3064 = SURFACE_STYLE_USAGE ( .BOTH. , #5916 ) ;
#3065 = DIRECTION ( 'NONE',  ( 0.000000000000000000, 0.000000000000000000, 1.000000000000000000 ) ) ;
#3066 = DIRECTION ( 'NONE',  ( 0.000000000000000000, 0.000000000000000000, 1.000000000000000000 ) ) ;
#3067 = DIRECTION ( 'NONE',  ( 1.000000000000000000, 0.000000000000000000, 0.000000000000000000 ) ) ;
#3068 =( LENGTH_UNIT ( ) NAMED_UNIT ( * ) SI_UNIT ( .MILLI., .METRE. ) );
#3069 = VERTEX_POINT ( 'NONE', #3181 ) ;
#3070 =( GEOMETRIC_REPRESENTATION_CONTEXT ( 3 ) GLOBAL_UNCERTAINTY_ASSIGNED_CONTEXT ( ( #5252 ) ) GLOBAL_UNIT_ASSIGNED_CONTEXT ( ( #1804, #5415, #10032 ) ) REPRESENTATION_CONTEXT ( 'NONE', 'WORKASPACE' ) );
#3071 = ORIENTED_EDGE ( 'NONE', *, *, #1571, .T. ) ;
#3073 = ORIENTED_EDGE ( 'NONE', *, *, #11457, .F. ) ;
#3072 = MECHANICAL_DESIGN_GEOMETRIC_PRESENTATION_REPRESENTATION (  '', ( #5978 ), #6180 ) ;
#3074 = DIRECTION ( 'NONE',  ( 0.000000000000000000, 0.000000000000000000, 1.000000000000000000 ) ) ;
#3075 = DIRECTION ( 'NONE',  ( -0.000000000000000000, -0.000000000000000000, -1.000000000000000000 ) ) ;
#3076 = PRESENTATION_STYLE_ASSIGNMENT (( #1411 ) ) ;
#3077 = CARTESIAN_POINT ( 'NONE',  ( 3.000000000000000000, -7.950000000000000178, 0.7500000000000000000 ) ) ;
#3078 = SURFACE_SIDE_STYLE ('',( #10324 ) ) ;
#3079 = AXIS2_PLACEMENT_3D ( 'NONE', #132, #7502, #1244 ) ;
#3080 = DIRECTION ( 'NONE',  ( 1.000000000000000000, 0.000000000000000000, -0.000000000000000000 ) ) ;
#3081 = CIRCLE ( 'NONE', #1754, 0.5000000000000000000 ) ;
#3082 = LINE ( 'NONE', #2191, #303 ) ;
#3083 = VECTOR ( 'NONE', #681, 1000.000000000000000 ) ;
#3084 = FACE_OUTER_BOUND ( 'NONE', #4755, .T. ) ;
#3085 = ITEM_DEFINED_TRANSFORMATION ( 'NONE', 'NONE', #6772,  #3260 ) ;
#3086 = ORIENTED_EDGE ( 'NONE', *, *, #8768, .T. ) ;
#3087 = ORIENTED_EDGE ( 'NONE', *, *, #11300, .F. ) ;
#3088 = PRODUCT_RELATED_PRODUCT_CATEGORY ( 'part', '', ( #10938 ) ) ;
#3089 = ORIENTED_EDGE ( 'NONE', *, *, #160, .T. ) ;
#3090 = SURFACE_STYLE_FILL_AREA ( #11659 ) ;
#3091 = DIRECTION ( 'NONE',  ( 0.8164965809277260345, -0.4082482904638631838, -0.4082482904638627952 ) ) ;
#3092 = LINE ( 'NONE', #4979, #11854 ) ;
#3093 = PRESENTATION_LAYER_ASSIGNMENT (  '', '', ( #5034 ) ) ;
#3094 =( NAMED_UNIT ( * ) SI_UNIT ( $, .STERADIAN. ) SOLID_ANGLE_UNIT ( ) );
#3095 = LINE ( 'NONE', #4310, #2420 ) ;
#3096 = SURFACE_STYLE_USAGE ( .BOTH. , #3968 ) ;
#3097 = PLANE ( 'NONE',  #9207 ) ;
#3098 = DIRECTION ( 'NONE',  ( -0.000000000000000000, -0.000000000000000000, 1.000000000000000000 ) ) ;
#3099 = FILL_AREA_STYLE ('',( #3277 ) ) ;
#3100 = DIRECTION ( 'NONE',  ( 0.000000000000000000, 0.000000000000000000, 1.000000000000000000 ) ) ;
#3101 = COLOUR_RGB ( '',0.8196078431372548767, 0.8000000000000000444, 0.7529411764705882248 ) ;
#3102 = VECTOR ( 'NONE', #3802, 1000.000000000000000 ) ;
#3103 =( GEOMETRIC_REPRESENTATION_CONTEXT ( 3 ) GLOBAL_UNCERTAINTY_ASSIGNED_CONTEXT ( ( #6955 ) ) GLOBAL_UNIT_ASSIGNED_CONTEXT ( ( #2343, #3485, #2463 ) ) REPRESENTATION_CONTEXT ( 'NONE', 'WORKASPACE' ) );
#3104 = AXIS2_PLACEMENT_3D ( 'NONE', #5147, #516, #6172 ) ;
#3105 = ORIENTED_EDGE ( 'NONE', *, *, #11745, .T. ) ;
#3106 = CARTESIAN_POINT ( 'NONE',  ( -3.752038860306786017, 6.505411151948764292, 4.999999999999999112 ) ) ;
#3107 = EDGE_CURVE ( 'NONE', #71, #934, #4884, .T. ) ;
#3108 = ORIENTED_EDGE ( 'NONE', *, *, #6291, .T. ) ;
#3109 = FILL_AREA_STYLE_COLOUR ( '', #8135 ) ;
#3110 = MECHANICAL_DESIGN_GEOMETRIC_PRESENTATION_REPRESENTATION (  '', ( #1199 ), #3901 ) ;
#3111 = STYLED_ITEM ( 'NONE', ( #3918 ), #3375 ) ;
#3112 = LINE ( 'NONE', #4274, #8673 ) ;
#3113 =( LENGTH_UNIT ( ) NAMED_UNIT ( * ) SI_UNIT ( .MILLI., .METRE. ) );
#3114 = AXIS2_PLACEMENT_3D ( 'NONE', #713, #1439, #538 ) ;
#3115 = LINE ( 'NONE', #380, #5457 ) ;
#3116 = ORIENTED_EDGE ( 'NONE', *, *, #5307, .T. ) ;
#3117 = COLOUR_RGB ( '',0.9137254901960784048, 0.5137254901960783826, 0.1372549019607843257 ) ;
#3118 = PRESENTATION_LAYER_ASSIGNMENT (  '', '', ( #4492 ) ) ;
#3119 = CIRCLE ( 'NONE', #9355, 0.5000000000000000000 ) ;
#3120 = PRESENTATION_LAYER_ASSIGNMENT (  '', '', ( #7025 ) ) ;
#3121 = DIRECTION ( 'NONE',  ( -0.000000000000000000, -0.000000000000000000, 1.000000000000000000 ) ) ;
#3122 = CARTESIAN_POINT ( 'NONE',  ( -6.800000000000000711, 6.799999999999999822, 12.19999999999999929 ) ) ;
#3123 = STYLED_ITEM ( 'NONE', ( #10103 ), #2590 ) ;
#3124 = DIRECTION ( 'NONE',  ( 0.000000000000000000, 1.000000000000000000, 0.000000000000000000 ) ) ;
#3125 = SURFACE_STYLE_USAGE ( .BOTH. , #1395 ) ;
#3126 = VECTOR ( 'NONE', #4226, 1000.000000000000000 ) ;
#3127 = CARTESIAN_POINT ( 'NONE',  ( -4.250000000000000000, 11.09999999999999964, 9.400000000000000355 ) ) ;
#3128 = SURFACE_STYLE_USAGE ( .BOTH. , #1279 ) ;
#3129 = FILL_AREA_STYLE_COLOUR ( '', #5708 ) ;
#3130 = ADVANCED_FACE ( 'NONE', ( #10723 ), #10786, .T. ) ;
#3131 = EDGE_LOOP ( 'NONE', ( #1428, #8099, #5579, #1020 ) ) ;
#3132 = ORIENTED_EDGE ( 'NONE', *, *, #3793, .F. ) ;
#3133 = EDGE_CURVE ( 'NONE', #2778, #11618, #8596, .T. ) ;
#3134 = STYLED_ITEM ( 'NONE', ( #2982 ), #1419 ) ;
#3135 = VECTOR ( 'NONE', #8348, 1000.000000000000000 ) ;
#3136 =( NAMED_UNIT ( * ) SI_UNIT ( $, .STERADIAN. ) SOLID_ANGLE_UNIT ( ) );
#3137 = CARTESIAN_POINT ( 'NONE',  ( 11.09999999999999964, 0.000000000000000000, 11.90000000000000036 ) ) ;
#3138 = LINE ( 'NONE', #5084, #6059 ) ;
#3139 = PRESENTATION_STYLE_ASSIGNMENT (( #8821 ) ) ;
#3140 = SURFACE_SIDE_STYLE ('',( #11465 ) ) ;
#3141 = PLANE ( 'NONE',  #1233 ) ;
#3142 = EDGE_CURVE ( 'NONE', #9057, #5800, #5427, .T. ) ;
#3143 =( NAMED_UNIT ( * ) SI_UNIT ( $, .STERADIAN. ) SOLID_ANGLE_UNIT ( ) );
#3144 = PRESENTATION_LAYER_ASSIGNMENT (  '', '', ( #2192 ) ) ;
#3145 = CONTEXT_DEPENDENT_SHAPE_REPRESENTATION ( #4688, #2141 ) ;
#3146 = EDGE_CURVE ( 'NONE', #5207, #10211, #5318, .T. ) ;
#3147 = ORIENTED_EDGE ( 'NONE', *, *, #5991, .T. ) ;
#3148 = VERTEX_POINT ( 'NONE', #2470 ) ;
#3149 = ORIENTED_EDGE ( 'NONE', *, *, #7732, .T. ) ;
#3150 = EDGE_CURVE ( 'NONE', #10315, #417, #6104, .T. ) ;
#3151 = EDGE_LOOP ( 'NONE', ( #5454, #4097, #5529, #11376, #8414 ) ) ;
#3152 = SURFACE_STYLE_USAGE ( .BOTH. , #2382 ) ;
#3153 = CARTESIAN_POINT ( 'NONE',  ( 4.750000000000000000, 8.000000000000000000, 0.8000000000000000444 ) ) ;
#3154 = FILL_AREA_STYLE_COLOUR ( '', #4499 ) ;
#3155 = PLANE ( 'NONE',  #1603 ) ;
#3156 = UNCERTAINTY_MEASURE_WITH_UNIT (LENGTH_MEASURE( 1.000000000000000082E-05 ), #619, 'distance_accuracy_value', 'NONE');
#3157 = LINE ( 'NONE', #5106, #237 ) ;
#3158 = CARTESIAN_POINT ( 'NONE',  ( -4.250000000000000000, 10.59999999999999964, 6.399999999997890932 ) ) ;
#3159 =( NAMED_UNIT ( * ) PLANE_ANGLE_UNIT ( ) SI_UNIT ( $, .RADIAN. ) );
#3160 = ORIENTED_EDGE ( 'NONE', *, *, #281, .T. ) ;
#3161 =( NAMED_UNIT ( * ) SI_UNIT ( $, .STERADIAN. ) SOLID_ANGLE_UNIT ( ) );
#3162 = VERTEX_POINT ( 'NONE', #6346 ) ;
#3163 = CARTESIAN_POINT ( 'NONE',  ( 2.250000000000000444, 10.59999999999999964, 11.40000000000000036 ) ) ;
#3164 = PRESENTATION_STYLE_ASSIGNMENT (( #491 ) ) ;
#3165 = STYLED_ITEM ( 'NONE', ( #8520 ), #4317 ) ;
#3166 = FACE_OUTER_BOUND ( 'NONE', #1488, .T. ) ;
#3167 = DIRECTION ( 'NONE',  ( 0.000000000000000000, -1.000000000000000000, 0.000000000000000000 ) ) ;
#3168 = CYLINDRICAL_SURFACE ( 'NONE', #10883, 1.750000000000000000 ) ;
#3169 = UNCERTAINTY_MEASURE_WITH_UNIT (LENGTH_MEASURE( 1.000000000000000082E-05 ), #8597, 'distance_accuracy_value', 'NONE');
#3170 =( LENGTH_UNIT ( ) NAMED_UNIT ( * ) SI_UNIT ( .MILLI., .METRE. ) );
#3171 = EDGE_CURVE ( 'NONE', #326, #346, #855, .T. ) ;
#3172 = ORIENTED_EDGE ( 'NONE', *, *, #81, .F. ) ;
#3173 = VECTOR ( 'NONE', #9493, 1000.000000000000000 ) ;
#3174 = EDGE_CURVE ( 'NONE', #8379, #7940, #7953, .T. ) ;
#3175 = AXIS2_PLACEMENT_3D ( 'NONE', #3445, #3674, #9988 ) ;
#3176 = UNCERTAINTY_MEASURE_WITH_UNIT (LENGTH_MEASURE( 1.000000000000000082E-05 ), #4010, 'distance_accuracy_value', 'NONE');
#3177 = DIRECTION ( 'NONE',  ( 1.000000000000000000, 0.000000000000000000, -0.000000000000000000 ) ) ;
#3178 =( LENGTH_UNIT ( ) NAMED_UNIT ( * ) SI_UNIT ( .MILLI., .METRE. ) );
#3179 = SURFACE_SIDE_STYLE ('',( #3988 ) ) ;
#3180 = CIRCLE ( 'NONE', #8237, 1.750000000000000000 ) ;
#3181 = CARTESIAN_POINT ( 'NONE',  ( -4.750000000000000000, 8.000000000000000000, 9.400000000000000355 ) ) ;
#3182 = FILL_AREA_STYLE ('',( #1463 ) ) ;
#3183 = UNCERTAINTY_MEASURE_WITH_UNIT (LENGTH_MEASURE( 1.000000000000000082E-05 ), #10136, 'distance_accuracy_value', 'NONE');
#3184 =( LENGTH_UNIT ( ) NAMED_UNIT ( * ) SI_UNIT ( .MILLI., .METRE. ) );
#3185 =( NAMED_UNIT ( * ) PLANE_ANGLE_UNIT ( ) SI_UNIT ( $, .RADIAN. ) );
#3186 = DIRECTION ( 'NONE',  ( 2.337311630789999835E-15, 1.000000000000000000, 0.000000000000000000 ) ) ;
#3187 = MECHANICAL_DESIGN_GEOMETRIC_PRESENTATION_REPRESENTATION (  '', ( #8448 ), #5331 ) ;
#3188 = COLOUR_RGB ( '',0.8196078431372548767, 0.8000000000000000444, 0.7529411764705882248 ) ;
#3189 = EDGE_LOOP ( 'NONE', ( #10817, #7959, #2124, #11556 ) ) ;
#3190 = ORIENTED_EDGE ( 'NONE', *, *, #4013, .T. ) ;
#3191 = DIRECTION ( 'NONE',  ( -1.000000000000000000, 1.306144734853000006E-15, 0.000000000000000000 ) ) ;
#3192 = LINE ( 'NONE', #9765, #4670 ) ;
#3193 = DIRECTION ( 'NONE',  ( 0.000000000000000000, 1.000000000000000000, 0.000000000000000000 ) ) ;
#3194 = CARTESIAN_POINT ( 'NONE',  ( -3.000000000000000000, -13.94999999999999929, 0.7500000000000000000 ) ) ;
#3195 = LINE ( 'NONE', #6867, #9755 ) ;
#3196 = FACE_OUTER_BOUND ( 'NONE', #36, .T. ) ;
#3198 =( NAMED_UNIT ( * ) PLANE_ANGLE_UNIT ( ) SI_UNIT ( $, .RADIAN. ) );
#3197 = CIRCLE ( 'NONE', #10578, 0.5000000000000000000 ) ;
#3199 = DIRECTION ( 'NONE',  ( 1.000000000000000000, -0.000000000000000000, -0.000000000000000000 ) ) ;
#3200 = CARTESIAN_POINT ( 'NONE',  ( 6.799999999999999822, -4.000000000000000000, 11.00000000000000000 ) ) ;
#3201 = SURFACE_STYLE_USAGE ( .BOTH. , #7843 ) ;
#3202 = DIRECTION ( 'NONE',  ( 0.000000000000000000, 0.000000000000000000, 1.000000000000000000 ) ) ;
#3203 = ORIENTED_EDGE ( 'NONE', *, *, #205, .F. ) ;
#3204 = VECTOR ( 'NONE', #7746, 1000.000000000000000 ) ;
#3205 = AXIS2_PLACEMENT_3D ( 'NONE', #7757, #8734, #10654 ) ;
#3206 = ORIENTED_EDGE ( 'NONE', *, *, #3056, .F. ) ;
#3207 = VERTEX_POINT ( 'NONE', #7082 ) ;
#3208 = CIRCLE ( 'NONE', #8469, 0.5999999999999998668 ) ;
#3209 = ORIENTED_EDGE ( 'NONE', *, *, #10248, .F. ) ;
#3210 = DIRECTION ( 'NONE',  ( -5.799480735214591205E-17, 7.105427357601001859E-15, -1.000000000000000000 ) ) ;
#3211 = ADVANCED_FACE ( 'NONE', ( #11805 ), #4231, .T. ) ;
#3212 = LINE ( 'NONE', #11535, #8525 ) ;
#3213 = SURFACE_STYLE_USAGE ( .BOTH. , #1432 ) ;
#3214 = DIRECTION ( 'NONE',  ( 0.000000000000000000, -1.000000000000000000, -0.000000000000000000 ) ) ;
#3215 = CARTESIAN_POINT ( 'NONE',  ( -5.599999999999999645, -8.949999999999999289, 2.600000000000000533 ) ) ;
#3216 = AXIS2_PLACEMENT_3D ( 'NONE', #9316, #240, #3893 ) ;
#3217 = CARTESIAN_POINT ( 'NONE',  ( -2.000000000000000000, -12.94999999999999929, 4.400000000000000355 ) ) ;
#3218 = STYLED_ITEM ( 'NONE', ( #4981 ), #9762 ) ;
#3219 = CIRCLE ( 'NONE', #4005, 0.5000000000000004441 ) ;
#3220 =( NAMED_UNIT ( * ) SI_UNIT ( $, .STERADIAN. ) SOLID_ANGLE_UNIT ( ) );
#3221 = DIRECTION ( 'NONE',  ( -0.000000000000000000, 1.000000000000000000, 0.000000000000000000 ) ) ;
#3222 =( LENGTH_UNIT ( ) NAMED_UNIT ( * ) SI_UNIT ( .MILLI., .METRE. ) );
#3223 = VERTEX_POINT ( 'NONE', #201 ) ;
#3224 = SURFACE_STYLE_FILL_AREA ( #7122 ) ;
#3225 = STYLED_ITEM ( 'NONE', ( #3076 ), #9395 ) ;
#3226 = ORIENTED_EDGE ( 'NONE', *, *, #9628, .T. ) ;
#3227 = STYLED_ITEM ( 'NONE', ( #629 ), #8246 ) ;
#3228 =( NAMED_UNIT ( * ) PLANE_ANGLE_UNIT ( ) SI_UNIT ( $, .RADIAN. ) );
#3229 = FACE_OUTER_BOUND ( 'NONE', #3726, .T. ) ;
#3230 = ADVANCED_BREP_SHAPE_REPRESENTATION ( '', ( #7627, #3260 ), #6768 ) ;
#3231 = CARTESIAN_POINT ( 'NONE',  ( 10.59999999999999964, -0.7500000000019999558, 2.899999999999999911 ) ) ;
#3232 = DIRECTION ( 'NONE',  ( -1.000000000000000000, 0.000000000000000000, 0.000000000000000000 ) ) ;
#3233 = SURFACE_STYLE_FILL_AREA ( #11552 ) ;
#3234 = CARTESIAN_POINT ( 'NONE',  ( 10.25000000000000000, -2.500000000000000000, 0.8000000000000000444 ) ) ;
#3235 = SURFACE_STYLE_FILL_AREA ( #7811 ) ;
#3236 =( NAMED_UNIT ( * ) PLANE_ANGLE_UNIT ( ) SI_UNIT ( $, .RADIAN. ) );
#3237 =( GEOMETRIC_REPRESENTATION_CONTEXT ( 3 ) GLOBAL_UNCERTAINTY_ASSIGNED_CONTEXT ( ( #8294 ) ) GLOBAL_UNIT_ASSIGNED_CONTEXT ( ( #7093, #6241, #10796 ) ) REPRESENTATION_CONTEXT ( 'NONE', 'WORKASPACE' ) );
#3238 = EDGE_LOOP ( 'NONE', ( #7531, #10792, #10564, #10133 ) ) ;
#3239 = SHAPE_REPRESENTATION_RELATIONSHIP ( 'NONE' , 'NONE' ,  #11833, #5401 ) ;
#3240 = FILL_AREA_STYLE ('',( #3364 ) ) ;
#3241 = EDGE_CURVE ( 'NONE', #10211, #9177, #11245, .T. ) ;
#3242 = CYLINDRICAL_SURFACE ( 'NONE', #9160, 2.000000000000000000 ) ;
#3243 = FILL_AREA_STYLE ('',( #11442 ) ) ;
#3244 = CARTESIAN_POINT ( 'NONE',  ( -5.551115123125999639E-16, 11.09999999999999964, 7.150000000000000355 ) ) ;
#3245 = FILL_AREA_STYLE_COLOUR ( '', #3281 ) ;
#3246 = FILL_AREA_STYLE_COLOUR ( '', #8796 ) ;
#3247 = SURFACE_STYLE_FILL_AREA ( #6914 ) ;
#3248 = DIRECTION ( 'NONE',  ( 0.000000000000000000, 0.000000000000000000, 1.000000000000000000 ) ) ;
#3249 = ORIENTED_EDGE ( 'NONE', *, *, #2, .T. ) ;
#3250 = ORIENTED_EDGE ( 'NONE', *, *, #2385, .F. ) ;
#3251 = COLOUR_RGB ( '',0.9137254901960784048, 0.5137254901960783826, 0.1372549019607843257 ) ;
#3252 = EDGE_CURVE ( 'NONE', #5279, #9436, #906, .T. ) ;
#3253 = EDGE_CURVE ( 'NONE', #10328, #5863, #3623, .T. ) ;
#3254 = SURFACE_STYLE_USAGE ( .BOTH. , #7836 ) ;
#3255 = SURFACE_STYLE_USAGE ( .BOTH. , #467 ) ;
#3256 = FILL_AREA_STYLE_COLOUR ( '', #57 ) ;
#3257 = DIRECTION ( 'NONE',  ( 0.000000000000000000, -1.000000000000000000, 0.000000000000000000 ) ) ;
#3258 = CARTESIAN_POINT ( 'NONE',  ( -8.146008012803569898, 6.883387911746888577, 11.64906504453218972 ) ) ;
#3259 = FACE_OUTER_BOUND ( 'NONE', #6062, .T. ) ;
#3260 = AXIS2_PLACEMENT_3D ( 'NONE', #9770, #9883, #9108 ) ;
#3261 = CARTESIAN_POINT ( 'NONE',  ( 6.799999999999999822, 6.800000000000000711, 11.00000000000000000 ) ) ;
#3262 = ITEM_DEFINED_TRANSFORMATION ( 'NONE', 'NONE', #8326,  #3260 ) ;
#3263 = ORIENTED_EDGE ( 'NONE', *, *, #9730, .F. ) ;
#3264 = VERTEX_POINT ( 'NONE', #2933 ) ;
#3265 = VERTEX_POINT ( 'NONE', #4593 ) ;
#3266 = SURFACE_SIDE_STYLE ('',( #9776 ) ) ;
#3267 = FACE_OUTER_BOUND ( 'NONE', #6367, .T. ) ;
#3268 = CARTESIAN_POINT ( 'NONE',  ( -1.649999999999999911, -10.94999999999999929, 5.599999999999999645 ) ) ;
#3269 = COLOUR_RGB ( '',0.9137254901960784048, 0.5137254901960783826, 0.1372549019607843257 ) ;
#3270 = SURFACE_STYLE_FILL_AREA ( #7111 ) ;
#3271 = PRESENTATION_STYLE_ASSIGNMENT (( #11480 ) ) ;
#3272 = CIRCLE ( 'NONE', #11018, 0.5000000000000000000 ) ;
#3273 = SURFACE_SIDE_STYLE ('',( #3032 ) ) ;
#3274 = SURFACE_STYLE_FILL_AREA ( #6075 ) ;
#3275 = UNCERTAINTY_MEASURE_WITH_UNIT (LENGTH_MEASURE( 1.000000000000000082E-05 ), #8721, 'distance_accuracy_value', 'NONE');
#3276 =( LENGTH_UNIT ( ) NAMED_UNIT ( * ) SI_UNIT ( .MILLI., .METRE. ) );
#3277 = FILL_AREA_STYLE_COLOUR ( '', #3986 ) ;
#3278 = CARTESIAN_POINT ( 'NONE',  ( 0.000000000000000000, 0.000000000000000000, 0.000000000000000000 ) ) ;
#3279 = AXIS2_PLACEMENT_3D ( 'NONE', #6466, #2916, #6515 ) ;
#3280 = EDGE_CURVE ( 'NONE', #3569, #1952, #2388, .T. ) ;
#3281 = COLOUR_RGB ( '',0.8196078431372548767, 0.8000000000000000444, 0.7529411764705882248 ) ;
#3282 = ORIENTED_EDGE ( 'NONE', *, *, #11875, .F. ) ;
#3283 = DIRECTION ( 'NONE',  ( 1.000000000000000000, 0.000000000000000000, 0.000000000000000000 ) ) ;
#3284 = MECHANICAL_DESIGN_GEOMETRIC_PRESENTATION_REPRESENTATION (  '', ( #3871 ), #1170 ) ;
#3285 = EDGE_LOOP ( 'NONE', ( #7768, #7449, #10146, #4320 ) ) ;
#3286 =( LENGTH_UNIT ( ) NAMED_UNIT ( * ) SI_UNIT ( .MILLI., .METRE. ) );
#3287 = SURFACE_STYLE_FILL_AREA ( #9742 ) ;
#3288 =( NAMED_UNIT ( * ) PLANE_ANGLE_UNIT ( ) SI_UNIT ( $, .RADIAN. ) );
#3289 = FILL_AREA_STYLE_COLOUR ( '', #1299 ) ;
#3290 = DIRECTION ( 'NONE',  ( 0.000000000000000000, 0.000000000000000000, -1.000000000000000000 ) ) ;
#3291 = LINE ( 'NONE', #5120, #11268 ) ;
#3292 = PRESENTATION_STYLE_ASSIGNMENT (( #5182 ) ) ;
#3293 = UNCERTAINTY_MEASURE_WITH_UNIT (LENGTH_MEASURE( 1.000000000000000082E-05 ), #2165, 'distance_accuracy_value', 'NONE');
#3294 = CIRCLE ( 'NONE', #5236, 1.249999999999999778 ) ;
#3295 = DIRECTION ( 'NONE',  ( 0.000000000000000000, 0.000000000000000000, 1.000000000000000000 ) ) ;
#3296 = SURFACE_SIDE_STYLE ('',( #10778 ) ) ;
#3297 = VECTOR ( 'NONE', #9338, 1000.000000000000000 ) ;
#3298 = COLOUR_RGB ( '',0.9137254901960784048, 0.5137254901960783826, 0.1372549019607843257 ) ;
#3299 = EDGE_LOOP ( 'NONE', ( #5687, #10665, #7411, #3762 ) ) ;
#3300 =( NAMED_UNIT ( * ) PLANE_ANGLE_UNIT ( ) SI_UNIT ( $, .RADIAN. ) );
#3301 = EDGE_CURVE ( 'NONE', #10328, #11911, #5276, .T. ) ;
#3302 = EDGE_CURVE ( 'NONE', #7546, #4900, #2693, .T. ) ;
#3303 = DIRECTION ( 'NONE',  ( 0.000000000000000000, 0.000000000000000000, -1.000000000000000000 ) ) ;
#3304 = AXIS2_PLACEMENT_3D ( 'NONE', #2381, #9667, #1354 ) ;
#3305 = PRESENTATION_LAYER_ASSIGNMENT (  '', '', ( #636 ) ) ;
#3306 = MECHANICAL_DESIGN_GEOMETRIC_PRESENTATION_REPRESENTATION (  '', ( #817 ), #7601 ) ;
#3307 = AXIS2_PLACEMENT_3D ( 'NONE', #9104, #3573, #801 ) ;
#3308 = UNCERTAINTY_MEASURE_WITH_UNIT (LENGTH_MEASURE( 1.000000000000000082E-05 ), #6361, 'distance_accuracy_value', 'NONE');
#3309 = LINE ( 'NONE', #7197, #10690 ) ;
#3310 = SURFACE_STYLE_USAGE ( .BOTH. , #9582 ) ;
#3311 = SURFACE_SIDE_STYLE ('',( #616 ) ) ;
#3312 =( LENGTH_UNIT ( ) NAMED_UNIT ( * ) SI_UNIT ( .MILLI., .METRE. ) );
#3313 = UNCERTAINTY_MEASURE_WITH_UNIT (LENGTH_MEASURE( 1.000000000000000082E-05 ), #3570, 'distance_accuracy_value', 'NONE');
#3314 = PRESENTATION_LAYER_ASSIGNMENT (  '', '', ( #2160 ) ) ;
#3315 = LINE ( 'NONE', #8112, #7669 ) ;
#3316 = PRESENTATION_LAYER_ASSIGNMENT (  '', '', ( #7982 ) ) ;
#3317 =( GEOMETRIC_REPRESENTATION_CONTEXT ( 3 ) GLOBAL_UNCERTAINTY_ASSIGNED_CONTEXT ( ( #7575 ) ) GLOBAL_UNIT_ASSIGNED_CONTEXT ( ( #1209, #3814, #3935 ) ) REPRESENTATION_CONTEXT ( 'NONE', 'WORKASPACE' ) );
#3318 = CARTESIAN_POINT ( 'NONE',  ( 7.750000000000000000, 6.650000000000000355, 0.000000000000000000 ) ) ;
#3319 = ORIENTED_EDGE ( 'NONE', *, *, #3401, .F. ) ;
#3320 = ORIENTED_EDGE ( 'NONE', *, *, #2483, .T. ) ;
#3321 =( GEOMETRIC_REPRESENTATION_CONTEXT ( 3 ) GLOBAL_UNCERTAINTY_ASSIGNED_CONTEXT ( ( #2915 ) ) GLOBAL_UNIT_ASSIGNED_CONTEXT ( ( #3366, #11869, #4402 ) ) REPRESENTATION_CONTEXT ( 'NONE', 'WORKASPACE' ) );
#3322 = CARTESIAN_POINT ( 'NONE',  ( 11.09999999999999964, -0.7500000000009998669, 4.142093751461121798 ) ) ;
#3323 =( LENGTH_UNIT ( ) NAMED_UNIT ( * ) SI_UNIT ( .MILLI., .METRE. ) );
#3324 = SURFACE_SIDE_STYLE ('',( #1530 ) ) ;
#3325 = CARTESIAN_POINT ( 'NONE',  ( 2.499999999999999556, -13.94999999999999929, 0.7500000000000000000 ) ) ;
#3326 = STYLED_ITEM ( 'NONE', ( #10269 ), #917 ) ;
#3327 = VECTOR ( 'NONE', #2038, 1000.000000000000000 ) ;
#3328 = CARTESIAN_POINT ( 'NONE',  ( 1.750000000000000000, -10.94999999999999929, 5.599999999999999645 ) ) ;
#3329 = LINE ( 'NONE', #9880, #8346 ) ;
#3330 = CARTESIAN_POINT ( 'NONE',  ( 8.146008012803568121, 7.449065044532186874, 11.08338791174688787 ) ) ;
#3331 = ADVANCED_FACE ( 'NONE', ( #11186 ), #1815, .T. ) ;
#3332 = DIRECTION ( 'NONE',  ( 0.000000000000000000, 1.000000000000000000, 0.000000000000000000 ) ) ;
#3333 = EDGE_LOOP ( 'NONE', ( #2900, #8672, #1794, #5366 ) ) ;
#3334 = MECHANICAL_DESIGN_GEOMETRIC_PRESENTATION_REPRESENTATION (  '', ( #3761 ), #1809 ) ;
#3335 = VERTEX_POINT ( 'NONE', #5488 ) ;
#3336 = VERTEX_POINT ( 'NONE', #1868 ) ;
#3337 = ORIENTED_EDGE ( 'NONE', *, *, #6057, .F. ) ;
#3338 = SURFACE_STYLE_USAGE ( .BOTH. , #7110 ) ;
#3339 = DIRECTION ( 'NONE',  ( 0.000000000000000000, -0.000000000000000000, -1.000000000000000000 ) ) ;
#3340 = SURFACE_STYLE_FILL_AREA ( #364 ) ;
#3341 = DIRECTION ( 'NONE',  ( 0.000000000000000000, -1.000000000000000000, 0.000000000000000000 ) ) ;
#3342 = CIRCLE ( 'NONE', #8402, 0.5999999999999998668 ) ;
#3343 = VECTOR ( 'NONE', #4353, 1000.000000000000114 ) ;
#3344 = PRESENTATION_STYLE_ASSIGNMENT (( #5399 ) ) ;
#3345 = CARTESIAN_POINT ( 'NONE',  ( 3.000000000000000000, -8.500000000000000000, 0.7500000000000000000 ) ) ;
#3346 = CARTESIAN_POINT ( 'NONE',  ( 10.25000000000000000, 6.123233995736759873E-17, 0.8000000000000000444 ) ) ;
#3347 = EDGE_CURVE ( 'NONE', #10851, #11149, #962, .T. ) ;
#3348 = ORIENTED_EDGE ( 'NONE', *, *, #7156, .F. ) ;
#3349 = CARTESIAN_POINT ( 'NONE',  ( 4.750000000000000000, 8.949999999999999289, 0.000000000000000000 ) ) ;
#3350 = MECHANICAL_DESIGN_GEOMETRIC_PRESENTATION_REPRESENTATION (  '', ( #6853 ), #487 ) ;
#3351 = EDGE_LOOP ( 'NONE', ( #11035, #9886, #103, #1441 ) ) ;
#3352 = STYLED_ITEM ( 'NONE', ( #10009 ), #2665 ) ;
#3353 = CARTESIAN_POINT ( 'NONE',  ( -2.500000000000000000, 9.750000000000000000, 0.000000000000000000 ) ) ;
#3354 =( LENGTH_UNIT ( ) NAMED_UNIT ( * ) SI_UNIT ( .MILLI., .METRE. ) );
#3355 = DIRECTION ( 'NONE',  ( 0.000000000000000000, 1.000000000000000000, 0.000000000000000000 ) ) ;
#3356 = FACE_OUTER_BOUND ( 'NONE', #9690, .T. ) ;
#3357 = SURFACE_SIDE_STYLE ('',( #773 ) ) ;
#3358 =( NAMED_UNIT ( * ) SI_UNIT ( $, .STERADIAN. ) SOLID_ANGLE_UNIT ( ) );
#3359 = VECTOR ( 'NONE', #2570, 1000.000000000000000 ) ;
#3360 = FACE_OUTER_BOUND ( 'NONE', #6454, .T. ) ;
#3361 = FILL_AREA_STYLE_COLOUR ( '', #5215 ) ;
#3362 =( GEOMETRIC_REPRESENTATION_CONTEXT ( 3 ) GLOBAL_UNCERTAINTY_ASSIGNED_CONTEXT ( ( #10336 ) ) GLOBAL_UNIT_ASSIGNED_CONTEXT ( ( #7460, #8553, #8492 ) ) REPRESENTATION_CONTEXT ( 'NONE', 'WORKASPACE' ) );
#3363 = EDGE_CURVE ( 'NONE', #3763, #5659, #84, .T. ) ;
#3364 = FILL_AREA_STYLE_COLOUR ( '', #3714 ) ;
#3365 = MECHANICAL_DESIGN_GEOMETRIC_PRESENTATION_REPRESENTATION (  '', ( #7440 ), #11899 ) ;
#3366 =( LENGTH_UNIT ( ) NAMED_UNIT ( * ) SI_UNIT ( .MILLI., .METRE. ) );
#3367 = ADVANCED_FACE ( 'NONE', ( #11126 ), #3800, .T. ) ;
#3368 = DIRECTION ( 'NONE',  ( -0.000000000000000000, -0.000000000000000000, 1.000000000000000000 ) ) ;
#3369 = DIRECTION ( 'NONE',  ( 0.000000000000000000, 0.000000000000000000, 1.000000000000000000 ) ) ;
#3370 = EDGE_CURVE ( 'NONE', #8, #5207, #2091, .T. ) ;
#3371 = CARTESIAN_POINT ( 'NONE',  ( -0.7500000000009999779, 11.09999999999999964, 10.15790624853899971 ) ) ;
#3372 = PRODUCT_DEFINITION_FORMATION_WITH_SPECIFIED_SOURCE ( 'ANY', '', #4453, .NOT_KNOWN. ) ;
#3373 = CARTESIAN_POINT ( 'NONE',  ( -3.007906248538765315, 11.09999999999999964, 6.399999999999029576 ) ) ;
#3374 = MANIFOLD_SOLID_BREP ( 'Imported1', #7656 ) ;
#3375 = ADVANCED_FACE ( 'NONE', ( #9572 ), #2988, .T. ) ;
#3376 = ORIENTED_EDGE ( 'NONE', *, *, #4084, .T. ) ;
#3377 = AXIS2_PLACEMENT_3D ( 'NONE', #2135, #8120, #5271 ) ;
#3378 = PRODUCT_DEFINITION_SHAPE ( 'NONE', 'NONE',  #11969 ) ;
#3379 =( LENGTH_UNIT ( ) NAMED_UNIT ( * ) SI_UNIT ( .MILLI., .METRE. ) );
#3380 = PRESENTATION_STYLE_ASSIGNMENT (( #6113 ) ) ;
#3381 = FACE_OUTER_BOUND ( 'NONE', #11476, .T. ) ;
#3382 = MECHANICAL_DESIGN_GEOMETRIC_PRESENTATION_REPRESENTATION (  '', ( #10933 ), #513 ) ;
#3383 = CARTESIAN_POINT ( 'NONE',  ( 5.600000000000000533, -8.000000000000000000, 2.600000000000000533 ) ) ;
#3384 =( NAMED_UNIT ( * ) PLANE_ANGLE_UNIT ( ) SI_UNIT ( $, .RADIAN. ) );
#3385 = LINE ( 'NONE', #7042, #5808 ) ;
#3386 =( NAMED_UNIT ( * ) SI_UNIT ( $, .STERADIAN. ) SOLID_ANGLE_UNIT ( ) );
#3387 = DIRECTION ( 'NONE',  ( 1.000000000000000000, -5.059610138265684729E-15, 0.000000000000000000 ) ) ;
#3388 = CARTESIAN_POINT ( 'NONE',  ( 0.000000000000000000, -10.97499999999999964, 0.7500000000000000000 ) ) ;
#3389 = EDGE_CURVE ( 'NONE', #580, #3162, #3048, .T. ) ;
#3390 = VECTOR ( 'NONE', #11753, 1000.000000000000000 ) ;
#3391 = CARTESIAN_POINT ( 'NONE',  ( 3.963889023865275973, -6.364558117839391294, 4.999999999999998224 ) ) ;
#3392 = ORIENTED_EDGE ( 'NONE', *, *, #3444, .F. ) ;
#3393 = ORIENTED_EDGE ( 'NONE', *, *, #2905, .F. ) ;
#3394 = ORIENTED_EDGE ( 'NONE', *, *, #1827, .T. ) ;
#3395 = ORIENTED_EDGE ( 'NONE', *, *, #2500, .F. ) ;
#3396 = CIRCLE ( 'NONE', #11143, 3.100000000000000533 ) ;
#3397 = SURFACE_STYLE_FILL_AREA ( #11715 ) ;
#3398 = DIRECTION ( 'NONE',  ( 1.000000000000000000, -1.306144734853000006E-15, 0.000000000000000000 ) ) ;
#3399 = STYLED_ITEM ( 'NONE', ( #8841 ), #5312 ) ;
#3400 = ADVANCED_FACE ( 'NONE', ( #9630 ), #10588, .T. ) ;
#3401 = EDGE_CURVE ( 'NONE', #5228, #1076, #3512, .T. ) ;
#3402 = DIRECTION ( 'NONE',  ( -0.000000000000000000, -0.000000000000000000, -1.000000000000000000 ) ) ;
#3403 = SURFACE_SIDE_STYLE ('',( #10917 ) ) ;
#3404 = PRESENTATION_STYLE_ASSIGNMENT (( #4261 ) ) ;
#3405 = FILL_AREA_STYLE_COLOUR ( '', #6426 ) ;
#3406 =( NAMED_UNIT ( * ) SI_UNIT ( $, .STERADIAN. ) SOLID_ANGLE_UNIT ( ) );
#3407 = FILL_AREA_STYLE ('',( #8136 ) ) ;
#3408 = DIRECTION ( 'NONE',  ( -0.000000000000000000, -0.000000000000000000, -1.000000000000000000 ) ) ;
#3409 = VECTOR ( 'NONE', #5743, 1000.000000000000000 ) ;
#3410 = APPLICATION_PROTOCOL_DEFINITION ( 'draft international standard', 'automotive_design', 1998, #9859 ) ;
#3411 = STYLED_ITEM ( 'NONE', ( #10380 ), #5524 ) ;
#3412 = ORIENTED_EDGE ( 'NONE', *, *, #11102, .T. ) ;
#3413 = VERTEX_POINT ( 'NONE', #4219 ) ;
#3414 = CARTESIAN_POINT ( 'NONE',  ( -8.500000000000000000, -6.650000000000000355, 0.000000000000000000 ) ) ;
#3415 = EDGE_CURVE ( 'NONE', #1132, #5669, #720, .T. ) ;
#3416 = EDGE_CURVE ( 'NONE', #1712, #9440, #5435, .T. ) ;
#3417 = PRESENTATION_LAYER_ASSIGNMENT (  '', '', ( #8266 ) ) ;
#3418 = EDGE_CURVE ( 'NONE', #7315, #2021, #4340, .T. ) ;
#3419 = VECTOR ( 'NONE', #1907, 1000.000000000000000 ) ;
#3420 = VECTOR ( 'NONE', #9507, 1000.000000000000000 ) ;
#3421 = FACE_OUTER_BOUND ( 'NONE', #5821, .T. ) ;
#3422 = CARTESIAN_POINT ( 'NONE',  ( 7.492820323027550522, 7.492820323027550522, 11.69282032302755070 ) ) ;
#3423 = DIRECTION ( 'NONE',  ( 0.000000000000000000, 1.000000000000000000, 0.000000000000000000 ) ) ;
#3424 = SURFACE_SIDE_STYLE ('',( #5299 ) ) ;
#3425 = DIRECTION ( 'NONE',  ( 1.000000000000000000, 0.000000000000000000, -0.000000000000000000 ) ) ;
#3426 = UNCERTAINTY_MEASURE_WITH_UNIT (LENGTH_MEASURE( 1.000000000000000082E-05 ), #7455, 'distance_accuracy_value', 'NONE');
#3427 = LINE ( 'NONE', #10089, #10646 ) ;
#3428 = ORIENTED_EDGE ( 'NONE', *, *, #7092, .F. ) ;
#3429 = SHAPE_REPRESENTATION_RELATIONSHIP ( 'NONE' , 'NONE' ,  #6806, #1526 ) ;
#3430 = ORIENTED_EDGE ( 'NONE', *, *, #8459, .T. ) ;
#3431 = PRESENTATION_LAYER_ASSIGNMENT (  '', '', ( #11758 ) ) ;
#3432 = PRESENTATION_LAYER_ASSIGNMENT (  '', '', ( #10795 ) ) ;
#3433 = FILL_AREA_STYLE_COLOUR ( '', #4855 ) ;
#3434 = UNCERTAINTY_MEASURE_WITH_UNIT (LENGTH_MEASURE( 1.000000000000000082E-05 ), #255, 'distance_accuracy_value', 'NONE');
#3435 = CARTESIAN_POINT ( 'NONE',  ( -5.551115123125999639E-16, 10.59999999999999964, 7.150000000000000355 ) ) ;
#3436 = DIRECTION ( 'NONE',  ( 0.8164965809277260345, -0.4082482904638631838, 0.4082482904638627952 ) ) ;
#3437 = APPLICATION_CONTEXT ( 'automotive_design' ) ;
#3438 = LINE ( 'NONE', #8289, #3996 ) ;
#3439 =( NAMED_UNIT ( * ) SI_UNIT ( $, .STERADIAN. ) SOLID_ANGLE_UNIT ( ) );
#3440 = UNCERTAINTY_MEASURE_WITH_UNIT (LENGTH_MEASURE( 1.000000000000000082E-05 ), #1583, 'distance_accuracy_value', 'NONE');
#3441 = PLANE ( 'NONE',  #10452 ) ;
#3442 = ORIENTED_EDGE ( 'NONE', *, *, #8858, .T. ) ;
#3443 = LINE ( 'NONE', #8918, #521 ) ;
#3444 = EDGE_CURVE ( 'NONE', #4334, #9212, #6018, .T. ) ;
#3445 = CARTESIAN_POINT ( 'NONE',  ( 9.750000000000000000, 2.500000000000000000, 0.000000000000000000 ) ) ;
#3446 = CARTESIAN_POINT ( 'NONE',  ( 8.500000000000000000, -6.650000000000000355, 0.000000000000000000 ) ) ;
#3447 = DIRECTION ( 'NONE',  ( 0.000000000000000000, 1.000000000000000000, -5.348620343038999729E-16 ) ) ;
#3448 =( NAMED_UNIT ( * ) PLANE_ANGLE_UNIT ( ) SI_UNIT ( $, .RADIAN. ) );
#3449 = CARTESIAN_POINT ( 'NONE',  ( 7.492820323027550522, -7.492820323027550522, 11.69282032302755070 ) ) ;
#3450 = EDGE_LOOP ( 'NONE', ( #2994, #4161, #7723, #7593 ) ) ;
#3451 = MANIFOLD_SOLID_BREP ( 'Imported1', #3577 ) ;
#3452 = EDGE_LOOP ( 'NONE', ( #10386, #8296 ) ) ;
#3453 = ORIENTED_EDGE ( 'NONE', *, *, #2162, .T. ) ;
#3454 = VERTEX_POINT ( 'NONE', #6090 ) ;
#3455 = CARTESIAN_POINT ( 'NONE',  ( -5.599999999999999645, 8.949999999999999289, 0.000000000000000000 ) ) ;
#3456 =( NAMED_UNIT ( * ) SI_UNIT ( $, .STERADIAN. ) SOLID_ANGLE_UNIT ( ) );
#3457 = DIRECTION ( 'NONE',  ( 1.000000000000000000, 0.000000000000000000, -0.000000000000000000 ) ) ;
#3458 = DIRECTION ( 'NONE',  ( 0.000000000000000000, -1.000000000000000000, 0.000000000000000000 ) ) ;
#3459 = AXIS2_PLACEMENT_3D ( 'NONE', #3955, #8826, #6874 ) ;
#3460 = CYLINDRICAL_SURFACE ( 'NONE', #11858, 0.5000000000000000000 ) ;
#3461 = CARTESIAN_POINT ( 'NONE',  ( -2.500000000000000000, -13.94999999999999929, 0.7500000000000000000 ) ) ;
#3462 = CARTESIAN_POINT ( 'NONE',  ( -2.000000000000000000, -12.94999999999999929, 4.200000000000000178 ) ) ;
#3463 = APPLICATION_PROTOCOL_DEFINITION ( 'draft international standard', 'automotive_design', 1998, #8882 ) ;
#3464 = PRODUCT_RELATED_PRODUCT_CATEGORY ( 'part', '', ( #4453 ) ) ;
#3465 = VERTEX_POINT ( 'NONE', #4391 ) ;
#3466 = FILL_AREA_STYLE_COLOUR ( '', #9344 ) ;
#3467 =( GEOMETRIC_REPRESENTATION_CONTEXT ( 3 ) GLOBAL_UNCERTAINTY_ASSIGNED_CONTEXT ( ( #3808 ) ) GLOBAL_UNIT_ASSIGNED_CONTEXT ( ( #1912, #2791, #9322 ) ) REPRESENTATION_CONTEXT ( 'NONE', 'WORKASPACE' ) );
#3468 = ORIENTED_EDGE ( 'NONE', *, *, #9997, .F. ) ;
#3469 = DIRECTION ( 'NONE',  ( 0.000000000000000000, -1.000000000000000000, 0.000000000000000000 ) ) ;
#3470 = AXIS2_PLACEMENT_3D ( 'NONE', #3712, #984, #7417 ) ;
#3471 = DIRECTION ( 'NONE',  ( 0.000000000000000000, -0.000000000000000000, 1.000000000000000000 ) ) ;
#3472 = DIRECTION ( 'NONE',  ( 0.000000000000000000, 0.000000000000000000, -1.000000000000000000 ) ) ;
#3473 = FILL_AREA_STYLE_COLOUR ( '', #6310 ) ;
#3474 = CARTESIAN_POINT ( 'NONE',  ( -8.000000000000000000, -2.725000000000000089, 2.600000000000000533 ) ) ;
#3475 = FILL_AREA_STYLE ('',( #2677 ) ) ;
#3476 = LINE ( 'NONE', #6331, #11503 ) ;
#3477 = FILL_AREA_STYLE ('',( #1627 ) ) ;
#3478 = SURFACE_STYLE_USAGE ( .BOTH. , #2680 ) ;
#3479 = AXIS2_PLACEMENT_3D ( 'NONE', #6942, #5891, #9615 ) ;
#3480 = ORIENTED_EDGE ( 'NONE', *, *, #8623, .T. ) ;
#3481 = STYLED_ITEM ( 'NONE', ( #7584 ), #6842 ) ;
#3482 = PRODUCT ( 'COMPOUND003', 'COMPOUND003', '', ( #11350 ) ) ;
#3483 = EDGE_CURVE ( 'NONE', #6061, #8060, #5180, .T. ) ;
#3484 = EDGE_LOOP ( 'NONE', ( #1374, #11590, #3541, #7474 ) ) ;
#3485 =( NAMED_UNIT ( * ) PLANE_ANGLE_UNIT ( ) SI_UNIT ( $, .RADIAN. ) );
#3486 = DIRECTION ( 'NONE',  ( 0.000000000000000000, 0.000000000000000000, 1.000000000000000000 ) ) ;
#3487 = CARTESIAN_POINT ( 'NONE',  ( 3.000000000000000000, -8.000000000000000000, 4.200000000000000178 ) ) ;
#3488 = PRESENTATION_STYLE_ASSIGNMENT (( #6280 ) ) ;
#3489 = SURFACE_STYLE_USAGE ( .BOTH. , #9924 ) ;
#3490 = FILL_AREA_STYLE_COLOUR ( '', #7984 ) ;
#3491 =( GEOMETRIC_REPRESENTATION_CONTEXT ( 3 ) GLOBAL_UNCERTAINTY_ASSIGNED_CONTEXT ( ( #448 ) ) GLOBAL_UNIT_ASSIGNED_CONTEXT ( ( #6444, #10918, #5396 ) ) REPRESENTATION_CONTEXT ( 'NONE', 'WORKASPACE' ) );
#3492 =( NAMED_UNIT ( * ) PLANE_ANGLE_UNIT ( ) SI_UNIT ( $, .RADIAN. ) );
#3493 = ORIENTED_EDGE ( 'NONE', *, *, #5556, .T. ) ;
#3494 = DIRECTION ( 'NONE',  ( 0.000000000000000000, 0.000000000000000000, -1.000000000000000000 ) ) ;
#3495 = MANIFOLD_SOLID_BREP ( 'Imported1', #5311 ) ;
#3496 = CIRCLE ( 'NONE', #11641, 2.500000000000000000 ) ;
#3497 =( GEOMETRIC_REPRESENTATION_CONTEXT ( 3 ) GLOBAL_UNCERTAINTY_ASSIGNED_CONTEXT ( ( #9039 ) ) GLOBAL_UNIT_ASSIGNED_CONTEXT ( ( #4429, #5753, #6787 ) ) REPRESENTATION_CONTEXT ( 'NONE', 'WORKASPACE' ) );
#3498 = CARTESIAN_POINT ( 'NONE',  ( 4.750000000000000000, 8.949999999999999289, 3.200000000000000178 ) ) ;
#3499 = COLOUR_RGB ( '',0.9137254901960784048, 0.5137254901960783826, 0.1372549019607843257 ) ;
#3500 = MECHANICAL_DESIGN_GEOMETRIC_PRESENTATION_REPRESENTATION (  '', ( #1160 ), #8728 ) ;
#3501 = AXIS2_PLACEMENT_3D ( 'NONE', #6394, #9966, #8149 ) ;
#3502 = ADVANCED_FACE ( 'NONE', ( #5711 ), #4696, .T. ) ;
#3503 = VECTOR ( 'NONE', #5540, 1000.000000000000000 ) ;
#3504 = COLOUR_RGB ( '',0.7019607843137254388, 0.7019607843137254388, 0.7019607843137254388 ) ;
#3505 = CYLINDRICAL_SURFACE ( 'NONE', #6817, 0.5999999999999998668 ) ;
#3506 =( NAMED_UNIT ( * ) PLANE_ANGLE_UNIT ( ) SI_UNIT ( $, .RADIAN. ) );
#3507 = VECTOR ( 'NONE', #11947, 1000.000000000000000 ) ;
#3508 = PRESENTATION_STYLE_ASSIGNMENT (( #11819 ) ) ;
#3509 = DIRECTION ( 'NONE',  ( -0.000000000000000000, -0.000000000000000000, -1.000000000000000000 ) ) ;
#3510 = PRESENTATION_LAYER_ASSIGNMENT (  '', '', ( #1785 ) ) ;
#3511 = CARTESIAN_POINT ( 'NONE',  ( 2.500000000002999823, 10.59999999999999964, 7.900000000001998757 ) ) ;
#3512 = CIRCLE ( 'NONE', #8557, 0.5000000000000004441 ) ;
#3513 = DIRECTION ( 'NONE',  ( 1.000000000000000000, -1.445602896647339508E-15, 0.000000000000000000 ) ) ;
#3514 = MECHANICAL_DESIGN_GEOMETRIC_PRESENTATION_REPRESENTATION (  '', ( #1201 ), #5448 ) ;
#3515 = STYLED_ITEM ( 'NONE', ( #7083 ), #10355 ) ;
#3516 = CARTESIAN_POINT ( 'NONE',  ( 7.196750994715546135, 7.892367967113669280, 10.70113402231742583 ) ) ;
#3517 = CARTESIAN_POINT ( 'NONE',  ( -3.313061695675737717, -6.739628187581410579, 4.999999999999998224 ) ) ;
#3518 =( GEOMETRIC_REPRESENTATION_CONTEXT ( 3 ) GLOBAL_UNCERTAINTY_ASSIGNED_CONTEXT ( ( #5959 ) ) GLOBAL_UNIT_ASSIGNED_CONTEXT ( ( #10955, #3506, #9046 ) ) REPRESENTATION_CONTEXT ( 'NONE', 'WORKASPACE' ) );
#3519 = ORIENTED_EDGE ( 'NONE', *, *, #8958, .F. ) ;
#3520 = EDGE_CURVE ( 'NONE', #9663, #582, #7496, .T. ) ;
#3521 = PRESENTATION_LAYER_ASSIGNMENT (  '', '', ( #10878 ) ) ;
#3522 = VERTEX_POINT ( 'NONE', #1799 ) ;
#3523 = VERTEX_POINT ( 'NONE', #10275 ) ;
#3524 = COLOUR_RGB ( '',0.9137254901960784048, 0.5137254901960783826, 0.1372549019607843257 ) ;
#3525 = MECHANICAL_DESIGN_GEOMETRIC_PRESENTATION_REPRESENTATION (  '', ( #8778 ), #11267 ) ;
#3526 = VECTOR ( 'NONE', #5784, 1000.000000000000000 ) ;
#3527 = ORIENTED_EDGE ( 'NONE', *, *, #4303, .T. ) ;
#3528 = DIRECTION ( 'NONE',  ( -2.973811673103000536E-16, 1.000000000000000000, -0.000000000000000000 ) ) ;
#3529 = SURFACE_STYLE_USAGE ( .BOTH. , #11838 ) ;
#3530 = ADVANCED_FACE ( 'NONE', ( #887 ), #6461, .T. ) ;
#3531 = FILL_AREA_STYLE ('',( #3405 ) ) ;
#3532 = CARTESIAN_POINT ( 'NONE',  ( 2.600000000000000089, -12.94999999999999929, 4.200000000000000178 ) ) ;
#3533 = EDGE_CURVE ( 'NONE', #6684, #7848, #244, .T. ) ;
#3534 = VECTOR ( 'NONE', #2909, 1000.000000000000000 ) ;
#3535 = SURFACE_STYLE_USAGE ( .BOTH. , #11723 ) ;
#3536 = DIRECTION ( 'NONE',  ( -0.000000000000000000, -0.000000000000000000, 1.000000000000000000 ) ) ;
#3537 = PRODUCT_CONTEXT ( 'NONE', #595, 'mechanical' ) ;
#3538 = ORIENTED_EDGE ( 'NONE', *, *, #1284, .F. ) ;
#3539 = ADVANCED_FACE ( 'NONE', ( #10390 ), #3155, .T. ) ;
#3540 = ORIENTED_EDGE ( 'NONE', *, *, #10869, .F. ) ;
#3541 = ORIENTED_EDGE ( 'NONE', *, *, #4228, .F. ) ;
#3542 = FILL_AREA_STYLE_COLOUR ( '', #6658 ) ;
#3543 = CARTESIAN_POINT ( 'NONE',  ( 7.500000000000000000, -7.500000000000000000, 2.600000000000000533 ) ) ;
#3544 = PRESENTATION_LAYER_ASSIGNMENT (  '', '', ( #8594 ) ) ;
#3545 =( GEOMETRIC_REPRESENTATION_CONTEXT ( 3 ) GLOBAL_UNCERTAINTY_ASSIGNED_CONTEXT ( ( #10935 ) ) GLOBAL_UNIT_ASSIGNED_CONTEXT ( ( #4405, #9860, #10039 ) ) REPRESENTATION_CONTEXT ( 'NONE', 'WORKASPACE' ) );
#3546 = LINE ( 'NONE', #6328, #5140 ) ;
#3547 =( NAMED_UNIT ( * ) SI_UNIT ( $, .STERADIAN. ) SOLID_ANGLE_UNIT ( ) );
#3548 = FACE_OUTER_BOUND ( 'NONE', #596, .T. ) ;
#3549 = UNCERTAINTY_MEASURE_WITH_UNIT (LENGTH_MEASURE( 1.000000000000000082E-05 ), #3591, 'distance_accuracy_value', 'NONE');
#3550 = SURFACE_STYLE_FILL_AREA ( #3477 ) ;
#3551 = LINE ( 'NONE', #4700, #1357 ) ;
#3552 = SHAPE_REPRESENTATION ( 'COMPOUND019', ( #3260 ), #603 ) ;
#3553 = EDGE_LOOP ( 'NONE', ( #5050, #2004, #6917, #4669, #52 ) ) ;
#3554 =( NAMED_UNIT ( * ) PLANE_ANGLE_UNIT ( ) SI_UNIT ( $, .RADIAN. ) );
#3555 = AXIS2_PLACEMENT_3D ( 'NONE', #3200, #3017, #7720 ) ;
#3556 = EDGE_LOOP ( 'NONE', ( #11163, #6013, #1152, #3658 ) ) ;
#3557 = AXIS2_PLACEMENT_3D ( 'NONE', #10137, #1838, #1944 ) ;
#3558 = ORIENTED_EDGE ( 'NONE', *, *, #5658, .T. ) ;
#3559 = PRODUCT_DEFINITION_CONTEXT ( 'detailed design', #8645, 'design' ) ;
#3560 = PRESENTATION_STYLE_ASSIGNMENT (( #8288 ) ) ;
#3561 = ADVANCED_FACE ( 'NONE', ( #2268 ), #6749, .T. ) ;
#3562 = DIRECTION ( 'NONE',  ( 0.000000000000000000, 0.000000000000000000, -1.000000000000000000 ) ) ;
#3563 = LINE ( 'NONE', #904, #10635 ) ;
#3564 = SURFACE_SIDE_STYLE ('',( #6160 ) ) ;
#3565 = CARTESIAN_POINT ( 'NONE',  ( -3.000000000000000000, -8.000000000000000000, 0.000000000000000000 ) ) ;
#3566 = COLOUR_RGB ( '',0.9137254901960784048, 0.5137254901960783826, 0.1372549019607843257 ) ;
#3567 = UNCERTAINTY_MEASURE_WITH_UNIT (LENGTH_MEASURE( 1.000000000000000082E-05 ), #1517, 'distance_accuracy_value', 'NONE');
#3568 = DIRECTION ( 'NONE',  ( 0.000000000000000000, -1.000000000000000000, 0.000000000000000000 ) ) ;
#3569 = VERTEX_POINT ( 'NONE', #9561 ) ;
#3570 =( LENGTH_UNIT ( ) NAMED_UNIT ( * ) SI_UNIT ( .MILLI., .METRE. ) );
#3571 = PRESENTATION_STYLE_ASSIGNMENT (( #11137 ) ) ;
#3572 = FACE_OUTER_BOUND ( 'NONE', #2682, .T. ) ;
#3573 = DIRECTION ( 'NONE',  ( 0.000000000000000000, -1.000000000000000000, 2.055968564120999972E-16 ) ) ;
#3574 = EDGE_CURVE ( 'NONE', #9721, #10925, #9609, .T. ) ;
#3575 = AXIS2_PLACEMENT_3D ( 'NONE', #2556, #6258, #9952 ) ;
#3576 = PRESENTATION_STYLE_ASSIGNMENT (( #1048 ) ) ;
#3577 = CLOSED_SHELL ( 'NONE', ( #1445, #2590, #10967, #4289 ) ) ;
#3578 = PRESENTATION_LAYER_ASSIGNMENT (  '', '', ( #8039 ) ) ;
#3579 = SURFACE_STYLE_FILL_AREA ( #11891 ) ;
#3580 = DIRECTION ( 'NONE',  ( 0.000000000000000000, 1.000000000000000000, -0.000000000000000000 ) ) ;
#3581 = PRESENTATION_STYLE_ASSIGNMENT (( #11893 ) ) ;
#3582 = VECTOR ( 'NONE', #9235, 1000.000000000000000 ) ;
#3583 = ORIENTED_EDGE ( 'NONE', *, *, #4807, .T. ) ;
#3584 = ORIENTED_EDGE ( 'NONE', *, *, #2452, .F. ) ;
#3585 = VERTEX_POINT ( 'NONE', #4983 ) ;
#3586 = PRESENTATION_LAYER_ASSIGNMENT (  '', '', ( #8840 ) ) ;
#3587 = ORIENTED_EDGE ( 'NONE', *, *, #2667, .F. ) ;
#3588 = CARTESIAN_POINT ( 'NONE',  ( 8.803209579783269234, -7.089138674579810839, 9.897904729783562061 ) ) ;
#3589 = DIRECTION ( 'NONE',  ( 1.306144734853000006E-15, 1.000000000000000000, 0.000000000000000000 ) ) ;
#3590 = FACE_OUTER_BOUND ( 'NONE', #3299, .T. ) ;
#3591 =( LENGTH_UNIT ( ) NAMED_UNIT ( * ) SI_UNIT ( .MILLI., .METRE. ) );
#3592 = PRESENTATION_STYLE_ASSIGNMENT (( #11903 ) ) ;
#3593 = DIRECTION ( 'NONE',  ( 0.000000000000000000, 1.000000000000000000, -0.000000000000000000 ) ) ;
#3594 = PRODUCT_DEFINITION_SHAPE ( 'NONE', 'NONE',  #2940 ) ;
#3595 = LINE ( 'NONE', #9121, #8221 ) ;
#3596 = FILL_AREA_STYLE ('',( #8137 ) ) ;
#3597 = CARTESIAN_POINT ( 'NONE',  ( 1.400000000000000133, -12.94999999999999929, 4.400000000000000355 ) ) ;
#3598 = DIRECTION ( 'NONE',  ( 0.000000000000000000, 0.000000000000000000, 1.000000000000000000 ) ) ;
#3599 = ORIENTED_EDGE ( 'NONE', *, *, #10377, .T. ) ;
#3600 = DIRECTION ( 'NONE',  ( -1.000000000000000000, 3.581364595565000168E-16, -0.000000000000000000 ) ) ;
#3601 = VECTOR ( 'NONE', #6887, 1000.000000000000000 ) ;
#3602 = ADVANCED_FACE ( 'NONE', ( #424 ), #7790, .T. ) ;
#3603 = ORIENTED_EDGE ( 'NONE', *, *, #9499, .T. ) ;
#3604 = CARTESIAN_POINT ( 'NONE',  ( 2.250000000000000444, 11.09999999999999964, 9.400000000000000355 ) ) ;
#3605 = CARTESIAN_POINT ( 'NONE',  ( -5.599999999999998757, 8.000000000000000000, 2.600000000000000533 ) ) ;
#3606 = FILL_AREA_STYLE ('',( #3059 ) ) ;
#3607 = LINE ( 'NONE', #5410, #8253 ) ;
#3608 = DIRECTION ( 'NONE',  ( 1.000000000000000000, 0.000000000000000000, 0.000000000000000000 ) ) ;
#3609 =( REPRESENTATION_RELATIONSHIP ('NONE','NONE', #2998, #6806 ) REPRESENTATION_RELATIONSHIP_WITH_TRANSFORMATION ( #470 )SHAPE_REPRESENTATION_RELATIONSHIP( ) );
#3610 = CARTESIAN_POINT ( 'NONE',  ( -7.500000000000000000, -7.500000000000000000, 2.600000000000000533 ) ) ;
#3611 = SURFACE_STYLE_FILL_AREA ( #8222 ) ;
#3612 =( LENGTH_UNIT ( ) NAMED_UNIT ( * ) SI_UNIT ( .MILLI., .METRE. ) );
#3613 = ORIENTED_EDGE ( 'NONE', *, *, #2464, .F. ) ;
#3614 = ORIENTED_EDGE ( 'NONE', *, *, #11500, .T. ) ;
#3615 = CIRCLE ( 'NONE', #2812, 2.500000000000000000 ) ;
#3616 = ORIENTED_EDGE ( 'NONE', *, *, #7123, .T. ) ;
#3617 = MECHANICAL_DESIGN_GEOMETRIC_PRESENTATION_REPRESENTATION (  '', ( #10790 ), #1311 ) ;
#3618 = COLOUR_RGB ( '',0.4980392156862745168, 0.2784313725490196179, 0.08235294117647058709 ) ;
#3619 = CARTESIAN_POINT ( 'NONE',  ( 11.09999999999999964, 2.250000000000000444, 11.40000000000000036 ) ) ;
#3620 = CARTESIAN_POINT ( 'NONE',  ( -6.799999999999998934, -6.799999999999998934, 11.00000000000000000 ) ) ;
#3621 = DIRECTION ( 'NONE',  ( 0.000000000000000000, 0.000000000000000000, -1.000000000000000000 ) ) ;
#3622 = SURFACE_STYLE_USAGE ( .BOTH. , #11936 ) ;
#3623 = LINE ( 'NONE', #9220, #11684 ) ;
#3624 = SURFACE_SIDE_STYLE ('',( #6347 ) ) ;
#3625 = CARTESIAN_POINT ( 'NONE',  ( 2.250000000000000444, 11.09999999999999964, 9.400000000000000355 ) ) ;
#3626 = PRESENTATION_STYLE_ASSIGNMENT (( #8238 ) ) ;
#3627 = COLOUR_RGB ( '',0.8196078431372548767, 0.8000000000000000444, 0.7529411764705882248 ) ;
#3628 = ORIENTED_EDGE ( 'NONE', *, *, #4796, .F. ) ;
#3629 = PRESENTATION_LAYER_ASSIGNMENT (  '', '', ( #8874 ) ) ;
#3630 = DIRECTION ( 'NONE',  ( 1.000000000000000000, -0.000000000000000000, -0.000000000000000000 ) ) ;
#3631 = ADVANCED_FACE ( 'NONE', ( #6131 ), #5398, .T. ) ;
#3632 = CIRCLE ( 'NONE', #7517, 1.249999999999999778 ) ;
#3633 = PRESENTATION_STYLE_ASSIGNMENT (( #11946 ) ) ;
#3634 = CARTESIAN_POINT ( 'NONE',  ( -1.750000000000000000, -10.94999999999999929, 4.200000000000000178 ) ) ;
#3635 = VECTOR ( 'NONE', #9155, 1000.000000000000000 ) ;
#3636 = FILL_AREA_STYLE_COLOUR ( '', #736 ) ;
#3637 = CARTESIAN_POINT ( 'NONE',  ( -2.250000000000000444, 8.000000000000000000, 11.90000000000000036 ) ) ;
#3638 = PRESENTATION_STYLE_ASSIGNMENT (( #10905 ) ) ;
#3639 = CARTESIAN_POINT ( 'NONE',  ( 11.09999999999999964, 0.7500000000070002892, 0.8000000000000000444 ) ) ;
#3640 = CARTESIAN_POINT ( 'NONE',  ( 2.000000000000000000, -12.94999999999999929, 4.200000000000000178 ) ) ;
#3641 = FACE_OUTER_BOUND ( 'NONE', #3131, .T. ) ;
#3642 = FILL_AREA_STYLE ('',( #8254 ) ) ;
#3643 = VERTEX_POINT ( 'NONE', #8022 ) ;
#3644 = ADVANCED_FACE ( 'NONE', ( #819 ), #3460, .T. ) ;
#3645 = EDGE_CURVE ( 'NONE', #5767, #9721, #7965, .T. ) ;
#3646 = ORIENTED_EDGE ( 'NONE', *, *, #2878, .T. ) ;
#3647 = EDGE_LOOP ( 'NONE', ( #11592, #6152, #5, #3873, #10283 ) ) ;
#3648 = VERTEX_POINT ( 'NONE', #6256 ) ;
#3649 =( NAMED_UNIT ( * ) SI_UNIT ( $, .STERADIAN. ) SOLID_ANGLE_UNIT ( ) );
#3650 = CARTESIAN_POINT ( 'NONE',  ( -7.492820323027548746, 7.492820323027548746, 11.69282032302755070 ) ) ;
#3651 =( NAMED_UNIT ( * ) PLANE_ANGLE_UNIT ( ) SI_UNIT ( $, .RADIAN. ) );
#3652 = CARTESIAN_POINT ( 'NONE',  ( 3.000000000000000000, -8.500000000000000000, 0.7500000000000000000 ) ) ;
#3653 = PRESENTATION_STYLE_ASSIGNMENT (( #7419 ) ) ;
#3654 = CARTESIAN_POINT ( 'NONE',  ( 10.25000000000000000, -2.500000000000000000, -3.700000000000000178 ) ) ;
#3655 =( GEOMETRIC_REPRESENTATION_CONTEXT ( 3 ) GLOBAL_UNCERTAINTY_ASSIGNED_CONTEXT ( ( #2231 ) ) GLOBAL_UNIT_ASSIGNED_CONTEXT ( ( #395, #8737, #6852 ) ) REPRESENTATION_CONTEXT ( 'NONE', 'WORKASPACE' ) );
#3656 =( NAMED_UNIT ( * ) PLANE_ANGLE_UNIT ( ) SI_UNIT ( $, .RADIAN. ) );
#3657 = APPLICATION_PROTOCOL_DEFINITION ( 'draft international standard', 'automotive_design', 1998, #746 ) ;
#3658 = ORIENTED_EDGE ( 'NONE', *, *, #7453, .F. ) ;
#3659 = EDGE_LOOP ( 'NONE', ( #2967, #2547, #2145, #6771 ) ) ;
#3660 = VERTEX_POINT ( 'NONE', #4434 ) ;
#3661 = FACE_OUTER_BOUND ( 'NONE', #7090, .T. ) ;
#3662 =( NAMED_UNIT ( * ) SI_UNIT ( $, .STERADIAN. ) SOLID_ANGLE_UNIT ( ) );
#3663 =( NAMED_UNIT ( * ) SI_UNIT ( $, .STERADIAN. ) SOLID_ANGLE_UNIT ( ) );
#3664 = FILL_AREA_STYLE ('',( #1679 ) ) ;
#3665 = FILL_AREA_STYLE_COLOUR ( '', #622 ) ;
#3666 = CARTESIAN_POINT ( 'NONE',  ( -8.000000000000000000, 0.000000000000000000, 2.600000000000000533 ) ) ;
#3667 = UNCERTAINTY_MEASURE_WITH_UNIT (LENGTH_MEASURE( 1.000000000000000082E-05 ), #2582, 'distance_accuracy_value', 'NONE');
#3668 =( GEOMETRIC_REPRESENTATION_CONTEXT ( 3 ) GLOBAL_UNCERTAINTY_ASSIGNED_CONTEXT ( ( #1253 ) ) GLOBAL_UNIT_ASSIGNED_CONTEXT ( ( #8727, #8045, #1455 ) ) REPRESENTATION_CONTEXT ( 'NONE', 'WORKASPACE' ) );
#3669 = COLOUR_RGB ( '',0.7019607843137254388, 0.7019607843137254388, 0.7019607843137254388 ) ;
#3670 = APPLICATION_CONTEXT ( 'automotive_design' ) ;
#3671 = ORIENTED_EDGE ( 'NONE', *, *, #7078, .F. ) ;
#3672 = ORIENTED_EDGE ( 'NONE', *, *, #5130, .T. ) ;
#3673 = EDGE_LOOP ( 'NONE', ( #2669, #2739, #8100, #6201 ) ) ;
#3674 = DIRECTION ( 'NONE',  ( 0.000000000000000000, 0.000000000000000000, -1.000000000000000000 ) ) ;
#3675 = LINE ( 'NONE', #2802, #7408 ) ;
#3676 = AXIS2_PLACEMENT_3D ( 'NONE', #6573, #10279, #3040 ) ;
#3677 =( NAMED_UNIT ( * ) SI_UNIT ( $, .STERADIAN. ) SOLID_ANGLE_UNIT ( ) );
#3678 = COLOUR_RGB ( '',0.8196078431372548767, 0.8000000000000000444, 0.7529411764705882248 ) ;
#3679 = DIRECTION ( 'NONE',  ( 0.000000000000000000, -0.000000000000000000, 1.000000000000000000 ) ) ;
#3680 = DIRECTION ( 'NONE',  ( 0.000000000000000000, 0.000000000000000000, -1.000000000000000000 ) ) ;
#3681 = CARTESIAN_POINT ( 'NONE',  ( -2.000000000000000000, -8.949999999999999289, 4.200000000000000178 ) ) ;
#3682 =( NAMED_UNIT ( * ) SI_UNIT ( $, .STERADIAN. ) SOLID_ANGLE_UNIT ( ) );
#3683 =( NAMED_UNIT ( * ) PLANE_ANGLE_UNIT ( ) SI_UNIT ( $, .RADIAN. ) );
#3684 = EDGE_CURVE ( 'NONE', #4490, #9808, #4866, .T. ) ;
#3685 = UNCERTAINTY_MEASURE_WITH_UNIT (LENGTH_MEASURE( 1.000000000000000082E-05 ), #11460, 'distance_accuracy_value', 'NONE');
#3686 =( GEOMETRIC_REPRESENTATION_CONTEXT ( 3 ) GLOBAL_UNCERTAINTY_ASSIGNED_CONTEXT ( ( #6969 ) ) GLOBAL_UNIT_ASSIGNED_CONTEXT ( ( #7054, #704, #874 ) ) REPRESENTATION_CONTEXT ( 'NONE', 'WORKASPACE' ) );
#3687 = DIRECTION ( 'NONE',  ( 0.000000000000000000, 0.000000000000000000, -1.000000000000000000 ) ) ;
#3688 = EDGE_LOOP ( 'NONE', ( #3206, #10354, #11682, #8003 ) ) ;
#3689 = DIRECTION ( 'NONE',  ( 1.000000000000000000, 0.000000000000000000, 5.348620343038999729E-16 ) ) ;
#3690 = ADVANCED_FACE ( 'NONE', ( #6446 ), #10977, .T. ) ;
#3691 = DIRECTION ( 'NONE',  ( -8.673617379883999727E-17, -1.000000000000000000, -0.000000000000000000 ) ) ;
#3692 = STYLED_ITEM ( 'NONE', ( #5859 ), #6925 ) ;
#3693 = PRODUCT ( 'COMPOUND011', 'COMPOUND011', '', ( #9900 ) ) ;
#3694 = CYLINDRICAL_SURFACE ( 'NONE', #6232, 3.100000000000000533 ) ;
#3695 = DIRECTION ( 'NONE',  ( 1.306144734853000006E-15, 1.000000000000000000, 0.000000000000000000 ) ) ;
#3696 = FILL_AREA_STYLE_COLOUR ( '', #7005 ) ;
#3697 = DIRECTION ( 'NONE',  ( -0.000000000000000000, -0.000000000000000000, -1.000000000000000000 ) ) ;
#3698 = SURFACE_STYLE_FILL_AREA ( #27 ) ;
#3699 = PRODUCT_RELATED_PRODUCT_CATEGORY ( 'part', '', ( #9028 ) ) ;
#3700 = AXIS2_PLACEMENT_3D ( 'NONE', #6529, #11810, #5550 ) ;
#3701 = PRESENTATION_LAYER_ASSIGNMENT (  '', '', ( #8546 ) ) ;
#3702 = AXIS2_PLACEMENT_3D ( 'NONE', #9819, #3199, #8758 ) ;
#3703 = AXIS2_PLACEMENT_3D ( 'NONE', #10716, #7992, #7136 ) ;
#3704 = MECHANICAL_DESIGN_GEOMETRIC_PRESENTATION_REPRESENTATION (  '', ( #7769 ), #2347 ) ;
#3705 = ORIENTED_EDGE ( 'NONE', *, *, #8310, .T. ) ;
#3706 = ORIENTED_EDGE ( 'NONE', *, *, #10206, .F. ) ;
#3707 = ORIENTED_EDGE ( 'NONE', *, *, #8095, .T. ) ;
#3708 = AXIS2_PLACEMENT_3D ( 'NONE', #6050, #5803, #2185 ) ;
#3709 = VERTEX_POINT ( 'NONE', #6550 ) ;
#3710 = FACE_OUTER_BOUND ( 'NONE', #8621, .T. ) ;
#3711 = CIRCLE ( 'NONE', #1566, 0.5000000000000004441 ) ;
#3712 = CARTESIAN_POINT ( 'NONE',  ( 2.500000000000000000, 10.59999999999999964, 4.649999999997000089 ) ) ;
#3713 = FILL_AREA_STYLE ('',( #2060 ) ) ;
#3714 = COLOUR_RGB ( '',0.9137254901960784048, 0.5137254901960783826, 0.1372549019607843257 ) ;
#3715 = COLOUR_RGB ( '',0.6274509803921568540, 0.6274509803921568540, 0.6274509803921568540 ) ;
#3716 = EDGE_CURVE ( 'NONE', #1644, #8140, #4799, .T. ) ;
#3717 = CARTESIAN_POINT ( 'NONE',  ( 8.000000000000000000, 5.600000000000000533, 1.000000000000000000 ) ) ;
#3718 = LINE ( 'NONE', #10379, #4050 ) ;
#3719 = AXIS2_PLACEMENT_3D ( 'NONE', #9346, #1042, #151 ) ;
#3720 = DIRECTION ( 'NONE',  ( 1.000000000000000000, 0.000000000000000000, 0.000000000000000000 ) ) ;
#3721 = APPLICATION_PROTOCOL_DEFINITION ( 'draft international standard', 'automotive_design', 1998, #7154 ) ;
#3722 =( GEOMETRIC_REPRESENTATION_CONTEXT ( 3 ) GLOBAL_UNCERTAINTY_ASSIGNED_CONTEXT ( ( #4409 ) ) GLOBAL_UNIT_ASSIGNED_CONTEXT ( ( #3379, #6976, #8004 ) ) REPRESENTATION_CONTEXT ( 'NONE', 'WORKASPACE' ) );
#3723 = ORIENTED_EDGE ( 'NONE', *, *, #10741, .T. ) ;
#3724 = MECHANICAL_DESIGN_GEOMETRIC_PRESENTATION_REPRESENTATION (  '', ( #4102 ), #4481 ) ;
#3725 = STYLED_ITEM ( 'NONE', ( #2745 ), #10358 ) ;
#3726 = EDGE_LOOP ( 'NONE', ( #11287, #3977, #1551, #10806 ) ) ;
#3727 = FILL_AREA_STYLE_COLOUR ( '', #8569 ) ;
#3728 = VERTEX_POINT ( 'NONE', #9305 ) ;
#3729 = CIRCLE ( 'NONE', #6432, 1.199999999999999734 ) ;
#3730 = FACE_OUTER_BOUND ( 'NONE', #3189, .T. ) ;
#3731 =( NAMED_UNIT ( * ) SI_UNIT ( $, .STERADIAN. ) SOLID_ANGLE_UNIT ( ) );
#3732 = STYLED_ITEM ( 'NONE', ( #1203 ), #7650 ) ;
#3733 = PRESENTATION_STYLE_ASSIGNMENT (( #8334 ) ) ;
#3734 = SURFACE_STYLE_FILL_AREA ( #245 ) ;
#3735 = CARTESIAN_POINT ( 'NONE',  ( -5.551115123125999639E-16, 11.09999999999999964, 4.850000000000000533 ) ) ;
#3736 =( GEOMETRIC_REPRESENTATION_CONTEXT ( 3 ) GLOBAL_UNCERTAINTY_ASSIGNED_CONTEXT ( ( #9511 ) ) GLOBAL_UNIT_ASSIGNED_CONTEXT ( ( #2901, #10028, #5412 ) ) REPRESENTATION_CONTEXT ( 'NONE', 'WORKASPACE' ) );
#3737 =( GEOMETRIC_REPRESENTATION_CONTEXT ( 3 ) GLOBAL_UNCERTAINTY_ASSIGNED_CONTEXT ( ( #9855 ) ) GLOBAL_UNIT_ASSIGNED_CONTEXT ( ( #4880, #9631, #1378 ) ) REPRESENTATION_CONTEXT ( 'NONE', 'WORKASPACE' ) );
#3738 = ADVANCED_FACE ( 'NONE', ( #10140 ), #4677, .T. ) ;
#3739 = CARTESIAN_POINT ( 'NONE',  ( 0.000000000000000000, 0.000000000000000000, 0.000000000000000000 ) ) ;
#3740 = ORIENTED_EDGE ( 'NONE', *, *, #277, .T. ) ;
#3741 = CARTESIAN_POINT ( 'NONE',  ( 2.600000000000000089, -12.94999999999999929, 4.200000000000000178 ) ) ;
#3742 = EDGE_LOOP ( 'NONE', ( #5095, #2086, #5625, #6165 ) ) ;
#3743 =( GEOMETRIC_REPRESENTATION_CONTEXT ( 3 ) GLOBAL_UNCERTAINTY_ASSIGNED_CONTEXT ( ( #3667 ) ) GLOBAL_UNIT_ASSIGNED_CONTEXT ( ( #2582, #9981, #785 ) ) REPRESENTATION_CONTEXT ( 'NONE', 'WORKASPACE' ) );
#3744 =( LENGTH_UNIT ( ) NAMED_UNIT ( * ) SI_UNIT ( .MILLI., .METRE. ) );
#3745 = CARTESIAN_POINT ( 'NONE',  ( 9.250000000000000000, 2.500000000000000000, 0.000000000000000000 ) ) ;
#3746 = CARTESIAN_POINT ( 'NONE',  ( -4.250000000000000000, 11.09999999999999964, 6.399999999998000177 ) ) ;
#3747 = LINE ( 'NONE', #202, #3102 ) ;
#3748 = PLANE ( 'NONE',  #6783 ) ;
#3749 = MECHANICAL_DESIGN_GEOMETRIC_PRESENTATION_REPRESENTATION (  '', ( #3134 ), #8983 ) ;
#3750 = ORIENTED_EDGE ( 'NONE', *, *, #8972, .T. ) ;
#3751 = COLOUR_RGB ( '',0.8196078431372548767, 0.8000000000000000444, 0.7529411764705882248 ) ;
#3752 = LINE ( 'NONE', #7454, #5453 ) ;
#3753 = ADVANCED_FACE ( 'NONE', ( #8321 ), #7484, .F. ) ;
#3754 = CARTESIAN_POINT ( 'NONE',  ( -2.600000000000000089, -8.949999999999999289, 4.200000000000000178 ) ) ;
#3755 = SURFACE_STYLE_FILL_AREA ( #6357 ) ;
#3756 =( LENGTH_UNIT ( ) NAMED_UNIT ( * ) SI_UNIT ( .MILLI., .METRE. ) );
#3757 = PLANE ( 'NONE',  #5507 ) ;
#3758 = SURFACE_SIDE_STYLE ('',( #9412 ) ) ;
#3759 = CARTESIAN_POINT ( 'NONE',  ( 7.750000000000000000, 6.650000000000000355, -3.700000000000000178 ) ) ;
#3760 = DIRECTION ( 'NONE',  ( -1.000000000000000000, 0.000000000000000000, 0.000000000000000000 ) ) ;
#3761 = STYLED_ITEM ( 'NONE', ( #5915 ), #3037 ) ;
#3762 = ORIENTED_EDGE ( 'NONE', *, *, #7059, .T. ) ;
#3763 = VERTEX_POINT ( 'NONE', #6868 ) ;
#3764 = EDGE_LOOP ( 'NONE', ( #9094, #4250 ) ) ;
#3765 = LINE ( 'NONE', #6546, #9593 ) ;
#3766 = CIRCLE ( 'NONE', #4736, 2.000000000000000000 ) ;
#3767 = SURFACE_STYLE_FILL_AREA ( #4560 ) ;
#3768 = CARTESIAN_POINT ( 'NONE',  ( 10.59999999999999964, 0.7500000000069998451, 2.899999999999999911 ) ) ;
#3769 = CARTESIAN_POINT ( 'NONE',  ( 0.000000000000000000, 9.750000000000000000, 0.8000000000000000444 ) ) ;
#3770 = EDGE_CURVE ( 'NONE', #3264, #3962, #10376, .T. ) ;
#3771 = SURFACE_STYLE_USAGE ( .BOTH. , #6499 ) ;
#3772 = CARTESIAN_POINT ( 'NONE',  ( -0.5749999999999992895, -0.7750000000000021316, 12.13765756135626361 ) ) ;
#3773 =( LENGTH_UNIT ( ) NAMED_UNIT ( * ) SI_UNIT ( .MILLI., .METRE. ) );
#3774 = FILL_AREA_STYLE_COLOUR ( '', #5349 ) ;
#3775 = DIRECTION ( 'NONE',  ( -1.000000000000000000, -2.973811673103000536E-16, 0.000000000000000000 ) ) ;
#3776 = APPLICATION_PROTOCOL_DEFINITION ( 'draft international standard', 'automotive_design', 1998, #1821 ) ;
#3777 = MECHANICAL_DESIGN_GEOMETRIC_PRESENTATION_REPRESENTATION (  '', ( #11918 ), #9226 ) ;
#3778 = VERTEX_POINT ( 'NONE', #7659 ) ;
#3779 = ORIENTED_EDGE ( 'NONE', *, *, #8972, .F. ) ;
#3780 = FACE_OUTER_BOUND ( 'NONE', #10701, .T. ) ;
#3781 = ADVANCED_FACE ( 'NONE', ( #10500 ), #5086, .F. ) ;
#3782 = ORIENTED_EDGE ( 'NONE', *, *, #8083, .F. ) ;
#3783 = PRESENTATION_STYLE_ASSIGNMENT (( #3027 ) ) ;
#3784 = SURFACE_SIDE_STYLE ('',( #8102 ) ) ;
#3785 = DIRECTION ( 'NONE',  ( 0.000000000000000000, 1.000000000000000000, 0.000000000000000000 ) ) ;
#3786 = CARTESIAN_POINT ( 'NONE',  ( 8.000000000000000000, -4.750000000000000000, 0.8000000000000000444 ) ) ;
#3787 = UNCERTAINTY_MEASURE_WITH_UNIT (LENGTH_MEASURE( 1.000000000000000082E-05 ), #5943, 'distance_accuracy_value', 'NONE');
#3788 = LINE ( 'NONE', #10278, #2325 ) ;
#3789 = ORIENTED_EDGE ( 'NONE', *, *, #1547, .F. ) ;
#3790 = EDGE_CURVE ( 'NONE', #1078, #9536, #4909, .T. ) ;
#3791 = EDGE_CURVE ( 'NONE', #2068, #10062, #8756, .T. ) ;
#3792 = ORIENTED_EDGE ( 'NONE', *, *, #2841, .F. ) ;
#3793 = EDGE_CURVE ( 'NONE', #3870, #6261, #1461, .T. ) ;
#3794 = SURFACE_STYLE_FILL_AREA ( #10344 ) ;
#3795 = AXIS2_PLACEMENT_3D ( 'NONE', #10154, #63, #9445 ) ;
#3796 = LINE ( 'NONE', #3619, #11259 ) ;
#3797 = COLOUR_RGB ( '',0.9137254901960784048, 0.5137254901960783826, 0.1372549019607843257 ) ;
#3798 = PRESENTATION_STYLE_ASSIGNMENT (( #9394 ) ) ;
#3799 = PLANE ( 'NONE',  #11549 ) ;
#3800 = PLANE ( 'NONE',  #297 ) ;
#3801 = PRODUCT_DEFINITION_SHAPE ( 'NONE', 'NONE',  #11394 ) ;
#3802 = DIRECTION ( 'NONE',  ( -0.000000000000000000, -0.000000000000000000, -1.000000000000000000 ) ) ;
#3803 = UNCERTAINTY_MEASURE_WITH_UNIT (LENGTH_MEASURE( 1.000000000000000082E-05 ), #2212, 'distance_accuracy_value', 'NONE');
#3804 = ORIENTED_EDGE ( 'NONE', *, *, #8224, .T. ) ;
#3805 = DIRECTION ( 'NONE',  ( -1.000000000000000000, -0.000000000000000000, -0.000000000000000000 ) ) ;
#3806 = VECTOR ( 'NONE', #2037, 1000.000000000000000 ) ;
#3807 =( NAMED_UNIT ( * ) SI_UNIT ( $, .STERADIAN. ) SOLID_ANGLE_UNIT ( ) );
#3808 = UNCERTAINTY_MEASURE_WITH_UNIT (LENGTH_MEASURE( 1.000000000000000082E-05 ), #1912, 'distance_accuracy_value', 'NONE');
#3809 = CARTESIAN_POINT ( 'NONE',  ( -5.551115123125999639E-16, 11.09999999999999964, 7.150000000000000355 ) ) ;
#3810 = CARTESIAN_POINT ( 'NONE',  ( 3.750000000000000444, -12.75000000000000178, 0.000000000000000000 ) ) ;
#3811 = DIRECTION ( 'NONE',  ( -0.000000000000000000, -0.000000000000000000, -1.000000000000000000 ) ) ;
#3812 =( NAMED_UNIT ( * ) SI_UNIT ( $, .STERADIAN. ) SOLID_ANGLE_UNIT ( ) );
#3813 = PRESENTATION_STYLE_ASSIGNMENT (( #24 ) ) ;
#3814 =( NAMED_UNIT ( * ) PLANE_ANGLE_UNIT ( ) SI_UNIT ( $, .RADIAN. ) );
#3815 = PRESENTATION_LAYER_ASSIGNMENT (  '', '', ( #2271 ) ) ;
#3816 = COLOUR_RGB ( '',0.6274509803921568540, 0.6274509803921568540, 0.6274509803921568540 ) ;
#3817 = MECHANICAL_DESIGN_GEOMETRIC_PRESENTATION_REPRESENTATION (  '', ( #6124 ), #1879 ) ;
#3818 =( NAMED_UNIT ( * ) PLANE_ANGLE_UNIT ( ) SI_UNIT ( $, .RADIAN. ) );
#3819 =( NAMED_UNIT ( * ) SI_UNIT ( $, .STERADIAN. ) SOLID_ANGLE_UNIT ( ) );
#3820 = STYLED_ITEM ( 'NONE', ( #11462 ), #9371 ) ;
#3821 = ORIENTED_EDGE ( 'NONE', *, *, #6870, .F. ) ;
#3822 = EDGE_LOOP ( 'NONE', ( #4803, #8143, #3392, #6557 ) ) ;
#3823 = FACE_OUTER_BOUND ( 'NONE', #4372, .T. ) ;
#3824 = SURFACE_STYLE_FILL_AREA ( #8442 ) ;
#3825 = PRESENTATION_STYLE_ASSIGNMENT (( #7418 ) ) ;
#3826 = FILL_AREA_STYLE ('',( #8447 ) ) ;
#3827 = FILL_AREA_STYLE ('',( #173 ) ) ;
#3828 = APPLICATION_CONTEXT ( 'automotive_design' ) ;
#3829 =( GEOMETRIC_REPRESENTATION_CONTEXT ( 3 ) GLOBAL_UNCERTAINTY_ASSIGNED_CONTEXT ( ( #1277 ) ) GLOBAL_UNIT_ASSIGNED_CONTEXT ( ( #1092, #6597, #8367 ) ) REPRESENTATION_CONTEXT ( 'NONE', 'WORKASPACE' ) );
#3830 =( NAMED_UNIT ( * ) SI_UNIT ( $, .STERADIAN. ) SOLID_ANGLE_UNIT ( ) );
#3831 = CARTESIAN_POINT ( 'NONE',  ( 8.000000000000000000, -5.600000000000000533, 1.000000000000000000 ) ) ;
#3832 = CONTEXT_DEPENDENT_SHAPE_REPRESENTATION ( #1753, #5220 ) ;
#3833 = ORIENTED_EDGE ( 'NONE', *, *, #5307, .F. ) ;
#3834 = ORIENTED_EDGE ( 'NONE', *, *, #9372, .T. ) ;
#3835 = DIRECTION ( 'NONE',  ( 0.000000000000000000, 0.000000000000000000, 1.000000000000000000 ) ) ;
#3836 = VERTEX_POINT ( 'NONE', #9546 ) ;
#3837 =( LENGTH_UNIT ( ) NAMED_UNIT ( * ) SI_UNIT ( .MILLI., .METRE. ) );
#3838 = CYLINDRICAL_SURFACE ( 'NONE', #1381, 0.5000000000000000000 ) ;
#3839 = CARTESIAN_POINT ( 'NONE',  ( 8.000000000000000000, -2.725000000000000089, 2.600000000000000533 ) ) ;
#3840 = DIRECTION ( 'NONE',  ( 0.000000000000000000, 1.000000000000000000, -0.000000000000000000 ) ) ;
#3841 = SURFACE_SIDE_STYLE ('',( #4753 ) ) ;
#3842 = PRODUCT_RELATED_PRODUCT_CATEGORY ( 'part', '', ( #4262 ) ) ;
#3843 =( GEOMETRIC_REPRESENTATION_CONTEXT ( 3 ) GLOBAL_UNCERTAINTY_ASSIGNED_CONTEXT ( ( #8676 ) ) GLOBAL_UNIT_ASSIGNED_CONTEXT ( ( #8712, #8653, #11484 ) ) REPRESENTATION_CONTEXT ( 'NONE', 'WORKASPACE' ) );
#3844 = VERTEX_POINT ( 'NONE', #1223 ) ;
#3845 = CARTESIAN_POINT ( 'NONE',  ( -3.318429717787614308, 6.737354533359507514, 4.999999999999998224 ) ) ;
#3846 = COLOUR_RGB ( '',0.9137254901960784048, 0.5137254901960783826, 0.1372549019607843257 ) ;
#3847 = VERTEX_POINT ( 'NONE', #5930 ) ;
#3848 = CARTESIAN_POINT ( 'NONE',  ( -2.500000000000000000, -13.44999999999999929, 0.7500000000000000000 ) ) ;
#3849 = CARTESIAN_POINT ( 'NONE',  ( 8.000000000000000000, 4.750000000000000000, 0.8000000000000000444 ) ) ;
#3850 =( NAMED_UNIT ( * ) PLANE_ANGLE_UNIT ( ) SI_UNIT ( $, .RADIAN. ) );
#3851 = DIRECTION ( 'NONE',  ( 0.000000000000000000, 0.000000000000000000, 1.000000000000000000 ) ) ;
#3852 = CARTESIAN_POINT ( 'NONE',  ( 8.000000000000000000, 7.500000000000000000, 2.600000000000000533 ) ) ;
#3853 = DIRECTION ( 'NONE',  ( -1.000000000000000000, 0.000000000000000000, 0.000000000000000000 ) ) ;
#3854 = LINE ( 'NONE', #5600, #2928 ) ;
#3855 =( NAMED_UNIT ( * ) PLANE_ANGLE_UNIT ( ) SI_UNIT ( $, .RADIAN. ) );
#3856 = STYLED_ITEM ( 'NONE', ( #5668 ), #11435 ) ;
#3857 = EDGE_CURVE ( 'NONE', #7610, #6468, #8698, .T. ) ;
#3858 = ORIENTED_EDGE ( 'NONE', *, *, #9499, .F. ) ;
#3859 =( GEOMETRIC_REPRESENTATION_CONTEXT ( 3 ) GLOBAL_UNCERTAINTY_ASSIGNED_CONTEXT ( ( #6224 ) ) GLOBAL_UNIT_ASSIGNED_CONTEXT ( ( #5061, #10711, #8793 ) ) REPRESENTATION_CONTEXT ( 'NONE', 'WORKASPACE' ) );
#3860 = SURFACE_STYLE_FILL_AREA ( #4719 ) ;
#3861 = FILL_AREA_STYLE ('',( #2816 ) ) ;
#3862 =( GEOMETRIC_REPRESENTATION_CONTEXT ( 3 ) GLOBAL_UNCERTAINTY_ASSIGNED_CONTEXT ( ( #10726 ) ) GLOBAL_UNIT_ASSIGNED_CONTEXT ( ( #11340, #11208, #2116 ) ) REPRESENTATION_CONTEXT ( 'NONE', 'WORKASPACE' ) );
#3863 = CYLINDRICAL_SURFACE ( 'NONE', #943, 1.249999999999999778 ) ;
#3864 = LINE ( 'NONE', #9349, #11391 ) ;
#3865 = SURFACE_SIDE_STYLE ('',( #157 ) ) ;
#3866 = SURFACE_STYLE_USAGE ( .BOTH. , #6666 ) ;
#3867 = SURFACE_STYLE_FILL_AREA ( #2105 ) ;
#3868 = DIRECTION ( 'NONE',  ( -1.000000000000000000, 0.000000000000000000, 0.000000000000000000 ) ) ;
#3869 = ADVANCED_FACE ( 'NONE', ( #8634 ), #1416, .F. ) ;
#3870 = VERTEX_POINT ( 'NONE', #10671 ) ;
#3871 = STYLED_ITEM ( 'NONE', ( #1080 ), #11030 ) ;
#3872 = ORIENTED_EDGE ( 'NONE', *, *, #8590, .F. ) ;
#3873 = ORIENTED_EDGE ( 'NONE', *, *, #6908, .F. ) ;
#3874 = DIRECTION ( 'NONE',  ( 1.000000000000000000, -0.000000000000000000, -0.000000000000000000 ) ) ;
#3875 = FILL_AREA_STYLE_COLOUR ( '', #4466 ) ;
#3876 = DIRECTION ( 'NONE',  ( 0.000000000000000000, -1.000000000000000000, 0.000000000000000000 ) ) ;
#3877 = DIRECTION ( 'NONE',  ( 0.000000000000000000, 0.000000000000000000, 1.000000000000000000 ) ) ;
#3878 = CARTESIAN_POINT ( 'NONE',  ( 5.174999999999999822, 8.474999999999999645, 3.200000000000000178 ) ) ;
#3879 = PRESENTATION_STYLE_ASSIGNMENT (( #4008 ) ) ;
#3880 = PRODUCT_DEFINITION_SHAPE ( 'NONE', 'NONE',  #11981 ) ;
#3881 = MECHANICAL_DESIGN_GEOMETRIC_PRESENTATION_REPRESENTATION (  '', ( #2133 ), #45 ) ;
#3882 = ADVANCED_FACE ( 'NONE', ( #1642 ), #10171, .F. ) ;
#3883 = CARTESIAN_POINT ( 'NONE',  ( -6.799999999999999822, 6.799999999999999822, 11.00000000000000000 ) ) ;
#3884 = APPLICATION_PROTOCOL_DEFINITION ( 'draft international standard', 'automotive_design', 1998, #11091 ) ;
#3885 = ADVANCED_FACE ( 'NONE', ( #6349 ), #9927, .T. ) ;
#3886 = ORIENTED_EDGE ( 'NONE', *, *, #1904, .T. ) ;
#3887 = ORIENTED_EDGE ( 'NONE', *, *, #5545, .F. ) ;
#3888 = MECHANICAL_DESIGN_GEOMETRIC_PRESENTATION_REPRESENTATION (  '', ( #1187 ), #4854 ) ;
#3889 = AXIS2_PLACEMENT_3D ( 'NONE', #8341, #7437, #1739 ) ;
#3890 = ORIENTED_EDGE ( 'NONE', *, *, #6824, .F. ) ;
#3891 = EDGE_CURVE ( 'NONE', #10732, #7220, #8293, .T. ) ;
#3892 =( NAMED_UNIT ( * ) SI_UNIT ( $, .STERADIAN. ) SOLID_ANGLE_UNIT ( ) );
#3893 = DIRECTION ( 'NONE',  ( -1.000000000000000000, -1.586032892321999976E-15, 0.000000000000000000 ) ) ;
#3894 =( NAMED_UNIT ( * ) SI_UNIT ( $, .STERADIAN. ) SOLID_ANGLE_UNIT ( ) );
#3895 = CARTESIAN_POINT ( 'NONE',  ( 0.000000000000000000, 0.000000000000000000, 5.000000000000000000 ) ) ;
#3896 = ADVANCED_FACE ( 'NONE', ( #2935 ), #964, .T. ) ;
#3897 = CARTESIAN_POINT ( 'NONE',  ( -0.4250000000000000444, -0.9250000000000000444, 5.000000000000000000 ) ) ;
#3898 = DIRECTION ( 'NONE',  ( 1.000000000000000000, 0.000000000000000000, 0.000000000000000000 ) ) ;
#3899 = CARTESIAN_POINT ( 'NONE',  ( -2.000000000000000000, -8.949999999999999289, 4.200000000000000178 ) ) ;
#3900 = UNCERTAINTY_MEASURE_WITH_UNIT (LENGTH_MEASURE( 1.000000000000000082E-05 ), #7577, 'distance_accuracy_value', 'NONE');
#3901 =( GEOMETRIC_REPRESENTATION_CONTEXT ( 3 ) GLOBAL_UNCERTAINTY_ASSIGNED_CONTEXT ( ( #3440 ) ) GLOBAL_UNIT_ASSIGNED_CONTEXT ( ( #1583, #7943, #3136 ) ) REPRESENTATION_CONTEXT ( 'NONE', 'WORKASPACE' ) );
#3902 =( NAMED_UNIT ( * ) SI_UNIT ( $, .STERADIAN. ) SOLID_ANGLE_UNIT ( ) );
#3903 = COLOUR_RGB ( '',0.9137254901960784048, 0.5137254901960783826, 0.1372549019607843257 ) ;
#3904 = EDGE_CURVE ( 'NONE', #2781, #5208, #3747, .T. ) ;
#3905 = PRESENTATION_LAYER_ASSIGNMENT (  '', '', ( #7017 ) ) ;
#3906 = AXIS2_PLACEMENT_3D ( 'NONE', #4724, #9351, #8554 ) ;
#3907 = EDGE_LOOP ( 'NONE', ( #7488, #7375, #10607, #4713 ) ) ;
#3908 = FILL_AREA_STYLE ('',( #5721 ) ) ;
#3909 = MECHANICAL_DESIGN_GEOMETRIC_PRESENTATION_REPRESENTATION (  '', ( #4114 ), #3321 ) ;
#3910 = ORIENTED_EDGE ( 'NONE', *, *, #9083, .F. ) ;
#3911 = PRESENTATION_LAYER_ASSIGNMENT (  '', '', ( #9163 ) ) ;
#3912 =( NAMED_UNIT ( * ) SI_UNIT ( $, .STERADIAN. ) SOLID_ANGLE_UNIT ( ) );
#3913 = AXIS2_PLACEMENT_3D ( 'NONE', #11229, #9444, #1122 ) ;
#3914 =( GEOMETRIC_REPRESENTATION_CONTEXT ( 3 ) GLOBAL_UNCERTAINTY_ASSIGNED_CONTEXT ( ( #10359 ) ) GLOBAL_UNIT_ASSIGNED_CONTEXT ( ( #7514, #4767, #10295 ) ) REPRESENTATION_CONTEXT ( 'NONE', 'WORKASPACE' ) );
#3915 = PRODUCT_DEFINITION_CONTEXT ( 'detailed design', #1821, 'design' ) ;
#3916 = CARTESIAN_POINT ( 'NONE',  ( 10.59999999999999964, -2.500000000002999823, 9.650000000000000355 ) ) ;
#3917 = PRESENTATION_STYLE_ASSIGNMENT (( #5663 ) ) ;
#3918 = PRESENTATION_STYLE_ASSIGNMENT (( #6836 ) ) ;
#3919 = LINE ( 'NONE', #1030, #3526 ) ;
#3920 = FACE_OUTER_BOUND ( 'NONE', #268, .T. ) ;
#3921 = UNCERTAINTY_MEASURE_WITH_UNIT (LENGTH_MEASURE( 1.000000000000000082E-05 ), #9136, 'distance_accuracy_value', 'NONE');
#3922 = EDGE_CURVE ( 'NONE', #7220, #1456, #11313, .T. ) ;
#3923 = DIRECTION ( 'NONE',  ( -0.000000000000000000, -1.000000000000000000, 0.000000000000000000 ) ) ;
#3924 = VERTEX_POINT ( 'NONE', #2809 ) ;
#3925 =( NAMED_UNIT ( * ) PLANE_ANGLE_UNIT ( ) SI_UNIT ( $, .RADIAN. ) );
#3926 = EDGE_CURVE ( 'NONE', #7317, #11472, #4823, .T. ) ;
#3927 = UNCERTAINTY_MEASURE_WITH_UNIT (LENGTH_MEASURE( 1.000000000000000082E-05 ), #5805, 'distance_accuracy_value', 'NONE');
#3928 =( NAMED_UNIT ( * ) PLANE_ANGLE_UNIT ( ) SI_UNIT ( $, .RADIAN. ) );
#3929 = CYLINDRICAL_SURFACE ( 'NONE', #276, 2.500000000000000000 ) ;
#3930 = CARTESIAN_POINT ( 'NONE',  ( 3.007906248538999794, 11.09999999999999964, 7.900000000000999556 ) ) ;
#3931 = ADVANCED_FACE ( 'NONE', ( #3920 ), #2990, .T. ) ;
#3932 = SURFACE_STYLE_FILL_AREA ( #3004 ) ;
#3933 = CARTESIAN_POINT ( 'NONE',  ( -1.750000000000000000, -7.450000000000000178, 5.658578643762692373 ) ) ;
#3934 = PRESENTATION_LAYER_ASSIGNMENT (  '', '', ( #9178 ) ) ;
#3935 =( NAMED_UNIT ( * ) SI_UNIT ( $, .STERADIAN. ) SOLID_ANGLE_UNIT ( ) );
#3936 = DIRECTION ( 'NONE',  ( -1.000000000000000000, 0.000000000000000000, -1.370645709413999982E-16 ) ) ;
#3937 =( NAMED_UNIT ( * ) PLANE_ANGLE_UNIT ( ) SI_UNIT ( $, .RADIAN. ) );
#3938 = DIRECTION ( 'NONE',  ( 0.000000000000000000, 0.000000000000000000, -1.000000000000000000 ) ) ;
#3939 = SURFACE_STYLE_FILL_AREA ( #7586 ) ;
#3940 = SHAPE_REPRESENTATION ( 'COMPOUND006', ( #3260 ), #10831 ) ;
#3941 = MECHANICAL_DESIGN_GEOMETRIC_PRESENTATION_REPRESENTATION (  '', ( #2392 ), #9979 ) ;
#3942 = VERTEX_POINT ( 'NONE', #10408 ) ;
#3943 = AXIS2_PLACEMENT_3D ( 'NONE', #9132, #3469, #8274 ) ;
#3944 = STYLED_ITEM ( 'NONE', ( #4242 ), #2881 ) ;
#3945 = EDGE_LOOP ( 'NONE', ( #7916, #2303, #3043, #1104 ) ) ;
#3946 = EDGE_CURVE ( 'NONE', #1180, #3660, #8601, .T. ) ;
#3947 = DIRECTION ( 'NONE',  ( 0.000000000000000000, 0.000000000000000000, 1.000000000000000000 ) ) ;
#3948 = ADVANCED_FACE ( 'NONE', ( #7691 ), #8482, .T. ) ;
#3949 = CARTESIAN_POINT ( 'NONE',  ( -6.799999999999999822, -6.799999999999999822, 11.00000000000000000 ) ) ;
#3950 = CARTESIAN_POINT ( 'NONE',  ( 8.000000000000000000, -6.799999999999999822, 2.600000000000000533 ) ) ;
#3951 = DIRECTION ( 'NONE',  ( -0.000000000000000000, 0.000000000000000000, -1.000000000000000000 ) ) ;
#3952 = CARTESIAN_POINT ( 'NONE',  ( -6.839632633251531146, -8.102252734308208915, 11.73657560152290991 ) ) ;
#3953 = CIRCLE ( 'NONE', #10730, 3.100000000000000533 ) ;
#3954 =( GEOMETRIC_REPRESENTATION_CONTEXT ( 3 ) GLOBAL_UNCERTAINTY_ASSIGNED_CONTEXT ( ( #5588 ) ) GLOBAL_UNIT_ASSIGNED_CONTEXT ( ( #11950, #3384, #9816 ) ) REPRESENTATION_CONTEXT ( 'NONE', 'WORKASPACE' ) );
#3955 = CARTESIAN_POINT ( 'NONE',  ( 2.000000000000000000, -8.949999999999999289, 4.200000000000000178 ) ) ;
#3956 = DIRECTION ( 'NONE',  ( -1.000000000000000000, -1.074409378669999991E-15, -0.000000000000000000 ) ) ;
#3957 = CONTEXT_DEPENDENT_SHAPE_REPRESENTATION ( #7563, #1564 ) ;
#3958 = ORIENTED_EDGE ( 'NONE', *, *, #4345, .T. ) ;
#3959 = VERTEX_POINT ( 'NONE', #5121 ) ;
#3960 = LINE ( 'NONE', #5817, #5268 ) ;
#3961 = VECTOR ( 'NONE', #10439, 1000.000000000000000 ) ;
#3962 = VERTEX_POINT ( 'NONE', #7985 ) ;
#3963 = LINE ( 'NONE', #1002, #8824 ) ;
#3964 = FILL_AREA_STYLE_COLOUR ( '', #554 ) ;
#3965 = DIRECTION ( 'NONE',  ( 0.000000000000000000, 0.000000000000000000, 1.000000000000000000 ) ) ;
#3966 = SURFACE_STYLE_USAGE ( .BOTH. , #2910 ) ;
#3967 = DIRECTION ( 'NONE',  ( -0.7071067811865475727, 0.7071067811865475727, 0.000000000000000000 ) ) ;
#3968 = SURFACE_SIDE_STYLE ('',( #9673 ) ) ;
#3969 = DIRECTION ( 'NONE',  ( 0.000000000000000000, 0.000000000000000000, 1.000000000000000000 ) ) ;
#3970 = SURFACE_SIDE_STYLE ('',( #1175 ) ) ;
#3971 = PRESENTATION_LAYER_ASSIGNMENT (  '', '', ( #8630 ) ) ;
#3972 =( GEOMETRIC_REPRESENTATION_CONTEXT ( 3 ) GLOBAL_UNCERTAINTY_ASSIGNED_CONTEXT ( ( #10465 ) ) GLOBAL_UNIT_ASSIGNED_CONTEXT ( ( #3837, #7549, #3892 ) ) REPRESENTATION_CONTEXT ( 'NONE', 'WORKASPACE' ) );
#3973 = SHAPE_REPRESENTATION_RELATIONSHIP ( 'NONE' , 'NONE' ,  #10135, #4684 ) ;
#3974 = EDGE_CURVE ( 'NONE', #3643, #3836, #6023, .T. ) ;
#3975 = ORIENTED_EDGE ( 'NONE', *, *, #9713, .T. ) ;
#3976 = CARTESIAN_POINT ( 'NONE',  ( -4.937535310007762135, 5.642785174791186797, 5.000000000000079936 ) ) ;
#3977 = ORIENTED_EDGE ( 'NONE', *, *, #8623, .F. ) ;
#3978 = DIRECTION ( 'NONE',  ( 0.000000000000000000, -0.000000000000000000, 1.000000000000000000 ) ) ;
#3979 = DIRECTION ( 'NONE',  ( 0.000000000000000000, 0.000000000000000000, 1.000000000000000000 ) ) ;
#3980 =( NAMED_UNIT ( * ) SI_UNIT ( $, .STERADIAN. ) SOLID_ANGLE_UNIT ( ) );
#3981 = SURFACE_SIDE_STYLE ('',( #7689 ) ) ;
#3982 = DIRECTION ( 'NONE',  ( 1.000000000000000000, 0.000000000000000000, -0.000000000000000000 ) ) ;
#3983 =( NAMED_UNIT ( * ) PLANE_ANGLE_UNIT ( ) SI_UNIT ( $, .RADIAN. ) );
#3984 = ORIENTED_EDGE ( 'NONE', *, *, #11007, .F. ) ;
#3985 =( GEOMETRIC_REPRESENTATION_CONTEXT ( 3 ) GLOBAL_UNCERTAINTY_ASSIGNED_CONTEXT ( ( #3275 ) ) GLOBAL_UNIT_ASSIGNED_CONTEXT ( ( #8721, #7864, #2331 ) ) REPRESENTATION_CONTEXT ( 'NONE', 'WORKASPACE' ) );
#3986 = COLOUR_RGB ( '',0.9137254901960784048, 0.5137254901960783826, 0.1372549019607843257 ) ;
#3987 = FILL_AREA_STYLE ('',( #9345 ) ) ;
#3988 = SURFACE_STYLE_FILL_AREA ( #10540 ) ;
#3989 = FILL_AREA_STYLE_COLOUR ( '', #5747 ) ;
#3990 = CARTESIAN_POINT ( 'NONE',  ( 4.250000000000000000, 10.59999999999999964, 7.900000000002218137 ) ) ;
#3991 = CARTESIAN_POINT ( 'NONE',  ( 1.649999999999999911, -10.94999999999999929, 5.700000000000000178 ) ) ;
#3992 = CARTESIAN_POINT ( 'NONE',  ( 2.500000000000000000, 10.59999999999999964, 6.399999999992999733 ) ) ;
#3993 = SURFACE_STYLE_USAGE ( .BOTH. , #2242 ) ;
#3994 = CARTESIAN_POINT ( 'NONE',  ( -7.196750994715549687, -7.892367967113672833, 10.70113402231742405 ) ) ;
#3995 = DIRECTION ( 'NONE',  ( 0.000000000000000000, 0.000000000000000000, -1.000000000000000000 ) ) ;
#3996 = VECTOR ( 'NONE', #3562, 1000.000000000000000 ) ;
#3997 = CARTESIAN_POINT ( 'NONE',  ( 5.599999999999999645, -8.949999999999999289, 0.000000000000000000 ) ) ;
#3998 = PRESENTATION_LAYER_ASSIGNMENT (  '', '', ( #7098 ) ) ;
#3999 = PRODUCT_DEFINITION ( 'UNKNOWN', '', #7856, #11183 ) ;
#4000 = EDGE_LOOP ( 'NONE', ( #7976, #4123, #911, #3393 ) ) ;
#4001 = ORIENTED_EDGE ( 'NONE', *, *, #4316, .F. ) ;
#4002 = AXIS2_PLACEMENT_3D ( 'NONE', #4528, #8232, #3621 ) ;
#4003 =( LENGTH_UNIT ( ) NAMED_UNIT ( * ) SI_UNIT ( .MILLI., .METRE. ) );
#4004 = VECTOR ( 'NONE', #2295, 1000.000000000000000 ) ;
#4005 = AXIS2_PLACEMENT_3D ( 'NONE', #1885, #9357, #1828 ) ;
#4006 = SURFACE_STYLE_FILL_AREA ( #350 ) ;
#4007 = DIRECTION ( 'NONE',  ( -0.000000000000000000, -0.000000000000000000, 1.000000000000000000 ) ) ;
#4008 = SURFACE_STYLE_USAGE ( .BOTH. , #3078 ) ;
#4009 = FILL_AREA_STYLE ('',( #6793 ) ) ;
#4010 =( LENGTH_UNIT ( ) NAMED_UNIT ( * ) SI_UNIT ( .MILLI., .METRE. ) );
#4011 = CARTESIAN_POINT ( 'NONE',  ( 9.250000000000000000, -2.500000000000000000, -3.700000000000000178 ) ) ;
#4012 = SURFACE_SIDE_STYLE ('',( #9661 ) ) ;
#4013 = EDGE_CURVE ( 'NONE', #10985, #10748, #2578, .T. ) ;
#4014 = CIRCLE ( 'NONE', #3020, 0.1000000000000000472 ) ;
#4015 = AXIS2_PLACEMENT_3D ( 'NONE', #5500, #11009, #10121 ) ;
#4016 = ORIENTED_EDGE ( 'NONE', *, *, #9478, .F. ) ;
#4017 = ORIENTED_EDGE ( 'NONE', *, *, #8915, .F. ) ;
#4018 = VERTEX_POINT ( 'NONE', #8907 ) ;
#4019 = PLANE ( 'NONE',  #10762 ) ;
#4020 =( NAMED_UNIT ( * ) PLANE_ANGLE_UNIT ( ) SI_UNIT ( $, .RADIAN. ) );
#4021 = FILL_AREA_STYLE_COLOUR ( '', #4117 ) ;
#4022 = DIRECTION ( 'NONE',  ( -1.000000000000000000, 0.000000000000000000, 0.000000000000000000 ) ) ;
#4023 = DIRECTION ( 'NONE',  ( -0.000000000000000000, 0.000000000000000000, -1.000000000000000000 ) ) ;
#4024 = FILL_AREA_STYLE ('',( #4088 ) ) ;
#4025 = DIRECTION ( 'NONE',  ( -0.000000000000000000, 0.000000000000000000, -1.000000000000000000 ) ) ;
#4026 =( LENGTH_UNIT ( ) NAMED_UNIT ( * ) SI_UNIT ( .MILLI., .METRE. ) );
#4027 = UNCERTAINTY_MEASURE_WITH_UNIT (LENGTH_MEASURE( 1.000000000000000082E-05 ), #4122, 'distance_accuracy_value', 'NONE');
#4028 = CARTESIAN_POINT ( 'NONE',  ( 10.59999999999999964, 5.551115123125999639E-16, 7.150000000000000355 ) ) ;
#4029 =( NAMED_UNIT ( * ) PLANE_ANGLE_UNIT ( ) SI_UNIT ( $, .RADIAN. ) );
#4030 = CARTESIAN_POINT ( 'NONE',  ( 0.000000000000000000, 0.000000000000000000, 0.000000000000000000 ) ) ;
#4031 = ORIENTED_EDGE ( 'NONE', *, *, #3142, .T. ) ;
#4032 = DIRECTION ( 'NONE',  ( -0.000000000000000000, -0.000000000000000000, 1.000000000000000000 ) ) ;
#4033 = ORIENTED_EDGE ( 'NONE', *, *, #8096, .F. ) ;
#4034 = DIRECTION ( 'NONE',  ( -1.000000000000000000, 0.000000000000000000, 0.000000000000000000 ) ) ;
#4035 = SURFACE_STYLE_FILL_AREA ( #10458 ) ;
#4036 = UNCERTAINTY_MEASURE_WITH_UNIT (LENGTH_MEASURE( 1.000000000000000082E-05 ), #5961, 'distance_accuracy_value', 'NONE');
#4037 = DIRECTION ( 'NONE',  ( -0.000000000000000000, 1.000000000000000000, 0.000000000000000000 ) ) ;
#4038 = PRESENTATION_STYLE_ASSIGNMENT (( #378 ) ) ;
#4039 = FILL_AREA_STYLE ('',( #494 ) ) ;
#4040 = CARTESIAN_POINT ( 'NONE',  ( 8.474999999999999645, 4.750000000000000000, 1.000000000000000000 ) ) ;
#4041 = EDGE_CURVE ( 'NONE', #9071, #8438, #7921, .T. ) ;
#4042 = UNCERTAINTY_MEASURE_WITH_UNIT (LENGTH_MEASURE( 1.000000000000000082E-05 ), #5822, 'distance_accuracy_value', 'NONE');
#4043 = PRESENTATION_STYLE_ASSIGNMENT (( #1033 ) ) ;
#4044 = ORIENTED_EDGE ( 'NONE', *, *, #4787, .T. ) ;
#4045 = CARTESIAN_POINT ( 'NONE',  ( -8.000000000000000000, -5.599999999999999645, 2.600000000000000533 ) ) ;
#4046 = UNCERTAINTY_MEASURE_WITH_UNIT (LENGTH_MEASURE( 1.000000000000000082E-05 ), #761, 'distance_accuracy_value', 'NONE');
#4047 = LINE ( 'NONE', #4947, #8173 ) ;
#4048 =( NAMED_UNIT ( * ) SI_UNIT ( $, .STERADIAN. ) SOLID_ANGLE_UNIT ( ) );
#4049 = EDGE_CURVE ( 'NONE', #10551, #11271, #9946, .T. ) ;
#4050 = VECTOR ( 'NONE', #6501, 1000.000000000000000 ) ;
#4051 = SURFACE_STYLE_USAGE ( .BOTH. , #3179 ) ;
#4052 = PRESENTATION_STYLE_ASSIGNMENT (( #8551 ) ) ;
#4053 = FACE_OUTER_BOUND ( 'NONE', #50, .T. ) ;
#4054 = DIRECTION ( 'NONE',  ( 0.000000000000000000, 0.000000000000000000, -1.000000000000000000 ) ) ;
#4055 = ADVANCED_FACE ( 'NONE', ( #11614 ), #7749, .T. ) ;
#4056 = UNCERTAINTY_MEASURE_WITH_UNIT (LENGTH_MEASURE( 1.000000000000000082E-05 ), #11563, 'distance_accuracy_value', 'NONE');
#4057 =( NAMED_UNIT ( * ) SI_UNIT ( $, .STERADIAN. ) SOLID_ANGLE_UNIT ( ) );
#4058 = CARTESIAN_POINT ( 'NONE',  ( -7.386071179369598561, -7.919717610733605362, 11.05242474800559016 ) ) ;
#4059 = EDGE_CURVE ( 'NONE', #2685, #10713, #11553, .T. ) ;
#4060 = APPLICATION_CONTEXT ( 'automotive_design' ) ;
#4061 = ORIENTED_EDGE ( 'NONE', *, *, #6304, .T. ) ;
#4063 = VERTEX_POINT ( 'NONE', #10643 ) ;
#4062 = AXIS2_PLACEMENT_3D ( 'NONE', #9425, #8567, #6790 ) ;
#4064 = SURFACE_STYLE_FILL_AREA ( #1475 ) ;
#4065 = CARTESIAN_POINT ( 'NONE',  ( 1.750000000000000000, -10.94999999999999929, 5.599999999999999645 ) ) ;
#4066 = LINE ( 'NONE', #4797, #4790 ) ;
#4067 = CARTESIAN_POINT ( 'NONE',  ( 5.599999999999999645, 8.949999999999999289, 3.200000000000000178 ) ) ;
#4068 = CARTESIAN_POINT ( 'NONE',  ( -1.749999999999999556, -10.94999999999999929, 5.658578643762691485 ) ) ;
#4069 =( NAMED_UNIT ( * ) SI_UNIT ( $, .STERADIAN. ) SOLID_ANGLE_UNIT ( ) );
#4070 = STYLED_ITEM ( 'NONE', ( #1313 ), #11680 ) ;
#4071 = FACE_OUTER_BOUND ( 'NONE', #11849, .T. ) ;
#4072 =( NAMED_UNIT ( * ) PLANE_ANGLE_UNIT ( ) SI_UNIT ( $, .RADIAN. ) );
#4073 = VECTOR ( 'NONE', #9864, 1000.000000000000000 ) ;
#4074 = FACE_OUTER_BOUND ( 'NONE', #2586, .T. ) ;
#4075 = PLANE ( 'NONE',  #10584 ) ;
#4076 = AXIS2_PLACEMENT_3D ( 'NONE', #2947, #3995, #9531 ) ;
#4077 = ITEM_DEFINED_TRANSFORMATION ( 'NONE', 'NONE', #11417,  #3260 ) ;
#4078 = ORIENTED_EDGE ( 'NONE', *, *, #4049, .T. ) ;
#4079 = ORIENTED_EDGE ( 'NONE', *, *, #6471, .F. ) ;
#4080 = DIRECTION ( 'NONE',  ( 1.000000000000000000, 0.000000000000000000, -0.000000000000000000 ) ) ;
#4081 = ORIENTED_EDGE ( 'NONE', *, *, #7941, .F. ) ;
#4082 = AXIS2_PLACEMENT_3D ( 'NONE', #4941, #266, #9398 ) ;
#4083 = DIRECTION ( 'NONE',  ( 1.000000000000000000, 0.000000000000000000, 0.000000000000000000 ) ) ;
#4084 = EDGE_CURVE ( 'NONE', #3924, #11472, #2336, .T. ) ;
#4085 = LINE ( 'NONE', #7788, #9741 ) ;
#4086 = STYLED_ITEM ( 'NONE', ( #941 ), #9866 ) ;
#4087 = DIRECTION ( 'NONE',  ( 0.000000000000000000, 0.000000000000000000, -1.000000000000000000 ) ) ;
#4088 = FILL_AREA_STYLE_COLOUR ( '', #1023 ) ;
#4089 = DIRECTION ( 'NONE',  ( -0.000000000000000000, -0.000000000000000000, 1.000000000000000000 ) ) ;
#4090 = DIRECTION ( 'NONE',  ( 0.000000000000000000, 0.000000000000000000, 1.000000000000000000 ) ) ;
#4091 = AXIS2_PLACEMENT_3D ( 'NONE', #1606, #7906, #4139 ) ;
#4092 = COLOUR_RGB ( '',0.8196078431372548767, 0.8000000000000000444, 0.7529411764705882248 ) ;
#4093 = COLOUR_RGB ( '',0.8196078431372548767, 0.8000000000000000444, 0.7529411764705882248 ) ;
#4094 = PRESENTATION_LAYER_ASSIGNMENT (  '', '', ( #7591 ) ) ;
#4095 = ORIENTED_EDGE ( 'NONE', *, *, #9260, .T. ) ;
#4096 = CARTESIAN_POINT ( 'NONE',  ( -7.481766269628095323, 0.4940692393160711626, 5.000000000000000000 ) ) ;
#4097 = ORIENTED_EDGE ( 'NONE', *, *, #5766, .T. ) ;
#4098 = SURFACE_STYLE_FILL_AREA ( #11671 ) ;
#4099 = CYLINDRICAL_SURFACE ( 'NONE', #5576, 0.5000000000000000000 ) ;
#4100 = STYLED_ITEM ( 'NONE', ( #107 ), #2002 ) ;
#4101 = MECHANICAL_DESIGN_GEOMETRIC_PRESENTATION_REPRESENTATION (  '', ( #8362 ), #459 ) ;
#4102 = STYLED_ITEM ( 'NONE', ( #6947 ), #732 ) ;
#4103 = DIRECTION ( 'NONE',  ( -1.000000000000000000, 0.000000000000000000, 0.000000000000000000 ) ) ;
#4104 = STYLED_ITEM ( 'NONE', ( #8739 ), #10252 ) ;
#4105 = CARTESIAN_POINT ( 'NONE',  ( 2.500000000000000000, 9.750000000000000000, 0.000000000000000000 ) ) ;
#4106 = CARTESIAN_POINT ( 'NONE',  ( 11.09999999999999964, -0.7500000000070315975, 10.15790624853725532 ) ) ;
#4107 = ORIENTED_EDGE ( 'NONE', *, *, #7303, .F. ) ;
#4108 = STYLED_ITEM ( 'NONE', ( #2044 ), #2286 ) ;
#4109 = STYLED_ITEM ( 'NONE', ( #11620 ), #7735 ) ;
#4110 = STYLED_ITEM ( 'NONE', ( #11410 ), #3561 ) ;
#4111 = MECHANICAL_DESIGN_GEOMETRIC_PRESENTATION_REPRESENTATION (  '', ( #2549 ), #1984 ) ;
#4112 = SURFACE_STYLE_USAGE ( .BOTH. , #449 ) ;
#4113 = DIRECTION ( 'NONE',  ( 1.000000000000000000, -3.581364595565000168E-16, 0.000000000000000000 ) ) ;
#4114 = STYLED_ITEM ( 'NONE', ( #8166 ), #2312 ) ;
#4115 = CARTESIAN_POINT ( 'NONE',  ( 0.000000000000000000, 0.000000000000000000, 0.000000000000000000 ) ) ;
#4116 = CARTESIAN_POINT ( 'NONE',  ( 8.949999999999999289, -4.750000000000000000, 3.200000000000000178 ) ) ;
#4117 = COLOUR_RGB ( '',0.7019607843137254388, 0.7019607843137254388, 0.7019607843137254388 ) ;
#4118 = SURFACE_SIDE_STYLE ('',( #6040 ) ) ;
#4119 = CARTESIAN_POINT ( 'NONE',  ( -8.000000000000000000, -5.600000000000000533, 0.000000000000000000 ) ) ;
#4120 = DIRECTION ( 'NONE',  ( 1.000000000000000000, 0.000000000000000000, 0.000000000000000000 ) ) ;
#4121 = AXIS2_PLACEMENT_3D ( 'NONE', #8406, #1856, #5535 ) ;
#4122 =( LENGTH_UNIT ( ) NAMED_UNIT ( * ) SI_UNIT ( .MILLI., .METRE. ) );
#4123 = ORIENTED_EDGE ( 'NONE', *, *, #2464, .T. ) ;
#4124 = EDGE_CURVE ( 'NONE', #10315, #9276, #1733, .T. ) ;
#4125 = ORIENTED_EDGE ( 'NONE', *, *, #5394, .T. ) ;
#4126 =( GEOMETRIC_REPRESENTATION_CONTEXT ( 3 ) GLOBAL_UNCERTAINTY_ASSIGNED_CONTEXT ( ( #325 ) ) GLOBAL_UNIT_ASSIGNED_CONTEXT ( ( #4783, #3937, #5748 ) ) REPRESENTATION_CONTEXT ( 'NONE', 'WORKASPACE' ) );
#4127 = SURFACE_STYLE_FILL_AREA ( #1476 ) ;
#4128 = DIRECTION ( 'NONE',  ( 0.000000000000000000, -1.000000000000000000, 0.000000000000000000 ) ) ;
#4129 = SURFACE_STYLE_FILL_AREA ( #10797 ) ;
#4130 = DIRECTION ( 'NONE',  ( 1.000000000000000000, 0.000000000000000000, 0.000000000000000000 ) ) ;
#4131 = SURFACE_STYLE_USAGE ( .BOTH. , #9548 ) ;
#4132 = MECHANICAL_DESIGN_GEOMETRIC_PRESENTATION_REPRESENTATION (  '', ( #1635 ), #484 ) ;
#4133 = DIRECTION ( 'NONE',  ( 1.000000000000000000, 0.000000000000000000, 0.000000000000000000 ) ) ;
#4134 = PLANE ( 'NONE',  #178 ) ;
#4135 = VERTEX_POINT ( 'NONE', #11737 ) ;
#4136 = EDGE_LOOP ( 'NONE', ( #2619, #1382, #8271, #9999 ) ) ;
#4137 = ORIENTED_EDGE ( 'NONE', *, *, #5666, .T. ) ;
#4138 = ORIENTED_EDGE ( 'NONE', *, *, #4273, .T. ) ;
#4139 = DIRECTION ( 'NONE',  ( 0.7071067811865474617, 0.7071067811865474617, 0.000000000000000000 ) ) ;
#4140 = PRESENTATION_STYLE_ASSIGNMENT (( #3152 ) ) ;
#4141 = DIRECTION ( 'NONE',  ( 0.000000000000000000, 0.000000000000000000, -1.000000000000000000 ) ) ;
#4142 = AXIS2_PLACEMENT_3D ( 'NONE', #11041, #2728, #5354 ) ;
#4143 = SURFACE_STYLE_FILL_AREA ( #8945 ) ;
#4144 = PRESENTATION_LAYER_ASSIGNMENT (  '', '', ( #10536 ) ) ;
#4145 = SURFACE_STYLE_FILL_AREA ( #4024 ) ;
#4146 = UNCERTAINTY_MEASURE_WITH_UNIT (LENGTH_MEASURE( 1.000000000000000082E-05 ), #1228, 'distance_accuracy_value', 'NONE');
#4147 = DIRECTION ( 'NONE',  ( 0.000000000000000000, -0.000000000000000000, -1.000000000000000000 ) ) ;
#4148 = CARTESIAN_POINT ( 'NONE',  ( -0.7500000000070001782, 11.09999999999999964, 2.899999999999999911 ) ) ;
#4149 = DIRECTION ( 'NONE',  ( 0.000000000000000000, 0.000000000000000000, 1.000000000000000000 ) ) ;
#4150 = EDGE_CURVE ( 'NONE', #3728, #6532, #10822, .T. ) ;
#4151 = ORIENTED_EDGE ( 'NONE', *, *, #6445, .T. ) ;
#4152 = SURFACE_STYLE_FILL_AREA ( #1504 ) ;
#4153 = ORIENTED_EDGE ( 'NONE', *, *, #11427, .F. ) ;
#4154 = MECHANICAL_DESIGN_GEOMETRIC_PRESENTATION_REPRESENTATION (  '', ( #2026 ), #1053 ) ;
#4155 = PRESENTATION_STYLE_ASSIGNMENT (( #1255 ) ) ;
#4156 = CLOSED_SHELL ( 'NONE', ( #7287, #10863, #9097, #5581 ) ) ;
#4157 =( NAMED_UNIT ( * ) SI_UNIT ( $, .STERADIAN. ) SOLID_ANGLE_UNIT ( ) );
#4158 = SURFACE_STYLE_USAGE ( .BOTH. , #8790 ) ;
#4159 =( NAMED_UNIT ( * ) SI_UNIT ( $, .STERADIAN. ) SOLID_ANGLE_UNIT ( ) );
#4160 = FILL_AREA_STYLE ('',( #3361 ) ) ;
#4161 = ORIENTED_EDGE ( 'NONE', *, *, #6951, .T. ) ;
#4162 = STYLED_ITEM ( 'NONE', ( #6462 ), #6453 ) ;
#4163 = EDGE_CURVE ( 'NONE', #5659, #2685, #4514, .T. ) ;
#4164 = EDGE_CURVE ( 'NONE', #7109, #10422, #2757, .T. ) ;
#4165 =( GEOMETRIC_REPRESENTATION_CONTEXT ( 3 ) GLOBAL_UNCERTAINTY_ASSIGNED_CONTEXT ( ( #4877 ) ) GLOBAL_UNIT_ASSIGNED_CONTEXT ( ( #3222, #6007, #4209 ) ) REPRESENTATION_CONTEXT ( 'NONE', 'WORKASPACE' ) );
#4166 = EDGE_CURVE ( 'NONE', #1115, #5467, #3476, .T. ) ;
#4167 =( NAMED_UNIT ( * ) SI_UNIT ( $, .STERADIAN. ) SOLID_ANGLE_UNIT ( ) );
#4168 = AXIS2_PLACEMENT_3D ( 'NONE', #8361, #3630, #11008 ) ;
#4169 = UNCERTAINTY_MEASURE_WITH_UNIT (LENGTH_MEASURE( 1.000000000000000082E-05 ), #10367, 'distance_accuracy_value', 'NONE');
#4170 =( NAMED_UNIT ( * ) PLANE_ANGLE_UNIT ( ) SI_UNIT ( $, .RADIAN. ) );
#4171 = CYLINDRICAL_SURFACE ( 'NONE', #8478, 1.199999999999999734 ) ;
#4172 = AXIS2_PLACEMENT_3D ( 'NONE', #3997, #286, #3186 ) ;
#4173 = DIRECTION ( 'NONE',  ( 0.000000000000000000, 0.000000000000000000, 1.000000000000000000 ) ) ;
#4174 = UNCERTAINTY_MEASURE_WITH_UNIT (LENGTH_MEASURE( 1.000000000000000082E-05 ), #9991, 'distance_accuracy_value', 'NONE');
#4175 = DIRECTION ( 'NONE',  ( 0.000000000000000000, 0.000000000000000000, -1.000000000000000000 ) ) ;
#4176 = CARTESIAN_POINT ( 'NONE',  ( -8.803209579783265681, -5.697904729783567213, 11.28913867457981368 ) ) ;
#4177 = CARTESIAN_POINT ( 'NONE',  ( 8.000000000000000000, -8.000000000000000000, 2.600000000000000533 ) ) ;
#4178 = CARTESIAN_POINT ( 'NONE',  ( 0.7500000000070612405, 11.09999999999999964, 10.15790624853724644 ) ) ;
#4179 = COLOUR_RGB ( '',0.8196078431372548767, 0.8000000000000000444, 0.7529411764705882248 ) ;
#4180 = AXIS2_PLACEMENT_3D ( 'NONE', #5107, #4266, #6078 ) ;
#4181 = EDGE_LOOP ( 'NONE', ( #9692, #4033, #8329, #2683 ) ) ;
#4182 = VERTEX_POINT ( 'NONE', #7308 ) ;
#4183 = FACE_OUTER_BOUND ( 'NONE', #3742, .T. ) ;
#4184 = VECTOR ( 'NONE', #4810, 1000.000000000000000 ) ;
#4186 = FILL_AREA_STYLE_COLOUR ( '', #2140 ) ;
#4185 = PRESENTATION_LAYER_ASSIGNMENT (  '', '', ( #9439 ) ) ;
#4187 = CARTESIAN_POINT ( 'NONE',  ( -7.386071179369600337, 7.919717610733607138, 11.05242474800559194 ) ) ;
#4188 = EDGE_CURVE ( 'NONE', #1832, #8342, #8150, .T. ) ;
#4189 = LINE ( 'NONE', #5088, #5290 ) ;
#4190 = DIRECTION ( 'NONE',  ( 0.000000000000000000, 0.000000000000000000, 1.000000000000000000 ) ) ;
#4191 = SURFACE_STYLE_FILL_AREA ( #1422 ) ;
#4192 = ORIENTED_EDGE ( 'NONE', *, *, #6680, .F. ) ;
#4193 = AXIS2_PLACEMENT_3D ( 'NONE', #1256, #438, #9744 ) ;
#4194 =( GEOMETRIC_REPRESENTATION_CONTEXT ( 3 ) GLOBAL_UNCERTAINTY_ASSIGNED_CONTEXT ( ( #10834 ) ) GLOBAL_UNIT_ASSIGNED_CONTEXT ( ( #6748, #2850, #4860 ) ) REPRESENTATION_CONTEXT ( 'NONE', 'WORKASPACE' ) );
#4195 = ORIENTED_EDGE ( 'NONE', *, *, #5902, .F. ) ;
#4196 = ORIENTED_EDGE ( 'NONE', *, *, #4443, .F. ) ;
#4197 = AXIS2_PLACEMENT_3D ( 'NONE', #7322, #9154, #10104 ) ;
#4198 = ORIENTED_EDGE ( 'NONE', *, *, #3150, .F. ) ;
#4199 = DIRECTION ( 'NONE',  ( 0.000000000000000000, 0.000000000000000000, -1.000000000000000000 ) ) ;
#4200 = DIRECTION ( 'NONE',  ( 1.000000000000000000, 1.168655815394999918E-15, 0.000000000000000000 ) ) ;
#4201 = CARTESIAN_POINT ( 'NONE',  ( 8.000000000000000000, -4.750000000000000000, 2.600000000000000533 ) ) ;
#4202 = PRESENTATION_STYLE_ASSIGNMENT (( #4259 ) ) ;
#4203 = FILL_AREA_STYLE_COLOUR ( '', #10079 ) ;
#4204 = EDGE_CURVE ( 'NONE', #6957, #10315, #4580, .T. ) ;
#4205 = PRESENTATION_STYLE_ASSIGNMENT (( #8837 ) ) ;
#4206 = AXIS2_PLACEMENT_3D ( 'NONE', #124, #6636, #9557 ) ;
#4207 = AXIS2_PLACEMENT_3D ( 'NONE', #7599, #4906, #292 ) ;
#4208 = PLANE ( 'NONE',  #3479 ) ;
#4209 =( NAMED_UNIT ( * ) SI_UNIT ( $, .STERADIAN. ) SOLID_ANGLE_UNIT ( ) );
#4210 = VERTEX_POINT ( 'NONE', #6208 ) ;
#4211 = SURFACE_SIDE_STYLE ('',( #4152 ) ) ;
#4212 = COLOUR_RGB ( '',0.7019607843137254388, 0.7019607843137254388, 0.7019607843137254388 ) ;
#4213 = ORIENTED_EDGE ( 'NONE', *, *, #3416, .T. ) ;
#4214 = MECHANICAL_DESIGN_GEOMETRIC_PRESENTATION_REPRESENTATION (  '', ( #10226 ), #6514 ) ;
#4215 = PRESENTATION_STYLE_ASSIGNMENT (( #541 ) ) ;
#4216 = DIRECTION ( 'NONE',  ( -1.000000000000000000, 0.000000000000000000, 0.000000000000000000 ) ) ;
#4217 = CARTESIAN_POINT ( 'NONE',  ( 2.500000000000000000, 9.750000000000000000, -3.700000000000000178 ) ) ;
#4218 = SURFACE_SIDE_STYLE ('',( #7015 ) ) ;
#4219 = CARTESIAN_POINT ( 'NONE',  ( -6.800000000000000711, 8.000000000000000000, 11.00000000000000000 ) ) ;
#4220 = SURFACE_STYLE_FILL_AREA ( #1258 ) ;
#4221 = CARTESIAN_POINT ( 'NONE',  ( 4.000000000000000000, 0.000000000000000000, 0.000000000000000000 ) ) ;
#4222 =( NAMED_UNIT ( * ) PLANE_ANGLE_UNIT ( ) SI_UNIT ( $, .RADIAN. ) );
#4223 = VECTOR ( 'NONE', #152, 1000.000000000000000 ) ;
#4224 = ORIENTED_EDGE ( 'NONE', *, *, #2423, .F. ) ;
#4225 =( NAMED_UNIT ( * ) PLANE_ANGLE_UNIT ( ) SI_UNIT ( $, .RADIAN. ) );
#4226 = DIRECTION ( 'NONE',  ( 0.000000000000000000, -0.000000000000000000, -1.000000000000000000 ) ) ;
#4227 = PRESENTATION_STYLE_ASSIGNMENT (( #559 ) ) ;
#4228 = EDGE_CURVE ( 'NONE', #3763, #3522, #3953, .T. ) ;
#4229 = CYLINDRICAL_SURFACE ( 'NONE', #11772, 0.5000000000000004441 ) ;
#4230 = LINE ( 'NONE', #6103, #2099 ) ;
#4231 = PLANE ( 'NONE',  #4893 ) ;
#4232 = CARTESIAN_POINT ( 'NONE',  ( 8.000000000000000000, -8.000000000000000000, 0.000000000000000000 ) ) ;
#4233 = CARTESIAN_POINT ( 'NONE',  ( 2.500000000000000000, -13.44999999999999929, 0.7500000000000000000 ) ) ;
#4234 = CARTESIAN_POINT ( 'NONE',  ( 6.799999999999999822, 6.800000000000000711, 12.19999999999999929 ) ) ;
#4235 = CARTESIAN_POINT ( 'NONE',  ( 3.750000000000000444, -12.75000000000000178, -3.700000000000000178 ) ) ;
#4236 = EDGE_LOOP ( 'NONE', ( #2856, #8795, #253, #5539 ) ) ;
#4237 = STYLED_ITEM ( 'NONE', ( #9307 ), #11863 ) ;
#4238 = ORIENTED_EDGE ( 'NONE', *, *, #11120, .F. ) ;
#4239 = MECHANICAL_DESIGN_GEOMETRIC_PRESENTATION_REPRESENTATION (  '', ( #10627 ), #3655 ) ;
#4240 = SURFACE_SIDE_STYLE ('',( #9990 ) ) ;
#4241 = DIRECTION ( 'NONE',  ( 0.000000000000000000, -0.000000000000000000, -1.000000000000000000 ) ) ;
#4242 = PRESENTATION_STYLE_ASSIGNMENT (( #3255 ) ) ;
#4243 = FILL_AREA_STYLE_COLOUR ( '', #1391 ) ;
#4244 = CARTESIAN_POINT ( 'NONE',  ( -5.599999999999998757, 8.000000000000000000, 0.000000000000000000 ) ) ;
#4245 = FILL_AREA_STYLE_COLOUR ( '', #4092 ) ;
#4246 = ADVANCED_FACE ( 'NONE', ( #3548 ), #10775, .F. ) ;
#4247 = SHAPE_REPRESENTATION_RELATIONSHIP ( 'NONE' , 'NONE' ,  #6008, #5975 ) ;
#4248 = AXIS2_PLACEMENT_3D ( 'NONE', #3852, #83, #4878 ) ;
#4249 = SURFACE_STYLE_FILL_AREA ( #11527 ) ;
#4250 = ORIENTED_EDGE ( 'NONE', *, *, #5184, .F. ) ;
#4251 = ADVANCED_BREP_SHAPE_REPRESENTATION ( '', ( #3495, #3260 ), #10438 ) ;
#4252 = ORIENTED_EDGE ( 'NONE', *, *, #11457, .T. ) ;
#4253 = ORIENTED_EDGE ( 'NONE', *, *, #9789, .T. ) ;
#4254 =( BOUNDED_SURFACE ( )  B_SPLINE_SURFACE ( 3, 3, ( 
 ( #5695, #7483, #111, #8503 ),
 ( #6738, #3952, #2061, #8571 ),
 ( #9368, #11155, #7658, #2954 ),
 ( #10499, #6676, #9426, #4798 ) ),
 .UNSPECIFIED., .F., .F., .F. ) 
 B_SPLINE_SURFACE_WITH_KNOTS ( ( 4, 4 ),
 ( 4, 4 ),
 ( 0.000000000000000000, 1.000000000000000000 ),
 ( 0.000000000000000000, 1.000000000000000000 ),
 .UNSPECIFIED. ) 
 GEOMETRIC_REPRESENTATION_ITEM ( )  RATIONAL_B_SPLINE_SURFACE ( (
 ( 1.000000000000000000, 0.3333333333333330928, 0.3333333333333330928, 1.000000000000000000),
 ( 0.9245018060306376961, 0.3081672686768789915, 0.3081672686768789915, 0.9245018060306376961),
 ( 0.9245018060306376961, 0.3081672686768789915, 0.3081672686768789915, 0.9245018060306376961),
 ( 1.000000000000000000, 0.3333333333333330928, 0.3333333333333330928, 1.000000000000000000) ) ) 
 REPRESENTATION_ITEM ( '' )  SURFACE ( )  );
#4255 = ORIENTED_EDGE ( 'NONE', *, *, #6973, .F. ) ;
#4256 = AXIS2_PLACEMENT_3D ( 'NONE', #7620, #5655, #6696 ) ;
#4257 = FILL_AREA_STYLE ('',( #9726 ) ) ;
#4258 = STYLED_ITEM ( 'NONE', ( #5905 ), #11461 ) ;
#4259 = SURFACE_STYLE_USAGE ( .BOTH. , #5162 ) ;
#4260 = CARTESIAN_POINT ( 'NONE',  ( 3.250000000000000444, -8.250000000000000000, -3.700000000000000178 ) ) ;
#4261 = SURFACE_STYLE_USAGE ( .BOTH. , #2384 ) ;
#4262 = PRODUCT ( 'COMPOUND016', 'COMPOUND016', '', ( #7295 ) ) ;
#4263 = EDGE_CURVE ( 'NONE', #8284, #10985, #10992, .T. ) ;
#4264 = DIRECTION ( 'NONE',  ( 0.000000000000000000, 0.000000000000000000, -1.000000000000000000 ) ) ;
#4265 = COLOUR_RGB ( '',0.8196078431372548767, 0.8000000000000000444, 0.7529411764705882248 ) ;
#4266 = DIRECTION ( 'NONE',  ( -0.000000000000000000, -1.000000000000000000, -0.000000000000000000 ) ) ;
#4267 = DIRECTION ( 'NONE',  ( 1.000000000000000000, 0.000000000000000000, 0.000000000000000000 ) ) ;
#4268 = EDGE_CURVE ( 'NONE', #3522, #10633, #1625, .T. ) ;
#4269 = CIRCLE ( 'NONE', #2129, 1.199999999999999734 ) ;
#4270 = EDGE_LOOP ( 'NONE', ( #11636, #11488, #5705, #5048, #3707, #6435, #1182, #10214 ) ) ;
#4271 = ORIENTED_EDGE ( 'NONE', *, *, #382, .F. ) ;
#4272 = EDGE_CURVE ( 'NONE', #9985, #9299, #6395, .T. ) ;
#4273 = EDGE_CURVE ( 'NONE', #11774, #2313, #4343, .T. ) ;
#4274 = CARTESIAN_POINT ( 'NONE',  ( 5.599999999999999645, -8.000000000000000000, 2.600000000000000533 ) ) ;
#4275 = DIRECTION ( 'NONE',  ( 0.000000000000000000, 1.068988633312000001E-12, 1.000000000000000000 ) ) ;
#4276 = FACE_OUTER_BOUND ( 'NONE', #540, .T. ) ;
#4277 =( LENGTH_UNIT ( ) NAMED_UNIT ( * ) SI_UNIT ( .MILLI., .METRE. ) );
#4278 = UNCERTAINTY_MEASURE_WITH_UNIT (LENGTH_MEASURE( 1.000000000000000082E-05 ), #11108, 'distance_accuracy_value', 'NONE');
#4279 = MECHANICAL_DESIGN_GEOMETRIC_PRESENTATION_REPRESENTATION (  '', ( #4651 ), #4458 ) ;
#4280 = SURFACE_SIDE_STYLE ('',( #3235 ) ) ;
#4281 = CARTESIAN_POINT ( 'NONE',  ( 5.599999999999999645, 8.000000000000000000, 0.000000000000000000 ) ) ;
#4282 = DIRECTION ( 'NONE',  ( 0.000000000000000000, 0.000000000000000000, -1.000000000000000000 ) ) ;
#4283 = MECHANICAL_DESIGN_GEOMETRIC_PRESENTATION_REPRESENTATION (  '', ( #457 ), #5245 ) ;
#4284 = PRESENTATION_LAYER_ASSIGNMENT (  '', '', ( #2345 ) ) ;
#4285 = COLOUR_RGB ( '',0.4980392156862745168, 0.2784313725490196179, 0.08235294117647058709 ) ;
#4286 = PRESENTATION_LAYER_ASSIGNMENT (  '', '', ( #4856 ) ) ;
#4287 = UNCERTAINTY_MEASURE_WITH_UNIT (LENGTH_MEASURE( 1.000000000000000082E-05 ), #7373, 'distance_accuracy_value', 'NONE');
#4288 = LINE ( 'NONE', #5314, #4489 ) ;
#4289 = ADVANCED_FACE ( 'NONE', ( #9495 ), #2914, .F. ) ;
#4290 = APPLICATION_CONTEXT ( 'automotive_design' ) ;
#4291 = SURFACE_STYLE_USAGE ( .BOTH. , #560 ) ;
#4292 = DIRECTION ( 'NONE',  ( 0.000000000000000000, 0.000000000000000000, 1.000000000000000000 ) ) ;
#4293 = SURFACE_STYLE_FILL_AREA ( #3182 ) ;
#4294 = UNCERTAINTY_MEASURE_WITH_UNIT (LENGTH_MEASURE( 1.000000000000000082E-05 ), #5316, 'distance_accuracy_value', 'NONE');
#4295 = CARTESIAN_POINT ( 'NONE',  ( -8.000000000000000000, 8.000000000000000000, 2.600000000000000533 ) ) ;
#4296 = PRESENTATION_LAYER_ASSIGNMENT (  '', '', ( #11251 ) ) ;
#4297 = CARTESIAN_POINT ( 'NONE',  ( -5.551115123125999639E-16, 11.09999999999999964, 7.150000000000000355 ) ) ;
#4298 = PRESENTATION_LAYER_ASSIGNMENT (  '', '', ( #466 ) ) ;
#4299 = MECHANICAL_DESIGN_GEOMETRIC_PRESENTATION_REPRESENTATION (  '', ( #4867 ), #7406 ) ;
#4300 = MECHANICAL_DESIGN_GEOMETRIC_PRESENTATION_REPRESENTATION (  '', ( #1972 ), #9904 ) ;
#4301 = ADVANCED_FACE ( 'NONE', ( #2975 ), #8468, .T. ) ;
#4302 = ORIENTED_EDGE ( 'NONE', *, *, #11623, .T. ) ;
#4303 = EDGE_CURVE ( 'NONE', #11390, #3660, #11174, .T. ) ;
#4304 = MECHANICAL_DESIGN_GEOMETRIC_PRESENTATION_REPRESENTATION (  '', ( #6827 ), #5836 ) ;
#4305 = SURFACE_SIDE_STYLE ('',( #8923 ) ) ;
#4306 = AXIS2_PLACEMENT_3D ( 'NONE', #8799, #611, #3177 ) ;
#4307 = CARTESIAN_POINT ( 'NONE',  ( -7.750000000000000000, -6.650000000000000355, 0.000000000000000000 ) ) ;
#4308 = SURFACE_STYLE_FILL_AREA ( #1650 ) ;
#4309 =( GEOMETRIC_REPRESENTATION_CONTEXT ( 3 ) GLOBAL_UNCERTAINTY_ASSIGNED_CONTEXT ( ( #1993 ) ) GLOBAL_UNIT_ASSIGNED_CONTEXT ( ( #11613, #11372, #7018 ) ) REPRESENTATION_CONTEXT ( 'NONE', 'WORKASPACE' ) );
#4310 = CARTESIAN_POINT ( 'NONE',  ( 0.4249999999999999889, 0.9250000000000000444, 5.000000000000000000 ) ) ;
#4311 = SURFACE_SIDE_STYLE ('',( #5272 ) ) ;
#4312 = CARTESIAN_POINT ( 'NONE',  ( 7.492820323027547857, 7.775658889420195230, 11.40998175663489711 ) ) ;
#4313 =( NAMED_UNIT ( * ) SI_UNIT ( $, .STERADIAN. ) SOLID_ANGLE_UNIT ( ) );
#4314 = CARTESIAN_POINT ( 'NONE',  ( 5.951277090877530540, -4.561019446421417989, 4.999999999999999112 ) ) ;
#4315 = ORIENTED_EDGE ( 'NONE', *, *, #6784, .T. ) ;
#4316 = EDGE_CURVE ( 'NONE', #10149, #2763, #11048, .T. ) ;
#4317 = ADVANCED_FACE ( 'NONE', ( #10335 ), #2025, .F. ) ;
#4318 = PRESENTATION_LAYER_ASSIGNMENT (  '', '', ( #9172 ) ) ;
#4319 = EDGE_CURVE ( 'NONE', #2301, #11020, #8838, .T. ) ;
#4320 = ORIENTED_EDGE ( 'NONE', *, *, #10752, .F. ) ;
#4321 = VERTEX_POINT ( 'NONE', #1436 ) ;
#4322 = FILL_AREA_STYLE_COLOUR ( '', #2899 ) ;
#4323 = SURFACE_STYLE_USAGE ( .BOTH. , #10854 ) ;
#4324 = CARTESIAN_POINT ( 'NONE',  ( -8.000000000000000000, 8.000000000000000000, 0.000000000000000000 ) ) ;
#4325 = CARTESIAN_POINT ( 'NONE',  ( 7.492820323027550522, -7.492820323027550522, 11.69282032302755070 ) ) ;
#4326 = CARTESIAN_POINT ( 'NONE',  ( 4.750000000000000000, 11.09999999999999964, 7.900000000007000089 ) ) ;
#4327 = DIRECTION ( 'NONE',  ( 0.000000000000000000, -0.000000000000000000, -1.000000000000000000 ) ) ;
#4328 = AXIS2_PLACEMENT_3D ( 'NONE', #8106, #11692, #2518 ) ;
#4329 = CARTESIAN_POINT ( 'NONE',  ( 4.750000000000000000, 8.000000000000000000, 0.8000000000000000444 ) ) ;
#4330 =( LENGTH_UNIT ( ) NAMED_UNIT ( * ) SI_UNIT ( .MILLI., .METRE. ) );
#4331 = APPLICATION_PROTOCOL_DEFINITION ( 'draft international standard', 'automotive_design', 1998, #4520 ) ;
#4332 = ORIENTED_EDGE ( 'NONE', *, *, #6908, .T. ) ;
#4333 = VECTOR ( 'NONE', #8988, 1000.000000000000000 ) ;
#4334 = VERTEX_POINT ( 'NONE', #10692 ) ;
#4335 = EDGE_LOOP ( 'NONE', ( #884, #5157 ) ) ;
#4336 =( GEOMETRIC_REPRESENTATION_CONTEXT ( 3 ) GLOBAL_UNCERTAINTY_ASSIGNED_CONTEXT ( ( #3549 ) ) GLOBAL_UNIT_ASSIGNED_CONTEXT ( ( #3591, #8197, #5460 ) ) REPRESENTATION_CONTEXT ( 'NONE', 'WORKASPACE' ) );
#4337 = FACE_BOUND ( 'NONE', #5321, .T. ) ;
#4338 = CARTESIAN_POINT ( 'NONE',  ( 1.649999999999999911, -7.650000000000001243, 5.700000000000000178 ) ) ;
#4339 = CARTESIAN_POINT ( 'NONE',  ( 7.386071179369598561, 6.852424748005589983, 12.11971761073360554 ) ) ;
#4340 = LINE ( 'NONE', #3474, #11452 ) ;
#4341 = PLANE ( 'NONE',  #3501 ) ;
#4342 = DIRECTION ( 'NONE',  ( 0.000000000000000000, 0.000000000000000000, 1.000000000000000000 ) ) ;
#4343 = CIRCLE ( 'NONE', #5871, 0.5000000000000000000 ) ;
#4344 = SURFACE_STYLE_USAGE ( .BOTH. , #6024 ) ;
#4345 = EDGE_CURVE ( 'NONE', #2301, #5465, #1254, .T. ) ;
#4346 = ORIENTED_EDGE ( 'NONE', *, *, #2636, .F. ) ;
#4347 = VECTOR ( 'NONE', #6537, 1000.000000000000000 ) ;
#4348 = VERTEX_POINT ( 'NONE', #6940 ) ;
#4349 = CARTESIAN_POINT ( 'NONE',  ( 4.700000000000000178, -13.15000000000000036, 0.000000000000000000 ) ) ;
#4350 =( NAMED_UNIT ( * ) PLANE_ANGLE_UNIT ( ) SI_UNIT ( $, .RADIAN. ) );
#4351 = CARTESIAN_POINT ( 'NONE',  ( 6.799999999999999822, -8.000000000000000000, 2.600000000000000533 ) ) ;
#4352 = DIRECTION ( 'NONE',  ( 1.000000000000000000, 0.000000000000000000, -0.000000000000000000 ) ) ;
#4353 = DIRECTION ( 'NONE',  ( -0.7071067811865474617, -0.7071067811865474617, -0.000000000000000000 ) ) ;
#4354 = CARTESIAN_POINT ( 'NONE',  ( 7.500000000000000000, 8.743383979990265164E-18, 4.699999999999999289 ) ) ;
#4355 = DIRECTION ( 'NONE',  ( 0.000000000000000000, 1.000000000000000000, 0.000000000000000000 ) ) ;
#4356 = PRODUCT_DEFINITION_FORMATION_WITH_SPECIFIED_SOURCE ( 'ANY', '', #10281, .NOT_KNOWN. ) ;
#4357 = EDGE_LOOP ( 'NONE', ( #9360, #6991, #5458, #11726, #6877, #4224 ) ) ;
#4358 = CARTESIAN_POINT ( 'NONE',  ( -0.4250000000000000444, 0.9250000000000000444, 19.40000000000000924 ) ) ;
#4359 = COLOUR_RGB ( '',0.09803921568627450844, 0.09803921568627450844, 0.09803921568627450844 ) ;
#4360 =( GEOMETRIC_REPRESENTATION_CONTEXT ( 3 ) GLOBAL_UNCERTAINTY_ASSIGNED_CONTEXT ( ( #3039 ) ) GLOBAL_UNIT_ASSIGNED_CONTEXT ( ( #4658, #11012, #2753 ) ) REPRESENTATION_CONTEXT ( 'NONE', 'WORKASPACE' ) );
#4361 = PRODUCT_DEFINITION_SHAPE ( 'NONE', 'NONE',  #1707 ) ;
#4362 = DIRECTION ( 'NONE',  ( 1.000000000000000000, -0.000000000000000000, -0.000000000000000000 ) ) ;
#4363 = LINE ( 'NONE', #7150, #2075 ) ;
#4364 = DIRECTION ( 'NONE',  ( 0.000000000000000000, -1.000000000000000000, 0.000000000000000000 ) ) ;
#4365 = PRESENTATION_STYLE_ASSIGNMENT (( #8987 ) ) ;
#4366 = LINE ( 'NONE', #11707, #10172 ) ;
#4367 = PRODUCT_RELATED_PRODUCT_CATEGORY ( 'part', '', ( #1102 ) ) ;
#4368 = CARTESIAN_POINT ( 'NONE',  ( 8.803209579783258576, 7.089138674579813504, 9.897904729783567390 ) ) ;
#4369 = CARTESIAN_POINT ( 'NONE',  ( -5.466881065168657017, -5.131620599904428204, 5.000000000000000888 ) ) ;
#4370 = ORIENTED_EDGE ( 'NONE', *, *, #6566, .F. ) ;
#4371 = ORIENTED_EDGE ( 'NONE', *, *, #11215, .T. ) ;
#4372 = EDGE_LOOP ( 'NONE', ( #1103, #8562, #1722, #1976 ) ) ;
#4373 = LINE ( 'NONE', #3455, #6210 ) ;
#4374 = CARTESIAN_POINT ( 'NONE',  ( 7.750000000000000000, 6.650000000000000355, -3.700000000000000178 ) ) ;
#4375 = PRESENTATION_STYLE_ASSIGNMENT (( #5101 ) ) ;
#4376 = FILL_AREA_STYLE_COLOUR ( '', #10333 ) ;
#4377 = LINE ( 'NONE', #1361, #8746 ) ;
#4378 = EDGE_CURVE ( 'NONE', #10256, #3778, #1834, .T. ) ;
#4379 = SURFACE_SIDE_STYLE ('',( #7291 ) ) ;
#4380 = FACE_OUTER_BOUND ( 'NONE', #2292, .T. ) ;
#4381 = AXIS2_PLACEMENT_3D ( 'NONE', #10877, #5355, #3471 ) ;
#4382 = SHAPE_DEFINITION_REPRESENTATION ( #3801, #3552 ) ;
#4383 = EDGE_LOOP ( 'NONE', ( #6339, #11334, #701, #9827 ) ) ;
#4384 = ORIENTED_EDGE ( 'NONE', *, *, #5077, .F. ) ;
#4385 = DIRECTION ( 'NONE',  ( 0.000000000000000000, -1.000000000000000000, -0.000000000000000000 ) ) ;
#4386 = MECHANICAL_DESIGN_GEOMETRIC_PRESENTATION_REPRESENTATION (  '', ( #9451 ), #1112 ) ;
#4387 = DIRECTION ( 'NONE',  ( 0.000000000000000000, 0.000000000000000000, 1.000000000000000000 ) ) ;
#4388 = VECTOR ( 'NONE', #9560, 1000.000000000000000 ) ;
#4389 = SURFACE_STYLE_USAGE ( .BOTH. , #718 ) ;
#4390 =( NAMED_UNIT ( * ) PLANE_ANGLE_UNIT ( ) SI_UNIT ( $, .RADIAN. ) );
#4391 = CARTESIAN_POINT ( 'NONE',  ( 10.59999999999999964, 2.250000000000000444, 11.40000000000000036 ) ) ;
#4392 = SURFACE_STYLE_FILL_AREA ( #1558 ) ;
#4393 = UNCERTAINTY_MEASURE_WITH_UNIT (LENGTH_MEASURE( 1.000000000000000082E-05 ), #188, 'distance_accuracy_value', 'NONE');
#4394 = CARTESIAN_POINT ( 'NONE',  ( -8.000000000000000000, -8.000000000000000000, 2.600000000000000533 ) ) ;
#4395 =( BOUNDED_SURFACE ( )  B_SPLINE_SURFACE ( 3, 3, ( 
 ( #4431, #3650, #5341, #4496 ),
 ( #872, #9061, #754, #8129 ),
 ( #6372, #1777, #11832, #10916 ),
 ( #9114, #10322, #8629, #11152 ) ),
 .UNSPECIFIED., .F., .F., .F. ) 
 B_SPLINE_SURFACE_WITH_KNOTS ( ( 4, 4 ),
 ( 4, 4 ),
 ( 0.000000000000000000, 1.000000000000000000 ),
 ( 0.000000000000000000, 1.000000000000000000 ),
 .UNSPECIFIED. ) 
 GEOMETRIC_REPRESENTATION_ITEM ( )  RATIONAL_B_SPLINE_SURFACE ( (
 ( 1.000000000000000000, 0.3333333333333330928, 0.3333333333333330928, 1.000000000000000000),
 ( 0.9245018060306382512, 0.3081672686768792135, 0.3081672686768792135, 0.9245018060306382512),
 ( 0.9245018060306382512, 0.3081672686768792135, 0.3081672686768792135, 0.9245018060306382512),
 ( 1.000000000000000000, 0.3333333333333330928, 0.3333333333333330928, 1.000000000000000000) ) ) 
 REPRESENTATION_ITEM ( '' )  SURFACE ( )  );
#4396 =( NAMED_UNIT ( * ) PLANE_ANGLE_UNIT ( ) SI_UNIT ( $, .RADIAN. ) );
#4397 = ORIENTED_EDGE ( 'NONE', *, *, #6265, .F. ) ;
#4398 = CIRCLE ( 'NONE', #9453, 0.5999999999999998668 ) ;
#4399 = FILL_AREA_STYLE ('',( #3433 ) ) ;
#4400 = PRODUCT_DEFINITION_CONTEXT ( 'detailed design', #9859, 'design' ) ;
#4401 = SURFACE_SIDE_STYLE ('',( #7429 ) ) ;
#4402 =( NAMED_UNIT ( * ) SI_UNIT ( $, .STERADIAN. ) SOLID_ANGLE_UNIT ( ) );
#4403 = FILL_AREA_STYLE_COLOUR ( '', #9637 ) ;
#4404 = FILL_AREA_STYLE_COLOUR ( '', #7930 ) ;
#4405 =( LENGTH_UNIT ( ) NAMED_UNIT ( * ) SI_UNIT ( .MILLI., .METRE. ) );
#4406 = FACE_BOUND ( 'NONE', #8471, .T. ) ;
#4407 = MECHANICAL_DESIGN_GEOMETRIC_PRESENTATION_REPRESENTATION (  '', ( #4980 ), #10225 ) ;
#4408 = SURFACE_STYLE_USAGE ( .BOTH. , #11873 ) ;
#4409 = UNCERTAINTY_MEASURE_WITH_UNIT (LENGTH_MEASURE( 1.000000000000000082E-05 ), #3379, 'distance_accuracy_value', 'NONE');
#4410 = CARTESIAN_POINT ( 'NONE',  ( -2.000000000000000000, -8.949999999999999289, 4.200000000000000178 ) ) ;
#4411 = ADVANCED_FACE ( 'NONE', ( #10520 ), #3097, .T. ) ;
#4412 = ORIENTED_EDGE ( 'NONE', *, *, #772, .T. ) ;
#4413 = DIRECTION ( 'NONE',  ( 0.000000000000000000, -1.000000000000000000, 0.000000000000000000 ) ) ;
#4414 = ADVANCED_FACE ( 'NONE', ( #534 ), #1310, .T. ) ;
#4415 = SURFACE_SIDE_STYLE ('',( #2652 ) ) ;
#4416 = EDGE_CURVE ( 'NONE', #10647, #7633, #11664, .T. ) ;
#4417 = CARTESIAN_POINT ( 'NONE',  ( 4.000000000000000000, 0.000000000000000000, 12.19999999999999929 ) ) ;
#4418 = CARTESIAN_POINT ( 'NONE',  ( 7.750000000000000000, 6.650000000000000355, -3.700000000000000178 ) ) ;
#4419 = ADVANCED_FACE ( 'NONE', ( #2445 ), #5286, .T. ) ;
#4420 = CARTESIAN_POINT ( 'NONE',  ( 8.618474822569963223, 6.236222926405405431, 11.50351578913341832 ) ) ;
#4421 =( NAMED_UNIT ( * ) PLANE_ANGLE_UNIT ( ) SI_UNIT ( $, .RADIAN. ) );
#4422 = CARTESIAN_POINT ( 'NONE',  ( 7.112892487395622076, -2.410637254951231156, 4.999999999999999112 ) ) ;
#4423 = PRESENTATION_LAYER_ASSIGNMENT (  '', '', ( #8533 ) ) ;
#4424 = VECTOR ( 'NONE', #4891, 1000.000000000000000 ) ;
#4425 = ORIENTED_EDGE ( 'NONE', *, *, #3418, .T. ) ;
#4426 = ORIENTED_EDGE ( 'NONE', *, *, #9648, .F. ) ;
#4427 = ORIENTED_EDGE ( 'NONE', *, *, #2, .F. ) ;
#4428 = DIRECTION ( 'NONE',  ( -1.000000000000000000, 0.000000000000000000, 0.000000000000000000 ) ) ;
#4429 =( LENGTH_UNIT ( ) NAMED_UNIT ( * ) SI_UNIT ( .MILLI., .METRE. ) );
#4430 = DIRECTION ( 'NONE',  ( -0.000000000000000000, -0.000000000000000000, 1.000000000000000000 ) ) ;
#4431 = CARTESIAN_POINT ( 'NONE',  ( -7.492820323027548746, 7.492820323027547857, 11.69282032302754892 ) ) ;
#4432 = SURFACE_SIDE_STYLE ('',( #2714 ) ) ;
#4433 = FACE_OUTER_BOUND ( 'NONE', #2315, .T. ) ;
#4434 = CARTESIAN_POINT ( 'NONE',  ( -4.700000000000000178, -8.949999999999999289, 2.600000000000000533 ) ) ;
#4435 = AXIS2_PLACEMENT_3D ( 'NONE', #925, #6487, #10187 ) ;
#4436 = LINE ( 'NONE', #1669, #10922 ) ;
#4437 = LINE ( 'NONE', #8138, #6915 ) ;
#4438 = APPLICATION_PROTOCOL_DEFINITION ( 'draft international standard', 'automotive_design', 1998, #7008 ) ;
#4439 = ORIENTED_EDGE ( 'NONE', *, *, #11007, .T. ) ;
#4440 = DIRECTION ( 'NONE',  ( -1.000000000000000000, 0.000000000000000000, 0.000000000000000000 ) ) ;
#4441 = VECTOR ( 'NONE', #2227, 1000.000000000000000 ) ;
#4442 = APPLICATION_CONTEXT ( 'automotive_design' ) ;
#4443 = EDGE_CURVE ( 'NONE', #1383, #2635, #11307, .T. ) ;
#4444 = VERTEX_POINT ( 'NONE', #3532 ) ;
#4445 = DIRECTION ( 'NONE',  ( 0.000000000000000000, 0.000000000000000000, 1.000000000000000000 ) ) ;
#4446 = DIRECTION ( 'NONE',  ( 0.000000000000000000, 1.000000000000000000, -0.000000000000000000 ) ) ;
#4447 = CARTESIAN_POINT ( 'NONE',  ( 7.196750994715549687, 7.892367967113674609, 10.70113402231742583 ) ) ;
#4448 =( NAMED_UNIT ( * ) SI_UNIT ( $, .STERADIAN. ) SOLID_ANGLE_UNIT ( ) );
#4449 =( REPRESENTATION_RELATIONSHIP ('NONE','NONE', #2998, #6008 ) REPRESENTATION_RELATIONSHIP_WITH_TRANSFORMATION ( #9375 )SHAPE_REPRESENTATION_RELATIONSHIP( ) );
#4450 = DIRECTION ( 'NONE',  ( -1.000000000000000000, -0.000000000000000000, -0.000000000000000000 ) ) ;
#4451 = CIRCLE ( 'NONE', #2855, 0.5999999999999998668 ) ;
#4452 = COLOUR_RGB ( '',0.8196078431372548767, 0.8000000000000000444, 0.7529411764705882248 ) ;
#4453 = PRODUCT ( 'COMPOUND002', 'COMPOUND002', '', ( #7607 ) ) ;
#4454 = ORIENTED_EDGE ( 'NONE', *, *, #5037, .T. ) ;
#4455 = ORIENTED_EDGE ( 'NONE', *, *, #1870, .T. ) ;
#4456 = SURFACE_SIDE_STYLE ('',( #6219 ) ) ;
#4457 = CARTESIAN_POINT ( 'NONE',  ( -2.600000000000000089, -12.94999999999999929, 4.200000000000000178 ) ) ;
#4458 =( GEOMETRIC_REPRESENTATION_CONTEXT ( 3 ) GLOBAL_UNCERTAINTY_ASSIGNED_CONTEXT ( ( #6856 ) ) GLOBAL_UNIT_ASSIGNED_CONTEXT ( ( #6956, #4222, #4159 ) ) REPRESENTATION_CONTEXT ( 'NONE', 'WORKASPACE' ) );
#4459 = CARTESIAN_POINT ( 'NONE',  ( 11.09999999999999964, 5.551115123125999639E-16, 7.150000000000000355 ) ) ;
#4460 = FILL_AREA_STYLE ('',( #5374 ) ) ;
#4461 =( NAMED_UNIT ( * ) PLANE_ANGLE_UNIT ( ) SI_UNIT ( $, .RADIAN. ) );
#4462 = DIRECTION ( 'NONE',  ( 0.000000000000000000, 0.000000000000000000, -1.000000000000000000 ) ) ;
#4463 = CARTESIAN_POINT ( 'NONE',  ( 3.450000000000000178, -13.15000000000000036, 2.600000000000000533 ) ) ;
#4464 = ORIENTED_EDGE ( 'NONE', *, *, #8929, .T. ) ;
#4465 =( NAMED_UNIT ( * ) PLANE_ANGLE_UNIT ( ) SI_UNIT ( $, .RADIAN. ) );
#4466 = COLOUR_RGB ( '',0.8196078431372548767, 0.8000000000000000444, 0.7529411764705882248 ) ;
#4467 = MECHANICAL_DESIGN_GEOMETRIC_PRESENTATION_REPRESENTATION (  '', ( #9711 ), #9330 ) ;
#4468 =( GEOMETRIC_REPRESENTATION_CONTEXT ( 3 ) GLOBAL_UNCERTAINTY_ASSIGNED_CONTEXT ( ( #774 ) ) GLOBAL_UNIT_ASSIGNED_CONTEXT ( ( #2062, #11280, #4069 ) ) REPRESENTATION_CONTEXT ( 'NONE', 'WORKASPACE' ) );
#4469 = CIRCLE ( 'NONE', #3702, 3.100000000000000533 ) ;
#4470 = VECTOR ( 'NONE', #2030, 1000.000000000000000 ) ;
#4471 = PRESENTATION_LAYER_ASSIGNMENT (  '', '', ( #9896 ) ) ;
#4472 = PRESENTATION_STYLE_ASSIGNMENT (( #7211 ) ) ;
#4473 = CARTESIAN_POINT ( 'NONE',  ( 2.000000000000000000, -8.949999999999999289, 4.200000000000000178 ) ) ;
#4474 = FACE_OUTER_BOUND ( 'NONE', #8642, .T. ) ;
#4475 = SURFACE_SIDE_STYLE ('',( #3755 ) ) ;
#4476 = FILL_AREA_STYLE_COLOUR ( '', #7637 ) ;
#4477 = CARTESIAN_POINT ( 'NONE',  ( 8.000000000000000000, 4.750000000000000000, 11.90000000000000036 ) ) ;
#4478 = FACE_OUTER_BOUND ( 'NONE', #11730, .T. ) ;
#4479 = AXIS2_PLACEMENT_3D ( 'NONE', #8038, #2334, #2401 ) ;
#4480 = PLANE ( 'NONE',  #5248 ) ;
#4481 =( GEOMETRIC_REPRESENTATION_CONTEXT ( 3 ) GLOBAL_UNCERTAINTY_ASSIGNED_CONTEXT ( ( #7569 ) ) GLOBAL_UNIT_ASSIGNED_CONTEXT ( ( #9013, #10634, #5049 ) ) REPRESENTATION_CONTEXT ( 'NONE', 'WORKASPACE' ) );
#4482 = PRESENTATION_LAYER_ASSIGNMENT (  '', '', ( #4104 ) ) ;
#4483 = CARTESIAN_POINT ( 'NONE',  ( 8.803209579783262129, 5.697904729783568989, 11.28913867457981191 ) ) ;
#4484 = EDGE_CURVE ( 'NONE', #2393, #3264, #3595, .T. ) ;
#4485 = DIRECTION ( 'NONE',  ( 0.000000000000000000, -0.000000000000000000, 1.000000000000000000 ) ) ;
#4486 = COLOUR_RGB ( '',0.8196078431372548767, 0.8000000000000000444, 0.7529411764705882248 ) ;
#4487 = B_SPLINE_CURVE_WITH_KNOTS ( 'NONE', 3,
 ( #10502, #9597, #1295, #4968 ),
 .UNSPECIFIED., .F., .F.,
 ( 4, 4 ),
 ( 9.199760500100243673E-19, 0.0002122495517563701870 ),
 .UNSPECIFIED. ) ;
#4488 = ORIENTED_EDGE ( 'NONE', *, *, #20, .F. ) ;
#4489 = VECTOR ( 'NONE', #8401, 1000.000000000000000 ) ;
#4490 = VERTEX_POINT ( 'NONE', #2614 ) ;
#4491 = ORIENTED_EDGE ( 'NONE', *, *, #6682, .T. ) ;
#4492 = STYLED_ITEM ( 'NONE', ( #11596 ), #3539 ) ;
#4493 = AXIS2_PLACEMENT_3D ( 'NONE', #9509, #1192, #9686 ) ;
#4494 = LINE ( 'NONE', #8193, #6278 ) ;
#4495 = CARTESIAN_POINT ( 'NONE',  ( 7.492820323027549634, -7.492820323027551410, 11.69282032302754892 ) ) ;
#4496 = CARTESIAN_POINT ( 'NONE',  ( -7.492820323027546081, 7.492820323027547857, 11.69282032302754537 ) ) ;
#4497 = DIRECTION ( 'NONE',  ( -1.000000000000000000, 0.000000000000000000, 0.000000000000000000 ) ) ;
#4498 = DIRECTION ( 'NONE',  ( -1.000000000000000000, 0.000000000000000000, 0.000000000000000000 ) ) ;
#4499 = COLOUR_RGB ( '',0.8196078431372548767, 0.8000000000000000444, 0.7529411764705882248 ) ;
#4500 = SURFACE_SIDE_STYLE ('',( #820 ) ) ;
#4501 = VECTOR ( 'NONE', #7618, 1000.000000000000000 ) ;
#4502 = PRESENTATION_STYLE_ASSIGNMENT (( #9899 ) ) ;
#4503 = APPLICATION_PROTOCOL_DEFINITION ( 'draft international standard', 'automotive_design', 1998, #10489 ) ;
#4504 = ORIENTED_EDGE ( 'NONE', *, *, #3533, .T. ) ;
#4505 =( NAMED_UNIT ( * ) PLANE_ANGLE_UNIT ( ) SI_UNIT ( $, .RADIAN. ) );
#4506 = VERTEX_POINT ( 'NONE', #7967 ) ;
#4507 = FACE_BOUND ( 'NONE', #11006, .T. ) ;
#4508 = AXIS2_PLACEMENT_3D ( 'NONE', #4873, #7683, #9454 ) ;
#4509 = CARTESIAN_POINT ( 'NONE',  ( -0.4249999999999999889, 0.9250000000000000444, 19.40000000000000924 ) ) ;
#4510 = STYLED_ITEM ( 'NONE', ( #495 ), #3374 ) ;
#4511 = CARTESIAN_POINT ( 'NONE',  ( 3.250000000000000444, -12.75000000000000178, 0.000000000000000000 ) ) ;
#4512 = CARTESIAN_POINT ( 'NONE',  ( 6.839632633251533811, 7.536575601522907064, 12.30225273430821176 ) ) ;
#4513 =( LENGTH_UNIT ( ) NAMED_UNIT ( * ) SI_UNIT ( .MILLI., .METRE. ) );
#4514 = LINE ( 'NONE', #10934, #8608 ) ;
#4515 = UNCERTAINTY_MEASURE_WITH_UNIT (LENGTH_MEASURE( 1.000000000000000082E-05 ), #11408, 'distance_accuracy_value', 'NONE');
#4516 = SURFACE_STYLE_USAGE ( .BOTH. , #839 ) ;
#4517 = EDGE_CURVE ( 'NONE', #5569, #1864, #9767, .T. ) ;
#4518 = ORIENTED_EDGE ( 'NONE', *, *, #162, .F. ) ;
#4519 = COLOUR_RGB ( '',0.8196078431372548767, 0.8000000000000000444, 0.7529411764705882248 ) ;
#4520 = APPLICATION_CONTEXT ( 'automotive_design' ) ;
#4521 = ORIENTED_EDGE ( 'NONE', *, *, #10570, .F. ) ;
#4522 =( GEOMETRIC_REPRESENTATION_CONTEXT ( 3 ) GLOBAL_UNCERTAINTY_ASSIGNED_CONTEXT ( ( #3787 ) ) GLOBAL_UNIT_ASSIGNED_CONTEXT ( ( #5943, #5163, #5102 ) ) REPRESENTATION_CONTEXT ( 'NONE', 'WORKASPACE' ) );
#4523 = ORIENTED_EDGE ( 'NONE', *, *, #5173, .F. ) ;
#4524 = EDGE_LOOP ( 'NONE', ( #4196, #643, #9056, #1283, #11217, #1453 ) ) ;
#4525 = PRODUCT_DEFINITION_CONTEXT ( 'detailed design', #6375, 'design' ) ;
#4526 = VECTOR ( 'NONE', #5414, 1000.000000000000000 ) ;
#4527 = SURFACE_STYLE_FILL_AREA ( #10035 ) ;
#4528 = CARTESIAN_POINT ( 'NONE',  ( 8.000000000000000000, -8.000000000000000000, 0.000000000000000000 ) ) ;
#4529 =( NAMED_UNIT ( * ) SI_UNIT ( $, .STERADIAN. ) SOLID_ANGLE_UNIT ( ) );
#4530 = SURFACE_SIDE_STYLE ('',( #142 ) ) ;
#4531 = PRESENTATION_LAYER_ASSIGNMENT (  '', '', ( #6659 ) ) ;
#4532 = UNCERTAINTY_MEASURE_WITH_UNIT (LENGTH_MEASURE( 1.000000000000000082E-05 ), #1683, 'distance_accuracy_value', 'NONE');
#4533 = CARTESIAN_POINT ( 'NONE',  ( 0.000000000000000000, -7.249999927356999940, 6.200000000000001066 ) ) ;
#4534 = EDGE_CURVE ( 'NONE', #10927, #8844, #5222, .T. ) ;
#4535 = VERTEX_POINT ( 'NONE', #1782 ) ;
#4536 = CARTESIAN_POINT ( 'NONE',  ( 3.250000000000000444, -12.75000000000000178, 0.000000000000000000 ) ) ;
#4537 = EDGE_CURVE ( 'NONE', #10563, #10149, #8024, .T. ) ;
#4538 = LINE ( 'NONE', #10243, #2605 ) ;
#4539 = SURFACE_SIDE_STYLE ('',( #7148 ) ) ;
#4540 = SURFACE_STYLE_USAGE ( .BOTH. , #7397 ) ;
#4541 =( NAMED_UNIT ( * ) SI_UNIT ( $, .STERADIAN. ) SOLID_ANGLE_UNIT ( ) );
#4542 =( LENGTH_UNIT ( ) NAMED_UNIT ( * ) SI_UNIT ( .MILLI., .METRE. ) );
#4543 = DIRECTION ( 'NONE',  ( 0.000000000000000000, 1.000000000000000000, 0.000000000000000000 ) ) ;
#4544 = CARTESIAN_POINT ( 'NONE',  ( -2.000000000000000000, -8.949999999999999289, 4.400000000000000355 ) ) ;
#4545 = DIRECTION ( 'NONE',  ( 1.000000000000000000, 0.000000000000000000, 0.000000000000000000 ) ) ;
#4546 = DIRECTION ( 'NONE',  ( -0.000000000000000000, 0.000000000000000000, -1.000000000000000000 ) ) ;
#4547 = DIRECTION ( 'NONE',  ( 0.000000000000000000, 0.000000000000000000, 1.000000000000000000 ) ) ;
#4548 =( GEOMETRIC_REPRESENTATION_CONTEXT ( 3 ) GLOBAL_UNCERTAINTY_ASSIGNED_CONTEXT ( ( #3685 ) ) GLOBAL_UNIT_ASSIGNED_CONTEXT ( ( #11460, #4903, #6786 ) ) REPRESENTATION_CONTEXT ( 'NONE', 'WORKASPACE' ) );
#4549 =( LENGTH_UNIT ( ) NAMED_UNIT ( * ) SI_UNIT ( .MILLI., .METRE. ) );
#4550 = DIRECTION ( 'NONE',  ( 0.000000000000000000, 0.000000000000000000, 1.000000000000000000 ) ) ;
#4551 = CARTESIAN_POINT ( 'NONE',  ( 7.433570725192388373, -0.9810162003981330869, 5.000000000000001776 ) ) ;
#4552 = MECHANICAL_DESIGN_GEOMETRIC_PRESENTATION_REPRESENTATION (  '', ( #11915 ), #4360 ) ;
#4553 = ORIENTED_EDGE ( 'NONE', *, *, #7089, .F. ) ;
#4554 = ORIENTED_EDGE ( 'NONE', *, *, #2760, .F. ) ;
#4555 = EDGE_LOOP ( 'NONE', ( #7298, #11087, #6878, #9772 ) ) ;
#4556 = AXIS2_PLACEMENT_3D ( 'NONE', #10567, #4918, #3210 ) ;
#4557 = ORIENTED_EDGE ( 'NONE', *, *, #584, .F. ) ;
#4558 = CARTESIAN_POINT ( 'NONE',  ( 8.803209579783267458, -5.697904729783563660, 11.28913867457981191 ) ) ;
#4559 = SURFACE_STYLE_FILL_AREA ( #7285 ) ;
#4560 = FILL_AREA_STYLE ('',( #8387 ) ) ;
#4561 = CARTESIAN_POINT ( 'NONE',  ( 7.492820323027550522, -7.775658889420200559, 11.40998175663490244 ) ) ;
#4562 = CARTESIAN_POINT ( 'NONE',  ( 4.250000000000000000, 10.59999999999999964, 2.899999999999999467 ) ) ;
#4564 =( NAMED_UNIT ( * ) SI_UNIT ( $, .STERADIAN. ) SOLID_ANGLE_UNIT ( ) );
#4563 = MECHANICAL_DESIGN_GEOMETRIC_PRESENTATION_REPRESENTATION (  '', ( #7861 ), #5332 ) ;
#4565 = DIRECTION ( 'NONE',  ( 0.000000000000000000, 1.000000000000000000, -5.348620343038999729E-16 ) ) ;
#4566 = DIRECTION ( 'NONE',  ( 2.337311630789999835E-15, -1.000000000000000000, 0.000000000000000000 ) ) ;
#4567 = DIRECTION ( 'NONE',  ( 0.000000000000000000, -1.000000000000000000, 2.055968564120999972E-16 ) ) ;
#4568 = APPLICATION_PROTOCOL_DEFINITION ( 'draft international standard', 'automotive_design', 1998, #7632 ) ;
#4569 = PRESENTATION_LAYER_ASSIGNMENT (  '', '', ( #9427 ) ) ;
#4570 = PRESENTATION_STYLE_ASSIGNMENT (( #11910 ) ) ;
#4571 =( GEOMETRIC_REPRESENTATION_CONTEXT ( 3 ) GLOBAL_UNCERTAINTY_ASSIGNED_CONTEXT ( ( #10693 ) ) GLOBAL_UNIT_ASSIGNED_CONTEXT ( ( #2587, #4465, #8424 ) ) REPRESENTATION_CONTEXT ( 'NONE', 'WORKASPACE' ) );
#4572 = EDGE_LOOP ( 'NONE', ( #9240, #10511, #1054, #8311 ) ) ;
#4573 = EDGE_CURVE ( 'NONE', #2311, #8255, #5691, .T. ) ;
#4574 = CARTESIAN_POINT ( 'NONE',  ( 0.7500000000019999558, 11.09999999999999964, 2.899999999999999911 ) ) ;
#4575 = PLANE ( 'NONE',  #4381 ) ;
#4576 = EDGE_CURVE ( 'NONE', #7504, #6895, #4436, .T. ) ;
#4577 = DIRECTION ( 'NONE',  ( -1.000000000000000000, 0.000000000000000000, 0.000000000000000000 ) ) ;
#4578 = SURFACE_STYLE_USAGE ( .BOTH. , #10276 ) ;
#4579 = PRESENTATION_LAYER_ASSIGNMENT (  '', '', ( #2842 ) ) ;
#4580 = LINE ( 'NONE', #9081, #9193 ) ;
#4581 = DIRECTION ( 'NONE',  ( 0.000000000000000000, 0.000000000000000000, -1.000000000000000000 ) ) ;
#4582 = ORIENTED_EDGE ( 'NONE', *, *, #9809, .F. ) ;
#4583 = ORIENTED_EDGE ( 'NONE', *, *, #4443, .T. ) ;
#4584 = DIRECTION ( 'NONE',  ( 0.000000000000000000, 0.000000000000000000, 1.000000000000000000 ) ) ;
#4585 = STYLED_ITEM ( 'NONE', ( #3917 ), #8733 ) ;
#4586 = ORIENTED_EDGE ( 'NONE', *, *, #4933, .T. ) ;
#4587 =( GEOMETRIC_REPRESENTATION_CONTEXT ( 3 ) GLOBAL_UNCERTAINTY_ASSIGNED_CONTEXT ( ( #4146 ) ) GLOBAL_UNIT_ASSIGNED_CONTEXT ( ( #1228, #8703, #5875 ) ) REPRESENTATION_CONTEXT ( 'NONE', 'WORKASPACE' ) );
#4588 = PRODUCT_RELATED_PRODUCT_CATEGORY ( 'part', '', ( #6609 ) ) ;
#4589 = CARTESIAN_POINT ( 'NONE',  ( -0.3499999999999999778, 8.000000000000000000, 0.000000000000000000 ) ) ;
#4590 = SURFACE_SIDE_STYLE ('',( #1637 ) ) ;
#4591 = SURFACE_STYLE_FILL_AREA ( #4460 ) ;
#4592 = DIRECTION ( 'NONE',  ( 0.000000000000000000, 0.000000000000000000, 1.000000000000000000 ) ) ;
#4593 = CARTESIAN_POINT ( 'NONE',  ( 10.59999999999999964, 4.250000000000000000, 9.400000000000000355 ) ) ;
#4594 = CARTESIAN_POINT ( 'NONE',  ( 7.500000000000000000, 2.710505431213760777E-17, 4.699999999999999289 ) ) ;
#4595 = DIRECTION ( 'NONE',  ( 0.000000000000000000, 0.000000000000000000, 1.000000000000000000 ) ) ;
#4596 = EDGE_LOOP ( 'NONE', ( #3226, #7770, #11403, #11404 ) ) ;
#4597 = STYLED_ITEM ( 'NONE', ( #5083 ), #8337 ) ;
#4598 = CARTESIAN_POINT ( 'NONE',  ( 0.000000000000000000, 8.000000000000000000, 2.600000000000000533 ) ) ;
#4599 = ADVANCED_FACE ( 'NONE', ( #9066 ), #760, .F. ) ;
#4600 = PRESENTATION_LAYER_ASSIGNMENT (  '', '', ( #3225 ) ) ;
#4601 = CARTESIAN_POINT ( 'NONE',  ( -2.000000000000000000, -8.949999999999999289, 4.200000000000000178 ) ) ;
#4602 = FILL_AREA_STYLE_COLOUR ( '', #11762 ) ;
#4603 = CARTESIAN_POINT ( 'NONE',  ( 9.550000000000000711, -2.250000000000000444, 11.90000000000000036 ) ) ;
#4604 = DIRECTION ( 'NONE',  ( 1.000000000000000000, 0.000000000000000000, 0.000000000000000000 ) ) ;
#4605 =( NAMED_UNIT ( * ) PLANE_ANGLE_UNIT ( ) SI_UNIT ( $, .RADIAN. ) );
#4606 =( LENGTH_UNIT ( ) NAMED_UNIT ( * ) SI_UNIT ( .MILLI., .METRE. ) );
#4607 = VERTEX_POINT ( 'NONE', #3717 ) ;
#4608 = VERTEX_POINT ( 'NONE', #2895 ) ;
#4609 = ORIENTED_EDGE ( 'NONE', *, *, #6291, .F. ) ;
#4610 = EDGE_CURVE ( 'NONE', #9473, #1231, #1061, .T. ) ;
#4611 = CARTESIAN_POINT ( 'NONE',  ( -8.699999999999999289, 5.599999999999999645, 2.600000000000000533 ) ) ;
#4612 = CARTESIAN_POINT ( 'NONE',  ( -4.700000000000000178, -13.15000000000000036, 0.000000000000000000 ) ) ;
#4613 = LINE ( 'NONE', #11779, #8339 ) ;
#4614 = DIRECTION ( 'NONE',  ( 1.000000000000000000, 0.000000000000000000, -0.000000000000000000 ) ) ;
#4615 = FILL_AREA_STYLE ('',( #990 ) ) ;
#4616 = SURFACE_STYLE_FILL_AREA ( #8509 ) ;
#4617 = ORIENTED_EDGE ( 'NONE', *, *, #1660, .T. ) ;
#4618 = EDGE_LOOP ( 'NONE', ( #6932, #8380, #8815, #4872 ) ) ;
#4619 = PLANE ( 'NONE',  #2166 ) ;
#4620 = ORIENTED_EDGE ( 'NONE', *, *, #6199, .T. ) ;
#4621 = VECTOR ( 'NONE', #11214, 1000.000000000000000 ) ;
#4622 = SURFACE_STYLE_USAGE ( .BOTH. , #2782 ) ;
#4623 = PLANE ( 'NONE',  #1887 ) ;
#4624 =( NAMED_UNIT ( * ) PLANE_ANGLE_UNIT ( ) SI_UNIT ( $, .RADIAN. ) );
#4625 = SURFACE_STYLE_FILL_AREA ( #11292 ) ;
#4626 = CARTESIAN_POINT ( 'NONE',  ( -5.599999999999999645, -8.000000000000000000, 0.000000000000000000 ) ) ;
#4627 = LINE ( 'NONE', #1855, #4876 ) ;
#4628 =( LENGTH_UNIT ( ) NAMED_UNIT ( * ) SI_UNIT ( .MILLI., .METRE. ) );
#4629 = UNCERTAINTY_MEASURE_WITH_UNIT (LENGTH_MEASURE( 1.000000000000000082E-05 ), #10571, 'distance_accuracy_value', 'NONE');
#4630 = EDGE_CURVE ( 'NONE', #9241, #6381, #6500, .T. ) ;
#4631 =( GEOMETRIC_REPRESENTATION_CONTEXT ( 3 ) GLOBAL_UNCERTAINTY_ASSIGNED_CONTEXT ( ( #9404 ) ) GLOBAL_UNIT_ASSIGNED_CONTEXT ( ( #11554, #3236, #5123 ) ) REPRESENTATION_CONTEXT ( 'NONE', 'WORKASPACE' ) );
#4632 = ADVANCED_FACE ( 'NONE', ( #174 ), #8451, .F. ) ;
#4633 = PRESENTATION_LAYER_ASSIGNMENT (  '', '', ( #5592 ) ) ;
#4634 = ORIENTED_EDGE ( 'NONE', *, *, #1931, .F. ) ;
#4635 = FACE_OUTER_BOUND ( 'NONE', #234, .T. ) ;
#4636 = ORIENTED_EDGE ( 'NONE', *, *, #6763, .T. ) ;
#4637 = UNCERTAINTY_MEASURE_WITH_UNIT (LENGTH_MEASURE( 1.000000000000000082E-05 ), #3612, 'distance_accuracy_value', 'NONE');
#4638 = CARTESIAN_POINT ( 'NONE',  ( -4.250000000000000000, 11.09999999999999964, 2.899999999999999911 ) ) ;
#4639 = AXIS2_PLACEMENT_3D ( 'NONE', #370, #4090, #9785 ) ;
#4640 = DIRECTION ( 'NONE',  ( 1.000000000000000000, 0.000000000000000000, 0.000000000000000000 ) ) ;
#4641 = VECTOR ( 'NONE', #4147, 1000.000000000000000 ) ;
#4642 = SURFACE_SIDE_STYLE ('',( #6525 ) ) ;
#4643 = CARTESIAN_POINT ( 'NONE',  ( -2.000000000000000000, 9.750000000000000000, 0.000000000000000000 ) ) ;
#4644 = DIRECTION ( 'NONE',  ( -1.000000000000000000, -0.000000000000000000, 0.000000000000000000 ) ) ;
#4645 = UNCERTAINTY_MEASURE_WITH_UNIT (LENGTH_MEASURE( 1.000000000000000082E-05 ), #6508, 'distance_accuracy_value', 'NONE');
#4646 = CARTESIAN_POINT ( 'NONE',  ( 10.25000000000000000, 2.500000000000000000, -3.700000000000000178 ) ) ;
#4647 = STYLED_ITEM ( 'NONE', ( #8866 ), #10954 ) ;
#4648 = ORIENTED_EDGE ( 'NONE', *, *, #8614, .T. ) ;
#4649 = DIRECTION ( 'NONE',  ( 4.011465257279000566E-16, 0.000000000000000000, -1.000000000000000000 ) ) ;
#4650 =( LENGTH_UNIT ( ) NAMED_UNIT ( * ) SI_UNIT ( .MILLI., .METRE. ) );
#4651 = STYLED_ITEM ( 'NONE', ( #8967 ), #7314 ) ;
#4652 = EDGE_CURVE ( 'NONE', #9634, #6684, #9433, .T. ) ;
#4653 = COLOUR_RGB ( '',0.8196078431372548767, 0.8000000000000000444, 0.7529411764705882248 ) ;
#4654 = FILL_AREA_STYLE ('',( #970 ) ) ;
#4655 = DIRECTION ( 'NONE',  ( -0.000000000000000000, 1.000000000000000000, -0.000000000000000000 ) ) ;
#4656 = DIRECTION ( 'NONE',  ( 1.000000000000000000, 0.000000000000000000, -0.000000000000000000 ) ) ;
#4657 = FILL_AREA_STYLE ('',( #7706 ) ) ;
#4658 =( LENGTH_UNIT ( ) NAMED_UNIT ( * ) SI_UNIT ( .MILLI., .METRE. ) );
#4659 = SURFACE_SIDE_STYLE ('',( #3579 ) ) ;
#4660 = VECTOR ( 'NONE', #6708, 1000.000000000000000 ) ;
#4661 = EDGE_CURVE ( 'NONE', #9985, #4608, #2840, .T. ) ;
#4662 = CIRCLE ( 'NONE', #5046, 1.200000000000000622 ) ;
#4663 = DIRECTION ( 'NONE',  ( 0.000000000000000000, 0.000000000000000000, -1.000000000000000000 ) ) ;
#4664 = EDGE_CURVE ( 'NONE', #4063, #9905, #10265, .T. ) ;
#4665 = PRODUCT_DEFINITION_SHAPE ( 'NONE', 'NONE',  #474 ) ;
#4666 = PRESENTATION_LAYER_ASSIGNMENT (  '', '', ( #56 ) ) ;
#4667 = VERTEX_POINT ( 'NONE', #1948 ) ;
#4668 = ORIENTED_EDGE ( 'NONE', *, *, #4049, .F. ) ;
#4669 = ORIENTED_EDGE ( 'NONE', *, *, #625, .T. ) ;
#4670 = VECTOR ( 'NONE', #6732, 1000.000000000000000 ) ;
#4671 = CARTESIAN_POINT ( 'NONE',  ( 7.492820323027549634, -7.492820323027549634, 11.69282032302754892 ) ) ;
#4672 =( NAMED_UNIT ( * ) SI_UNIT ( $, .STERADIAN. ) SOLID_ANGLE_UNIT ( ) );
#4673 = DIRECTION ( 'NONE',  ( 0.000000000000000000, 0.000000000000000000, 1.000000000000000000 ) ) ;
#4674 = STYLED_ITEM ( 'NONE', ( #7016 ), #3400 ) ;
#4675 = DIRECTION ( 'NONE',  ( 0.000000000000000000, -1.000000000000000000, 0.000000000000000000 ) ) ;
#4676 = CARTESIAN_POINT ( 'NONE',  ( 0.000000000000000000, -10.97499999999999964, 4.200000000000000178 ) ) ;
#4677 = PLANE ( 'NONE',  #10115 ) ;
#4678 = APPLICATION_CONTEXT ( 'automotive_design' ) ;
#4679 = ADVANCED_FACE ( 'NONE', ( #2959 ), #5634, .T. ) ;
#4680 = EDGE_CURVE ( 'NONE', #1845, #10913, #4189, .T. ) ;
#4681 = FACE_OUTER_BOUND ( 'NONE', #2450, .T. ) ;
#4682 = EDGE_CURVE ( 'NONE', #8968, #11515, #3082, .T. ) ;
#4683 = APPLICATION_PROTOCOL_DEFINITION ( 'draft international standard', 'automotive_design', 1998, #9274 ) ;
#4684 = ADVANCED_BREP_SHAPE_REPRESENTATION ( '', ( #11760, #3260 ), #6574 ) ;
#4685 = ORIENTED_EDGE ( 'NONE', *, *, #11603, .T. ) ;
#4686 = MECHANICAL_DESIGN_GEOMETRIC_PRESENTATION_REPRESENTATION (  '', ( #3326 ), #3736 ) ;
#4687 = COLOUR_RGB ( '',0.7019607843137254388, 0.7019607843137254388, 0.7019607843137254388 ) ;
#4688 =( REPRESENTATION_RELATIONSHIP ('NONE','NONE', #2998, #10135 ) REPRESENTATION_RELATIONSHIP_WITH_TRANSFORMATION ( #4077 )SHAPE_REPRESENTATION_RELATIONSHIP( ) );
#4689 = EDGE_LOOP ( 'NONE', ( #4198, #11302, #4107, #10764 ) ) ;
#4690 = FACE_OUTER_BOUND ( 'NONE', #10490, .T. ) ;
#4691 = ORIENTED_EDGE ( 'NONE', *, *, #3280, .F. ) ;
#4692 = SURFACE_STYLE_FILL_AREA ( #7494 ) ;
#4693 = CARTESIAN_POINT ( 'NONE',  ( 10.59999999999999964, 0.7500000000022184476, 11.40000000000000036 ) ) ;
#4694 = VECTOR ( 'NONE', #5133, 1000.000000000000000 ) ;
#4695 = CARTESIAN_POINT ( 'NONE',  ( -4.750000000000000000, 8.000000000000000000, 0.000000000000000000 ) ) ;
#4696 = CYLINDRICAL_SURFACE ( 'NONE', #1401, 0.7499999999999997780 ) ;
#4697 = DIRECTION ( 'NONE',  ( 1.168655815394999918E-15, -1.000000000000000000, 0.000000000000000000 ) ) ;
#4698 = AXIS2_PLACEMENT_3D ( 'NONE', #8336, #64, #1294 ) ;
#4699 = FILL_AREA_STYLE ('',( #6693 ) ) ;
#4700 = CARTESIAN_POINT ( 'NONE',  ( -2.734427485087087090E-16, 11.09999999999999964, 9.449999999999999289 ) ) ;
#4701 =( LENGTH_UNIT ( ) NAMED_UNIT ( * ) SI_UNIT ( .MILLI., .METRE. ) );
#4702 = ORIENTED_EDGE ( 'NONE', *, *, #3142, .F. ) ;
#4703 = LINE ( 'NONE', #3741, #11649 ) ;
#4704 = ORIENTED_EDGE ( 'NONE', *, *, #5738, .T. ) ;
#4705 = COLOUR_RGB ( '',0.09803921568627450844, 0.09803921568627450844, 0.09803921568627450844 ) ;
#4706 = LINE ( 'NONE', #5824, #6239 ) ;
#4707 = FACE_OUTER_BOUND ( 'NONE', #9972, .T. ) ;
#4708 = ADVANCED_FACE ( 'NONE', ( #2121 ), #519, .T. ) ;
#4709 = CARTESIAN_POINT ( 'NONE',  ( 10.59999999999999964, -4.250000000000000000, 9.650000000000000355 ) ) ;
#4710 = DIRECTION ( 'NONE',  ( -0.000000000000000000, -0.000000000000000000, 1.000000000000000000 ) ) ;
#4711 = FACE_OUTER_BOUND ( 'NONE', #11752, .T. ) ;
#4712 = AXIS2_PLACEMENT_3D ( 'NONE', #8392, #8263, #2063 ) ;
#4713 = ORIENTED_EDGE ( 'NONE', *, *, #7092, .T. ) ;
#4714 = CARTESIAN_POINT ( 'NONE',  ( 3.000000000000000000, 9.750000000000000000, 0.000000000000000000 ) ) ;
#4715 = SURFACE_SIDE_STYLE ('',( #2873 ) ) ;
#4716 =( GEOMETRIC_REPRESENTATION_CONTEXT ( 3 ) GLOBAL_UNCERTAINTY_ASSIGNED_CONTEXT ( ( #8521 ) ) GLOBAL_UNIT_ASSIGNED_CONTEXT ( ( #11093, #1839, #10205 ) ) REPRESENTATION_CONTEXT ( 'NONE', 'WORKASPACE' ) );
#4717 = COLOUR_RGB ( '',0.9137254901960784048, 0.5137254901960783826, 0.1372549019607843257 ) ;
#4718 = FILL_AREA_STYLE ('',( #6660 ) ) ;
#4719 = FILL_AREA_STYLE ('',( #22 ) ) ;
#4720 = SURFACE_SIDE_STYLE ('',( #10361 ) ) ;
#4721 = LINE ( 'NONE', #10363, #4955 ) ;
#4722 = DIRECTION ( 'NONE',  ( -0.000000000000000000, 0.000000000000000000, 1.000000000000000000 ) ) ;
#4723 = FILL_AREA_STYLE ('',( #1045 ) ) ;
#4724 = CARTESIAN_POINT ( 'NONE',  ( 9.750000000000000000, 0.000000000000000000, 0.8000000000000000444 ) ) ;
#4725 = DIRECTION ( 'NONE',  ( 0.000000000000000000, 1.000000000000000000, -0.000000000000000000 ) ) ;
#4726 = CARTESIAN_POINT ( 'NONE',  ( 11.09999999999999964, -4.250000000000000000, 7.900000000001332623 ) ) ;
#4727 = LINE ( 'NONE', #11142, #9120 ) ;
#4728 =( NAMED_UNIT ( * ) PLANE_ANGLE_UNIT ( ) SI_UNIT ( $, .RADIAN. ) );
#4729 = PRESENTATION_LAYER_ASSIGNMENT (  '', '', ( #2209 ) ) ;
#4730 = VERTEX_POINT ( 'NONE', #4011 ) ;
#4731 = ORIENTED_EDGE ( 'NONE', *, *, #6306, .F. ) ;
#4732 = EDGE_LOOP ( 'NONE', ( #8257, #2709, #2727, #485 ) ) ;
#4733 = PRESENTATION_LAYER_ASSIGNMENT (  '', '', ( #3165 ) ) ;
#4734 = FILL_AREA_STYLE_COLOUR ( '', #7585 ) ;
#4735 =( NAMED_UNIT ( * ) PLANE_ANGLE_UNIT ( ) SI_UNIT ( $, .RADIAN. ) );
#4736 = AXIS2_PLACEMENT_3D ( 'NONE', #7225, #3874, #3074 ) ;
#4737 = DIRECTION ( 'NONE',  ( 0.000000000000000000, 0.000000000000000000, -1.000000000000000000 ) ) ;
#4738 = VECTOR ( 'NONE', #8399, 1000.000000000000000 ) ;
#4739 = VECTOR ( 'NONE', #5827, 1000.000000000000000 ) ;
#4740 = ORIENTED_EDGE ( 'NONE', *, *, #5067, .T. ) ;
#4741 = ITEM_DEFINED_TRANSFORMATION ( 'NONE', 'NONE', #8919,  #3260 ) ;
#4742 = COLOUR_RGB ( '',0.9137254901960784048, 0.5137254901960783826, 0.1372549019607843257 ) ;
#4743 = ORIENTED_EDGE ( 'NONE', *, *, #9820, .F. ) ;
#4744 = ORIENTED_EDGE ( 'NONE', *, *, #5644, .T. ) ;
#4745 = ORIENTED_EDGE ( 'NONE', *, *, #2525, .F. ) ;
#4746 = CARTESIAN_POINT ( 'NONE',  ( 3.250000000000000444, -8.250000000000000000, 0.000000000000000000 ) ) ;
#4747 = EDGE_CURVE ( 'NONE', #8060, #9299, #6873, .T. ) ;
#4748 = FILL_AREA_STYLE ('',( #5771 ) ) ;
#4749 = DIRECTION ( 'NONE',  ( 0.000000000000000000, -0.000000000000000000, -1.000000000000000000 ) ) ;
#4750 = LINE ( 'NONE', #10219, #3173 ) ;
#4751 = CARTESIAN_POINT ( 'NONE',  ( -8.000000000000000000, -8.000000000000000000, 0.000000000000000000 ) ) ;
#4752 = UNCERTAINTY_MEASURE_WITH_UNIT (LENGTH_MEASURE( 1.000000000000000082E-05 ), #7060, 'distance_accuracy_value', 'NONE');
#4753 = SURFACE_STYLE_FILL_AREA ( #9386 ) ;
#4754 = PRODUCT ( 'COMPOUND', 'COMPOUND', '', ( #11159 ) ) ;
#4755 = EDGE_LOOP ( 'NONE', ( #6182, #8160 ) ) ;
#4756 = CARTESIAN_POINT ( 'NONE',  ( -6.498209107878231805, 3.764642257485291577, 4.999999999999999112 ) ) ;
#4757 = VERTEX_POINT ( 'NONE', #11399 ) ;
#4758 =( LENGTH_UNIT ( ) NAMED_UNIT ( * ) SI_UNIT ( .MILLI., .METRE. ) );
#4759 =( NAMED_UNIT ( * ) PLANE_ANGLE_UNIT ( ) SI_UNIT ( $, .RADIAN. ) );
#4760 = MECHANICAL_DESIGN_GEOMETRIC_PRESENTATION_REPRESENTATION (  '', ( #8455 ), #1099 ) ;
#4761 = AXIS2_PLACEMENT_3D ( 'NONE', #8297, #17, #7388 ) ;
#4762 = CARTESIAN_POINT ( 'NONE',  ( -4.700000000000000178, -8.949999999999999289, 0.000000000000000000 ) ) ;
#4763 = EDGE_CURVE ( 'NONE', #9808, #3870, #4487, .T. ) ;
#4764 = CARTESIAN_POINT ( 'NONE',  ( -0.7500000000070308204, 11.09999999999999964, 4.142093751462745388 ) ) ;
#4765 =( LENGTH_UNIT ( ) NAMED_UNIT ( * ) SI_UNIT ( .MILLI., .METRE. ) );
#4766 = PRODUCT_DEFINITION_SHAPE ( 'NONE', 'NONE',  #2058 ) ;
#4767 =( NAMED_UNIT ( * ) PLANE_ANGLE_UNIT ( ) SI_UNIT ( $, .RADIAN. ) );
#4768 = DIRECTION ( 'NONE',  ( -1.000000000000000000, 0.000000000000000000, 0.000000000000000000 ) ) ;
#4769 = UNCERTAINTY_MEASURE_WITH_UNIT (LENGTH_MEASURE( 1.000000000000000082E-05 ), #349, 'distance_accuracy_value', 'NONE');
#4770 = CARTESIAN_POINT ( 'NONE',  ( 8.949999999999999289, 4.750000000000000000, 3.200000000000000178 ) ) ;
#4771 = ORIENTED_EDGE ( 'NONE', *, *, #584, .T. ) ;
#4772 = COLOUR_RGB ( '',0.8196078431372548767, 0.8000000000000000444, 0.7529411764705882248 ) ;
#4773 = AXIS2_PLACEMENT_3D ( 'NONE', #10026, #831, #1797 ) ;
#4774 = DIRECTION ( 'NONE',  ( 0.000000000000000000, -1.000000000000000000, 0.000000000000000000 ) ) ;
#4775 = UNCERTAINTY_MEASURE_WITH_UNIT (LENGTH_MEASURE( 1.000000000000000082E-05 ), #3276, 'distance_accuracy_value', 'NONE');
#4776 = SURFACE_SIDE_STYLE ('',( #2815 ) ) ;
#4777 = CARTESIAN_POINT ( 'NONE',  ( -7.336656314599949269, 7.873312629199898716, 11.00000000000000000 ) ) ;
#4778 = CARTESIAN_POINT ( 'NONE',  ( 11.09999999999999964, 4.250000000000000888, 0.8000000000000000444 ) ) ;
#4779 = ADVANCED_FACE ( 'NONE', ( #3259 ), #3141, .F. ) ;
#4780 = MECHANICAL_DESIGN_GEOMETRIC_PRESENTATION_REPRESENTATION (  '', ( #5746 ), #7890 ) ;
#4781 = CIRCLE ( 'NONE', #2823, 1.200000000000000400 ) ;
#4782 = FACE_OUTER_BOUND ( 'NONE', #9739, .T. ) ;
#4783 =( LENGTH_UNIT ( ) NAMED_UNIT ( * ) SI_UNIT ( .MILLI., .METRE. ) );
#4784 = DIRECTION ( 'NONE',  ( -0.000000000000000000, -0.000000000000000000, 1.000000000000000000 ) ) ;
#4785 = SURFACE_STYLE_FILL_AREA ( #7467 ) ;
#4786 = SHAPE_REPRESENTATION ( 'COMPOUND012', ( #3260 ), #7352 ) ;
#4787 = EDGE_CURVE ( 'NONE', #9565, #10508, #8881, .T. ) ;
#4788 = ORIENTED_EDGE ( 'NONE', *, *, #11635, .F. ) ;
#4789 = ADVANCED_FACE ( 'NONE', ( #7277 ), #633, .T. ) ;
#4790 = VECTOR ( 'NONE', #8695, 1000.000000000000000 ) ;
#4791 = ORIENTED_EDGE ( 'NONE', *, *, #11222, .F. ) ;
#4792 = VERTEX_POINT ( 'NONE', #11769 ) ;
#4793 = CARTESIAN_POINT ( 'NONE',  ( -5.599999999999999645, 8.000000000000000000, 2.600000000000000533 ) ) ;
#4794 = PRESENTATION_STYLE_ASSIGNMENT (( #9422 ) ) ;
#4795 = DIRECTION ( 'NONE',  ( 1.000000000000000000, 0.000000000000000000, -0.000000000000000000 ) ) ;
#4796 = EDGE_CURVE ( 'NONE', #1001, #1618, #8199, .T. ) ;
#4797 = CARTESIAN_POINT ( 'NONE',  ( 11.09999999999999964, -4.750000000000000000, 6.399999999992999733 ) ) ;
#4798 = CARTESIAN_POINT ( 'NONE',  ( -7.196750994715547911, -6.501134022317422989, 12.09236796711367212 ) ) ;
#4799 = LINE ( 'NONE', #9369, #77 ) ;
#4800 = SURFACE_SIDE_STYLE ('',( #11094 ) ) ;
#4801 = PRODUCT_CONTEXT ( 'NONE', #10093, 'mechanical' ) ;
#4802 = EDGE_LOOP ( 'NONE', ( #3428, #7362 ) ) ;
#4803 = ORIENTED_EDGE ( 'NONE', *, *, #8702, .T. ) ;
#4804 = ORIENTED_EDGE ( 'NONE', *, *, #11090, .F. ) ;
#4805 = DIRECTION ( 'NONE',  ( 1.000000000000000000, 0.000000000000000000, 0.000000000000000000 ) ) ;
#4806 = PRESENTATION_STYLE_ASSIGNMENT (( #183 ) ) ;
#4807 = EDGE_CURVE ( 'NONE', #2778, #5423, #2598, .T. ) ;
#4808 = FILL_AREA_STYLE_COLOUR ( '', #11866 ) ;
#4809 = CARTESIAN_POINT ( 'NONE',  ( -3.000000000000000444, -8.000000000000000000, 6.200000000000001066 ) ) ;
#4810 = DIRECTION ( 'NONE',  ( 1.000000000000000000, -3.581364595565000168E-16, 0.000000000000000000 ) ) ;
#4811 = PRESENTATION_STYLE_ASSIGNMENT (( #5828 ) ) ;
#4812 = SURFACE_SIDE_STYLE ('',( #2736 ) ) ;
#4813 =( NAMED_UNIT ( * ) SI_UNIT ( $, .STERADIAN. ) SOLID_ANGLE_UNIT ( ) );
#4814 = ADVANCED_FACE ( 'NONE', ( #9996 ), #1708, .T. ) ;
#4815 =( GEOMETRIC_REPRESENTATION_CONTEXT ( 3 ) GLOBAL_UNCERTAINTY_ASSIGNED_CONTEXT ( ( #1516 ) ) GLOBAL_UNIT_ASSIGNED_CONTEXT ( ( #1548, #11282, #2064 ) ) REPRESENTATION_CONTEXT ( 'NONE', 'WORKASPACE' ) );
#4816 = ORIENTED_EDGE ( 'NONE', *, *, #2509, .F. ) ;
#4817 = CARTESIAN_POINT ( 'NONE',  ( -7.108999080289546413, 2.421051322981599530, 5.000000000000001776 ) ) ;
#4818 = MECHANICAL_DESIGN_GEOMETRIC_PRESENTATION_REPRESENTATION (  '', ( #7 ), #5000 ) ;
#4819 = ORIENTED_EDGE ( 'NONE', *, *, #9406, .T. ) ;
#4820 = FILL_AREA_STYLE_COLOUR ( '', #2944 ) ;
#4821 = CARTESIAN_POINT ( 'NONE',  ( -1.400000000000000133, -12.94999999999999929, 4.200000000000000178 ) ) ;
#4822 = DIRECTION ( 'NONE',  ( -1.168655815394999918E-15, 1.000000000000000000, 0.000000000000000000 ) ) ;
#4823 = LINE ( 'NONE', #11187, #11436 ) ;
#4824 =( GEOMETRIC_REPRESENTATION_CONTEXT ( 3 ) GLOBAL_UNCERTAINTY_ASSIGNED_CONTEXT ( ( #6099 ) ) GLOBAL_UNIT_ASSIGNED_CONTEXT ( ( #849, #2643, #4529 ) ) REPRESENTATION_CONTEXT ( 'NONE', 'WORKASPACE' ) );
#4825 = ORIENTED_EDGE ( 'NONE', *, *, #3922, .F. ) ;
#4826 = ADVANCED_FACE ( 'NONE', ( #1765 ), #2703, .T. ) ;
#4827 = ADVANCED_BREP_SHAPE_REPRESENTATION ( '', ( #7762, #3260 ), #1355 ) ;
#4828 = FACE_OUTER_BOUND ( 'NONE', #2067, .T. ) ;
#4829 = DIRECTION ( 'NONE',  ( 0.000000000000000000, 0.000000000000000000, 1.000000000000000000 ) ) ;
#4830 = CARTESIAN_POINT ( 'NONE',  ( 10.59999999999999964, -4.250000000000000000, 9.400000000000000355 ) ) ;
#4831 = CARTESIAN_POINT ( 'NONE',  ( -2.000000000000000000, 9.750000000000000000, -3.700000000000000178 ) ) ;
#4832 = DIRECTION ( 'NONE',  ( -3.172065784645000030E-16, 0.000000000000000000, -1.000000000000000000 ) ) ;
#4833 = CARTESIAN_POINT ( 'NONE',  ( -6.800000000000000711, 6.799999999999999822, 11.00000000000000000 ) ) ;
#4834 = FILL_AREA_STYLE_COLOUR ( '', #9364 ) ;
#4835 =( LENGTH_UNIT ( ) NAMED_UNIT ( * ) SI_UNIT ( .MILLI., .METRE. ) );
#4836 =( GEOMETRIC_REPRESENTATION_CONTEXT ( 3 ) GLOBAL_UNCERTAINTY_ASSIGNED_CONTEXT ( ( #428 ) ) GLOBAL_UNIT_ASSIGNED_CONTEXT ( ( #11446, #397, #2050 ) ) REPRESENTATION_CONTEXT ( 'NONE', 'WORKASPACE' ) );
#4837 = ORIENTED_EDGE ( 'NONE', *, *, #3904, .F. ) ;
#4838 =( GEOMETRIC_REPRESENTATION_CONTEXT ( 3 ) GLOBAL_UNCERTAINTY_ASSIGNED_CONTEXT ( ( #4169 ) ) GLOBAL_UNIT_ASSIGNED_CONTEXT ( ( #10367, #1097, #10313 ) ) REPRESENTATION_CONTEXT ( 'NONE', 'WORKASPACE' ) );
#4839 = ORIENTED_EDGE ( 'NONE', *, *, #5263, .T. ) ;
#4840 = DIRECTION ( 'NONE',  ( 0.000000000000000000, 0.000000000000000000, -1.000000000000000000 ) ) ;
#4841 = LINE ( 'NONE', #10134, #10667 ) ;
#4842 = DIRECTION ( 'NONE',  ( -0.000000000000000000, -0.000000000000000000, -1.000000000000000000 ) ) ;
#4843 = DIRECTION ( 'NONE',  ( 1.000000000000000000, 0.000000000000000000, -0.000000000000000000 ) ) ;
#4844 = STYLED_ITEM ( 'NONE', ( #8723 ), #7320 ) ;
#4845 = CARTESIAN_POINT ( 'NONE',  ( 0.4249999999999957701, 0.9249999999999932720, 12.13059553467957308 ) ) ;
#4846 = ADVANCED_FACE ( 'NONE', ( #10190 ), #8374, .T. ) ;
#4847 = MECHANICAL_DESIGN_GEOMETRIC_PRESENTATION_REPRESENTATION (  '', ( #10282 ), #7964 ) ;
#4848 = FILL_AREA_STYLE_COLOUR ( '', #11799 ) ;
#4849 = SURFACE_STYLE_USAGE ( .BOTH. , #1162 ) ;
#4850 = APPLICATION_PROTOCOL_DEFINITION ( 'draft international standard', 'automotive_design', 1998, #5906 ) ;
#4851 = AXIS2_PLACEMENT_3D ( 'NONE', #3949, #3075, #4904 ) ;
#4852 = ORIENTED_EDGE ( 'NONE', *, *, #6068, .T. ) ;
#4853 = EDGE_LOOP ( 'NONE', ( #1903, #7862 ) ) ;
#4854 =( GEOMETRIC_REPRESENTATION_CONTEXT ( 3 ) GLOBAL_UNCERTAINTY_ASSIGNED_CONTEXT ( ( #4393 ) ) GLOBAL_UNIT_ASSIGNED_CONTEXT ( ( #188, #7552, #11044 ) ) REPRESENTATION_CONTEXT ( 'NONE', 'WORKASPACE' ) );
#4855 = COLOUR_RGB ( '',0.8196078431372548767, 0.8000000000000000444, 0.7529411764705882248 ) ;
#4856 = STYLED_ITEM ( 'NONE', ( #1222 ), #9960 ) ;
#4857 = ORIENTED_EDGE ( 'NONE', *, *, #9547, .T. ) ;
#4858 =( NAMED_UNIT ( * ) PLANE_ANGLE_UNIT ( ) SI_UNIT ( $, .RADIAN. ) );
#4859 = SURFACE_STYLE_FILL_AREA ( #2074 ) ;
#4860 =( NAMED_UNIT ( * ) SI_UNIT ( $, .STERADIAN. ) SOLID_ANGLE_UNIT ( ) );
#4861 =( NAMED_UNIT ( * ) SI_UNIT ( $, .STERADIAN. ) SOLID_ANGLE_UNIT ( ) );
#4862 = SURFACE_SIDE_STYLE ('',( #3734 ) ) ;
#4863 = DIRECTION ( 'NONE',  ( 0.000000000000000000, 0.000000000000000000, -1.000000000000000000 ) ) ;
#4864 = UNCERTAINTY_MEASURE_WITH_UNIT (LENGTH_MEASURE( 1.000000000000000082E-05 ), #6604, 'distance_accuracy_value', 'NONE');
#4865 = COLOUR_RGB ( '',0.8196078431372548767, 0.8000000000000000444, 0.7529411764705882248 ) ;
#4866 = CIRCLE ( 'NONE', #2723, 7.477925848789888974 ) ;
#4867 = STYLED_ITEM ( 'NONE', ( #10021 ), #875 ) ;
#4868 = PRESENTATION_LAYER_ASSIGNMENT (  '', '', ( #6022 ) ) ;
#4869 = CARTESIAN_POINT ( 'NONE',  ( 0.000000000000000000, 0.000000000000000000, 0.000000000000000000 ) ) ;
#4870 = ORIENTED_EDGE ( 'NONE', *, *, #4268, .T. ) ;
#4871 = CARTESIAN_POINT ( 'NONE',  ( 4.575274969424324212, 5.955715148257380243, 4.999999999999998224 ) ) ;
#4872 = ORIENTED_EDGE ( 'NONE', *, *, #7851, .F. ) ;
#4873 = CARTESIAN_POINT ( 'NONE',  ( 7.750000000000000000, -6.650000000000000355, 0.000000000000000000 ) ) ;
#4874 = COLOUR_RGB ( '',0.9137254901960784048, 0.5137254901960783826, 0.1372549019607843257 ) ;
#4875 = COLOUR_RGB ( '',0.8196078431372548767, 0.8000000000000000444, 0.7529411764705882248 ) ;
#4876 = VECTOR ( 'NONE', #11919, 1000.000000000000000 ) ;
#4877 = UNCERTAINTY_MEASURE_WITH_UNIT (LENGTH_MEASURE( 1.000000000000000082E-05 ), #3222, 'distance_accuracy_value', 'NONE');
#4879 = ADVANCED_FACE ( 'NONE', ( #9703 ), #1280, .F. ) ;
#4878 = DIRECTION ( 'NONE',  ( 0.000000000000000000, -0.000000000000000000, 1.000000000000000000 ) ) ;
#4880 =( LENGTH_UNIT ( ) NAMED_UNIT ( * ) SI_UNIT ( .MILLI., .METRE. ) );
#4881 = UNCERTAINTY_MEASURE_WITH_UNIT (LENGTH_MEASURE( 1.000000000000000082E-05 ), #2270, 'distance_accuracy_value', 'NONE');
#4882 = FILL_AREA_STYLE_COLOUR ( '', #7767 ) ;
#4883 = ORIENTED_EDGE ( 'NONE', *, *, #4763, .T. ) ;
#4884 = CIRCLE ( 'NONE', #7222, 2.299999999999999822 ) ;
#4885 = FACE_OUTER_BOUND ( 'NONE', #11178, .T. ) ;
#4886 = UNCERTAINTY_MEASURE_WITH_UNIT (LENGTH_MEASURE( 1.000000000000000082E-05 ), #3354, 'distance_accuracy_value', 'NONE');
#4887 = DIRECTION ( 'NONE',  ( -1.306144734853000006E-15, 1.000000000000000000, 0.000000000000000000 ) ) ;
#4888 =( NAMED_UNIT ( * ) PLANE_ANGLE_UNIT ( ) SI_UNIT ( $, .RADIAN. ) );
#4889 = ADVANCED_FACE ( 'NONE', ( #5918 ), #11270, .T. ) ;
#4890 = LINE ( 'NONE', #10477, #3409 ) ;
#4891 = DIRECTION ( 'NONE',  ( 2.055968564120999972E-16, 0.000000000000000000, -1.000000000000000000 ) ) ;
#4892 =( GEOMETRIC_REPRESENTATION_CONTEXT ( 3 ) GLOBAL_UNCERTAINTY_ASSIGNED_CONTEXT ( ( #550 ) ) GLOBAL_UNIT_ASSIGNED_CONTEXT ( ( #3286, #3228, #6950 ) ) REPRESENTATION_CONTEXT ( 'NONE', 'WORKASPACE' ) );
#4893 = AXIS2_PLACEMENT_3D ( 'NONE', #8975, #562, #1520 ) ;
#4894 = ADVANCED_FACE ( 'NONE', ( #7646 ), #6727, .F. ) ;
#4895 = DIRECTION ( 'NONE',  ( 0.000000000000000000, 0.000000000000000000, 1.000000000000000000 ) ) ;
#4896 = CARTESIAN_POINT ( 'NONE',  ( -7.492820323027552298, -7.775658889420200559, 11.40998175663490244 ) ) ;
#4897 = DIRECTION ( 'NONE',  ( -1.000000000000000000, 0.000000000000000000, 0.000000000000000000 ) ) ;
#4898 = PRESENTATION_LAYER_ASSIGNMENT (  '', '', ( #9381 ) ) ;
#4899 = APPLICATION_CONTEXT ( 'automotive_design' ) ;
#4900 = VERTEX_POINT ( 'NONE', #5381 ) ;
#4901 = AXIS2_PLACEMENT_3D ( 'NONE', #4676, #2890, #10262 ) ;
#4902 = ORIENTED_EDGE ( 'NONE', *, *, #1394, .F. ) ;
#4903 =( NAMED_UNIT ( * ) PLANE_ANGLE_UNIT ( ) SI_UNIT ( $, .RADIAN. ) );
#4904 = DIRECTION ( 'NONE',  ( 1.000000000000000000, 0.000000000000000000, 0.000000000000000000 ) ) ;
#4905 = FILL_AREA_STYLE_COLOUR ( '', #7707 ) ;
#4906 = DIRECTION ( 'NONE',  ( 0.000000000000000000, 0.000000000000000000, -1.000000000000000000 ) ) ;
#4907 = DIRECTION ( 'NONE',  ( -1.068988633312000001E-12, 0.000000000000000000, 1.000000000000000000 ) ) ;
#4908 =( GEOMETRIC_REPRESENTATION_CONTEXT ( 3 ) GLOBAL_UNCERTAINTY_ASSIGNED_CONTEXT ( ( #5475 ) ) GLOBAL_UNIT_ASSIGNED_CONTEXT ( ( #4277, #9795, #3358 ) ) REPRESENTATION_CONTEXT ( 'NONE', 'WORKASPACE' ) );
#4909 = LINE ( 'NONE', #1293, #815 ) ;
#4910 = STYLED_ITEM ( 'NONE', ( #3813 ), #3018 ) ;
#4911 = FACE_OUTER_BOUND ( 'NONE', #6903, .T. ) ;
#4912 = SURFACE_STYLE_USAGE ( .BOTH. , #3019 ) ;
#4913 = ORIENTED_EDGE ( 'NONE', *, *, #11721, .T. ) ;
#4914 = MECHANICAL_DESIGN_GEOMETRIC_PRESENTATION_REPRESENTATION (  '', ( #11112 ), #8425 ) ;
#4915 = ORIENTED_EDGE ( 'NONE', *, *, #10342, .F. ) ;
#4916 = EDGE_CURVE ( 'NONE', #6383, #9071, #10765, .T. ) ;
#4917 = VERTEX_POINT ( 'NONE', #11575 ) ;
#4918 = DIRECTION ( 'NONE',  ( -1.000000000000000000, -0.000000000000000000, 6.123233995737000229E-17 ) ) ;
#4919 = DIRECTION ( 'NONE',  ( -1.000000000000000000, 0.000000000000000000, 0.000000000000000000 ) ) ;
#4920 = LINE ( 'NONE', #365, #9522 ) ;
#4921 = FILL_AREA_STYLE_COLOUR ( '', #8371 ) ;
#4922 = FACE_OUTER_BOUND ( 'NONE', #5936, .T. ) ;
#4923 = FACE_OUTER_BOUND ( 'NONE', #7975, .T. ) ;
#4924 = AXIS2_PLACEMENT_3D ( 'NONE', #9954, #3598, #1615 ) ;
#4925 = DIRECTION ( 'NONE',  ( 0.000000000000000000, 0.000000000000000000, -1.000000000000000000 ) ) ;
#4926 =( GEOMETRIC_REPRESENTATION_CONTEXT ( 3 ) GLOBAL_UNCERTAINTY_ASSIGNED_CONTEXT ( ( #4769 ) ) GLOBAL_UNIT_ASSIGNED_CONTEXT ( ( #349, #10493, #1286 ) ) REPRESENTATION_CONTEXT ( 'NONE', 'WORKASPACE' ) );
#4927 = DIRECTION ( 'NONE',  ( -1.000000000000000000, 0.000000000000000000, -0.000000000000000000 ) ) ;
#4928 = DIRECTION ( 'NONE',  ( 1.000000000000000000, 0.000000000000000000, 0.000000000000000000 ) ) ;
#4929 = EDGE_CURVE ( 'NONE', #9651, #164, #9986, .T. ) ;
#4930 = ORIENTED_EDGE ( 'NONE', *, *, #6417, .F. ) ;
#4931 = MECHANICAL_DESIGN_GEOMETRIC_PRESENTATION_REPRESENTATION (  '', ( #4162 ), #1473 ) ;
#4932 = VERTEX_POINT ( 'NONE', #4358 ) ;
#4933 = EDGE_CURVE ( 'NONE', #2068, #2195, #9095, .T. ) ;
#4934 = DIRECTION ( 'NONE',  ( 1.000000000000000000, 0.000000000000000000, 0.000000000000000000 ) ) ;
#4935 = VECTOR ( 'NONE', #11813, 1000.000000000000000 ) ;
#4936 = DIRECTION ( 'NONE',  ( 0.000000000000000000, 0.000000000000000000, 1.000000000000000000 ) ) ;
#4937 = DIRECTION ( 'NONE',  ( 0.000000000000000000, 0.000000000000000000, 1.000000000000000000 ) ) ;
#4938 = CARTESIAN_POINT ( 'NONE',  ( 8.000000000000000000, -2.725000000000000089, 2.600000000000000533 ) ) ;
#4939 =( NAMED_UNIT ( * ) PLANE_ANGLE_UNIT ( ) SI_UNIT ( $, .RADIAN. ) );
#4940 = DIRECTION ( 'NONE',  ( 0.000000000000000000, -1.000000000000000000, -0.000000000000000000 ) ) ;
#4941 = CARTESIAN_POINT ( 'NONE',  ( 2.500000000000000000, 9.750000000000000000, 0.8000000000000000444 ) ) ;
#4942 = SURFACE_STYLE_USAGE ( .BOTH. , #10591 ) ;
#4943 = ORIENTED_EDGE ( 'NONE', *, *, #5022, .T. ) ;
#4944 = VERTEX_POINT ( 'NONE', #4234 ) ;
#4945 =( NAMED_UNIT ( * ) PLANE_ANGLE_UNIT ( ) SI_UNIT ( $, .RADIAN. ) );
#4946 = MECHANICAL_DESIGN_GEOMETRIC_PRESENTATION_REPRESENTATION (  '', ( #9427 ), #3985 ) ;
#4947 = CARTESIAN_POINT ( 'NONE',  ( -4.000000000000000000, 4.898587196589412829E-16, 0.000000000000000000 ) ) ;
#4948 = CARTESIAN_POINT ( 'NONE',  ( -5.599999999999998757, 8.000000000000000000, 0.000000000000000000 ) ) ;
#4949 = SURFACE_SIDE_STYLE ('',( #3932 ) ) ;
#4950 = CARTESIAN_POINT ( 'NONE',  ( -1.750000000000000000, -7.449999999999999289, 5.599999999999999645 ) ) ;
#4951 = CARTESIAN_POINT ( 'NONE',  ( -2.500000000000000000, -8.500000000000000000, 4.200000000000000178 ) ) ;
#4952 = SURFACE_STYLE_USAGE ( .BOTH. , #5682 ) ;
#4953 = DIRECTION ( 'NONE',  ( 1.000000000000000000, -0.000000000000000000, 0.000000000000000000 ) ) ;
#4954 = SURFACE_STYLE_USAGE ( .BOTH. , #11329 ) ;
#4955 = VECTOR ( 'NONE', #5679, 1000.000000000000000 ) ;
#4956 =( NAMED_UNIT ( * ) PLANE_ANGLE_UNIT ( ) SI_UNIT ( $, .RADIAN. ) );
#4957 = COLOUR_RGB ( '',0.6274509803921568540, 0.6274509803921568540, 0.6274509803921568540 ) ;
#4958 = ORIENTED_EDGE ( 'NONE', *, *, #11538, .F. ) ;
#4959 = EDGE_CURVE ( 'NONE', #5029, #11774, #3443, .T. ) ;
#4960 = ORIENTED_EDGE ( 'NONE', *, *, #8272, .T. ) ;
#4961 =( NAMED_UNIT ( * ) PLANE_ANGLE_UNIT ( ) SI_UNIT ( $, .RADIAN. ) );
#4962 =( GEOMETRIC_REPRESENTATION_CONTEXT ( 3 ) GLOBAL_UNCERTAINTY_ASSIGNED_CONTEXT ( ( #4056 ) ) GLOBAL_UNIT_ASSIGNED_CONTEXT ( ( #11563, #11441, #2234 ) ) REPRESENTATION_CONTEXT ( 'NONE', 'WORKASPACE' ) );
#4963 = VECTOR ( 'NONE', #7564, 1000.000000000000000 ) ;
#4964 = DIRECTION ( 'NONE',  ( -1.000000000000000000, 0.000000000000000000, 0.000000000000000000 ) ) ;
#4965 = DIRECTION ( 'NONE',  ( -0.000000000000000000, -0.000000000000000000, -1.000000000000000000 ) ) ;
#4966 = LINE ( 'NONE', #8697, #10674 ) ;
#4967 = CARTESIAN_POINT ( 'NONE',  ( -0.4249999999999956035, 0.9249999999999920508, 12.13059553467957308 ) ) ;
#4968 = CARTESIAN_POINT ( 'NONE',  ( 0.4249999999999957701, 0.9249999999999932720, 12.13059553467957308 ) ) ;
#4969 = FILL_AREA_STYLE ('',( #4848 ) ) ;
#4970 = DIRECTION ( 'NONE',  ( 1.000000000000000000, 0.000000000000000000, -0.000000000000000000 ) ) ;
#4971 = PRESENTATION_LAYER_ASSIGNMENT (  '', '', ( #2462 ) ) ;
#4972 = ITEM_DEFINED_TRANSFORMATION ( 'NONE', 'NONE', #2688,  #3260 ) ;
#4973 =( GEOMETRIC_REPRESENTATION_CONTEXT ( 3 ) GLOBAL_UNCERTAINTY_ASSIGNED_CONTEXT ( ( #6230 ) ) GLOBAL_UNIT_ASSIGNED_CONTEXT ( ( #8925, #3448, #688 ) ) REPRESENTATION_CONTEXT ( 'NONE', 'WORKASPACE' ) );
#4974 = ORIENTED_EDGE ( 'NONE', *, *, #11386, .T. ) ;
#4975 = ORIENTED_EDGE ( 'NONE', *, *, #4630, .F. ) ;
#4976 = FILL_AREA_STYLE ('',( #11219 ) ) ;
#4977 = ORIENTED_EDGE ( 'NONE', *, *, #1394, .T. ) ;
#4978 = FACE_OUTER_BOUND ( 'NONE', #8932, .T. ) ;
#4979 = CARTESIAN_POINT ( 'NONE',  ( -0.3499999999999999778, 8.000000000000000000, 0.000000000000000000 ) ) ;
#4980 = STYLED_ITEM ( 'NONE', ( #1107 ), #9287 ) ;
#4981 = PRESENTATION_STYLE_ASSIGNMENT (( #3966 ) ) ;
#4982 =( GEOMETRIC_REPRESENTATION_CONTEXT ( 3 ) GLOBAL_UNCERTAINTY_ASSIGNED_CONTEXT ( ( #7325 ) ) GLOBAL_UNIT_ASSIGNED_CONTEXT ( ( #7640, #6778, #5792 ) ) REPRESENTATION_CONTEXT ( 'NONE', 'WORKASPACE' ) );
#4983 = CARTESIAN_POINT ( 'NONE',  ( 3.750000000000000444, -8.250000000000000000, -3.700000000000000178 ) ) ;
#4984 = PLANE ( 'NONE',  #5456 ) ;
#4985 = SURFACE_STYLE_FILL_AREA ( #7792 ) ;
#4986 = UNCERTAINTY_MEASURE_WITH_UNIT (LENGTH_MEASURE( 1.000000000000000082E-05 ), #11650, 'distance_accuracy_value', 'NONE');
#4987 = SURFACE_STYLE_USAGE ( .BOTH. , #11601 ) ;
#4988 = PRESENTATION_STYLE_ASSIGNMENT (( #6820 ) ) ;
#4989 = DIRECTION ( 'NONE',  ( 1.000000000000000000, 0.000000000000000000, 0.000000000000000000 ) ) ;
#4990 = ORIENTED_EDGE ( 'NONE', *, *, #11499, .F. ) ;
#4991 = VERTEX_POINT ( 'NONE', #10837 ) ;
#4992 = PLANE ( 'NONE',  #6697 ) ;
#4993 = CARTESIAN_POINT ( 'NONE',  ( 0.4250000000000000444, 0.9250000000000000444, 19.40000000000000568 ) ) ;
#4994 =( NAMED_UNIT ( * ) SI_UNIT ( $, .STERADIAN. ) SOLID_ANGLE_UNIT ( ) );
#4995 = DIRECTION ( 'NONE',  ( 0.000000000000000000, 0.000000000000000000, -1.000000000000000000 ) ) ;
#4996 = UNCERTAINTY_MEASURE_WITH_UNIT (LENGTH_MEASURE( 1.000000000000000082E-05 ), #121, 'distance_accuracy_value', 'NONE');
#4997 = CARTESIAN_POINT ( 'NONE',  ( -8.000000000000000000, -8.000000000000000000, 0.000000000000000000 ) ) ;
#4998 = EDGE_LOOP ( 'NONE', ( #2293, #10241, #4620, #5580 ) ) ;
#4999 = EDGE_CURVE ( 'NONE', #1805, #7252, #7936, .T. ) ;
#5000 =( GEOMETRIC_REPRESENTATION_CONTEXT ( 3 ) GLOBAL_UNCERTAINTY_ASSIGNED_CONTEXT ( ( #5131 ) ) GLOBAL_UNIT_ASSIGNED_CONTEXT ( ( #6015, #6896, #5177 ) ) REPRESENTATION_CONTEXT ( 'NONE', 'WORKASPACE' ) );
#5001 = UNCERTAINTY_MEASURE_WITH_UNIT (LENGTH_MEASURE( 1.000000000000000082E-05 ), #231, 'distance_accuracy_value', 'NONE');
#5002 = SURFACE_STYLE_FILL_AREA ( #1330 ) ;
#5003 = MECHANICAL_DESIGN_GEOMETRIC_PRESENTATION_REPRESENTATION (  '', ( #4237 ), #1543 ) ;
#5004 = DIRECTION ( 'NONE',  ( 1.000000000000000000, 0.000000000000000000, 0.000000000000000000 ) ) ;
#5005 =( GEOMETRIC_REPRESENTATION_CONTEXT ( 3 ) GLOBAL_UNCERTAINTY_ASSIGNED_CONTEXT ( ( #8913 ) ) GLOBAL_UNIT_ASSIGNED_CONTEXT ( ( #10706, #9793, #7866 ) ) REPRESENTATION_CONTEXT ( 'NONE', 'WORKASPACE' ) );
#5006 = PRESENTATION_STYLE_ASSIGNMENT (( #9804 ) ) ;
#5007 = FILL_AREA_STYLE ('',( #7642 ) ) ;
#5008 = DIRECTION ( 'NONE',  ( -1.000000000000000000, 0.000000000000000000, 0.000000000000000000 ) ) ;
#5009 = UNCERTAINTY_MEASURE_WITH_UNIT (LENGTH_MEASURE( 1.000000000000000082E-05 ), #939, 'distance_accuracy_value', 'NONE');
#5010 = FILL_AREA_STYLE ('',( #3246 ) ) ;
#5011 = FILL_AREA_STYLE_COLOUR ( '', #8542 ) ;
#5012 =( NAMED_UNIT ( * ) SI_UNIT ( $, .STERADIAN. ) SOLID_ANGLE_UNIT ( ) );
#5013 = ORIENTED_EDGE ( 'NONE', *, *, #2111, .T. ) ;
#5015 = ORIENTED_EDGE ( 'NONE', *, *, #5861, .T. ) ;
#5014 = COLOUR_RGB ( '',0.8196078431372548767, 0.8000000000000000444, 0.7529411764705882248 ) ;
#5016 = DIRECTION ( 'NONE',  ( 0.000000000000000000, 0.000000000000000000, -1.000000000000000000 ) ) ;
#5017 = SURFACE_STYLE_FILL_AREA ( #1340 ) ;
#5018 = LINE ( 'NONE', #2368, #5670 ) ;
#5019 = CARTESIAN_POINT ( 'NONE',  ( -1.708578643762690641, -10.94999999999999929, 5.700000000000001066 ) ) ;
#5020 = COLOUR_RGB ( '',0.8196078431372548767, 0.8000000000000000444, 0.7529411764705882248 ) ;
#5021 = SURFACE_STYLE_USAGE ( .BOTH. , #6174 ) ;
#5022 = EDGE_CURVE ( 'NONE', #1663, #5275, #7205, .T. ) ;
#5023 = SURFACE_STYLE_USAGE ( .BOTH. , #4012 ) ;
#5024 = LINE ( 'NONE', #6741, #8071 ) ;
#5025 =( GEOMETRIC_REPRESENTATION_CONTEXT ( 3 ) GLOBAL_UNCERTAINTY_ASSIGNED_CONTEXT ( ( #3434 ) ) GLOBAL_UNIT_ASSIGNED_CONTEXT ( ( #255, #200, #3912 ) ) REPRESENTATION_CONTEXT ( 'NONE', 'WORKASPACE' ) );
#5026 = ORIENTED_EDGE ( 'NONE', *, *, #10394, .F. ) ;
#5027 = ORIENTED_EDGE ( 'NONE', *, *, #2508, .F. ) ;
#5028 = ORIENTED_EDGE ( 'NONE', *, *, #7909, .T. ) ;
#5029 = VERTEX_POINT ( 'NONE', #2524 ) ;
#5030 =( LENGTH_UNIT ( ) NAMED_UNIT ( * ) SI_UNIT ( .MILLI., .METRE. ) );
#5031 =( NAMED_UNIT ( * ) PLANE_ANGLE_UNIT ( ) SI_UNIT ( $, .RADIAN. ) );
#5032 = STYLED_ITEM ( 'NONE', ( #2993 ), #7242 ) ;
#5033 = CARTESIAN_POINT ( 'NONE',  ( -4.250000000000000000, 11.09999999999999964, 7.900000000007000089 ) ) ;
#5034 = STYLED_ITEM ( 'NONE', ( #3404 ), #9828 ) ;
#5035 = FACE_OUTER_BOUND ( 'NONE', #10804, .T. ) ;
#5036 = SURFACE_SIDE_STYLE ('',( #4145 ) ) ;
#5037 = EDGE_CURVE ( 'NONE', #6687, #2393, #895, .T. ) ;
#5038 = EDGE_CURVE ( 'NONE', #5208, #9209, #3315, .T. ) ;
#5039 = DIRECTION ( 'NONE',  ( 1.000000000000000000, 0.000000000000000000, -0.000000000000000000 ) ) ;
#5040 = EDGE_CURVE ( 'NONE', #2311, #2016, #11697, .T. ) ;
#5041 = DIRECTION ( 'NONE',  ( 0.000000000000000000, 0.000000000000000000, -1.000000000000000000 ) ) ;
#5042 =( GEOMETRIC_REPRESENTATION_CONTEXT ( 3 ) GLOBAL_UNCERTAINTY_ASSIGNED_CONTEXT ( ( #6838 ) ) GLOBAL_UNIT_ASSIGNED_CONTEXT ( ( #5340, #8937, #3456 ) ) REPRESENTATION_CONTEXT ( 'NONE', 'WORKASPACE' ) );
#5043 = DIRECTION ( 'NONE',  ( 1.000000000000000000, 0.000000000000000000, -0.000000000000000000 ) ) ;
#5044 = DIRECTION ( 'NONE',  ( 0.000000000000000000, 0.000000000000000000, 1.000000000000000000 ) ) ;
#5045 = COLOUR_RGB ( '',0.8196078431372548767, 0.8000000000000000444, 0.7529411764705882248 ) ;
#5046 = AXIS2_PLACEMENT_3D ( 'NONE', #1591, #9768, #3387 ) ;
#5047 = CIRCLE ( 'NONE', #9535, 1.249999999999999778 ) ;
#5048 = ORIENTED_EDGE ( 'NONE', *, *, #2760, .T. ) ;
#5049 =( NAMED_UNIT ( * ) SI_UNIT ( $, .STERADIAN. ) SOLID_ANGLE_UNIT ( ) );
#5050 = ORIENTED_EDGE ( 'NONE', *, *, #3370, .F. ) ;
#5051 = DIRECTION ( 'NONE',  ( -0.000000000000000000, 1.000000000000000000, 0.000000000000000000 ) ) ;
#5052 = CIRCLE ( 'NONE', #11844, 1.199999999999999734 ) ;
#5053 = STYLED_ITEM ( 'NONE', ( #10244 ), #7627 ) ;
#5054 = DIRECTION ( 'NONE',  ( -1.000000000000000000, -1.168655815394999918E-15, 0.000000000000000000 ) ) ;
#5055 = COLOUR_RGB ( '',0.8196078431372548767, 0.8000000000000000444, 0.7529411764705882248 ) ;
#5056 = DIRECTION ( 'NONE',  ( 1.000000000000000000, -3.581364595565000168E-16, -0.000000000000000000 ) ) ;
#5057 = FILL_AREA_STYLE_COLOUR ( '', #6238 ) ;
#5058 = CIRCLE ( 'NONE', #7394, 0.5000000000000004441 ) ;
#5059 = DIRECTION ( 'NONE',  ( 0.000000000000000000, 0.000000000000000000, -1.000000000000000000 ) ) ;
#5060 = DIRECTION ( 'NONE',  ( 0.000000000000000000, 0.000000000000000000, -1.000000000000000000 ) ) ;
#5061 =( LENGTH_UNIT ( ) NAMED_UNIT ( * ) SI_UNIT ( .MILLI., .METRE. ) );
#5062 = ORIENTED_EDGE ( 'NONE', *, *, #1013, .F. ) ;
#5063 =( NAMED_UNIT ( * ) SI_UNIT ( $, .STERADIAN. ) SOLID_ANGLE_UNIT ( ) );
#5064 = VECTOR ( 'NONE', #5315, 1000.000000000000000 ) ;
#5065 = COLOUR_RGB ( '',0.8196078431372548767, 0.8000000000000000444, 0.7529411764705882248 ) ;
#5066 =( REPRESENTATION_RELATIONSHIP ('NONE','NONE', #2998, #11833 ) REPRESENTATION_RELATIONSHIP_WITH_TRANSFORMATION ( #3085 )SHAPE_REPRESENTATION_RELATIONSHIP( ) );
#5067 = EDGE_CURVE ( 'NONE', #5389, #7780, #10899, .T. ) ;
#5068 = FILL_AREA_STYLE_COLOUR ( '', #5839 ) ;
#5069 = FILL_AREA_STYLE ('',( #5853 ) ) ;
#5070 = PRESENTATION_STYLE_ASSIGNMENT (( #8916 ) ) ;
#5071 =( LENGTH_UNIT ( ) NAMED_UNIT ( * ) SI_UNIT ( .MILLI., .METRE. ) );
#5072 = CARTESIAN_POINT ( 'NONE',  ( 1.708578643762690641, -10.94999999999999929, 5.700000000000001066 ) ) ;
#5073 = CARTESIAN_POINT ( 'NONE',  ( -5.551115123125999639E-16, 10.59999999999999964, 7.150000000000000355 ) ) ;
#5074 = CIRCLE ( 'NONE', #10317, 1.200000000000000400 ) ;
#5075 = SURFACE_STYLE_FILL_AREA ( #5010 ) ;
#5076 =( NAMED_UNIT ( * ) PLANE_ANGLE_UNIT ( ) SI_UNIT ( $, .RADIAN. ) );
#5077 = EDGE_CURVE ( 'NONE', #7682, #9440, #1525, .T. ) ;
#5078 = VERTEX_POINT ( 'NONE', #3373 ) ;
#5079 = VECTOR ( 'NONE', #9701, 1000.000000000000000 ) ;
#5080 = VECTOR ( 'NONE', #11937, 1000.000000000000000 ) ;
#5081 = FILL_AREA_STYLE_COLOUR ( '', #6413 ) ;
#5082 = CARTESIAN_POINT ( 'NONE',  ( 8.000000000000000000, -5.600000000000000533, 3.200000000000000178 ) ) ;
#5083 = PRESENTATION_STYLE_ASSIGNMENT (( #1412 ) ) ;
#5084 = CARTESIAN_POINT ( 'NONE',  ( 8.949999999999999289, -4.750000000000000000, 1.000000000000000000 ) ) ;
#5085 = SURFACE_SIDE_STYLE ('',( #11464 ) ) ;
#5086 = PLANE ( 'NONE',  #11632 ) ;
#5087 = CARTESIAN_POINT ( 'NONE',  ( -6.799999999999999822, -8.000000000000000000, 2.600000000000000533 ) ) ;
#5088 = CARTESIAN_POINT ( 'NONE',  ( 11.09999999999999964, 0.7500000000009999779, 10.15790624853899971 ) ) ;
#5089 = PRESENTATION_LAYER_ASSIGNMENT (  '', '', ( #1635 ) ) ;
#5090 =( LENGTH_UNIT ( ) NAMED_UNIT ( * ) SI_UNIT ( .MILLI., .METRE. ) );
#5091 = PLANE ( 'NONE',  #11359 ) ;
#5092 = VECTOR ( 'NONE', #1795, 1000.000000000000000 ) ;
#5093 = CONTEXT_DEPENDENT_SHAPE_REPRESENTATION ( #5066, #7678 ) ;
#5094 = ORIENTED_EDGE ( 'NONE', *, *, #2650, .F. ) ;
#5095 = ORIENTED_EDGE ( 'NONE', *, *, #8891, .F. ) ;
#5096 = SHAPE_REPRESENTATION ( 'COMPOUND008', ( #3260 ), #10438 ) ;
#5097 = PRODUCT_RELATED_PRODUCT_CATEGORY ( 'part', '', ( #10281 ) ) ;
#5098 = ORIENTED_EDGE ( 'NONE', *, *, #4041, .T. ) ;
#5099 = MECHANICAL_DESIGN_GEOMETRIC_PRESENTATION_REPRESENTATION (  '', ( #9332 ), #2955 ) ;
#5100 = CARTESIAN_POINT ( 'NONE',  ( -4.750000000000000000, 8.000000000000000000, 2.600000000000000533 ) ) ;
#5101 = SURFACE_STYLE_USAGE ( .BOTH. , #6000 ) ;
#5102 =( NAMED_UNIT ( * ) SI_UNIT ( $, .STERADIAN. ) SOLID_ANGLE_UNIT ( ) );
#5103 = DIRECTION ( 'NONE',  ( -0.000000000000000000, 1.000000000000000000, -0.000000000000000000 ) ) ;
#5104 = SURFACE_SIDE_STYLE ('',( #532 ) ) ;
#5105 = UNCERTAINTY_MEASURE_WITH_UNIT (LENGTH_MEASURE( 1.000000000000000082E-05 ), #8713, 'distance_accuracy_value', 'NONE');
#5106 = CARTESIAN_POINT ( 'NONE',  ( 10.25000000000000000, 6.123233995736766036E-17, 0.000000000000000000 ) ) ;
#5107 = CARTESIAN_POINT ( 'NONE',  ( 6.799999999999999822, 6.800000000000000711, 11.00000000000000000 ) ) ;
#5108 = DIRECTION ( 'NONE',  ( 1.000000000000000000, 0.000000000000000000, 0.000000000000000000 ) ) ;
#5109 = AXIS2_PLACEMENT_3D ( 'NONE', #1719, #7117, #10862 ) ;
#5110 = STYLED_ITEM ( 'NONE', ( #1959 ), #1751 ) ;
#5111 = VERTEX_POINT ( 'NONE', #11812 ) ;
#5112 = DIRECTION ( 'NONE',  ( 0.000000000000000000, 0.000000000000000000, 1.000000000000000000 ) ) ;
#5113 = EDGE_CURVE ( 'NONE', #3413, #3847, #6288, .T. ) ;
#5114 = ORIENTED_EDGE ( 'NONE', *, *, #228, .F. ) ;
#5115 = SURFACE_SIDE_STYLE ('',( #7803 ) ) ;
#5116 = ORIENTED_EDGE ( 'NONE', *, *, #10553, .F. ) ;
#5117 = CARTESIAN_POINT ( 'NONE',  ( -8.699999999999999289, 3.450000000000000178, 6.000000000000000000 ) ) ;
#5118 = CARTESIAN_POINT ( 'NONE',  ( 0.5000000000000000000, 9.750000000000000000, 0.8000000000000000444 ) ) ;
#5119 = CARTESIAN_POINT ( 'NONE',  ( 1.649999999999999911, -10.94999999999999929, 5.599999999999999645 ) ) ;
#5120 = CARTESIAN_POINT ( 'NONE',  ( 6.799999999999999822, 0.000000000000000000, 12.19999999999999929 ) ) ;
#5121 = CARTESIAN_POINT ( 'NONE',  ( -0.7500000000069998451, 10.59999999999999964, 2.899999999999999911 ) ) ;
#5122 = FILL_AREA_STYLE_COLOUR ( '', #1766 ) ;
#5123 =( NAMED_UNIT ( * ) SI_UNIT ( $, .STERADIAN. ) SOLID_ANGLE_UNIT ( ) );
#5124 = EDGE_LOOP ( 'NONE', ( #11040, #1470, #5779, #8124 ) ) ;
#5125 =( LENGTH_UNIT ( ) NAMED_UNIT ( * ) SI_UNIT ( .MILLI., .METRE. ) );
#5126 = AXIS2_PLACEMENT_3D ( 'NONE', #10844, #2478, #5149 ) ;
#5127 = EDGE_LOOP ( 'NONE', ( #8513, #8978, #8855, #1426 ) ) ;
#5128 = DIRECTION ( 'NONE',  ( -0.000000000000000000, -0.000000000000000000, -1.000000000000000000 ) ) ;
#5129 = CIRCLE ( 'NONE', #4556, 7.477925848789888974 ) ;
#5130 = EDGE_CURVE ( 'NONE', #1076, #5228, #2441, .T. ) ;
#5131 = UNCERTAINTY_MEASURE_WITH_UNIT (LENGTH_MEASURE( 1.000000000000000082E-05 ), #6015, 'distance_accuracy_value', 'NONE');
#5132 = FACE_OUTER_BOUND ( 'NONE', #10075, .T. ) ;
#5133 = DIRECTION ( 'NONE',  ( 0.000000000000000000, 0.000000000000000000, 1.000000000000000000 ) ) ;
#5134 = AXIS2_PLACEMENT_3D ( 'NONE', #215, #3868, #5684 ) ;
#5135 = APPLICATION_CONTEXT ( 'automotive_design' ) ;
#5136 =( NAMED_UNIT ( * ) PLANE_ANGLE_UNIT ( ) SI_UNIT ( $, .RADIAN. ) );
#5137 = UNCERTAINTY_MEASURE_WITH_UNIT (LENGTH_MEASURE( 1.000000000000000082E-05 ), #6294, 'distance_accuracy_value', 'NONE');
#5138 = DIRECTION ( 'NONE',  ( 0.000000000000000000, 0.000000000000000000, -1.000000000000000000 ) ) ;
#5139 = SURFACE_STYLE_FILL_AREA ( #5260 ) ;
#5140 = VECTOR ( 'NONE', #9018, 1000.000000000000000 ) ;
#5141 = STYLED_ITEM ( 'NONE', ( #4502 ), #5373 ) ;
#5142 = ORIENTED_EDGE ( 'NONE', *, *, #4747, .T. ) ;
#5143 = ORIENTED_EDGE ( 'NONE', *, *, #3370, .T. ) ;
#5144 = ADVANCED_FACE ( 'NONE', ( #6163 ), #9868, .F. ) ;
#5145 = DIRECTION ( 'NONE',  ( 0.000000000000000000, 0.000000000000000000, -1.000000000000000000 ) ) ;
#5146 = DIRECTION ( 'NONE',  ( -0.000000000000000000, 0.000000000000000000, -1.000000000000000000 ) ) ;
#5147 = CARTESIAN_POINT ( 'NONE',  ( 0.000000000000000000, 9.750000000000000000, 0.8000000000000000444 ) ) ;
#5148 = PRESENTATION_LAYER_ASSIGNMENT (  '', '', ( #3411 ) ) ;
#5149 = DIRECTION ( 'NONE',  ( 0.000000000000000000, 0.000000000000000000, -1.000000000000000000 ) ) ;
#5150 = DIRECTION ( 'NONE',  ( -1.000000000000000000, 0.000000000000000000, 0.000000000000000000 ) ) ;
#5151 = EDGE_CURVE ( 'NONE', #287, #3959, #2648, .T. ) ;
#5152 = EDGE_CURVE ( 'NONE', #6634, #10925, #7450, .T. ) ;
#5153 = ORIENTED_EDGE ( 'NONE', *, *, #5183, .T. ) ;
#5154 = AXIS2_PLACEMENT_3D ( 'NONE', #2090, #5844, #10235 ) ;
#5155 = COLOUR_RGB ( '',0.8196078431372548767, 0.8000000000000000444, 0.7529411764705882248 ) ;
#5156 = ORIENTED_EDGE ( 'NONE', *, *, #228, .T. ) ;
#5157 = ORIENTED_EDGE ( 'NONE', *, *, #5509, .T. ) ;
#5158 = AXIS2_PLACEMENT_3D ( 'NONE', #9297, #4663, #3760 ) ;
#5159 = EDGE_CURVE ( 'NONE', #11911, #10328, #3197, .T. ) ;
#5160 = ORIENTED_EDGE ( 'NONE', *, *, #2389, .T. ) ;
#5161 = LINE ( 'NONE', #529, #3961 ) ;
#5162 = SURFACE_SIDE_STYLE ('',( #3270 ) ) ;
#5163 =( NAMED_UNIT ( * ) PLANE_ANGLE_UNIT ( ) SI_UNIT ( $, .RADIAN. ) );
#5164 =( NAMED_UNIT ( * ) PLANE_ANGLE_UNIT ( ) SI_UNIT ( $, .RADIAN. ) );
#5165 = FILL_AREA_STYLE ('',( #11663 ) ) ;
#5166 = CIRCLE ( 'NONE', #11364, 0.5999999999999998668 ) ;
#5167 = AXIS2_PLACEMENT_3D ( 'NONE', #9542, #10496, #6675 ) ;
#5168 = DIRECTION ( 'NONE',  ( 0.000000000000000000, 1.000000000000000000, 0.000000000000000000 ) ) ;
#5169 = FACE_OUTER_BOUND ( 'NONE', #1616, .T. ) ;
#5170 = CARTESIAN_POINT ( 'NONE',  ( 0.000000000000000000, 0.000000000000000000, 0.000000000000000000 ) ) ;
#5171 = ORIENTED_EDGE ( 'NONE', *, *, #7346, .T. ) ;
#5172 = PRESENTATION_STYLE_ASSIGNMENT (( #2451 ) ) ;
#5173 = EDGE_CURVE ( 'NONE', #7135, #8580, #6354, .T. ) ;
#5174 = MECHANICAL_DESIGN_GEOMETRIC_PRESENTATION_REPRESENTATION (  '', ( #6534 ), #8091 ) ;
#5175 = ORIENTED_EDGE ( 'NONE', *, *, #3301, .F. ) ;
#5176 = MECHANICAL_DESIGN_GEOMETRIC_PRESENTATION_REPRESENTATION (  '', ( #6117 ), #1523 ) ;
#5177 =( NAMED_UNIT ( * ) SI_UNIT ( $, .STERADIAN. ) SOLID_ANGLE_UNIT ( ) );
#5178 = DIRECTION ( 'NONE',  ( -0.000000000000000000, -0.000000000000000000, 1.000000000000000000 ) ) ;
#5179 = DIRECTION ( 'NONE',  ( -0.000000000000000000, -0.000000000000000000, 1.000000000000000000 ) ) ;
#5180 = LINE ( 'NONE', #8905, #825 ) ;
#5181 = PLANE ( 'NONE',  #4121 ) ;
#5182 = SURFACE_STYLE_USAGE ( .BOTH. , #11493 ) ;
#5183 = EDGE_CURVE ( 'NONE', #6216, #1769, #11070, .T. ) ;
#5184 = EDGE_CURVE ( 'NONE', #3223, #4667, #9428, .T. ) ;
#5185 = VERTEX_POINT ( 'NONE', #11942 ) ;
#5186 = EDGE_CURVE ( 'NONE', #8716, #9565, #2872, .T. ) ;
#5187 = SURFACE_STYLE_FILL_AREA ( #5912 ) ;
#5188 = FACE_OUTER_BOUND ( 'NONE', #3024, .T. ) ;
#5189 = FILL_AREA_STYLE ('',( #5914 ) ) ;
#5190 = SURFACE_STYLE_USAGE ( .BOTH. , #3311 ) ;
#5191 = SURFACE_SIDE_STYLE ('',( #1521 ) ) ;
#5192 = DIRECTION ( 'NONE',  ( 0.000000000000000000, -1.000000000000000000, 0.000000000000000000 ) ) ;
#5193 = STYLED_ITEM ( 'NONE', ( #453 ), #11231 ) ;
#5194 = ADVANCED_FACE ( 'NONE', ( #1929 ), #10242, .T. ) ;
#5195 = EDGE_CURVE ( 'NONE', #11773, #8595, #6301, .T. ) ;
#5196 = DIRECTION ( 'NONE',  ( 0.000000000000000000, 0.000000000000000000, 1.000000000000000000 ) ) ;
#5197 = EDGE_CURVE ( 'NONE', #147, #712, #5552, .T. ) ;
#5198 = DIRECTION ( 'NONE',  ( -1.000000000000000000, 0.000000000000000000, 0.000000000000000000 ) ) ;
#5199 = ORIENTED_EDGE ( 'NONE', *, *, #3389, .T. ) ;
#5200 = COLOUR_RGB ( '',0.8196078431372548767, 0.8000000000000000444, 0.7529411764705882248 ) ;
#5201 =( NAMED_UNIT ( * ) SI_UNIT ( $, .STERADIAN. ) SOLID_ANGLE_UNIT ( ) );
#5202 = CARTESIAN_POINT ( 'NONE',  ( -1.708578643762690419, -14.36715728752537835, 5.700000000000001066 ) ) ;
#5203 = LINE ( 'NONE', #9937, #9971 ) ;
#5204 = CARTESIAN_POINT ( 'NONE',  ( 6.799999999999999822, -6.799999999999999822, 2.600000000000000533 ) ) ;
#5205 = SURFACE_STYLE_USAGE ( .BOTH. , #8073 ) ;
#5206 = DIRECTION ( 'NONE',  ( 0.000000000000000000, -0.000000000000000000, 1.000000000000000000 ) ) ;
#5207 = VERTEX_POINT ( 'NONE', #7519 ) ;
#5208 = VERTEX_POINT ( 'NONE', #11191 ) ;
#5209 = EDGE_LOOP ( 'NONE', ( #8126, #11958 ) ) ;
#5210 = ORIENTED_EDGE ( 'NONE', *, *, #10570, .T. ) ;
#5211 = FACE_OUTER_BOUND ( 'NONE', #7251, .T. ) ;
#5212 = AXIS2_PLACEMENT_3D ( 'NONE', #6891, #4149, #8897 ) ;
#5213 = CARTESIAN_POINT ( 'NONE',  ( 11.09999999999999964, -0.7500000000070001782, 11.40000000000000036 ) ) ;
#5214 = FILL_AREA_STYLE_COLOUR ( '', #6918 ) ;
#5215 = COLOUR_RGB ( '',0.6274509803921568540, 0.6274509803921568540, 0.6274509803921568540 ) ;
#5216 = EDGE_CURVE ( 'NONE', #5185, #7317, #9400, .T. ) ;
#5217 =( NAMED_UNIT ( * ) SI_UNIT ( $, .STERADIAN. ) SOLID_ANGLE_UNIT ( ) );
#5218 = CARTESIAN_POINT ( 'NONE',  ( -6.799999999999999822, -6.800000000000000711, 11.00000000000000000 ) ) ;
#5219 = CIRCLE ( 'NONE', #3700, 0.5000000000000000000 ) ;
#5220 = PRODUCT_DEFINITION_SHAPE ( 'NONE', 'NONE',  #11968 ) ;
#5221 = MECHANICAL_DESIGN_GEOMETRIC_PRESENTATION_REPRESENTATION (  '', ( #10841 ), #4838 ) ;
#5222 = LINE ( 'NONE', #4329, #9401 ) ;
#5223 = SURFACE_STYLE_FILL_AREA ( #7968 ) ;
#5224 = FILL_AREA_STYLE ('',( #7357 ) ) ;
#5225 = SHAPE_DEFINITION_REPRESENTATION ( #4665, #2998 ) ;
#5226 = ORIENTED_EDGE ( 'NONE', *, *, #5263, .F. ) ;
#5227 = MECHANICAL_DESIGN_GEOMETRIC_PRESENTATION_REPRESENTATION (  '', ( #9117 ), #6984 ) ;
#5228 = VERTEX_POINT ( 'NONE', #3346 ) ;
#5229 = DIRECTION ( 'NONE',  ( -0.000000000000000000, -0.000000000000000000, -1.000000000000000000 ) ) ;
#5230 = ORIENTED_EDGE ( 'NONE', *, *, #695, .T. ) ;
#5231 =( NAMED_UNIT ( * ) SI_UNIT ( $, .STERADIAN. ) SOLID_ANGLE_UNIT ( ) );
#5232 =( NAMED_UNIT ( * ) PLANE_ANGLE_UNIT ( ) SI_UNIT ( $, .RADIAN. ) );
#5233 = CARTESIAN_POINT ( 'NONE',  ( -4.000000000000000000, 4.898587196589412829E-16, 11.70000000000000107 ) ) ;
#5234 = CARTESIAN_POINT ( 'NONE',  ( -7.750000000000000000, -6.650000000000000355, -3.700000000000000178 ) ) ;
#5235 = UNCERTAINTY_MEASURE_WITH_UNIT (LENGTH_MEASURE( 1.000000000000000082E-05 ), #638, 'distance_accuracy_value', 'NONE');
#5236 = AXIS2_PLACEMENT_3D ( 'NONE', #4463, #6352, #10043 ) ;
#5237 =( NAMED_UNIT ( * ) SI_UNIT ( $, .STERADIAN. ) SOLID_ANGLE_UNIT ( ) );
#5238 = PRESENTATION_STYLE_ASSIGNMENT (( #5364 ) ) ;
#5239 = PRESENTATION_LAYER_ASSIGNMENT (  '', '', ( #1581 ) ) ;
#5240 = MECHANICAL_DESIGN_GEOMETRIC_PRESENTATION_REPRESENTATION (  '', ( #10472 ), #10292 ) ;
#5241 =( GEOMETRIC_REPRESENTATION_CONTEXT ( 3 ) GLOBAL_UNCERTAINTY_ASSIGNED_CONTEXT ( ( #3293 ) ) GLOBAL_UNIT_ASSIGNED_CONTEXT ( ( #2165, #4945, #4167 ) ) REPRESENTATION_CONTEXT ( 'NONE', 'WORKASPACE' ) );
#5242 = MECHANICAL_DESIGN_GEOMETRIC_PRESENTATION_REPRESENTATION (  '', ( #1779 ), #11657 ) ;
#5243 = ORIENTED_EDGE ( 'NONE', *, *, #11721, .F. ) ;
#5244 = EDGE_LOOP ( 'NONE', ( #3858, #2885, #5508, #7625 ) ) ;
#5245 =( GEOMETRIC_REPRESENTATION_CONTEXT ( 3 ) GLOBAL_UNCERTAINTY_ASSIGNED_CONTEXT ( ( #440 ) ) GLOBAL_UNIT_ASSIGNED_CONTEXT ( ( #4003, #4961, #8817 ) ) REPRESENTATION_CONTEXT ( 'NONE', 'WORKASPACE' ) );
#5246 = STYLED_ITEM ( 'NONE', ( #5302 ), #7331 ) ;
#5247 = MECHANICAL_DESIGN_GEOMETRIC_PRESENTATION_REPRESENTATION (  '', ( #10484 ), #2537 ) ;
#5248 = AXIS2_PLACEMENT_3D ( 'NONE', #1148, #3067, #8435 ) ;
#5249 = PRODUCT_DEFINITION ( 'UNKNOWN', '', #4356, #3915 ) ;
#5250 = COLOUR_RGB ( '',0.8196078431372548767, 0.8000000000000000444, 0.7529411764705882248 ) ;
#5251 =( GEOMETRIC_REPRESENTATION_CONTEXT ( 3 ) GLOBAL_UNCERTAINTY_ASSIGNED_CONTEXT ( ( #6594 ) ) GLOBAL_UNIT_ASSIGNED_CONTEXT ( ( #8682, #6911, #563 ) ) REPRESENTATION_CONTEXT ( 'NONE', 'WORKASPACE' ) );
#5252 = UNCERTAINTY_MEASURE_WITH_UNIT (LENGTH_MEASURE( 1.000000000000000082E-05 ), #1804, 'distance_accuracy_value', 'NONE');
#5253 = DIRECTION ( 'NONE',  ( 0.000000000000000000, 1.000000000000000000, 0.000000000000000000 ) ) ;
#5254 = DIRECTION ( 'NONE',  ( 5.348620343038999729E-16, 0.000000000000000000, -1.000000000000000000 ) ) ;
#5255 = CARTESIAN_POINT ( 'NONE',  ( -7.184032856232865250, 14.83860099244312281, 5.017969293077330306 ) ) ;
#5256 = UNCERTAINTY_MEASURE_WITH_UNIT (LENGTH_MEASURE( 1.000000000000000082E-05 ), #9697, 'distance_accuracy_value', 'NONE');
#5257 = FACE_OUTER_BOUND ( 'NONE', #4181, .T. ) ;
#5258 = COLOUR_RGB ( '',0.8196078431372548767, 0.8000000000000000444, 0.7529411764705882248 ) ;
#5259 = ORIENTED_EDGE ( 'NONE', *, *, #11912, .F. ) ;
#5260 = FILL_AREA_STYLE ('',( #10728 ) ) ;
#5261 = VECTOR ( 'NONE', #236, 1000.000000000000000 ) ;
#5262 =( GEOMETRIC_REPRESENTATION_CONTEXT ( 3 ) GLOBAL_UNCERTAINTY_ASSIGNED_CONTEXT ( ( #8151 ) ) GLOBAL_UNIT_ASSIGNED_CONTEXT ( ( #10599, #1271, #4048 ) ) REPRESENTATION_CONTEXT ( 'NONE', 'WORKASPACE' ) );
#5263 = EDGE_CURVE ( 'NONE', #3959, #11783, #1243, .T. ) ;
#5264 = CARTESIAN_POINT ( 'NONE',  ( 2.000000000000000000, 9.750000000000000000, 0.8000000000000000444 ) ) ;
#5265 = FILL_AREA_STYLE ('',( #11884 ) ) ;
#5266 = CARTESIAN_POINT ( 'NONE',  ( 6.799999999999999822, -8.000000000000000000, 2.600000000000000533 ) ) ;
#5267 = DIRECTION ( 'NONE',  ( 0.000000000000000000, -1.068654344540000075E-12, -1.000000000000000000 ) ) ;
#5268 = VECTOR ( 'NONE', #7547, 1000.000000000000000 ) ;
#5269 = COLOUR_RGB ( '',0.7019607843137254388, 0.7019607843137254388, 0.7019607843137254388 ) ;
#5270 = CARTESIAN_POINT ( 'NONE',  ( 0.000000000000000000, 0.000000000000000000, 12.19999999999999929 ) ) ;
#5271 = DIRECTION ( 'NONE',  ( 0.000000000000000000, 1.068988633312000001E-12, 1.000000000000000000 ) ) ;
#5272 = SURFACE_STYLE_FILL_AREA ( #8928 ) ;
#5273 = PRESENTATION_STYLE_ASSIGNMENT (( #5205 ) ) ;
#5274 = CARTESIAN_POINT ( 'NONE',  ( -7.110972361590413904, -2.416217702617536212, 4.999999999999999112 ) ) ;
#5275 = VERTEX_POINT ( 'NONE', #2390 ) ;
#5276 = CIRCLE ( 'NONE', #11482, 0.5000000000000000000 ) ;
#5277 = ORIENTED_EDGE ( 'NONE', *, *, #9619, .T. ) ;
#5278 = ORIENTED_EDGE ( 'NONE', *, *, #5151, .T. ) ;
#5279 = VERTEX_POINT ( 'NONE', #3158 ) ;
#5280 = LINE ( 'NONE', #10749, #257 ) ;
#5281 = CARTESIAN_POINT ( 'NONE',  ( 3.449999999999999734, -14.40000000000000036, 0.000000000000000000 ) ) ;
#5282 = CARTESIAN_POINT ( 'NONE',  ( 7.386071179369601225, -7.919717610733607138, 11.05242474800559016 ) ) ;
#5283 = CARTESIAN_POINT ( 'NONE',  ( 11.09999999999999964, 5.551115123125999639E-16, 9.449999999999999289 ) ) ;
#5284 = AXIS2_PLACEMENT_3D ( 'NONE', #1443, #436, #6829 ) ;
#5285 = MECHANICAL_DESIGN_GEOMETRIC_PRESENTATION_REPRESENTATION (  '', ( #6257 ), #6656 ) ;
#5286 = PLANE ( 'NONE',  #1651 ) ;
#5287 = FACE_OUTER_BOUND ( 'NONE', #8511, .T. ) ;
#5288 = ORIENTED_EDGE ( 'NONE', *, *, #9093, .T. ) ;
#5289 = EDGE_CURVE ( 'NONE', #3959, #5293, #2446, .T. ) ;
#5290 = VECTOR ( 'NONE', #9715, 1000.000000000000000 ) ;
#5291 = ORIENTED_EDGE ( 'NONE', *, *, #6057, .T. ) ;
#5292 =( REPRESENTATION_RELATIONSHIP ('NONE','NONE', #10054, #2998 ) REPRESENTATION_RELATIONSHIP_WITH_TRANSFORMATION ( #10145 )SHAPE_REPRESENTATION_RELATIONSHIP( ) );
#5293 = VERTEX_POINT ( 'NONE', #4148 ) ;
#5294 =( GEOMETRIC_REPRESENTATION_CONTEXT ( 3 ) GLOBAL_UNCERTAINTY_ASSIGNED_CONTEXT ( ( #7556 ) ) GLOBAL_UNIT_ASSIGNED_CONTEXT ( ( #8068, #800, #10052 ) ) REPRESENTATION_CONTEXT ( 'NONE', 'WORKASPACE' ) );
#5295 = CARTESIAN_POINT ( 'NONE',  ( 11.09999999999999964, 3.007906248538772420, 6.399999999999057110 ) ) ;
#5296 = DIRECTION ( 'NONE',  ( 0.000000000000000000, 0.000000000000000000, -1.000000000000000000 ) ) ;
#5297 = EDGE_CURVE ( 'NONE', #1900, #4792, #5910, .T. ) ;
#5298 = LINE ( 'NONE', #4948, #4004 ) ;
#5299 = SURFACE_STYLE_FILL_AREA ( #2503 ) ;
#5300 = SURFACE_SIDE_STYLE ('',( #4392 ) ) ;
#5301 = MECHANICAL_DESIGN_GEOMETRIC_PRESENTATION_REPRESENTATION (  '', ( #11892 ), #4908 ) ;
#5302 = PRESENTATION_STYLE_ASSIGNMENT (( #11739 ) ) ;
#5303 = CARTESIAN_POINT ( 'NONE',  ( -3.000000000000000000, -13.94999999999999929, 4.200000000000000178 ) ) ;
#5304 = AXIS2_PLACEMENT_3D ( 'NONE', #646, #3398, #3589 ) ;
#5305 = ORIENTED_EDGE ( 'NONE', *, *, #140, .F. ) ;
#5306 =( GEOMETRIC_REPRESENTATION_CONTEXT ( 3 ) GLOBAL_UNCERTAINTY_ASSIGNED_CONTEXT ( ( #11923 ) ) GLOBAL_UNIT_ASSIGNED_CONTEXT ( ( #11325, #2239, #10543 ) ) REPRESENTATION_CONTEXT ( 'NONE', 'WORKASPACE' ) );
#5307 = EDGE_CURVE ( 'NONE', #9485, #2006, #11543, .T. ) ;
#5308 = ORIENTED_EDGE ( 'NONE', *, *, #4416, .T. ) ;
#5309 = ADVANCED_FACE ( 'NONE', ( #5169 ), #2324, .F. ) ;
#5310 = SURFACE_STYLE_FILL_AREA ( #5370 ) ;
#5311 = CLOSED_SHELL ( 'NONE', ( #2130, #3644, #520, #2190 ) ) ;
#5312 = ADVANCED_FACE ( 'NONE', ( #1367 ), #5950, .F. ) ;
#5313 = AXIS2_PLACEMENT_3D ( 'NONE', #8461, #2968, #4805 ) ;
#5314 = CARTESIAN_POINT ( 'NONE',  ( 8.000000000000000000, 8.000000000000000000, 0.000000000000000000 ) ) ;
#5315 = DIRECTION ( 'NONE',  ( 0.7071067811865476838, -0.7071067811865474617, 0.000000000000000000 ) ) ;
#5316 =( LENGTH_UNIT ( ) NAMED_UNIT ( * ) SI_UNIT ( .MILLI., .METRE. ) );
#5317 = CARTESIAN_POINT ( 'NONE',  ( -2.000000000000000000, -12.94999999999999929, 4.200000000000000178 ) ) ;
#5318 = LINE ( 'NONE', #8056, #10130 ) ;
#5319 = CARTESIAN_POINT ( 'NONE',  ( -7.184032856232864361, -14.22875724054454061, 33.46921757296266264 ) ) ;
#5320 = AXIS2_PLACEMENT_3D ( 'NONE', #6136, #8780, #4928 ) ;
#5321 = EDGE_LOOP ( 'NONE', ( #6930, #9929, #2670, #5455, #10592, #7009 ) ) ;
#5322 = SURFACE_STYLE_USAGE ( .BOTH. , #8980 ) ;
#5323 = VECTOR ( 'NONE', #5198, 1000.000000000000000 ) ;
#5324 = LINE ( 'NONE', #9043, #888 ) ;
#5325 = COLOUR_RGB ( '',0.9137254901960784048, 0.5137254901960783826, 0.1372549019607843257 ) ;
#5326 =( NAMED_UNIT ( * ) PLANE_ANGLE_UNIT ( ) SI_UNIT ( $, .RADIAN. ) );
#5327 = PLANE ( 'NONE',  #7241 ) ;
#5328 = CARTESIAN_POINT ( 'NONE',  ( -0.5749999999999975131, 0.7750000000000029088, 12.13765756135626361 ) ) ;
#5329 = CARTESIAN_POINT ( 'NONE',  ( 5.599999999999999645, 8.000000000000000000, 3.200000000000000178 ) ) ;
#5330 =( NAMED_UNIT ( * ) PLANE_ANGLE_UNIT ( ) SI_UNIT ( $, .RADIAN. ) );
#5331 =( GEOMETRIC_REPRESENTATION_CONTEXT ( 3 ) GLOBAL_UNCERTAINTY_ASSIGNED_CONTEXT ( ( #6816 ) ) GLOBAL_UNIT_ASSIGNED_CONTEXT ( ( #10639, #3288, #7013 ) ) REPRESENTATION_CONTEXT ( 'NONE', 'WORKASPACE' ) );
#5332 =( GEOMETRIC_REPRESENTATION_CONTEXT ( 3 ) GLOBAL_UNCERTAINTY_ASSIGNED_CONTEXT ( ( #6076 ) ) GLOBAL_UNIT_ASSIGNED_CONTEXT ( ( #1214, #5076, #10482 ) ) REPRESENTATION_CONTEXT ( 'NONE', 'WORKASPACE' ) );
#5333 = EDGE_CURVE ( 'NONE', #10565, #9918, #2616, .T. ) ;
#5334 = CARTESIAN_POINT ( 'NONE',  ( 0.4922718943826044913, -7.481826120894650600, 4.999999999999986677 ) ) ;
#5335 = EDGE_LOOP ( 'NONE', ( #1686, #6579, #10383, #8187, #5643, #6993, #9475, #11656, #6307, #2040, #1979, #2660 ) ) ;
#5336 = ORIENTED_EDGE ( 'NONE', *, *, #9374, .F. ) ;
#5337 = EDGE_LOOP ( 'NONE', ( #302, #8812, #5116, #715 ) ) ;
#5338 = PLANE ( 'NONE',  #9955 ) ;
#5339 = DIRECTION ( 'NONE',  ( -0.000000000000000000, -0.000000000000000000, 1.000000000000000000 ) ) ;
#5340 =( LENGTH_UNIT ( ) NAMED_UNIT ( * ) SI_UNIT ( .MILLI., .METRE. ) );
#5341 = CARTESIAN_POINT ( 'NONE',  ( -7.492820323027543417, 7.492820323027548746, 11.69282032302754715 ) ) ;
#5342 = STYLED_ITEM ( 'NONE', ( #7328 ), #5194 ) ;
#5343 = CARTESIAN_POINT ( 'NONE',  ( 6.839632633251533811, -8.102252734308208915, 11.73657560152290991 ) ) ;
#5344 = SURFACE_SIDE_STYLE ('',( #758 ) ) ;
#5345 = DIRECTION ( 'NONE',  ( 0.000000000000000000, 0.000000000000000000, -1.000000000000000000 ) ) ;
#5346 = CARTESIAN_POINT ( 'NONE',  ( -2.600000000000000089, -8.949999999999999289, 4.400000000000000355 ) ) ;
#5347 = VECTOR ( 'NONE', #7512, 1000.000000000000000 ) ;
#5348 = APPLICATION_PROTOCOL_DEFINITION ( 'draft international standard', 'automotive_design', 1998, #10874 ) ;
#5349 = COLOUR_RGB ( '',0.09803921568627450844, 0.09803921568627450844, 0.09803921568627450844 ) ;
#5350 = ORIENTED_EDGE ( 'NONE', *, *, #6810, .T. ) ;
#5351 = ORIENTED_EDGE ( 'NONE', *, *, #10486, .F. ) ;
#5352 = FILL_AREA_STYLE ('',( #10078 ) ) ;
#5353 = EDGE_LOOP ( 'NONE', ( #11529, #2779, #8398, #10034 ) ) ;
#5354 = DIRECTION ( 'NONE',  ( 0.000000000000000000, 0.000000000000000000, -1.000000000000000000 ) ) ;
#5355 = DIRECTION ( 'NONE',  ( 0.000000000000000000, 1.000000000000000000, 0.000000000000000000 ) ) ;
#5356 =( GEOMETRIC_REPRESENTATION_CONTEXT ( 3 ) GLOBAL_UNCERTAINTY_ASSIGNED_CONTEXT ( ( #10603 ) ) GLOBAL_UNIT_ASSIGNED_CONTEXT ( ( #10440, #1235, #11166 ) ) REPRESENTATION_CONTEXT ( 'NONE', 'WORKASPACE' ) );
#5357 = LINE ( 'NONE', #6459, #3419 ) ;
#5358 = AXIS2_PLACEMENT_3D ( 'NONE', #9017, #9579, #11790 ) ;
#5359 = AXIS2_PLACEMENT_3D ( 'NONE', #3916, #2088, #11241 ) ;
#5360 = CARTESIAN_POINT ( 'NONE',  ( -0.4249999999999956035, 0.9249999999999920508, 12.13059553467957308 ) ) ;
#5361 =( NAMED_UNIT ( * ) SI_UNIT ( $, .STERADIAN. ) SOLID_ANGLE_UNIT ( ) );
#5362 = DIRECTION ( 'NONE',  ( 0.000000000000000000, -0.000000000000000000, -1.000000000000000000 ) ) ;
#5363 = UNCERTAINTY_MEASURE_WITH_UNIT (LENGTH_MEASURE( 1.000000000000000082E-05 ), #1680, 'distance_accuracy_value', 'NONE');
#5364 = SURFACE_STYLE_USAGE ( .BOTH. , #1628 ) ;
#5365 = ORIENTED_EDGE ( 'NONE', *, *, #5810, .T. ) ;
#5366 = ORIENTED_EDGE ( 'NONE', *, *, #3389, .F. ) ;
#5367 = AXIS2_PLACEMENT_3D ( 'NONE', #8818, #6921, #7039 ) ;
#5368 = COLOUR_RGB ( '',0.9137254901960784048, 0.5137254901960783826, 0.1372549019607843257 ) ;
#5369 = VERTEX_POINT ( 'NONE', #6135 ) ;
#5370 = FILL_AREA_STYLE ('',( #8912 ) ) ;
#5371 = UNCERTAINTY_MEASURE_WITH_UNIT (LENGTH_MEASURE( 1.000000000000000082E-05 ), #7313, 'distance_accuracy_value', 'NONE');
#5372 = CARTESIAN_POINT ( 'NONE',  ( 1.400000000000000133, -12.94999999999999929, 4.200000000000000178 ) ) ;
#5373 = ADVANCED_FACE ( 'NONE', ( #5463 ), #9837, .T. ) ;
#5374 = FILL_AREA_STYLE_COLOUR ( '', #6535 ) ;
#5375 = SURFACE_STYLE_FILL_AREA ( #6408 ) ;
#5376 = PRESENTATION_STYLE_ASSIGNMENT (( #11748 ) ) ;
#5377 = FACE_OUTER_BOUND ( 'NONE', #3553, .T. ) ;
#5378 = UNCERTAINTY_MEASURE_WITH_UNIT (LENGTH_MEASURE( 1.000000000000000082E-05 ), #8244, 'distance_accuracy_value', 'NONE');
#5379 = CARTESIAN_POINT ( 'NONE',  ( -4.250000000000000000, 10.59999999999999964, 9.400000000000000355 ) ) ;
#5380 = VERTEX_POINT ( 'NONE', #5346 ) ;
#5381 = CARTESIAN_POINT ( 'NONE',  ( 8.500000000000000000, -6.650000000000000355, -3.700000000000000178 ) ) ;
#5382 = DIRECTION ( 'NONE',  ( 0.000000000000000000, -1.000000000000000000, 0.000000000000000000 ) ) ;
#5383 = SURFACE_SIDE_STYLE ('',( #742 ) ) ;
#5384 = DIRECTION ( 'NONE',  ( 0.000000000000000000, -0.000000000000000000, 1.000000000000000000 ) ) ;
#5385 = DIRECTION ( 'NONE',  ( 0.000000000000000000, 1.069189206575000149E-12, 1.000000000000000000 ) ) ;
#5386 = CARTESIAN_POINT ( 'NONE',  ( -0.9719219114441840501, -7.434751226380892142, 4.999999999999991118 ) ) ;
#5387 = MECHANICAL_DESIGN_GEOMETRIC_PRESENTATION_REPRESENTATION (  '', ( #4070 ), #3843 ) ;
#5388 = PRESENTATION_LAYER_ASSIGNMENT (  '', '', ( #10627 ) ) ;
#5389 = VERTEX_POINT ( 'NONE', #7168 ) ;
#5390 = ORIENTED_EDGE ( 'NONE', *, *, #11824, .T. ) ;
#5391 = ORIENTED_EDGE ( 'NONE', *, *, #11386, .F. ) ;
#5392 = ORIENTED_EDGE ( 'NONE', *, *, #905, .F. ) ;
#5393 =( NAMED_UNIT ( * ) PLANE_ANGLE_UNIT ( ) SI_UNIT ( $, .RADIAN. ) );
#5394 = EDGE_CURVE ( 'NONE', #10940, #8716, #6317, .T. ) ;
#5395 = PRESENTATION_STYLE_ASSIGNMENT (( #1609 ) ) ;
#5396 =( NAMED_UNIT ( * ) SI_UNIT ( $, .STERADIAN. ) SOLID_ANGLE_UNIT ( ) );
#5397 = AXIS2_PLACEMENT_3D ( 'NONE', #6740, #1161, #4133 ) ;
#5398 = PLANE ( 'NONE',  #7609 ) ;
#5399 = SURFACE_STYLE_USAGE ( .BOTH. , #4379 ) ;
#5400 = APPLICATION_PROTOCOL_DEFINITION ( 'draft international standard', 'automotive_design', 1998, #7395 ) ;
#5401 = ADVANCED_BREP_SHAPE_REPRESENTATION ( '', ( #7583, #3260 ), #3668 ) ;
#5402 = ORIENTED_EDGE ( 'NONE', *, *, #6085, .F. ) ;
#5403 = ORIENTED_EDGE ( 'NONE', *, *, #11103, .T. ) ;
#5404 = CARTESIAN_POINT ( 'NONE',  ( 5.599999999999998757, 8.949999999999999289, 0.000000000000000000 ) ) ;
#5405 = COLOUR_RGB ( '',0.8196078431372548767, 0.8000000000000000444, 0.7529411764705882248 ) ;
#5406 = ORIENTED_EDGE ( 'NONE', *, *, #8477, .T. ) ;
#5407 = ADVANCED_FACE ( 'NONE', ( #4380 ), #6379, .F. ) ;
#5408 = PRESENTATION_STYLE_ASSIGNMENT (( #886 ) ) ;
#5409 = EDGE_CURVE ( 'NONE', #3709, #9746, #4437, .T. ) ;
#5410 = CARTESIAN_POINT ( 'NONE',  ( 10.59999999999999964, 4.250000000000000000, 6.399999999998000177 ) ) ;
#5411 = CARTESIAN_POINT ( 'NONE',  ( 7.492820323027552298, 7.209981756634901373, 11.97565888942020251 ) ) ;
#5412 =( NAMED_UNIT ( * ) SI_UNIT ( $, .STERADIAN. ) SOLID_ANGLE_UNIT ( ) );
#5413 = DIRECTION ( 'NONE',  ( 1.000000000000000000, 0.000000000000000000, 0.000000000000000000 ) ) ;
#5414 = DIRECTION ( 'NONE',  ( -0.000000000000000000, 1.000000000000000000, 0.000000000000000000 ) ) ;
#5415 =( NAMED_UNIT ( * ) PLANE_ANGLE_UNIT ( ) SI_UNIT ( $, .RADIAN. ) );
#5416 = COLOUR_RGB ( '',0.9137254901960784048, 0.5137254901960783826, 0.1372549019607843257 ) ;
#5417 = ORIENTED_EDGE ( 'NONE', *, *, #7227, .T. ) ;
#5418 =( LENGTH_UNIT ( ) NAMED_UNIT ( * ) SI_UNIT ( .MILLI., .METRE. ) );
#5419 = AXIS2_PLACEMENT_3D ( 'NONE', #11326, #6857, #1210 ) ;
#5420 = VERTEX_POINT ( 'NONE', #3597 ) ;
#5421 = ORIENTED_EDGE ( 'NONE', *, *, #311, .T. ) ;
#5422 = CARTESIAN_POINT ( 'NONE',  ( 6.506245701515047664, 3.751129555370631863, 5.000000000000000000 ) ) ;
#5423 = VERTEX_POINT ( 'NONE', #7234 ) ;
#5424 = MECHANICAL_DESIGN_GEOMETRIC_PRESENTATION_REPRESENTATION (  '', ( #5032 ), #1569 ) ;
#5425 = CARTESIAN_POINT ( 'NONE',  ( 8.000000000000000000, 5.599999999999999645, 2.600000000000000533 ) ) ;
#5426 = FILL_AREA_STYLE_COLOUR ( '', #11570 ) ;
#5427 = LINE ( 'NONE', #11626, #3343 ) ;
#5428 =( NAMED_UNIT ( * ) PLANE_ANGLE_UNIT ( ) SI_UNIT ( $, .RADIAN. ) );
#5429 = SURFACE_SIDE_STYLE ('',( #1750 ) ) ;
#5430 = ORIENTED_EDGE ( 'NONE', *, *, #3483, .F. ) ;
#5431 = FILL_AREA_STYLE ('',( #9285 ) ) ;
#5432 = STYLED_ITEM ( 'NONE', ( #4794 ), #2014 ) ;
#5433 =( GEOMETRIC_REPRESENTATION_CONTEXT ( 3 ) GLOBAL_UNCERTAINTY_ASSIGNED_CONTEXT ( ( #565 ) ) GLOBAL_UNIT_ASSIGNED_CONTEXT ( ( #5940, #6994, #2487 ) ) REPRESENTATION_CONTEXT ( 'NONE', 'WORKASPACE' ) );
#5434 = CARTESIAN_POINT ( 'NONE',  ( -7.000000000000000000, 6.650000000000000355, -3.700000000000000178 ) ) ;
#5435 = CIRCLE ( 'NONE', #7972, 0.1000000000000000472 ) ;
#5436 = COLOUR_RGB ( '',0.8196078431372548767, 0.8000000000000000444, 0.7529411764705882248 ) ;
#5437 = EDGE_CURVE ( 'NONE', #287, #8340, #2814, .T. ) ;
#5438 = COLOUR_RGB ( '',0.9137254901960784048, 0.5137254901960783826, 0.1372549019607843257 ) ;
#5439 = VECTOR ( 'NONE', #8304, 1000.000000000000000 ) ;
#5440 = DIRECTION ( 'NONE',  ( 0.000000000000000000, 0.000000000000000000, 1.000000000000000000 ) ) ;
#5441 = CARTESIAN_POINT ( 'NONE',  ( -4.750000000000000000, 8.949999999999999289, 3.200000000000000178 ) ) ;
#5442 =( GEOMETRIC_REPRESENTATION_CONTEXT ( 3 ) GLOBAL_UNCERTAINTY_ASSIGNED_CONTEXT ( ( #3900 ) ) GLOBAL_UNIT_ASSIGNED_CONTEXT ( ( #7577, #7333, #9230 ) ) REPRESENTATION_CONTEXT ( 'NONE', 'WORKASPACE' ) );
#5443 = LINE ( 'NONE', #859, #1114 ) ;
#5444 = PRESENTATION_LAYER_ASSIGNMENT (  '', '', ( #6017 ) ) ;
#5445 = CARTESIAN_POINT ( 'NONE',  ( 11.09999999999999964, -2.250000000000000444, 9.400000000000000355 ) ) ;
#5446 = MECHANICAL_DESIGN_GEOMETRIC_PRESENTATION_REPRESENTATION (  '', ( #10311 ), #1787 ) ;
#5447 = FILL_AREA_STYLE ('',( #10811 ) ) ;
#5448 =( GEOMETRIC_REPRESENTATION_CONTEXT ( 3 ) GLOBAL_UNCERTAINTY_ASSIGNED_CONTEXT ( ( #2337 ) ) GLOBAL_UNIT_ASSIGNED_CONTEXT ( ( #1902, #4505, #9195 ) ) REPRESENTATION_CONTEXT ( 'NONE', 'WORKASPACE' ) );
#5449 = CARTESIAN_POINT ( 'NONE',  ( -0.4836982618638944187, -7.482392263947895472, 4.999999999999989342 ) ) ;
#5450 = EDGE_CURVE ( 'NONE', #11783, #5279, #5761, .T. ) ;
#5451 = STYLED_ITEM ( 'NONE', ( #4227 ), #2481 ) ;
#5452 = ORIENTED_EDGE ( 'NONE', *, *, #3280, .T. ) ;
#5453 = VECTOR ( 'NONE', #10304, 1000.000000000000000 ) ;
#5454 = ORIENTED_EDGE ( 'NONE', *, *, #8363, .F. ) ;
#5455 = ORIENTED_EDGE ( 'NONE', *, *, #1658, .T. ) ;
#5456 = AXIS2_PLACEMENT_3D ( 'NONE', #5947, #1364, #5039 ) ;
#5457 = VECTOR ( 'NONE', #6954, 1000.000000000000000 ) ;
#5458 = ORIENTED_EDGE ( 'NONE', *, *, #5517, .F. ) ;
#5459 = CARTESIAN_POINT ( 'NONE',  ( -0.7500000000019999558, 10.59999999999999964, 9.650000000003002398 ) ) ;
#5460 =( NAMED_UNIT ( * ) SI_UNIT ( $, .STERADIAN. ) SOLID_ANGLE_UNIT ( ) );
#5461 = PRESENTATION_STYLE_ASSIGNMENT (( #6623 ) ) ;
#5462 = SURFACE_STYLE_USAGE ( .BOTH. , #2664 ) ;
#5463 = FACE_OUTER_BOUND ( 'NONE', #8209, .T. ) ;
#5464 = SHAPE_DEFINITION_REPRESENTATION ( #8349, #10054 ) ;
#5465 = VERTEX_POINT ( 'NONE', #7606 ) ;
#5466 = PRODUCT_DEFINITION ( 'UNKNOWN', '', #328, #3559 ) ;
#5467 = VERTEX_POINT ( 'NONE', #3831 ) ;
#5468 = ORIENTED_EDGE ( 'NONE', *, *, #894, .F. ) ;
#5469 = CARTESIAN_POINT ( 'NONE',  ( -4.250000000000000000, 11.09999999999999964, 7.900000000007000089 ) ) ;
#5470 =( NAMED_UNIT ( * ) PLANE_ANGLE_UNIT ( ) SI_UNIT ( $, .RADIAN. ) );
#5471 = VECTOR ( 'NONE', #8479, 1000.000000000000000 ) ;
#5472 = FILL_AREA_STYLE ('',( #2851 ) ) ;
#5473 = PLANE ( 'NONE',  #10881 ) ;
#5474 = DIRECTION ( 'NONE',  ( -1.000000000000000000, 0.000000000000000000, 0.000000000000000000 ) ) ;
#5475 = UNCERTAINTY_MEASURE_WITH_UNIT (LENGTH_MEASURE( 1.000000000000000082E-05 ), #4277, 'distance_accuracy_value', 'NONE');
#5476 = SURFACE_STYLE_FILL_AREA ( #9024 ) ;
#5477 = ORIENTED_EDGE ( 'NONE', *, *, #347, .T. ) ;
#5478 = EDGE_CURVE ( 'NONE', #8543, #3924, #2960, .T. ) ;
#5479 = ORIENTED_EDGE ( 'NONE', *, *, #6110, .F. ) ;
#5480 = ORIENTED_EDGE ( 'NONE', *, *, #382, .T. ) ;
#5481 =( NAMED_UNIT ( * ) PLANE_ANGLE_UNIT ( ) SI_UNIT ( $, .RADIAN. ) );
#5482 = ORIENTED_EDGE ( 'NONE', *, *, #1931, .T. ) ;
#5483 = PRODUCT_DEFINITION_CONTEXT ( 'detailed design', #9274, 'design' ) ;
#5484 = SURFACE_STYLE_USAGE ( .BOTH. , #7257 ) ;
#5485 = DIRECTION ( 'NONE',  ( 0.000000000000000000, 1.370645709413999982E-16, 1.000000000000000000 ) ) ;
#5486 = DIRECTION ( 'NONE',  ( -1.000000000000000000, -1.074409378669999991E-15, 0.000000000000000000 ) ) ;
#5487 = SURFACE_STYLE_USAGE ( .BOTH. , #1814 ) ;
#5488 = CARTESIAN_POINT ( 'NONE',  ( 11.09999999999999964, 5.551115123125999639E-16, 9.449999999999999289 ) ) ;
#5489 = VECTOR ( 'NONE', #7127, 1000.000000000000000 ) ;
#5490 = FILL_AREA_STYLE ('',( #10107 ) ) ;
#5491 = UNCERTAINTY_MEASURE_WITH_UNIT (LENGTH_MEASURE( 1.000000000000000082E-05 ), #2863, 'distance_accuracy_value', 'NONE');
#5492 =( NAMED_UNIT ( * ) PLANE_ANGLE_UNIT ( ) SI_UNIT ( $, .RADIAN. ) );
#5493 = EDGE_LOOP ( 'NONE', ( #866, #11354 ) ) ;
#5494 =( LENGTH_UNIT ( ) NAMED_UNIT ( * ) SI_UNIT ( .MILLI., .METRE. ) );
#5495 = VECTOR ( 'NONE', #7000, 1000.000000000000000 ) ;
#5496 = FILL_AREA_STYLE_COLOUR ( '', #4742 ) ;
#5497 = PRESENTATION_LAYER_ASSIGNMENT (  '', '', ( #1068 ) ) ;
#5498 = EDGE_CURVE ( 'NONE', #2258, #3413, #913, .T. ) ;
#5499 = PLANE ( 'NONE',  #2651 ) ;
#5500 = CARTESIAN_POINT ( 'NONE',  ( -6.799999999999999822, -6.799999999999999822, 11.00000000000000000 ) ) ;
#5501 = PRODUCT_DEFINITION_FORMATION_WITH_SPECIFIED_SOURCE ( 'ANY', '', #4262, .NOT_KNOWN. ) ;
#5502 = CARTESIAN_POINT ( 'NONE',  ( 4.250000000000000000, 11.09999999999999964, 0.8000000000000000444 ) ) ;
#5503 = MECHANICAL_DESIGN_GEOMETRIC_PRESENTATION_REPRESENTATION (  '', ( #8630 ), #4926 ) ;
#5504 =( NAMED_UNIT ( * ) PLANE_ANGLE_UNIT ( ) SI_UNIT ( $, .RADIAN. ) );
#5505 =( LENGTH_UNIT ( ) NAMED_UNIT ( * ) SI_UNIT ( .MILLI., .METRE. ) );
#5506 = SURFACE_STYLE_FILL_AREA ( #3642 ) ;
#5507 = AXIS2_PLACEMENT_3D ( 'NONE', #7463, #2656, #5384 ) ;
#5508 = ORIENTED_EDGE ( 'NONE', *, *, #7227, .F. ) ;
#5509 = EDGE_CURVE ( 'NONE', #8273, #4444, #3208, .T. ) ;
#5510 = ORIENTED_EDGE ( 'NONE', *, *, #11300, .T. ) ;
#5511 = ORIENTED_EDGE ( 'NONE', *, *, #8813, .F. ) ;
#5512 = VECTOR ( 'NONE', #10414, 1000.000000000000000 ) ;
#5513 =( NAMED_UNIT ( * ) PLANE_ANGLE_UNIT ( ) SI_UNIT ( $, .RADIAN. ) );
#5514 = FACE_OUTER_BOUND ( 'NONE', #6505, .T. ) ;
#5515 = CARTESIAN_POINT ( 'NONE',  ( 9.750000000000000000, 0.000000000000000000, 0.000000000000000000 ) ) ;
#5516 =( LENGTH_UNIT ( ) NAMED_UNIT ( * ) SI_UNIT ( .MILLI., .METRE. ) );
#5517 = EDGE_CURVE ( 'NONE', #1832, #8690, #5726, .T. ) ;
#5518 = MECHANICAL_DESIGN_GEOMETRIC_PRESENTATION_REPRESENTATION (  '', ( #345 ), #11134 ) ;
#5519 = DIRECTION ( 'NONE',  ( 0.000000000000000000, 2.674310171518999924E-16, 1.000000000000000000 ) ) ;
#5520 = EDGE_CURVE ( 'NONE', #6381, #9449, #6681, .T. ) ;
#5521 = PRESENTATION_STYLE_ASSIGNMENT (( #10266 ) ) ;
#5522 = CONTEXT_DEPENDENT_SHAPE_REPRESENTATION ( #2207, #1756 ) ;
#5523 = ORIENTED_EDGE ( 'NONE', *, *, #425, .F. ) ;
#5524 = ADVANCED_FACE ( 'NONE', ( #2065 ), #10144, .T. ) ;
#5525 = VECTOR ( 'NONE', #2150, 1000.000000000000000 ) ;
#5526 = ORIENTED_EDGE ( 'NONE', *, *, #2991, .F. ) ;
#5527 = SURFACE_STYLE_FILL_AREA ( #5352 ) ;
#5528 = VECTOR ( 'NONE', #8357, 1000.000000000000000 ) ;
#5529 = ORIENTED_EDGE ( 'NONE', *, *, #2045, .F. ) ;
#5530 = DIRECTION ( 'NONE',  ( 0.000000000000000000, 0.000000000000000000, 1.000000000000000000 ) ) ;
#5531 = DIRECTION ( 'NONE',  ( -0.000000000000000000, 0.000000000000000000, -1.000000000000000000 ) ) ;
#5532 =( NAMED_UNIT ( * ) PLANE_ANGLE_UNIT ( ) SI_UNIT ( $, .RADIAN. ) );
#5533 = SURFACE_STYLE_USAGE ( .BOTH. , #11293 ) ;
#5534 = SURFACE_SIDE_STYLE ('',( #5652 ) ) ;
#5535 = DIRECTION ( 'NONE',  ( 0.000000000000000000, -0.000000000000000000, -1.000000000000000000 ) ) ;
#5536 = COLOUR_RGB ( '',0.7019607843137254388, 0.7019607843137254388, 0.7019607843137254388 ) ;
#5537 = LINE ( 'NONE', #8409, #8122 ) ;
#5538 = ADVANCED_FACE ( 'NONE', ( #4681 ), #232, .T. ) ;
#5539 = ORIENTED_EDGE ( 'NONE', *, *, #2667, .T. ) ;
#5540 = DIRECTION ( 'NONE',  ( -0.000000000000000000, -1.000000000000000000, 0.000000000000000000 ) ) ;
#5541 = MECHANICAL_DESIGN_GEOMETRIC_PRESENTATION_REPRESENTATION (  '', ( #4585 ), #9993 ) ;
#5542 = EDGE_LOOP ( 'NONE', ( #9786, #7048, #5098, #6503 ) ) ;
#5543 = VECTOR ( 'NONE', #676, 1000.000000000000000 ) ;
#5544 = PLANE ( 'NONE',  #9729 ) ;
#5545 = EDGE_CURVE ( 'NONE', #4792, #4944, #7878, .T. ) ;
#5546 = EDGE_CURVE ( 'NONE', #5078, #9436, #6986, .T. ) ;
#5547 =( LENGTH_UNIT ( ) NAMED_UNIT ( * ) SI_UNIT ( .MILLI., .METRE. ) );
#5548 = CARTESIAN_POINT ( 'NONE',  ( -2.600000000000000089, -8.949999999999999289, 4.200000000000000178 ) ) ;
#5549 = FILL_AREA_STYLE ('',( #5785 ) ) ;
#5550 = DIRECTION ( 'NONE',  ( -1.000000000000000000, 0.000000000000000000, 0.000000000000000000 ) ) ;
#5551 = ORIENTED_EDGE ( 'NONE', *, *, #905, .T. ) ;
#5552 = LINE ( 'NONE', #4714, #7870 ) ;
#5553 = PRESENTATION_LAYER_ASSIGNMENT (  '', '', ( #4597 ) ) ;
#5554 = SURFACE_STYLE_USAGE ( .BOTH. , #6482 ) ;
#5555 = LINE ( 'NONE', #5441, #9538 ) ;
#5556 = EDGE_CURVE ( 'NONE', #9014, #4506, #5024, .T. ) ;
#5557 = ADVANCED_FACE ( 'NONE', ( #10434 ), #4075, .T. ) ;
#5558 = CARTESIAN_POINT ( 'NONE',  ( 4.750000000000000000, 8.949999999999999289, 0.000000000000000000 ) ) ;
#5559 = FACE_OUTER_BOUND ( 'NONE', #8957, .T. ) ;
#5560 = FILL_AREA_STYLE ('',( #1998 ) ) ;
#5561 =( NAMED_UNIT ( * ) PLANE_ANGLE_UNIT ( ) SI_UNIT ( $, .RADIAN. ) );
#5562 = EDGE_CURVE ( 'NONE', #11020, #6125, #8883, .T. ) ;
#5563 = CARTESIAN_POINT ( 'NONE',  ( -0.3499999999999999778, -13.94999999999999929, 2.600000000000000533 ) ) ;
#5564 = FILL_AREA_STYLE_COLOUR ( '', #7422 ) ;
#5565 = SURFACE_STYLE_USAGE ( .BOTH. , #11956 ) ;
#5566 = DIRECTION ( 'NONE',  ( -1.000000000000000000, 0.000000000000000000, -0.000000000000000000 ) ) ;
#5567 = ORIENTED_EDGE ( 'NONE', *, *, #9093, .F. ) ;
#5568 = ORIENTED_EDGE ( 'NONE', *, *, #2163, .T. ) ;
#5569 = VERTEX_POINT ( 'NONE', #11469 ) ;
#5570 = CARTESIAN_POINT ( 'NONE',  ( 7.386071179369597672, -7.919717610733605362, 11.05242474800559016 ) ) ;
#5571 = SURFACE_STYLE_USAGE ( .BOTH. , #1890 ) ;
#5572 = FILL_AREA_STYLE ('',( #4905 ) ) ;
#5573 = CARTESIAN_POINT ( 'NONE',  ( -8.699999999999999289, 5.599999999999999645, 2.600000000000000533 ) ) ;
#5574 = FILL_AREA_STYLE_COLOUR ( '', #5639 ) ;
#5575 = CARTESIAN_POINT ( 'NONE',  ( -2.600000000000000089, -12.94999999999999929, 4.200000000000000178 ) ) ;
#5576 = AXIS2_PLACEMENT_3D ( 'NONE', #10638, #10249, #6663 ) ;
#5577 = FILL_AREA_STYLE_COLOUR ( '', #4957 ) ;
#5578 = SHAPE_DEFINITION_REPRESENTATION ( #6592, #1859 ) ;
#5579 = ORIENTED_EDGE ( 'NONE', *, *, #1269, .T. ) ;
#5580 = ORIENTED_EDGE ( 'NONE', *, *, #48, .F. ) ;
#5581 = ADVANCED_FACE ( 'NONE', ( #3084 ), #4134, .F. ) ;
#5582 = ORIENTED_EDGE ( 'NONE', *, *, #10391, .F. ) ;
#5583 = VECTOR ( 'NONE', #6089, 1000.000000000000000 ) ;
#5584 =( NAMED_UNIT ( * ) PLANE_ANGLE_UNIT ( ) SI_UNIT ( $, .RADIAN. ) );
#5585 = CARTESIAN_POINT ( 'NONE',  ( 8.000000000000000000, -5.600000000000000533, 2.600000000000000533 ) ) ;
#5586 = DIRECTION ( 'NONE',  ( 1.000000000000000000, 0.000000000000000000, -0.000000000000000000 ) ) ;
#5587 =( NAMED_UNIT ( * ) PLANE_ANGLE_UNIT ( ) SI_UNIT ( $, .RADIAN. ) );
#5588 = UNCERTAINTY_MEASURE_WITH_UNIT (LENGTH_MEASURE( 1.000000000000000082E-05 ), #11950, 'distance_accuracy_value', 'NONE');
#5589 = PRESENTATION_STYLE_ASSIGNMENT (( #10993 ) ) ;
#5590 =( GEOMETRIC_REPRESENTATION_CONTEXT ( 3 ) GLOBAL_UNCERTAINTY_ASSIGNED_CONTEXT ( ( #781 ) ) GLOBAL_UNIT_ASSIGNED_CONTEXT ( ( #9174, #4605, #8375 ) ) REPRESENTATION_CONTEXT ( 'NONE', 'WORKASPACE' ) );
#5591 = MECHANICAL_DESIGN_GEOMETRIC_PRESENTATION_REPRESENTATION (  '', ( #968 ), #3070 ) ;
#5592 = STYLED_ITEM ( 'NONE', ( #7288 ), #8158 ) ;
#5593 = EDGE_LOOP ( 'NONE', ( #1217, #8356, #592, #120, #6181, #1915 ) ) ;
#5594 = CARTESIAN_POINT ( 'NONE',  ( 7.493997331348297486, 0.001999436067721544353, 5.000000000000000000 ) ) ;
#5595 = ORIENTED_EDGE ( 'NONE', *, *, #5077, .T. ) ;
#5596 = UNCERTAINTY_MEASURE_WITH_UNIT (LENGTH_MEASURE( 1.000000000000000082E-05 ), #2738, 'distance_accuracy_value', 'NONE');
#5597 = DIRECTION ( 'NONE',  ( 1.000000000000000000, -0.000000000000000000, -0.000000000000000000 ) ) ;
#5598 = AXIS2_PLACEMENT_3D ( 'NONE', #482, #5168, #7914 ) ;
#5599 = PRESENTATION_STYLE_ASSIGNMENT (( #1924 ) ) ;
#5600 = CARTESIAN_POINT ( 'NONE',  ( -8.000000000000000000, 6.799999999999999822, 2.600000000000000533 ) ) ;
#5601 =( NAMED_UNIT ( * ) SI_UNIT ( $, .STERADIAN. ) SOLID_ANGLE_UNIT ( ) );
#5602 = UNCERTAINTY_MEASURE_WITH_UNIT (LENGTH_MEASURE( 1.000000000000000082E-05 ), #10997, 'distance_accuracy_value', 'NONE');
#5603 =( LENGTH_UNIT ( ) NAMED_UNIT ( * ) SI_UNIT ( .MILLI., .METRE. ) );
#5604 = MECHANICAL_DESIGN_GEOMETRIC_PRESENTATION_REPRESENTATION (  '', ( #7571 ), #5025 ) ;
#5605 = ORIENTED_EDGE ( 'NONE', *, *, #11477, .T. ) ;
#5606 =( NAMED_UNIT ( * ) SI_UNIT ( $, .STERADIAN. ) SOLID_ANGLE_UNIT ( ) );
#5607 = LINE ( 'NONE', #4598, #6098 ) ;
#5608 = PRODUCT_DEFINITION ( 'UNKNOWN', '', #11118, #11306 ) ;
#5609 = PRESENTATION_LAYER_ASSIGNMENT (  '', '', ( #9126 ) ) ;
#5610 = PRODUCT_DEFINITION_SHAPE ( 'NONE', 'NONE',  #331 ) ;
#5611 = SURFACE_SIDE_STYLE ('',( #207 ) ) ;
#5612 = PLANE ( 'NONE',  #5358 ) ;
#5613 = LINE ( 'NONE', #336, #3031 ) ;
#5614 = LINE ( 'NONE', #3062, #8110 ) ;
#5615 =( NAMED_UNIT ( * ) SI_UNIT ( $, .STERADIAN. ) SOLID_ANGLE_UNIT ( ) );
#5616 = DIRECTION ( 'NONE',  ( -0.000000000000000000, -0.000000000000000000, 1.000000000000000000 ) ) ;
#5617 = DIRECTION ( 'NONE',  ( 1.000000000000000000, 0.000000000000000000, 0.000000000000000000 ) ) ;
#5618 = CARTESIAN_POINT ( 'NONE',  ( 4.750000000000000000, 8.000000000000000000, 0.8000000000000000444 ) ) ;
#5619 = MECHANICAL_DESIGN_GEOMETRIC_PRESENTATION_REPRESENTATION (  '', ( #814 ), #1387 ) ;
#5620 = SURFACE_SIDE_STYLE ('',( #5506 ) ) ;
#5621 = PRODUCT ( 'COMPOUND019', 'COMPOUND019', '', ( #9191 ) ) ;
#5622 = COLOUR_RGB ( '',0.9137254901960784048, 0.5137254901960783826, 0.1372549019607843257 ) ;
#5623 = ORIENTED_EDGE ( 'NONE', *, *, #4999, .F. ) ;
#5624 = ADVANCED_FACE ( 'NONE', ( #11348 ), #5091, .T. ) ;
#5625 = ORIENTED_EDGE ( 'NONE', *, *, #1592, .T. ) ;
#5626 = ORIENTED_EDGE ( 'NONE', *, *, #6417, .T. ) ;
#5627 =( NAMED_UNIT ( * ) PLANE_ANGLE_UNIT ( ) SI_UNIT ( $, .RADIAN. ) );
#5628 = PRESENTATION_LAYER_ASSIGNMENT (  '', '', ( #6221 ) ) ;
#5629 = FACE_OUTER_BOUND ( 'NONE', #104, .T. ) ;
#5630 = DIRECTION ( 'NONE',  ( 0.000000000000000000, 0.000000000000000000, -1.000000000000000000 ) ) ;
#5631 = FACE_OUTER_BOUND ( 'NONE', #9074, .T. ) ;
#5632 =( GEOMETRIC_REPRESENTATION_CONTEXT ( 3 ) GLOBAL_UNCERTAINTY_ASSIGNED_CONTEXT ( ( #2465 ) ) GLOBAL_UNIT_ASSIGNED_CONTEXT ( ( #3756, #5561, #11140 ) ) REPRESENTATION_CONTEXT ( 'NONE', 'WORKASPACE' ) );
#5633 = PLANE ( 'NONE',  #7974 ) ;
#5634 = CYLINDRICAL_SURFACE ( 'NONE', #1820, 0.5000000000000000000 ) ;
#5635 =( GEOMETRIC_REPRESENTATION_CONTEXT ( 3 ) GLOBAL_UNCERTAINTY_ASSIGNED_CONTEXT ( ( #11295 ) ) GLOBAL_UNIT_ASSIGNED_CONTEXT ( ( #3178, #4888, #8801 ) ) REPRESENTATION_CONTEXT ( 'NONE', 'WORKASPACE' ) );
#5636 = DIRECTION ( 'NONE',  ( -0.000000000000000000, -0.000000000000000000, -1.000000000000000000 ) ) ;
#5637 = APPLICATION_PROTOCOL_DEFINITION ( 'draft international standard', 'automotive_design', 1998, #3437 ) ;
#5638 = CIRCLE ( 'NONE', #10507, 0.5000000000000004441 ) ;
#5639 = COLOUR_RGB ( '',0.8196078431372548767, 0.8000000000000000444, 0.7529411764705882248 ) ;
#5640 = ORIENTED_EDGE ( 'NONE', *, *, #7342, .T. ) ;
#5641 = CIRCLE ( 'NONE', #468, 0.5000000000000000000 ) ;
#5642 = VECTOR ( 'NONE', #10773, 1000.000000000000000 ) ;
#5643 = ORIENTED_EDGE ( 'NONE', *, *, #5922, .F. ) ;
#5644 = EDGE_CURVE ( 'NONE', #3844, #1807, #10058, .T. ) ;
#5645 = VERTEX_POINT ( 'NONE', #2482 ) ;
#5646 = LINE ( 'NONE', #7668, #8683 ) ;
#5647 = VECTOR ( 'NONE', #11803, 1000.000000000000000 ) ;
#5648 = PRESENTATION_STYLE_ASSIGNMENT (( #2577 ) ) ;
#5649 = DIRECTION ( 'NONE',  ( 0.000000000000000000, 0.000000000000000000, 1.000000000000000000 ) ) ;
#5650 = AXIS2_PLACEMENT_3D ( 'NONE', #7670, #3029, #6747 ) ;
#5651 = DIRECTION ( 'NONE',  ( 0.000000000000000000, 0.000000000000000000, -1.000000000000000000 ) ) ;
#5652 = SURFACE_STYLE_FILL_AREA ( #9203 ) ;
#5653 =( LENGTH_UNIT ( ) NAMED_UNIT ( * ) SI_UNIT ( .MILLI., .METRE. ) );
#5654 = FILL_AREA_STYLE_COLOUR ( '', #9670 ) ;
#5655 = DIRECTION ( 'NONE',  ( 0.000000000000000000, 0.000000000000000000, 1.000000000000000000 ) ) ;
#5656 = EDGE_LOOP ( 'NONE', ( #7766, #3706, #1958, #5026 ) ) ;
#5657 = LINE ( 'NONE', #2684, #3503 ) ;
#5658 = EDGE_CURVE ( 'NONE', #11097, #1685, #1250, .T. ) ;
#5659 = VERTEX_POINT ( 'NONE', #2707 ) ;
#5660 = AXIS2_PLACEMENT_3D ( 'NONE', #7261, #4292, #1692 ) ;
#5661 = LINE ( 'NONE', #8415, #669 ) ;
#5662 = LINE ( 'NONE', #4762, #6504 ) ;
#5663 = SURFACE_STYLE_USAGE ( .BOTH. , #6764 ) ;
#5664 = DIRECTION ( 'NONE',  ( 0.000000000000000000, 0.000000000000000000, -1.000000000000000000 ) ) ;
#5665 = STYLED_ITEM ( 'NONE', ( #8700 ), #4708 ) ;
#5666 = EDGE_CURVE ( 'NONE', #8060, #4608, #6542, .T. ) ;
#5667 = SURFACE_STYLE_FILL_AREA ( #5733 ) ;
#5668 = PRESENTATION_STYLE_ASSIGNMENT (( #1989 ) ) ;
#5669 = VERTEX_POINT ( 'NONE', #11957 ) ;
#5670 = VECTOR ( 'NONE', #4128, 1000.000000000000000 ) ;
#5671 = CARTESIAN_POINT ( 'NONE',  ( 0.000000000000000000, 9.750000000000000000, -3.700000000000000178 ) ) ;
#5672 = EDGE_CURVE ( 'NONE', #11775, #4730, #3219, .T. ) ;
#5673 = EDGE_CURVE ( 'NONE', #6545, #8192, #6522, .T. ) ;
#5674 = VECTOR ( 'NONE', #2504, 1000.000000000000000 ) ;
#5675 = APPLICATION_CONTEXT ( 'automotive_design' ) ;
#5676 = AXIS2_PLACEMENT_3D ( 'NONE', #689, #5267, #6171 ) ;
#5677 =( NAMED_UNIT ( * ) SI_UNIT ( $, .STERADIAN. ) SOLID_ANGLE_UNIT ( ) );
#5678 = PRESENTATION_STYLE_ASSIGNMENT (( #8429 ) ) ;
#5679 = DIRECTION ( 'NONE',  ( 0.000000000000000000, -1.000000000000000000, -0.000000000000000000 ) ) ;
#5680 = FACE_OUTER_BOUND ( 'NONE', #8745, .T. ) ;
#5681 = SURFACE_SIDE_STYLE ('',( #1877 ) ) ;
#5682 = SURFACE_SIDE_STYLE ('',( #10310 ) ) ;
#5683 = LINE ( 'NONE', #1049, #97 ) ;
#5684 = DIRECTION ( 'NONE',  ( 0.000000000000000000, 0.000000000000000000, 1.000000000000000000 ) ) ;
#5685 = PRESENTATION_LAYER_ASSIGNMENT (  '', '', ( #11112 ) ) ;
#5686 = B_SPLINE_CURVE_WITH_KNOTS ( 'NONE', 3,
 ( #9878, #10053, #6242, #5328 ),
 .UNSPECIFIED., .F., .F.,
 ( 4, 4 ),
 ( 1.793953297519547680E-17, 0.0002122495517563511593 ),
 .UNSPECIFIED. ) ;
#5687 = ORIENTED_EDGE ( 'NONE', *, *, #4319, .T. ) ;
#5688 = ORIENTED_EDGE ( 'NONE', *, *, #425, .T. ) ;
#5689 = EDGE_LOOP ( 'NONE', ( #10257, #6892 ) ) ;
#5690 = PLANE ( 'NONE',  #11319 ) ;
#5691 = CIRCLE ( 'NONE', #3575, 3.100000000000000533 ) ;
#5692 = SURFACE_SIDE_STYLE ('',( #3824 ) ) ;
#5693 = CLOSED_SHELL ( 'NONE', ( #917, #6045, #902, #1260 ) ) ;
#5694 = CARTESIAN_POINT ( 'NONE',  ( -3.000000000000000000, -7.950000000000000178, 0.7500000000000000000 ) ) ;
#5695 = CARTESIAN_POINT ( 'NONE',  ( -7.492820323027549634, -7.492820323027550522, 11.69282032302755070 ) ) ;
#5696 =( NAMED_UNIT ( * ) SI_UNIT ( $, .STERADIAN. ) SOLID_ANGLE_UNIT ( ) );
#5697 = ADVANCED_FACE ( 'NONE', ( #2828 ), #2758, .T. ) ;
#5698 = DIRECTION ( 'NONE',  ( 0.000000000000000000, 1.000000000000000000, -2.674310171518999924E-16 ) ) ;
#5700 = PRESENTATION_LAYER_ASSIGNMENT (  '', '', ( #1667 ) ) ;
#5699 = DIRECTION ( 'NONE',  ( -1.000000000000000000, -2.337311630789999835E-15, 0.000000000000000000 ) ) ;
#5701 =( LENGTH_UNIT ( ) NAMED_UNIT ( * ) SI_UNIT ( .MILLI., .METRE. ) );
#5702 = ORIENTED_EDGE ( 'NONE', *, *, #2966, .F. ) ;
#5703 = ADVANCED_BREP_SHAPE_REPRESENTATION ( '', ( #11483, #3260 ), #9488 ) ;
#5704 = EDGE_LOOP ( 'NONE', ( #7695, #2007, #3975, #9376, #8899 ) ) ;
#5705 = ORIENTED_EDGE ( 'NONE', *, *, #3922, .T. ) ;
#5706 = CARTESIAN_POINT ( 'NONE',  ( -3.750000000000000444, -12.75000000000000178, 0.000000000000000000 ) ) ;
#5707 = DIRECTION ( 'NONE',  ( 0.000000000000000000, 0.000000000000000000, 1.000000000000000000 ) ) ;
#5708 = COLOUR_RGB ( '',0.7019607843137254388, 0.7019607843137254388, 0.7019607843137254388 ) ;
#5709 = SURFACE_STYLE_USAGE ( .BOTH. , #1236 ) ;
#5710 = SURFACE_STYLE_FILL_AREA ( #4748 ) ;
#5711 = FACE_OUTER_BOUND ( 'NONE', #1017, .T. ) ;
#5712 =( LENGTH_UNIT ( ) NAMED_UNIT ( * ) SI_UNIT ( .MILLI., .METRE. ) );
#5713 = EDGE_CURVE ( 'NONE', #1263, #3335, #7700, .T. ) ;
#5714 = PRESENTATION_STYLE_ASSIGNMENT (( #130 ) ) ;
#5715 = UNCERTAINTY_MEASURE_WITH_UNIT (LENGTH_MEASURE( 1.000000000000000082E-05 ), #6885, 'distance_accuracy_value', 'NONE');
#5717 = CIRCLE ( 'NONE', #900, 1.750000000000000000 ) ;
#5716 = DIRECTION ( 'NONE',  ( 0.000000000000000000, 0.000000000000000000, 1.000000000000000000 ) ) ;
#5718 = PRESENTATION_LAYER_ASSIGNMENT (  '', '', ( #3399 ) ) ;
#5719 = PRODUCT_DEFINITION_SHAPE ( 'NONE', 'NONE',  #11980 ) ;
#5720 = ORIENTED_EDGE ( 'NONE', *, *, #5289, .T. ) ;
#5721 = FILL_AREA_STYLE_COLOUR ( '', #5438 ) ;
#5722 = ORIENTED_EDGE ( 'NONE', *, *, #11538, .T. ) ;
#5723 = DIRECTION ( 'NONE',  ( 1.000000000000000000, 0.000000000000000000, -0.000000000000000000 ) ) ;
#5724 = FACE_OUTER_BOUND ( 'NONE', #8830, .T. ) ;
#5725 = PRODUCT_DEFINITION_CONTEXT ( 'detailed design', #3670, 'design' ) ;
#5726 = CIRCLE ( 'NONE', #8664, 2.500000000000000444 ) ;
#5727 = LINE ( 'NONE', #9455, #11932 ) ;
#5728 = CARTESIAN_POINT ( 'NONE',  ( -8.349999999999999645, 0.000000000000000000, 6.000000000000000000 ) ) ;
#5729 =( NAMED_UNIT ( * ) PLANE_ANGLE_UNIT ( ) SI_UNIT ( $, .RADIAN. ) );
#5730 = FILL_AREA_STYLE ('',( #8351 ) ) ;
#5731 = SURFACE_STYLE_USAGE ( .BOTH. , #265 ) ;
#5732 = UNCERTAINTY_MEASURE_WITH_UNIT (LENGTH_MEASURE( 1.000000000000000082E-05 ), #4650, 'distance_accuracy_value', 'NONE');
#5733 = FILL_AREA_STYLE ('',( #1988 ) ) ;
#5734 = ORIENTED_EDGE ( 'NONE', *, *, #6782, .T. ) ;
#5735 =( GEOMETRIC_REPRESENTATION_CONTEXT ( 3 ) GLOBAL_UNCERTAINTY_ASSIGNED_CONTEXT ( ( #5491 ) ) GLOBAL_UNIT_ASSIGNED_CONTEXT ( ( #2863, #1137, #10406 ) ) REPRESENTATION_CONTEXT ( 'NONE', 'WORKASPACE' ) );
#5736 = MECHANICAL_DESIGN_GEOMETRIC_PRESENTATION_REPRESENTATION (  '', ( #10960 ), #4962 ) ;
#5737 = DIRECTION ( 'NONE',  ( 1.000000000000000000, 0.000000000000000000, 0.000000000000000000 ) ) ;
#5738 = EDGE_CURVE ( 'NONE', #4900, #2380, #8050, .T. ) ;
#5739 = UNCERTAINTY_MEASURE_WITH_UNIT (LENGTH_MEASURE( 1.000000000000000082E-05 ), #2455, 'distance_accuracy_value', 'NONE');
#5740 = LINE ( 'NONE', #11321, #9912 ) ;
#5741 = DIRECTION ( 'NONE',  ( -0.000000000000000000, -0.000000000000000000, -1.000000000000000000 ) ) ;
#5742 = SURFACE_STYLE_FILL_AREA ( #3861 ) ;
#5743 = DIRECTION ( 'NONE',  ( -1.000000000000000000, 0.000000000000000000, 0.000000000000000000 ) ) ;
#5744 = CARTESIAN_POINT ( 'NONE',  ( 10.59999999999999964, 5.551115123125999639E-16, 7.150000000000000355 ) ) ;
#5745 =( NAMED_UNIT ( * ) SI_UNIT ( $, .STERADIAN. ) SOLID_ANGLE_UNIT ( ) );
#5746 = STYLED_ITEM ( 'NONE', ( #11356 ), #9106 ) ;
#5747 = COLOUR_RGB ( '',0.7019607843137254388, 0.7019607843137254388, 0.7019607843137254388 ) ;
#5748 =( NAMED_UNIT ( * ) SI_UNIT ( $, .STERADIAN. ) SOLID_ANGLE_UNIT ( ) );
#5749 = APPLICATION_CONTEXT ( 'automotive_design' ) ;
#5750 = ORIENTED_EDGE ( 'NONE', *, *, #11477, .F. ) ;
#5751 = ORIENTED_EDGE ( 'NONE', *, *, #510, .T. ) ;
#5752 = LINE ( 'NONE', #1218, #7850 ) ;
#5753 =( NAMED_UNIT ( * ) PLANE_ANGLE_UNIT ( ) SI_UNIT ( $, .RADIAN. ) );
#5754 = CARTESIAN_POINT ( 'NONE',  ( -6.799999999999999822, -6.799999999999999822, 2.600000000000000533 ) ) ;
#5755 =( NAMED_UNIT ( * ) PLANE_ANGLE_UNIT ( ) SI_UNIT ( $, .RADIAN. ) );
#5756 = DIRECTION ( 'NONE',  ( 0.000000000000000000, 0.000000000000000000, 1.000000000000000000 ) ) ;
#5757 = DIRECTION ( 'NONE',  ( 0.000000000000000000, 0.000000000000000000, -1.000000000000000000 ) ) ;
#5758 = CIRCLE ( 'NONE', #748, 3.100000000000000533 ) ;
#5759 = FILL_AREA_STYLE ('',( #6798 ) ) ;
#5760 = FILL_AREA_STYLE_COLOUR ( '', #9676 ) ;
#5761 = LINE ( 'NONE', #9484, #1874 ) ;
#5762 = SHAPE_DEFINITION_REPRESENTATION ( #11029, #6008 ) ;
#5763 = EDGE_LOOP ( 'NONE', ( #7725, #7712, #5595, #6699 ) ) ;
#5764 = ORIENTED_EDGE ( 'NONE', *, *, #20, .T. ) ;
#5765 =( NAMED_UNIT ( * ) SI_UNIT ( $, .STERADIAN. ) SOLID_ANGLE_UNIT ( ) );
#5766 = EDGE_CURVE ( 'NONE', #10092, #2603, #4781, .T. ) ;
#5767 = VERTEX_POINT ( 'NONE', #8053 ) ;
#5768 = DIRECTION ( 'NONE',  ( -0.000000000000000000, -1.000000000000000000, 0.000000000000000000 ) ) ;
#5769 = DIRECTION ( 'NONE',  ( -1.000000000000000000, -0.000000000000000000, -0.000000000000000000 ) ) ;
#5770 = DIRECTION ( 'NONE',  ( 0.000000000000000000, 0.000000000000000000, -1.000000000000000000 ) ) ;
#5771 = FILL_AREA_STYLE_COLOUR ( '', #4653 ) ;
#5772 =( LENGTH_UNIT ( ) NAMED_UNIT ( * ) SI_UNIT ( .MILLI., .METRE. ) );
#5773 = CARTESIAN_POINT ( 'NONE',  ( -4.700000000000000178, -8.949999999999999289, 2.600000000000000533 ) ) ;
#5774 = PRESENTATION_LAYER_ASSIGNMENT (  '', '', ( #10431 ) ) ;
#5775 = EDGE_LOOP ( 'NONE', ( #11203, #3705, #10970, #4731 ) ) ;
#5776 = CARTESIAN_POINT ( 'NONE',  ( -4.361059119754653324, 6.099238134414221690, 5.000000000000000888 ) ) ;
#5777 = PRESENTATION_LAYER_ASSIGNMENT (  '', '', ( #8302 ) ) ;
#5778 = ADVANCED_FACE ( 'NONE', ( #6158 ), #11746, .T. ) ;
#5779 = ORIENTED_EDGE ( 'NONE', *, *, #5672, .T. ) ;
#5780 = EDGE_CURVE ( 'NONE', #8273, #5420, #1690, .T. ) ;
#5781 = PRESENTATION_STYLE_ASSIGNMENT (( #2087 ) ) ;
#5782 = CARTESIAN_POINT ( 'NONE',  ( 2.500000000000000000, 9.750000000000000000, -3.700000000000000178 ) ) ;
#5783 = CARTESIAN_POINT ( 'NONE',  ( 4.750000000000000000, 11.09999999999999964, 0.8000000000000000444 ) ) ;
#5784 = DIRECTION ( 'NONE',  ( 1.000000000000000000, 0.000000000000000000, 0.000000000000000000 ) ) ;
#5785 = FILL_AREA_STYLE_COLOUR ( '', #2528 ) ;
#5786 = CARTESIAN_POINT ( 'NONE',  ( -5.551115123125999639E-16, 10.59999999999999964, 7.150000000000000355 ) ) ;
#5787 = STYLED_ITEM ( 'NONE', ( #2333 ), #11378 ) ;
#5788 = ORIENTED_EDGE ( 'NONE', *, *, #7059, .F. ) ;
#5789 = CARTESIAN_POINT ( 'NONE',  ( 10.59999999999999964, 3.007906248538999794, 6.399999999999000266 ) ) ;
#5790 = CARTESIAN_POINT ( 'NONE',  ( -2.499999999999999556, -8.000000000000000000, 0.7500000000000000000 ) ) ;
#5791 = COLOUR_RGB ( '',0.4980392156862745168, 0.2784313725490196179, 0.08235294117647058709 ) ;
#5792 =( NAMED_UNIT ( * ) SI_UNIT ( $, .STERADIAN. ) SOLID_ANGLE_UNIT ( ) );
#5793 = LINE ( 'NONE', #279, #4424 ) ;
#5794 = SURFACE_STYLE_USAGE ( .BOTH. , #8433 ) ;
#5795 = STYLED_ITEM ( 'NONE', ( #284 ), #10893 ) ;
#5796 = DIRECTION ( 'NONE',  ( 0.000000000000000000, 0.000000000000000000, -1.000000000000000000 ) ) ;
#5797 = DIRECTION ( 'NONE',  ( -1.000000000000000000, 0.000000000000000000, 0.000000000000000000 ) ) ;
#5798 = SURFACE_SIDE_STYLE ('',( #2106 ) ) ;
#5799 = CIRCLE ( 'NONE', #8539, 0.5999999999999998668 ) ;
#5800 = VERTEX_POINT ( 'NONE', #10999 ) ;
#5801 = COLOUR_RGB ( '',0.9137254901960784048, 0.5137254901960783826, 0.1372549019607843257 ) ;
#5802 = VERTEX_POINT ( 'NONE', #5425 ) ;
#5803 = DIRECTION ( 'NONE',  ( -0.000000000000000000, -0.000000000000000000, -1.000000000000000000 ) ) ;
#5804 =( LENGTH_UNIT ( ) NAMED_UNIT ( * ) SI_UNIT ( .MILLI., .METRE. ) );
#5805 =( LENGTH_UNIT ( ) NAMED_UNIT ( * ) SI_UNIT ( .MILLI., .METRE. ) );
#5806 = CARTESIAN_POINT ( 'NONE',  ( -0.1416666666666571983, 0.9249999999999978240, 12.14680105496454310 ) ) ;
#5807 = MECHANICAL_DESIGN_GEOMETRIC_PRESENTATION_REPRESENTATION (  '', ( #6796 ), #8382 ) ;
#5808 = VECTOR ( 'NONE', #2251, 1000.000000000000000 ) ;
#5809 = FILL_AREA_STYLE ('',( #8573 ) ) ;
#5810 = EDGE_CURVE ( 'NONE', #6381, #3265, #7138, .T. ) ;
#5811 = PRESENTATION_STYLE_ASSIGNMENT (( #415 ) ) ;
#5812 = EDGE_CURVE ( 'NONE', #10369, #6756, #7108, .T. ) ;
#5813 = VECTOR ( 'NONE', #871, 1000.000000000000000 ) ;
#5814 = ORIENTED_EDGE ( 'NONE', *, *, #6572, .F. ) ;
#5815 = MECHANICAL_DESIGN_GEOMETRIC_PRESENTATION_REPRESENTATION (  '', ( #8360 ), #5433 ) ;
#5816 = ORIENTED_EDGE ( 'NONE', *, *, #6155, .F. ) ;
#5817 = CARTESIAN_POINT ( 'NONE',  ( 4.000000000000000000, 8.000000000000000000, 11.00000000000000000 ) ) ;
#5818 = AXIS2_PLACEMENT_3D ( 'NONE', #6704, #3167, #2222 ) ;
#5819 =( GEOMETRIC_REPRESENTATION_CONTEXT ( 3 ) GLOBAL_UNCERTAINTY_ASSIGNED_CONTEXT ( ( #3308 ) ) GLOBAL_UNIT_ASSIGNED_CONTEXT ( ( #6361, #5504, #10189 ) ) REPRESENTATION_CONTEXT ( 'NONE', 'WORKASPACE' ) );
#5820 =( GEOMETRIC_REPRESENTATION_CONTEXT ( 3 ) GLOBAL_UNCERTAINTY_ASSIGNED_CONTEXT ( ( #5963 ) ) GLOBAL_UNIT_ASSIGNED_CONTEXT ( ( #7538, #2891, #11279 ) ) REPRESENTATION_CONTEXT ( 'NONE', 'WORKASPACE' ) );
#5821 = EDGE_LOOP ( 'NONE', ( #6162, #2544, #11086, #840, #3887 ) ) ;
#5822 =( LENGTH_UNIT ( ) NAMED_UNIT ( * ) SI_UNIT ( .MILLI., .METRE. ) );
#5823 = DIRECTION ( 'NONE',  ( 1.000000000000000000, 0.000000000000000000, -0.000000000000000000 ) ) ;
#5824 = CARTESIAN_POINT ( 'NONE',  ( -3.007906248538772864, 11.09999999999999964, 6.399999999999057998 ) ) ;
#5825 = CARTESIAN_POINT ( 'NONE',  ( -4.700000000000000178, -2.725000000000000089, 0.000000000000000000 ) ) ;
#5826 = CARTESIAN_POINT ( 'NONE',  ( -0.4249999999999999889, 0.9250000000000000444, 5.000000000000000000 ) ) ;
#5827 = DIRECTION ( 'NONE',  ( -1.000000000000000000, -1.306144734853000006E-15, 0.000000000000000000 ) ) ;
#5828 = SURFACE_STYLE_USAGE ( .BOTH. , #2079 ) ;
#5829 = PRESENTATION_STYLE_ASSIGNMENT (( #11358 ) ) ;
#5830 = UNCERTAINTY_MEASURE_WITH_UNIT (LENGTH_MEASURE( 1.000000000000000082E-05 ), #5494, 'distance_accuracy_value', 'NONE');
#5831 = SURFACE_STYLE_USAGE ( .BOTH. , #5949 ) ;
#5832 = AXIS2_PLACEMENT_3D ( 'NONE', #2203, #10445, #5946 ) ;
#5833 = COLOUR_RGB ( '',0.7019607843137254388, 0.7019607843137254388, 0.7019607843137254388 ) ;
#5834 = ORIENTED_EDGE ( 'NONE', *, *, #6951, .F. ) ;
#5835 = CARTESIAN_POINT ( 'NONE',  ( 0.9827025779140564632, 7.445444296939060180, 4.999999999999989342 ) ) ;
#5836 =( GEOMETRIC_REPRESENTATION_CONTEXT ( 3 ) GLOBAL_UNCERTAINTY_ASSIGNED_CONTEXT ( ( #1626 ) ) GLOBAL_UNIT_ASSIGNED_CONTEXT ( ( #6342, #7379, #1026 ) ) REPRESENTATION_CONTEXT ( 'NONE', 'WORKASPACE' ) );
#5837 = ORIENTED_EDGE ( 'NONE', *, *, #10676, .F. ) ;
#5838 =( NAMED_UNIT ( * ) SI_UNIT ( $, .STERADIAN. ) SOLID_ANGLE_UNIT ( ) );
#5839 = COLOUR_RGB ( '',0.9137254901960784048, 0.5137254901960783826, 0.1372549019607843257 ) ;
#5840 = VECTOR ( 'NONE', #6329, 1000.000000000000000 ) ;
#5841 = PRESENTATION_LAYER_ASSIGNMENT (  '', '', ( #3725 ) ) ;
#5842 = UNCERTAINTY_MEASURE_WITH_UNIT (LENGTH_MEASURE( 1.000000000000000082E-05 ), #5505, 'distance_accuracy_value', 'NONE');
#5843 = SURFACE_STYLE_USAGE ( .BOTH. , #8598 ) ;
#5844 = DIRECTION ( 'NONE',  ( 0.000000000000000000, 0.000000000000000000, 1.000000000000000000 ) ) ;
#5845 = SURFACE_STYLE_USAGE ( .BOTH. , #3981 ) ;
#5846 = UNCERTAINTY_MEASURE_WITH_UNIT (LENGTH_MEASURE( 1.000000000000000082E-05 ), #10512, 'distance_accuracy_value', 'NONE');
#5847 = EDGE_CURVE ( 'NONE', #1371, #11148, #2057, .T. ) ;
#5848 = ORIENTED_EDGE ( 'NONE', *, *, #6227, .T. ) ;
#5849 = AXIS2_PLACEMENT_3D ( 'NONE', #6540, #2882, #6602 ) ;
#5850 = STYLED_ITEM ( 'NONE', ( #5376 ), #3211 ) ;
#5851 = UNCERTAINTY_MEASURE_WITH_UNIT (LENGTH_MEASURE( 1.000000000000000082E-05 ), #11296, 'distance_accuracy_value', 'NONE');
#5852 = DIRECTION ( 'NONE',  ( -1.000000000000000000, 0.000000000000000000, 0.000000000000000000 ) ) ;
#5853 = FILL_AREA_STYLE_COLOUR ( '', #3117 ) ;
#5854 = DIRECTION ( 'NONE',  ( 1.000000000000000000, 0.000000000000000000, 0.000000000000000000 ) ) ;
#5855 = FILL_AREA_STYLE ('',( #11625 ) ) ;
#5856 = CARTESIAN_POINT ( 'NONE',  ( 4.700000000000000178, -14.40000000000000213, 0.000000000000000000 ) ) ;
#5857 = VECTOR ( 'NONE', #1221, 1000.000000000000000 ) ;
#5858 = UNCERTAINTY_MEASURE_WITH_UNIT (LENGTH_MEASURE( 1.000000000000000082E-05 ), #9099, 'distance_accuracy_value', 'NONE');
#5859 = PRESENTATION_STYLE_ASSIGNMENT (( #3993 ) ) ;
#5860 = CARTESIAN_POINT ( 'NONE',  ( 8.000000000000000000, -4.750000000000000000, 9.400000000000000355 ) ) ;
#5861 = EDGE_CURVE ( 'NONE', #10924, #10734, #8868, .T. ) ;
#5862 = COLOUR_RGB ( '',0.8196078431372548767, 0.8000000000000000444, 0.7529411764705882248 ) ;
#5863 = VERTEX_POINT ( 'NONE', #10944 ) ;
#5864 = STYLED_ITEM ( 'NONE', ( #8388 ), #2713 ) ;
#5865 = VERTEX_POINT ( 'NONE', #9858 ) ;
#5866 = DIRECTION ( 'NONE',  ( 0.000000000000000000, 0.000000000000000000, -1.000000000000000000 ) ) ;
#5867 = CARTESIAN_POINT ( 'NONE',  ( -4.250000000000000000, 11.09999999999999964, 6.399999999998667199 ) ) ;
#5868 = FACE_OUTER_BOUND ( 'NONE', #7786, .T. ) ;
#5869 = CARTESIAN_POINT ( 'NONE',  ( 0.7500000000009999779, 10.59999999999999964, 4.142093751461000117 ) ) ;
#5870 = FILL_AREA_STYLE ('',( #2189 ) ) ;
#5871 = AXIS2_PLACEMENT_3D ( 'NONE', #2459, #9206, #891 ) ;
#5872 = DIRECTION ( 'NONE',  ( 0.000000000000000000, 0.000000000000000000, 1.000000000000000000 ) ) ;
#5873 =( GEOMETRIC_REPRESENTATION_CONTEXT ( 3 ) GLOBAL_UNCERTAINTY_ASSIGNED_CONTEXT ( ( #10223 ) ) GLOBAL_UNIT_ASSIGNED_CONTEXT ( ( #9103, #7273, #5615 ) ) REPRESENTATION_CONTEXT ( 'NONE', 'WORKASPACE' ) );
#5874 = LINE ( 'NONE', #7778, #10042 ) ;
#5875 =( NAMED_UNIT ( * ) SI_UNIT ( $, .STERADIAN. ) SOLID_ANGLE_UNIT ( ) );
#5876 = CONTEXT_DEPENDENT_SHAPE_REPRESENTATION ( #8176, #11233 ) ;
#5877 = ORIENTED_EDGE ( 'NONE', *, *, #1792, .F. ) ;
#5878 = AXIS2_PLACEMENT_3D ( 'NONE', #10157, #1857, #191 ) ;
#5879 = ORIENTED_EDGE ( 'NONE', *, *, #5509, .F. ) ;
#5880 = EDGE_LOOP ( 'NONE', ( #11069, #9874, #5816, #2624, #3821 ) ) ;
#5881 =( LENGTH_UNIT ( ) NAMED_UNIT ( * ) SI_UNIT ( .MILLI., .METRE. ) );
#5882 = CARTESIAN_POINT ( 'NONE',  ( -2.000000000000000000, -8.949999999999999289, 4.400000000000000355 ) ) ;
#5883 =( NAMED_UNIT ( * ) PLANE_ANGLE_UNIT ( ) SI_UNIT ( $, .RADIAN. ) );
#5884 = FILL_AREA_STYLE ('',( #1307 ) ) ;
#5885 = ADVANCED_FACE ( 'NONE', ( #10892 ), #2579, .T. ) ;
#5886 = FILL_AREA_STYLE ('',( #4921 ) ) ;
#5887 = DIRECTION ( 'NONE',  ( 0.000000000000000000, -0.000000000000000000, -1.000000000000000000 ) ) ;
#5888 = FACE_BOUND ( 'NONE', #11433, .T. ) ;
#5889 = AXIS2_PLACEMENT_3D ( 'NONE', #6711, #8856, #11056 ) ;
#5890 = DIRECTION ( 'NONE',  ( 1.000000000000000000, 0.000000000000000000, -0.000000000000000000 ) ) ;
#5891 = DIRECTION ( 'NONE',  ( 0.000000000000000000, -1.000000000000000000, 0.000000000000000000 ) ) ;
#5892 = CARTESIAN_POINT ( 'NONE',  ( 0.000000000000000000, 0.000000000000000000, 0.000000000000000000 ) ) ;
#5893 = DIRECTION ( 'NONE',  ( 1.000000000000000000, 0.000000000000000000, 0.000000000000000000 ) ) ;
#5894 = ORIENTED_EDGE ( 'NONE', *, *, #6844, .F. ) ;
#5895 = CIRCLE ( 'NONE', #9778, 0.5000000000000000000 ) ;
#5896 = ORIENTED_EDGE ( 'NONE', *, *, #4013, .F. ) ;
#5897 = PRESENTATION_STYLE_ASSIGNMENT (( #2148 ) ) ;
#5898 = DIRECTION ( 'NONE',  ( 0.000000000000000000, 0.000000000000000000, -1.000000000000000000 ) ) ;
#5899 = DIRECTION ( 'NONE',  ( -0.000000000000000000, -0.000000000000000000, -1.000000000000000000 ) ) ;
#5901 = CARTESIAN_POINT ( 'NONE',  ( 10.59999999999999964, -2.500000000000000000, 6.399999999992999733 ) ) ;
#5900 = COLOUR_RGB ( '',0.8196078431372548767, 0.8000000000000000444, 0.7529411764705882248 ) ;
#5902 = EDGE_CURVE ( 'NONE', #6589, #9567, #7442, .T. ) ;
#5903 = VECTOR ( 'NONE', #620, 1000.000000000000000 ) ;
#5904 = DIRECTION ( 'NONE',  ( 0.000000000000000000, -1.000000000000000000, 0.000000000000000000 ) ) ;
#5905 = PRESENTATION_STYLE_ASSIGNMENT (( #7750 ) ) ;
#5906 = APPLICATION_CONTEXT ( 'automotive_design' ) ;
#5907 = ORIENTED_EDGE ( 'NONE', *, *, #2949, .T. ) ;
#5908 = FACE_OUTER_BOUND ( 'NONE', #401, .T. ) ;
#5909 = AXIS2_PLACEMENT_3D ( 'NONE', #7686, #1376, #7745 ) ;
#5910 = CIRCLE ( 'NONE', #4180, 1.199999999999999734 ) ;
#5911 = EDGE_CURVE ( 'NONE', #3069, #8690, #1867, .T. ) ;
#5912 = FILL_AREA_STYLE ('',( #5068 ) ) ;
#5913 = CARTESIAN_POINT ( 'NONE',  ( 0.7500000000070307093, 11.09999999999999964, 10.15790624853725532 ) ) ;
#5914 = FILL_AREA_STYLE_COLOUR ( '', #9463 ) ;
#5915 = PRESENTATION_STYLE_ASSIGNMENT (( #7882 ) ) ;
#5916 = SURFACE_SIDE_STYLE ('',( #4293 ) ) ;
#5917 = CARTESIAN_POINT ( 'NONE',  ( 3.449999999999999734, -14.40000000000000036, 0.000000000000000000 ) ) ;
#5918 = FACE_OUTER_BOUND ( 'NONE', #435, .T. ) ;
#5919 = AXIS2_PLACEMENT_3D ( 'NONE', #3883, #5636, #11283 ) ;
#5920 = EDGE_LOOP ( 'NONE', ( #8582, #3412, #5403, #2922 ) ) ;
#5921 = ORIENTED_EDGE ( 'NONE', *, *, #6706, .T. ) ;
#5922 = EDGE_CURVE ( 'NONE', #1115, #9177, #2930, .T. ) ;
#5923 = EDGE_CURVE ( 'NONE', #7347, #6577, #10290, .T. ) ;
#5924 = ADVANCED_FACE ( 'NONE', ( #4707 ), #10347, .F. ) ;
#5925 = CARTESIAN_POINT ( 'NONE',  ( 11.09999999999999964, 5.551115123125999639E-16, 7.150000000000000355 ) ) ;
#5926 = CYLINDRICAL_SURFACE ( 'NONE', #6016, 1.199999999999999734 ) ;
#5927 = CIRCLE ( 'NONE', #9055, 0.5000000000000000000 ) ;
#5928 = PRESENTATION_LAYER_ASSIGNMENT (  '', '', ( #10397 ) ) ;
#5929 =( NAMED_UNIT ( * ) SI_UNIT ( $, .STERADIAN. ) SOLID_ANGLE_UNIT ( ) );
#5930 = CARTESIAN_POINT ( 'NONE',  ( -6.799999999999999822, 8.000000000000000000, 2.600000000000000533 ) ) ;
#5931 = CARTESIAN_POINT ( 'NONE',  ( -7.492820323027551410, 7.775658889420202335, 11.40998175663490244 ) ) ;
#5932 = SURFACE_STYLE_USAGE ( .BOTH. , #2256 ) ;
#5933 = CARTESIAN_POINT ( 'NONE',  ( 10.59999999999999964, -4.250000000000000000, 2.899999999999999467 ) ) ;
#5934 = CIRCLE ( 'NONE', #11168, 0.5000000000000000000 ) ;
#5935 = CIRCLE ( 'NONE', #4015, 1.200000000000000400 ) ;
#5936 = EDGE_LOOP ( 'NONE', ( #4518, #9085, #5390, #10212 ) ) ;
#5937 = ORIENTED_EDGE ( 'NONE', *, *, #6572, .T. ) ;
#5938 = ORIENTED_EDGE ( 'NONE', *, *, #8955, .T. ) ;
#5939 = ORIENTED_EDGE ( 'NONE', *, *, #7020, .T. ) ;
#5940 =( LENGTH_UNIT ( ) NAMED_UNIT ( * ) SI_UNIT ( .MILLI., .METRE. ) );
#5941 = PLANE ( 'NONE',  #310 ) ;
#5942 = CARTESIAN_POINT ( 'NONE',  ( 0.7500000000021092017, 10.59999999999999964, 2.899999999999999911 ) ) ;
#5943 =( LENGTH_UNIT ( ) NAMED_UNIT ( * ) SI_UNIT ( .MILLI., .METRE. ) );
#5944 = AXIS2_PLACEMENT_3D ( 'NONE', #916, #8301, #9407 ) ;
#5945 = DIRECTION ( 'NONE',  ( 0.000000000000000000, 1.000000000000000000, 0.000000000000000000 ) ) ;
#5946 = DIRECTION ( 'NONE',  ( -1.000000000000000000, 1.306144734853000006E-15, 0.000000000000000000 ) ) ;
#5947 = CARTESIAN_POINT ( 'NONE',  ( 0.000000000000000000, 0.000000000000000000, 11.70000000000000107 ) ) ;
#5948 = UNCERTAINTY_MEASURE_WITH_UNIT (LENGTH_MEASURE( 1.000000000000000082E-05 ), #10240, 'distance_accuracy_value', 'NONE');
#5949 = SURFACE_SIDE_STYLE ('',( #7795 ) ) ;
#5950 = CYLINDRICAL_SURFACE ( 'NONE', #7492, 4.000000000000000000 ) ;
#5951 = DIRECTION ( 'NONE',  ( 0.000000000000000000, 0.000000000000000000, 1.000000000000000000 ) ) ;
#5952 = ORIENTED_EDGE ( 'NONE', *, *, #8729, .T. ) ;
#5953 = CARTESIAN_POINT ( 'NONE',  ( 10.59999999999999964, -4.250000000000000000, 2.899999999999999911 ) ) ;
#5954 = ORIENTED_EDGE ( 'NONE', *, *, #2796, .T. ) ;
#5955 = FILL_AREA_STYLE_COLOUR ( '', #7624 ) ;
#5956 = CARTESIAN_POINT ( 'NONE',  ( 4.700000000000000178, -2.725000000000000089, 0.000000000000000000 ) ) ;
#5957 = CARTESIAN_POINT ( 'NONE',  ( 8.000000000000000000, -4.750000000000000000, 3.200000000000000178 ) ) ;
#5958 = PRESENTATION_STYLE_ASSIGNMENT (( #4158 ) ) ;
#5959 = UNCERTAINTY_MEASURE_WITH_UNIT (LENGTH_MEASURE( 1.000000000000000082E-05 ), #10955, 'distance_accuracy_value', 'NONE');
#5960 = EDGE_LOOP ( 'NONE', ( #763, #9825, #1601, #10636 ) ) ;
#5961 =( LENGTH_UNIT ( ) NAMED_UNIT ( * ) SI_UNIT ( .MILLI., .METRE. ) );
#5962 =( GEOMETRIC_REPRESENTATION_CONTEXT ( 3 ) GLOBAL_UNCERTAINTY_ASSIGNED_CONTEXT ( ( #7702 ) ) GLOBAL_UNIT_ASSIGNED_CONTEXT ( ( #5071, #5136, #501 ) ) REPRESENTATION_CONTEXT ( 'NONE', 'WORKASPACE' ) );
#5963 = UNCERTAINTY_MEASURE_WITH_UNIT (LENGTH_MEASURE( 1.000000000000000082E-05 ), #7538, 'distance_accuracy_value', 'NONE');
#5964 = DIRECTION ( 'NONE',  ( 0.000000000000000000, 0.000000000000000000, 1.000000000000000000 ) ) ;
#5965 = SURFACE_STYLE_USAGE ( .BOTH. , #8732 ) ;
#5966 = COLOUR_RGB ( '',0.09803921568627450844, 0.09803921568627450844, 0.09803921568627450844 ) ;
#5967 = VECTOR ( 'NONE', #9037, 1000.000000000000000 ) ;
#5968 =( NAMED_UNIT ( * ) PLANE_ANGLE_UNIT ( ) SI_UNIT ( $, .RADIAN. ) );
#5969 = DIRECTION ( 'NONE',  ( 1.000000000000000000, 1.168655815394999918E-15, 0.000000000000000000 ) ) ;
#5970 = CARTESIAN_POINT ( 'NONE',  ( -1.649999999999999911, -7.650000000000001243, 5.700000000000000178 ) ) ;
#5971 = DIRECTION ( 'NONE',  ( 8.673617379883999727E-17, 1.000000000000000000, 0.000000000000000000 ) ) ;
#5972 = UNCERTAINTY_MEASURE_WITH_UNIT (LENGTH_MEASURE( 1.000000000000000082E-05 ), #9652, 'distance_accuracy_value', 'NONE');
#5973 = CARTESIAN_POINT ( 'NONE',  ( 11.09999999999999964, 4.250000000000000000, 6.399999999998000177 ) ) ;
#5974 = CARTESIAN_POINT ( 'NONE',  ( 10.59999999999999964, -2.250000000000000444, 11.40000000000000036 ) ) ;
#5975 = ADVANCED_BREP_SHAPE_REPRESENTATION ( '', ( #7608, #3260 ), #6164 ) ;
#5976 = PRODUCT_DEFINITION ( 'UNKNOWN', '', #5501, #5725 ) ;
#5977 = ORIENTED_EDGE ( 'NONE', *, *, #11145, .T. ) ;
#5979 = ORIENTED_EDGE ( 'NONE', *, *, #11634, .F. ) ;
#5978 = STYLED_ITEM ( 'NONE', ( #11778 ), #7990 ) ;
#5980 = SURFACE_STYLE_USAGE ( .BOTH. , #8872 ) ;
#5981 = CARTESIAN_POINT ( 'NONE',  ( 0.7500000000070307093, 10.59999999999999964, 10.15790624853725532 ) ) ;
#5982 =( NAMED_UNIT ( * ) SI_UNIT ( $, .STERADIAN. ) SOLID_ANGLE_UNIT ( ) );
#5983 = DIRECTION ( 'NONE',  ( -0.000000000000000000, 1.000000000000000000, 0.000000000000000000 ) ) ;
#5984 = LINE ( 'NONE', #5869, #858 ) ;
#5985 = SURFACE_STYLE_USAGE ( .BOTH. , #8927 ) ;
#5986 = CARTESIAN_POINT ( 'NONE',  ( -0.7500000000009999779, 11.09999999999999964, 10.15790624853899971 ) ) ;
#5987 = MECHANICAL_DESIGN_GEOMETRIC_PRESENTATION_REPRESENTATION (  '', ( #6582 ), #1561 ) ;
#5988 = CARTESIAN_POINT ( 'NONE',  ( -7.386071179369600337, 6.852424748005590871, 12.11971761073360554 ) ) ;
#5989 =( LENGTH_UNIT ( ) NAMED_UNIT ( * ) SI_UNIT ( .MILLI., .METRE. ) );
#5990 = STYLED_ITEM ( 'NONE', ( #504 ), #6938 ) ;
#5991 = EDGE_CURVE ( 'NONE', #3660, #6685, #5662, .T. ) ;
#5992 = DIRECTION ( 'NONE',  ( -0.000000000000000000, 1.000000000000000000, 0.000000000000000000 ) ) ;
#5993 = CIRCLE ( 'NONE', #7955, 0.5000000000000000000 ) ;
#5994 = ORIENTED_EDGE ( 'NONE', *, *, #1285, .F. ) ;
#5995 = ORIENTED_EDGE ( 'NONE', *, *, #7885, .F. ) ;
#5996 = ORIENTED_EDGE ( 'NONE', *, *, #2521, .T. ) ;
#5997 = VERTEX_POINT ( 'NONE', #11124 ) ;
#5998 = DIRECTION ( 'NONE',  ( 0.000000000000000000, -0.000000000000000000, -1.000000000000000000 ) ) ;
#5999 = COLOUR_RGB ( '',0.9137254901960784048, 0.5137254901960783826, 0.1372549019607843257 ) ;
#6000 = SURFACE_SIDE_STYLE ('',( #9894 ) ) ;
#6001 = AXIS2_PLACEMENT_3D ( 'NONE', #3895, #5649, #10274 ) ;
#6002 = SURFACE_SIDE_STYLE ('',( #4143 ) ) ;
#6003 = DIRECTION ( 'NONE',  ( 0.000000000000000000, -1.000000000000000000, 0.000000000000000000 ) ) ;
#6004 = DIRECTION ( 'NONE',  ( 0.000000000000000000, -1.776356839400250465E-15, 1.000000000000000000 ) ) ;
#6005 = AXIS2_PLACEMENT_3D ( 'NONE', #6547, #10259, #1056 ) ;
#6006 =( LENGTH_UNIT ( ) NAMED_UNIT ( * ) SI_UNIT ( .MILLI., .METRE. ) );
#6007 =( NAMED_UNIT ( * ) PLANE_ANGLE_UNIT ( ) SI_UNIT ( $, .RADIAN. ) );
#6008 = SHAPE_REPRESENTATION ( 'COMPOUND', ( #3260 ), #6164 ) ;
#6009 =( GEOMETRIC_REPRESENTATION_CONTEXT ( 3 ) GLOBAL_UNCERTAINTY_ASSIGNED_CONTEXT ( ( #9139 ) ) GLOBAL_UNIT_ASSIGNED_CONTEXT ( ( #517, #3683, #9089 ) ) REPRESENTATION_CONTEXT ( 'NONE', 'WORKASPACE' ) );
#6010 = MECHANICAL_DESIGN_GEOMETRIC_PRESENTATION_REPRESENTATION (  '', ( #9921 ), #2903 ) ;
#6011 = EDGE_CURVE ( 'NONE', #1769, #10713, #10233, .T. ) ;
#6012 = CIRCLE ( 'NONE', #1778, 0.5000000000000000000 ) ;
#6013 = ORIENTED_EDGE ( 'NONE', *, *, #6073, .F. ) ;
#6014 = EDGE_LOOP ( 'NONE', ( #3453, #11304, #2710, #2361 ) ) ;
#6015 =( LENGTH_UNIT ( ) NAMED_UNIT ( * ) SI_UNIT ( .MILLI., .METRE. ) );
#6016 = AXIS2_PLACEMENT_3D ( 'NONE', #11639, #8873, #8066 ) ;
#6017 = STYLED_ITEM ( 'NONE', ( #11517 ), #7473 ) ;
#6018 = CIRCLE ( 'NONE', #4479, 2.500000000000000000 ) ;
#6019 = CARTESIAN_POINT ( 'NONE',  ( 11.09999999999999964, 5.551115123125999639E-16, 7.150000000000000355 ) ) ;
#6020 = CIRCLE ( 'NONE', #10100, 0.5000000000000000000 ) ;
#6021 = LINE ( 'NONE', #1450, #8966 ) ;
#6022 = STYLED_ITEM ( 'NONE', ( #396 ), #10247 ) ;
#6023 = LINE ( 'NONE', #5901, #2011 ) ;
#6024 = SURFACE_SIDE_STYLE ('',( #10710 ) ) ;
#6025 = ORIENTED_EDGE ( 'NONE', *, *, #11249, .T. ) ;
#6026 = COLOUR_RGB ( '',0.9137254901960784048, 0.5137254901960783826, 0.1372549019607843257 ) ;
#6027 = ORIENTED_EDGE ( 'NONE', *, *, #8559, .T. ) ;
#6028 = EDGE_CURVE ( 'NONE', #1456, #1352, #1921, .T. ) ;
#6029 = COLOUR_RGB ( '',0.7019607843137254388, 0.7019607843137254388, 0.7019607843137254388 ) ;
#6030 = AXIS2_PLACEMENT_3D ( 'NONE', #10392, #306, #2136 ) ;
#6031 = MECHANICAL_DESIGN_GEOMETRIC_PRESENTATION_REPRESENTATION (  '', ( #7025 ), #4309 ) ;
#6032 =( NAMED_UNIT ( * ) SI_UNIT ( $, .STERADIAN. ) SOLID_ANGLE_UNIT ( ) );
#6033 = CARTESIAN_POINT ( 'NONE',  ( 0.5749999999999999556, 0.7750000000000001332, 19.40000000000000924 ) ) ;
#6034 = EDGE_CURVE ( 'NONE', #11786, #7682, #5717, .T. ) ;
#6035 = FILL_AREA_STYLE_COLOUR ( '', #543 ) ;
#6036 = STYLED_ITEM ( 'NONE', ( #7728 ), #2626 ) ;
#6037 = CARTESIAN_POINT ( 'NONE',  ( -1.708578643762690419, -7.532842712474620228, 5.700000000000001066 ) ) ;
#6038 = EDGE_CURVE ( 'NONE', #4334, #7507, #5727, .T. ) ;
#6039 = AXIS2_PLACEMENT_3D ( 'NONE', #8769, #478, #241 ) ;
#6040 = SURFACE_STYLE_FILL_AREA ( #6912 ) ;
#6041 = CARTESIAN_POINT ( 'NONE',  ( -7.492820323027549634, -7.492820323027549634, 11.69282032302754892 ) ) ;
#6042 =( LENGTH_UNIT ( ) NAMED_UNIT ( * ) SI_UNIT ( .MILLI., .METRE. ) );
#6043 = STYLED_ITEM ( 'NONE', ( #7339 ), #1227 ) ;
#6044 = CARTESIAN_POINT ( 'NONE',  ( 11.09999999999999964, -4.750000000000000888, 0.8000000000000000444 ) ) ;
#6045 = ADVANCED_FACE ( 'NONE', ( #8532 ), #259, .T. ) ;
#6046 = EDGE_LOOP ( 'NONE', ( #808, #5848, #4213, #5259 ) ) ;
#6047 = VERTEX_POINT ( 'NONE', #2217 ) ;
#6048 = MECHANICAL_DESIGN_GEOMETRIC_PRESENTATION_REPRESENTATION (  '', ( #4510 ), #7036 ) ;
#6049 = PRESENTATION_STYLE_ASSIGNMENT (( #7091 ) ) ;
#6050 = CARTESIAN_POINT ( 'NONE',  ( 6.799999999999999822, -6.799999999999999822, 11.00000000000000000 ) ) ;
#6051 = FILL_AREA_STYLE_COLOUR ( '', #4212 ) ;
#6052 = LINE ( 'NONE', #7040, #10968 ) ;
#6053 = CARTESIAN_POINT ( 'NONE',  ( -1.750000000000000000, -14.45000000000000107, 5.658578643762692373 ) ) ;
#6054 = DIRECTION ( 'NONE',  ( 0.000000000000000000, 0.000000000000000000, 1.000000000000000000 ) ) ;
#6055 = CARTESIAN_POINT ( 'NONE',  ( 8.146008012803562792, 6.883387911746890353, 11.64906504453218794 ) ) ;
#6056 = PRESENTATION_LAYER_ASSIGNMENT (  '', '', ( #5665 ) ) ;
#6057 = EDGE_CURVE ( 'NONE', #7327, #9680, #3396, .T. ) ;
#6058 = CARTESIAN_POINT ( 'NONE',  ( 2.000000000000000000, -12.94999999999999929, 4.400000000000000355 ) ) ;
#6059 = VECTOR ( 'NONE', #10558, 1000.000000000000000 ) ;
#6060 = VERTEX_POINT ( 'NONE', #5117 ) ;
#6061 = VERTEX_POINT ( 'NONE', #10460 ) ;
#6062 = EDGE_LOOP ( 'NONE', ( #5526, #4255, #4001, #6353, #10285, #3833, #9310, #4990 ) ) ;
#6063 = ORIENTED_EDGE ( 'NONE', *, *, #4517, .F. ) ;
#6064 = AXIS2_PLACEMENT_3D ( 'NONE', #5234, #10087, #5474 ) ;
#6065 = CARTESIAN_POINT ( 'NONE',  ( 11.09999999999999964, -2.250000000000000444, 11.40000000000000036 ) ) ;
#6066 = SURFACE_STYLE_USAGE ( .BOTH. , #8643 ) ;
#6067 = DIRECTION ( 'NONE',  ( -0.000000000000000000, -0.000000000000000000, -1.000000000000000000 ) ) ;
#6068 = EDGE_CURVE ( 'NONE', #7327, #1383, #10705, .T. ) ;
#6069 =( NAMED_UNIT ( * ) PLANE_ANGLE_UNIT ( ) SI_UNIT ( $, .RADIAN. ) );
#6070 = CARTESIAN_POINT ( 'NONE',  ( -2.499999999999999556, -8.000000000000000000, 0.7500000000000000000 ) ) ;
#6071 =( LENGTH_UNIT ( ) NAMED_UNIT ( * ) SI_UNIT ( .MILLI., .METRE. ) );
#6072 = PRESENTATION_LAYER_ASSIGNMENT (  '', '', ( #1246 ) ) ;
#6073 = EDGE_CURVE ( 'NONE', #11941, #1132, #10585, .T. ) ;
#6074 = DIRECTION ( 'NONE',  ( 1.387778780781445676E-15, -1.000000000000000000, 0.000000000000000000 ) ) ;
#6075 = FILL_AREA_STYLE ('',( #2322 ) ) ;
#6076 = UNCERTAINTY_MEASURE_WITH_UNIT (LENGTH_MEASURE( 1.000000000000000082E-05 ), #1214, 'distance_accuracy_value', 'NONE');
#6077 = CARTESIAN_POINT ( 'NONE',  ( 0.5749999999999999556, -0.7750000000000001332, 19.40000000000000213 ) ) ;
#6078 = DIRECTION ( 'NONE',  ( 0.000000000000000000, 0.000000000000000000, 1.000000000000000000 ) ) ;
#6079 = AXIS2_PLACEMENT_3D ( 'NONE', #1546, #6315, #2493 ) ;
#6080 = ORIENTED_EDGE ( 'NONE', *, *, #9025, .T. ) ;
#6081 = ORIENTED_EDGE ( 'NONE', *, *, #205, .T. ) ;
#6082 = FACE_OUTER_BOUND ( 'NONE', #11851, .T. ) ;
#6083 = EDGE_CURVE ( 'NONE', #5659, #7559, #10191, .T. ) ;
#6084 = APPLICATION_PROTOCOL_DEFINITION ( 'draft international standard', 'automotive_design', 1998, #595 ) ;
#6085 = EDGE_CURVE ( 'NONE', #5185, #4607, #9627, .T. ) ;
#6086 = DIRECTION ( 'NONE',  ( 0.000000000000000000, 0.000000000000000000, -1.000000000000000000 ) ) ;
#6087 = VECTOR ( 'NONE', #11392, 1000.000000000000000 ) ;
#6088 = DIRECTION ( 'NONE',  ( -1.000000000000000000, 0.000000000000000000, 0.000000000000000000 ) ) ;
#6089 = DIRECTION ( 'NONE',  ( -0.000000000000000000, 1.000000000000000000, 0.000000000000000000 ) ) ;
#6090 = CARTESIAN_POINT ( 'NONE',  ( -3.000000000000000000, -13.44999999999999929, 4.200000000000000178 ) ) ;
#6091 = CARTESIAN_POINT ( 'NONE',  ( 4.000000000000000000, 6.799999999999999822, 11.00000000000000000 ) ) ;
#6092 = UNCERTAINTY_MEASURE_WITH_UNIT (LENGTH_MEASURE( 1.000000000000000082E-05 ), #9244, 'distance_accuracy_value', 'NONE');
#6093 = DIRECTION ( 'NONE',  ( -1.000000000000000000, -0.000000000000000000, 0.000000000000000000 ) ) ;
#6094 = ORIENTED_EDGE ( 'NONE', *, *, #6823, .F. ) ;
#6095 =( NAMED_UNIT ( * ) SI_UNIT ( $, .STERADIAN. ) SOLID_ANGLE_UNIT ( ) );
#6096 = AXIS2_PLACEMENT_3D ( 'NONE', #8370, #6539, #9294 ) ;
#6097 = CARTESIAN_POINT ( 'NONE',  ( 11.10000000000000142, -2.250000000000000888, 11.90000000000000036 ) ) ;
#6098 = VECTOR ( 'NONE', #7330, 1000.000000000000000 ) ;
#6099 = UNCERTAINTY_MEASURE_WITH_UNIT (LENGTH_MEASURE( 1.000000000000000082E-05 ), #849, 'distance_accuracy_value', 'NONE');
#6100 = DIRECTION ( 'NONE',  ( 0.000000000000000000, 0.000000000000000000, -1.000000000000000000 ) ) ;
#6101 = CARTESIAN_POINT ( 'NONE',  ( -8.699999999999999289, -5.599999999999999645, 2.600000000000000533 ) ) ;
#6102 = AXIS2_PLACEMENT_3D ( 'NONE', #6107, #7031, #11629 ) ;
#6103 = CARTESIAN_POINT ( 'NONE',  ( 5.599999999999999645, 8.000000000000000000, 3.200000000000000178 ) ) ;
#6104 = LINE ( 'NONE', #1573, #8979 ) ;
#6105 = UNCERTAINTY_MEASURE_WITH_UNIT (LENGTH_MEASURE( 1.000000000000000082E-05 ), #1997, 'distance_accuracy_value', 'NONE');
#6106 = SURFACE_SIDE_STYLE ('',( #7935 ) ) ;
#6107 = CARTESIAN_POINT ( 'NONE',  ( 4.250000000000000000, 11.09999999999999964, 2.899999999999999911 ) ) ;
#6108 = COLOUR_RGB ( '',0.8196078431372548767, 0.8000000000000000444, 0.7529411764705882248 ) ;
#6109 = VECTOR ( 'NONE', #11131, 1000.000000000000000 ) ;
#6110 = EDGE_CURVE ( 'NONE', #433, #4991, #2399, .T. ) ;
#6111 = ORIENTED_EDGE ( 'NONE', *, *, #1269, .F. ) ;
#6112 = SURFACE_SIDE_STYLE ('',( #512 ) ) ;
#6113 = SURFACE_STYLE_USAGE ( .BOTH. , #4305 ) ;
#6114 = FILL_AREA_STYLE ('',( #6051 ) ) ;
#6115 = CARTESIAN_POINT ( 'NONE',  ( 7.500000000000000000, 7.500000000000000000, 2.600000000000000533 ) ) ;
#6116 = CARTESIAN_POINT ( 'NONE',  ( -2.250000000000000444, 10.59999999999999964, 11.40000000000000036 ) ) ;
#6117 = STYLED_ITEM ( 'NONE', ( #4052 ), #8583 ) ;
#6118 = AXIS2_PLACEMENT_3D ( 'NONE', #10920, #9123, #10980 ) ;
#6119 = SURFACE_STYLE_FILL_AREA ( #2373 ) ;
#6120 =( LENGTH_UNIT ( ) NAMED_UNIT ( * ) SI_UNIT ( .MILLI., .METRE. ) );
#6121 = CARTESIAN_POINT ( 'NONE',  ( 3.751676712747591846, -6.491978894319241356, 4.999999999999996447 ) ) ;
#6122 = ORIENTED_EDGE ( 'NONE', *, *, #1718, .F. ) ;
#6123 = ORIENTED_EDGE ( 'NONE', *, *, #9820, .T. ) ;
#6124 = STYLED_ITEM ( 'NONE', ( #3560 ), #5885 ) ;
#6125 = VERTEX_POINT ( 'NONE', #6762 ) ;
#6126 = PRESENTATION_STYLE_ASSIGNMENT (( #8017 ) ) ;
#6127 = CARTESIAN_POINT ( 'NONE',  ( -0.7500000000070002892, 11.09999999999999964, 0.8000000000000000444 ) ) ;
#6128 = CARTESIAN_POINT ( 'NONE',  ( 10.59999999999999964, 3.007906248537254523, 7.900000000007030287 ) ) ;
#6129 = DIRECTION ( 'NONE',  ( -1.000000000000000000, 0.000000000000000000, 0.000000000000000000 ) ) ;
#6130 = PRESENTATION_STYLE_ASSIGNMENT (( #3213 ) ) ;
#6131 = FACE_OUTER_BOUND ( 'NONE', #8496, .T. ) ;
#6132 =( LENGTH_UNIT ( ) NAMED_UNIT ( * ) SI_UNIT ( .MILLI., .METRE. ) );
#6133 = DIRECTION ( 'NONE',  ( 1.000000000000000000, 0.000000000000000000, 0.000000000000000000 ) ) ;
#6134 = PRESENTATION_LAYER_ASSIGNMENT (  '', '', ( #3227 ) ) ;
#6135 = CARTESIAN_POINT ( 'NONE',  ( 2.250000000000000444, 11.09999999999999964, 11.40000000000000036 ) ) ;
#6136 = CARTESIAN_POINT ( 'NONE',  ( 0.007985522500681857191, -0.03824811576237917288, 0.005356127559769788271 ) ) ;
#6137 = ADVANCED_BREP_SHAPE_REPRESENTATION ( '', ( #7544, #3260 ), #5590 ) ;
#6138 = PRODUCT_DEFINITION ( 'UNKNOWN', '', #9961, #1025 ) ;
#6139 = ORIENTED_EDGE ( 'NONE', *, *, #1764, .T. ) ;
#6140 = DIRECTION ( 'NONE',  ( 0.000000000000000000, 0.000000000000000000, -1.000000000000000000 ) ) ;
#6141 = APPLICATION_CONTEXT ( 'automotive_design' ) ;
#6142 = MECHANICAL_DESIGN_GEOMETRIC_PRESENTATION_REPRESENTATION (  '', ( #1522 ), #385 ) ;
#6143 = ORIENTED_EDGE ( 'NONE', *, *, #510, .F. ) ;
#6144 = LINE ( 'NONE', #7744, #8991 ) ;
#6145 = CARTESIAN_POINT ( 'NONE',  ( -5.599999999999999645, 8.949999999999999289, 3.200000000000000178 ) ) ;
#6146 = LINE ( 'NONE', #11857, #1291 ) ;
#6147 = SURFACE_SIDE_STYLE ('',( #545 ) ) ;
#6148 =( LENGTH_UNIT ( ) NAMED_UNIT ( * ) SI_UNIT ( .MILLI., .METRE. ) );
#6149 = DIRECTION ( 'NONE',  ( -0.000000000000000000, -0.000000000000000000, -1.000000000000000000 ) ) ;
#6150 = DIRECTION ( 'NONE',  ( 0.000000000000000000, -4.011465257279000566E-16, -1.000000000000000000 ) ) ;
#6151 = FILL_AREA_STYLE ('',( #5122 ) ) ;
#6152 = ORIENTED_EDGE ( 'NONE', *, *, #6189, .T. ) ;
#6153 =( LENGTH_UNIT ( ) NAMED_UNIT ( * ) SI_UNIT ( .MILLI., .METRE. ) );
#6154 = UNCERTAINTY_MEASURE_WITH_UNIT (LENGTH_MEASURE( 1.000000000000000082E-05 ), #9669, 'distance_accuracy_value', 'NONE');
#6155 = EDGE_CURVE ( 'NONE', #6125, #8192, #7676, .T. ) ;
#6156 = SURFACE_SIDE_STYLE ('',( #7189 ) ) ;
#6157 = CYLINDRICAL_SURFACE ( 'NONE', #6626, 0.5000000000000004441 ) ;
#6158 = FACE_OUTER_BOUND ( 'NONE', #11961, .T. ) ;
#6159 =( NAMED_UNIT ( * ) SI_UNIT ( $, .STERADIAN. ) SOLID_ANGLE_UNIT ( ) );
#6160 = SURFACE_STYLE_FILL_AREA ( #7198 ) ;
#6161 =( LENGTH_UNIT ( ) NAMED_UNIT ( * ) SI_UNIT ( .MILLI., .METRE. ) );
#6162 = ORIENTED_EDGE ( 'NONE', *, *, #7842, .F. ) ;
#6163 = FACE_OUTER_BOUND ( 'NONE', #5656, .T. ) ;
#6164 =( GEOMETRIC_REPRESENTATION_CONTEXT ( 3 ) GLOBAL_UNCERTAINTY_ASSIGNED_CONTEXT ( ( #2348 ) ) GLOBAL_UNIT_ASSIGNED_CONTEXT ( ( #578, #6245, #4313 ) ) REPRESENTATION_CONTEXT ( 'NONE', 'WORKASPACE' ) );
#6165 = ORIENTED_EDGE ( 'NONE', *, *, #4484, .F. ) ;
#6166 = MECHANICAL_DESIGN_GEOMETRIC_PRESENTATION_REPRESENTATION (  '', ( #2870 ), #6565 ) ;
#6167 = DIRECTION ( 'NONE',  ( 0.000000000000000000, 0.000000000000000000, 1.000000000000000000 ) ) ;
#6168 = DIRECTION ( 'NONE',  ( -1.168655815394999918E-15, 1.000000000000000000, 0.000000000000000000 ) ) ;
#6169 = DIRECTION ( 'NONE',  ( 0.000000000000000000, 0.000000000000000000, -1.000000000000000000 ) ) ;
#6170 = DIRECTION ( 'NONE',  ( 0.000000000000000000, -0.000000000000000000, -1.000000000000000000 ) ) ;
#6171 = DIRECTION ( 'NONE',  ( 0.000000000000000000, 1.000000000000000000, -1.068654344540000075E-12 ) ) ;
#6172 = DIRECTION ( 'NONE',  ( -1.000000000000000000, 0.000000000000000000, 0.000000000000000000 ) ) ;
#6173 = LINE ( 'NONE', #366, #4739 ) ;
#6174 = SURFACE_SIDE_STYLE ('',( #6119 ) ) ;
#6175 = ADVANCED_FACE ( 'NONE', ( #3166 ), #4992, .T. ) ;
#6176 = CARTESIAN_POINT ( 'NONE',  ( 7.492820323027548746, 7.492820323027547857, 11.69282032302754892 ) ) ;
#6177 =( LENGTH_UNIT ( ) NAMED_UNIT ( * ) SI_UNIT ( .MILLI., .METRE. ) );
#6178 = CIRCLE ( 'NONE', #1552, 0.5000000000000000000 ) ;
#6179 = CARTESIAN_POINT ( 'NONE',  ( 6.734567492519540899, -3.324155862908203307, 5.000000000000000000 ) ) ;
#6180 =( GEOMETRIC_REPRESENTATION_CONTEXT ( 3 ) GLOBAL_UNCERTAINTY_ASSIGNED_CONTEXT ( ( #9644 ) ) GLOBAL_UNIT_ASSIGNED_CONTEXT ( ( #7164, #9950, #11661 ) ) REPRESENTATION_CONTEXT ( 'NONE', 'WORKASPACE' ) );
#6181 = ORIENTED_EDGE ( 'NONE', *, *, #3444, .T. ) ;
#6182 = ORIENTED_EDGE ( 'NONE', *, *, #1908, .F. ) ;
#6183 = ORIENTED_EDGE ( 'NONE', *, *, #6110, .T. ) ;
#6184 = AXIS2_PLACEMENT_3D ( 'NONE', #9497, #1016, #8591 ) ;
#6185 = FILL_AREA_STYLE_COLOUR ( '', #873 ) ;
#6186 = CIRCLE ( 'NONE', #9872, 3.100000000000000533 ) ;
#6187 = CARTESIAN_POINT ( 'NONE',  ( -0.3499999999999999778, -8.949999999999999289, 2.600000000000000533 ) ) ;
#6188 = CARTESIAN_POINT ( 'NONE',  ( 2.250000000000000444, 8.775000000000000355, 9.400000000000000355 ) ) ;
#6189 = EDGE_CURVE ( 'NONE', #2604, #5465, #11532, .T. ) ;
#6190 = MECHANICAL_DESIGN_GEOMETRIC_PRESENTATION_REPRESENTATION (  '', ( #5990 ), #7570 ) ;
#6191 =( LENGTH_UNIT ( ) NAMED_UNIT ( * ) SI_UNIT ( .MILLI., .METRE. ) );
#6192 = SURFACE_SIDE_STYLE ('',( #7115 ) ) ;
#6193 = AXIS2_PLACEMENT_3D ( 'NONE', #4177, #10546, #6831 ) ;
#6194 = DIRECTION ( 'NONE',  ( -1.306144734853000006E-15, 1.000000000000000000, 0.000000000000000000 ) ) ;
#6195 = EDGE_CURVE ( 'NONE', #2313, #11774, #11736, .T. ) ;
#6196 = DIRECTION ( 'NONE',  ( 1.000000000000000000, 0.000000000000000000, 0.000000000000000000 ) ) ;
#6197 = SHAPE_DEFINITION_REPRESENTATION ( #11246, #9379 ) ;
#6198 = ORIENTED_EDGE ( 'NONE', *, *, #10826, .T. ) ;
#6199 = EDGE_CURVE ( 'NONE', #5111, #931, #6146, .T. ) ;
#6200 = AXIS2_PLACEMENT_3D ( 'NONE', #9159, #2585, #6286 ) ;
#6201 = ORIENTED_EDGE ( 'NONE', *, *, #1736, .F. ) ;
#6202 = CARTESIAN_POINT ( 'NONE',  ( -1.400000000000000133, -8.949999999999999289, 4.200000000000000178 ) ) ;
#6203 = AXIS2_PLACEMENT_3D ( 'NONE', #10976, #10859, #10010 ) ;
#6204 = ORIENTED_EDGE ( 'NONE', *, *, #9150, .T. ) ;
#6205 = CARTESIAN_POINT ( 'NONE',  ( 8.000000000000000000, -2.725000000000000089, 0.000000000000000000 ) ) ;
#6206 = FILL_AREA_STYLE ('',( #9846 ) ) ;
#6207 = SURFACE_STYLE_USAGE ( .BOTH. , #11046 ) ;
#6208 = CARTESIAN_POINT ( 'NONE',  ( 11.09999999999999964, 3.007906248537254523, 7.900000000007030287 ) ) ;
#6209 = UNCERTAINTY_MEASURE_WITH_UNIT (LENGTH_MEASURE( 1.000000000000000082E-05 ), #10641, 'distance_accuracy_value', 'NONE');
#6210 = VECTOR ( 'NONE', #11533, 1000.000000000000000 ) ;
#6211 = DIRECTION ( 'NONE',  ( 0.000000000000000000, 0.000000000000000000, -1.000000000000000000 ) ) ;
#6212 = CARTESIAN_POINT ( 'NONE',  ( 2.500000000000000000, -8.500000000000000000, 0.7500000000000000000 ) ) ;
#6213 = STYLED_ITEM ( 'NONE', ( #7100 ), #10753 ) ;
#6214 = STYLED_ITEM ( 'NONE', ( #556 ), #520 ) ;
#6215 = CIRCLE ( 'NONE', #3104, 0.5000000000000000000 ) ;
#6216 = VERTEX_POINT ( 'NONE', #660 ) ;
#6217 =( NAMED_UNIT ( * ) SI_UNIT ( $, .STERADIAN. ) SOLID_ANGLE_UNIT ( ) );
#6218 = ORIENTED_EDGE ( 'NONE', *, *, #11215, .F. ) ;
#6219 = SURFACE_STYLE_FILL_AREA ( #4399 ) ;
#6220 = PRESENTATION_LAYER_ASSIGNMENT (  '', '', ( #10864 ) ) ;
#6221 = STYLED_ITEM ( 'NONE', ( #4472 ), #7608 ) ;
#6222 = PRESENTATION_LAYER_ASSIGNMENT (  '', '', ( #3111 ) ) ;
#6223 = AXIS2_PLACEMENT_3D ( 'NONE', #7643, #2103, #10365 ) ;
#6224 = UNCERTAINTY_MEASURE_WITH_UNIT (LENGTH_MEASURE( 1.000000000000000082E-05 ), #5061, 'distance_accuracy_value', 'NONE');
#6225 = DIRECTION ( 'NONE',  ( -1.000000000000000000, 0.000000000000000000, 3.172065784645000030E-16 ) ) ;
#6226 = CARTESIAN_POINT ( 'NONE',  ( 6.799999999999999822, 6.799999999999999822, 11.00000000000000000 ) ) ;
#6227 = EDGE_CURVE ( 'NONE', #2924, #1712, #7191, .T. ) ;
#6228 = LINE ( 'NONE', #2581, #11377 ) ;
#6229 = CARTESIAN_POINT ( 'NONE',  ( 7.500000000000002665, -14.07811595117468428, 33.16463496212130480 ) ) ;
#6230 = UNCERTAINTY_MEASURE_WITH_UNIT (LENGTH_MEASURE( 1.000000000000000082E-05 ), #8925, 'distance_accuracy_value', 'NONE');
#6231 =( LENGTH_UNIT ( ) NAMED_UNIT ( * ) SI_UNIT ( .MILLI., .METRE. ) );
#6232 = AXIS2_PLACEMENT_3D ( 'NONE', #3809, #10181, #11075 ) ;
#6233 = ORIENTED_EDGE ( 'NONE', *, *, #2841, .T. ) ;
#6234 = CARTESIAN_POINT ( 'NONE',  ( 7.000000000000000000, 6.650000000000000355, 0.000000000000000000 ) ) ;
#6235 = VECTOR ( 'NONE', #6595, 1000.000000000000000 ) ;
#6236 = VECTOR ( 'NONE', #11539, 1000.000000000000000 ) ;
#6237 =( GEOMETRIC_REPRESENTATION_CONTEXT ( 3 ) GLOBAL_UNCERTAINTY_ASSIGNED_CONTEXT ( ( #5846 ) ) GLOBAL_UNIT_ASSIGNED_CONTEXT ( ( #10512, #1166, #5765 ) ) REPRESENTATION_CONTEXT ( 'NONE', 'WORKASPACE' ) );
#6238 = COLOUR_RGB ( '',0.8196078431372548767, 0.8000000000000000444, 0.7529411764705882248 ) ;
#6239 = VECTOR ( 'NONE', #9559, 1000.000000000000000 ) ;
#6240 =( NAMED_UNIT ( * ) SI_UNIT ( $, .STERADIAN. ) SOLID_ANGLE_UNIT ( ) );
#6241 =( NAMED_UNIT ( * ) PLANE_ANGLE_UNIT ( ) SI_UNIT ( $, .RADIAN. ) );
#6242 = CARTESIAN_POINT ( 'NONE',  ( -0.5249813419655241509, 0.8250186580344753828, 12.13631255030616174 ) ) ;
#6243 = DIRECTION ( 'NONE',  ( -0.000000000000000000, -0.000000000000000000, -1.000000000000000000 ) ) ;
#6244 = CARTESIAN_POINT ( 'NONE',  ( -0.7500000000019999558, 11.09999999999999964, 11.40000000000000036 ) ) ;
#6245 =( NAMED_UNIT ( * ) PLANE_ANGLE_UNIT ( ) SI_UNIT ( $, .RADIAN. ) );
#6246 = VERTEX_POINT ( 'NONE', #11917 ) ;
#6247 = STYLED_ITEM ( 'NONE', ( #5599 ), #3367 ) ;
#6248 = ORIENTED_EDGE ( 'NONE', *, *, #11609, .T. ) ;
#6249 = ORIENTED_EDGE ( 'NONE', *, *, #5297, .T. ) ;
#6250 = ORIENTED_EDGE ( 'NONE', *, *, #979, .F. ) ;
#6251 = FACE_OUTER_BOUND ( 'NONE', #10803, .T. ) ;
#6252 =( NAMED_UNIT ( * ) SI_UNIT ( $, .STERADIAN. ) SOLID_ANGLE_UNIT ( ) );
#6253 = DIRECTION ( 'NONE',  ( 0.000000000000000000, -0.000000000000000000, -1.000000000000000000 ) ) ;
#6254 = CARTESIAN_POINT ( 'NONE',  ( 7.492820323027551410, -7.492820323027551410, 11.69282032302755070 ) ) ;
#6255 = FILL_AREA_STYLE_COLOUR ( '', #11823 ) ;
#6256 = CARTESIAN_POINT ( 'NONE',  ( 8.949999999999999289, -5.599999999999999645, 1.000000000000000000 ) ) ;
#6257 = STYLED_ITEM ( 'NONE', ( #3825 ), #2690 ) ;
#6258 = DIRECTION ( 'NONE',  ( -0.000000000000000000, 1.000000000000000000, -0.000000000000000000 ) ) ;
#6259 = PRODUCT_CONTEXT ( 'NONE', #4899, 'mechanical' ) ;
#6260 = PRESENTATION_LAYER_ASSIGNMENT (  '', '', ( #1452 ) ) ;
#6261 = VERTEX_POINT ( 'NONE', #5360 ) ;
#6262 = FACE_OUTER_BOUND ( 'NONE', #2671, .T. ) ;
#6263 = EDGE_LOOP ( 'NONE', ( #645, #5171, #4061, #8212, #10522 ) ) ;
#6264 = VECTOR ( 'NONE', #9656, 1000.000000000000000 ) ;
#6265 = EDGE_CURVE ( 'NONE', #11352, #3223, #11673, .T. ) ;
#6266 = CARTESIAN_POINT ( 'NONE',  ( 6.800000000000000711, -8.000000000000000000, 11.00000000000000000 ) ) ;
#6267 = SURFACE_STYLE_FILL_AREA ( #3606 ) ;
#6268 = DIRECTION ( 'NONE',  ( 0.000000000000000000, 0.000000000000000000, 1.000000000000000000 ) ) ;
#6269 = CARTESIAN_POINT ( 'NONE',  ( 5.599999999999999645, -8.000000000000000000, 0.000000000000000000 ) ) ;
#6270 =( NAMED_UNIT ( * ) SI_UNIT ( $, .STERADIAN. ) SOLID_ANGLE_UNIT ( ) );
#6271 = SURFACE_STYLE_USAGE ( .BOTH. , #5300 ) ;
#6272 = LINE ( 'NONE', #8152, #6803 ) ;
#6273 = SURFACE_STYLE_FILL_AREA ( #11051 ) ;
#6274 = ORIENTED_EDGE ( 'NONE', *, *, #6305, .T. ) ;
#6275 = ORIENTED_EDGE ( 'NONE', *, *, #1041, .T. ) ;
#6276 = EDGE_LOOP ( 'NONE', ( #11458, #8763, #827, #8933 ) ) ;
#6277 = FACE_OUTER_BOUND ( 'NONE', #5209, .T. ) ;
#6278 = VECTOR ( 'NONE', #935, 1000.000000000000000 ) ;
#6279 = CARTESIAN_POINT ( 'NONE',  ( -0.5749999999999999556, -0.7750000000000001332, 19.40000000000000213 ) ) ;
#6280 = SURFACE_STYLE_USAGE ( .BOTH. , #7258 ) ;
#6281 = PRESENTATION_STYLE_ASSIGNMENT (( #3489 ) ) ;
#6282 = CARTESIAN_POINT ( 'NONE',  ( -5.551115123125999639E-16, 11.09999999999999964, 7.150000000000000355 ) ) ;
#6283 = PLANE ( 'NONE',  #8766 ) ;
#6284 = DIRECTION ( 'NONE',  ( 0.000000000000000000, -1.000000000000000000, 0.000000000000000000 ) ) ;
#6285 = AXIS2_PLACEMENT_3D ( 'NONE', #5445, #7338, #975 ) ;
#6286 = DIRECTION ( 'NONE',  ( 0.000000000000000000, 0.000000000000000000, 1.000000000000000000 ) ) ;
#6287 = ORIENTED_EDGE ( 'NONE', *, *, #3684, .F. ) ;
#6288 = LINE ( 'NONE', #10789, #9989 ) ;
#6289 = AXIS2_PLACEMENT_3D ( 'NONE', #9932, #9871, #6290 ) ;
#6290 = DIRECTION ( 'NONE',  ( 1.000000000000000000, 0.000000000000000000, 0.000000000000000000 ) ) ;
#6291 = EDGE_CURVE ( 'NONE', #11783, #2499, #1729, .T. ) ;
#6292 = AXIS2_PLACEMENT_3D ( 'NONE', #1149, #2245, #11450 ) ;
#6293 = SURFACE_STYLE_USAGE ( .BOTH. , #4539 ) ;
#6294 =( LENGTH_UNIT ( ) NAMED_UNIT ( * ) SI_UNIT ( .MILLI., .METRE. ) );
#6295 = FACE_OUTER_BOUND ( 'NONE', #3452, .T. ) ;
#6296 = CARTESIAN_POINT ( 'NONE',  ( 0.000000000000000000, 9.550000000000000711, 11.90000000000000036 ) ) ;
#6297 = CARTESIAN_POINT ( 'NONE',  ( -4.700000000000000178, -14.40000000000000213, 2.600000000000000533 ) ) ;
#6298 = SURFACE_STYLE_FILL_AREA ( #7276 ) ;
#6299 = DIRECTION ( 'NONE',  ( -1.000000000000000000, 0.000000000000000000, -5.348620343038999729E-16 ) ) ;
#6300 = AXIS2_PLACEMENT_3D ( 'NONE', #10820, #7980, #1678 ) ;
#6301 = CIRCLE ( 'NONE', #4761, 2.000000000000000000 ) ;
#6302 = CARTESIAN_POINT ( 'NONE',  ( -4.945295328267348189, -5.652019848202002983, 5.000000000000001776 ) ) ;
#6303 = ORIENTED_EDGE ( 'NONE', *, *, #4573, .T. ) ;
#6304 = EDGE_CURVE ( 'NONE', #6216, #4135, #3607, .T. ) ;
#6305 = EDGE_CURVE ( 'NONE', #9918, #3962, #3546, .T. ) ;
#6306 = EDGE_CURVE ( 'NONE', #473, #1900, #6391, .T. ) ;
#6307 = ORIENTED_EDGE ( 'NONE', *, *, #10316, .T. ) ;
#6308 = ORIENTED_EDGE ( 'NONE', *, *, #10757, .T. ) ;
#6309 =( REPRESENTATION_RELATIONSHIP ('NONE','NONE', #2998, #11765 ) REPRESENTATION_RELATIONSHIP_WITH_TRANSFORMATION ( #6988 )SHAPE_REPRESENTATION_RELATIONSHIP( ) );
#6310 = COLOUR_RGB ( '',0.7019607843137254388, 0.7019607843137254388, 0.7019607843137254388 ) ;
#6311 = PRESENTATION_LAYER_ASSIGNMENT (  '', '', ( #5342 ) ) ;
#6312 = FACE_OUTER_BOUND ( 'NONE', #8993, .T. ) ;
#6313 = FILL_AREA_STYLE_COLOUR ( '', #2397 ) ;
#6314 = SURFACE_SIDE_STYLE ('',( #9004 ) ) ;
#6315 = DIRECTION ( 'NONE',  ( -0.000000000000000000, -0.000000000000000000, -1.000000000000000000 ) ) ;
#6316 = DIRECTION ( 'NONE',  ( 0.000000000000000000, 0.000000000000000000, 1.000000000000000000 ) ) ;
#6317 = LINE ( 'NONE', #9007, #9246 ) ;
#6318 = PRODUCT_CONTEXT ( 'NONE', #11333, 'mechanical' ) ;
#6319 = STYLED_ITEM ( 'NONE', ( #5408 ), #9623 ) ;
#6320 = AXIS2_PLACEMENT_3D ( 'NONE', #8323, #7721, #6875 ) ;
#6321 = EDGE_LOOP ( 'NONE', ( #2659, #2158, #9829, #7107 ) ) ;
#6322 = ORIENTED_EDGE ( 'NONE', *, *, #5847, .F. ) ;
#6323 = SURFACE_STYLE_USAGE ( .BOTH. , #7491 ) ;
#6324 = VERTEX_POINT ( 'NONE', #8035 ) ;
#6325 = DIRECTION ( 'NONE',  ( 0.000000000000000000, 0.000000000000000000, -1.000000000000000000 ) ) ;
#6326 = COLOUR_RGB ( '',0.7019607843137254388, 0.7019607843137254388, 0.7019607843137254388 ) ;
#6327 = LINE ( 'NONE', #4509, #1878 ) ;
#6328 = CARTESIAN_POINT ( 'NONE',  ( 4.250000000000000000, 11.09999999999999964, 2.899999999999999911 ) ) ;
#6329 = DIRECTION ( 'NONE',  ( -0.000000000000000000, 1.000000000000000000, 0.000000000000000000 ) ) ;
#6330 = DIRECTION ( 'NONE',  ( 0.000000000000000000, 0.000000000000000000, 1.000000000000000000 ) ) ;
#6331 = CARTESIAN_POINT ( 'NONE',  ( 8.000000000000000000, -8.000000000000000000, 1.000000000000000000 ) ) ;
#6332 = UNCERTAINTY_MEASURE_WITH_UNIT (LENGTH_MEASURE( 1.000000000000000082E-05 ), #9779, 'distance_accuracy_value', 'NONE');
#6333 = DIRECTION ( 'NONE',  ( 2.055968564120999972E-16, 0.000000000000000000, -1.000000000000000000 ) ) ;
#6334 = EDGE_CURVE ( 'NONE', #2647, #9536, #11732, .T. ) ;
#6335 = EDGE_LOOP ( 'NONE', ( #3250, #4017, #7753, #4504 ) ) ;
#6336 =( NAMED_UNIT ( * ) SI_UNIT ( $, .STERADIAN. ) SOLID_ANGLE_UNIT ( ) );
#6337 = EDGE_LOOP ( 'NONE', ( #4491, #9029, #4870, #6400, #7280 ) ) ;
#6338 = PRESENTATION_LAYER_ASSIGNMENT (  '', '', ( #1522 ) ) ;
#6339 = ORIENTED_EDGE ( 'NONE', *, *, #9789, .F. ) ;
#6340 = CARTESIAN_POINT ( 'NONE',  ( 6.736045677879861415, 3.320367577469093945, 5.000000000000001776 ) ) ;
#6341 = PRODUCT_DEFINITION_CONTEXT ( 'detailed design', #4678, 'design' ) ;
#6342 =( LENGTH_UNIT ( ) NAMED_UNIT ( * ) SI_UNIT ( .MILLI., .METRE. ) );
#6343 =( LENGTH_UNIT ( ) NAMED_UNIT ( * ) SI_UNIT ( .MILLI., .METRE. ) );
#6344 = SURFACE_SIDE_STYLE ('',( #4591 ) ) ;
#6345 = FILL_AREA_STYLE_COLOUR ( '', #10048 ) ;
#6346 = CARTESIAN_POINT ( 'NONE',  ( -8.000000000000000000, 8.000000000000000000, 0.000000000000000000 ) ) ;
#6347 = SURFACE_STYLE_FILL_AREA ( #2694 ) ;
#6348 = AXIS2_PLACEMENT_3D ( 'NONE', #7398, #10245, #9290 ) ;
#6349 = FACE_OUTER_BOUND ( 'NONE', #6916, .T. ) ;
#6350 = ADVANCED_FACE ( 'NONE', ( #3421 ), #10975, .T. ) ;
#6351 = UNCERTAINTY_MEASURE_WITH_UNIT (LENGTH_MEASURE( 1.000000000000000082E-05 ), #7772, 'distance_accuracy_value', 'NONE');
#6352 = DIRECTION ( 'NONE',  ( -0.000000000000000000, -0.000000000000000000, -1.000000000000000000 ) ) ;
#6353 = ORIENTED_EDGE ( 'NONE', *, *, #1827, .F. ) ;
#6354 = LINE ( 'NONE', #8240, #5528 ) ;
#6355 =( NAMED_UNIT ( * ) SI_UNIT ( $, .STERADIAN. ) SOLID_ANGLE_UNIT ( ) );
#6356 = CARTESIAN_POINT ( 'NONE',  ( 8.500000000000000000, 6.650000000000000355, -3.700000000000000178 ) ) ;
#6357 = FILL_AREA_STYLE ('',( #4602 ) ) ;
#6358 = FILL_AREA_STYLE ('',( #4476 ) ) ;
#6359 = CARTESIAN_POINT ( 'NONE',  ( -5.599999999999999645, -8.949999999999999289, 0.000000000000000000 ) ) ;
#6360 = LINE ( 'NONE', #5563, #3582 ) ;
#6361 =( LENGTH_UNIT ( ) NAMED_UNIT ( * ) SI_UNIT ( .MILLI., .METRE. ) );
#6362 = PRODUCT_RELATED_PRODUCT_CATEGORY ( 'part', '', ( #10650 ) ) ;
#6363 = SURFACE_STYLE_USAGE ( .BOTH. , #11014 ) ;
#6364 = SHAPE_REPRESENTATION_RELATIONSHIP ( 'NONE' , 'NONE' ,  #8114, #4827 ) ;
#6365 = CARTESIAN_POINT ( 'NONE',  ( -7.252842574813931797, -1.948166862226445861, 4.999999999999995559 ) ) ;
#6366 = AXIS2_PLACEMENT_3D ( 'NONE', #9482, #5699, #4566 ) ;
#6367 = EDGE_LOOP ( 'NONE', ( #6744, #980, #5028, #8076 ) ) ;
#6368 = ORIENTED_EDGE ( 'NONE', *, *, #1904, .F. ) ;
#6369 = ORIENTED_EDGE ( 'NONE', *, *, #5186, .T. ) ;
#6370 = ORIENTED_EDGE ( 'NONE', *, *, #6428, .F. ) ;
#6371 = DIRECTION ( 'NONE',  ( 0.000000000000000000, 0.000000000000000000, 1.000000000000000000 ) ) ;
#6372 = CARTESIAN_POINT ( 'NONE',  ( -7.386071179369599449, 6.852424748005590871, 12.11971761073360199 ) ) ;
#6373 = SURFACE_STYLE_FILL_AREA ( #7353 ) ;
#6374 = AXIS2_PLACEMENT_3D ( 'NONE', #5317, #4592, #784 ) ;
#6375 = APPLICATION_CONTEXT ( 'automotive_design' ) ;
#6376 = ADVANCED_FACE ( 'NONE', ( #1801 ), #2568, .T. ) ;
#6377 = DIRECTION ( 'NONE',  ( -0.000000000000000000, 1.000000000000000000, 0.000000000000000000 ) ) ;
#6378 = DIRECTION ( 'NONE',  ( -0.000000000000000000, -0.000000000000000000, -1.000000000000000000 ) ) ;
#6379 = PLANE ( 'NONE',  #360 ) ;
#6380 = APPLICATION_PROTOCOL_DEFINITION ( 'draft international standard', 'automotive_design', 1998, #2580 ) ;
#6381 = VERTEX_POINT ( 'NONE', #6392 ) ;
#6382 = AXIS2_PLACEMENT_3D ( 'NONE', #8714, #5951, #7737 ) ;
#6383 = VERTEX_POINT ( 'NONE', #5233 ) ;
#6384 = FACE_OUTER_BOUND ( 'NONE', #5244, .T. ) ;
#6385 = COLOUR_RGB ( '',0.9137254901960784048, 0.5137254901960783826, 0.1372549019607843257 ) ;
#6386 = ORIENTED_EDGE ( 'NONE', *, *, #7156, .T. ) ;
#6387 = CARTESIAN_POINT ( 'NONE',  ( 11.09999999999999964, 2.250000000000000444, 9.400000000000000355 ) ) ;
#6388 = VECTOR ( 'NONE', #3528, 1000.000000000000000 ) ;
#6389 = PLANE ( 'NONE',  #10000 ) ;
#6390 = FACE_OUTER_BOUND ( 'NONE', #2497, .T. ) ;
#6391 = LINE ( 'NONE', #10084, #11133 ) ;
#6392 = CARTESIAN_POINT ( 'NONE',  ( 10.59999999999999964, 4.250000000000000000, 7.900000000007000089 ) ) ;
#6393 = CARTESIAN_POINT ( 'NONE',  ( -3.250000000000000444, -12.75000000000000178, 0.000000000000000000 ) ) ;
#6394 = CARTESIAN_POINT ( 'NONE',  ( -0.3499999999999999778, -2.725000000000000089, 0.000000000000000000 ) ) ;
#6395 = LINE ( 'NONE', #8041, #9576 ) ;
#6396 = ADVANCED_FACE ( 'NONE', ( #8276 ), #7246, .F. ) ;
#6397 =( NAMED_UNIT ( * ) PLANE_ANGLE_UNIT ( ) SI_UNIT ( $, .RADIAN. ) );
#6398 = CIRCLE ( 'NONE', #5419, 1.200000000000000622 ) ;
#6399 = PRODUCT_DEFINITION_SHAPE ( 'NONE', 'NONE',  #11973 ) ;
#6400 = ORIENTED_EDGE ( 'NONE', *, *, #11485, .T. ) ;
#6401 = ORIENTED_EDGE ( 'NONE', *, *, #3645, .F. ) ;
#6402 = DIRECTION ( 'NONE',  ( 0.000000000000000000, 0.000000000000000000, 1.000000000000000000 ) ) ;
#6403 = EDGE_LOOP ( 'NONE', ( #7846, #9737, #6759, #6139 ) ) ;
#6404 = SURFACE_SIDE_STYLE ('',( #1237 ) ) ;
#6405 = PRESENTATION_LAYER_ASSIGNMENT (  '', '', ( #4844 ) ) ;
#6406 = PRESENTATION_LAYER_ASSIGNMENT (  '', '', ( #10471 ) ) ;
#6407 = CARTESIAN_POINT ( 'NONE',  ( 8.000000000000000000, -8.000000000000000000, 0.000000000000000000 ) ) ;
#6408 = FILL_AREA_STYLE ('',( #6345 ) ) ;
#6409 = FILL_AREA_STYLE ('',( #787 ) ) ;
#6410 = EDGE_CURVE ( 'NONE', #6433, #5389, #128, .T. ) ;
#6411 = EDGE_LOOP ( 'NONE', ( #3394, #8693, #10535, #7360 ) ) ;
#6412 = CARTESIAN_POINT ( 'NONE',  ( 8.000000000000000000, -4.750000000000000000, 0.8000000000000000444 ) ) ;
#6413 = COLOUR_RGB ( '',0.7019607843137254388, 0.7019607843137254388, 0.7019607843137254388 ) ;
#6414 = COLOUR_RGB ( '',0.8196078431372548767, 0.8000000000000000444, 0.7529411764705882248 ) ;
#6415 = DIRECTION ( 'NONE',  ( 1.000000000000000000, 0.000000000000000000, 0.000000000000000000 ) ) ;
#6416 = COLOUR_RGB ( '',0.9137254901960784048, 0.5137254901960783826, 0.1372549019607843257 ) ;
#6417 = EDGE_CURVE ( 'NONE', #11712, #10097, #8519, .T. ) ;
#6418 = DIRECTION ( 'NONE',  ( 0.000000000000000000, 0.000000000000000000, 1.000000000000000000 ) ) ;
#6419 = EDGE_CURVE ( 'NONE', #5863, #219, #10951, .T. ) ;
#6420 = MECHANICAL_DESIGN_GEOMETRIC_PRESENTATION_REPRESENTATION (  '', ( #10306 ), #6615 ) ;
#6421 = PLANE ( 'NONE',  #739 ) ;
#6422 = CARTESIAN_POINT ( 'NONE',  ( 11.09999999999999964, 5.551115123125999639E-16, 7.150000000000000355 ) ) ;
#6423 = CARTESIAN_POINT ( 'NONE',  ( 2.600000000000000089, -8.949999999999999289, 4.200000000000000178 ) ) ;
#6424 = MECHANICAL_DESIGN_GEOMETRIC_PRESENTATION_REPRESENTATION (  '', ( #1011 ), #7781 ) ;
#6425 = DIRECTION ( 'NONE',  ( -0.000000000000000000, -0.000000000000000000, -1.000000000000000000 ) ) ;
#6426 = COLOUR_RGB ( '',0.7019607843137254388, 0.7019607843137254388, 0.7019607843137254388 ) ;
#6427 = SURFACE_STYLE_USAGE ( .BOTH. , #6192 ) ;
#6428 = EDGE_CURVE ( 'NONE', #1076, #2277, #8465, .T. ) ;
#6429 = MECHANICAL_DESIGN_GEOMETRIC_PRESENTATION_REPRESENTATION (  '', ( #6022 ), #70 ) ;
#6430 = SURFACE_STYLE_USAGE ( .BOTH. , #4659 ) ;
#6431 =( NAMED_UNIT ( * ) PLANE_ANGLE_UNIT ( ) SI_UNIT ( $, .RADIAN. ) );
#6432 = AXIS2_PLACEMENT_3D ( 'NONE', #138, #10232, #9217 ) ;
#6433 = VERTEX_POINT ( 'NONE', #3786 ) ;
#6434 = ORIENTED_EDGE ( 'NONE', *, *, #7666, .F. ) ;
#6435 = ORIENTED_EDGE ( 'NONE', *, *, #5902, .T. ) ;
#6436 = STYLED_ITEM ( 'NONE', ( #11156 ), #3753 ) ;
#6437 = CIRCLE ( 'NONE', #78, 1.199999999999999734 ) ;
#6438 =( GEOMETRIC_REPRESENTATION_CONTEXT ( 3 ) GLOBAL_UNCERTAINTY_ASSIGNED_CONTEXT ( ( #674 ) ) GLOBAL_UNIT_ASSIGNED_CONTEXT ( ( #4513, #2458, #4448 ) ) REPRESENTATION_CONTEXT ( 'NONE', 'WORKASPACE' ) );
#6439 = PRESENTATION_STYLE_ASSIGNMENT (( #11022 ) ) ;
#6440 = SURFACE_SIDE_STYLE ('',( #9060 ) ) ;
#6441 = DIRECTION ( 'NONE',  ( 1.000000000000000000, 0.000000000000000000, -0.000000000000000000 ) ) ;
#6442 =( NAMED_UNIT ( * ) SI_UNIT ( $, .STERADIAN. ) SOLID_ANGLE_UNIT ( ) );
#6443 = PLANE ( 'NONE',  #3557 ) ;
#6444 =( LENGTH_UNIT ( ) NAMED_UNIT ( * ) SI_UNIT ( .MILLI., .METRE. ) );
#6445 = EDGE_CURVE ( 'NONE', #2562, #3585, #4750, .T. ) ;
#6446 = FACE_OUTER_BOUND ( 'NONE', #6276, .T. ) ;
#6447 = SURFACE_STYLE_FILL_AREA ( #9188 ) ;
#6448 =( NAMED_UNIT ( * ) PLANE_ANGLE_UNIT ( ) SI_UNIT ( $, .RADIAN. ) );
#6449 = SHAPE_DEFINITION_REPRESENTATION ( #2795, #11765 ) ;
#6450 = ORIENTED_EDGE ( 'NONE', *, *, #8363, .T. ) ;
#6451 = ORIENTED_EDGE ( 'NONE', *, *, #9823, .T. ) ;
#6452 = ADVANCED_FACE ( 'NONE', ( #7497 ), #2786, .T. ) ;
#6453 = ADVANCED_FACE ( 'NONE', ( #7672 ), #950, .T. ) ;
#6454 = EDGE_LOOP ( 'NONE', ( #1886, #6493, #2248, #11589 ) ) ;
#6455 = PRESENTATION_STYLE_ASSIGNMENT (( #8214 ) ) ;
#6456 = EDGE_CURVE ( 'NONE', #5569, #2551, #8006, .T. ) ;
#6457 = CARTESIAN_POINT ( 'NONE',  ( 0.7500000000019999558, 10.59999999999999964, 2.899999999999999911 ) ) ;
#6458 = COLOUR_RGB ( '',0.8196078431372548767, 0.8000000000000000444, 0.7529411764705882248 ) ;
#6459 = CARTESIAN_POINT ( 'NONE',  ( 4.750000000000000000, 8.000000000000000000, 0.000000000000000000 ) ) ;
#6460 = COLOUR_RGB ( '',0.09803921568627450844, 0.09803921568627450844, 0.09803921568627450844 ) ;
#6461 = CYLINDRICAL_SURFACE ( 'NONE', #3913, 3.100000000000000533 ) ;
#6462 = PRESENTATION_STYLE_ASSIGNMENT (( #5533 ) ) ;
#6463 = LINE ( 'NONE', #2676, #8372 ) ;
#6464 = SURFACE_STYLE_USAGE ( .BOTH. , #4812 ) ;
#6465 = UNCERTAINTY_MEASURE_WITH_UNIT (LENGTH_MEASURE( 1.000000000000000082E-05 ), #3744, 'distance_accuracy_value', 'NONE');
#6466 = CARTESIAN_POINT ( 'NONE',  ( -5.551115123125999639E-16, 11.09999999999999964, 7.150000000000000355 ) ) ;
#6467 = MECHANICAL_DESIGN_GEOMETRIC_PRESENTATION_REPRESENTATION (  '', ( #9381 ), #7820 ) ;
#6468 = VERTEX_POINT ( 'NONE', #4244 ) ;
#6469 = FILL_AREA_STYLE_COLOUR ( '', #4093 ) ;
#6470 = ADVANCED_FACE ( 'NONE', ( #4922 ), #11411, .F. ) ;
#6471 = EDGE_CURVE ( 'NONE', #8920, #3870, #3095, .T. ) ;
#6472 = ORIENTED_EDGE ( 'NONE', *, *, #10791, .F. ) ;
#6473 = EDGE_CURVE ( 'NONE', #10508, #2647, #9818, .T. ) ;
#6474 = PRESENTATION_LAYER_ASSIGNMENT (  '', '', ( #11892 ) ) ;
#6475 = DIRECTION ( 'NONE',  ( -0.000000000000000000, 0.000000000000000000, 1.000000000000000000 ) ) ;
#6476 = LINE ( 'NONE', #11064, #3635 ) ;
#6477 = DIRECTION ( 'NONE',  ( -1.000000000000000000, 0.000000000000000000, 0.000000000000000000 ) ) ;
#6478 = UNCERTAINTY_MEASURE_WITH_UNIT (LENGTH_MEASURE( 1.000000000000000082E-05 ), #6726, 'distance_accuracy_value', 'NONE');
#6479 = CARTESIAN_POINT ( 'NONE',  ( 0.000000000000000000, 6.799999999999999822, 12.19999999999999929 ) ) ;
#6480 = ORIENTED_EDGE ( 'NONE', *, *, #3033, .F. ) ;
#6481 = CARTESIAN_POINT ( 'NONE',  ( 11.09999999999999964, 4.250000000000000000, 2.899999999999999911 ) ) ;
#6482 = SURFACE_SIDE_STYLE ('',( #18 ) ) ;
#6483 = DIRECTION ( 'NONE',  ( 1.000000000000000000, 0.000000000000000000, 0.000000000000000000 ) ) ;
#6484 = FACE_OUTER_BOUND ( 'NONE', #2742, .T. ) ;
#6485 = PRODUCT_DEFINITION_FORMATION_WITH_SPECIFIED_SOURCE ( 'ANY', '', #5621, .NOT_KNOWN. ) ;
#6486 = FILL_AREA_STYLE_COLOUR ( '', #2919 ) ;
#6487 = DIRECTION ( 'NONE',  ( -0.000000000000000000, -0.000000000000000000, 1.000000000000000000 ) ) ;
#6488 = DIRECTION ( 'NONE',  ( 1.000000000000000000, 0.000000000000000000, -0.000000000000000000 ) ) ;
#6489 = CLOSED_SHELL ( 'NONE', ( #10355, #5373, #9762, #3539, #8733, #2002, #6716, #11654, #5538, #7344, #9500 ) ) ;
#6490 = DIRECTION ( 'NONE',  ( 1.000000000000000000, 0.000000000000000000, -0.000000000000000000 ) ) ;
#6491 = EDGE_CURVE ( 'NONE', #10618, #10911, #4366, .T. ) ;
#6492 = ORIENTED_EDGE ( 'NONE', *, *, #10017, .F. ) ;
#6493 = ORIENTED_EDGE ( 'NONE', *, *, #918, .T. ) ;
#6494 = ORIENTED_EDGE ( 'NONE', *, *, #3252, .F. ) ;
#6495 = CARTESIAN_POINT ( 'NONE',  ( -0.5749999999999999556, 0.7750000000000001332, 19.40000000000000568 ) ) ;
#6496 = FILL_AREA_STYLE ('',( #10138 ) ) ;
#6497 =( GEOMETRIC_REPRESENTATION_CONTEXT ( 3 ) GLOBAL_UNCERTAINTY_ASSIGNED_CONTEXT ( ( #2323 ) ) GLOBAL_UNIT_ASSIGNED_CONTEXT ( ( #4606, #102, #10254 ) ) REPRESENTATION_CONTEXT ( 'NONE', 'WORKASPACE' ) );
#6499 = SURFACE_SIDE_STYLE ('',( #2772 ) ) ;
#6498 =( GEOMETRIC_REPRESENTATION_CONTEXT ( 3 ) GLOBAL_UNCERTAINTY_ASSIGNED_CONTEXT ( ( #8042 ) ) GLOBAL_UNIT_ASSIGNED_CONTEXT ( ( #1051, #4728, #10057 ) ) REPRESENTATION_CONTEXT ( 'NONE', 'WORKASPACE' ) );
#6500 = LINE ( 'NONE', #2773, #8602 ) ;
#6501 = DIRECTION ( 'NONE',  ( 0.000000000000000000, 0.000000000000000000, -1.000000000000000000 ) ) ;
#6502 = APPLICATION_PROTOCOL_DEFINITION ( 'draft international standard', 'automotive_design', 1998, #8645 ) ;
#6503 = ORIENTED_EDGE ( 'NONE', *, *, #10131, .F. ) ;
#6504 = VECTOR ( 'NONE', #6703, 1000.000000000000000 ) ;
#6505 = EDGE_LOOP ( 'NONE', ( #6630, #5764, #4943, #1230 ) ) ;
#6506 = DIRECTION ( 'NONE',  ( 0.000000000000000000, -0.000000000000000000, 1.000000000000000000 ) ) ;
#6507 = ORIENTED_EDGE ( 'NONE', *, *, #7941, .T. ) ;
#6508 =( LENGTH_UNIT ( ) NAMED_UNIT ( * ) SI_UNIT ( .MILLI., .METRE. ) );
#6509 = DIRECTION ( 'NONE',  ( -1.000000000000000000, -0.000000000000000000, 0.000000000000000000 ) ) ;
#6510 = SURFACE_STYLE_FILL_AREA ( #727 ) ;
#6511 = CARTESIAN_POINT ( 'NONE',  ( -4.250000000000000000, 11.09999999999999964, 9.400000000000000355 ) ) ;
#6512 = SURFACE_STYLE_FILL_AREA ( #1007 ) ;
#6513 = FILL_AREA_STYLE_COLOUR ( '', #6821 ) ;
#6514 =( GEOMETRIC_REPRESENTATION_CONTEXT ( 3 ) GLOBAL_UNCERTAINTY_ASSIGNED_CONTEXT ( ( #8169 ) ) GLOBAL_UNIT_ASSIGNED_CONTEXT ( ( #8736, #5968, #11565 ) ) REPRESENTATION_CONTEXT ( 'NONE', 'WORKASPACE' ) );
#6515 = DIRECTION ( 'NONE',  ( 0.000000000000000000, 0.000000000000000000, -1.000000000000000000 ) ) ;
#6516 = PRODUCT_DEFINITION ( 'UNKNOWN', '', #10745, #2800 ) ;
#6517 = ORIENTED_EDGE ( 'NONE', *, *, #1059, .T. ) ;
#6518 = CIRCLE ( 'NONE', #9048, 2.000000000000000000 ) ;
#6519 = EDGE_LOOP ( 'NONE', ( #995, #7033, #7572, #8528 ) ) ;
#6520 = COLOUR_RGB ( '',0.9137254901960784048, 0.5137254901960783826, 0.1372549019607843257 ) ;
#6521 = DIRECTION ( 'NONE',  ( 0.000000000000000000, 0.000000000000000000, 1.000000000000000000 ) ) ;
#6522 = CIRCLE ( 'NONE', #10004, 1.200000000000000400 ) ;
#6523 = LINE ( 'NONE', #8647, #11864 ) ;
#6524 = DIRECTION ( 'NONE',  ( 1.000000000000000000, 0.000000000000000000, -0.000000000000000000 ) ) ;
#6525 = SURFACE_STYLE_FILL_AREA ( #961 ) ;
#6526 = FILL_AREA_STYLE ('',( #2807 ) ) ;
#6527 = SURFACE_STYLE_FILL_AREA ( #5730 ) ;
#6528 = SURFACE_SIDE_STYLE ('',( #1926 ) ) ;
#6529 = CARTESIAN_POINT ( 'NONE',  ( -2.500000000000000000, 9.750000000000000000, 0.8000000000000000444 ) ) ;
#6530 = EDGE_CURVE ( 'NONE', #1833, #7327, #1481, .T. ) ;
#6531 = MECHANICAL_DESIGN_GEOMETRIC_PRESENTATION_REPRESENTATION (  '', ( #11758 ), #9810 ) ;
#6532 = VERTEX_POINT ( 'NONE', #8879 ) ;
#6533 = MECHANICAL_DESIGN_GEOMETRIC_PRESENTATION_REPRESENTATION (  '', ( #10795 ), #7893 ) ;
#6534 = STYLED_ITEM ( 'NONE', ( #6977 ), #9442 ) ;
#6535 = COLOUR_RGB ( '',0.7019607843137254388, 0.7019607843137254388, 0.7019607843137254388 ) ;
#6536 = PLANE ( 'NONE',  #6348 ) ;
#6537 = DIRECTION ( 'NONE',  ( 1.000000000000000000, 0.000000000000000000, -0.000000000000000000 ) ) ;
#6538 = SURFACE_STYLE_FILL_AREA ( #4657 ) ;
#6539 = DIRECTION ( 'NONE',  ( 0.000000000000000000, 0.000000000000000000, 1.000000000000000000 ) ) ;
#6540 = CARTESIAN_POINT ( 'NONE',  ( -3.250000000000000444, -12.75000000000000178, -3.700000000000000178 ) ) ;
#6541 =( NAMED_UNIT ( * ) PLANE_ANGLE_UNIT ( ) SI_UNIT ( $, .RADIAN. ) );
#6542 = LINE ( 'NONE', #10127, #8675 ) ;
#6543 = ORIENTED_EDGE ( 'NONE', *, *, #3415, .T. ) ;
#6544 = ORIENTED_EDGE ( 'NONE', *, *, #9851, .T. ) ;
#6545 = VERTEX_POINT ( 'NONE', #3449 ) ;
#6546 = CARTESIAN_POINT ( 'NONE',  ( -3.007906248538999794, 10.59999999999999964, 6.399999999999000266 ) ) ;
#6547 = CARTESIAN_POINT ( 'NONE',  ( -0.5749999999999999556, -0.7750000000000001332, 5.000000000000000000 ) ) ;
#6548 = DIRECTION ( 'NONE',  ( 1.000000000000000000, 0.000000000000000000, 0.000000000000000000 ) ) ;
#6549 = SURFACE_SIDE_STYLE ('',( #10373 ) ) ;
#6550 = CARTESIAN_POINT ( 'NONE',  ( -4.750000000000000000, 8.949999999999999289, 0.000000000000000000 ) ) ;
#6551 = DIRECTION ( 'NONE',  ( -0.000000000000000000, 1.000000000000000000, -0.000000000000000000 ) ) ;
#6552 =( GEOMETRIC_REPRESENTATION_CONTEXT ( 3 ) GLOBAL_UNCERTAINTY_ASSIGNED_CONTEXT ( ( #206 ) ) GLOBAL_UNIT_ASSIGNED_CONTEXT ( ( #10338, #8522, #3902 ) ) REPRESENTATION_CONTEXT ( 'NONE', 'WORKASPACE' ) );
#6553 = PLANE ( 'NONE',  #6366 ) ;
#6554 = EDGE_CURVE ( 'NONE', #8783, #5078, #8437, .T. ) ;
#6555 = SURFACE_STYLE_FILL_AREA ( #1841 ) ;
#6556 = APPLICATION_PROTOCOL_DEFINITION ( 'draft international standard', 'automotive_design', 1998, #2794 ) ;
#6557 = ORIENTED_EDGE ( 'NONE', *, *, #6038, .T. ) ;
#6558 = ORIENTED_EDGE ( 'NONE', *, *, #6073, .T. ) ;
#6559 = SURFACE_STYLE_USAGE ( .BOTH. , #11475 ) ;
#6560 = VERTEX_POINT ( 'NONE', #10446 ) ;
#6561 = EDGE_CURVE ( 'NONE', #7682, #11786, #3180, .T. ) ;
#6562 = MECHANICAL_DESIGN_GEOMETRIC_PRESENTATION_REPRESENTATION (  '', ( #1346 ), #586 ) ;
#6563 = SURFACE_SIDE_STYLE ('',( #9314 ) ) ;
#6564 =( LENGTH_UNIT ( ) NAMED_UNIT ( * ) SI_UNIT ( .MILLI., .METRE. ) );
#6565 =( GEOMETRIC_REPRESENTATION_CONTEXT ( 3 ) GLOBAL_UNCERTAINTY_ASSIGNED_CONTEXT ( ( #8798 ) ) GLOBAL_UNIT_ASSIGNED_CONTEXT ( ( #10038, #4461, #2692 ) ) REPRESENTATION_CONTEXT ( 'NONE', 'WORKASPACE' ) );
#6566 = EDGE_CURVE ( 'NONE', #1738, #1129, #5895, .T. ) ;
#6567 = SURFACE_STYLE_FILL_AREA ( #5472 ) ;
#6568 = DIRECTION ( 'NONE',  ( 0.000000000000000000, -1.000000000000000000, -0.000000000000000000 ) ) ;
#6569 = DIRECTION ( 'NONE',  ( 1.000000000000000000, 0.000000000000000000, -0.000000000000000000 ) ) ;
#6570 = UNCERTAINTY_MEASURE_WITH_UNIT (LENGTH_MEASURE( 1.000000000000000082E-05 ), #11248, 'distance_accuracy_value', 'NONE');
#6571 = DIRECTION ( 'NONE',  ( -1.000000000000000000, -0.000000000000000000, -0.000000000000000000 ) ) ;
#6572 = EDGE_CURVE ( 'NONE', #10703, #4321, #6173, .T. ) ;
#6573 = CARTESIAN_POINT ( 'NONE',  ( 0.000000000000000000, 0.000000000000000000, 0.000000000000000000 ) ) ;
#6574 =( GEOMETRIC_REPRESENTATION_CONTEXT ( 3 ) GLOBAL_UNCERTAINTY_ASSIGNED_CONTEXT ( ( #6834 ) ) GLOBAL_UNIT_ASSIGNED_CONTEXT ( ( #4701, #1127, #4813 ) ) REPRESENTATION_CONTEXT ( 'NONE', 'WORKASPACE' ) );
#6575 =( GEOMETRIC_REPRESENTATION_CONTEXT ( 3 ) GLOBAL_UNCERTAINTY_ASSIGNED_CONTEXT ( ( #5851 ) ) GLOBAL_UNIT_ASSIGNED_CONTEXT ( ( #11296, #10398, #8470 ) ) REPRESENTATION_CONTEXT ( 'NONE', 'WORKASPACE' ) );
#6576 = STYLED_ITEM ( 'NONE', ( #11395 ), #8200 ) ;
#6577 = VERTEX_POINT ( 'NONE', #2428 ) ;
#6578 = CARTESIAN_POINT ( 'NONE',  ( 6.096407994204334102, 4.365130133869551621, 5.000000000000000000 ) ) ;
#6579 = ORIENTED_EDGE ( 'NONE', *, *, #1542, .T. ) ;
#6580 = CARTESIAN_POINT ( 'NONE',  ( -6.799999999999999822, -6.800000000000000711, 12.19999999999999929 ) ) ;
#6581 = DIRECTION ( 'NONE',  ( 0.000000000000000000, 0.000000000000000000, -1.000000000000000000 ) ) ;
#6582 = STYLED_ITEM ( 'NONE', ( #10072 ), #11760 ) ;
#6583 = CARTESIAN_POINT ( 'NONE',  ( 3.250000000000000444, -12.75000000000000178, 0.000000000000000000 ) ) ;
#6584 =( NAMED_UNIT ( * ) SI_UNIT ( $, .STERADIAN. ) SOLID_ANGLE_UNIT ( ) );
#6585 = VECTOR ( 'NONE', #9994, 1000.000000000000000 ) ;
#6586 = DIRECTION ( 'NONE',  ( -0.000000000000000000, 1.000000000000000000, -0.000000000000000000 ) ) ;
#6587 = SURFACE_SIDE_STYLE ('',( #267 ) ) ;
#6588 = VECTOR ( 'NONE', #6971, 1000.000000000000000 ) ;
#6589 = VERTEX_POINT ( 'NONE', #1532 ) ;
#6590 = SURFACE_STYLE_USAGE ( .BOTH. , #1035 ) ;
#6591 =( LENGTH_UNIT ( ) NAMED_UNIT ( * ) SI_UNIT ( .MILLI., .METRE. ) );
#6592 = PRODUCT_DEFINITION_SHAPE ( 'NONE', 'NONE',  #1176 ) ;
#6593 = EDGE_CURVE ( 'NONE', #9084, #6728, #5203, .T. ) ;
#6594 = UNCERTAINTY_MEASURE_WITH_UNIT (LENGTH_MEASURE( 1.000000000000000082E-05 ), #8682, 'distance_accuracy_value', 'NONE');
#6595 = DIRECTION ( 'NONE',  ( -1.000000000000000000, -1.586032892321999976E-15, 0.000000000000000000 ) ) ;
#6596 = CARTESIAN_POINT ( 'NONE',  ( 1.400000000000000133, -8.949999999999999289, 4.400000000000000355 ) ) ;
#6597 =( NAMED_UNIT ( * ) PLANE_ANGLE_UNIT ( ) SI_UNIT ( $, .RADIAN. ) );
#6598 = CARTESIAN_POINT ( 'NONE',  ( -1.168717112323999908E-19, -10.94999999999999929, 5.599999999999999645 ) ) ;
#6599 = PRESENTATION_STYLE_ASSIGNMENT (( #154 ) ) ;
#6600 = LINE ( 'NONE', #339, #7407 ) ;
#6601 =( LENGTH_UNIT ( ) NAMED_UNIT ( * ) SI_UNIT ( .MILLI., .METRE. ) );
#6602 = DIRECTION ( 'NONE',  ( 1.000000000000000000, 0.000000000000000000, -0.000000000000000000 ) ) ;
#6603 = FACE_OUTER_BOUND ( 'NONE', #3, .T. ) ;
#6604 =( LENGTH_UNIT ( ) NAMED_UNIT ( * ) SI_UNIT ( .MILLI., .METRE. ) );
#6605 = STYLED_ITEM ( 'NONE', ( #6126 ), #7402 ) ;
#6606 = MECHANICAL_DESIGN_GEOMETRIC_PRESENTATION_REPRESENTATION (  '', ( #6436 ), #4468 ) ;
#6607 = VECTOR ( 'NONE', #3402, 1000.000000000000000 ) ;
#6608 = AXIS2_PLACEMENT_3D ( 'NONE', #6244, #8252, #6490 ) ;
#6609 = PRODUCT ( 'COMPOUND015', 'COMPOUND015', '', ( #8267 ) ) ;
#6610 = COLOUR_RGB ( '',0.7019607843137254388, 0.7019607843137254388, 0.7019607843137254388 ) ;
#6611 = COLOUR_RGB ( '',0.8196078431372548767, 0.8000000000000000444, 0.7529411764705882248 ) ;
#6612 = ORIENTED_EDGE ( 'NONE', *, *, #910, .T. ) ;
#6613 = ORIENTED_EDGE ( 'NONE', *, *, #7681, .T. ) ;
#6614 = ORIENTED_EDGE ( 'NONE', *, *, #6554, .T. ) ;
#6615 =( GEOMETRIC_REPRESENTATION_CONTEXT ( 3 ) GLOBAL_UNCERTAINTY_ASSIGNED_CONTEXT ( ( #1379 ) ) GLOBAL_UNIT_ASSIGNED_CONTEXT ( ( #3323, #7038, #798 ) ) REPRESENTATION_CONTEXT ( 'NONE', 'WORKASPACE' ) );
#6616 = LINE ( 'NONE', #8441, #9010 ) ;
#6617 = CARTESIAN_POINT ( 'NONE',  ( 10.59999999999999964, 5.551115123125999639E-16, 9.449999999999999289 ) ) ;
#6618 = VECTOR ( 'NONE', #3191, 1000.000000000000000 ) ;
#6619 = CARTESIAN_POINT ( 'NONE',  ( 3.250000000000000444, -8.250000000000000000, 0.000000000000000000 ) ) ;
#6620 = SURFACE_SIDE_STYLE ('',( #10202 ) ) ;
#6621 = VECTOR ( 'NONE', #2880, 1000.000000000000000 ) ;
#6622 = DIRECTION ( 'NONE',  ( 1.000000000000000000, 0.000000000000000000, -0.000000000000000000 ) ) ;
#6623 = SURFACE_STYLE_USAGE ( .BOTH. , #7290 ) ;
#6624 = DIRECTION ( 'NONE',  ( 0.000000000000000000, -1.000000000000000000, -0.000000000000000000 ) ) ;
#6625 =( NAMED_UNIT ( * ) SI_UNIT ( $, .STERADIAN. ) SOLID_ANGLE_UNIT ( ) );
#6626 = AXIS2_PLACEMENT_3D ( 'NONE', #11123, #6581, #8417 ) ;
#6627 = APPLICATION_PROTOCOL_DEFINITION ( 'draft international standard', 'automotive_design', 1998, #5749 ) ;
#6628 = AXIS2_PLACEMENT_3D ( 'NONE', #675, #3486, #2514 ) ;
#6629 = STYLED_ITEM ( 'NONE', ( #5461 ), #3690 ) ;
#6630 = ORIENTED_EDGE ( 'NONE', *, *, #7342, .F. ) ;
#6631 =( GEOMETRIC_REPRESENTATION_CONTEXT ( 3 ) GLOBAL_UNCERTAINTY_ASSIGNED_CONTEXT ( ( #8048 ) ) GLOBAL_UNIT_ASSIGNED_CONTEXT ( ( #9396, #1925, #3682 ) ) REPRESENTATION_CONTEXT ( 'NONE', 'WORKASPACE' ) );
#6632 = ORIENTED_EDGE ( 'NONE', *, *, #671, .F. ) ;
#6633 = PRESENTATION_STYLE_ASSIGNMENT (( #6805 ) ) ;
#6634 = VERTEX_POINT ( 'NONE', #5329 ) ;
#6635 =( NAMED_UNIT ( * ) SI_UNIT ( $, .STERADIAN. ) SOLID_ANGLE_UNIT ( ) );
#6636 = DIRECTION ( 'NONE',  ( -0.000000000000000000, -0.000000000000000000, -1.000000000000000000 ) ) ;
#6637 = MECHANICAL_DESIGN_GEOMETRIC_PRESENTATION_REPRESENTATION (  '', ( #6036 ), #8178 ) ;
#6638 = LINE ( 'NONE', #9608, #1947 ) ;
#6639 = STYLED_ITEM ( 'NONE', ( #8517 ), #7873 ) ;
#6640 = CARTESIAN_POINT ( 'NONE',  ( -5.599999999999999645, 8.949999999999999289, 3.200000000000000178 ) ) ;
#6641 =( NAMED_UNIT ( * ) SI_UNIT ( $, .STERADIAN. ) SOLID_ANGLE_UNIT ( ) );
#6642 = EDGE_CURVE ( 'NONE', #4932, #6261, #9879, .T. ) ;
#6643 = EDGE_LOOP ( 'NONE', ( #402, #163, #3282, #11088 ) ) ;
#6644 = CARTESIAN_POINT ( 'NONE',  ( 2.646669524053315126, 7.015325279060196095, 4.999999999999999112 ) ) ;
#6645 = ORIENTED_EDGE ( 'NONE', *, *, #5022, .F. ) ;
#6646 = CYLINDRICAL_SURFACE ( 'NONE', #7815, 0.7500000000000006661 ) ;
#6647 = PRESENTATION_STYLE_ASSIGNMENT (( #7508 ) ) ;
#6648 = DIRECTION ( 'NONE',  ( 0.000000000000000000, 0.000000000000000000, 1.000000000000000000 ) ) ;
#6649 = CARTESIAN_POINT ( 'NONE',  ( 0.000000000000000000, 0.000000000000000000, 19.40000000000000213 ) ) ;
#6650 = CARTESIAN_POINT ( 'NONE',  ( -3.250000000000000444, -12.75000000000000178, -3.700000000000000178 ) ) ;
#6651 = DIRECTION ( 'NONE',  ( 1.000000000000000000, 0.000000000000000000, -0.000000000000000000 ) ) ;
#6652 = SURFACE_STYLE_FILL_AREA ( #5549 ) ;
#6653 = COLOUR_RGB ( '',0.9137254901960784048, 0.5137254901960783826, 0.1372549019607843257 ) ;
#6654 = CIRCLE ( 'NONE', #3943, 2.299999999999999822 ) ;
#6655 = ORIENTED_EDGE ( 'NONE', *, *, #7355, .F. ) ;
#6656 =( GEOMETRIC_REPRESENTATION_CONTEXT ( 3 ) GLOBAL_UNCERTAINTY_ASSIGNED_CONTEXT ( ( #6694 ) ) GLOBAL_UNIT_ASSIGNED_CONTEXT ( ( #7657, #8318, #985 ) ) REPRESENTATION_CONTEXT ( 'NONE', 'WORKASPACE' ) );
#6657 = LINE ( 'NONE', #4045, #1853 ) ;
#6658 = COLOUR_RGB ( '',0.9137254901960784048, 0.5137254901960783826, 0.1372549019607843257 ) ;
#6659 = STYLED_ITEM ( 'NONE', ( #3508 ), #3008 ) ;
#6660 = FILL_AREA_STYLE_COLOUR ( '', #92 ) ;
#6661 = DIRECTION ( 'NONE',  ( 1.000000000000000000, 0.000000000000000000, 0.000000000000000000 ) ) ;
#6662 = CARTESIAN_POINT ( 'NONE',  ( 11.09999999999999964, -4.750000000000000000, 11.40000000000000036 ) ) ;
#6663 = DIRECTION ( 'NONE',  ( 1.000000000000000000, 0.000000000000000000, 0.000000000000000000 ) ) ;
#6664 = DIRECTION ( 'NONE',  ( -1.000000000000000000, 0.000000000000000000, 0.000000000000000000 ) ) ;
#6665 = DIRECTION ( 'NONE',  ( -1.074409378669999991E-15, 1.000000000000000000, 0.000000000000000000 ) ) ;
#6666 = SURFACE_SIDE_STYLE ('',( #3698 ) ) ;
#6667 = SURFACE_STYLE_USAGE ( .BOTH. , #7765 ) ;
#6668 = AXIS2_PLACEMENT_3D ( 'NONE', #6753, #5041, #10448 ) ;
#6669 = VECTOR ( 'NONE', #1539, 1000.000000000000000 ) ;
#6670 = EDGE_LOOP ( 'NONE', ( #7545, #9363, #8831, #10370 ) ) ;
#6671 = EDGE_LOOP ( 'NONE', ( #11474, #5199, #5210, #7312 ) ) ;
#6672 = PRODUCT_DEFINITION_FORMATION_WITH_SPECIFIED_SOURCE ( 'ANY', '', #2053, .NOT_KNOWN. ) ;
#6673 = DIRECTION ( 'NONE',  ( 1.000000000000000000, 0.000000000000000000, -0.000000000000000000 ) ) ;
#6674 = CARTESIAN_POINT ( 'NONE',  ( -0.7500000000022184476, 10.59999999999999964, 11.40000000000000036 ) ) ;
#6675 = DIRECTION ( 'NONE',  ( -1.000000000000000000, 0.000000000000000000, 0.000000000000000000 ) ) ;
#6676 = CARTESIAN_POINT ( 'NONE',  ( -5.590292409647828364, -8.695597259647533050, 11.50436331485128250 ) ) ;
#6677 = FILL_AREA_STYLE_COLOUR ( '', #4519 ) ;
#6679 = CIRCLE ( 'NONE', #6096, 1.199999999999999734 ) ;
#6678 =( NAMED_UNIT ( * ) PLANE_ANGLE_UNIT ( ) SI_UNIT ( $, .RADIAN. ) );
#6680 = EDGE_CURVE ( 'NONE', #4991, #582, #1762, .T. ) ;
#6681 = LINE ( 'NONE', #1062, #10953 ) ;
#6682 = EDGE_CURVE ( 'NONE', #10713, #3763, #7275, .T. ) ;
#6683 = PRESENTATION_LAYER_ASSIGNMENT (  '', '', ( #11918 ) ) ;
#6684 = VERTEX_POINT ( 'NONE', #10253 ) ;
#6685 = VERTEX_POINT ( 'NONE', #10962 ) ;
#6686 = CARTESIAN_POINT ( 'NONE',  ( -3.250000000000000444, -12.75000000000000178, 0.000000000000000000 ) ) ;
#6687 = VERTEX_POINT ( 'NONE', #924 ) ;
#6688 = PRESENTATION_STYLE_ASSIGNMENT (( #10272 ) ) ;
#6689 =( LENGTH_UNIT ( ) NAMED_UNIT ( * ) SI_UNIT ( .MILLI., .METRE. ) );
#6690 = SURFACE_STYLE_FILL_AREA ( #5884 ) ;
#6691 = DIRECTION ( 'NONE',  ( 2.337311630789999835E-15, -1.000000000000000000, 0.000000000000000000 ) ) ;
#6692 = DIRECTION ( 'NONE',  ( -0.000000000000000000, 1.000000000000000000, -0.000000000000000000 ) ) ;
#6693 = FILL_AREA_STYLE_COLOUR ( '', #2594 ) ;
#6694 = UNCERTAINTY_MEASURE_WITH_UNIT (LENGTH_MEASURE( 1.000000000000000082E-05 ), #7657, 'distance_accuracy_value', 'NONE');
#6695 = CARTESIAN_POINT ( 'NONE',  ( 3.000000000000000000, -13.94999999999999929, 2.600000000000000533 ) ) ;
#6697 = AXIS2_PLACEMENT_3D ( 'NONE', #4511, #6268, #10989 ) ;
#6696 = DIRECTION ( 'NONE',  ( 1.000000000000000000, 0.000000000000000000, 0.000000000000000000 ) ) ;
#6698 = AXIS2_PLACEMENT_3D ( 'NONE', #6412, #10950, #9341 ) ;
#6699 = ORIENTED_EDGE ( 'NONE', *, *, #8495, .T. ) ;
#6700 = CARTESIAN_POINT ( 'NONE',  ( 4.955387226100494757, 5.642897233441805049, 4.999999999999999112 ) ) ;
#6701 = EDGE_LOOP ( 'NONE', ( #1771, #3263, #5626, #5114 ) ) ;
#6702 = SURFACE_STYLE_USAGE ( .BOTH. , #7562 ) ;
#6703 = DIRECTION ( 'NONE',  ( -0.000000000000000000, -0.000000000000000000, -1.000000000000000000 ) ) ;
#6704 = CARTESIAN_POINT ( 'NONE',  ( 4.700000000000000178, -8.949999999999999289, 0.000000000000000000 ) ) ;
#6705 = PRODUCT ( 'COMPOUND014', 'COMPOUND014', '', ( #1671 ) ) ;
#6706 = EDGE_CURVE ( 'NONE', #7135, #7424, #9598, .T. ) ;
#6707 = CARTESIAN_POINT ( 'NONE',  ( -7.000000000000000000, -6.650000000000000355, -3.700000000000000178 ) ) ;
#6708 = DIRECTION ( 'NONE',  ( 0.000000000000000000, -1.000000000000000000, -0.000000000000000000 ) ) ;
#6709 = UNCERTAINTY_MEASURE_WITH_UNIT (LENGTH_MEASURE( 1.000000000000000082E-05 ), #9236, 'distance_accuracy_value', 'NONE');
#6710 = ORIENTED_EDGE ( 'NONE', *, *, #4416, .F. ) ;
#6711 = CARTESIAN_POINT ( 'NONE',  ( 0.000000000000000000, 0.000000000000000000, 0.000000000000000000 ) ) ;
#6712 = COLOUR_RGB ( '',0.8196078431372548767, 0.8000000000000000444, 0.7529411764705882248 ) ;
#6713 = LINE ( 'NONE', #5789, #8638 ) ;
#6714 = UNCERTAINTY_MEASURE_WITH_UNIT (LENGTH_MEASURE( 1.000000000000000082E-05 ), #7401, 'distance_accuracy_value', 'NONE');
#6715 =( NAMED_UNIT ( * ) SI_UNIT ( $, .STERADIAN. ) SOLID_ANGLE_UNIT ( ) );
#6716 = ADVANCED_FACE ( 'NONE', ( #8183 ), #3757, .T. ) ;
#6717 = FILL_AREA_STYLE ('',( #1996 ) ) ;
#6718 = PRESENTATION_STYLE_ASSIGNMENT (( #8679 ) ) ;
#6719 = CARTESIAN_POINT ( 'NONE',  ( 4.750000000000000888, 8.000000000000000000, 9.400000000000000355 ) ) ;
#6720 = CARTESIAN_POINT ( 'NONE',  ( -1.750000000000000000, -10.94999999999999929, 5.599999999999999645 ) ) ;
#6721 =( NAMED_UNIT ( * ) SI_UNIT ( $, .STERADIAN. ) SOLID_ANGLE_UNIT ( ) );
#6722 = MECHANICAL_DESIGN_GEOMETRIC_PRESENTATION_REPRESENTATION (  '', ( #2271 ), #8475 ) ;
#6723 = EDGE_CURVE ( 'NONE', #11162, #3148, #7404, .T. ) ;
#6724 = AXIS2_PLACEMENT_3D ( 'NONE', #4307, #2367, #7946 ) ;
#6725 = FILL_AREA_STYLE ('',( #212 ) ) ;
#6726 =( LENGTH_UNIT ( ) NAMED_UNIT ( * ) SI_UNIT ( .MILLI., .METRE. ) );
#6727 = PLANE ( 'NONE',  #6102 ) ;
#6728 = VERTEX_POINT ( 'NONE', #11141 ) ;
#6729 = AXIS2_PLACEMENT_3D ( 'NONE', #10541, #3124, #10784 ) ;
#6730 = ORIENTED_EDGE ( 'NONE', *, *, #9975, .F. ) ;
#6731 = SURFACE_SIDE_STYLE ('',( #7534 ) ) ;
#6732 = DIRECTION ( 'NONE',  ( 0.000000000000000000, -1.000000000000000000, -0.000000000000000000 ) ) ;
#6733 = PLANE ( 'NONE',  #10012 ) ;
#6734 =( BOUNDED_SURFACE ( )  B_SPLINE_SURFACE ( 3, 3, ( 
 ( #10312, #11327, #3005, #6041 ),
 ( #2176, #1212, #6913, #4896 ),
 ( #6858, #8617, #2300, #4058 ),
 ( #10545, #4176, #341, #3994 ) ),
 .UNSPECIFIED., .F., .F., .T. ) 
 B_SPLINE_SURFACE_WITH_KNOTS ( ( 4, 4 ),
 ( 4, 4 ),
 ( 0.000000000000000000, 1.000000000000000000 ),
 ( 0.000000000000000000, 1.000000000000000000 ),
 .UNSPECIFIED. ) 
 GEOMETRIC_REPRESENTATION_ITEM ( )  RATIONAL_B_SPLINE_SURFACE ( (
 ( 1.000000000000000000, 0.3333333333333334259, 0.3333333333333334259, 1.000000000000000000),
 ( 0.9245018060306376961, 0.3081672686768793246, 0.3081672686768793246, 0.9245018060306376961),
 ( 0.9245018060306376961, 0.3081672686768793246, 0.3081672686768793246, 0.9245018060306376961),
 ( 1.000000000000000000, 0.3333333333333334259, 0.3333333333333334259, 1.000000000000000000) ) ) 
 REPRESENTATION_ITEM ( '' )  SURFACE ( )  );
#6735 = PRODUCT_DEFINITION ( 'UNKNOWN', '', #2776, #2929 ) ;
#6736 = FACE_OUTER_BOUND ( 'NONE', #1810, .T. ) ;
#6737 = LINE ( 'NONE', #4612, #2005 ) ;
#6738 = CARTESIAN_POINT ( 'NONE',  ( -7.492820323027550522, -7.775658889420202335, 11.40998175663490244 ) ) ;
#6739 = CARTESIAN_POINT ( 'NONE',  ( 0.1416666666666589747, 0.9249999999999980460, 12.14680105496454132 ) ) ;
#6740 = CARTESIAN_POINT ( 'NONE',  ( -1.168717112323999908E-19, -10.94999999999999929, 5.599999999999999645 ) ) ;
#6741 = CARTESIAN_POINT ( 'NONE',  ( 7.500000000000000000, -8.000000000000000000, 2.600000000000000533 ) ) ;
#6742 = CONTEXT_DEPENDENT_SHAPE_REPRESENTATION ( #2588, #9430 ) ;
#6743 = ORIENTED_EDGE ( 'NONE', *, *, #8204, .T. ) ;
#6744 = ORIENTED_EDGE ( 'NONE', *, *, #3033, .T. ) ;
#6745 = ORIENTED_EDGE ( 'NONE', *, *, #7942, .T. ) ;
#6746 = EDGE_CURVE ( 'NONE', #931, #2311, #1825, .T. ) ;
#6747 = DIRECTION ( 'NONE',  ( 0.000000000000000000, 0.000000000000000000, -1.000000000000000000 ) ) ;
#6748 =( LENGTH_UNIT ( ) NAMED_UNIT ( * ) SI_UNIT ( .MILLI., .METRE. ) );
#6749 = PLANE ( 'NONE',  #5832 ) ;
#6750 =( GEOMETRIC_REPRESENTATION_CONTEXT ( 3 ) GLOBAL_UNCERTAINTY_ASSIGNED_CONTEXT ( ( #332 ) ) GLOBAL_UNIT_ASSIGNED_CONTEXT ( ( #337, #7641, #3812 ) ) REPRESENTATION_CONTEXT ( 'NONE', 'WORKASPACE' ) );
#6751 = PRESENTATION_STYLE_ASSIGNMENT (( #8072 ) ) ;
#6752 =( LENGTH_UNIT ( ) NAMED_UNIT ( * ) SI_UNIT ( .MILLI., .METRE. ) );
#6753 = CARTESIAN_POINT ( 'NONE',  ( -7.750000000000000000, 6.650000000000000355, 0.000000000000000000 ) ) ;
#6754 = FACE_OUTER_BOUND ( 'NONE', #5593, .T. ) ;
#6755 = SHAPE_REPRESENTATION_RELATIONSHIP ( 'NONE' , 'NONE' ,  #9683, #9614 ) ;
#6756 = VERTEX_POINT ( 'NONE', #2824 ) ;
#6757 = CARTESIAN_POINT ( 'NONE',  ( 2.416037689927264420, 7.098134820101342335, 5.000000000000000888 ) ) ;
#6758 = VECTOR ( 'NONE', #1638, 1000.000000000000000 ) ;
#6759 = ORIENTED_EDGE ( 'NONE', *, *, #5037, .F. ) ;
#6760 =( NAMED_UNIT ( * ) PLANE_ANGLE_UNIT ( ) SI_UNIT ( $, .RADIAN. ) );
#6761 = FILL_AREA_STYLE_COLOUR ( '', #796 ) ;
#6762 = CARTESIAN_POINT ( 'NONE',  ( 6.800000000000000711, -6.799999999999999822, 12.19999999999999929 ) ) ;
#6763 = EDGE_CURVE ( 'NONE', #11544, #3728, #6360, .T. ) ;
#6764 = SURFACE_SIDE_STYLE ('',( #319 ) ) ;
#6765 = FILL_AREA_STYLE_COLOUR ( '', #5200 ) ;
#6766 = CARTESIAN_POINT ( 'NONE',  ( 2.000000000000000000, -8.949999999999999289, 4.400000000000000355 ) ) ;
#6767 = SURFACE_STYLE_USAGE ( .BOTH. , #323 ) ;
#6768 =( GEOMETRIC_REPRESENTATION_CONTEXT ( 3 ) GLOBAL_UNCERTAINTY_ASSIGNED_CONTEXT ( ( #1135 ) ) GLOBAL_UNIT_ASSIGNED_CONTEXT ( ( #6153, #7814, #6095 ) ) REPRESENTATION_CONTEXT ( 'NONE', 'WORKASPACE' ) );
#6769 = LINE ( 'NONE', #9460, #621 ) ;
#6770 =( GEOMETRIC_REPRESENTATION_CONTEXT ( 3 ) GLOBAL_UNCERTAINTY_ASSIGNED_CONTEXT ( ( #11560 ) ) GLOBAL_UNIT_ASSIGNED_CONTEXT ( ( #2936, #8724, #9633 ) ) REPRESENTATION_CONTEXT ( 'NONE', 'WORKASPACE' ) );
#6771 = ORIENTED_EDGE ( 'NONE', *, *, #6334, .T. ) ;
#6772 = AXIS2_PLACEMENT_3D ( 'NONE', #9838, #5044, #591 ) ;
#6773 = MECHANICAL_DESIGN_GEOMETRIC_PRESENTATION_REPRESENTATION (  '', ( #1157 ), #6575 ) ;
#6774 =( LENGTH_UNIT ( ) NAMED_UNIT ( * ) SI_UNIT ( .MILLI., .METRE. ) );
#6775 = DIRECTION ( 'NONE',  ( 6.938893903907228378E-16, 1.000000000000000000, 0.000000000000000000 ) ) ;
#6776 =( LENGTH_UNIT ( ) NAMED_UNIT ( * ) SI_UNIT ( .MILLI., .METRE. ) );
#6777 = CIRCLE ( 'NONE', #9512, 0.5000000000000000000 ) ;
#6778 =( NAMED_UNIT ( * ) PLANE_ANGLE_UNIT ( ) SI_UNIT ( $, .RADIAN. ) );
#6779 = CARTESIAN_POINT ( 'NONE',  ( 11.09999999999999964, -2.250000000000000444, 11.40000000000000036 ) ) ;
#6780 = DIRECTION ( 'NONE',  ( 1.000000000000000000, -0.000000000000000000, -0.000000000000000000 ) ) ;
#6781 = LINE ( 'NONE', #456, #10897 ) ;
#6782 = EDGE_CURVE ( 'NONE', #3847, #8284, #6679, .T. ) ;
#6783 = AXIS2_PLACEMENT_3D ( 'NONE', #145, #1139, #10409 ) ;
#6784 = EDGE_CURVE ( 'NONE', #3454, #1427, #8250, .T. ) ;
#6785 = EDGE_LOOP ( 'NONE', ( #2697, #6472 ) ) ;
#6786 =( NAMED_UNIT ( * ) SI_UNIT ( $, .STERADIAN. ) SOLID_ANGLE_UNIT ( ) );
#6787 =( NAMED_UNIT ( * ) SI_UNIT ( $, .STERADIAN. ) SOLID_ANGLE_UNIT ( ) );
#6788 = CARTESIAN_POINT ( 'NONE',  ( 1.400000000000000133, -8.949999999999999289, 4.200000000000000178 ) ) ;
#6789 = CARTESIAN_POINT ( 'NONE',  ( -5.599999999999999645, 8.000000000000000000, 0.000000000000000000 ) ) ;
#6790 = DIRECTION ( 'NONE',  ( 1.000000000000000000, 0.000000000000000000, -0.000000000000000000 ) ) ;
#6791 =( NAMED_UNIT ( * ) SI_UNIT ( $, .STERADIAN. ) SOLID_ANGLE_UNIT ( ) );
#6792 = STYLED_ITEM ( 'NONE', ( #4043 ), #7287 ) ;
#6793 = FILL_AREA_STYLE_COLOUR ( '', #1768 ) ;
#6794 = PRESENTATION_LAYER_ASSIGNMENT (  '', '', ( #9141 ) ) ;
#6795 = FILL_AREA_STYLE ('',( #3665 ) ) ;
#6796 = STYLED_ITEM ( 'NONE', ( #11860 ), #10631 ) ;
#6797 = STYLED_ITEM ( 'NONE', ( #8797 ), #427 ) ;
#6798 = FILL_AREA_STYLE_COLOUR ( '', #10139 ) ;
#6799 = PRESENTATION_STYLE_ASSIGNMENT (( #4912 ) ) ;
#6800 = ITEM_DEFINED_TRANSFORMATION ( 'NONE', 'NONE', #7361,  #3260 ) ;
#6801 = VECTOR ( 'NONE', #10750, 1000.000000000000000 ) ;
#6802 = ORIENTED_EDGE ( 'NONE', *, *, #5130, .F. ) ;
#6803 = VECTOR ( 'NONE', #6211, 1000.000000000000000 ) ;
#6804 = ORIENTED_EDGE ( 'NONE', *, *, #7731, .T. ) ;
#6805 = SURFACE_STYLE_USAGE ( .BOTH. , #7613 ) ;
#6806 = SHAPE_REPRESENTATION ( 'COMPOUND015', ( #3260 ), #8320 ) ;
#6807 = AXIS2_PLACEMENT_3D ( 'NONE', #4951, #11938, #2644 ) ;
#6808 = ORIENTED_EDGE ( 'NONE', *, *, #3520, .F. ) ;
#6809 = FACE_OUTER_BOUND ( 'NONE', #9773, .T. ) ;
#6810 = EDGE_CURVE ( 'NONE', #10422, #7109, #7074, .T. ) ;
#6811 = CARTESIAN_POINT ( 'NONE',  ( -0.1416666666666525354, -0.9250000000000007105, 12.14680105496454132 ) ) ;
#6812 = FILL_AREA_STYLE_COLOUR ( '', #9167 ) ;
#6813 = AXIS2_PLACEMENT_3D ( 'NONE', #2294, #5741, #1143 ) ;
#6814 =( NAMED_UNIT ( * ) PLANE_ANGLE_UNIT ( ) SI_UNIT ( $, .RADIAN. ) );
#6815 = DIRECTION ( 'NONE',  ( 1.000000000000000000, 0.000000000000000000, 1.069189206575000149E-12 ) ) ;
#6816 = UNCERTAINTY_MEASURE_WITH_UNIT (LENGTH_MEASURE( 1.000000000000000082E-05 ), #10639, 'distance_accuracy_value', 'NONE');
#6817 = AXIS2_PLACEMENT_3D ( 'NONE', #4601, #5440, #6483 ) ;
#6818 = CARTESIAN_POINT ( 'NONE',  ( -0.7500000000014999113, 10.59999999999999964, 10.15790624853875279 ) ) ;
#6819 = AXIS2_PLACEMENT_3D ( 'NONE', #2838, #2663, #11028 ) ;
#6820 = SURFACE_STYLE_USAGE ( .BOTH. , #8654 ) ;
#6821 = COLOUR_RGB ( '',0.7019607843137254388, 0.7019607843137254388, 0.7019607843137254388 ) ;
#6822 = DIRECTION ( 'NONE',  ( 1.000000000000000000, 0.000000000000000000, 0.000000000000000000 ) ) ;
#6823 = EDGE_CURVE ( 'NONE', #9194, #6948, #26, .T. ) ;
#6824 = EDGE_CURVE ( 'NONE', #7679, #5997, #5799, .T. ) ;
#6825 = ORIENTED_EDGE ( 'NONE', *, *, #4664, .T. ) ;
#6826 = CARTESIAN_POINT ( 'NONE',  ( -7.493997598078077083, -1.221638358787300664E-15, 5.000000000000000888 ) ) ;
#6827 = STYLED_ITEM ( 'NONE', ( #10 ), #2522 ) ;
#6828 = ORIENTED_EDGE ( 'NONE', *, *, #81, .T. ) ;
#6829 = DIRECTION ( 'NONE',  ( 0.000000000000000000, -0.000000000000000000, 1.000000000000000000 ) ) ;
#6830 = PRESENTATION_LAYER_ASSIGNMENT (  '', '', ( #4109 ) ) ;
#6831 = DIRECTION ( 'NONE',  ( 0.000000000000000000, 0.000000000000000000, -1.000000000000000000 ) ) ;
#6832 = PRESENTATION_LAYER_ASSIGNMENT (  '', '', ( #3326 ) ) ;
#6833 = PRESENTATION_LAYER_ASSIGNMENT (  '', '', ( #10472 ) ) ;
#6834 = UNCERTAINTY_MEASURE_WITH_UNIT (LENGTH_MEASURE( 1.000000000000000082E-05 ), #4701, 'distance_accuracy_value', 'NONE');
#6835 = FACE_OUTER_BOUND ( 'NONE', #3351, .T. ) ;
#6836 = SURFACE_STYLE_USAGE ( .BOTH. , #11430 ) ;
#6837 = DIRECTION ( 'NONE',  ( 1.000000000000000000, 0.000000000000000000, 0.000000000000000000 ) ) ;
#6838 = UNCERTAINTY_MEASURE_WITH_UNIT (LENGTH_MEASURE( 1.000000000000000082E-05 ), #5340, 'distance_accuracy_value', 'NONE');
#6839 = LINE ( 'NONE', #10645, #4441 ) ;
#6840 = VERTEX_POINT ( 'NONE', #9105 ) ;
#6841 = SHAPE_REPRESENTATION_RELATIONSHIP ( 'NONE' , 'NONE' ,  #11765, #3230 ) ;
#6842 = ADVANCED_FACE ( 'NONE', ( #4478 ), #8555, .F. ) ;
#6843 = ORIENTED_EDGE ( 'NONE', *, *, #11757, .F. ) ;
#6844 = EDGE_CURVE ( 'NONE', #4535, #11352, #6777, .T. ) ;
#6845 = ADVANCED_FACE ( 'NONE', ( #4782 ), #1147, .F. ) ;
#6846 = CARTESIAN_POINT ( 'NONE',  ( -2.250000000000000444, 8.000000000000000000, 9.400000000000000355 ) ) ;
#6847 = UNCERTAINTY_MEASURE_WITH_UNIT (LENGTH_MEASURE( 1.000000000000000082E-05 ), #296, 'distance_accuracy_value', 'NONE');
#6848 = DIRECTION ( 'NONE',  ( -0.000000000000000000, 1.000000000000000000, 0.000000000000000000 ) ) ;
#6849 = FILL_AREA_STYLE_COLOUR ( '', #6026 ) ;
#6850 = CARTESIAN_POINT ( 'NONE',  ( -8.699999999999999289, -3.450000000000000622, 6.000000000000000000 ) ) ;
#6851 =( NAMED_UNIT ( * ) SI_UNIT ( $, .STERADIAN. ) SOLID_ANGLE_UNIT ( ) );
#6852 =( NAMED_UNIT ( * ) SI_UNIT ( $, .STERADIAN. ) SOLID_ANGLE_UNIT ( ) );
#6853 = STYLED_ITEM ( 'NONE', ( #4215 ), #1514 ) ;
#6854 = FACE_OUTER_BOUND ( 'NONE', #7364, .T. ) ;
#6855 = VECTOR ( 'NONE', #3457, 1000.000000000000000 ) ;
#6856 = UNCERTAINTY_MEASURE_WITH_UNIT (LENGTH_MEASURE( 1.000000000000000082E-05 ), #6956, 'distance_accuracy_value', 'NONE');
#6857 = DIRECTION ( 'NONE',  ( -0.000000000000000000, -0.000000000000000000, -1.000000000000000000 ) ) ;
#6858 = CARTESIAN_POINT ( 'NONE',  ( -7.386071179369600337, -6.852424748005593536, 12.11971761073360554 ) ) ;
#6859 = PLANE ( 'NONE',  #6193 ) ;
#6860 = FILL_AREA_STYLE_COLOUR ( '', #1083 ) ;
#6861 = MECHANICAL_DESIGN_GEOMETRIC_PRESENTATION_REPRESENTATION (  '', ( #8989 ), #11486 ) ;
#6862 = ORIENTED_EDGE ( 'NONE', *, *, #3857, .F. ) ;
#6863 = ORIENTED_EDGE ( 'NONE', *, *, #11102, .F. ) ;
#6864 = FILL_AREA_STYLE ('',( #5081 ) ) ;
#6865 = SURFACE_SIDE_STYLE ('',( #11640 ) ) ;
#6866 =( NAMED_UNIT ( * ) PLANE_ANGLE_UNIT ( ) SI_UNIT ( $, .RADIAN. ) );
#6867 = CARTESIAN_POINT ( 'NONE',  ( 11.09999999999999964, -4.250000000000000000, 6.399999999992999733 ) ) ;
#6868 = CARTESIAN_POINT ( 'NONE',  ( 11.09999999999999964, 0.7500000000070305983, 4.142093751462745388 ) ) ;
#6869 = CARTESIAN_POINT ( 'NONE',  ( -7.492820323027550522, 7.492820323027550522, 11.69282032302755070 ) ) ;
#6870 = EDGE_CURVE ( 'NONE', #3207, #1565, #6398, .T. ) ;
#6871 = STYLED_ITEM ( 'NONE', ( #6455 ), #1684 ) ;
#6872 = COLOUR_RGB ( '',0.7019607843137254388, 0.7019607843137254388, 0.7019607843137254388 ) ;
#6873 = LINE ( 'NONE', #7777, #2573 ) ;
#6874 = DIRECTION ( 'NONE',  ( 1.000000000000000000, 0.000000000000000000, 0.000000000000000000 ) ) ;
#6875 = DIRECTION ( 'NONE',  ( -0.7071067811865474617, 0.7071067811865474617, 0.000000000000000000 ) ) ;
#6876 = ITEM_DEFINED_TRANSFORMATION ( 'NONE', 'NONE', #9870,  #3260 ) ;
#6877 = ORIENTED_EDGE ( 'NONE', *, *, #9372, .F. ) ;
#6878 = ORIENTED_EDGE ( 'NONE', *, *, #3363, .F. ) ;
#6879 = ORIENTED_EDGE ( 'NONE', *, *, #2921, .T. ) ;
#6880 = STYLED_ITEM ( 'NONE', ( #6439 ), #4 ) ;
#6881 = EDGE_LOOP ( 'NONE', ( #3116, #6143, #11576, #4346 ) ) ;
#6882 = DIRECTION ( 'NONE',  ( -1.168655815394999918E-15, 1.000000000000000000, 0.000000000000000000 ) ) ;
#6883 =( NAMED_UNIT ( * ) SI_UNIT ( $, .STERADIAN. ) SOLID_ANGLE_UNIT ( ) );
#6884 = SURFACE_SIDE_STYLE ('',( #705 ) ) ;
#6885 =( LENGTH_UNIT ( ) NAMED_UNIT ( * ) SI_UNIT ( .MILLI., .METRE. ) );
#6886 =( NAMED_UNIT ( * ) PLANE_ANGLE_UNIT ( ) SI_UNIT ( $, .RADIAN. ) );
#6887 = DIRECTION ( 'NONE',  ( 2.055968564120999972E-16, 0.000000000000000000, -1.000000000000000000 ) ) ;
#6888 =( NAMED_UNIT ( * ) PLANE_ANGLE_UNIT ( ) SI_UNIT ( $, .RADIAN. ) );
#6889 = VECTOR ( 'NONE', #10900, 1000.000000000000000 ) ;
#6890 = SURFACE_STYLE_FILL_AREA ( #3099 ) ;
#6891 = CARTESIAN_POINT ( 'NONE',  ( 0.000000000000000000, 0.000000000000000000, 0.000000000000000000 ) ) ;
#6892 = ORIENTED_EDGE ( 'NONE', *, *, #7078, .T. ) ;
#6893 = LINE ( 'NONE', #5953, #4470 ) ;
#6894 = VECTOR ( 'NONE', #3035, 1000.000000000000000 ) ;
#6895 = VERTEX_POINT ( 'NONE', #10544 ) ;
#6896 =( NAMED_UNIT ( * ) PLANE_ANGLE_UNIT ( ) SI_UNIT ( $, .RADIAN. ) );
#6897 = CARTESIAN_POINT ( 'NONE',  ( 11.09999999999999964, -0.7500000000070629058, 10.15790624853724644 ) ) ;
#6899 = CARTESIAN_POINT ( 'NONE',  ( -0.7500000000070613515, 11.09999999999999964, 4.142093751462753382 ) ) ;
#6898 = PRODUCT_RELATED_PRODUCT_CATEGORY ( 'part', '', ( #6705 ) ) ;
#6900 = CARTESIAN_POINT ( 'NONE',  ( -1.168717112323999908E-19, -10.94999999999999929, 4.200000000000000178 ) ) ;
#6902 = FILL_AREA_STYLE ('',( #10590 ) ) ;
#6901 = AXIS2_PLACEMENT_3D ( 'NONE', #1321, #6086, #4216 ) ;
#6903 = EDGE_LOOP ( 'NONE', ( #3538, #2844 ) ) ;
#6904 = ORIENTED_EDGE ( 'NONE', *, *, #8626, .T. ) ;
#6905 =( LENGTH_UNIT ( ) NAMED_UNIT ( * ) SI_UNIT ( .MILLI., .METRE. ) );
#6906 = PRESENTATION_LAYER_ASSIGNMENT (  '', '', ( #8455 ) ) ;
#6907 = VECTOR ( 'NONE', #3221, 1000.000000000000000 ) ;
#6908 = EDGE_CURVE ( 'NONE', #3413, #2301, #4269, .T. ) ;
#6909 = DIRECTION ( 'NONE',  ( 1.168655815394999918E-15, -1.000000000000000000, -0.000000000000000000 ) ) ;
#6910 = SURFACE_STYLE_USAGE ( .BOTH. , #2298 ) ;
#6911 =( NAMED_UNIT ( * ) PLANE_ANGLE_UNIT ( ) SI_UNIT ( $, .RADIAN. ) );
#6912 = FILL_AREA_STYLE ('',( #10787 ) ) ;
#6913 = CARTESIAN_POINT ( 'NONE',  ( -8.146008012803568121, -7.449065044532191315, 11.08338791174689320 ) ) ;
#6914 = FILL_AREA_STYLE ('',( #5011 ) ) ;
#6915 = VECTOR ( 'NONE', #3536, 1000.000000000000000 ) ;
#6916 = EDGE_LOOP ( 'NONE', ( #6825, #1503, #10910, #2847 ) ) ;
#6917 = ORIENTED_EDGE ( 'NONE', *, *, #5478, .T. ) ;
#6918 = COLOUR_RGB ( '',0.8196078431372548767, 0.8000000000000000444, 0.7529411764705882248 ) ;
#6919 = CARTESIAN_POINT ( 'NONE',  ( 7.750000000000000000, 6.650000000000000355, 0.000000000000000000 ) ) ;
#6920 = VECTOR ( 'NONE', #4446, 1000.000000000000000 ) ;
#6921 = DIRECTION ( 'NONE',  ( 0.000000000000000000, 0.000000000000000000, -1.000000000000000000 ) ) ;
#6922 = STYLED_ITEM ( 'NONE', ( #3488 ), #5778 ) ;
#6923 = FILL_AREA_STYLE ('',( #8819 ) ) ;
#6924 = PLANE ( 'NONE',  #3307 ) ;
#6925 = ADVANCED_FACE ( 'NONE', ( #282 ), #1278, .T. ) ;
#6926 = DIRECTION ( 'NONE',  ( 0.000000000000000000, 0.000000000000000000, -1.000000000000000000 ) ) ;
#6927 = DIRECTION ( 'NONE',  ( -7.228014483236697541E-16, 0.000000000000000000, 1.000000000000000000 ) ) ;
#6928 = PRESENTATION_LAYER_ASSIGNMENT (  '', '', ( #3820 ) ) ;
#6929 = AXIS2_PLACEMENT_3D ( 'NONE', #1876, #2591, #9102 ) ;
#6930 = ORIENTED_EDGE ( 'NONE', *, *, #7566, .T. ) ;
#6931 = ORIENTED_EDGE ( 'NONE', *, *, #5151, .F. ) ;
#6932 = ORIENTED_EDGE ( 'NONE', *, *, #4534, .T. ) ;
#6933 = DIRECTION ( 'NONE',  ( -1.000000000000000000, 0.000000000000000000, 0.000000000000000000 ) ) ;
#6934 = LINE ( 'NONE', #5281, #6607 ) ;
#6935 = CIRCLE ( 'NONE', #5944, 0.5000000000000000000 ) ;
#6936 = FILL_AREA_STYLE ('',( #2490 ) ) ;
#6937 = CARTESIAN_POINT ( 'NONE',  ( 4.750000000000000000, 8.000000000000000000, 0.000000000000000000 ) ) ;
#6938 = ADVANCED_FACE ( 'NONE', ( #5257 ), #7143, .T. ) ;
#6939 =( NAMED_UNIT ( * ) PLANE_ANGLE_UNIT ( ) SI_UNIT ( $, .RADIAN. ) );
#6940 = CARTESIAN_POINT ( 'NONE',  ( 3.007906248537130622, 10.59999999999999964, 6.399999999992999733 ) ) ;
#6941 = UNCERTAINTY_MEASURE_WITH_UNIT (LENGTH_MEASURE( 1.000000000000000082E-05 ), #9771, 'distance_accuracy_value', 'NONE');
#6942 = CARTESIAN_POINT ( 'NONE',  ( -0.4249999999999999889, -0.9250000000000000444, 5.000000000000000000 ) ) ;
#6943 = CARTESIAN_POINT ( 'NONE',  ( -0.7500000000069999562, 11.09999999999999964, 2.899999999999999911 ) ) ;
#6944 = DIRECTION ( 'NONE',  ( 1.000000000000000000, 0.000000000000000000, 0.000000000000000000 ) ) ;
#6945 = EDGE_CURVE ( 'NONE', #10411, #5802, #10659, .T. ) ;
#6946 = ORIENTED_EDGE ( 'NONE', *, *, #1013, .T. ) ;
#6947 = PRESENTATION_STYLE_ASSIGNMENT (( #1372 ) ) ;
#6948 = VERTEX_POINT ( 'NONE', #1576 ) ;
#6949 = EDGE_CURVE ( 'NONE', #1129, #1738, #10655, .T. ) ;
#6950 =( NAMED_UNIT ( * ) SI_UNIT ( $, .STERADIAN. ) SOLID_ANGLE_UNIT ( ) );
#6951 = EDGE_CURVE ( 'NONE', #11618, #6061, #8977, .T. ) ;
#6952 = DIRECTION ( 'NONE',  ( -0.000000000000000000, 1.000000000000000000, -0.000000000000000000 ) ) ;
#6953 = SURFACE_SIDE_STYLE ('',( #3233 ) ) ;
#6954 = DIRECTION ( 'NONE',  ( 1.000000000000000000, 0.000000000000000000, 0.000000000000000000 ) ) ;
#6955 = UNCERTAINTY_MEASURE_WITH_UNIT (LENGTH_MEASURE( 1.000000000000000082E-05 ), #2343, 'distance_accuracy_value', 'NONE');
#6956 =( LENGTH_UNIT ( ) NAMED_UNIT ( * ) SI_UNIT ( .MILLI., .METRE. ) );
#6957 = VERTEX_POINT ( 'NONE', #7883 ) ;
#6958 = VECTOR ( 'NONE', #11138, 1000.000000000000000 ) ;
#6959 = UNCERTAINTY_MEASURE_WITH_UNIT (LENGTH_MEASURE( 1.000000000000000082E-05 ), #5090, 'distance_accuracy_value', 'NONE');
#6960 = LINE ( 'NONE', #558, #2926 ) ;
#6961 = LINE ( 'NONE', #6033, #10886 ) ;
#6962 = VECTOR ( 'NONE', #3580, 1000.000000000000000 ) ;
#6963 = CYLINDRICAL_SURFACE ( 'NONE', #3205, 2.299999999999999822 ) ;
#6964 = EDGE_CURVE ( 'NONE', #8192, #473, #7374, .T. ) ;
#6965 = PRESENTATION_LAYER_ASSIGNMENT (  '', '', ( #3856 ) ) ;
#6966 = FILL_AREA_STYLE ('',( #8803 ) ) ;
#6967 = LINE ( 'NONE', #7823, #9483 ) ;
#6968 = LINE ( 'NONE', #4232, #1015 ) ;
#6969 = UNCERTAINTY_MEASURE_WITH_UNIT (LENGTH_MEASURE( 1.000000000000000082E-05 ), #7054, 'distance_accuracy_value', 'NONE');
#6970 = FILL_AREA_STYLE ('',( #3245 ) ) ;
#6971 = DIRECTION ( 'NONE',  ( 0.000000000000000000, -1.000000000000000000, -0.000000000000000000 ) ) ;
#6972 = ORIENTED_EDGE ( 'NONE', *, *, #6746, .T. ) ;
#6973 = EDGE_CURVE ( 'NONE', #2763, #2551, #10839, .T. ) ;
#6975 = ORIENTED_EDGE ( 'NONE', *, *, #11653, .T. ) ;
#6974 = CIRCLE ( 'NONE', #4207, 0.5000000000000000000 ) ;
#6976 =( NAMED_UNIT ( * ) PLANE_ANGLE_UNIT ( ) SI_UNIT ( $, .RADIAN. ) );
#6977 = PRESENTATION_STYLE_ASSIGNMENT (( #3254 ) ) ;
#6978 = CARTESIAN_POINT ( 'NONE',  ( 2.000000000000000000, -8.949999999999999289, 4.400000000000000355 ) ) ;
#6979 = CARTESIAN_POINT ( 'NONE',  ( 0.000000000000000000, 11.09999999999999964, 11.90000000000000036 ) ) ;
#6980 =( LENGTH_UNIT ( ) NAMED_UNIT ( * ) SI_UNIT ( .MILLI., .METRE. ) );
#6981 = DIRECTION ( 'NONE',  ( 0.000000000000000000, -0.000000000000000000, -1.000000000000000000 ) ) ;
#6982 = COLOUR_RGB ( '',0.9137254901960784048, 0.5137254901960783826, 0.1372549019607843257 ) ;
#6983 = CARTESIAN_POINT ( 'NONE',  ( -7.196750994715549687, 7.892367967113674609, 10.70113402231742583 ) ) ;
#6984 =( GEOMETRIC_REPRESENTATION_CONTEXT ( 3 ) GLOBAL_UNCERTAINTY_ASSIGNED_CONTEXT ( ( #1366 ) ) GLOBAL_UNIT_ASSIGNED_CONTEXT ( ( #965, #3492, #7200 ) ) REPRESENTATION_CONTEXT ( 'NONE', 'WORKASPACE' ) );
#6985 = DIRECTION ( 'NONE',  ( 4.011465257279000566E-16, 0.000000000000000000, -1.000000000000000000 ) ) ;
#6986 = LINE ( 'NONE', #10677, #1302 ) ;
#6987 = STYLED_ITEM ( 'NONE', ( #5897 ), #10967 ) ;
#6988 = ITEM_DEFINED_TRANSFORMATION ( 'NONE', 'NONE', #6382,  #3260 ) ;
#6989 = ORIENTED_EDGE ( 'NONE', *, *, #1502, .F. ) ;
#6990 = ADVANCED_FACE ( 'NONE', ( #11749 ), #3441, .F. ) ;
#6991 = ORIENTED_EDGE ( 'NONE', *, *, #1159, .F. ) ;
#6992 = VERTEX_POINT ( 'NONE', #4646 ) ;
#6993 = ORIENTED_EDGE ( 'NONE', *, *, #4166, .T. ) ;
#6994 =( NAMED_UNIT ( * ) PLANE_ANGLE_UNIT ( ) SI_UNIT ( $, .RADIAN. ) );
#6995 = VECTOR ( 'NONE', #3923, 1000.000000000000000 ) ;
#6996 = DIRECTION ( 'NONE',  ( -1.224646799147353207E-16, -1.000000000000000000, 0.000000000000000000 ) ) ;
#6997 = SURFACE_STYLE_USAGE ( .BOTH. , #2200 ) ;
#6998 =( NAMED_UNIT ( * ) SI_UNIT ( $, .STERADIAN. ) SOLID_ANGLE_UNIT ( ) );
#6999 =( NAMED_UNIT ( * ) PLANE_ANGLE_UNIT ( ) SI_UNIT ( $, .RADIAN. ) );
#7000 = DIRECTION ( 'NONE',  ( 0.000000000000000000, -1.000000000000000000, -0.000000000000000000 ) ) ;
#7001 = CARTESIAN_POINT ( 'NONE',  ( 3.250000000000000444, -8.250000000000000000, -3.700000000000000178 ) ) ;
#7002 = DIRECTION ( 'NONE',  ( 0.000000000000000000, 0.000000000000000000, 1.000000000000000000 ) ) ;
#7003 =( GEOMETRIC_REPRESENTATION_CONTEXT ( 3 ) GLOBAL_UNCERTAINTY_ASSIGNED_CONTEXT ( ( #9983 ) ) GLOBAL_UNIT_ASSIGNED_CONTEXT ( ( #3170, #7986, #5237 ) ) REPRESENTATION_CONTEXT ( 'NONE', 'WORKASPACE' ) );
#7004 = AXIS2_PLACEMENT_3D ( 'NONE', #4418, #7218, #2597 ) ;
#7005 = COLOUR_RGB ( '',0.8196078431372548767, 0.8000000000000000444, 0.7529411764705882248 ) ;
#7006 = ORIENTED_EDGE ( 'NONE', *, *, #6945, .F. ) ;
#7007 = LINE ( 'NONE', #3349, #1014 ) ;
#7008 = APPLICATION_CONTEXT ( 'automotive_design' ) ;
#7009 = ORIENTED_EDGE ( 'NONE', *, *, #539, .T. ) ;
#7010 =( NAMED_UNIT ( * ) PLANE_ANGLE_UNIT ( ) SI_UNIT ( $, .RADIAN. ) );
#7011 = DIRECTION ( 'NONE',  ( -1.000000000000000000, 0.000000000000000000, 0.000000000000000000 ) ) ;
#7012 = AXIS2_PLACEMENT_3D ( 'NONE', #2421, #9707, #11578 ) ;
#7013 =( NAMED_UNIT ( * ) SI_UNIT ( $, .STERADIAN. ) SOLID_ANGLE_UNIT ( ) );
#7014 = DIRECTION ( 'NONE',  ( -1.000000000000000000, 0.000000000000000000, 0.000000000000000000 ) ) ;
#7015 = SURFACE_STYLE_FILL_AREA ( #4039 ) ;
#7016 = PRESENTATION_STYLE_ASSIGNMENT (( #1449 ) ) ;
#7017 = STYLED_ITEM ( 'NONE', ( #4570 ), #867 ) ;
#7018 =( NAMED_UNIT ( * ) SI_UNIT ( $, .STERADIAN. ) SOLID_ANGLE_UNIT ( ) );
#7019 = FACE_OUTER_BOUND ( 'NONE', #3556, .T. ) ;
#7020 = EDGE_CURVE ( 'NONE', #5645, #10851, #5219, .T. ) ;
#7021 = EDGE_LOOP ( 'NONE', ( #3671, #3599, #8141, #697 ) ) ;
#7022 = ORIENTED_EDGE ( 'NONE', *, *, #5437, .T. ) ;
#7023 =( GEOMETRIC_REPRESENTATION_CONTEXT ( 3 ) GLOBAL_UNCERTAINTY_ASSIGNED_CONTEXT ( ( #10088 ) ) GLOBAL_UNIT_ASSIGNED_CONTEXT ( ( #8504, #8449, #4564 ) ) REPRESENTATION_CONTEXT ( 'NONE', 'WORKASPACE' ) );
#7024 = MECHANICAL_DESIGN_GEOMETRIC_PRESENTATION_REPRESENTATION (  '', ( #69 ), #6237 ) ;
#7025 = STYLED_ITEM ( 'NONE', ( #2223 ), #10506 ) ;
#7026 = DIRECTION ( 'NONE',  ( 0.000000000000000000, 0.000000000000000000, -1.000000000000000000 ) ) ;
#7027 = DIRECTION ( 'NONE',  ( 0.7071067811865474617, -0.7071067811865474617, -0.000000000000000000 ) ) ;
#7028 = FACE_OUTER_BOUND ( 'NONE', #5353, .T. ) ;
#7029 = FILL_AREA_STYLE_COLOUR ( '', #1818 ) ;
#7030 =( NAMED_UNIT ( * ) PLANE_ANGLE_UNIT ( ) SI_UNIT ( $, .RADIAN. ) );
#7031 = DIRECTION ( 'NONE',  ( 1.000000000000000000, 0.000000000000000000, 2.055968564120999972E-16 ) ) ;
#7032 = DIRECTION ( 'NONE',  ( 0.000000000000000000, 0.000000000000000000, -1.000000000000000000 ) ) ;
#7033 = ORIENTED_EDGE ( 'NONE', *, *, #3926, .T. ) ;
#7034 = VERTEX_POINT ( 'NONE', #9040 ) ;
#7035 = PRESENTATION_LAYER_ASSIGNMENT (  '', '', ( #3134 ) ) ;
#7036 =( GEOMETRIC_REPRESENTATION_CONTEXT ( 3 ) GLOBAL_UNCERTAINTY_ASSIGNED_CONTEXT ( ( #6209 ) ) GLOBAL_UNIT_ASSIGNED_CONTEXT ( ( #10641, #5729, #8788 ) ) REPRESENTATION_CONTEXT ( 'NONE', 'WORKASPACE' ) );
#7037 = CARTESIAN_POINT ( 'NONE',  ( 8.474999999999999645, -2.775557561562999819E-15, 3.200000000000000178 ) ) ;
#7038 =( NAMED_UNIT ( * ) PLANE_ANGLE_UNIT ( ) SI_UNIT ( $, .RADIAN. ) );
#7039 = DIRECTION ( 'NONE',  ( -1.000000000000000000, 0.000000000000000000, 0.000000000000000000 ) ) ;
#7040 = CARTESIAN_POINT ( 'NONE',  ( 0.4249999999999999889, -0.9250000000000000444, 5.000000000000000000 ) ) ;
#7041 = LINE ( 'NONE', #351, #8202 ) ;
#7042 = CARTESIAN_POINT ( 'NONE',  ( -0.3499999999999999778, 8.000000000000000000, 0.000000000000000000 ) ) ;
#7043 = DIRECTION ( 'NONE',  ( 0.000000000000000000, 0.000000000000000000, -1.000000000000000000 ) ) ;
#7044 = PRESENTATION_LAYER_ASSIGNMENT (  '', '', ( #8989 ) ) ;
#7045 = CARTESIAN_POINT ( 'NONE',  ( 8.000000000000000000, -5.599999999999999645, 3.200000000000000178 ) ) ;
#7046 = CARTESIAN_POINT ( 'NONE',  ( -4.567681784173684534, -5.961206636211293208, 5.000000000000000888 ) ) ;
#7047 = VECTOR ( 'NONE', #4007, 1000.000000000000000 ) ;
#7048 = ORIENTED_EDGE ( 'NONE', *, *, #4916, .T. ) ;
#7049 = ORIENTED_EDGE ( 'NONE', *, *, #6973, .T. ) ;
#7050 = ORIENTED_EDGE ( 'NONE', *, *, #3302, .T. ) ;
#7051 = ORIENTED_EDGE ( 'NONE', *, *, #8858, .F. ) ;
#7052 = VECTOR ( 'NONE', #10708, 1000.000000000000000 ) ;
#7053 = LINE ( 'NONE', #6127, #6801 ) ;
#7054 =( LENGTH_UNIT ( ) NAMED_UNIT ( * ) SI_UNIT ( .MILLI., .METRE. ) );
#7055 = DIRECTION ( 'NONE',  ( 0.000000000000000000, -4.011465257279000566E-16, -1.000000000000000000 ) ) ;
#7056 = VECTOR ( 'NONE', #11396, 1000.000000000000000 ) ;
#7057 = SURFACE_STYLE_FILL_AREA ( #1495 ) ;
#7058 = EDGE_CURVE ( 'NONE', #934, #6756, #790, .T. ) ;
#7059 = EDGE_CURVE ( 'NONE', #4944, #2301, #8109, .T. ) ;
#7060 =( LENGTH_UNIT ( ) NAMED_UNIT ( * ) SI_UNIT ( .MILLI., .METRE. ) );
#7061 = FILL_AREA_STYLE_COLOUR ( '', #5020 ) ;
#7062 = FILL_AREA_STYLE_COLOUR ( '', #8064 ) ;
#7063 = CARTESIAN_POINT ( 'NONE',  ( 0.000000000000000000, 0.000000000000000000, 0.000000000000000000 ) ) ;
#7064 = EDGE_LOOP ( 'NONE', ( #3558, #4771 ) ) ;
#7065 = ORIENTED_EDGE ( 'NONE', *, *, #5197, .F. ) ;
#7066 =( NAMED_UNIT ( * ) SI_UNIT ( $, .STERADIAN. ) SOLID_ANGLE_UNIT ( ) );
#7067 = VERTEX_POINT ( 'NONE', #9283 ) ;
#7068 = FACE_OUTER_BOUND ( 'NONE', #7387, .T. ) ;
#7069 = DIRECTION ( 'NONE',  ( -1.000000000000000000, 0.000000000000000000, 0.000000000000000000 ) ) ;
#7070 = FILL_AREA_STYLE_COLOUR ( '', #6712 ) ;
#7071 = SURFACE_STYLE_FILL_AREA ( #7983 ) ;
#7072 = UNCERTAINTY_MEASURE_WITH_UNIT (LENGTH_MEASURE( 1.000000000000000082E-05 ), #5989, 'distance_accuracy_value', 'NONE');
#7073 = SURFACE_STYLE_FILL_AREA ( #4160 ) ;
#7074 = CIRCLE ( 'NONE', #1850, 0.7500000000000006661 ) ;
#7075 = PRODUCT_DEFINITION_SHAPE ( 'NONE', 'NONE',  #11967 ) ;
#7076 = PRESENTATION_STYLE_ASSIGNMENT (( #10651 ) ) ;
#7077 = AXIS2_PLACEMENT_3D ( 'NONE', #6846, #2095, #1328 ) ;
#7078 = EDGE_CURVE ( 'NONE', #9487, #10095, #10280, .T. ) ;
#7079 = UNCERTAINTY_MEASURE_WITH_UNIT (LENGTH_MEASURE( 1.000000000000000082E-05 ), #11013, 'distance_accuracy_value', 'NONE');
#7080 = CARTESIAN_POINT ( 'NONE',  ( 0.4250000000000074274, -0.9249999999999924949, 12.13059553467978624 ) ) ;
#7081 = VECTOR ( 'NONE', #5196, 1000.000000000000000 ) ;
#7082 = CARTESIAN_POINT ( 'NONE',  ( 7.336656314599949269, -7.873312629199898716, 11.00000000000000000 ) ) ;
#7083 = PRESENTATION_STYLE_ASSIGNMENT (( #786 ) ) ;
#7084 = UNCERTAINTY_MEASURE_WITH_UNIT (LENGTH_MEASURE( 1.000000000000000082E-05 ), #10931, 'distance_accuracy_value', 'NONE');
#7085 = SURFACE_STYLE_USAGE ( .BOTH. , #6106 ) ;
#7086 = DIRECTION ( 'NONE',  ( -1.000000000000000000, -0.000000000000000000, 0.000000000000000000 ) ) ;
#7087 = MECHANICAL_DESIGN_GEOMETRIC_PRESENTATION_REPRESENTATION (  '', ( #352 ), #2630 ) ;
#7088 = STYLED_ITEM ( 'NONE', ( #4988 ), #5309 ) ;
#7089 = EDGE_CURVE ( 'NONE', #3335, #1263, #2139, .T. ) ;
#7090 = EDGE_LOOP ( 'NONE', ( #10340, #1674, #10453, #7874, #10766, #4837 ) ) ;
#7091 = SURFACE_STYLE_USAGE ( .BOTH. , #8816 ) ;
#7092 = EDGE_CURVE ( 'NONE', #4917, #11149, #2892, .T. ) ;
#7093 =( LENGTH_UNIT ( ) NAMED_UNIT ( * ) SI_UNIT ( .MILLI., .METRE. ) );
#7094 = CARTESIAN_POINT ( 'NONE',  ( 8.000000000000000000, 0.000000000000000000, 2.600000000000000533 ) ) ;
#7095 = SURFACE_SIDE_STYLE ('',( #2476 ) ) ;
#7096 = CARTESIAN_POINT ( 'NONE',  ( 7.000000000000000000, -6.650000000000000355, 0.000000000000000000 ) ) ;
#7097 = MECHANICAL_DESIGN_GEOMETRIC_PRESENTATION_REPRESENTATION (  '', ( #8874 ), #4982 ) ;
#7098 = STYLED_ITEM ( 'NONE', ( #10016 ), #5407 ) ;
#7099 = SURFACE_STYLE_FILL_AREA ( #2536 ) ;
#7100 = PRESENTATION_STYLE_ASSIGNMENT (( #8007 ) ) ;
#7101 = DIRECTION ( 'NONE',  ( 1.000000000000000000, 0.000000000000000000, -0.000000000000000000 ) ) ;
#7102 = CARTESIAN_POINT ( 'NONE',  ( 6.503659496398396023, -3.755107138214591966, 5.000000000000000000 ) ) ;
#7103 = EDGE_LOOP ( 'NONE', ( #6480, #5143, #7664, #5402 ) ) ;
#7104 = MECHANICAL_DESIGN_GEOMETRIC_PRESENTATION_REPRESENTATION (  '', ( #11150 ), #5735 ) ;
#7105 = PRESENTATION_LAYER_ASSIGNMENT (  '', '', ( #10960 ) ) ;
#7106 = EDGE_LOOP ( 'NONE', ( #8526, #6614, #463, #8412, #10898 ) ) ;
#7107 = ORIENTED_EDGE ( 'NONE', *, *, #4576, .F. ) ;
#7108 = CIRCLE ( 'NONE', #8269, 2.299999999999999822 ) ;
#7109 = VERTEX_POINT ( 'NONE', #8355 ) ;
#7110 = SURFACE_SIDE_STYLE ('',( #8082 ) ) ;
#7111 = FILL_AREA_STYLE ('',( #11594 ) ) ;
#7112 = LINE ( 'NONE', #6187, #6855 ) ;
#7113 = FACE_OUTER_BOUND ( 'NONE', #994, .T. ) ;
#7114 = DIRECTION ( 'NONE',  ( -1.000000000000000000, -1.074409378669999991E-15, 0.000000000000000000 ) ) ;
#7115 = SURFACE_STYLE_FILL_AREA ( #5165 ) ;
#7116 = VECTOR ( 'NONE', #6509, 1000.000000000000000 ) ;
#7117 = DIRECTION ( 'NONE',  ( 1.000000000000000000, -0.000000000000000000, -0.000000000000000000 ) ) ;
#7118 = VECTOR ( 'NONE', #10957, 1000.000000000000000 ) ;
#7119 = DIRECTION ( 'NONE',  ( 1.000000000000000000, 0.000000000000000000, 0.000000000000000000 ) ) ;
#7120 = PRODUCT_CONTEXT ( 'NONE', #9016, 'mechanical' ) ;
#7121 = ORIENTED_EDGE ( 'NONE', *, *, #1647, .T. ) ;
#7122 = FILL_AREA_STYLE ('',( #7173 ) ) ;
#7123 = EDGE_CURVE ( 'NONE', #4535, #4667, #1696, .T. ) ;
#7124 = PRESENTATION_LAYER_ASSIGNMENT (  '', '', ( #4980 ) ) ;
#7125 = ORIENTED_EDGE ( 'NONE', *, *, #4747, .F. ) ;
#7126 = MECHANICAL_DESIGN_GEOMETRIC_PRESENTATION_REPRESENTATION (  '', ( #8283 ), #7901 ) ;
#7127 = DIRECTION ( 'NONE',  ( 0.000000000000000000, 1.000000000000000000, 0.000000000000000000 ) ) ;
#7128 = CARTESIAN_POINT ( 'NONE',  ( 7.196750994715549687, 6.501134022317422989, 12.09236796711367390 ) ) ;
#7129 = FILL_AREA_STYLE ('',( #11734 ) ) ;
#7130 = SURFACE_SIDE_STYLE ('',( #7180 ) ) ;
#7131 = DIRECTION ( 'NONE',  ( 0.000000000000000000, 0.000000000000000000, 1.000000000000000000 ) ) ;
#7132 = FACE_OUTER_BOUND ( 'NONE', #10621, .T. ) ;
#7133 = DIRECTION ( 'NONE',  ( 0.000000000000000000, -1.000000000000000000, -0.000000000000000000 ) ) ;
#7134 = ORIENTED_EDGE ( 'NONE', *, *, #3645, .T. ) ;
#7135 = VERTEX_POINT ( 'NONE', #8295 ) ;
#7136 = DIRECTION ( 'NONE',  ( 0.000000000000000000, 0.000000000000000000, -1.000000000000000000 ) ) ;
#7137 = SURFACE_STYLE_FILL_AREA ( #1568 ) ;
#7138 = LINE ( 'NONE', #1813, #10961 ) ;
#7139 = SURFACE_STYLE_FILL_AREA ( #10945 ) ;
#7140 = CARTESIAN_POINT ( 'NONE',  ( 9.250000000000000000, -2.500000000000000000, 0.8000000000000000444 ) ) ;
#7141 = FILL_AREA_STYLE ('',( #7029 ) ) ;
#7142 = FACE_OUTER_BOUND ( 'NONE', #7064, .T. ) ;
#7143 = PLANE ( 'NONE',  #2698 ) ;
#7144 = PRESENTATION_LAYER_ASSIGNMENT (  '', '', ( #2674 ) ) ;
#7145 = ORIENTED_EDGE ( 'NONE', *, *, #7928, .F. ) ;
#7146 = DIRECTION ( 'NONE',  ( 0.000000000000000000, 0.000000000000000000, -1.000000000000000000 ) ) ;
#7147 = AXIS2_PLACEMENT_3D ( 'NONE', #6058, #4190, #7900 ) ;
#7148 = SURFACE_STYLE_FILL_AREA ( #914 ) ;
#7149 =( NAMED_UNIT ( * ) SI_UNIT ( $, .STERADIAN. ) SOLID_ANGLE_UNIT ( ) );
#7150 = CARTESIAN_POINT ( 'NONE',  ( 11.09999999999999964, -4.250000000000000000, 0.8000000000000000444 ) ) ;
#7151 = SURFACE_STYLE_FILL_AREA ( #9815 ) ;
#7152 = DIRECTION ( 'NONE',  ( 1.000000000000000000, 0.000000000000000000, 0.000000000000000000 ) ) ;
#7153 = STYLED_ITEM ( 'NONE', ( #2290 ), #11483 ) ;
#7154 = APPLICATION_CONTEXT ( 'automotive_design' ) ;
#7155 = CARTESIAN_POINT ( 'NONE',  ( -6.092101100141586123, -4.371037970747827295, 4.999999999999999112 ) ) ;
#7156 = EDGE_CURVE ( 'NONE', #10912, #9194, #3294, .T. ) ;
#7157 = AXIS2_PLACEMENT_3D ( 'NONE', #1608, #2554, #6253 ) ;
#7158 = ORIENTED_EDGE ( 'NONE', *, *, #4166, .F. ) ;
#7159 = VERTEX_POINT ( 'NONE', #5379 ) ;
#7160 = EDGE_LOOP ( 'NONE', ( #2845, #11530, #2486, #11419 ) ) ;
#7161 = ORIENTED_EDGE ( 'NONE', *, *, #3533, .F. ) ;
#7162 = PLANE ( 'NONE',  #3304 ) ;
#7163 = DIRECTION ( 'NONE',  ( 1.000000000000000000, 0.000000000000000000, -0.000000000000000000 ) ) ;
#7164 =( LENGTH_UNIT ( ) NAMED_UNIT ( * ) SI_UNIT ( .MILLI., .METRE. ) );
#7165 = CARTESIAN_POINT ( 'NONE',  ( -4.750000000000000000, 8.000000000000000000, 0.8000000000000000444 ) ) ;
#7166 = PRESENTATION_LAYER_ASSIGNMENT (  '', '', ( #9117 ) ) ;
#7167 = DIRECTION ( 'NONE',  ( 0.000000000000000000, 0.000000000000000000, -1.000000000000000000 ) ) ;
#7168 = CARTESIAN_POINT ( 'NONE',  ( 11.09999999999999964, -4.750000000000000888, 0.8000000000000000444 ) ) ;
#7169 = APPLICATION_PROTOCOL_DEFINITION ( 'draft international standard', 'automotive_design', 1998, #4060 ) ;
#7170 = ORIENTED_EDGE ( 'NONE', *, *, #10725, .T. ) ;
#7171 = VECTOR ( 'NONE', #852, 1000.000000000000000 ) ;
#7172 = ORIENTED_EDGE ( 'NONE', *, *, #2115, .T. ) ;
#7173 = FILL_AREA_STYLE_COLOUR ( '', #7785 ) ;
#7174 = COLOUR_RGB ( '',0.7019607843137254388, 0.7019607843137254388, 0.7019607843137254388 ) ;
#7175 = ORIENTED_EDGE ( 'NONE', *, *, #9118, .T. ) ;
#7176 = LINE ( 'NONE', #5295, #11882 ) ;
#7177 = SURFACE_STYLE_USAGE ( .BOTH. , #11788 ) ;
#7178 = SURFACE_SIDE_STYLE ('',( #393 ) ) ;
#7179 = FILL_AREA_STYLE ('',( #3473 ) ) ;
#7180 = SURFACE_STYLE_FILL_AREA ( #3475 ) ;
#7181 = DIRECTION ( 'NONE',  ( 0.000000000000000000, -1.000000000000000000, -0.000000000000000000 ) ) ;
#7182 = UNCERTAINTY_MEASURE_WITH_UNIT (LENGTH_MEASURE( 1.000000000000000082E-05 ), #920, 'distance_accuracy_value', 'NONE');
#7183 = CARTESIAN_POINT ( 'NONE',  ( -3.000000000000000000, -8.000000000000000000, 0.7500000000000000000 ) ) ;
#7184 = CARTESIAN_POINT ( 'NONE',  ( 11.09999999999999964, 4.250000000000000888, 0.8000000000000000444 ) ) ;
#7185 = AXIS2_PLACEMENT_3D ( 'NONE', #2119, #1344, #11344 ) ;
#7186 = EDGE_CURVE ( 'NONE', #7532, #7067, #9091, .T. ) ;
#7187 = ORIENTED_EDGE ( 'NONE', *, *, #1287, .T. ) ;
#7188 = ORIENTED_EDGE ( 'NONE', *, *, #160, .F. ) ;
#7189 = SURFACE_STYLE_FILL_AREA ( #3240 ) ;
#7190 = PRESENTATION_LAYER_ASSIGNMENT (  '', '', ( #1011 ) ) ;
#7191 =( BOUNDED_CURVE ( )  B_SPLINE_CURVE ( 3, ( #9077, #9962, #4338, #10027 ),
 .UNSPECIFIED., .F., .T. ) 
 B_SPLINE_CURVE_WITH_KNOTS ( ( 4, 4 ),
 ( 0.000000000000000000, 0.5000000000000000000 ),
 .UNSPECIFIED. ) 
 CURVE ( )  GEOMETRIC_REPRESENTATION_ITEM ( )  RATIONAL_B_SPLINE_CURVE ( ( 1.000000000000000000, 0.3333333333333333703, 0.3333333333333333703, 1.000000000000000000 ) ) 
 REPRESENTATION_ITEM ( '' )  );
#7192 = PRESENTATION_LAYER_ASSIGNMENT (  '', '', ( #10484 ) ) ;
#7193 = COLOUR_RGB ( '',0.9137254901960784048, 0.5137254901960783826, 0.1372549019607843257 ) ;
#7194 = STYLED_ITEM ( 'NONE', ( #8493 ), #10237 ) ;
#7195 = PRODUCT_DEFINITION_CONTEXT ( 'detailed design', #3437, 'design' ) ;
#7196 = SURFACE_SIDE_STYLE ('',( #6510 ) ) ;
#7197 = CARTESIAN_POINT ( 'NONE',  ( 10.25000000000000000, -2.500000000000000000, 0.000000000000000000 ) ) ;
#7198 = FILL_AREA_STYLE ('',( #7932 ) ) ;
#7199 = UNCERTAINTY_MEASURE_WITH_UNIT (LENGTH_MEASURE( 1.000000000000000082E-05 ), #1341, 'distance_accuracy_value', 'NONE');
#7200 =( NAMED_UNIT ( * ) SI_UNIT ( $, .STERADIAN. ) SOLID_ANGLE_UNIT ( ) );
#7201 = COLOUR_RGB ( '',0.8196078431372548767, 0.8000000000000000444, 0.7529411764705882248 ) ;
#7202 = ADVANCED_FACE ( 'NONE', ( #88 ), #3748, .F. ) ;
#7203 = EDGE_CURVE ( 'NONE', #8, #8543, #11374, .T. ) ;
#7204 = ORIENTED_EDGE ( 'NONE', *, *, #8096, .T. ) ;
#7205 = LINE ( 'NONE', #6234, #5903 ) ;
#7206 = EDGE_CURVE ( 'NONE', #2016, #3148, #51, .T. ) ;
#7207 = AXIS2_PLACEMENT_3D ( 'NONE', #9833, #7114, #6074 ) ;
#7208 = VECTOR ( 'NONE', #6568, 1000.000000000000000 ) ;
#7209 = STYLED_ITEM ( 'NONE', ( #10991 ), #10612 ) ;
#7210 = LINE ( 'NONE', #10952, #6889 ) ;
#7211 = SURFACE_STYLE_USAGE ( .BOTH. , #4415 ) ;
#7212 = PRESENTATION_STYLE_ASSIGNMENT (( #9812 ) ) ;
#7213 =( GEOMETRIC_REPRESENTATION_CONTEXT ( 3 ) GLOBAL_UNCERTAINTY_ASSIGNED_CONTEXT ( ( #11571 ) ) GLOBAL_UNIT_ASSIGNED_CONTEXT ( ( #10517, #10568, #1305 ) ) REPRESENTATION_CONTEXT ( 'NONE', 'WORKASPACE' ) );
#7214 = DIRECTION ( 'NONE',  ( -1.000000000000000000, 0.000000000000000000, 0.000000000000000000 ) ) ;
#7215 = FACE_OUTER_BOUND ( 'NONE', #7902, .T. ) ;
#7216 = CARTESIAN_POINT ( 'NONE',  ( 2.250000000000000444, 8.000000000000000000, 11.90000000000000036 ) ) ;
#7217 = CARTESIAN_POINT ( 'NONE',  ( 0.7500000000070002892, 11.09999999999999964, 0.8000000000000000444 ) ) ;
#7218 = DIRECTION ( 'NONE',  ( -0.000000000000000000, -0.000000000000000000, 1.000000000000000000 ) ) ;
#7219 = CARTESIAN_POINT ( 'NONE',  ( 7.254714953555198242, -1.940961288264938522, 5.000000000000000000 ) ) ;
#7220 = VERTEX_POINT ( 'NONE', #10297 ) ;
#7221 = MECHANICAL_DESIGN_GEOMETRIC_PRESENTATION_REPRESENTATION (  '', ( #10889 ), #4126 ) ;
#7222 = AXIS2_PLACEMENT_3D ( 'NONE', #3244, #10657, #2353 ) ;
#7223 = ORIENTED_EDGE ( 'NONE', *, *, #1397, .T. ) ;
#7224 = VERTEX_POINT ( 'NONE', #9513 ) ;
#7225 = CARTESIAN_POINT ( 'NONE',  ( 10.59999999999999964, -2.250000000000000444, 9.400000000000000355 ) ) ;
#7226 = LINE ( 'NONE', #9889, #6669 ) ;
#7227 = EDGE_CURVE ( 'NONE', #7956, #11162, #6769, .T. ) ;
#7228 = FACE_OUTER_BOUND ( 'NONE', #10077, .T. ) ;
#7229 = AXIS2_PLACEMENT_3D ( 'NONE', #10845, #7043, #5150 ) ;
#7230 =( NAMED_UNIT ( * ) SI_UNIT ( $, .STERADIAN. ) SOLID_ANGLE_UNIT ( ) );
#7231 = AXIS2_PLACEMENT_3D ( 'NONE', #4260, #9895, #10069 ) ;
#7232 = CARTESIAN_POINT ( 'NONE',  ( 5.599999999999999645, 8.949999999999999289, 0.000000000000000000 ) ) ;
#7233 =( LENGTH_UNIT ( ) NAMED_UNIT ( * ) SI_UNIT ( .MILLI., .METRE. ) );
#7234 = CARTESIAN_POINT ( 'NONE',  ( -4.250000000000000000, 10.59999999999999964, 7.900000000007000089 ) ) ;
#7235 = PRODUCT_CONTEXT ( 'NONE', #4060, 'mechanical' ) ;
#7236 = AXIS2_PLACEMENT_3D ( 'NONE', #1451, #2224, #1259 ) ;
#7237 = ORIENTED_EDGE ( 'NONE', *, *, #5520, .F. ) ;
#7238 = SURFACE_STYLE_FILL_AREA ( #883 ) ;
#7239 = COLOUR_RGB ( '',0.7019607843137254388, 0.7019607843137254388, 0.7019607843137254388 ) ;
#7240 = ORIENTED_EDGE ( 'NONE', *, *, #311, .F. ) ;
#7241 = AXIS2_PLACEMENT_3D ( 'NONE', #7336, #2752, #10250 ) ;
#7242 = ADVANCED_FACE ( 'NONE', ( #10353 ), #2039, .T. ) ;
#7243 = DIRECTION ( 'NONE',  ( 1.000000000000000000, 1.387778780781445873E-15, 0.000000000000000000 ) ) ;
#7244 = CARTESIAN_POINT ( 'NONE',  ( 3.000000000000000000, -7.950000000000000178, 0.7500000000000000000 ) ) ;
#7245 = PRESENTATION_STYLE_ASSIGNMENT (( #4389 ) ) ;
#7246 = PLANE ( 'NONE',  #7489 ) ;
#7247 =( NAMED_UNIT ( * ) PLANE_ANGLE_UNIT ( ) SI_UNIT ( $, .RADIAN. ) );
#7248 = DIRECTION ( 'NONE',  ( 1.000000000000000000, 0.000000000000000000, 0.000000000000000000 ) ) ;
#7249 = DIRECTION ( 'NONE',  ( -1.000000000000000000, 0.000000000000000000, 0.000000000000000000 ) ) ;
#7250 = COLOUR_RGB ( '',0.7019607843137254388, 0.7019607843137254388, 0.7019607843137254388 ) ;
#7251 = EDGE_LOOP ( 'NONE', ( #1901, #700, #7860, #1119 ) ) ;
#7252 = VERTEX_POINT ( 'NONE', #1261 ) ;
#7253 = CARTESIAN_POINT ( 'NONE',  ( 9.750000000000000000, 0.000000000000000000, -3.700000000000000178 ) ) ;
#7254 = VECTOR ( 'NONE', #1612, 1000.000000000000000 ) ;
#7255 = AXIS2_PLACEMENT_3D ( 'NONE', #9059, #752, #4428 ) ;
#7256 = PRODUCT_RELATED_PRODUCT_CATEGORY ( 'part', '', ( #2893 ) ) ;
#7257 = SURFACE_SIDE_STYLE ('',( #2132 ) ) ;
#7258 = SURFACE_SIDE_STYLE ('',( #4527 ) ) ;
#7259 = DIRECTION ( 'NONE',  ( 0.000000000000000000, 0.000000000000000000, -1.000000000000000000 ) ) ;
#7260 = FACE_OUTER_BOUND ( 'NONE', #1862, .T. ) ;
#7261 = CARTESIAN_POINT ( 'NONE',  ( 9.750000000000000000, -2.500000000000000000, 0.8000000000000000444 ) ) ;
#7262 = PRESENTATION_STYLE_ASSIGNMENT (( #9861 ) ) ;
#7263 =( LENGTH_UNIT ( ) NAMED_UNIT ( * ) SI_UNIT ( .MILLI., .METRE. ) );
#7264 =( GEOMETRIC_REPRESENTATION_CONTEXT ( 3 ) GLOBAL_UNCERTAINTY_ASSIGNED_CONTEXT ( ( #11413 ) ) GLOBAL_UNIT_ASSIGNED_CONTEXT ( ( #743, #6814, #3386 ) ) REPRESENTATION_CONTEXT ( 'NONE', 'WORKASPACE' ) );
#7265 = DIRECTION ( 'NONE',  ( -1.000000000000000000, 0.000000000000000000, 0.000000000000000000 ) ) ;
#7266 = ORIENTED_EDGE ( 'NONE', *, *, #5780, .T. ) ;
#7267 = LINE ( 'NONE', #3498, #2984 ) ;
#7268 = SHAPE_REPRESENTATION ( 'COMPOUND001', ( #3260 ), #9481 ) ;
#7269 = PRESENTATION_LAYER_ASSIGNMENT (  '', '', ( #7861 ) ) ;
#7270 = PRODUCT ( 'COMPOUND008', 'COMPOUND008', '', ( #7120 ) ) ;
#7271 = EDGE_CURVE ( 'NONE', #9209, #6433, #8483, .T. ) ;
#7272 = FILL_AREA_STYLE_COLOUR ( '', #7595 ) ;
#7273 =( NAMED_UNIT ( * ) PLANE_ANGLE_UNIT ( ) SI_UNIT ( $, .RADIAN. ) );
#7274 =( LENGTH_UNIT ( ) NAMED_UNIT ( * ) SI_UNIT ( .MILLI., .METRE. ) );
#7275 = LINE ( 'NONE', #3639, #11516 ) ;
#7276 = FILL_AREA_STYLE ('',( #2755 ) ) ;
#7277 = FACE_OUTER_BOUND ( 'NONE', #3285, .T. ) ;
#7278 = AXIS2_PLACEMENT_3D ( 'NONE', #5782, #11063, #6524 ) ;
#7279 = CARTESIAN_POINT ( 'NONE',  ( -1.217453371264746842, -7.398544503569530306, 5.000000000000003553 ) ) ;
#7280 = ORIENTED_EDGE ( 'NONE', *, *, #6011, .T. ) ;
#7281 = EDGE_LOOP ( 'NONE', ( #6369, #933, #4915, #4125 ) ) ;
#7282 = ORIENTED_EDGE ( 'NONE', *, *, #262, .T. ) ;
#7283 = SURFACE_STYLE_FILL_AREA ( #11963 ) ;
#7284 = DIRECTION ( 'NONE',  ( -1.000000000000000000, 0.000000000000000000, 0.000000000000000000 ) ) ;
#7285 = FILL_AREA_STYLE ('',( #6185 ) ) ;
#7286 = MECHANICAL_DESIGN_GEOMETRIC_PRESENTATION_REPRESENTATION (  '', ( #9439 ), #4587 ) ;
#7287 = ADVANCED_FACE ( 'NONE', ( #1195 ), #11315, .T. ) ;
#7288 = PRESENTATION_STYLE_ASSIGNMENT (( #8196 ) ) ;
#7289 =( LENGTH_UNIT ( ) NAMED_UNIT ( * ) SI_UNIT ( .MILLI., .METRE. ) );
#7290 = SURFACE_SIDE_STYLE ('',( #6373 ) ) ;
#7291 = SURFACE_STYLE_FILL_AREA ( #3407 ) ;
#7292 = SURFACE_SIDE_STYLE ('',( #5223 ) ) ;
#7293 = SURFACE_STYLE_USAGE ( .BOTH. , #822 ) ;
#7294 = CIRCLE ( 'NONE', #1687, 0.5000000000000000000 ) ;
#7295 = PRODUCT_CONTEXT ( 'NONE', #4520, 'mechanical' ) ;
#7296 = COLOUR_RGB ( '',0.8196078431372548767, 0.8000000000000000444, 0.7529411764705882248 ) ;
#7297 = MECHANICAL_DESIGN_GEOMETRIC_PRESENTATION_REPRESENTATION (  '', ( #10397 ), #6497 ) ;
#7298 = ORIENTED_EDGE ( 'NONE', *, *, #4059, .F. ) ;
#7299 = DIRECTION ( 'NONE',  ( -1.000000000000000000, 0.000000000000000000, -1.068654344540000075E-12 ) ) ;
#7300 = ORIENTED_EDGE ( 'NONE', *, *, #2641, .F. ) ;
#7301 = CARTESIAN_POINT ( 'NONE',  ( 4.750000000000000888, 8.775000000000000355, 9.400000000000000355 ) ) ;
#7302 = CARTESIAN_POINT ( 'NONE',  ( 8.000000000000000000, -2.250000000000000444, 11.90000000000000036 ) ) ;
#7303 = EDGE_CURVE ( 'NONE', #1249, #6957, #10644, .T. ) ;
#7304 = CARTESIAN_POINT ( 'NONE',  ( 5.599999999999999645, -8.949999999999999289, 2.600000000000000533 ) ) ;
#7305 = CIRCLE ( 'NONE', #5167, 0.5000000000000004441 ) ;
#7306 = SURFACE_STYLE_USAGE ( .BOTH. , #10879 ) ;
#7307 = SURFACE_STYLE_USAGE ( .BOTH. , #3424 ) ;
#7308 = CARTESIAN_POINT ( 'NONE',  ( -7.500000000000000000, 7.500000000000000000, 2.600000000000000533 ) ) ;
#7309 = UNCERTAINTY_MEASURE_WITH_UNIT (LENGTH_MEASURE( 1.000000000000000082E-05 ), #549, 'distance_accuracy_value', 'NONE');
#7310 = ADVANCED_BREP_SHAPE_REPRESENTATION ( '', ( #7402, #3260 ), #7352 ) ;
#7311 = SURFACE_SIDE_STYLE ('',( #3611 ) ) ;
#7312 = ORIENTED_EDGE ( 'NONE', *, *, #5923, .T. ) ;
#7313 =( LENGTH_UNIT ( ) NAMED_UNIT ( * ) SI_UNIT ( .MILLI., .METRE. ) );
#7314 = ADVANCED_FACE ( 'NONE', ( #3360 ), #9850, .T. ) ;
#7315 = VERTEX_POINT ( 'NONE', #9688 ) ;
#7316 = EDGE_CURVE ( 'NONE', #3265, #3465, #10076, .T. ) ;
#7317 = VERTEX_POINT ( 'NONE', #9632 ) ;
#7318 = CARTESIAN_POINT ( 'NONE',  ( 5.599999999999999645, -8.949999999999999289, 0.000000000000000000 ) ) ;
#7319 = EDGE_LOOP ( 'NONE', ( #3147, #299, #3587, #3527 ) ) ;
#7320 = ADVANCED_FACE ( 'NONE', ( #7019 ), #1380, .F. ) ;
#7321 = UNCERTAINTY_MEASURE_WITH_UNIT (LENGTH_MEASURE( 1.000000000000000082E-05 ), #2995, 'distance_accuracy_value', 'NONE');
#7322 = CARTESIAN_POINT ( 'NONE',  ( 10.59999999999999964, 5.551115123125999639E-16, 7.150000000000000355 ) ) ;
#7323 = CARTESIAN_POINT ( 'NONE',  ( 8.949999999999999289, -5.599999999999999645, 3.200000000000000178 ) ) ;
#7324 = PRESENTATION_STYLE_ASSIGNMENT (( #5487 ) ) ;
#7325 = UNCERTAINTY_MEASURE_WITH_UNIT (LENGTH_MEASURE( 1.000000000000000082E-05 ), #7640, 'distance_accuracy_value', 'NONE');
#7326 = DIRECTION ( 'NONE',  ( 1.000000000000000000, 0.000000000000000000, -0.000000000000000000 ) ) ;
#7327 = VERTEX_POINT ( 'NONE', #4106 ) ;
#7328 = PRESENTATION_STYLE_ASSIGNMENT (( #6590 ) ) ;
#7329 =( REPRESENTATION_RELATIONSHIP ('NONE','NONE', #2998, #10529 ) REPRESENTATION_RELATIONSHIP_WITH_TRANSFORMATION ( #11096 )SHAPE_REPRESENTATION_RELATIONSHIP( ) );
#7330 = DIRECTION ( 'NONE',  ( -1.000000000000000000, -0.000000000000000000, 0.000000000000000000 ) ) ;
#7331 = ADVANCED_FACE ( 'NONE', ( #9797 ), #8909, .T. ) ;
#7332 = FILL_AREA_STYLE_COLOUR ( '', #11451 ) ;
#7333 =( NAMED_UNIT ( * ) PLANE_ANGLE_UNIT ( ) SI_UNIT ( $, .RADIAN. ) );
#7334 = PRESENTATION_STYLE_ASSIGNMENT (( #9101 ) ) ;
#7335 = CARTESIAN_POINT ( 'NONE',  ( -5.551115123125999639E-16, 11.09999999999999964, 7.150000000000000355 ) ) ;
#7336 = CARTESIAN_POINT ( 'NONE',  ( -4.250000000000000000, 11.09999999999999964, 6.399999999998000177 ) ) ;
#7337 = SURFACE_SIDE_STYLE ('',( #11951 ) ) ;
#7338 = DIRECTION ( 'NONE',  ( -1.000000000000000000, 0.000000000000000000, 0.000000000000000000 ) ) ;
#7339 = PRESENTATION_STYLE_ASSIGNMENT (( #11955 ) ) ;
#7340 = CARTESIAN_POINT ( 'NONE',  ( -6.799999999999999822, 6.799999999999999822, 11.00000000000000000 ) ) ;
#7341 = PRESENTATION_STYLE_ASSIGNMENT (( #6363 ) ) ;
#7342 = EDGE_CURVE ( 'NONE', #6560, #2125, #6272, .T. ) ;
#7343 = PRESENTATION_STYLE_ASSIGNMENT (( #930 ) ) ;
#7344 = ADVANCED_FACE ( 'NONE', ( #7132 ), #11862, .T. ) ;
#7345 = STYLED_ITEM ( 'NONE', ( #11467 ), #11880 ) ;
#7346 = EDGE_CURVE ( 'NONE', #2685, #6216, #2438, .T. ) ;
#7347 = VERTEX_POINT ( 'NONE', #1429 ) ;
#7348 = ORIENTED_EDGE ( 'NONE', *, *, #10131, .T. ) ;
#7349 = SURFACE_SIDE_STYLE ('',( #7283 ) ) ;
#7350 =( LENGTH_UNIT ( ) NAMED_UNIT ( * ) SI_UNIT ( .MILLI., .METRE. ) );
#7351 = CARTESIAN_POINT ( 'NONE',  ( -8.000000000000000000, 4.000000000000000000, 11.00000000000000000 ) ) ;
#7352 =( GEOMETRIC_REPRESENTATION_CONTEXT ( 3 ) GLOBAL_UNCERTAINTY_ASSIGNED_CONTEXT ( ( #8663 ) ) GLOBAL_UNIT_ASSIGNED_CONTEXT ( ( #5125, #3300, #11681 ) ) REPRESENTATION_CONTEXT ( 'NONE', 'WORKASPACE' ) );
#7353 = FILL_AREA_STYLE ('',( #5574 ) ) ;
#7354 = PRESENTATION_STYLE_ASSIGNMENT (( #11158 ) ) ;
#7355 = EDGE_CURVE ( 'NONE', #7940, #9177, #2316, .T. ) ;
#7356 = EDGE_CURVE ( 'NONE', #1001, #10422, #5280, .T. ) ;
#7357 = FILL_AREA_STYLE_COLOUR ( '', #2803 ) ;
#7358 = EDGE_CURVE ( 'NONE', #11058, #7610, #4373, .T. ) ;
#7359 = APPLICATION_PROTOCOL_DEFINITION ( 'draft international standard', 'automotive_design', 1998, #2198 ) ;
#7360 = ORIENTED_EDGE ( 'NONE', *, *, #8614, .F. ) ;
#7361 = AXIS2_PLACEMENT_3D ( 'NONE', #4030, #8655, #4267 ) ;
#7362 = ORIENTED_EDGE ( 'NONE', *, *, #10849, .F. ) ;
#7363 = AXIS2_PLACEMENT_3D ( 'NONE', #2506, #8043, #6333 ) ;
#7364 = EDGE_LOOP ( 'NONE', ( #8847, #8226, #2435, #6183 ) ) ;
#7365 = PLANE ( 'NONE',  #4142 ) ;
#7366 = PRESENTATION_LAYER_ASSIGNMENT (  '', '', ( #1160 ) ) ;
#7367 = FILL_AREA_STYLE ('',( #1676 ) ) ;
#7368 = MECHANICAL_DESIGN_GEOMETRIC_PRESENTATION_REPRESENTATION (  '', ( #4647 ), #11421 ) ;
#7369 = CARTESIAN_POINT ( 'NONE',  ( 2.250000000000000444, 11.09999999999999964, 11.40000000000000036 ) ) ;
#7370 = PRESENTATION_STYLE_ASSIGNMENT (( #7306 ) ) ;
#7371 = SURFACE_SIDE_STYLE ('',( #2788 ) ) ;
#7372 = FILL_AREA_STYLE_COLOUR ( '', #684 ) ;
#7373 =( LENGTH_UNIT ( ) NAMED_UNIT ( * ) SI_UNIT ( .MILLI., .METRE. ) );
#7374 = CIRCLE ( 'NONE', #7758, 1.199999999999999734 ) ;
#7375 = ORIENTED_EDGE ( 'NONE', *, *, #9731, .T. ) ;
#7376 = AXIS2_PLACEMENT_3D ( 'NONE', #5218, #5103, #647 ) ;
#7377 = ORIENTED_EDGE ( 'NONE', *, *, #11768, .F. ) ;
#7378 = ORIENTED_EDGE ( 'NONE', *, *, #10596, .F. ) ;
#7379 =( NAMED_UNIT ( * ) PLANE_ANGLE_UNIT ( ) SI_UNIT ( $, .RADIAN. ) );
#7380 = VECTOR ( 'NONE', #3687, 1000.000000000000000 ) ;
#7381 = VECTOR ( 'NONE', #2254, 1000.000000000000000 ) ;
#7382 = ADVANCED_FACE ( 'NONE', ( #702 ), #7162, .T. ) ;
#7383 = SURFACE_STYLE_USAGE ( .BOTH. , #6344 ) ;
#7384 = DIRECTION ( 'NONE',  ( 0.000000000000000000, 1.000000000000000000, 0.000000000000000000 ) ) ;
#7385 = SURFACE_STYLE_USAGE ( .BOTH. , #7446 ) ;
#7386 =( NAMED_UNIT ( * ) SI_UNIT ( $, .STERADIAN. ) SOLID_ANGLE_UNIT ( ) );
#7387 = EDGE_LOOP ( 'NONE', ( #5939, #9790, #7813, #10936 ) ) ;
#7388 = DIRECTION ( 'NONE',  ( 0.000000000000000000, 0.000000000000000000, -1.000000000000000000 ) ) ;
#7389 = AXIS2_PLACEMENT_3D ( 'NONE', #4374, #6371, #7163 ) ;
#7390 = AXIS2_PLACEMENT_3D ( 'NONE', #7183, #10885, #2505 ) ;
#7391 = CARTESIAN_POINT ( 'NONE',  ( -0.7500000000070308204, 10.59999999999999964, 4.142093751462745388 ) ) ;
#7392 = CIRCLE ( 'NONE', #68, 0.7499999999999997780 ) ;
#7393 = MECHANICAL_DESIGN_GEOMETRIC_PRESENTATION_REPRESENTATION (  '', ( #10857 ), #2346 ) ;
#7394 = AXIS2_PLACEMENT_3D ( 'NONE', #7461, #5616, #974 ) ;
#7395 = APPLICATION_CONTEXT ( 'automotive_design' ) ;
#7396 = FILL_AREA_STYLE ('',( #21 ) ) ;
#7397 = SURFACE_SIDE_STYLE ('',( #3860 ) ) ;
#7398 = CARTESIAN_POINT ( 'NONE',  ( 0.5749999999999999556, -0.7750000000000001332, 5.000000000000000000 ) ) ;
#7399 = AXIS2_PLACEMENT_3D ( 'NONE', #10902, #5145, #2422 ) ;
#7400 = CARTESIAN_POINT ( 'NONE',  ( -3.007906248538765315, 10.59999999999999964, 6.399999999999029576 ) ) ;
#7401 =( LENGTH_UNIT ( ) NAMED_UNIT ( * ) SI_UNIT ( .MILLI., .METRE. ) );
#7402 = MANIFOLD_SOLID_BREP ( 'Imported1', #10923 ) ;
#7403 = STYLED_ITEM ( 'NONE', ( #3633 ), #7583 ) ;
#7404 = LINE ( 'NONE', #3511, #11129 ) ;
#7405 = MECHANICAL_DESIGN_GEOMETRIC_PRESENTATION_REPRESENTATION (  '', ( #8777 ), #10099 ) ;
#7406 =( GEOMETRIC_REPRESENTATION_CONTEXT ( 3 ) GLOBAL_UNCERTAINTY_ASSIGNED_CONTEXT ( ( #7810 ) ) GLOBAL_UNIT_ASSIGNED_CONTEXT ( ( #1117, #2019, #7665 ) ) REPRESENTATION_CONTEXT ( 'NONE', 'WORKASPACE' ) );
#7407 = VECTOR ( 'NONE', #2820, 1000.000000000000000 ) ;
#7408 = VECTOR ( 'NONE', #6475, 1000.000000000000000 ) ;
#7409 = ORIENTED_EDGE ( 'NONE', *, *, #2749, .F. ) ;
#7410 = STYLED_ITEM ( 'NONE', ( #5648 ), #7762 ) ;
#7411 = ORIENTED_EDGE ( 'NONE', *, *, #10486, .T. ) ;
#7412 = ORIENTED_EDGE ( 'NONE', *, *, #857, .T. ) ;
#7413 = AXIS2_PLACEMENT_3D ( 'NONE', #6686, #3835, #8581 ) ;
#7414 = MECHANICAL_DESIGN_GEOMETRIC_PRESENTATION_REPRESENTATION (  '', ( #651 ), #3914 ) ;
#7415 = ORIENTED_EDGE ( 'NONE', *, *, #7718, .T. ) ;
#7416 = PRODUCT_RELATED_PRODUCT_CATEGORY ( 'part', '', ( #3482 ) ) ;
#7417 = DIRECTION ( 'NONE',  ( 0.000000000000000000, -0.000000000000000000, 1.000000000000000000 ) ) ;
#7418 = SURFACE_STYLE_USAGE ( .BOTH. , #6549 ) ;
#7419 = SURFACE_STYLE_USAGE ( .BOTH. , #11210 ) ;
#7420 = FILL_AREA_STYLE ('',( #1949 ) ) ;
#7421 = DIRECTION ( 'NONE',  ( 0.000000000000000000, -1.000000000000000000, 0.000000000000000000 ) ) ;
#7422 = COLOUR_RGB ( '',0.8196078431372548767, 0.8000000000000000444, 0.7529411764705882248 ) ;
#7423 = COLOUR_RGB ( '',0.9137254901960784048, 0.5137254901960783826, 0.1372549019607843257 ) ;
#7424 = VERTEX_POINT ( 'NONE', #6065 ) ;
#7425 = ORIENTED_EDGE ( 'NONE', *, *, #7123, .F. ) ;
#7426 = ORIENTED_EDGE ( 'NONE', *, *, #6068, .F. ) ;
#7427 = FILL_AREA_STYLE ('',( #10216 ) ) ;
#7428 = ADVANCED_FACE ( 'NONE', ( #5211 ), #11297, .T. ) ;
#7429 = SURFACE_STYLE_FILL_AREA ( #1567 ) ;
#7430 = VECTOR ( 'NONE', #10581, 1000.000000000000000 ) ;
#7431 = PRESENTATION_LAYER_ASSIGNMENT (  '', '', ( #5864 ) ) ;
#7432 =( NAMED_UNIT ( * ) PLANE_ANGLE_UNIT ( ) SI_UNIT ( $, .RADIAN. ) );
#7433 = UNCERTAINTY_MEASURE_WITH_UNIT (LENGTH_MEASURE( 1.000000000000000082E-05 ), #4628, 'distance_accuracy_value', 'NONE');
#7434 = SURFACE_STYLE_USAGE ( .BOTH. , #3970 ) ;
#7435 =( NAMED_UNIT ( * ) PLANE_ANGLE_UNIT ( ) SI_UNIT ( $, .RADIAN. ) );
#7436 = EDGE_LOOP ( 'NONE', ( #11741, #235, #9974, #5722 ) ) ;
#7437 = DIRECTION ( 'NONE',  ( -0.8164965809277261455, -0.4082482904638630727, -0.4082482904638630727 ) ) ;
#7438 = ORIENTED_EDGE ( 'NONE', *, *, #10368, .T. ) ;
#7439 = UNCERTAINTY_MEASURE_WITH_UNIT (LENGTH_MEASURE( 1.000000000000000082E-05 ), #7797, 'distance_accuracy_value', 'NONE');
#7440 = STYLED_ITEM ( 'NONE', ( #7555 ), #4289 ) ;
#7441 = FACE_OUTER_BOUND ( 'NONE', #4136, .T. ) ;
#7442 = LINE ( 'NONE', #2862, #3420 ) ;
#7443 = FACE_OUTER_BOUND ( 'NONE', #8223, .T. ) ;
#7444 = DIRECTION ( 'NONE',  ( -1.000000000000000000, 0.000000000000000000, 0.000000000000000000 ) ) ;
#7445 = VECTOR ( 'NONE', #4543, 1000.000000000000000 ) ;
#7446 = SURFACE_SIDE_STYLE ('',( #11247 ) ) ;
#7447 = AXIS2_PLACEMENT_3D ( 'NONE', #9233, #4832, #280 ) ;
#7448 = UNCERTAINTY_MEASURE_WITH_UNIT (LENGTH_MEASURE( 1.000000000000000082E-05 ), #2008, 'distance_accuracy_value', 'NONE');
#7449 = ORIENTED_EDGE ( 'NONE', *, *, #7842, .T. ) ;
#7450 = LINE ( 'NONE', #8172, #1492 ) ;
#7451 = AXIS2_PLACEMENT_3D ( 'NONE', #1497, #6003, #4925 ) ;
#7452 = FILL_AREA_STYLE_COLOUR ( '', #11328 ) ;
#7453 = EDGE_CURVE ( 'NONE', #7067, #1472, #1774, .T. ) ;
#7454 = CARTESIAN_POINT ( 'NONE',  ( 0.000000000000000000, 0.9250000000000000444, 19.40000000000000213 ) ) ;
#7455 =( LENGTH_UNIT ( ) NAMED_UNIT ( * ) SI_UNIT ( .MILLI., .METRE. ) );
#7456 = FACE_OUTER_BOUND ( 'NONE', #8887, .T. ) ;
#7457 = EDGE_CURVE ( 'NONE', #9147, #6992, #7587, .T. ) ;
#7458 = CARTESIAN_POINT ( 'NONE',  ( 11.09999999999999964, 4.250000000000000000, 9.400000000000000355 ) ) ;
#7459 = DIRECTION ( 'NONE',  ( 0.000000000000000000, 0.000000000000000000, -1.000000000000000000 ) ) ;
#7460 =( LENGTH_UNIT ( ) NAMED_UNIT ( * ) SI_UNIT ( .MILLI., .METRE. ) );
#7461 = CARTESIAN_POINT ( 'NONE',  ( 9.750000000000000000, 2.500000000000000000, -3.700000000000000178 ) ) ;
#7462 = MANIFOLD_SOLID_BREP ( 'Imported1', #10357 ) ;
#7463 = CARTESIAN_POINT ( 'NONE',  ( 0.4249999999999999889, 0.9250000000000000444, 5.000000000000000000 ) ) ;
#7464 = PRESENTATION_STYLE_ASSIGNMENT (( #11265 ) ) ;
#7465 = CIRCLE ( 'NONE', #7255, 0.7499999999999997780 ) ;
#7466 = DIRECTION ( 'NONE',  ( -0.000000000000000000, -0.000000000000000000, 1.000000000000000000 ) ) ;
#7467 = FILL_AREA_STYLE ('',( #11200 ) ) ;
#7468 =( NAMED_UNIT ( * ) PLANE_ANGLE_UNIT ( ) SI_UNIT ( $, .RADIAN. ) );
#7469 = DIRECTION ( 'NONE',  ( -1.000000000000000000, -0.000000000000000000, 0.000000000000000000 ) ) ;
#7470 = EDGE_CURVE ( 'NONE', #2635, #9680, #404, .T. ) ;
#7471 =( GEOMETRIC_REPRESENTATION_CONTEXT ( 3 ) GLOBAL_UNCERTAINTY_ASSIGNED_CONTEXT ( ( #307 ) ) GLOBAL_UNIT_ASSIGNED_CONTEXT ( ( #5712, #189, #2078 ) ) REPRESENTATION_CONTEXT ( 'NONE', 'WORKASPACE' ) );
#7472 = ORIENTED_EDGE ( 'NONE', *, *, #8358, .F. ) ;
#7473 = ADVANCED_FACE ( 'NONE', ( #6251 ), #8627, .F. ) ;
#7474 = ORIENTED_EDGE ( 'NONE', *, *, #3363, .T. ) ;
#7475 = ORIENTED_EDGE ( 'NONE', *, *, #2144, .T. ) ;
#7476 = ORIENTED_EDGE ( 'NONE', *, *, #5545, .T. ) ;
#7477 = FILL_AREA_STYLE_COLOUR ( '', #5045 ) ;
#7478 = PLANE ( 'NONE',  #6005 ) ;
#7479 = DIRECTION ( 'NONE',  ( 0.000000000000000000, 0.000000000000000000, 1.000000000000000000 ) ) ;
#7480 = ADVANCED_FACE ( 'NONE', ( #9875 ), #10554, .T. ) ;
#7481 = CARTESIAN_POINT ( 'NONE',  ( -2.500000000000000000, -13.44999999999999929, 4.200000000000000178 ) ) ;
#7482 = FILL_AREA_STYLE_COLOUR ( '', #11092 ) ;
#7483 = CARTESIAN_POINT ( 'NONE',  ( -7.492820323027549634, -7.492820323027549634, 11.69282032302755248 ) ) ;
#7484 = PLANE ( 'NONE',  #11834 ) ;
#7485 = PRODUCT_DEFINITION_SHAPE ( 'NONE', 'NONE',  #5466 ) ;
#7486 = SURFACE_STYLE_FILL_AREA ( #9251 ) ;
#7487 = APPLICATION_PROTOCOL_DEFINITION ( 'draft international standard', 'automotive_design', 1998, #10093 ) ;
#7488 = ORIENTED_EDGE ( 'NONE', *, *, #3347, .F. ) ;
#7489 = AXIS2_PLACEMENT_3D ( 'NONE', #8335, #1854, #9319 ) ;
#7490 = ORIENTED_EDGE ( 'NONE', *, *, #9, .T. ) ;
#7491 = SURFACE_SIDE_STYLE ('',( #2780 ) ) ;
#7492 = AXIS2_PLACEMENT_3D ( 'NONE', #5892, #10697, #6196 ) ;
#7493 = ORIENTED_EDGE ( 'NONE', *, *, #11381, .T. ) ;
#7494 = FILL_AREA_STYLE ('',( #3026 ) ) ;
#7495 = CARTESIAN_POINT ( 'NONE',  ( 4.750000000000000000, 8.000000000000000000, 2.600000000000000533 ) ) ;
#7496 = LINE ( 'NONE', #11170, #2151 ) ;
#7497 = FACE_OUTER_BOUND ( 'NONE', #6263, .T. ) ;
#7498 = SURFACE_STYLE_USAGE ( .BOTH. , #5534 ) ;
#7499 = SURFACE_SIDE_STYLE ('',( #9321 ) ) ;
#7500 =( GEOMETRIC_REPRESENTATION_CONTEXT ( 3 ) GLOBAL_UNCERTAINTY_ASSIGNED_CONTEXT ( ( #9756 ) ) GLOBAL_UNIT_ASSIGNED_CONTEXT ( ( #2400, #11611, #4157 ) ) REPRESENTATION_CONTEXT ( 'NONE', 'WORKASPACE' ) );
#7501 = FACE_OUTER_BOUND ( 'NONE', #9854, .T. ) ;
#7502 = DIRECTION ( 'NONE',  ( 0.000000000000000000, 0.000000000000000000, 1.000000000000000000 ) ) ;
#7503 = EDGE_CURVE ( 'NONE', #3709, #7610, #11638, .T. ) ;
#7504 = VERTEX_POINT ( 'NONE', #5264 ) ;
#7505 = CARTESIAN_POINT ( 'NONE',  ( 7.110432735250378222, 2.416795097121754665, 5.000000000000000000 ) ) ;
#7506 = AXIS2_PLACEMENT_3D ( 'NONE', #10751, #8889, #2440 ) ;
#7507 = VERTEX_POINT ( 'NONE', #10613 ) ;
#7508 = SURFACE_STYLE_USAGE ( .BOTH. , #1252 ) ;
#7509 =( GEOMETRIC_REPRESENTATION_CONTEXT ( 3 ) GLOBAL_UNCERTAINTY_ASSIGNED_CONTEXT ( ( #535 ) ) GLOBAL_UNIT_ASSIGNED_CONTEXT ( ( #6343, #1743, #2468 ) ) REPRESENTATION_CONTEXT ( 'NONE', 'WORKASPACE' ) );
#7510 = LINE ( 'NONE', #4589, #1205 ) ;
#7511 =( NAMED_UNIT ( * ) PLANE_ANGLE_UNIT ( ) SI_UNIT ( $, .RADIAN. ) );
#7512 = DIRECTION ( 'NONE',  ( 0.000000000000000000, 0.000000000000000000, -1.000000000000000000 ) ) ;
#7513 =( LENGTH_UNIT ( ) NAMED_UNIT ( * ) SI_UNIT ( .MILLI., .METRE. ) );
#7514 =( LENGTH_UNIT ( ) NAMED_UNIT ( * ) SI_UNIT ( .MILLI., .METRE. ) );
#7515 = DIRECTION ( 'NONE',  ( -1.000000000000000000, -0.000000000000000000, 0.000000000000000000 ) ) ;
#7516 =( NAMED_UNIT ( * ) PLANE_ANGLE_UNIT ( ) SI_UNIT ( $, .RADIAN. ) );
#7517 = AXIS2_PLACEMENT_3D ( 'NONE', #1943, #7479, #6548 ) ;
#7518 = ORIENTED_EDGE ( 'NONE', *, *, #3241, .F. ) ;
#7519 = CARTESIAN_POINT ( 'NONE',  ( 8.000000000000000000, 4.750000000000000000, 1.000000000000000000 ) ) ;
#7520 = COLOUR_RGB ( '',0.8196078431372548767, 0.8000000000000000444, 0.7529411764705882248 ) ;
#7521 = COLOUR_RGB ( '',0.6274509803921568540, 0.6274509803921568540, 0.6274509803921568540 ) ;
#7522 = DIRECTION ( 'NONE',  ( 1.000000000000000000, 1.306144734853000006E-15, 0.000000000000000000 ) ) ;
#7523 = CARTESIAN_POINT ( 'NONE',  ( 3.000000000000000000, -2.725000000000000089, 2.600000000000000533 ) ) ;
#7524 = PRESENTATION_STYLE_ASSIGNMENT (( #11077 ) ) ;
#7525 = CARTESIAN_POINT ( 'NONE',  ( 11.09999999999999964, 5.551115123125999639E-16, 7.150000000000000355 ) ) ;
#7526 =( NAMED_UNIT ( * ) PLANE_ANGLE_UNIT ( ) SI_UNIT ( $, .RADIAN. ) );
#7527 =( NAMED_UNIT ( * ) PLANE_ANGLE_UNIT ( ) SI_UNIT ( $, .RADIAN. ) );
#7528 = FILL_AREA_STYLE ('',( #340 ) ) ;
#7529 = PLANE ( 'NONE',  #5849 ) ;
#7530 = CARTESIAN_POINT ( 'NONE',  ( -2.000000000000000000, 9.750000000000000000, 0.8000000000000000444 ) ) ;
#7531 = ORIENTED_EDGE ( 'NONE', *, *, #4661, .F. ) ;
#7532 = VERTEX_POINT ( 'NONE', #3322 ) ;
#7533 = EDGE_LOOP ( 'NONE', ( #6111, #10836, #5153, #1661 ) ) ;
#7534 = SURFACE_STYLE_FILL_AREA ( #1941 ) ;
#7535 = SURFACE_STYLE_FILL_AREA ( #8385 ) ;
#7536 = CARTESIAN_POINT ( 'NONE',  ( -5.599999999999999645, -8.949999999999999289, 0.000000000000000000 ) ) ;
#7537 = CARTESIAN_POINT ( 'NONE',  ( -8.500000000000000000, -6.650000000000000355, 0.000000000000000000 ) ) ;
#7538 =( LENGTH_UNIT ( ) NAMED_UNIT ( * ) SI_UNIT ( .MILLI., .METRE. ) );
#7539 = PRESENTATION_STYLE_ASSIGNMENT (( #1895 ) ) ;
#7540 = CARTESIAN_POINT ( 'NONE',  ( 2.250000000000000444, 10.59999999999999964, 11.40000000000000036 ) ) ;
#7541 = AXIS2_PLACEMENT_3D ( 'NONE', #2284, #5296, #7011 ) ;
#7542 = SURFACE_SIDE_STYLE ('',( #6555 ) ) ;
#7543 = CONTEXT_DEPENDENT_SHAPE_REPRESENTATION ( #4449, #8921 ) ;
#7544 = MANIFOLD_SOLID_BREP ( 'Imported1', #9402 ) ;
#7545 = ORIENTED_EDGE ( 'NONE', *, *, #6038, .F. ) ;
#7546 = VERTEX_POINT ( 'NONE', #3446 ) ;
#7547 = DIRECTION ( 'NONE',  ( -1.000000000000000000, 0.000000000000000000, 0.000000000000000000 ) ) ;
#7548 = ORIENTED_EDGE ( 'NONE', *, *, #7566, .F. ) ;
#7549 =( NAMED_UNIT ( * ) PLANE_ANGLE_UNIT ( ) SI_UNIT ( $, .RADIAN. ) );
#7550 =( NAMED_UNIT ( * ) PLANE_ANGLE_UNIT ( ) SI_UNIT ( $, .RADIAN. ) );
#7551 = SURFACE_SIDE_STYLE ('',( #5710 ) ) ;
#7552 =( NAMED_UNIT ( * ) PLANE_ANGLE_UNIT ( ) SI_UNIT ( $, .RADIAN. ) );
#7553 =( NAMED_UNIT ( * ) PLANE_ANGLE_UNIT ( ) SI_UNIT ( $, .RADIAN. ) );
#7554 = DIRECTION ( 'NONE',  ( -0.000000000000000000, -0.000000000000000000, -1.000000000000000000 ) ) ;
#7555 = PRESENTATION_STYLE_ASSIGNMENT (( #1966 ) ) ;
#7556 = UNCERTAINTY_MEASURE_WITH_UNIT (LENGTH_MEASURE( 1.000000000000000082E-05 ), #8068, 'distance_accuracy_value', 'NONE');
#7557 = MECHANICAL_DESIGN_GEOMETRIC_PRESENTATION_REPRESENTATION (  '', ( #4258 ), #3859 ) ;
#7558 = PRESENTATION_LAYER_ASSIGNMENT (  '', '', ( #11835 ) ) ;
#7559 = VERTEX_POINT ( 'NONE', #10049 ) ;
#7560 = CARTESIAN_POINT ( 'NONE',  ( -5.643893005128137297, 4.954642331444592429, 4.999999999999998224 ) ) ;
#7561 = ORIENTED_EDGE ( 'NONE', *, *, #7503, .F. ) ;
#7562 = SURFACE_SIDE_STYLE ('',( #3794 ) ) ;
#7563 =( REPRESENTATION_RELATIONSHIP ('NONE','NONE', #2998, #8444 ) REPRESENTATION_RELATIONSHIP_WITH_TRANSFORMATION ( #10381 )SHAPE_REPRESENTATION_RELATIONSHIP( ) );
#7564 = DIRECTION ( 'NONE',  ( 0.000000000000000000, 1.000000000000000000, -0.000000000000000000 ) ) ;
#7566 = EDGE_CURVE ( 'NONE', #4210, #10913, #270, .T. ) ;
#7565 = DIRECTION ( 'NONE',  ( 1.000000000000000000, 0.000000000000000000, -0.000000000000000000 ) ) ;
#7567 = FILL_AREA_STYLE_COLOUR ( '', #6460 ) ;
#7568 = CARTESIAN_POINT ( 'NONE',  ( -8.699999999999999289, 5.599999999999999645, 0.000000000000000000 ) ) ;
#7569 = UNCERTAINTY_MEASURE_WITH_UNIT (LENGTH_MEASURE( 1.000000000000000082E-05 ), #9013, 'distance_accuracy_value', 'NONE');
#7570 =( GEOMETRIC_REPRESENTATION_CONTEXT ( 3 ) GLOBAL_UNCERTAINTY_ASSIGNED_CONTEXT ( ( #3156 ) ) GLOBAL_UNIT_ASSIGNED_CONTEXT ( ( #619, #566, #2412 ) ) REPRESENTATION_CONTEXT ( 'NONE', 'WORKASPACE' ) );
#7571 = STYLED_ITEM ( 'NONE', ( #6647 ), #11003 ) ;
#7572 = ORIENTED_EDGE ( 'NONE', *, *, #4084, .F. ) ;
#7573 = AXIS2_PLACEMENT_3D ( 'NONE', #4410, #10110, #11940 ) ;
#7574 = AXIS2_PLACEMENT_3D ( 'NONE', #6188, #5945, #11537 ) ;
#7575 = UNCERTAINTY_MEASURE_WITH_UNIT (LENGTH_MEASURE( 1.000000000000000082E-05 ), #1209, 'distance_accuracy_value', 'NONE');
#7576 =( LENGTH_UNIT ( ) NAMED_UNIT ( * ) SI_UNIT ( .MILLI., .METRE. ) );
#7577 =( LENGTH_UNIT ( ) NAMED_UNIT ( * ) SI_UNIT ( .MILLI., .METRE. ) );
#7578 = FACE_OUTER_BOUND ( 'NONE', #4572, .T. ) ;
#7579 = ADVANCED_FACE ( 'NONE', ( #1758 ), #3505, .T. ) ;
#7580 = CARTESIAN_POINT ( 'NONE',  ( 6.799999999999999822, 8.000000000000000000, 2.600000000000000533 ) ) ;
#7581 = CARTESIAN_POINT ( 'NONE',  ( 6.800000000000000711, -6.799999999999999822, 11.00000000000000000 ) ) ;
#7582 = EDGE_CURVE ( 'NONE', #6957, #4182, #8299, .T. ) ;
#7583 = MANIFOLD_SOLID_BREP ( 'Imported1', #131 ) ;
#7584 = PRESENTATION_STYLE_ASSIGNMENT (( #8616 ) ) ;
#7585 = COLOUR_RGB ( '',0.8196078431372548767, 0.8000000000000000444, 0.7529411764705882248 ) ;
#7586 = FILL_AREA_STYLE ('',( #3129 ) ) ;
#7587 = CIRCLE ( 'NONE', #10483, 0.5000000000000004441 ) ;
#7588 = STYLED_ITEM ( 'NONE', ( #11373 ), #3896 ) ;
#7589 = STYLED_ITEM ( 'NONE', ( #1224 ), #10720 ) ;
#7590 = AXIS2_PLACEMENT_3D ( 'NONE', #672, #2576, #4282 ) ;
#7591 = STYLED_ITEM ( 'NONE', ( #3638 ), #10128 ) ;
#7592 = ORIENTED_EDGE ( 'NONE', *, *, #170, .T. ) ;
#7593 = ORIENTED_EDGE ( 'NONE', *, *, #2762, .T. ) ;
#7594 = ORIENTED_EDGE ( 'NONE', *, *, #9175, .F. ) ;
#7595 = COLOUR_RGB ( '',0.09803921568627450844, 0.09803921568627450844, 0.09803921568627450844 ) ;
#7596 = CARTESIAN_POINT ( 'NONE',  ( 4.750000000000000000, 11.09999999999999964, 11.40000000000000036 ) ) ;
#7597 = SURFACE_STYLE_USAGE ( .BOTH. , #8315 ) ;
#7598 = SHAPE_REPRESENTATION ( 'COMPOUND010', ( #3260 ), #11604 ) ;
#7599 = CARTESIAN_POINT ( 'NONE',  ( 3.250000000000000444, -8.250000000000000000, 0.000000000000000000 ) ) ;
#7600 = CARTESIAN_POINT ( 'NONE',  ( 2.500000000000000000, -8.500000000000000000, 4.200000000000000178 ) ) ;
#7601 =( GEOMETRIC_REPRESENTATION_CONTEXT ( 3 ) GLOBAL_UNCERTAINTY_ASSIGNED_CONTEXT ( ( #3803 ) ) GLOBAL_UNIT_ASSIGNED_CONTEXT ( ( #2212, #9621, #3161 ) ) REPRESENTATION_CONTEXT ( 'NONE', 'WORKASPACE' ) );
#7602 = FACE_OUTER_BOUND ( 'NONE', #10763, .T. ) ;
#7603 = CARTESIAN_POINT ( 'NONE',  ( -5.599999999999999645, 8.949999999999999289, 0.000000000000000000 ) ) ;
#7604 = CARTESIAN_POINT ( 'NONE',  ( 11.09999999999999964, -0.7500000000069999562, 11.40000000000000036 ) ) ;
#7605 = AXIS2_PLACEMENT_3D ( 'NONE', #9607, #1306, #9777 ) ;
#7606 = CARTESIAN_POINT ( 'NONE',  ( -7.336656314599949269, 6.799999999999999822, 12.07331262919989889 ) ) ;
#7607 = PRODUCT_CONTEXT ( 'NONE', #11729, 'mechanical' ) ;
#7608 = MANIFOLD_SOLID_BREP ( 'Imported1', #10549 ) ;
#7609 = AXIS2_PLACEMENT_3D ( 'NONE', #2613, #3341, #4327 ) ;
#7610 = VERTEX_POINT ( 'NONE', #8549 ) ;
#7611 = PRESENTATION_LAYER_ASSIGNMENT (  '', '', ( #2734 ) ) ;
#7612 = EDGE_LOOP ( 'NONE', ( #11221, #9719, #3740, #10174 ) ) ;
#7613 = SURFACE_SIDE_STYLE ('',( #8457 ) ) ;
#7614 = EDGE_CURVE ( 'NONE', #2021, #10647, #797, .T. ) ;
#7615 = ORIENTED_EDGE ( 'NONE', *, *, #5186, .F. ) ;
#7616 = SURFACE_SIDE_STYLE ('',( #2072 ) ) ;
#7617 = PRESENTATION_LAYER_ASSIGNMENT (  '', '', ( #841 ) ) ;
#7618 = DIRECTION ( 'NONE',  ( -1.306144734853000006E-15, -1.000000000000000000, -0.000000000000000000 ) ) ;
#7619 =( LENGTH_UNIT ( ) NAMED_UNIT ( * ) SI_UNIT ( .MILLI., .METRE. ) );
#7620 = CARTESIAN_POINT ( 'NONE',  ( 0.000000000000000000, 0.000000000000000000, 0.000000000000000000 ) ) ;
#7621 = EDGE_CURVE ( 'NONE', #6840, #9808, #5740, .T. ) ;
#7622 = ORIENTED_EDGE ( 'NONE', *, *, #11637, .T. ) ;
#7623 = CARTESIAN_POINT ( 'NONE',  ( -1.937589386144712211, 7.255637595437345766, 5.000000000000000888 ) ) ;
#7624 = COLOUR_RGB ( '',0.4980392156862745168, 0.2784313725490196179, 0.08235294117647058709 ) ;
#7625 = ORIENTED_EDGE ( 'NONE', *, *, #7711, .F. ) ;
#7626 = STYLED_ITEM ( 'NONE', ( #1639 ), #3130 ) ;
#7627 = MANIFOLD_SOLID_BREP ( 'Imported1', #5693 ) ;
#7628 = SURFACE_SIDE_STYLE ('',( #254 ) ) ;
#7629 = SURFACE_STYLE_FILL_AREA ( #2804 ) ;
#7630 = PLANE ( 'NONE',  #2735 ) ;
#7631 = VECTOR ( 'NONE', #6299, 1000.000000000000000 ) ;
#7632 = APPLICATION_CONTEXT ( 'automotive_design' ) ;
#7633 = VERTEX_POINT ( 'NONE', #1994 ) ;
#7634 = VECTOR ( 'NONE', #8877, 1000.000000000000000 ) ;
#7635 = PRODUCT_RELATED_PRODUCT_CATEGORY ( 'part', '', ( #4754 ) ) ;
#7636 = AXIS2_PLACEMENT_3D ( 'NONE', #4105, #5059, #2289 ) ;
#7637 = COLOUR_RGB ( '',0.09803921568627450844, 0.09803921568627450844, 0.09803921568627450844 ) ;
#7638 = SURFACE_STYLE_USAGE ( .BOTH. , #5611 ) ;
#7639 = CARTESIAN_POINT ( 'NONE',  ( 4.250000000000000000, 11.09999999999999964, 9.400000000000000355 ) ) ;
#7640 =( LENGTH_UNIT ( ) NAMED_UNIT ( * ) SI_UNIT ( .MILLI., .METRE. ) );
#7641 =( NAMED_UNIT ( * ) PLANE_ANGLE_UNIT ( ) SI_UNIT ( $, .RADIAN. ) );
#7642 = FILL_AREA_STYLE_COLOUR ( '', #6872 ) ;
#7643 = CARTESIAN_POINT ( 'NONE',  ( 6.799999999999999822, 6.799999999999999822, 11.00000000000000000 ) ) ;
#7644 = SURFACE_STYLE_FILL_AREA ( #7528 ) ;
#7645 = SURFACE_STYLE_FILL_AREA ( #1050 ) ;
#7646 = FACE_OUTER_BOUND ( 'NONE', #1165, .T. ) ;
#7647 = STYLED_ITEM ( 'NONE', ( #5829 ), #4411 ) ;
#7648 = COLOUR_RGB ( '',0.8196078431372548767, 0.8000000000000000444, 0.7529411764705882248 ) ;
#7649 = ORIENTED_EDGE ( 'NONE', *, *, #10791, .T. ) ;
#7650 = ADVANCED_FACE ( 'NONE', ( #1932 ), #2097, .T. ) ;
#7651 = ORIENTED_EDGE ( 'NONE', *, *, #10178, .F. ) ;
#7652 =( LENGTH_UNIT ( ) NAMED_UNIT ( * ) SI_UNIT ( .MILLI., .METRE. ) );
#7653 = CYLINDRICAL_SURFACE ( 'NONE', #3175, 0.5000000000000004441 ) ;
#7654 = DIRECTION ( 'NONE',  ( 6.938893903907228378E-16, 1.000000000000000000, 0.000000000000000000 ) ) ;
#7655 = FACE_OUTER_BOUND ( 'NONE', #8705, .T. ) ;
#7656 = CLOSED_SHELL ( 'NONE', ( #3502, #2014, #1419, #1898 ) ) ;
#7657 =( LENGTH_UNIT ( ) NAMED_UNIT ( * ) SI_UNIT ( .MILLI., .METRE. ) );
#7658 = CARTESIAN_POINT ( 'NONE',  ( -6.153667536169223240, -7.468626569605775423, 12.73591943233378920 ) ) ;
#7659 = CARTESIAN_POINT ( 'NONE',  ( -8.500000000000000000, 6.650000000000000355, 0.000000000000000000 ) ) ;
#7661 = STYLED_ITEM ( 'NONE', ( #2973 ), #6452 ) ;
#7660 = DIRECTION ( 'NONE',  ( 1.000000000000000000, 0.000000000000000000, -0.000000000000000000 ) ) ;
#7662 = ITEM_DEFINED_TRANSFORMATION ( 'NONE', 'NONE', #1559,  #3260 ) ;
#7663 = VECTOR ( 'NONE', #10731, 1000.000000000000000 ) ;
#7664 = ORIENTED_EDGE ( 'NONE', *, *, #1542, .F. ) ;
#7665 =( NAMED_UNIT ( * ) SI_UNIT ( $, .STERADIAN. ) SOLID_ANGLE_UNIT ( ) );
#7666 = EDGE_CURVE ( 'NONE', #7347, #7220, #8612, .T. ) ;
#7667 = ORIENTED_EDGE ( 'NONE', *, *, #4484, .T. ) ;
#7668 = CARTESIAN_POINT ( 'NONE',  ( -4.750000000000000000, 8.000000000000000000, 11.90000000000000036 ) ) ;
#7669 = VECTOR ( 'NONE', #7086, 1000.000000000000000 ) ;
#7670 = CARTESIAN_POINT ( 'NONE',  ( -2.250000000000000444, 11.09999999999999964, 9.400000000000000355 ) ) ;
#7671 =( NAMED_UNIT ( * ) PLANE_ANGLE_UNIT ( ) SI_UNIT ( $, .RADIAN. ) );
#7672 = FACE_OUTER_BOUND ( 'NONE', #7319, .T. ) ;
#7673 = SURFACE_SIDE_STYLE ('',( #4985 ) ) ;
#7674 = UNCERTAINTY_MEASURE_WITH_UNIT (LENGTH_MEASURE( 1.000000000000000082E-05 ), #9382, 'distance_accuracy_value', 'NONE');
#7675 = LINE ( 'NONE', #9272, #2874 ) ;
#7676 = CIRCLE ( 'NONE', #5909, 1.199999999999999734 ) ;
#7677 = PRESENTATION_LAYER_ASSIGNMENT (  '', '', ( #11343 ) ) ;
#7678 = PRODUCT_DEFINITION_SHAPE ( 'NONE', 'NONE',  #11977 ) ;
#7679 = VERTEX_POINT ( 'NONE', #7703 ) ;
#7680 = CARTESIAN_POINT ( 'NONE',  ( -7.433036505126565885, 0.9853421943867486377, 4.999999999999999112 ) ) ;
#7681 = EDGE_CURVE ( 'NONE', #8920, #4932, #3752, .T. ) ;
#7682 = VERTEX_POINT ( 'NONE', #8488 ) ;
#7683 = DIRECTION ( 'NONE',  ( 0.000000000000000000, 0.000000000000000000, -1.000000000000000000 ) ) ;
#7684 = LINE ( 'NONE', #11368, #1373 ) ;
#7685 =( GEOMETRIC_REPRESENTATION_CONTEXT ( 3 ) GLOBAL_UNCERTAINTY_ASSIGNED_CONTEXT ( ( #2584 ) ) GLOBAL_UNIT_ASSIGNED_CONTEXT ( ( #2642, #10894, #8105 ) ) REPRESENTATION_CONTEXT ( 'NONE', 'WORKASPACE' ) );
#7686 = CARTESIAN_POINT ( 'NONE',  ( 6.799999999999999822, -6.799999999999999822, 11.00000000000000000 ) ) ;
#7687 = PLANE ( 'NONE',  #5154 ) ;
#7688 = SURFACE_STYLE_FILL_AREA ( #8851 ) ;
#7689 = SURFACE_STYLE_FILL_AREA ( #1323 ) ;
#7690 = FILL_AREA_STYLE_COLOUR ( '', #4687 ) ;
#7691 = FACE_OUTER_BOUND ( 'NONE', #6321, .T. ) ;
#7692 = EDGE_CURVE ( 'NONE', #2277, #9284, #5638, .T. ) ;
#7693 = UNCERTAINTY_MEASURE_WITH_UNIT (LENGTH_MEASURE( 1.000000000000000082E-05 ), #8900, 'distance_accuracy_value', 'NONE');
#7694 =( NAMED_UNIT ( * ) SI_UNIT ( $, .STERADIAN. ) SOLID_ANGLE_UNIT ( ) );
#7695 = ORIENTED_EDGE ( 'NONE', *, *, #11349, .T. ) ;
#7696 = EDGE_CURVE ( 'NONE', #10005, #2380, #2409, .T. ) ;
#7697 = STYLED_ITEM ( 'NONE', ( #4038 ), #8995 ) ;
#7698 = PRESENTATION_LAYER_ASSIGNMENT (  '', '', ( #9807 ) ) ;
#7699 = FILL_AREA_STYLE_COLOUR ( '', #4285 ) ;
#7700 = CIRCLE ( 'NONE', #9058, 2.299999999999999822 ) ;
#7701 = EDGE_CURVE ( 'NONE', #11773, #5369, #6960, .T. ) ;
#7702 = UNCERTAINTY_MEASURE_WITH_UNIT (LENGTH_MEASURE( 1.000000000000000082E-05 ), #5071, 'distance_accuracy_value', 'NONE');
#7703 = CARTESIAN_POINT ( 'NONE',  ( -1.400000000000000133, -12.94999999999999929, 4.400000000000000355 ) ) ;
#7704 = PLANE ( 'NONE',  #10396 ) ;
#7705 = CARTESIAN_POINT ( 'NONE',  ( -1.708578643762690641, -10.94999999999999929, 5.700000000000001066 ) ) ;
#7706 = FILL_AREA_STYLE_COLOUR ( '', #2540 ) ;
#7707 = COLOUR_RGB ( '',0.7019607843137254388, 0.7019607843137254388, 0.7019607843137254388 ) ;
#7708 = MECHANICAL_DESIGN_GEOMETRIC_PRESENTATION_REPRESENTATION (  '', ( #3227 ), #4973 ) ;
#7709 = DIRECTION ( 'NONE',  ( -0.000000000000000000, -0.000000000000000000, -1.000000000000000000 ) ) ;
#7710 = PRESENTATION_STYLE_ASSIGNMENT (( #9532 ) ) ;
#7711 = EDGE_CURVE ( 'NONE', #8255, #7956, #7879, .T. ) ;
#7712 = ORIENTED_EDGE ( 'NONE', *, *, #6561, .F. ) ;
#7713 = ORIENTED_EDGE ( 'NONE', *, *, #9975, .T. ) ;
#7714 = SURFACE_STYLE_USAGE ( .BOTH. , #3011 ) ;
#7715 = FACE_OUTER_BOUND ( 'NONE', #3333, .T. ) ;
#7716 = SURFACE_STYLE_USAGE ( .BOTH. , #406 ) ;
#7717 = DIRECTION ( 'NONE',  ( -1.000000000000000000, 0.000000000000000000, -1.068988633312000001E-12 ) ) ;
#7718 = EDGE_CURVE ( 'NONE', #417, #1249, #1393, .T. ) ;
#7719 = EDGE_CURVE ( 'NONE', #10912, #433, #1329, .T. ) ;
#7720 = DIRECTION ( 'NONE',  ( 0.000000000000000000, 0.000000000000000000, 1.000000000000000000 ) ) ;
#7721 = DIRECTION ( 'NONE',  ( 0.7071067811865475727, 0.7071067811865475727, 0.000000000000000000 ) ) ;
#7722 = ORIENTED_EDGE ( 'NONE', *, *, #2877, .T. ) ;
#7723 = ORIENTED_EDGE ( 'NONE', *, *, #11603, .F. ) ;
#7724 = FILL_AREA_STYLE ('',( #3025 ) ) ;
#7725 = ORIENTED_EDGE ( 'NONE', *, *, #2144, .F. ) ;
#7726 = CARTESIAN_POINT ( 'NONE',  ( 5.599999999999999645, 8.000000000000000000, 0.000000000000000000 ) ) ;
#7727 = DIRECTION ( 'NONE',  ( 1.000000000000000000, 0.000000000000000000, -0.000000000000000000 ) ) ;
#7728 = PRESENTATION_STYLE_ASSIGNMENT (( #6997 ) ) ;
#7729 = SURFACE_STYLE_USAGE ( .BOTH. , #5036 ) ;
#7730 = STYLED_ITEM ( 'NONE', ( #9909 ), #11076 ) ;
#7731 = EDGE_CURVE ( 'NONE', #5465, #1740, #10694, .T. ) ;
#7732 = EDGE_CURVE ( 'NONE', #6383, #1326, #4047, .T. ) ;
#7733 = DIRECTION ( 'NONE',  ( -1.000000000000000000, 0.000000000000000000, 0.000000000000000000 ) ) ;
#7734 =( NAMED_UNIT ( * ) PLANE_ANGLE_UNIT ( ) SI_UNIT ( $, .RADIAN. ) );
#7735 = ADVANCED_FACE ( 'NONE', ( #5132 ), #10718, .F. ) ;
#7736 = FILL_AREA_STYLE_COLOUR ( '', #6982 ) ;
#7737 = DIRECTION ( 'NONE',  ( 1.000000000000000000, 0.000000000000000000, 0.000000000000000000 ) ) ;
#7738 =( GEOMETRIC_REPRESENTATION_CONTEXT ( 3 ) GLOBAL_UNCERTAINTY_ASSIGNED_CONTEXT ( ( #6847 ) ) GLOBAL_UNIT_ASSIGNED_CONTEXT ( ( #296, #355, #3143 ) ) REPRESENTATION_CONTEXT ( 'NONE', 'WORKASPACE' ) );
#7739 = ORIENTED_EDGE ( 'NONE', *, *, #5922, .T. ) ;
#7740 = CARTESIAN_POINT ( 'NONE',  ( 1.703918239631203591, 7.301831887719507641, 4.999999999999988454 ) ) ;
#7741 = PRESENTATION_LAYER_ASSIGNMENT (  '', '', ( #2870 ) ) ;
#7742 = ORIENTED_EDGE ( 'NONE', *, *, #9064, .F. ) ;
#7743 = MANIFOLD_SOLID_BREP ( 'Imported1', #8426 ) ;
#7744 = CARTESIAN_POINT ( 'NONE',  ( 8.000000000000000000, -8.000000000000000000, 1.000000000000000000 ) ) ;
#7745 = DIRECTION ( 'NONE',  ( 0.000000000000000000, 0.000000000000000000, 1.000000000000000000 ) ) ;
#7746 = DIRECTION ( 'NONE',  ( 0.000000000000000000, 0.000000000000000000, -1.000000000000000000 ) ) ;
#7747 = SURFACE_STYLE_FILL_AREA ( #10463 ) ;
#7748 = SURFACE_SIDE_STYLE ('',( #4220 ) ) ;
#7749 = PLANE ( 'NONE',  #11299 ) ;
#7750 = SURFACE_STYLE_USAGE ( .BOTH. , #3296 ) ;
#7751 = EDGE_LOOP ( 'NONE', ( #7412, #6904, #8935, #2810 ) ) ;
#7752 =( GEOMETRIC_REPRESENTATION_CONTEXT ( 3 ) GLOBAL_UNCERTAINTY_ASSIGNED_CONTEXT ( ( #3183 ) ) GLOBAL_UNIT_ASSIGNED_CONTEXT ( ( #10136, #3651, #10261 ) ) REPRESENTATION_CONTEXT ( 'NONE', 'WORKASPACE' ) );
#7753 = ORIENTED_EDGE ( 'NONE', *, *, #4652, .T. ) ;
#7754 = DIRECTION ( 'NONE',  ( -1.000000000000000000, 0.000000000000000000, -0.000000000000000000 ) ) ;
#7755 = EDGE_CURVE ( 'NONE', #10411, #1937, #4288, .T. ) ;
#7756 = SURFACE_SIDE_STYLE ('',( #9695 ) ) ;
#7757 = CARTESIAN_POINT ( 'NONE',  ( 11.09999999999999964, 5.551115123125999639E-16, 7.150000000000000355 ) ) ;
#7758 = AXIS2_PLACEMENT_3D ( 'NONE', #11572, #4355, #9757 ) ;
#7759 = PLANE ( 'NONE',  #10423 ) ;
#7760 = SURFACE_STYLE_USAGE ( .BOTH. , #5191 ) ;
#7761 = VECTOR ( 'NONE', #3044, 1000.000000000000000 ) ;
#7762 = MANIFOLD_SOLID_BREP ( 'Imported1', #1653 ) ;
#7763 = CARTESIAN_POINT ( 'NONE',  ( 0.000000000000000000, 9.750000000000000000, 0.8000000000000000444 ) ) ;
#7764 = CARTESIAN_POINT ( 'NONE',  ( 8.949999999999999289, -5.599999999999999645, 1.000000000000000000 ) ) ;
#7765 = SURFACE_SIDE_STYLE ('',( #3939 ) ) ;
#7766 = ORIENTED_EDGE ( 'NONE', *, *, #9610, .F. ) ;
#7767 = COLOUR_RGB ( '',0.8196078431372548767, 0.8000000000000000444, 0.7529411764705882248 ) ;
#7768 = ORIENTED_EDGE ( 'NONE', *, *, #10234, .F. ) ;
#7769 = STYLED_ITEM ( 'NONE', ( #3592 ), #9949 ) ;
#7770 = ORIENTED_EDGE ( 'NONE', *, *, #6642, .T. ) ;
#7771 = FACE_OUTER_BOUND ( 'NONE', #2574, .T. ) ;
#7772 =( LENGTH_UNIT ( ) NAMED_UNIT ( * ) SI_UNIT ( .MILLI., .METRE. ) );
#7773 = SURFACE_STYLE_FILL_AREA ( #8820 ) ;
#7774 = VECTOR ( 'NONE', #9725, 1000.000000000000000 ) ;
#7775 =( NAMED_UNIT ( * ) SI_UNIT ( $, .STERADIAN. ) SOLID_ANGLE_UNIT ( ) );
#7776 = MECHANICAL_DESIGN_GEOMETRIC_PRESENTATION_REPRESENTATION (  '', ( #6213 ), #445 ) ;
#7777 = CARTESIAN_POINT ( 'NONE',  ( -0.7500000000023275826, 11.09999999999999964, 11.40000000000000036 ) ) ;
#7778 = CARTESIAN_POINT ( 'NONE',  ( -0.3499999999999999778, 8.000000000000000000, 2.600000000000000533 ) ) ;
#7779 = CARTESIAN_POINT ( 'NONE',  ( 8.474999999999999645, -2.775557561562999819E-15, 3.200000000000000178 ) ) ;
#7780 = VERTEX_POINT ( 'NONE', #10890 ) ;
#7781 =( GEOMETRIC_REPRESENTATION_CONTEXT ( 3 ) GLOBAL_UNCERTAINTY_ASSIGNED_CONTEXT ( ( #5972 ) ) GLOBAL_UNIT_ASSIGNED_CONTEXT ( ( #9652, #7834, #6355 ) ) REPRESENTATION_CONTEXT ( 'NONE', 'WORKASPACE' ) );
#7782 = ORIENTED_EDGE ( 'NONE', *, *, #8603, .T. ) ;
#7783 = SURFACE_STYLE_FILL_AREA ( #4976 ) ;
#7784 = PRODUCT_DEFINITION ( 'UNKNOWN', '', #2602, #11801 ) ;
#7785 = COLOUR_RGB ( '',0.8196078431372548767, 0.8000000000000000444, 0.7529411764705882248 ) ;
#7786 = EDGE_LOOP ( 'NONE', ( #9146, #7615, #9502, #9600, #2396, #10399, #3984, #854 ) ) ;
#7787 = CARTESIAN_POINT ( 'NONE',  ( 8.000000000000000000, 4.749999999999998224, 9.400000000000000355 ) ) ;
#7788 = CARTESIAN_POINT ( 'NONE',  ( 8.000000000000000000, -6.799999999999999822, 2.600000000000000533 ) ) ;
#7789 =( NAMED_UNIT ( * ) SI_UNIT ( $, .STERADIAN. ) SOLID_ANGLE_UNIT ( ) );
#7790 = CYLINDRICAL_SURFACE ( 'NONE', #7207, 2.500000000000000000 ) ;
#7791 = SURFACE_STYLE_FILL_AREA ( #10447 ) ;
#7792 = FILL_AREA_STYLE ('',( #8774 ) ) ;
#7793 = UNCERTAINTY_MEASURE_WITH_UNIT (LENGTH_MEASURE( 1.000000000000000082E-05 ), #6231, 'distance_accuracy_value', 'NONE');
#7794 = STYLED_ITEM ( 'NONE', ( #7819 ), #7743 ) ;
#7795 = SURFACE_STYLE_FILL_AREA ( #2274 ) ;
#7796 = COLOUR_RGB ( '',0.7019607843137254388, 0.7019607843137254388, 0.7019607843137254388 ) ;
#7797 =( LENGTH_UNIT ( ) NAMED_UNIT ( * ) SI_UNIT ( .MILLI., .METRE. ) );
#7798 = ORIENTED_EDGE ( 'NONE', *, *, #9610, .T. ) ;
#7799 = DIRECTION ( 'NONE',  ( -1.000000000000000000, 0.000000000000000000, 0.000000000000000000 ) ) ;
#7800 = MECHANICAL_DESIGN_GEOMETRIC_PRESENTATION_REPRESENTATION (  '', ( #3123 ), #8782 ) ;
#7801 = ADVANCED_FACE ( 'NONE', ( #8462 ), #9263, .T. ) ;
#7802 = ORIENTED_EDGE ( 'NONE', *, *, #7692, .T. ) ;
#7803 = SURFACE_STYLE_FILL_AREA ( #9624 ) ;
#7804 = AXIS2_PLACEMENT_3D ( 'NONE', #9492, #8586, #4919 ) ;
#7805 = SURFACE_SIDE_STYLE ('',( #8785 ) ) ;
#7806 =( GEOMETRIC_REPRESENTATION_CONTEXT ( 3 ) GLOBAL_UNCERTAINTY_ASSIGNED_CONTEXT ( ( #6709 ) ) GLOBAL_UNIT_ASSIGNED_CONTEXT ( ( #9236, #6939, #8306 ) ) REPRESENTATION_CONTEXT ( 'NONE', 'WORKASPACE' ) );
#7807 = DIRECTION ( 'NONE',  ( 0.000000000000000000, 0.000000000000000000, -1.000000000000000000 ) ) ;
#7808 = SURFACE_SIDE_STYLE ('',( #7688 ) ) ;
#7809 = PRESENTATION_STYLE_ASSIGNMENT (( #1324 ) ) ;
#7810 = UNCERTAINTY_MEASURE_WITH_UNIT (LENGTH_MEASURE( 1.000000000000000082E-05 ), #1117, 'distance_accuracy_value', 'NONE');
#7811 = FILL_AREA_STYLE ('',( #10777 ) ) ;
#7812 = DIRECTION ( 'NONE',  ( 0.000000000000000000, -0.000000000000000000, 1.000000000000000000 ) ) ;
#7813 = ORIENTED_EDGE ( 'NONE', *, *, #10849, .T. ) ;
#7814 =( NAMED_UNIT ( * ) PLANE_ANGLE_UNIT ( ) SI_UNIT ( $, .RADIAN. ) );
#7815 = AXIS2_PLACEMENT_3D ( 'NONE', #8784, #10527, #2214 ) ;
#7816 = VECTOR ( 'NONE', #7384, 1000.000000000000000 ) ;
#7817 = EDGE_CURVE ( 'NONE', #9918, #7889, #1003, .T. ) ;
#7818 = UNCERTAINTY_MEASURE_WITH_UNIT (LENGTH_MEASURE( 1.000000000000000082E-05 ), #7233, 'distance_accuracy_value', 'NONE');
#7819 = PRESENTATION_STYLE_ASSIGNMENT (( #4112 ) ) ;
#7820 =( GEOMETRIC_REPRESENTATION_CONTEXT ( 3 ) GLOBAL_UNCERTAINTY_ASSIGNED_CONTEXT ( ( #9849 ) ) GLOBAL_UNIT_ASSIGNED_CONTEXT ( ( #2430, #10740, #2374 ) ) REPRESENTATION_CONTEXT ( 'NONE', 'WORKASPACE' ) );
#7821 = DIRECTION ( 'NONE',  ( 2.337311630789999835E-15, 1.000000000000000000, 0.000000000000000000 ) ) ;
#7822 = PLANE ( 'NONE',  #9650 ) ;
#7823 = CARTESIAN_POINT ( 'NONE',  ( -3.000000000000000000, 9.750000000000000000, 0.000000000000000000 ) ) ;
#7824 = LINE ( 'NONE', #6779, #10120 ) ;
#7825 = PRESENTATION_LAYER_ASSIGNMENT (  '', '', ( #3352 ) ) ;
#7826 = UNCERTAINTY_MEASURE_WITH_UNIT (LENGTH_MEASURE( 1.000000000000000082E-05 ), #6689, 'distance_accuracy_value', 'NONE');
#7827 = CYLINDRICAL_SURFACE ( 'NONE', #1435, 0.5000000000000000000 ) ;
#7828 = CARTESIAN_POINT ( 'NONE',  ( 4.750000000000000000, 8.000000000000000000, 0.8000000000000000444 ) ) ;
#7829 =( GEOMETRIC_REPRESENTATION_CONTEXT ( 3 ) GLOBAL_UNCERTAINTY_ASSIGNED_CONTEXT ( ( #7309 ) ) GLOBAL_UNIT_ASSIGNED_CONTEXT ( ( #549, #11676, #10532 ) ) REPRESENTATION_CONTEXT ( 'NONE', 'WORKASPACE' ) );
#7830 = EDGE_LOOP ( 'NONE', ( #11929, #1710, #10023, #6248 ) ) ;
#7831 =( GEOMETRIC_REPRESENTATION_CONTEXT ( 3 ) GLOBAL_UNCERTAINTY_ASSIGNED_CONTEXT ( ( #3050 ) ) GLOBAL_UNIT_ASSIGNED_CONTEXT ( ( #8959, #9198, #5231 ) ) REPRESENTATION_CONTEXT ( 'NONE', 'WORKASPACE' ) );
#7832 = ORIENTED_EDGE ( 'NONE', *, *, #10596, .T. ) ;
#7833 = ADVANCED_FACE ( 'NONE', ( #3730 ), #1634, .F. ) ;
#7834 =( NAMED_UNIT ( * ) PLANE_ANGLE_UNIT ( ) SI_UNIT ( $, .RADIAN. ) );
#7835 = PRESENTATION_STYLE_ASSIGNMENT (( #7714 ) ) ;
#7836 = SURFACE_SIDE_STYLE ('',( #5017 ) ) ;
#7837 = DIRECTION ( 'NONE',  ( 0.000000000000000000, -1.000000000000000000, 0.000000000000000000 ) ) ;
#7838 = LINE ( 'NONE', #1290, #6264 ) ;
#7839 = CARTESIAN_POINT ( 'NONE',  ( 1.750000000000000000, -14.45000000000000107, 5.599999999999999645 ) ) ;
#7840 = SURFACE_SIDE_STYLE ('',( #8755 ) ) ;
#7841 = CARTESIAN_POINT ( 'NONE',  ( -8.699999999999999289, 5.599999999999998757, 2.600000000000000533 ) ) ;
#7842 = EDGE_CURVE ( 'NONE', #508, #4792, #5074, .T. ) ;
#7843 = SURFACE_SIDE_STYLE ('',( #8701 ) ) ;
#7844 = CARTESIAN_POINT ( 'NONE',  ( 7.750000000000000000, -6.650000000000000355, -3.700000000000000178 ) ) ;
#7845 = EDGE_CURVE ( 'NONE', #6684, #2327, #1919, .T. ) ;
#7846 = ORIENTED_EDGE ( 'NONE', *, *, #10248, .T. ) ;
#7847 = COLOUR_RGB ( '',0.09803921568627450844, 0.09803921568627450844, 0.09803921568627450844 ) ;
#7848 = VERTEX_POINT ( 'NONE', #9606 ) ;
#7849 = ORIENTED_EDGE ( 'NONE', *, *, #4517, .T. ) ;
#7850 = VECTOR ( 'NONE', #9539, 1000.000000000000000 ) ;
#7851 = EDGE_CURVE ( 'NONE', #10927, #11104, #9668, .T. ) ;
#7852 = ORIENTED_EDGE ( 'NONE', *, *, #4188, .T. ) ;
#7853 = FILL_AREA_STYLE_COLOUR ( '', #7239 ) ;
#7854 = DIRECTION ( 'NONE',  ( 1.000000000000000000, 0.000000000000000000, 0.000000000000000000 ) ) ;
#7855 = VECTOR ( 'NONE', #6425, 1000.000000000000000 ) ;
#7856 = PRODUCT_DEFINITION_FORMATION_WITH_SPECIFIED_SOURCE ( 'ANY', '', #1102, .NOT_KNOWN. ) ;
#7857 = FILL_AREA_STYLE ('',( #9732 ) ) ;
#7858 = FACE_OUTER_BOUND ( 'NONE', #750, .T. ) ;
#7859 = VECTOR ( 'NONE', #3691, 1000.000000000000000 ) ;
#7860 = ORIENTED_EDGE ( 'NONE', *, *, #2015, .F. ) ;
#7861 = STYLED_ITEM ( 'NONE', ( #11330 ), #4879 ) ;
#7862 = ORIENTED_EDGE ( 'NONE', *, *, #1755, .F. ) ;
#7863 = CARTESIAN_POINT ( 'NONE',  ( -1.649999999999999911, -10.94999999999999929, 5.700000000000000178 ) ) ;
#7864 =( NAMED_UNIT ( * ) PLANE_ANGLE_UNIT ( ) SI_UNIT ( $, .RADIAN. ) );
#7865 = CARTESIAN_POINT ( 'NONE',  ( -2.250000000000000444, 10.59999999999999964, 9.400000000000000355 ) ) ;
#7866 =( NAMED_UNIT ( * ) SI_UNIT ( $, .STERADIAN. ) SOLID_ANGLE_UNIT ( ) );
#7867 = LINE ( 'NONE', #8789, #10699 ) ;
#7869 = DIRECTION ( 'NONE',  ( -1.000000000000000000, 0.000000000000000000, -0.000000000000000000 ) ) ;
#7868 = MECHANICAL_DESIGN_GEOMETRIC_PRESENTATION_REPRESENTATION (  '', ( #9618 ), #10566 ) ;
#7870 = VECTOR ( 'NONE', #148, 1000.000000000000000 ) ;
#7871 = CARTESIAN_POINT ( 'NONE',  ( 11.09999999999999964, -0.7500000000019999558, 2.899999999999999911 ) ) ;
#7872 = FACE_OUTER_BOUND ( 'NONE', #8620, .T. ) ;
#7873 = ADVANCED_FACE ( 'NONE', ( #4978 ), #2266, .T. ) ;
#7874 = ORIENTED_EDGE ( 'NONE', *, *, #5067, .F. ) ;
#7875 = ORIENTED_EDGE ( 'NONE', *, *, #11635, .T. ) ;
#7876 =( NAMED_UNIT ( * ) SI_UNIT ( $, .STERADIAN. ) SOLID_ANGLE_UNIT ( ) );
#7877 = AXIS2_PLACEMENT_3D ( 'NONE', #11792, #9078, #4577 ) ;
#7878 = CIRCLE ( 'NONE', #8261, 1.199999999999999734 ) ;
#7879 = LINE ( 'NONE', #8677, #10114 ) ;
#7880 = SURFACE_SIDE_STYLE ('',( #9524 ) ) ;
#7881 = CARTESIAN_POINT ( 'NONE',  ( 2.500000000000000000, -8.000000000000000000, 0.7500000000000000000 ) ) ;
#7882 = SURFACE_STYLE_USAGE ( .BOTH. , #2173 ) ;
#7883 = CARTESIAN_POINT ( 'NONE',  ( -7.500000000000000000, 7.500000000000000000, 11.70000000000000107 ) ) ;
#7884 = DIRECTION ( 'NONE',  ( -0.000000000000000000, -0.000000000000000000, -1.000000000000000000 ) ) ;
#7885 = EDGE_CURVE ( 'NONE', #473, #9340, #4085, .T. ) ;
#7886 = STYLED_ITEM ( 'NONE', ( #5678 ), #9516 ) ;
#7887 = STYLED_ITEM ( 'NONE', ( #5811 ), #5557 ) ;
#7888 = EDGE_LOOP ( 'NONE', ( #10436, #7415, #11061, #8046 ) ) ;
#7889 = VERTEX_POINT ( 'NONE', #5942 ) ;
#7890 =( GEOMETRIC_REPRESENTATION_CONTEXT ( 3 ) GLOBAL_UNCERTAINTY_ASSIGNED_CONTEXT ( ( #7826 ) ) GLOBAL_UNIT_ASSIGNED_CONTEXT ( ( #6689, #4858, #11406 ) ) REPRESENTATION_CONTEXT ( 'NONE', 'WORKASPACE' ) );
#7891 = SURFACE_STYLE_USAGE ( .BOTH. , #6112 ) ;
#7892 = SURFACE_STYLE_FILL_AREA ( #6864 ) ;
#7893 =( GEOMETRIC_REPRESENTATION_CONTEXT ( 3 ) GLOBAL_UNCERTAINTY_ASSIGNED_CONTEXT ( ( #9862 ) ) GLOBAL_UNIT_ASSIGNED_CONTEXT ( ( #11818, #10051, #972 ) ) REPRESENTATION_CONTEXT ( 'NONE', 'WORKASPACE' ) );
#7894 =( LENGTH_UNIT ( ) NAMED_UNIT ( * ) SI_UNIT ( .MILLI., .METRE. ) );
#7895 = CARTESIAN_POINT ( 'NONE',  ( 3.000000000000000000, -13.94999999999999929, 0.7500000000000000000 ) ) ;
#7896 = FILL_AREA_STYLE_COLOUR ( '', #9187 ) ;
#7897 =( LENGTH_UNIT ( ) NAMED_UNIT ( * ) SI_UNIT ( .MILLI., .METRE. ) );
#7898 =( NAMED_UNIT ( * ) SI_UNIT ( $, .STERADIAN. ) SOLID_ANGLE_UNIT ( ) );
#7899 = DIRECTION ( 'NONE',  ( 0.000000000000000000, -1.000000000000000000, -0.000000000000000000 ) ) ;
#7900 = DIRECTION ( 'NONE',  ( 1.000000000000000000, 0.000000000000000000, -0.000000000000000000 ) ) ;
#7901 =( GEOMETRIC_REPRESENTATION_CONTEXT ( 3 ) GLOBAL_UNCERTAINTY_ASSIGNED_CONTEXT ( ( #5256 ) ) GLOBAL_UNIT_ASSIGNED_CONTEXT ( ( #9697, #452, #6159 ) ) REPRESENTATION_CONTEXT ( 'NONE', 'WORKASPACE' ) );
#7902 = EDGE_LOOP ( 'NONE', ( #4804, #710, #2127, #488 ) ) ;
#7903 = ORIENTED_EDGE ( 'NONE', *, *, #8495, .F. ) ;
#7904 = VERTEX_POINT ( 'NONE', #5033 ) ;
#7905 = EDGE_LOOP ( 'NONE', ( #5288, #5750, #5013, #11405, #4371 ) ) ;
#7906 = DIRECTION ( 'NONE',  ( 0.7071067811865475727, -0.7071067811865475727, 0.000000000000000000 ) ) ;
#7907 = LINE ( 'NONE', #2317, #2768 ) ;
#7908 = CARTESIAN_POINT ( 'NONE',  ( 3.450000000000000178, -14.40000000000000036, 2.600000000000000533 ) ) ;
#7909 = EDGE_CURVE ( 'NONE', #7317, #8543, #1120, .T. ) ;
#7910 = CARTESIAN_POINT ( 'NONE',  ( 9.750000000000000000, -2.500000000000000000, 0.000000000000000000 ) ) ;
#7911 = VECTOR ( 'NONE', #1043, 1000.000000000000000 ) ;
#7912 = SURFACE_STYLE_FILL_AREA ( #6936 ) ;
#7913 = UNCERTAINTY_MEASURE_WITH_UNIT (LENGTH_MEASURE( 1.000000000000000082E-05 ), #80, 'distance_accuracy_value', 'NONE');
#7914 = DIRECTION ( 'NONE',  ( 0.000000000000000000, -0.000000000000000000, 1.000000000000000000 ) ) ;
#7915 = DIRECTION ( 'NONE',  ( 1.000000000000000000, 0.000000000000000000, 0.000000000000000000 ) ) ;
#7916 = ORIENTED_EDGE ( 'NONE', *, *, #11116, .F. ) ;
#7917 = CARTESIAN_POINT ( 'NONE',  ( 7.500000000000000000, -8.000000000000000000, 2.600000000000000533 ) ) ;
#7918 = ORIENTED_EDGE ( 'NONE', *, *, #6265, .T. ) ;
#7919 = DIRECTION ( 'NONE',  ( 0.000000000000000000, -1.000000000000000000, 0.000000000000000000 ) ) ;
#7920 = PRESENTATION_STYLE_ASSIGNMENT (( #8148 ) ) ;
#7921 = LINE ( 'NONE', #4221, #7052 ) ;
#7922 = UNCERTAINTY_MEASURE_WITH_UNIT (LENGTH_MEASURE( 1.000000000000000082E-05 ), #7350, 'distance_accuracy_value', 'NONE');
#7923 = SURFACE_SIDE_STYLE ('',( #11678 ) ) ;
#7924 = ORIENTED_EDGE ( 'NONE', *, *, #11500, .F. ) ;
#7925 =( NAMED_UNIT ( * ) PLANE_ANGLE_UNIT ( ) SI_UNIT ( $, .RADIAN. ) );
#7926 =( GEOMETRIC_REPRESENTATION_CONTEXT ( 3 ) GLOBAL_UNCERTAINTY_ASSIGNED_CONTEXT ( ( #4886 ) ) GLOBAL_UNIT_ASSIGNED_CONTEXT ( ( #3354, #5232, #8033 ) ) REPRESENTATION_CONTEXT ( 'NONE', 'WORKASPACE' ) );
#7927 = PLANE ( 'NONE',  #3703 ) ;
#7928 = EDGE_CURVE ( 'NONE', #10005, #7546, #11272, .T. ) ;
#7929 = UNCERTAINTY_MEASURE_WITH_UNIT (LENGTH_MEASURE( 1.000000000000000082E-05 ), #7897, 'distance_accuracy_value', 'NONE');
#7930 = COLOUR_RGB ( '',0.9137254901960784048, 0.5137254901960783826, 0.1372549019607843257 ) ;
#7931 = CARTESIAN_POINT ( 'NONE',  ( 9.750000000000000000, 0.000000000000000000, 0.000000000000000000 ) ) ;
#7932 = FILL_AREA_STYLE_COLOUR ( '', #7423 ) ;
#7933 = CARTESIAN_POINT ( 'NONE',  ( 2.750000000000000444, -12.75000000000000178, 0.000000000000000000 ) ) ;
#7934 = UNCERTAINTY_MEASURE_WITH_UNIT (LENGTH_MEASURE( 1.000000000000000082E-05 ), #11900, 'distance_accuracy_value', 'NONE');
#7935 = SURFACE_STYLE_FILL_AREA ( #6970 ) ;
#7936 = LINE ( 'NONE', #2414, #8242 ) ;
#7937 = DIRECTION ( 'NONE',  ( 0.000000000000000000, -0.000000000000000000, -1.000000000000000000 ) ) ;
#7938 = ORIENTED_EDGE ( 'NONE', *, *, #4664, .F. ) ;
#7940 = VERTEX_POINT ( 'NONE', #2970 ) ;
#7939 = PRESENTATION_LAYER_ASSIGNMENT (  '', '', ( #5978 ) ) ;
#7941 = EDGE_CURVE ( 'NONE', #147, #7504, #1037, .T. ) ;
#7942 = EDGE_CURVE ( 'NONE', #4608, #10271, #2557, .T. ) ;
#7943 =( NAMED_UNIT ( * ) PLANE_ANGLE_UNIT ( ) SI_UNIT ( $, .RADIAN. ) );
#7944 = CARTESIAN_POINT ( 'NONE',  ( 5.599999999999999645, 8.000000000000000000, 0.000000000000000000 ) ) ;
#7945 = DIRECTION ( 'NONE',  ( 0.000000000000000000, 0.000000000000000000, -1.000000000000000000 ) ) ;
#7946 = DIRECTION ( 'NONE',  ( -1.000000000000000000, 0.000000000000000000, 0.000000000000000000 ) ) ;
#7947 =( REPRESENTATION_RELATIONSHIP ('NONE','NONE', #2998, #2307 ) REPRESENTATION_RELATIONSHIP_WITH_TRANSFORMATION ( #6876 )SHAPE_REPRESENTATION_RELATIONSHIP( ) );
#7948 = CARTESIAN_POINT ( 'NONE',  ( 1.708578643762690419, -14.36715728752537835, 5.700000000000001066 ) ) ;
#7949 = DIRECTION ( 'NONE',  ( 0.000000000000000000, 0.000000000000000000, -1.000000000000000000 ) ) ;
#7950 = FILL_AREA_STYLE_COLOUR ( '', #11836 ) ;
#7951 = CARTESIAN_POINT ( 'NONE',  ( 7.492820323027547857, 7.209981756634898709, 11.97565888942019718 ) ) ;
#7952 = COLOUR_RGB ( '',0.9137254901960784048, 0.5137254901960783826, 0.1372549019607843257 ) ;
#7953 = LINE ( 'NONE', #7045, #6962 ) ;
#7954 = CARTESIAN_POINT ( 'NONE',  ( 1.950536852720549108, -7.252491441321243570, 4.999999999999999112 ) ) ;
#7955 = AXIS2_PLACEMENT_3D ( 'NONE', #2883, #4784, #158 ) ;
#7956 = VERTEX_POINT ( 'NONE', #10442 ) ;
#7957 = EDGE_LOOP ( 'NONE', ( #2829, #11528 ) ) ;
#7958 = ORIENTED_EDGE ( 'NONE', *, *, #7817, .T. ) ;
#7959 = ORIENTED_EDGE ( 'NONE', *, *, #8477, .F. ) ;
#7960 = FACE_OUTER_BOUND ( 'NONE', #1562, .T. ) ;
#7961 = DIRECTION ( 'NONE',  ( 0.000000000000000000, 1.000000000000000000, -1.370645709413999982E-16 ) ) ;
#7962 = AXIS2_PLACEMENT_3D ( 'NONE', #9221, #908, #4595 ) ;
#7963 = SURFACE_SIDE_STYLE ('',( #10754 ) ) ;
#7964 =( GEOMETRIC_REPRESENTATION_CONTEXT ( 3 ) GLOBAL_UNCERTAINTY_ASSIGNED_CONTEXT ( ( #11192 ) ) GLOBAL_UNIT_ASSIGNED_CONTEXT ( ( #8132, #10203, #1892 ) ) REPRESENTATION_CONTEXT ( 'NONE', 'WORKASPACE' ) );
#7965 = LINE ( 'NONE', #10758, #2366 ) ;
#7966 = FACE_BOUND ( 'NONE', #10971, .T. ) ;
#7967 = CARTESIAN_POINT ( 'NONE',  ( 7.500000000000000000, 7.500000000000000000, 2.600000000000000533 ) ) ;
#7968 = FILL_AREA_STYLE ('',( #7061 ) ) ;
#7969 = CIRCLE ( 'NONE', #3708, 1.200000000000000622 ) ;
#7970 = DIRECTION ( 'NONE',  ( 1.000000000000000000, 0.000000000000000000, 0.000000000000000000 ) ) ;
#7971 = COLOUR_RGB ( '',0.6274509803921568540, 0.6274509803921568540, 0.6274509803921568540 ) ;
#7972 = AXIS2_PLACEMENT_3D ( 'NONE', #5119, #3423, #8852 ) ;
#7973 = MECHANICAL_DESIGN_GEOMETRIC_PRESENTATION_REPRESENTATION (  '', ( #636 ), #11053 ) ;
#7974 = AXIS2_PLACEMENT_3D ( 'NONE', #9817, #9657, #8753 ) ;
#7975 = EDGE_LOOP ( 'NONE', ( #5688, #7832, #3614, #374 ) ) ;
#7976 = ORIENTED_EDGE ( 'NONE', *, *, #9150, .F. ) ;
#7977 = CARTESIAN_POINT ( 'NONE',  ( 1.649999999999999911, -14.24999999999999822, 5.700000000000000178 ) ) ;
#7978 = FILL_AREA_STYLE_COLOUR ( '', #3251 ) ;
#7979 = PRESENTATION_LAYER_ASSIGNMENT (  '', '', ( #7403 ) ) ;
#7980 = DIRECTION ( 'NONE',  ( 0.8164965809277260345, 0.4082482904638629617, 0.4082482904638632393 ) ) ;
#7981 = LINE ( 'NONE', #9629, #8077 ) ;
#7982 = STYLED_ITEM ( 'NONE', ( #5172 ), #770 ) ;
#7983 = FILL_AREA_STYLE ('',( #8219 ) ) ;
#7984 = COLOUR_RGB ( '',0.7019607843137254388, 0.7019607843137254388, 0.7019607843137254388 ) ;
#7985 = CARTESIAN_POINT ( 'NONE',  ( 4.250000000000000000, 11.09999999999999964, 2.899999999999999911 ) ) ;
#7986 =( NAMED_UNIT ( * ) PLANE_ANGLE_UNIT ( ) SI_UNIT ( $, .RADIAN. ) );
#7987 = ADVANCED_FACE ( 'NONE', ( #2131 ), #8646, .T. ) ;
#7988 = COLOUR_RGB ( '',0.09803921568627450844, 0.09803921568627450844, 0.09803921568627450844 ) ;
#7989 = ORIENTED_EDGE ( 'NONE', *, *, #1402, .T. ) ;
#7990 = ADVANCED_FACE ( 'NONE', ( #2488 ), #10855, .T. ) ;
#7991 = VECTOR ( 'NONE', #6848, 1000.000000000000000 ) ;
#7992 = DIRECTION ( 'NONE',  ( 1.000000000000000000, 0.000000000000000000, 0.000000000000000000 ) ) ;
#7993 = MECHANICAL_DESIGN_GEOMETRIC_PRESENTATION_REPRESENTATION (  '', ( #2732 ), #7023 ) ;
#7994 = VECTOR ( 'NONE', #1074, 1000.000000000000000 ) ;
#7995 = AXIS2_PLACEMENT_3D ( 'NONE', #264, #9337, #6651 ) ;
#7996 = CARTESIAN_POINT ( 'NONE',  ( -3.000000000000000000, -13.44999999999999929, 0.7500000000000000000 ) ) ;
#7997 = DIRECTION ( 'NONE',  ( 1.000000000000000000, 0.000000000000000000, 0.000000000000000000 ) ) ;
#7998 = DIRECTION ( 'NONE',  ( 1.000000000000000000, 0.000000000000000000, -0.000000000000000000 ) ) ;
#7999 = PLANE ( 'NONE',  #1202 ) ;
#8000 = DIRECTION ( 'NONE',  ( 0.000000000000000000, 0.000000000000000000, 1.000000000000000000 ) ) ;
#8001 = AXIS2_PLACEMENT_3D ( 'NONE', #926, #10419, #11082 ) ;
#8002 = CARTESIAN_POINT ( 'NONE',  ( 1.750000000000000000, -10.94999999999999929, 4.200000000000000178 ) ) ;
#8003 = ORIENTED_EDGE ( 'NONE', *, *, #8459, .F. ) ;
#8004 =( NAMED_UNIT ( * ) SI_UNIT ( $, .STERADIAN. ) SOLID_ANGLE_UNIT ( ) );
#8005 = CARTESIAN_POINT ( 'NONE',  ( 1.400000000000000133, -12.94999999999999929, 4.200000000000000178 ) ) ;
#8006 = LINE ( 'NONE', #576, #9959 ) ;
#8007 = SURFACE_STYLE_USAGE ( .BOTH. , #4311 ) ;
#8008 = APPLICATION_CONTEXT ( 'automotive_design' ) ;
#8009 = EDGE_CURVE ( 'NONE', #8379, #9665, #3212, .T. ) ;
#8010 = CARTESIAN_POINT ( 'NONE',  ( -3.753258838573694245, -6.504825096169003729, 5.000000000000000888 ) ) ;
#8011 = AXIS2_PLACEMENT_3D ( 'NONE', #7600, #11278, #2953 ) ;
#8012 = EDGE_LOOP ( 'NONE', ( #9957, #11037, #4454, #7667, #10165 ) ) ;
#8013 = VERTEX_POINT ( 'NONE', #1540 ) ;
#8014 = ORIENTED_EDGE ( 'NONE', *, *, #7731, .F. ) ;
#8015 = ORIENTED_EDGE ( 'NONE', *, *, #5040, .F. ) ;
#8016 =( GEOMETRIC_REPRESENTATION_CONTEXT ( 3 ) GLOBAL_UNCERTAINTY_ASSIGNED_CONTEXT ( ( #11049 ) ) GLOBAL_UNIT_ASSIGNED_CONTEXT ( ( #8220, #2631, #663 ) ) REPRESENTATION_CONTEXT ( 'NONE', 'WORKASPACE' ) );
#8017 = SURFACE_STYLE_USAGE ( .BOTH. , #3266 ) ;
#8018 =( LENGTH_UNIT ( ) NAMED_UNIT ( * ) SI_UNIT ( .MILLI., .METRE. ) );
#8019 = CARTESIAN_POINT ( 'NONE',  ( 11.09999999999999964, 4.250000000000000000, 6.399999999998000177 ) ) ;
#8020 = CARTESIAN_POINT ( 'NONE',  ( 7.492820323027549634, -7.492820323027549634, 11.69282032302754892 ) ) ;
#8021 = VECTOR ( 'NONE', #8752, 1000.000000000000000 ) ;
#8022 = CARTESIAN_POINT ( 'NONE',  ( 10.59999999999999964, -3.007906248537130622, 6.399999999992999733 ) ) ;
#8023 = PLANE ( 'NONE',  #8001 ) ;
#8024 = LINE ( 'NONE', #3461, #7254 ) ;
#8025 = FILL_AREA_STYLE ('',( #650 ) ) ;
#8026 = APPLICATION_PROTOCOL_DEFINITION ( 'draft international standard', 'automotive_design', 1998, #4899 ) ;
#8027 = AXIS2_PLACEMENT_3D ( 'NONE', #7232, #6194, #8088 ) ;
#8028 = EDGE_CURVE ( 'NONE', #9194, #1300, #6934, .T. ) ;
#8029 = ORIENTED_EDGE ( 'NONE', *, *, #10611, .T. ) ;
#8030 = DIRECTION ( 'NONE',  ( 1.000000000000000000, 0.000000000000000000, -0.000000000000000000 ) ) ;
#8031 = ORIENTED_EDGE ( 'NONE', *, *, #9731, .F. ) ;
#8032 = DIRECTION ( 'NONE',  ( -0.000000000000000000, -0.000000000000000000, -1.000000000000000000 ) ) ;
#8033 =( NAMED_UNIT ( * ) SI_UNIT ( $, .STERADIAN. ) SOLID_ANGLE_UNIT ( ) );
#8034 = PRODUCT_DEFINITION_FORMATION_WITH_SPECIFIED_SOURCE ( 'ANY', '', #55, .NOT_KNOWN. ) ;
#8035 = CARTESIAN_POINT ( 'NONE',  ( -8.000000000000000000, -6.800000000000000711, 11.00000000000000000 ) ) ;
#8036 =( GEOMETRIC_REPRESENTATION_CONTEXT ( 3 ) GLOBAL_UNCERTAINTY_ASSIGNED_CONTEXT ( ( #6092 ) ) GLOBAL_UNIT_ASSIGNED_CONTEXT ( ( #9244, #5513, #10196 ) ) REPRESENTATION_CONTEXT ( 'NONE', 'WORKASPACE' ) );
#8037 = CARTESIAN_POINT ( 'NONE',  ( 5.590292409647829253, 8.695597259647534827, 11.50436331485128605 ) ) ;
#8038 = CARTESIAN_POINT ( 'NONE',  ( 8.000000000000003553, 2.249999999999997780, 9.400000000000000355 ) ) ;
#8039 = STYLED_ITEM ( 'NONE', ( #4140 ), #1781 ) ;
#8040 = CARTESIAN_POINT ( 'NONE',  ( 10.59999999999999964, -0.7500000000069998451, 11.40000000000000036 ) ) ;
#8041 = CARTESIAN_POINT ( 'NONE',  ( -0.7500000000019999558, 10.59999999999999964, 11.40000000000000036 ) ) ;
#8042 = UNCERTAINTY_MEASURE_WITH_UNIT (LENGTH_MEASURE( 1.000000000000000082E-05 ), #1051, 'distance_accuracy_value', 'NONE');
#8043 = DIRECTION ( 'NONE',  ( 1.000000000000000000, 0.000000000000000000, 2.055968564120999972E-16 ) ) ;
#8044 = ORIENTED_EDGE ( 'NONE', *, *, #8028, .F. ) ;
#8045 =( NAMED_UNIT ( * ) PLANE_ANGLE_UNIT ( ) SI_UNIT ( $, .RADIAN. ) );
#8046 = ORIENTED_EDGE ( 'NONE', *, *, #5556, .F. ) ;
#8047 = LINE ( 'NONE', #11743, #8953 ) ;
#8048 = UNCERTAINTY_MEASURE_WITH_UNIT (LENGTH_MEASURE( 1.000000000000000082E-05 ), #9396, 'distance_accuracy_value', 'NONE');
#8049 = SURFACE_STYLE_USAGE ( .BOTH. , #3784 ) ;
#8050 = CIRCLE ( 'NONE', #8080, 0.7499999999999997780 ) ;
#8051 = CARTESIAN_POINT ( 'NONE',  ( 0.7500000000009998669, 11.09999999999999964, 4.142093751461121798 ) ) ;
#8052 =( GEOMETRIC_REPRESENTATION_CONTEXT ( 3 ) GLOBAL_UNCERTAINTY_ASSIGNED_CONTEXT ( ( #4864 ) ) GLOBAL_UNIT_ASSIGNED_CONTEXT ( ( #6604, #6541, #9416 ) ) REPRESENTATION_CONTEXT ( 'NONE', 'WORKASPACE' ) );
#8053 = CARTESIAN_POINT ( 'NONE',  ( 5.599999999999999645, 8.000000000000000000, 2.600000000000000533 ) ) ;
#8054 = DIRECTION ( 'NONE',  ( 0.000000000000000000, 0.000000000000000000, 1.000000000000000000 ) ) ;
#8055 = SURFACE_STYLE_FILL_AREA ( #8233 ) ;
#8056 = CARTESIAN_POINT ( 'NONE',  ( 8.000000000000000000, 4.750000000000000888, 0.000000000000000000 ) ) ;
#8057 = ADVANCED_FACE ( 'NONE', ( #10624 ), #531, .T. ) ;
#8058 = UNCERTAINTY_MEASURE_WITH_UNIT (LENGTH_MEASURE( 1.000000000000000082E-05 ), #2627, 'distance_accuracy_value', 'NONE');
#8059 = DIRECTION ( 'NONE',  ( 0.000000000000000000, 0.000000000000000000, 1.000000000000000000 ) ) ;
#8060 = VERTEX_POINT ( 'NONE', #1715 ) ;
#8061 = CARTESIAN_POINT ( 'NONE',  ( 11.09999999999999964, -4.750000000000000000, 11.40000000000000036 ) ) ;
#8062 = VECTOR ( 'NONE', #11308, 1000.000000000000000 ) ;
#8063 = DIRECTION ( 'NONE',  ( -1.000000000000000000, 0.000000000000000000, 0.000000000000000000 ) ) ;
#8064 = COLOUR_RGB ( '',0.8196078431372548767, 0.8000000000000000444, 0.7529411764705882248 ) ;
#8065 = DIRECTION ( 'NONE',  ( 0.000000000000000000, -1.776356839400250465E-15, 1.000000000000000000 ) ) ;
#8066 = DIRECTION ( 'NONE',  ( 0.000000000000000000, 0.000000000000000000, -1.000000000000000000 ) ) ;
#8067 = DIRECTION ( 'NONE',  ( 0.000000000000000000, 5.348620343038999729E-16, 1.000000000000000000 ) ) ;
#8068 =( LENGTH_UNIT ( ) NAMED_UNIT ( * ) SI_UNIT ( .MILLI., .METRE. ) );
#8069 = LINE ( 'NONE', #4477, #8944 ) ;
#8070 = MECHANICAL_DESIGN_GEOMETRIC_PRESENTATION_REPRESENTATION (  '', ( #7697 ), #2456 ) ;
#8071 = VECTOR ( 'NONE', #5992, 1000.000000000000000 ) ;
#8072 = SURFACE_STYLE_USAGE ( .BOTH. , #1241 ) ;
#8073 = SURFACE_SIDE_STYLE ('',( #1533 ) ) ;
#8074 = EDGE_CURVE ( 'NONE', #3454, #10563, #3272, .T. ) ;
#8075 = CARTESIAN_POINT ( 'NONE',  ( 2.417818347357805653, -7.110055474219124427, 5.000000000000001776 ) ) ;
#8076 = ORIENTED_EDGE ( 'NONE', *, *, #7203, .F. ) ;
#8077 = VECTOR ( 'NONE', #8903, 1000.000000000000000 ) ;
#8078 =( GEOMETRIC_REPRESENTATION_CONTEXT ( 3 ) GLOBAL_UNCERTAINTY_ASSIGNED_CONTEXT ( ( #2355 ) ) GLOBAL_UNIT_ASSIGNED_CONTEXT ( ( #6776, #11382, #9696 ) ) REPRESENTATION_CONTEXT ( 'NONE', 'WORKASPACE' ) );
#8079 = ORIENTED_EDGE ( 'NONE', *, *, #11598, .T. ) ;
#8080 = AXIS2_PLACEMENT_3D ( 'NONE', #729, #3368, #2689 ) ;
#8081 = ORIENTED_EDGE ( 'NONE', *, *, #410, .T. ) ;
#8082 = SURFACE_STYLE_FILL_AREA ( #583 ) ;
#8083 = EDGE_CURVE ( 'NONE', #10020, #10732, #10201, .T. ) ;
#8084 = SURFACE_STYLE_USAGE ( .BOTH. , #7963 ) ;
#8085 =( NAMED_UNIT ( * ) PLANE_ANGLE_UNIT ( ) SI_UNIT ( $, .RADIAN. ) );
#8086 = CYLINDRICAL_SURFACE ( 'NONE', #11432, 2.299999999999999822 ) ;
#8087 = PRESENTATION_STYLE_ASSIGNMENT (( #11841 ) ) ;
#8088 = DIRECTION ( 'NONE',  ( -1.000000000000000000, -1.306144734853000006E-15, 0.000000000000000000 ) ) ;
#8089 = APPLICATION_PROTOCOL_DEFINITION ( 'draft international standard', 'automotive_design', 1998, #3828 ) ;
#8090 = ORIENTED_EDGE ( 'NONE', *, *, #3716, .T. ) ;
#8091 =( GEOMETRIC_REPRESENTATION_CONTEXT ( 3 ) GLOBAL_UNCERTAINTY_ASSIGNED_CONTEXT ( ( #4174 ) ) GLOBAL_UNIT_ASSIGNED_CONTEXT ( ( #9991, #5326, #4541 ) ) REPRESENTATION_CONTEXT ( 'NONE', 'WORKASPACE' ) );
#8092 = ORIENTED_EDGE ( 'NONE', *, *, #7358, .T. ) ;
#8093 = CARTESIAN_POINT ( 'NONE',  ( 7.000000000000000000, 6.650000000000000355, 0.000000000000000000 ) ) ;
#8094 = PRESENTATION_STYLE_ASSIGNMENT (( #7177 ) ) ;
#8095 = EDGE_CURVE ( 'NONE', #2379, #6589, #2609, .T. ) ;
#8096 = EDGE_CURVE ( 'NONE', #1740, #6324, #8317, .T. ) ;
#8097 = ADVANCED_FACE ( 'NONE', ( #6312 ), #816, .T. ) ;
#8098 = FILL_AREA_STYLE ('',( #2569 ) ) ;
#8099 = ORIENTED_EDGE ( 'NONE', *, *, #426, .F. ) ;
#8100 = ORIENTED_EDGE ( 'NONE', *, *, #7582, .T. ) ;
#8101 = CARTESIAN_POINT ( 'NONE',  ( 7.492820323027550522, 7.492820323027550522, 11.69282032302755070 ) ) ;
#8102 = SURFACE_STYLE_FILL_AREA ( #2849 ) ;
#8103 = LINE ( 'NONE', #8862, #9359 ) ;
#8104 = DIRECTION ( 'NONE',  ( 0.000000000000000000, 0.000000000000000000, 1.000000000000000000 ) ) ;
#8105 =( NAMED_UNIT ( * ) SI_UNIT ( $, .STERADIAN. ) SOLID_ANGLE_UNIT ( ) );
#8106 = CARTESIAN_POINT ( 'NONE',  ( -7.750000000000000000, 6.650000000000000355, -3.700000000000000178 ) ) ;
#8107 = SURFACE_STYLE_FILL_AREA ( #5490 ) ;
#8108 = COLOUR_RGB ( '',0.09803921568627450844, 0.09803921568627450844, 0.09803921568627450844 ) ;
#8109 = LINE ( 'NONE', #6479, #42 ) ;
#8110 = VECTOR ( 'NONE', #9409, 1000.000000000000000 ) ;
#8111 = EDGE_LOOP ( 'NONE', ( #11867, #11798, #2601, #8014 ) ) ;
#8112 = CARTESIAN_POINT ( 'NONE',  ( 9.550000000000000711, 4.750000000000000000, 0.8000000000000000444 ) ) ;
#8113 = CARTESIAN_POINT ( 'NONE',  ( 11.09999999999999964, -0.7500000000009999779, 4.142093751461000117 ) ) ;
#8114 = SHAPE_REPRESENTATION ( 'COMPOUND003', ( #3260 ), #1355 ) ;
#8115 = AXIS2_PLACEMENT_3D ( 'NONE', #8904, #10530, #2221 ) ;
#8116 = DIRECTION ( 'NONE',  ( 0.000000000000000000, 0.000000000000000000, -1.000000000000000000 ) ) ;
#8117 = CARTESIAN_POINT ( 'NONE',  ( 11.09999999999999964, 4.250000000000000000, 9.400000000000000355 ) ) ;
#8118 = SURFACE_SIDE_STYLE ('',( #4308 ) ) ;
#8119 = PLANE ( 'NONE',  #1957 ) ;
#8120 = DIRECTION ( 'NONE',  ( 0.000000000000000000, 1.000000000000000000, -1.068988633312000001E-12 ) ) ;
#8121 = CARTESIAN_POINT ( 'NONE',  ( -4.250000000000000000, 10.59999999999999964, 7.900000000007000089 ) ) ;
#8122 = VECTOR ( 'NONE', #6571, 1000.000000000000000 ) ;
#8123 = MECHANICAL_DESIGN_GEOMETRIC_PRESENTATION_REPRESENTATION (  '', ( #6576 ), #3862 ) ;
#8124 = ORIENTED_EDGE ( 'NONE', *, *, #2115, .F. ) ;
#8125 = ORIENTED_EDGE ( 'NONE', *, *, #9100, .T. ) ;
#8126 = ORIENTED_EDGE ( 'NONE', *, *, #857, .F. ) ;
#8127 = ORIENTED_EDGE ( 'NONE', *, *, #9504, .F. ) ;
#8128 = SURFACE_STYLE_FILL_AREA ( #9001 ) ;
#8129 = CARTESIAN_POINT ( 'NONE',  ( -7.492820323027548746, 7.775658889420197895, 11.40998175663489533 ) ) ;
#8130 = PRESENTATION_LAYER_ASSIGNMENT (  '', '', ( #4070 ) ) ;
#8131 = FILL_AREA_STYLE ('',( #6313 ) ) ;
#8132 =( LENGTH_UNIT ( ) NAMED_UNIT ( * ) SI_UNIT ( .MILLI., .METRE. ) );
#8133 = MECHANICAL_DESIGN_GEOMETRIC_PRESENTATION_REPRESENTATION (  '', ( #8930 ), #4836 ) ;
#8134 = CARTESIAN_POINT ( 'NONE',  ( -3.250000000000000444, -8.250000000000000000, 0.000000000000000000 ) ) ;
#8135 = COLOUR_RGB ( '',0.8196078431372548767, 0.8000000000000000444, 0.7529411764705882248 ) ;
#8136 = FILL_AREA_STYLE_COLOUR ( '', #7250 ) ;
#8137 = FILL_AREA_STYLE_COLOUR ( '', #8108 ) ;
#8138 = CARTESIAN_POINT ( 'NONE',  ( -4.750000000000000000, 8.949999999999999289, 0.000000000000000000 ) ) ;
#8139 = APPLICATION_PROTOCOL_DEFINITION ( 'draft international standard', 'automotive_design', 1998, #6141 ) ;
#8140 = VERTEX_POINT ( 'NONE', #6495 ) ;
#8141 = ORIENTED_EDGE ( 'NONE', *, *, #9175, .T. ) ;
#8142 = MECHANICAL_DESIGN_GEOMETRIC_PRESENTATION_REPRESENTATION (  '', ( #989 ), #2894 ) ;
#8143 = ORIENTED_EDGE ( 'NONE', *, *, #1397, .F. ) ;
#8144 = CARTESIAN_POINT ( 'NONE',  ( -3.450000000000000178, -13.15000000000000036, 2.600000000000000533 ) ) ;
#8145 = SURFACE_SIDE_STYLE ('',( #6267 ) ) ;
#8146 =( NAMED_UNIT ( * ) SI_UNIT ( $, .STERADIAN. ) SOLID_ANGLE_UNIT ( ) );
#8147 = AXIS2_PLACEMENT_3D ( 'NONE', #5754, #1835, #10930 ) ;
#8148 = SURFACE_STYLE_USAGE ( .BOTH. , #3357 ) ;
#8149 = DIRECTION ( 'NONE',  ( 1.000000000000000000, 0.000000000000000000, -0.000000000000000000 ) ) ;
#8150 = LINE ( 'NONE', #10884, #5674 ) ;
#8151 = UNCERTAINTY_MEASURE_WITH_UNIT (LENGTH_MEASURE( 1.000000000000000082E-05 ), #10599, 'distance_accuracy_value', 'NONE');
#8152 = CARTESIAN_POINT ( 'NONE',  ( 8.500000000000000000, 6.650000000000000355, 0.000000000000000000 ) ) ;
#8153 =( NAMED_UNIT ( * ) SI_UNIT ( $, .STERADIAN. ) SOLID_ANGLE_UNIT ( ) );
#8154 = MECHANICAL_DESIGN_GEOMETRIC_PRESENTATION_REPRESENTATION (  '', ( #1581 ), #6009 ) ;
#8155 = MECHANICAL_DESIGN_GEOMETRIC_PRESENTATION_REPRESENTATION (  '', ( #7589 ), #8759 ) ;
#8156 = CIRCLE ( 'NONE', #2907, 4.000000000000000000 ) ;
#8157 = ORIENTED_EDGE ( 'NONE', *, *, #8428, .T. ) ;
#8158 = ADVANCED_FACE ( 'NONE', ( #9367, #3590 ), #9303, .T. ) ;
#8159 = ORIENTED_EDGE ( 'NONE', *, *, #5394, .F. ) ;
#8160 = ORIENTED_EDGE ( 'NONE', *, *, #5738, .F. ) ;
#8161 = MECHANICAL_DESIGN_GEOMETRIC_PRESENTATION_REPRESENTATION (  '', ( #2160 ), #5442 ) ;
#8162 = ADVANCED_BREP_SHAPE_REPRESENTATION ( '', ( #11518, #3260 ), #10831 ) ;
#8163 = COLOUR_RGB ( '',0.7019607843137254388, 0.7019607843137254388, 0.7019607843137254388 ) ;
#8164 = AXIS2_PLACEMENT_3D ( 'NONE', #10184, #6665, #11197 ) ;
#8165 = UNCERTAINTY_MEASURE_WITH_UNIT (LENGTH_MEASURE( 1.000000000000000082E-05 ), #2920, 'distance_accuracy_value', 'NONE');
#8166 = PRESENTATION_STYLE_ASSIGNMENT (( #5965 ) ) ;
#8167 = PLANE ( 'NONE',  #2447 ) ;
#8168 = CARTESIAN_POINT ( 'NONE',  ( 7.499999999999999112, 14.68150322570513922, 5.014602920070928782 ) ) ;
#8169 = UNCERTAINTY_MEASURE_WITH_UNIT (LENGTH_MEASURE( 1.000000000000000082E-05 ), #8736, 'distance_accuracy_value', 'NONE');
#8170 = CARTESIAN_POINT ( 'NONE',  ( 11.09999999999999964, -0.7500000000009998669, 0.8000000000000000444 ) ) ;
#8171 = ORIENTED_EDGE ( 'NONE', *, *, #4630, .T. ) ;
#8172 = CARTESIAN_POINT ( 'NONE',  ( 4.750000000000000000, 8.000000000000000000, 3.200000000000000178 ) ) ;
#8173 = VECTOR ( 'NONE', #5964, 1000.000000000000000 ) ;
#8174 = PRESENTATION_LAYER_ASSIGNMENT (  '', '', ( #8777 ) ) ;
#8175 = VECTOR ( 'NONE', #5586, 1000.000000000000000 ) ;
#8176 =( REPRESENTATION_RELATIONSHIP ('NONE','NONE', #2998, #9379 ) REPRESENTATION_RELATIONSHIP_WITH_TRANSFORMATION ( #6800 )SHAPE_REPRESENTATION_RELATIONSHIP( ) );
#8177 = EDGE_CURVE ( 'NONE', #498, #7507, #1109, .T. ) ;
#8178 =( GEOMETRIC_REPRESENTATION_CONTEXT ( 3 ) GLOBAL_UNCERTAINTY_ASSIGNED_CONTEXT ( ( #4515 ) ) GLOBAL_UNIT_ASSIGNED_CONTEXT ( ( #11408, #5883, #5217 ) ) REPRESENTATION_CONTEXT ( 'NONE', 'WORKASPACE' ) );
#8179 = CARTESIAN_POINT ( 'NONE',  ( 9.250000000000000000, -2.500000000000000000, 0.000000000000000000 ) ) ;
#8180 = FILL_AREA_STYLE_COLOUR ( '', #9461 ) ;
#8181 = STYLED_ITEM ( 'NONE', ( #1496 ), #1215 ) ;
#8182 = CARTESIAN_POINT ( 'NONE',  ( -7.492820323027550522, -7.492820323027550522, 11.69282032302755070 ) ) ;
#8183 = FACE_OUTER_BOUND ( 'NONE', #10825, .T. ) ;
#8184 = FILL_AREA_STYLE ('',( #10056 ) ) ;
#8185 = FILL_AREA_STYLE_COLOUR ( '', #8800 ) ;
#8186 = CARTESIAN_POINT ( 'NONE',  ( -2.409445752345271696, -7.112913402586948486, 5.000000000000000000 ) ) ;
#8187 = ORIENTED_EDGE ( 'NONE', *, *, #3241, .T. ) ;
#8188 = EDGE_CURVE ( 'NONE', #1618, #7109, #224, .T. ) ;
#8189 = CIRCLE ( 'NONE', #4508, 0.7499999999999997780 ) ;
#8190 =( GEOMETRIC_REPRESENTATION_CONTEXT ( 3 ) GLOBAL_UNCERTAINTY_ASSIGNED_CONTEXT ( ( #9271 ) ) GLOBAL_UNIT_ASSIGNED_CONTEXT ( ( #4765, #9685, #8667 ) ) REPRESENTATION_CONTEXT ( 'NONE', 'WORKASPACE' ) );
#8191 = EDGE_LOOP ( 'NONE', ( #358, #9843, #1151, #9720 ) ) ;
#8192 = VERTEX_POINT ( 'NONE', #8501 ) ;
#8193 = CARTESIAN_POINT ( 'NONE',  ( -0.4249999999999999889, -0.9250000000000000444, 19.40000000000000213 ) ) ;
#8194 = CARTESIAN_POINT ( 'NONE',  ( 7.492820323027550522, -7.775658889420202335, 11.40998175663490244 ) ) ;
#8195 = FACE_OUTER_BOUND ( 'NONE', #6785, .T. ) ;
#8196 = SURFACE_STYLE_USAGE ( .BOTH. , #4432 ) ;
#8197 =( NAMED_UNIT ( * ) PLANE_ANGLE_UNIT ( ) SI_UNIT ( $, .RADIAN. ) );
#8198 = SURFACE_SIDE_STYLE ('',( #818 ) ) ;
#8199 = CIRCLE ( 'NONE', #7229, 0.7500000000000006661 ) ;
#8200 = ADVANCED_FACE ( 'NONE', ( #6736 ), #10323, .F. ) ;
#8201 = FILL_AREA_STYLE_COLOUR ( '', #644 ) ;
#8202 = VECTOR ( 'NONE', #4965, 1000.000000000000000 ) ;
#8203 = SURFACE_STYLE_USAGE ( .BOTH. , #4500 ) ;
#8204 = EDGE_CURVE ( 'NONE', #1805, #2562, #6974, .T. ) ;
#8205 = CARTESIAN_POINT ( 'NONE',  ( -5.599999999999999645, -8.000000000000000000, 0.000000000000000000 ) ) ;
#8206 = SHAPE_DEFINITION_REPRESENTATION ( #1191, #10135 ) ;
#8207 = ORIENTED_EDGE ( 'NONE', *, *, #11090, .T. ) ;
#8208 = EDGE_CURVE ( 'NONE', #2417, #5865, #4066, .T. ) ;
#8209 = EDGE_LOOP ( 'NONE', ( #8090, #6275, #5877, #1538 ) ) ;
#8210 = DIRECTION ( 'NONE',  ( 0.000000000000000000, 0.000000000000000000, -1.000000000000000000 ) ) ;
#8211 =( GEOMETRIC_REPRESENTATION_CONTEXT ( 3 ) GLOBAL_UNCERTAINTY_ASSIGNED_CONTEXT ( ( #4042 ) ) GLOBAL_UNIT_ASSIGNED_CONTEXT ( ( #5822, #5031, #477 ) ) REPRESENTATION_CONTEXT ( 'NONE', 'WORKASPACE' ) );
#8212 = ORIENTED_EDGE ( 'NONE', *, *, #426, .T. ) ;
#8213 = VECTOR ( 'NONE', #9877, 1000.000000000000000 ) ;
#8214 = SURFACE_STYLE_USAGE ( .BOTH. , #10986 ) ;
#8215 = CARTESIAN_POINT ( 'NONE',  ( 11.09999999999999964, -4.750000000000000000, 7.900000000000999556 ) ) ;
#8216 = CARTESIAN_POINT ( 'NONE',  ( -0.5749999999999992895, -0.7750000000000021316, 12.13765756135626361 ) ) ;
#8217 = CARTESIAN_POINT ( 'NONE',  ( 6.153667536169222352, 7.468626569605776311, 12.73591943233379453 ) ) ;
#8218 = DIRECTION ( 'NONE',  ( -1.000000000000000000, 0.000000000000000000, 0.000000000000000000 ) ) ;
#8219 = FILL_AREA_STYLE_COLOUR ( '', #5269 ) ;
#8220 =( LENGTH_UNIT ( ) NAMED_UNIT ( * ) SI_UNIT ( .MILLI., .METRE. ) );
#8221 = VECTOR ( 'NONE', #11780, 1000.000000000000000 ) ;
#8222 = FILL_AREA_STYLE ('',( #1735 ) ) ;
#8223 = EDGE_LOOP ( 'NONE', ( #10193, #4427, #4702, #5979, #9601, #6613, #869, #2084 ) ) ;
#8224 = EDGE_CURVE ( 'NONE', #4730, #11775, #7305, .T. ) ;
#8225 = ORIENTED_EDGE ( 'NONE', *, *, #2483, .F. ) ;
#8226 = ORIENTED_EDGE ( 'NONE', *, *, #315, .T. ) ;
#8227 = CARTESIAN_POINT ( 'NONE',  ( 5.637043878255644458, 4.944084741307549713, 4.999999999999998224 ) ) ;
#8228 = PRODUCT_DEFINITION_FORMATION_WITH_SPECIFIED_SOURCE ( 'ANY', '', #7270, .NOT_KNOWN. ) ;
#8229 = ORIENTED_EDGE ( 'NONE', *, *, #7845, .F. ) ;
#8230 = DIRECTION ( 'NONE',  ( -1.000000000000000000, 0.000000000000000000, 0.000000000000000000 ) ) ;
#8231 = ADVANCED_FACE ( 'NONE', ( #5868 ), #171, .F. ) ;
#8232 = DIRECTION ( 'NONE',  ( 1.000000000000000000, 0.000000000000000000, 0.000000000000000000 ) ) ;
#8233 = FILL_AREA_STYLE ('',( #4404 ) ) ;
#8234 = CARTESIAN_POINT ( 'NONE',  ( -7.498282525760231465, 0.1538670481573806703, 5.011099965572108239 ) ) ;
#8235 =( NAMED_UNIT ( * ) SI_UNIT ( $, .STERADIAN. ) SOLID_ANGLE_UNIT ( ) );
#8236 = EDGE_CURVE ( 'NONE', #11130, #2195, #4398, .T. ) ;
#8237 = AXIS2_PLACEMENT_3D ( 'NONE', #692, #6243, #7152 ) ;
#8238 = SURFACE_STYLE_USAGE ( .BOTH. , #5429 ) ;
#8239 = VERTEX_POINT ( 'NONE', #3383 ) ;
#8240 = CARTESIAN_POINT ( 'NONE',  ( 11.09999999999999964, -4.250000000000000000, 9.400000000000000355 ) ) ;
#8241 =( NAMED_UNIT ( * ) PLANE_ANGLE_UNIT ( ) SI_UNIT ( $, .RADIAN. ) );
#8242 = VECTOR ( 'NONE', #7146, 1000.000000000000000 ) ;
#8243 = APPLICATION_CONTEXT ( 'automotive_design' ) ;
#8244 =( LENGTH_UNIT ( ) NAMED_UNIT ( * ) SI_UNIT ( .MILLI., .METRE. ) );
#8245 = SURFACE_SIDE_STYLE ('',( #8366 ) ) ;
#8246 = ADVANCED_FACE ( 'NONE', ( #11581 ), #10668, .T. ) ;
#8247 =( NAMED_UNIT ( * ) PLANE_ANGLE_UNIT ( ) SI_UNIT ( $, .RADIAN. ) );
#8248 = FILL_AREA_STYLE ('',( #3696 ) ) ;
#8249 = EDGE_CURVE ( 'NONE', #1618, #1001, #9067, .T. ) ;
#8250 = LINE ( 'NONE', #2702, #335 ) ;
#8251 = CARTESIAN_POINT ( 'NONE',  ( 11.09999999999999964, 4.250000000000000000, 2.899999999999999911 ) ) ;
#8252 = DIRECTION ( 'NONE',  ( 0.000000000000000000, 0.000000000000000000, 1.000000000000000000 ) ) ;
#8253 = VECTOR ( 'NONE', #598, 1000.000000000000000 ) ;
#8254 = FILL_AREA_STYLE_COLOUR ( '', #1312 ) ;
#8255 = VERTEX_POINT ( 'NONE', #11642 ) ;
#8256 = ORIENTED_EDGE ( 'NONE', *, *, #4272, .T. ) ;
#8257 = ORIENTED_EDGE ( 'NONE', *, *, #1059, .F. ) ;
#8258 = CARTESIAN_POINT ( 'NONE',  ( 4.750000000000000000, 11.09999999999999964, 0.8000000000000000444 ) ) ;
#8259 = SURFACE_STYLE_USAGE ( .BOTH. , #6440 ) ;
#8260 = CARTESIAN_POINT ( 'NONE',  ( 10.59999999999999964, 0.7500000000014999113, 10.15790624853875279 ) ) ;
#8261 = AXIS2_PLACEMENT_3D ( 'NONE', #3261, #1485, #6927 ) ;
#8262 = CARTESIAN_POINT ( 'NONE',  ( 7.196750994715550576, -6.501134022317425654, 12.09236796711367390 ) ) ;
#8263 = DIRECTION ( 'NONE',  ( -1.000000000000000000, 0.000000000000000000, 0.000000000000000000 ) ) ;
#8264 = FACE_OUTER_BOUND ( 'NONE', #6701, .T. ) ;
#8265 = DIRECTION ( 'NONE',  ( -1.000000000000000000, 0.000000000000000000, 0.000000000000000000 ) ) ;
#8266 = STYLED_ITEM ( 'NONE', ( #8787 ), #8894 ) ;
#8267 = PRODUCT_CONTEXT ( 'NONE', #7632, 'mechanical' ) ;
#8268 = MECHANICAL_DESIGN_GEOMETRIC_PRESENTATION_REPRESENTATION (  '', ( #9807 ), #8078 ) ;
#8269 = AXIS2_PLACEMENT_3D ( 'NONE', #9218, #11870, #783 ) ;
#8270 = ORIENTED_EDGE ( 'NONE', *, *, #315, .F. ) ;
#8271 = ORIENTED_EDGE ( 'NONE', *, *, #8188, .T. ) ;
#8272 = EDGE_CURVE ( 'NONE', #2327, #5800, #6052, .T. ) ;
#8273 = VERTEX_POINT ( 'NONE', #8005 ) ;
#8274 = DIRECTION ( 'NONE',  ( 0.000000000000000000, 0.000000000000000000, -1.000000000000000000 ) ) ;
#8275 = VECTOR ( 'NONE', #5531, 1000.000000000000000 ) ;
#8276 = FACE_OUTER_BOUND ( 'NONE', #2473, .T. ) ;
#8277 = DIRECTION ( 'NONE',  ( -1.000000000000000000, 0.000000000000000000, 0.000000000000000000 ) ) ;
#8278 = DIRECTION ( 'NONE',  ( -0.000000000000000000, 1.000000000000000000, 0.000000000000000000 ) ) ;
#8279 = UNCERTAINTY_MEASURE_WITH_UNIT (LENGTH_MEASURE( 1.000000000000000082E-05 ), #10497, 'distance_accuracy_value', 'NONE');
#8280 = SHAPE_REPRESENTATION_RELATIONSHIP ( 'NONE' , 'NONE' ,  #1786, #8606 ) ;
#8281 = EDGE_LOOP ( 'NONE', ( #4648, #4315, #5751, #3723 ) ) ;
#8282 =( GEOMETRIC_REPRESENTATION_CONTEXT ( 3 ) GLOBAL_UNCERTAINTY_ASSIGNED_CONTEXT ( ( #1524 ) ) GLOBAL_UNIT_ASSIGNED_CONTEXT ( ( #9814, #465, #8875 ) ) REPRESENTATION_CONTEXT ( 'NONE', 'WORKASPACE' ) );
#8283 = STYLED_ITEM ( 'NONE', ( #2410 ), #8587 ) ;
#8284 = VERTEX_POINT ( 'NONE', #514 ) ;
#8285 =( NAMED_UNIT ( * ) PLANE_ANGLE_UNIT ( ) SI_UNIT ( $, .RADIAN. ) );
#8286 = ORIENTED_EDGE ( 'NONE', *, *, #2966, .T. ) ;
#8287 = FILL_AREA_STYLE_COLOUR ( '', #89 ) ;
#8288 = SURFACE_STYLE_USAGE ( .BOTH. , #4590 ) ;
#8289 = CARTESIAN_POINT ( 'NONE',  ( 10.25000000000000000, 2.500000000000000000, 0.000000000000000000 ) ) ;
#8290 = FACE_OUTER_BOUND ( 'NONE', #6403, .T. ) ;
#8291 = CARTESIAN_POINT ( 'NONE',  ( 8.500000000000000000, -6.650000000000000355, 0.000000000000000000 ) ) ;
#8292 = FILL_AREA_STYLE_COLOUR ( '', #5065 ) ;
#8293 = LINE ( 'NONE', #7568, #3297 ) ;
#8294 = UNCERTAINTY_MEASURE_WITH_UNIT (LENGTH_MEASURE( 1.000000000000000082E-05 ), #7093, 'distance_accuracy_value', 'NONE');
#8295 = CARTESIAN_POINT ( 'NONE',  ( 11.09999999999999964, -4.250000000000000000, 9.400000000000000355 ) ) ;
#8296 = ORIENTED_EDGE ( 'NONE', *, *, #10204, .F. ) ;
#8297 = CARTESIAN_POINT ( 'NONE',  ( 2.250000000000000444, 10.59999999999999964, 9.400000000000000355 ) ) ;
#8298 = FACE_OUTER_BOUND ( 'NONE', #3238, .T. ) ;
#8299 = LINE ( 'NONE', #11759, #8960 ) ;
#8300 = DIRECTION ( 'NONE',  ( 0.000000000000000000, -1.000000000000000000, -0.000000000000000000 ) ) ;
#8301 = DIRECTION ( 'NONE',  ( -0.000000000000000000, -0.000000000000000000, 1.000000000000000000 ) ) ;
#8302 = STYLED_ITEM ( 'NONE', ( #6599 ), #11117 ) ;
#8303 =( NAMED_UNIT ( * ) SI_UNIT ( $, .STERADIAN. ) SOLID_ANGLE_UNIT ( ) );
#8304 = DIRECTION ( 'NONE',  ( 0.000000000000000000, -0.000000000000000000, 1.000000000000000000 ) ) ;
#8305 = DIRECTION ( 'NONE',  ( -1.000000000000000000, 0.000000000000000000, 0.000000000000000000 ) ) ;
#8306 =( NAMED_UNIT ( * ) SI_UNIT ( $, .STERADIAN. ) SOLID_ANGLE_UNIT ( ) );
#8307 = CARTESIAN_POINT ( 'NONE',  ( 7.397569079163362815, -1.222917276015128119, 4.999999999999999112 ) ) ;
#8308 = STYLED_ITEM ( 'NONE', ( #10106 ), #11331 ) ;
#8309 = ORIENTED_EDGE ( 'NONE', *, *, #8982, .F. ) ;
#8310 = EDGE_CURVE ( 'NONE', #9340, #1353, #11703, .T. ) ;
#8311 = ORIENTED_EDGE ( 'NONE', *, *, #7621, .F. ) ;
#8312 = EDGE_LOOP ( 'NONE', ( #8510, #4740, #9313, #10746 ) ) ;
#8313 = ORIENTED_EDGE ( 'NONE', *, *, #10534, .F. ) ;
#8314 = CARTESIAN_POINT ( 'NONE',  ( 7.492820323027549634, -7.492820323027550522, 11.69282032302755070 ) ) ;
#8315 = SURFACE_SIDE_STYLE ('',( #11024 ) ) ;
#8316 = SURFACE_STYLE_FILL_AREA ( #938 ) ;
#8317 = LINE ( 'NONE', #7351, #8757 ) ;
#8318 =( NAMED_UNIT ( * ) PLANE_ANGLE_UNIT ( ) SI_UNIT ( $, .RADIAN. ) );
#8319 = PRESENTATION_STYLE_ASSIGNMENT (( #9184 ) ) ;
#8320 =( GEOMETRIC_REPRESENTATION_CONTEXT ( 3 ) GLOBAL_UNCERTAINTY_ASSIGNED_CONTEXT ( ( #11425 ) ) GLOBAL_UNIT_ASSIGNED_CONTEXT ( ( #5418, #776, #1 ) ) REPRESENTATION_CONTEXT ( 'NONE', 'WORKASPACE' ) );
#8321 = FACE_OUTER_BOUND ( 'NONE', #4802, .T. ) ;
#8322 = PRESENTATION_LAYER_ASSIGNMENT (  '', '', ( #30 ) ) ;
#8323 = CARTESIAN_POINT ( 'NONE',  ( 0.5749999999999999556, 0.7750000000000001332, 5.000000000000000000 ) ) ;
#8324 = APPLICATION_PROTOCOL_DEFINITION ( 'draft international standard', 'automotive_design', 1998, #1974 ) ;
#8325 = VERTEX_POINT ( 'NONE', #5266 ) ;
#8326 = AXIS2_PLACEMENT_3D ( 'NONE', #3278, #10576, #5108 ) ;
#8327 = VERTEX_POINT ( 'NONE', #7895 ) ;
#8328 = CARTESIAN_POINT ( 'NONE',  ( 8.000000000000000000, -4.750000000000000000, 9.400000000000000355 ) ) ;
#8329 = ORIENTED_EDGE ( 'NONE', *, *, #10391, .T. ) ;
#8330 = DIRECTION ( 'NONE',  ( 1.000000000000000000, 0.000000000000000000, 0.000000000000000000 ) ) ;
#8331 = DIRECTION ( 'NONE',  ( -0.000000000000000000, -0.000000000000000000, -1.000000000000000000 ) ) ;
#8332 =( LENGTH_UNIT ( ) NAMED_UNIT ( * ) SI_UNIT ( .MILLI., .METRE. ) );
#8333 =( GEOMETRIC_REPRESENTATION_CONTEXT ( 3 ) GLOBAL_UNCERTAINTY_ASSIGNED_CONTEXT ( ( #1142 ) ) GLOBAL_UNIT_ASSIGNED_CONTEXT ( ( #4835, #343, #10481 ) ) REPRESENTATION_CONTEXT ( 'NONE', 'WORKASPACE' ) );
#8334 = SURFACE_STYLE_USAGE ( .BOTH. , #2972 ) ;
#8335 = CARTESIAN_POINT ( 'NONE',  ( 3.000000000000000000, -7.950000000000000178, 0.7500000000000000000 ) ) ;
#8336 = CARTESIAN_POINT ( 'NONE',  ( -8.699999999999999289, -5.599999999999999645, 0.000000000000000000 ) ) ;
#8337 = ADVANCED_FACE ( 'NONE', ( #9708 ), #9655, .T. ) ;
#8338 = PRESENTATION_LAYER_ASSIGNMENT (  '', '', ( #6792 ) ) ;
#8339 = VECTOR ( 'NONE', #41, 1000.000000000000000 ) ;
#8340 = VERTEX_POINT ( 'NONE', #7400 ) ;
#8341 = CARTESIAN_POINT ( 'NONE',  ( -6.799999999999999822, 6.799999999999999822, 11.00000000000000000 ) ) ;
#8342 = VERTEX_POINT ( 'NONE', #3637 ) ;
#8343 = DIRECTION ( 'NONE',  ( 1.000000000000000000, 0.000000000000000000, 0.000000000000000000 ) ) ;
#8344 = FILL_AREA_STYLE_COLOUR ( '', #1611 ) ;
#8345 =( GEOMETRIC_REPRESENTATION_CONTEXT ( 3 ) GLOBAL_UNCERTAINTY_ASSIGNED_CONTEXT ( ( #11175 ) ) GLOBAL_UNIT_ASSIGNED_CONTEXT ( ( #7263, #5428, #8235 ) ) REPRESENTATION_CONTEXT ( 'NONE', 'WORKASPACE' ) );
#8346 = VECTOR ( 'NONE', #11584, 1000.000000000000000 ) ;
#8347 = DIRECTION ( 'NONE',  ( 0.000000000000000000, 0.000000000000000000, -1.000000000000000000 ) ) ;
#8348 = DIRECTION ( 'NONE',  ( 0.000000000000000000, 0.000000000000000000, -1.000000000000000000 ) ) ;
#8349 = PRODUCT_DEFINITION_SHAPE ( 'NONE', 'NONE',  #6138 ) ;
#8350 = STYLED_ITEM ( 'NONE', ( #11559 ), #486 ) ;
#8351 = FILL_AREA_STYLE_COLOUR ( '', #7796 ) ;
#8352 = AXIS2_PLACEMENT_3D ( 'NONE', #3769, #2117, #6622 ) ;
#8353 = SURFACE_STYLE_USAGE ( .BOTH. , #6528 ) ;
#8354 = ADVANCED_FACE ( 'NONE', ( #7215 ), #9291, .F. ) ;
#8355 = CARTESIAN_POINT ( 'NONE',  ( -8.500000000000000000, -6.650000000000000355, -3.700000000000000178 ) ) ;
#8356 = ORIENTED_EDGE ( 'NONE', *, *, #2276, .T. ) ;
#8357 = DIRECTION ( 'NONE',  ( -1.000000000000000000, -0.000000000000000000, -0.000000000000000000 ) ) ;
#8358 = EDGE_CURVE ( 'NONE', #4321, #1656, #799, .T. ) ;
#8359 = MECHANICAL_DESIGN_GEOMETRIC_PRESENTATION_REPRESENTATION (  '', ( #5432 ), #8948 ) ;
#8360 = STYLED_ITEM ( 'NONE', ( #8936 ), #7382 ) ;
#8361 = CARTESIAN_POINT ( 'NONE',  ( 10.59999999999999964, 5.551115123125999639E-16, 7.150000000000000355 ) ) ;
#8362 = STYLED_ITEM ( 'NONE', ( #3733 ), #3502 ) ;
#8363 = EDGE_CURVE ( 'NONE', #10092, #11316, #5935, .T. ) ;
#8364 = PRESENTATION_LAYER_ASSIGNMENT (  '', '', ( #1201 ) ) ;
#8365 = CARTESIAN_POINT ( 'NONE',  ( 8.949999999999999289, -4.750000000000000000, 3.200000000000000178 ) ) ;
#8366 = SURFACE_STYLE_FILL_AREA ( #4654 ) ;
#8367 =( NAMED_UNIT ( * ) SI_UNIT ( $, .STERADIAN. ) SOLID_ANGLE_UNIT ( ) );
#8368 = MECHANICAL_DESIGN_GEOMETRIC_PRESENTATION_REPRESENTATION (  '', ( #4108 ), #5635 ) ;
#8369 = LINE ( 'NONE', #11139, #4347 ) ;
#8370 = CARTESIAN_POINT ( 'NONE',  ( -6.799999999999999822, 6.799999999999999822, 2.600000000000000533 ) ) ;
#8371 = COLOUR_RGB ( '',0.6274509803921568540, 0.6274509803921568540, 0.6274509803921568540 ) ;
#8372 = VECTOR ( 'NONE', #190, 1000.000000000000000 ) ;
#8373 = CIRCLE ( 'NONE', #8579, 0.5999999999999998668 ) ;
#8374 = CYLINDRICAL_SURFACE ( 'NONE', #2793, 1.200000000000000622 ) ;
#8375 =( NAMED_UNIT ( * ) SI_UNIT ( $, .STERADIAN. ) SOLID_ANGLE_UNIT ( ) );
#8376 = CARTESIAN_POINT ( 'NONE',  ( 7.494062906722723127, -0.2437807060749813959, 5.000000000000000888 ) ) ;
#8377 = STYLED_ITEM ( 'NONE', ( #9578 ), #2302 ) ;
#8378 = PRESENTATION_LAYER_ASSIGNMENT (  '', '', ( #3732 ) ) ;
#8379 = VERTEX_POINT ( 'NONE', #9232 ) ;
#8380 = ORIENTED_EDGE ( 'NONE', *, *, #2423, .T. ) ;
#8381 = COLOUR_RGB ( '',0.7019607843137254388, 0.7019607843137254388, 0.7019607843137254388 ) ;
#8382 =( GEOMETRIC_REPRESENTATION_CONTEXT ( 3 ) GLOBAL_UNCERTAINTY_ASSIGNED_CONTEXT ( ( #1270 ) ) GLOBAL_UNIT_ASSIGNED_CONTEXT ( ( #10882, #11675, #6270 ) ) REPRESENTATION_CONTEXT ( 'NONE', 'WORKASPACE' ) );
#8383 = DIRECTION ( 'NONE',  ( 0.000000000000000000, 1.000000000000000000, 0.000000000000000000 ) ) ;
#8384 = SURFACE_SIDE_STYLE ('',( #3397 ) ) ;
#8385 = FILL_AREA_STYLE ('',( #9476 ) ) ;
#8386 = DIRECTION ( 'NONE',  ( 1.000000000000000000, 0.000000000000000000, -0.000000000000000000 ) ) ;
#8387 = FILL_AREA_STYLE_COLOUR ( '', #10059 ) ;
#8388 = PRESENTATION_STYLE_ASSIGNMENT (( #10427 ) ) ;
#8389 = PLANE ( 'NONE',  #8352 ) ;
#8390 = FILL_AREA_STYLE ('',( #43 ) ) ;
#8391 = ADVANCED_FACE ( 'NONE', ( #6295 ), #6421, .F. ) ;
#8392 = CARTESIAN_POINT ( 'NONE',  ( 11.09999999999999964, 5.551115123125999639E-16, 7.150000000000000355 ) ) ;
#8393 = CARTESIAN_POINT ( 'NONE',  ( -3.750000000000000444, -8.250000000000000000, -3.700000000000000178 ) ) ;
#8394 = CARTESIAN_POINT ( 'NONE',  ( 2.000000000000000000, -12.94999999999999929, 4.200000000000000178 ) ) ;
#8395 = PRODUCT_CONTEXT ( 'NONE', #2794, 'mechanical' ) ;
#8396 = ORIENTED_EDGE ( 'NONE', *, *, #11875, .T. ) ;
#8397 = ORIENTED_EDGE ( 'NONE', *, *, #10377, .F. ) ;
#8398 = ORIENTED_EDGE ( 'NONE', *, *, #2762, .F. ) ;
#8399 = DIRECTION ( 'NONE',  ( -0.000000000000000000, 0.000000000000000000, -1.000000000000000000 ) ) ;
#8400 =( NAMED_UNIT ( * ) SI_UNIT ( $, .STERADIAN. ) SOLID_ANGLE_UNIT ( ) );
#8401 = DIRECTION ( 'NONE',  ( -0.000000000000000000, 0.000000000000000000, -1.000000000000000000 ) ) ;
#8402 = AXIS2_PLACEMENT_3D ( 'NONE', #9758, #7709, #9529 ) ;
#8403 = DIRECTION ( 'NONE',  ( -0.000000000000000000, 1.000000000000000000, 0.000000000000000000 ) ) ;
#8404 = VECTOR ( 'NONE', #3951, 1000.000000000000000 ) ;
#8405 = LINE ( 'NONE', #9383, #7994 ) ;
#8406 = CARTESIAN_POINT ( 'NONE',  ( -5.599999999999999645, 8.000000000000000000, 0.000000000000000000 ) ) ;
#8407 = SURFACE_SIDE_STYLE ('',( #2080 ) ) ;
#8408 = UNCERTAINTY_MEASURE_WITH_UNIT (LENGTH_MEASURE( 1.000000000000000082E-05 ), #1689, 'distance_accuracy_value', 'NONE');
#8409 = CARTESIAN_POINT ( 'NONE',  ( -5.599999999999999645, 8.000000000000000000, 3.200000000000000178 ) ) ;
#8410 = DIRECTION ( 'NONE',  ( 1.000000000000000000, 0.000000000000000000, 0.000000000000000000 ) ) ;
#8411 = AXIS2_PLACEMENT_3D ( 'NONE', #10615, #7717, #9766 ) ;
#8412 = ORIENTED_EDGE ( 'NONE', *, *, #1695, .T. ) ;
#8413 = CARTESIAN_POINT ( 'NONE',  ( 7.255253755063700183, 1.939268062709772922, 4.999999999999999112 ) ) ;
#8414 = ORIENTED_EDGE ( 'NONE', *, *, #9842, .F. ) ;
#8415 = CARTESIAN_POINT ( 'NONE',  ( 0.000000000000000000, -8.000000000000000000, 2.600000000000000533 ) ) ;
#8416 = MECHANICAL_DESIGN_GEOMETRIC_PRESENTATION_REPRESENTATION (  '', ( #1452 ), #7829 ) ;
#8417 = DIRECTION ( 'NONE',  ( -1.000000000000000000, 0.000000000000000000, 0.000000000000000000 ) ) ;
#8418 = SURFACE_SIDE_STYLE ('',( #7629 ) ) ;
#8419 = DIRECTION ( 'NONE',  ( 0.000000000000000000, 0.000000000000000000, 1.000000000000000000 ) ) ;
#8420 = SURFACE_STYLE_USAGE ( .BOTH. , #4530 ) ;
#8421 = SURFACE_STYLE_USAGE ( .BOTH. , #10239 ) ;
#8422 = FILL_AREA_STYLE_COLOUR ( '', #9098 ) ;
#8423 = ORIENTED_EDGE ( 'NONE', *, *, #2641, .T. ) ;
#8424 =( NAMED_UNIT ( * ) SI_UNIT ( $, .STERADIAN. ) SOLID_ANGLE_UNIT ( ) );
#8425 =( GEOMETRIC_REPRESENTATION_CONTEXT ( 3 ) GLOBAL_UNCERTAINTY_ASSIGNED_CONTEXT ( ( #9385 ) ) GLOBAL_UNIT_ASSIGNED_CONTEXT ( ( #11600, #6888, #1365 ) ) REPRESENTATION_CONTEXT ( 'NONE', 'WORKASPACE' ) );
#8426 = CLOSED_SHELL ( 'NONE', ( #9371, #3931, #9287, #770 ) ) ;
#8427 = FACE_OUTER_BOUND ( 'NONE', #196, .T. ) ;
#8428 = EDGE_CURVE ( 'NONE', #9905, #10927, #5443, .T. ) ;
#8429 = SURFACE_STYLE_USAGE ( .BOTH. , #4720 ) ;
#8430 = CARTESIAN_POINT ( 'NONE',  ( 0.4749711655149045919, -0.8750288344850976063, 12.13395806230482599 ) ) ;
#8431 = FILL_AREA_STYLE ('',( #9526 ) ) ;
#8432 = AXIS2_PLACEMENT_3D ( 'NONE', #11393, #1289, #2365 ) ;
#8433 = SURFACE_SIDE_STYLE ('',( #6538 ) ) ;
#8434 = AXIS2_PLACEMENT_3D ( 'NONE', #1819, #4774, #8487 ) ;
#8435 = DIRECTION ( 'NONE',  ( 0.000000000000000000, 0.000000000000000000, -1.000000000000000000 ) ) ;
#8436 = VECTOR ( 'NONE', #5768, 1000.000000000000000 ) ;
#8437 = CIRCLE ( 'NONE', #5126, 3.100000000000000533 ) ;
#8438 = VERTEX_POINT ( 'NONE', #4417 ) ;
#8439 = ORIENTED_EDGE ( 'NONE', *, *, #6305, .F. ) ;
#8440 = EDGE_LOOP ( 'NONE', ( #1487, #4078, #7172, #3804 ) ) ;
#8441 = CARTESIAN_POINT ( 'NONE',  ( 7.500000000000000000, -7.500000000000000000, 2.600000000000000533 ) ) ;
#8442 = FILL_AREA_STYLE ('',( #4734 ) ) ;
#8443 = FACE_OUTER_BOUND ( 'NONE', #4853, .T. ) ;
#8444 = SHAPE_REPRESENTATION ( 'COMPOUND004', ( #3260 ), #2108 ) ;
#8445 =( NAMED_UNIT ( * ) SI_UNIT ( $, .STERADIAN. ) SOLID_ANGLE_UNIT ( ) );
#8446 = FACE_BOUND ( 'NONE', #9309, .T. ) ;
#8447 = FILL_AREA_STYLE_COLOUR ( '', #3504 ) ;
#8448 = STYLED_ITEM ( 'NONE', ( #544 ), #6045 ) ;
#8449 =( NAMED_UNIT ( * ) PLANE_ANGLE_UNIT ( ) SI_UNIT ( $, .RADIAN. ) );
#8450 = PRODUCT ( 'COMPOUND010', 'COMPOUND010', '', ( #709 ) ) ;
#8451 = CYLINDRICAL_SURFACE ( 'NONE', #4712, 2.299999999999999822 ) ;
#8452 =( NAMED_UNIT ( * ) PLANE_ANGLE_UNIT ( ) SI_UNIT ( $, .RADIAN. ) );
#8453 =( NAMED_UNIT ( * ) SI_UNIT ( $, .STERADIAN. ) SOLID_ANGLE_UNIT ( ) );
#8454 = ORIENTED_EDGE ( 'NONE', *, *, #667, .T. ) ;
#8455 = STYLED_ITEM ( 'NONE', ( #719 ), #6376 ) ;
#8456 = VERTEX_POINT ( 'NONE', #8117 ) ;
#8457 = SURFACE_STYLE_FILL_AREA ( #7724 ) ;
#8458 = AXIS2_PLACEMENT_3D ( 'NONE', #5671, #2811, #91 ) ;
#8459 = EDGE_CURVE ( 'NONE', #7424, #1833, #2817, .T. ) ;
#8460 = ORIENTED_EDGE ( 'NONE', *, *, #5766, .F. ) ;
#8461 = CARTESIAN_POINT ( 'NONE',  ( 0.000000000000000000, 0.000000000000000000, 11.70000000000000107 ) ) ;
#8462 = FACE_OUTER_BOUND ( 'NONE', #4732, .T. ) ;
#8463 = DIRECTION ( 'NONE',  ( 0.000000000000000000, 0.000000000000000000, -1.000000000000000000 ) ) ;
#8464 = DIRECTION ( 'NONE',  ( 0.000000000000000000, 0.000000000000000000, -1.000000000000000000 ) ) ;
#8465 = LINE ( 'NONE', #9267, #8636 ) ;
#8466 = CYLINDRICAL_SURFACE ( 'NONE', #1024, 0.5000000000000000000 ) ;
#8467 = AXIS2_PLACEMENT_3D ( 'NONE', #82, #3851, #11370 ) ;
#8468 = PLANE ( 'NONE',  #5878 ) ;
#8469 = AXIS2_PLACEMENT_3D ( 'NONE', #8394, #117, #1111 ) ;
#8470 =( NAMED_UNIT ( * ) SI_UNIT ( $, .STERADIAN. ) SOLID_ANGLE_UNIT ( ) );
#8471 = EDGE_LOOP ( 'NONE', ( #1351, #1806, #3132, #11114, #6287, #9300, #8229, #2950 ) ) ;
#8472 = CARTESIAN_POINT ( 'NONE',  ( -0.4862784486394172712, 7.482261354452923285, 5.000000000000000000 ) ) ;
#8473 = ADVANCED_FACE ( 'NONE', ( #8490 ), #3863, .T. ) ;
#8474 = EDGE_CURVE ( 'NONE', #10457, #1300, #9525, .T. ) ;
#8475 =( GEOMETRIC_REPRESENTATION_CONTEXT ( 3 ) GLOBAL_UNCERTAINTY_ASSIGNED_CONTEXT ( ( #8685 ) ) GLOBAL_UNIT_ASSIGNED_CONTEXT ( ( #9002, #9890, #10066 ) ) REPRESENTATION_CONTEXT ( 'NONE', 'WORKASPACE' ) );
#8476 = ORIENTED_EDGE ( 'NONE', *, *, #11637, .F. ) ;
#8477 = EDGE_CURVE ( 'NONE', #8327, #7224, #5613, .T. ) ;
#8478 = AXIS2_PLACEMENT_3D ( 'NONE', #1331, #4387, #5004 ) ;
#8479 = DIRECTION ( 'NONE',  ( -0.000000000000000000, -0.000000000000000000, 1.000000000000000000 ) ) ;
#8480 = SURFACE_STYLE_FILL_AREA ( #9625 ) ;
#8481 = CARTESIAN_POINT ( 'NONE',  ( 11.09999999999999964, -4.750000000000000000, 2.899999999999999911 ) ) ;
#8482 = CYLINDRICAL_SURFACE ( 'NONE', #7636, 0.5000000000000000000 ) ;
#8483 = LINE ( 'NONE', #1084, #6995 ) ;
#8484 = VECTOR ( 'NONE', #8386, 1000.000000000000000 ) ;
#8485 = ORIENTED_EDGE ( 'NONE', *, *, #2269, .T. ) ;
#8486 = MECHANICAL_DESIGN_GEOMETRIC_PRESENTATION_REPRESENTATION (  '', ( #8684 ), #2282 ) ;
#8487 = DIRECTION ( 'NONE',  ( 0.000000000000000000, 0.000000000000000000, -1.000000000000000000 ) ) ;
#8488 = CARTESIAN_POINT ( 'NONE',  ( 1.750000000000000000, -10.94999999999999929, 4.200000000000000178 ) ) ;
#8489 = CARTESIAN_POINT ( 'NONE',  ( -6.799999999999999822, -8.000000000000000000, 11.00000000000000000 ) ) ;
#8490 = FACE_OUTER_BOUND ( 'NONE', #4236, .T. ) ;
#8491 = DIRECTION ( 'NONE',  ( -1.000000000000000000, 0.000000000000000000, 0.000000000000000000 ) ) ;
#8492 =( NAMED_UNIT ( * ) SI_UNIT ( $, .STERADIAN. ) SOLID_ANGLE_UNIT ( ) );
#8493 = PRESENTATION_STYLE_ASSIGNMENT (( #1095 ) ) ;
#8494 = DIRECTION ( 'NONE',  ( 0.8164965809277260345, 0.4082482904638629617, -0.4082482904638632393 ) ) ;
#8495 = EDGE_CURVE ( 'NONE', #9440, #8639, #564, .T. ) ;
#8496 = EDGE_LOOP ( 'NONE', ( #734, #4195, #5511, #779 ) ) ;
#8497 = VERTEX_POINT ( 'NONE', #7580 ) ;
#8498 = ORIENTED_EDGE ( 'NONE', *, *, #2921, .F. ) ;
#8499 = FILL_AREA_STYLE_COLOUR ( '', #4359 ) ;
#8500 = CARTESIAN_POINT ( 'NONE',  ( -3.750000000000000444, -12.75000000000000178, -3.700000000000000178 ) ) ;
#8501 = CARTESIAN_POINT ( 'NONE',  ( 7.336656314599949269, -6.799999999999999822, 12.07331262919989889 ) ) ;
#8502 = FILL_AREA_STYLE ('',( #7482 ) ) ;
#8503 = CARTESIAN_POINT ( 'NONE',  ( -7.492820323027549634, -7.492820323027549634, 11.69282032302754892 ) ) ;
#8504 =( LENGTH_UNIT ( ) NAMED_UNIT ( * ) SI_UNIT ( .MILLI., .METRE. ) );
#8505 = CARTESIAN_POINT ( 'NONE',  ( -0.5249813419655269264, -0.8250186580344746057, 12.13631255030616174 ) ) ;
#8506 = EDGE_CURVE ( 'NONE', #10097, #6685, #11260, .T. ) ;
#8507 = PLANE ( 'NONE',  #2868 ) ;
#8508 = VECTOR ( 'NONE', #5051, 1000.000000000000000 ) ;
#8509 = FILL_AREA_STYLE ('',( #3774 ) ) ;
#8510 = ORIENTED_EDGE ( 'NONE', *, *, #6410, .T. ) ;
#8511 = EDGE_LOOP ( 'NONE', ( #10744, #9647, #2029, #9942 ) ) ;
#8512 = DIRECTION ( 'NONE',  ( 0.000000000000000000, 0.000000000000000000, 1.000000000000000000 ) ) ;
#8513 = ORIENTED_EDGE ( 'NONE', *, *, #3301, .T. ) ;
#8514 = COLOUR_RGB ( '',0.9137254901960784048, 0.5137254901960783826, 0.1372549019607843257 ) ;
#8515 = FILL_AREA_STYLE ('',( #3964 ) ) ;
#8516 = PRESENTATION_LAYER_ASSIGNMENT (  '', '', ( #9679 ) ) ;
#8517 = PRESENTATION_STYLE_ASSIGNMENT (( #5709 ) ) ;
#8518 = DIRECTION ( 'NONE',  ( -1.000000000000000000, 0.000000000000000000, 0.000000000000000000 ) ) ;
#8519 = LINE ( 'NONE', #4626, #9042 ) ;
#8520 = PRESENTATION_STYLE_ASSIGNMENT (( #6464 ) ) ;
#8521 = UNCERTAINTY_MEASURE_WITH_UNIT (LENGTH_MEASURE( 1.000000000000000082E-05 ), #11093, 'distance_accuracy_value', 'NONE');
#8522 =( NAMED_UNIT ( * ) PLANE_ANGLE_UNIT ( ) SI_UNIT ( $, .RADIAN. ) );
#8523 = DIRECTION ( 'NONE',  ( 0.000000000000000000, 0.000000000000000000, 1.000000000000000000 ) ) ;
#8524 = MECHANICAL_DESIGN_GEOMETRIC_PRESENTATION_REPRESENTATION (  '', ( #227 ), #3467 ) ;
#8525 = VECTOR ( 'NONE', #3339, 1000.000000000000000 ) ;
#8526 = ORIENTED_EDGE ( 'NONE', *, *, #1913, .T. ) ;
#8527 = CARTESIAN_POINT ( 'NONE',  ( -0.2385022112271997785, 7.494213768099633022, 4.999999999999995559 ) ) ;
#8528 = ORIENTED_EDGE ( 'NONE', *, *, #5478, .F. ) ;
#8529 = CARTESIAN_POINT ( 'NONE',  ( 11.09999999999999964, 4.750000000000000000, 9.400000000000000355 ) ) ;
#8530 = CARTESIAN_POINT ( 'NONE',  ( -7.750000000000000000, -6.650000000000000355, 0.000000000000000000 ) ) ;
#8531 = PRODUCT_DEFINITION_CONTEXT ( 'detailed design', #11091, 'design' ) ;
#8532 = FACE_OUTER_BOUND ( 'NONE', #10514, .T. ) ;
#8533 = STYLED_ITEM ( 'NONE', ( #9189 ), #11761 ) ;
#8534 = FILL_AREA_STYLE ('',( #2805 ) ) ;
#8535 = DIRECTION ( 'NONE',  ( 1.000000000000000000, 0.000000000000000000, -0.000000000000000000 ) ) ;
#8536 = DIRECTION ( 'NONE',  ( -1.000000000000000000, -1.168655815394999918E-15, 0.000000000000000000 ) ) ;
#8537 = CARTESIAN_POINT ( 'NONE',  ( -8.699999999999999289, -2.725000000000000089, 0.000000000000000000 ) ) ;
#8538 = UNCERTAINTY_MEASURE_WITH_UNIT (LENGTH_MEASURE( 1.000000000000000082E-05 ), #9834, 'distance_accuracy_value', 'NONE');
#8539 = AXIS2_PLACEMENT_3D ( 'NONE', #1705, #3697, #11081 ) ;
#8540 = DIRECTION ( 'NONE',  ( -0.000000000000000000, 0.000000000000000000, 1.000000000000000000 ) ) ;
#8541 = EDGE_CURVE ( 'NONE', #9665, #11180, #4721, .T. ) ;
#8542 = COLOUR_RGB ( '',0.8196078431372548767, 0.8000000000000000444, 0.7529411764705882248 ) ;
#8543 = VERTEX_POINT ( 'NONE', #394 ) ;
#8544 = SURFACE_SIDE_STYLE ('',( #2041 ) ) ;
#8545 = AXIS2_PLACEMENT_3D ( 'NONE', #4997, #5904, #11495 ) ;
#8546 = STYLED_ITEM ( 'NONE', ( #11066 ), #3885 ) ;
#8547 = PRESENTATION_LAYER_ASSIGNMENT (  '', '', ( #2133 ) ) ;
#8548 = UNCERTAINTY_MEASURE_WITH_UNIT (LENGTH_MEASURE( 1.000000000000000082E-05 ), #5516, 'distance_accuracy_value', 'NONE');
#8549 = CARTESIAN_POINT ( 'NONE',  ( -5.599999999999999645, 8.949999999999999289, 0.000000000000000000 ) ) ;
#8550 = CARTESIAN_POINT ( 'NONE',  ( 11.09999999999999964, -0.7500000000069999562, 11.40000000000000036 ) ) ;
#8551 = SURFACE_STYLE_USAGE ( .BOTH. , #1273 ) ;
#8552 = SURFACE_STYLE_FILL_AREA ( #8431 ) ;
#8553 =( NAMED_UNIT ( * ) PLANE_ANGLE_UNIT ( ) SI_UNIT ( $, .RADIAN. ) );
#8554 = DIRECTION ( 'NONE',  ( 1.000000000000000000, 0.000000000000000000, -0.000000000000000000 ) ) ;
#8555 = PLANE ( 'NONE',  #2511 ) ;
#8556 = FILL_AREA_STYLE_COLOUR ( '', #4265 ) ;
#8557 = AXIS2_PLACEMENT_3D ( 'NONE', #11612, #3290, #11793 ) ;
#8558 = STYLED_ITEM ( 'NONE', ( #927 ), #10770 ) ;
#8559 = EDGE_CURVE ( 'NONE', #2327, #4490, #11754, .T. ) ;
#8560 = VECTOR ( 'NONE', #10454, 1000.000000000000000 ) ;
#8561 = ORIENTED_EDGE ( 'NONE', *, *, #6334, .F. ) ;
#8562 = ORIENTED_EDGE ( 'NONE', *, *, #5847, .T. ) ;
#8563 = PRESENTATION_LAYER_ASSIGNMENT (  '', '', ( #10306 ) ) ;
#8564 = CARTESIAN_POINT ( 'NONE',  ( 3.000000000000000000, 9.750000000000000000, 0.8000000000000000444 ) ) ;
#8565 = MECHANICAL_DESIGN_GEOMETRIC_PRESENTATION_REPRESENTATION (  '', ( #6017 ), #3722 ) ;
#8566 =( GEOMETRIC_REPRESENTATION_CONTEXT ( 3 ) GLOBAL_UNCERTAINTY_ASSIGNED_CONTEXT ( ( #11677 ) ) GLOBAL_UNIT_ASSIGNED_CONTEXT ( ( #5772, #648, #7230 ) ) REPRESENTATION_CONTEXT ( 'NONE', 'WORKASPACE' ) );
#8567 = DIRECTION ( 'NONE',  ( 0.000000000000000000, 0.000000000000000000, 1.000000000000000000 ) ) ;
#8568 = LINE ( 'NONE', #293, #8404 ) ;
#8569 = COLOUR_RGB ( '',0.7019607843137254388, 0.7019607843137254388, 0.7019607843137254388 ) ;
#8570 = AXIS2_PLACEMENT_3D ( 'NONE', #5856, #2299, #5971 ) ;
#8571 = CARTESIAN_POINT ( 'NONE',  ( -7.492820323027550522, -7.209981756634901373, 11.97565888942019896 ) ) ;
#8572 = DIRECTION ( 'NONE',  ( 1.068854917803000021E-12, 0.000000000000000000, -1.000000000000000000 ) ) ;
#8573 = FILL_AREA_STYLE_COLOUR ( '', #3751 ) ;
#8574 = EDGE_CURVE ( 'NONE', #1263, #6246, #4890, .T. ) ;
#8575 = CARTESIAN_POINT ( 'NONE',  ( 8.949999999999999289, 4.750000000000000000, 3.200000000000000178 ) ) ;
#8576 = MECHANICAL_DESIGN_GEOMETRIC_PRESENTATION_REPRESENTATION (  '', ( #7410 ), #1798 ) ;
#8577 = ORIENTED_EDGE ( 'NONE', *, *, #6471, .T. ) ;
#8578 = AXIS2_PLACEMENT_3D ( 'NONE', #3899, #8892, #10628 ) ;
#8579 = AXIS2_PLACEMENT_3D ( 'NONE', #1557, #6149, #7248 ) ;
#8580 = VERTEX_POINT ( 'NONE', #4830 ) ;
#8581 = DIRECTION ( 'NONE',  ( 1.000000000000000000, 0.000000000000000000, -0.000000000000000000 ) ) ;
#8582 = ORIENTED_EDGE ( 'NONE', *, *, #2236, .T. ) ;
#8583 = ADVANCED_FACE ( 'NONE', ( #278 ), #3061, .T. ) ;
#8584 = FACE_OUTER_BOUND ( 'NONE', #7905, .T. ) ;
#8585 = PLANE ( 'NONE',  #3216 ) ;
#8586 = DIRECTION ( 'NONE',  ( 0.000000000000000000, 0.000000000000000000, -1.000000000000000000 ) ) ;
#8587 = ADVANCED_FACE ( 'NONE', ( #7028 ), #7822, .F. ) ;
#8588 = SURFACE_STYLE_USAGE ( .BOTH. , #4862 ) ;
#8589 =( LENGTH_UNIT ( ) NAMED_UNIT ( * ) SI_UNIT ( .MILLI., .METRE. ) );
#8590 = EDGE_CURVE ( 'NONE', #8497, #10924, #2296, .T. ) ;
#8591 = DIRECTION ( 'NONE',  ( 1.000000000000000000, 0.000000000000000000, 0.000000000000000000 ) ) ;
#8592 = ORIENTED_EDGE ( 'NONE', *, *, #1796, .F. ) ;
#8593 = CARTESIAN_POINT ( 'NONE',  ( -2.405531241125193009, 7.114586519822964306, 5.000000000000000888 ) ) ;
#8594 = STYLED_ITEM ( 'NONE', ( #5781 ), #1445 ) ;
#8595 = VERTEX_POINT ( 'NONE', #677 ) ;
#8596 = CIRCLE ( 'NONE', #11878, 3.100000000000000533 ) ;
#8597 =( LENGTH_UNIT ( ) NAMED_UNIT ( * ) SI_UNIT ( .MILLI., .METRE. ) );
#8598 = SURFACE_SIDE_STYLE ('',( #318 ) ) ;
#8599 = FILL_AREA_STYLE ('',( #11309 ) ) ;
#8600 = DIRECTION ( 'NONE',  ( -0.000000000000000000, 1.000000000000000000, 0.000000000000000000 ) ) ;
#8601 = LINE ( 'NONE', #324, #2403 ) ;
#8602 = VECTOR ( 'NONE', #4565, 1000.000000000000000 ) ;
#8603 = EDGE_CURVE ( 'NONE', #1565, #8325, #1518, .T. ) ;
#8604 = SURFACE_SIDE_STYLE ('',( #203 ) ) ;
#8605 = ORIENTED_EDGE ( 'NONE', *, *, #6554, .F. ) ;
#8606 = ADVANCED_BREP_SHAPE_REPRESENTATION ( '', ( #7462, #3260 ), #2498 ) ;
#8607 = CARTESIAN_POINT ( 'NONE',  ( 10.59999999999999964, 2.500000000000000000, 9.650000000003002398 ) ) ;
#8608 = VECTOR ( 'NONE', #6150, 1000.000000000000000 ) ;
#8609 = ADVANCED_FACE ( 'NONE', ( #2351 ), #4229, .T. ) ;
#8610 = ADVANCED_FACE ( 'NONE', ( #614 ), #8167, .T. ) ;
#8611 = AXIS2_PLACEMENT_3D ( 'NONE', #4544, #2534, #2427 ) ;
#8612 = LINE ( 'NONE', #2875, #6235 ) ;
#8613 = FACE_OUTER_BOUND ( 'NONE', #4998, .T. ) ;
#8614 = EDGE_CURVE ( 'NONE', #2329, #3454, #11935, .T. ) ;
#8615 = CARTESIAN_POINT ( 'NONE',  ( -0.3499999999999999778, -14.40000000000000213, 0.000000000000000000 ) ) ;
#8616 = SURFACE_STYLE_USAGE ( .BOTH. , #3865 ) ;
#8617 = CARTESIAN_POINT ( 'NONE',  ( -8.618474822569968552, -6.236222926405406319, 11.50351578913342010 ) ) ;
#8618 = SURFACE_STYLE_FILL_AREA ( #458 ) ;
#8619 = PRESENTATION_LAYER_ASSIGNMENT (  '', '', ( #10346 ) ) ;
#8620 = EDGE_LOOP ( 'NONE', ( #5417, #122, #8934, #3519 ) ) ;
#8621 = EDGE_LOOP ( 'NONE', ( #9677, #2360, #8081, #3190, #2764 ) ) ;
#8622 = EDGE_CURVE ( 'NONE', #1371, #6992, #3438, .T. ) ;
#8623 = EDGE_CURVE ( 'NONE', #11190, #9574, #6476, .T. ) ;
#8624 = PRODUCT_DEFINITION_FORMATION_WITH_SPECIFIED_SOURCE ( 'ANY', '', #8450, .NOT_KNOWN. ) ;
#8625 = DIRECTION ( 'NONE',  ( -1.000000000000000000, 0.000000000000000000, 0.000000000000000000 ) ) ;
#8626 = EDGE_CURVE ( 'NONE', #9224, #2313, #6228, .T. ) ;
#8627 = PLANE ( 'NONE',  #7012 ) ;
#8628 = DIRECTION ( 'NONE',  ( -1.000000000000000000, 3.581364595565000168E-16, -0.000000000000000000 ) ) ;
#8629 = CARTESIAN_POINT ( 'NONE',  ( -5.590292409647832805, 8.695597259647522392, 11.50436331485128605 ) ) ;
#8630 = STYLED_ITEM ( 'NONE', ( #2113 ), #153 ) ;
#8631 = FILL_AREA_STYLE ('',( #1220 ) ) ;
#8632 = COLOUR_RGB ( '',0.09803921568627450844, 0.09803921568627450844, 0.09803921568627450844 ) ;
#8633 = CARTESIAN_POINT ( 'NONE',  ( 2.250000000000000444, 9.550000000000000711, 11.90000000000000036 ) ) ;
#8634 = FACE_OUTER_BOUND ( 'NONE', #10112, .T. ) ;
#8636 = VECTOR ( 'NONE', #11109, 1000.000000000000000 ) ;
#8635 = FILL_AREA_STYLE ('',( #2257 ) ) ;
#8637 = CONTEXT_DEPENDENT_SHAPE_REPRESENTATION ( #7947, #5719 ) ;
#8638 = VECTOR ( 'NONE', #8730, 1000.000000000000000 ) ;
#8639 = VERTEX_POINT ( 'NONE', #10168 ) ;
#8640 = ORIENTED_EDGE ( 'NONE', *, *, #2608, .F. ) ;
#8641 = LINE ( 'NONE', #2069, #10487 ) ;
#8642 = EDGE_LOOP ( 'NONE', ( #11100, #10664, #868, #11591 ) ) ;
#8643 = SURFACE_SIDE_STYLE ('',( #3090 ) ) ;
#8644 = VECTOR ( 'NONE', #4413, 1000.000000000000000 ) ;
#8645 = APPLICATION_CONTEXT ( 'automotive_design' ) ;
#8646 = PLANE ( 'NONE',  #9863 ) ;
#8647 = CARTESIAN_POINT ( 'NONE',  ( -5.599999999999999645, 8.000000000000000000, 0.000000000000000000 ) ) ;
#8648 = FACE_OUTER_BOUND ( 'NONE', #526, .T. ) ;
#8649 = DIRECTION ( 'NONE',  ( -0.000000000000000000, -1.000000000000000000, -0.000000000000000000 ) ) ;
#8650 = CARTESIAN_POINT ( 'NONE',  ( 0.000000000000000000, 9.750000000000000000, -3.700000000000000178 ) ) ;
#8651 = SURFACE_STYLE_USAGE ( .BOTH. , #7673 ) ;
#8652 = UNCERTAINTY_MEASURE_WITH_UNIT (LENGTH_MEASURE( 1.000000000000000082E-05 ), #8949, 'distance_accuracy_value', 'NONE');
#8653 =( NAMED_UNIT ( * ) PLANE_ANGLE_UNIT ( ) SI_UNIT ( $, .RADIAN. ) );
#8654 = SURFACE_SIDE_STYLE ('',( #6890 ) ) ;
#8656 = VECTOR ( 'NONE', #9682, 1000.000000000000000 ) ;
#8655 = DIRECTION ( 'NONE',  ( 0.000000000000000000, 0.000000000000000000, 1.000000000000000000 ) ) ;
#8657 = PRESENTATION_LAYER_ASSIGNMENT (  '', '', ( #7088 ) ) ;
#8658 = ADVANCED_FACE ( 'NONE', ( #9087 ), #2691, .T. ) ;
#8659 = ORIENTED_EDGE ( 'NONE', *, *, #2015, .T. ) ;
#8660 = VERTEX_POINT ( 'NONE', #7323 ) ;
#8661 = FILL_AREA_STYLE_COLOUR ( '', #6458 ) ;
#8662 = FACE_OUTER_BOUND ( 'NONE', #5127, .T. ) ;
#8663 = UNCERTAINTY_MEASURE_WITH_UNIT (LENGTH_MEASURE( 1.000000000000000082E-05 ), #5125, 'distance_accuracy_value', 'NONE');
#8664 = AXIS2_PLACEMENT_3D ( 'NONE', #2775, #7421, #9434 ) ;
#8665 = DIRECTION ( 'NONE',  ( 0.000000000000000000, -0.000000000000000000, 1.000000000000000000 ) ) ;
#8666 = CYLINDRICAL_SURFACE ( 'NONE', #8115, 1.249999999999999778 ) ;
#8667 =( NAMED_UNIT ( * ) SI_UNIT ( $, .STERADIAN. ) SOLID_ANGLE_UNIT ( ) );
#8668 = FILL_AREA_STYLE_COLOUR ( '', #1646 ) ;
#8669 = UNCERTAINTY_MEASURE_WITH_UNIT (LENGTH_MEASURE( 1.000000000000000082E-05 ), #5881, 'distance_accuracy_value', 'NONE');
#8670 = CARTESIAN_POINT ( 'NONE',  ( 7.750000000000000000, -6.650000000000000355, 0.000000000000000000 ) ) ;
#8671 = VERTEX_POINT ( 'NONE', #6407 ) ;
#8672 = ORIENTED_EDGE ( 'NONE', *, *, #2509, .T. ) ;
#8673 = VECTOR ( 'NONE', #493, 1000.000000000000000 ) ;
#8674 = PRESENTATION_LAYER_ASSIGNMENT (  '', '', ( #10790 ) ) ;
#8675 = VECTOR ( 'NONE', #7469, 1000.000000000000000 ) ;
#8676 = UNCERTAINTY_MEASURE_WITH_UNIT (LENGTH_MEASURE( 1.000000000000000082E-05 ), #8712, 'distance_accuracy_value', 'NONE');
#8677 = CARTESIAN_POINT ( 'NONE',  ( 4.750000000000000000, 11.09999999999999964, 7.900000000000999556 ) ) ;
#8678 = FACE_OUTER_BOUND ( 'NONE', #10619, .T. ) ;
#8679 = SURFACE_STYLE_USAGE ( .BOTH. , #4949 ) ;
#8680 = FACE_OUTER_BOUND ( 'NONE', #1553, .T. ) ;
#8681 =( NAMED_UNIT ( * ) SI_UNIT ( $, .STERADIAN. ) SOLID_ANGLE_UNIT ( ) );
#8682 =( LENGTH_UNIT ( ) NAMED_UNIT ( * ) SI_UNIT ( .MILLI., .METRE. ) );
#8683 = VECTOR ( 'NONE', #5769, 1000.000000000000000 ) ;
#8684 = STYLED_ITEM ( 'NONE', ( #2187 ), #8231 ) ;
#8685 = UNCERTAINTY_MEASURE_WITH_UNIT (LENGTH_MEASURE( 1.000000000000000082E-05 ), #9002, 'distance_accuracy_value', 'NONE');
#8686 = PRESENTATION_STYLE_ASSIGNMENT (( #4952 ) ) ;
#8687 = LINE ( 'NONE', #5973, #11876 ) ;
#8688 = CARTESIAN_POINT ( 'NONE',  ( 11.09999999999999964, 0.7500000000009998669, 10.15790624853887891 ) ) ;
#8689 = PRODUCT_DEFINITION ( 'UNKNOWN', '', #2974, #7195 ) ;
#8690 = VERTEX_POINT ( 'NONE', #11747 ) ;
#8691 = COLOUR_RGB ( '',0.8196078431372548767, 0.8000000000000000444, 0.7529411764705882248 ) ;
#8692 = VECTOR ( 'NONE', #4173, 1000.000000000000000 ) ;
#8693 = ORIENTED_EDGE ( 'NONE', *, *, #4537, .F. ) ;
#8694 = SURFACE_SIDE_STYLE ('',( #9592 ) ) ;
#8695 = DIRECTION ( 'NONE',  ( -0.000000000000000000, 1.000000000000000000, 0.000000000000000000 ) ) ;
#8696 = CARTESIAN_POINT ( 'NONE',  ( 4.700000000000001066, -8.949999999999999289, 2.600000000000000533 ) ) ;
#8697 = CARTESIAN_POINT ( 'NONE',  ( -2.750000000000000444, -12.75000000000000178, 0.000000000000000000 ) ) ;
#8698 = LINE ( 'NONE', #7603, #7381 ) ;
#8699 =( NAMED_UNIT ( * ) PLANE_ANGLE_UNIT ( ) SI_UNIT ( $, .RADIAN. ) );
#8700 = PRESENTATION_STYLE_ASSIGNMENT (( #4131 ) ) ;
#8701 = SURFACE_STYLE_FILL_AREA ( #4969 ) ;
#8702 = EDGE_CURVE ( 'NONE', #7507, #2781, #3615, .T. ) ;
#8703 =( NAMED_UNIT ( * ) PLANE_ANGLE_UNIT ( ) SI_UNIT ( $, .RADIAN. ) );
#8704 = ORIENTED_EDGE ( 'NONE', *, *, #412, .F. ) ;
#8705 = EDGE_LOOP ( 'NONE', ( #9211, #5156, #8910, #9161 ) ) ;
#8706 = DIRECTION ( 'NONE',  ( 1.000000000000000000, 0.000000000000000000, -0.000000000000000000 ) ) ;
#8707 = EDGE_LOOP ( 'NONE', ( #3750, #8125, #1164, #11531, #8157, #9391 ) ) ;
#8708 = CARTESIAN_POINT ( 'NONE',  ( 10.59999999999999964, -3.007906248538754213, 7.900000000001499600 ) ) ;
#8709 = MECHANICAL_DESIGN_GEOMETRIC_PRESENTATION_REPRESENTATION (  '', ( #7730 ), #7926 ) ;
#8710 =( NAMED_UNIT ( * ) SI_UNIT ( $, .STERADIAN. ) SOLID_ANGLE_UNIT ( ) );
#8711 = PRESENTATION_STYLE_ASSIGNMENT (( #8651 ) ) ;
#8712 =( LENGTH_UNIT ( ) NAMED_UNIT ( * ) SI_UNIT ( .MILLI., .METRE. ) );
#8713 =( LENGTH_UNIT ( ) NAMED_UNIT ( * ) SI_UNIT ( .MILLI., .METRE. ) );
#8714 = CARTESIAN_POINT ( 'NONE',  ( 0.000000000000000000, 0.000000000000000000, 0.000000000000000000 ) ) ;
#8715 = VECTOR ( 'NONE', #2541, 1000.000000000000000 ) ;
#8716 = VERTEX_POINT ( 'NONE', #9508 ) ;
#8717 = CARTESIAN_POINT ( 'NONE',  ( -5.121789508151937120, 5.476109426924740120, 5.000000000000000888 ) ) ;
#8718 = COLOUR_RGB ( '',0.8196078431372548767, 0.8000000000000000444, 0.7529411764705882248 ) ;
#8719 = ORIENTED_EDGE ( 'NONE', *, *, #3174, .T. ) ;
#8720 = DIRECTION ( 'NONE',  ( 1.000000000000000000, 0.000000000000000000, -0.000000000000000000 ) ) ;
#8721 =( LENGTH_UNIT ( ) NAMED_UNIT ( * ) SI_UNIT ( .MILLI., .METRE. ) );
#8722 = DIRECTION ( 'NONE',  ( -0.000000000000000000, 1.000000000000000000, -0.000000000000000000 ) ) ;
#8723 = PRESENTATION_STYLE_ASSIGNMENT (( #4344 ) ) ;
#8724 =( NAMED_UNIT ( * ) PLANE_ANGLE_UNIT ( ) SI_UNIT ( $, .RADIAN. ) );
#8725 = VECTOR ( 'NONE', #4581, 1000.000000000000000 ) ;
#8726 = EDGE_LOOP ( 'NONE', ( #10982, #8794 ) ) ;
#8727 =( LENGTH_UNIT ( ) NAMED_UNIT ( * ) SI_UNIT ( .MILLI., .METRE. ) );
#8728 =( GEOMETRIC_REPRESENTATION_CONTEXT ( 3 ) GLOBAL_UNCERTAINTY_ASSIGNED_CONTEXT ( ( #2241 ) ) GLOBAL_UNIT_ASSIGNED_CONTEXT ( ( #10687, #6069, #2442 ) ) REPRESENTATION_CONTEXT ( 'NONE', 'WORKASPACE' ) );
#8729 = EDGE_CURVE ( 'NONE', #9224, #5029, #7294, .T. ) ;
#8730 = DIRECTION ( 'NONE',  ( 0.000000000000000000, -1.000000000000000000, 1.069189206575000149E-12 ) ) ;
#8731 = AXIS2_PLACEMENT_3D ( 'NONE', #708, #6378, #11781 ) ;
#8732 = SURFACE_SIDE_STYLE ('',( #5002 ) ) ;
#8733 = ADVANCED_FACE ( 'NONE', ( #7443 ), #3799, .T. ) ;
#8734 = DIRECTION ( 'NONE',  ( -1.000000000000000000, 0.000000000000000000, 0.000000000000000000 ) ) ;
#8735 =( GEOMETRIC_REPRESENTATION_CONTEXT ( 3 ) GLOBAL_UNCERTAINTY_ASSIGNED_CONTEXT ( ( #2206 ) ) GLOBAL_UNIT_ASSIGNED_CONTEXT ( ( #6601, #3818, #4057 ) ) REPRESENTATION_CONTEXT ( 'NONE', 'WORKASPACE' ) );
#8736 =( LENGTH_UNIT ( ) NAMED_UNIT ( * ) SI_UNIT ( .MILLI., .METRE. ) );
#8737 =( NAMED_UNIT ( * ) PLANE_ANGLE_UNIT ( ) SI_UNIT ( $, .RADIAN. ) );
#8738 = PLANE ( 'NONE',  #10538 ) ;
#8739 = PRESENTATION_STYLE_ASSIGNMENT (( #3064 ) ) ;
#8740 =( GEOMETRIC_REPRESENTATION_CONTEXT ( 3 ) GLOBAL_UNCERTAINTY_ASSIGNED_CONTEXT ( ( #9749 ) ) GLOBAL_UNIT_ASSIGNED_CONTEXT ( ( #10528, #4759, #11182 ) ) REPRESENTATION_CONTEXT ( 'NONE', 'WORKASPACE' ) );
#8741 = EDGE_CURVE ( 'NONE', #8580, #9473, #10461, .T. ) ;
#8742 = CARTESIAN_POINT ( 'NONE',  ( -6.799999999999999822, 4.000000000000000000, 11.00000000000000000 ) ) ;
#8743 = SURFACE_SIDE_STYLE ('',( #3247 ) ) ;
#8744 = ADVANCED_FACE ( 'NONE', ( #3046 ), #7687, .F. ) ;
#8745 = EDGE_LOOP ( 'NONE', ( #7622, #9604, #7548, #7592 ) ) ;
#8746 = VECTOR ( 'NONE', #3214, 1000.000000000000000 ) ;
#8747 = VERTEX_POINT ( 'NONE', #1986 ) ;
#8748 = CARTESIAN_POINT ( 'NONE',  ( 0.000000000000000000, -10.94999999999999929, 0.7500000000000000000 ) ) ;
#8749 = SURFACE_STYLE_FILL_AREA ( #573 ) ;
#8750 = PRESENTATION_LAYER_ASSIGNMENT (  '', '', ( #11045 ) ) ;
#8751 =( NAMED_UNIT ( * ) PLANE_ANGLE_UNIT ( ) SI_UNIT ( $, .RADIAN. ) );
#8752 = DIRECTION ( 'NONE',  ( -1.000000000000000000, -0.000000000000000000, 0.000000000000000000 ) ) ;
#8753 = DIRECTION ( 'NONE',  ( 0.000000000000000000, 0.000000000000000000, 1.000000000000000000 ) ) ;
#8754 = VECTOR ( 'NONE', #2552, 1000.000000000000000 ) ;
#8755 = SURFACE_STYLE_FILL_AREA ( #4009 ) ;
#8756 = CIRCLE ( 'NONE', #7185, 0.5999999999999998668 ) ;
#8757 = VECTOR ( 'NONE', #4675, 1000.000000000000000 ) ;
#8758 = DIRECTION ( 'NONE',  ( 0.000000000000000000, 0.000000000000000000, 1.000000000000000000 ) ) ;
#8759 =( GEOMETRIC_REPRESENTATION_CONTEXT ( 3 ) GLOBAL_UNCERTAINTY_ASSIGNED_CONTEXT ( ( #3176 ) ) GLOBAL_UNIT_ASSIGNED_CONTEXT ( ( #4010, #11398, #7898 ) ) REPRESENTATION_CONTEXT ( 'NONE', 'WORKASPACE' ) );
#8760 = AXIS2_PLACEMENT_3D ( 'NONE', #7253, #4584, #10163 ) ;
#8761 =( GEOMETRIC_REPRESENTATION_CONTEXT ( 3 ) GLOBAL_UNCERTAINTY_ASSIGNED_CONTEXT ( ( #7929 ) ) GLOBAL_UNIT_ASSIGNED_CONTEXT ( ( #7897, #1343, #11523 ) ) REPRESENTATION_CONTEXT ( 'NONE', 'WORKASPACE' ) );
#8762 =( NAMED_UNIT ( * ) PLANE_ANGLE_UNIT ( ) SI_UNIT ( $, .RADIAN. ) );
#8763 = ORIENTED_EDGE ( 'NONE', *, *, #5159, .T. ) ;
#8764 = COLOUR_RGB ( '',0.7019607843137254388, 0.7019607843137254388, 0.7019607843137254388 ) ;
#8765 = ORIENTED_EDGE ( 'NONE', *, *, #11054, .F. ) ;
#8766 = AXIS2_PLACEMENT_3D ( 'NONE', #1693, #2519, #730 ) ;
#8767 = ORIENTED_EDGE ( 'NONE', *, *, #10316, .F. ) ;
#8768 = EDGE_CURVE ( 'NONE', #1353, #8497, #11751, .T. ) ;
#8769 = CARTESIAN_POINT ( 'NONE',  ( 7.750000000000000000, -6.650000000000000355, 0.000000000000000000 ) ) ;
#8770 = SURFACE_STYLE_FILL_AREA ( #10755 ) ;
#8771 = CYLINDRICAL_SURFACE ( 'NONE', #250, 0.5000000000000000000 ) ;
#8772 = COLOUR_RGB ( '',0.9137254901960784048, 0.5137254901960783826, 0.1372549019607843257 ) ;
#8773 = LINE ( 'NONE', #246, #285 ) ;
#8774 = FILL_AREA_STYLE_COLOUR ( '', #8822 ) ;
#8775 = UNCERTAINTY_MEASURE_WITH_UNIT (LENGTH_MEASURE( 1.000000000000000082E-05 ), #6006, 'distance_accuracy_value', 'NONE');
#8776 = AXIS2_PLACEMENT_3D ( 'NONE', #392, #10652, #7026 ) ;
#8777 = STYLED_ITEM ( 'NONE', ( #2492 ), #3644 ) ;
#8778 = STYLED_ITEM ( 'NONE', ( #9494 ), #1131 ) ;
#8779 = MECHANICAL_DESIGN_GEOMETRIC_PRESENTATION_REPRESENTATION (  '', ( #7209 ), #6438 ) ;
#8780 = DIRECTION ( 'NONE',  ( 0.000000000000000000, 0.000000000000000000, 1.000000000000000000 ) ) ;
#8781 = ORIENTED_EDGE ( 'NONE', *, *, #8626, .F. ) ;
#8782 =( GEOMETRIC_REPRESENTATION_CONTEXT ( 3 ) GLOBAL_UNCERTAINTY_ASSIGNED_CONTEXT ( ( #6465 ) ) GLOBAL_UNIT_ASSIGNED_CONTEXT ( ( #3744, #1742, #6883 ) ) REPRESENTATION_CONTEXT ( 'NONE', 'WORKASPACE' ) );
#8783 = VERTEX_POINT ( 'NONE', #4764 ) ;
#8784 = CARTESIAN_POINT ( 'NONE',  ( -7.750000000000000000, -6.650000000000000355, 0.000000000000000000 ) ) ;
#8785 = SURFACE_STYLE_FILL_AREA ( #11731 ) ;
#8786 = FILL_AREA_STYLE ('',( #11490 ) ) ;
#8787 = PRESENTATION_STYLE_ASSIGNMENT (( #10640 ) ) ;
#8788 =( NAMED_UNIT ( * ) SI_UNIT ( $, .STERADIAN. ) SOLID_ANGLE_UNIT ( ) );
#8789 = CARTESIAN_POINT ( 'NONE',  ( -8.000000000000000000, 3.450000000000000178, 0.000000000000000000 ) ) ;
#8790 = SURFACE_SIDE_STYLE ('',( #2156 ) ) ;
#8791 = UNCERTAINTY_MEASURE_WITH_UNIT (LENGTH_MEASURE( 1.000000000000000082E-05 ), #10794, 'distance_accuracy_value', 'NONE');
#8792 = DIRECTION ( 'NONE',  ( -1.000000000000000000, 0.000000000000000000, 0.000000000000000000 ) ) ;
#8793 =( NAMED_UNIT ( * ) SI_UNIT ( $, .STERADIAN. ) SOLID_ANGLE_UNIT ( ) );
#8794 = ORIENTED_EDGE ( 'NONE', *, *, #6810, .F. ) ;
#8795 = ORIENTED_EDGE ( 'NONE', *, *, #876, .T. ) ;
#8796 = COLOUR_RGB ( '',0.09803921568627450844, 0.09803921568627450844, 0.09803921568627450844 ) ;
#8797 = PRESENTATION_STYLE_ASSIGNMENT (( #3055 ) ) ;
#8798 = UNCERTAINTY_MEASURE_WITH_UNIT (LENGTH_MEASURE( 1.000000000000000082E-05 ), #10038, 'distance_accuracy_value', 'NONE');
#8799 = CARTESIAN_POINT ( 'NONE',  ( 9.550000000000000711, 0.000000000000000000, 0.8000000000000000444 ) ) ;
#8800 = COLOUR_RGB ( '',0.7019607843137254388, 0.7019607843137254388, 0.7019607843137254388 ) ;
#8801 =( NAMED_UNIT ( * ) SI_UNIT ( $, .STERADIAN. ) SOLID_ANGLE_UNIT ( ) );
#8802 = FILL_AREA_STYLE ('',( #2350 ) ) ;
#8803 = FILL_AREA_STYLE_COLOUR ( '', #10802 ) ;
#8804 = DIRECTION ( 'NONE',  ( 0.000000000000000000, 0.000000000000000000, -1.000000000000000000 ) ) ;
#8805 =( LENGTH_UNIT ( ) NAMED_UNIT ( * ) SI_UNIT ( .MILLI., .METRE. ) );
#8806 =( NAMED_UNIT ( * ) SI_UNIT ( $, .STERADIAN. ) SOLID_ANGLE_UNIT ( ) );
#8807 = VECTOR ( 'NONE', #8890, 1000.000000000000000 ) ;
#8808 = UNCERTAINTY_MEASURE_WITH_UNIT (LENGTH_MEASURE( 1.000000000000000082E-05 ), #5804, 'distance_accuracy_value', 'NONE');
#8809 = CARTESIAN_POINT ( 'NONE',  ( 8.000000000000000000, -8.000000000000000000, 2.600000000000000533 ) ) ;
#8810 =( NAMED_UNIT ( * ) PLANE_ANGLE_UNIT ( ) SI_UNIT ( $, .RADIAN. ) );
#8811 = AXIS2_PLACEMENT_3D ( 'NONE', #8854, #497, #381 ) ;
#8812 = ORIENTED_EDGE ( 'NONE', *, *, #10534, .T. ) ;
#8813 = EDGE_CURVE ( 'NONE', #2021, #6589, #2931, .T. ) ;
#8814 = MECHANICAL_DESIGN_GEOMETRIC_PRESENTATION_REPRESENTATION (  '', ( #4910 ), #1454 ) ;
#8815 = ORIENTED_EDGE ( 'NONE', *, *, #1660, .F. ) ;
#8816 = SURFACE_SIDE_STYLE ('',( #4064 ) ) ;
#8817 =( NAMED_UNIT ( * ) SI_UNIT ( $, .STERADIAN. ) SOLID_ANGLE_UNIT ( ) );
#8818 = CARTESIAN_POINT ( 'NONE',  ( 3.250000000000000444, -8.250000000000000000, 0.000000000000000000 ) ) ;
#8819 = FILL_AREA_STYLE_COLOUR ( '', #11558 ) ;
#8820 = FILL_AREA_STYLE ('',( #7896 ) ) ;
#8821 = SURFACE_STYLE_USAGE ( .BOTH. , #5085 ) ;
#8822 = COLOUR_RGB ( '',0.7019607843137254388, 0.7019607843137254388, 0.7019607843137254388 ) ;
#8823 = FACE_OUTER_BOUND ( 'NONE', #9826, .T. ) ;
#8824 = VECTOR ( 'NONE', #9261, 1000.000000000000000 ) ;
#8825 = DIRECTION ( 'NONE',  ( -1.000000000000000000, -0.000000000000000000, -0.000000000000000000 ) ) ;
#8826 = DIRECTION ( 'NONE',  ( 0.000000000000000000, 0.000000000000000000, 1.000000000000000000 ) ) ;
#8827 =( NAMED_UNIT ( * ) PLANE_ANGLE_UNIT ( ) SI_UNIT ( $, .RADIAN. ) );
#8828 = EDGE_LOOP ( 'NONE', ( #2485, #880, #5921, #3430, #10680, #5291 ) ) ;
#8829 = PRESENTATION_LAYER_ASSIGNMENT (  '', '', ( #2026 ) ) ;
#8830 = EDGE_LOOP ( 'NONE', ( #10875, #3628 ) ) ;
#8831 = ORIENTED_EDGE ( 'NONE', *, *, #1234, .T. ) ;
#8832 = CLOSED_SHELL ( 'NONE', ( #10237, #9442, #9516, #8744 ) ) ;
#8833 = ORIENTED_EDGE ( 'NONE', *, *, #5040, .T. ) ;
#8834 = FILL_AREA_STYLE ('',( #10622 ) ) ;
#8835 = CARTESIAN_POINT ( 'NONE',  ( 2.750000000000000444, -8.250000000000000000, 0.000000000000000000 ) ) ;
#8836 = DIRECTION ( 'NONE',  ( 1.000000000000000000, 0.000000000000000000, 0.000000000000000000 ) ) ;
#8837 = SURFACE_STYLE_USAGE ( .BOTH. , #5104 ) ;
#8838 = LINE ( 'NONE', #3038, #5495 ) ;
#8839 = PRESENTATION_STYLE_ASSIGNMENT (( #4987 ) ) ;
#8840 = STYLED_ITEM ( 'NONE', ( #9286 ), #387 ) ;
#8841 = PRESENTATION_STYLE_ASSIGNMENT (( #8896 ) ) ;
#8842 = PRESENTATION_LAYER_ASSIGNMENT (  '', '', ( #2985 ) ) ;
#8843 = DIRECTION ( 'NONE',  ( 0.000000000000000000, 0.000000000000000000, 1.000000000000000000 ) ) ;
#8844 = VERTEX_POINT ( 'NONE', #5783 ) ;
#8845 = CARTESIAN_POINT ( 'NONE',  ( 3.000000000000000000, 9.750000000000000000, -3.700000000000000178 ) ) ;
#8846 = MECHANICAL_DESIGN_GEOMETRIC_PRESENTATION_REPRESENTATION (  '', ( #2246 ), #6498 ) ;
#8847 = ORIENTED_EDGE ( 'NONE', *, *, #1808, .T. ) ;
#8848 =( NAMED_UNIT ( * ) PLANE_ANGLE_UNIT ( ) SI_UNIT ( $, .RADIAN. ) );
#8849 =( BOUNDED_SURFACE ( )  B_SPLINE_SURFACE ( 3, 3, ( 
 ( #9710, #2477, #631, #2371 ),
 ( #5019, #5202, #7948, #1415 ),
 ( #4068, #6053, #11705, #469 ),
 ( #1480, #11644, #7839, #3328 ) ),
 .UNSPECIFIED., .F., .F., .T. ) 
 B_SPLINE_SURFACE_WITH_KNOTS ( ( 4, 4 ),
 ( 4, 4 ),
 ( 0.000000000000000000, 1.000000000000000000 ),
 ( 0.000000000000000000, 1.000000000000000000 ),
 .UNSPECIFIED. ) 
 GEOMETRIC_REPRESENTATION_ITEM ( )  RATIONAL_B_SPLINE_SURFACE ( (
 ( 1.000000000000000000, 0.3333333333333334259, 0.3333333333333334259, 1.000000000000000000),
 ( 0.8047378541243649375, 0.2682459513747884050, 0.2682459513747884050, 0.8047378541243649375),
 ( 0.8047378541243649375, 0.2682459513747884050, 0.2682459513747884050, 0.8047378541243649375),
 ( 1.000000000000000000, 0.3333333333333334259, 0.3333333333333334259, 1.000000000000000000) ) ) 
 REPRESENTATION_ITEM ( '' )  SURFACE ( )  );
#8850 = DIRECTION ( 'NONE',  ( 0.000000000000000000, 0.000000000000000000, -1.000000000000000000 ) ) ;
#8851 = FILL_AREA_STYLE ('',( #6765 ) ) ;
#8852 = DIRECTION ( 'NONE',  ( 1.000000000000000000, 0.000000000000000000, 0.000000000000000000 ) ) ;
#8854 = CARTESIAN_POINT ( 'NONE',  ( -6.799999999999999822, -6.799999999999999822, 2.600000000000000533 ) ) ;
#8853 = VECTOR ( 'NONE', #959, 1000.000000000000000 ) ;
#8855 = ORIENTED_EDGE ( 'NONE', *, *, #1019, .T. ) ;
#8856 = DIRECTION ( 'NONE',  ( 0.000000000000000000, 0.000000000000000000, 1.000000000000000000 ) ) ;
#8857 = EDGE_CURVE ( 'NONE', #11148, #9147, #9570, .T. ) ;
#8858 = EDGE_CURVE ( 'NONE', #11180, #8239, #3112, .T. ) ;
#8859 = PLANE ( 'NONE',  #9336 ) ;
#8860 = AXIS2_PLACEMENT_3D ( 'NONE', #1783, #8265, #1721 ) ;
#8861 =( NAMED_UNIT ( * ) PLANE_ANGLE_UNIT ( ) SI_UNIT ( $, .RADIAN. ) );
#8862 = CARTESIAN_POINT ( 'NONE',  ( 0.000000000000000000, -8.000000000000000000, 6.200000000000001066 ) ) ;
#8863 = CARTESIAN_POINT ( 'NONE',  ( 2.500000000000000000, -8.000000000000000000, 4.200000000000000178 ) ) ;
#8864 = PRESENTATION_STYLE_ASSIGNMENT (( #6910 ) ) ;
#8865 =( NAMED_UNIT ( * ) SI_UNIT ( $, .STERADIAN. ) SOLID_ANGLE_UNIT ( ) );
#8866 = PRESENTATION_STYLE_ASSIGNMENT (( #11574 ) ) ;
#8867 = VECTOR ( 'NONE', #4937, 1000.000000000000000 ) ;
#8868 = CIRCLE ( 'NONE', #368, 1.200000000000000622 ) ;
#8869 = ORIENTED_EDGE ( 'NONE', *, *, #4916, .F. ) ;
#8870 = ORIENTED_EDGE ( 'NONE', *, *, #277, .F. ) ;
#8871 = AXIS2_PLACEMENT_3D ( 'NONE', #1304, #6067, #8836 ) ;
#8872 = SURFACE_SIDE_STYLE ('',( #9811 ) ) ;
#8873 = DIRECTION ( 'NONE',  ( 1.000000000000000000, 0.000000000000000000, 0.000000000000000000 ) ) ;
#8874 = STYLED_ITEM ( 'NONE', ( #6718 ), #8473 ) ;
#8875 =( NAMED_UNIT ( * ) SI_UNIT ( $, .STERADIAN. ) SOLID_ANGLE_UNIT ( ) );
#8876 = SURFACE_STYLE_USAGE ( .BOTH. , #3324 ) ;
#8877 = DIRECTION ( 'NONE',  ( 1.000000000000000000, 1.306144734853000006E-15, -0.000000000000000000 ) ) ;
#8878 = CARTESIAN_POINT ( 'NONE',  ( -8.699999999999999289, 3.449999999999999734, 2.600000000000000533 ) ) ;
#8879 = CARTESIAN_POINT ( 'NONE',  ( -3.000000000000000000, -7.950000000000000178, 2.600000000000000533 ) ) ;
#8880 =( LENGTH_UNIT ( ) NAMED_UNIT ( * ) SI_UNIT ( .MILLI., .METRE. ) );
#8881 = LINE ( 'NONE', #9939, #4333 ) ;
#8882 = APPLICATION_CONTEXT ( 'automotive_design' ) ;
#8883 = LINE ( 'NONE', #579, #11353 ) ;
#8884 = PRESENTATION_LAYER_ASSIGNMENT (  '', '', ( #6534 ) ) ;
#8885 = STYLED_ITEM ( 'NONE', ( #6281 ), #8658 ) ;
#8886 = EDGE_LOOP ( 'NONE', ( #74, #5160, #3480, #4455 ) ) ;
#8887 = EDGE_LOOP ( 'NONE', ( #5305, #699 ) ) ;
#8888 = ORIENTED_EDGE ( 'NONE', *, *, #9100, .F. ) ;
#8889 = DIRECTION ( 'NONE',  ( -1.000000000000000000, 3.581364595565000168E-16, -0.000000000000000000 ) ) ;
#8890 = DIRECTION ( 'NONE',  ( 0.000000000000000000, -0.000000000000000000, 1.000000000000000000 ) ) ;
#8891 = EDGE_CURVE ( 'NONE', #882, #2393, #7981, .T. ) ;
#8892 = DIRECTION ( 'NONE',  ( -0.000000000000000000, -0.000000000000000000, -1.000000000000000000 ) ) ;
#8893 = DIRECTION ( 'NONE',  ( -1.069189206575000149E-12, 0.000000000000000000, 1.000000000000000000 ) ) ;
#8894 = ADVANCED_FACE ( 'NONE', ( #6835 ), #9684, .T. ) ;
#8895 = LINE ( 'NONE', #11542, #4641 ) ;
#8896 = SURFACE_STYLE_USAGE ( .BOTH. , #11602 ) ;
#8897 = DIRECTION ( 'NONE',  ( 1.000000000000000000, 0.000000000000000000, 0.000000000000000000 ) ) ;
#8898 = EDGE_LOOP ( 'NONE', ( #899, #9724, #7903, #11021 ) ) ;
#8899 = ORIENTED_EDGE ( 'NONE', *, *, #10926, .T. ) ;
#8900 =( LENGTH_UNIT ( ) NAMED_UNIT ( * ) SI_UNIT ( .MILLI., .METRE. ) );
#8901 = DIRECTION ( 'NONE',  ( -2.674310171518999924E-16, 0.000000000000000000, 1.000000000000000000 ) ) ;
#8902 = CARTESIAN_POINT ( 'NONE',  ( -4.250000000000000000, 11.09999999999999964, 2.899999999999999911 ) ) ;
#8903 = DIRECTION ( 'NONE',  ( 0.000000000000000000, 1.000000000000000000, 0.000000000000000000 ) ) ;
#8904 = CARTESIAN_POINT ( 'NONE',  ( 3.450000000000000178, -13.15000000000000036, 0.000000000000000000 ) ) ;
#8905 = CARTESIAN_POINT ( 'NONE',  ( -0.7500000000009998669, 11.09999999999999964, 0.8000000000000000444 ) ) ;
#8906 = FACE_OUTER_BOUND ( 'NONE', #6643, .T. ) ;
#8907 = CARTESIAN_POINT ( 'NONE',  ( -8.000000000000000000, -8.000000000000000000, 0.000000000000000000 ) ) ;
#8908 = UNCERTAINTY_MEASURE_WITH_UNIT (LENGTH_MEASURE( 1.000000000000000082E-05 ), #6148, 'distance_accuracy_value', 'NONE');
#8909 = PLANE ( 'NONE',  #7390 ) ;
#8910 = ORIENTED_EDGE ( 'NONE', *, *, #8506, .T. ) ;
#8911 = PRESENTATION_LAYER_ASSIGNMENT (  '', '', ( #7730 ) ) ;
#8912 = FILL_AREA_STYLE_COLOUR ( '', #6610 ) ;
#8913 = UNCERTAINTY_MEASURE_WITH_UNIT (LENGTH_MEASURE( 1.000000000000000082E-05 ), #10706, 'distance_accuracy_value', 'NONE');
#8914 = VECTOR ( 'NONE', #439, 1000.000000000000000 ) ;
#8915 = EDGE_CURVE ( 'NONE', #9634, #1644, #11674, .T. ) ;
#8916 = SURFACE_STYLE_USAGE ( .BOTH. , #9642 ) ;
#8917 = UNCERTAINTY_MEASURE_WITH_UNIT (LENGTH_MEASURE( 1.000000000000000082E-05 ), #2046, 'distance_accuracy_value', 'NONE');
#8918 = CARTESIAN_POINT ( 'NONE',  ( -3.750000000000000444, -8.250000000000000000, 0.000000000000000000 ) ) ;
#8919 = AXIS2_PLACEMENT_3D ( 'NONE', #10339, #2028, #8410 ) ;
#8920 = VERTEX_POINT ( 'NONE', #4993 ) ;
#8921 = PRODUCT_DEFINITION_SHAPE ( 'NONE', 'NONE',  #11966 ) ;
#8922 = PRESENTATION_LAYER_ASSIGNMENT (  '', '', ( #7571 ) ) ;
#8923 = SURFACE_STYLE_FILL_AREA ( #738 ) ;
#8924 = PLANE ( 'NONE',  #11569 ) ;
#8925 =( LENGTH_UNIT ( ) NAMED_UNIT ( * ) SI_UNIT ( .MILLI., .METRE. ) );
#8926 = FILL_AREA_STYLE_COLOUR ( '', #11497 ) ;
#8927 = SURFACE_SIDE_STYLE ('',( #4129 ) ) ;
#8928 = FILL_AREA_STYLE ('',( #7950 ) ) ;
#8929 = EDGE_CURVE ( 'NONE', #7159, #9985, #6518, .T. ) ;
#8930 = STYLED_ITEM ( 'NONE', ( #8686 ), #6845 ) ;
#8931 = SURFACE_STYLE_FILL_AREA ( #10847 ) ;
#8932 = EDGE_LOOP ( 'NONE', ( #11164, #8031 ) ) ;
#8933 = ORIENTED_EDGE ( 'NONE', *, *, #6419, .T. ) ;
#8934 = ORIENTED_EDGE ( 'NONE', *, *, #9504, .T. ) ;
#8935 = ORIENTED_EDGE ( 'NONE', *, *, #6195, .T. ) ;
#8936 = PRESENTATION_STYLE_ASSIGNMENT (( #3338 ) ) ;
#8937 =( NAMED_UNIT ( * ) PLANE_ANGLE_UNIT ( ) SI_UNIT ( $, .RADIAN. ) );
#8938 = COLOUR_RGB ( '',0.8196078431372548767, 0.8000000000000000444, 0.7529411764705882248 ) ;
#8939 = CARTESIAN_POINT ( 'NONE',  ( 2.600000000000000089, -12.94999999999999929, 4.400000000000000355 ) ) ;
#8940 = AXIS2_PLACEMENT_3D ( 'NONE', #731, #3257, #6981 ) ;
#8941 = PRESENTATION_LAYER_ASSIGNMENT (  '', '', ( #2529 ) ) ;
#8942 = CARTESIAN_POINT ( 'NONE',  ( 6.153667536169225905, -7.468626569605778087, 12.73591943233379276 ) ) ;
#8943 =( GEOMETRIC_REPRESENTATION_CONTEXT ( 3 ) GLOBAL_UNCERTAINTY_ASSIGNED_CONTEXT ( ( #5602 ) ) GLOBAL_UNIT_ASSIGNED_CONTEXT ( ( #10997, #5481, #11059 ) ) REPRESENTATION_CONTEXT ( 'NONE', 'WORKASPACE' ) );
#8944 = VECTOR ( 'NONE', #2535, 1000.000000000000000 ) ;
#8945 = FILL_AREA_STYLE ('',( #2319 ) ) ;
#8946 = CARTESIAN_POINT ( 'NONE',  ( -8.000000000000000000, 0.000000000000000000, 6.000000000000000000 ) ) ;
#8947 = DIRECTION ( 'NONE',  ( -2.674310171518999924E-16, 0.000000000000000000, 1.000000000000000000 ) ) ;
#8948 =( GEOMETRIC_REPRESENTATION_CONTEXT ( 3 ) GLOBAL_UNCERTAINTY_ASSIGNED_CONTEXT ( ( #2225 ) ) GLOBAL_UNIT_ASSIGNED_CONTEXT ( ( #10555, #2363, #11519 ) ) REPRESENTATION_CONTEXT ( 'NONE', 'WORKASPACE' ) );
#8949 =( LENGTH_UNIT ( ) NAMED_UNIT ( * ) SI_UNIT ( .MILLI., .METRE. ) );
#8950 = APPLICATION_PROTOCOL_DEFINITION ( 'draft international standard', 'automotive_design', 1998, #9016 ) ;
#8951 =( GEOMETRIC_REPRESENTATION_CONTEXT ( 3 ) GLOBAL_UNCERTAINTY_ASSIGNED_CONTEXT ( ( #1398 ) ) GLOBAL_UNIT_ASSIGNED_CONTEXT ( ( #2633, #10031, #775 ) ) REPRESENTATION_CONTEXT ( 'NONE', 'WORKASPACE' ) );
#8952 = VECTOR ( 'NONE', #4275, 1000.000000000000000 ) ;
#8953 = VECTOR ( 'NONE', #5128, 1000.000000000000000 ) ;
#8954 = MECHANICAL_DESIGN_GEOMETRIC_PRESENTATION_REPRESENTATION (  '', ( #7194 ), #5632 ) ;
#8955 = EDGE_CURVE ( 'NONE', #6756, #10369, #10208, .T. ) ;
#8956 = EDGE_LOOP ( 'NONE', ( #10019, #10872, #3789, #6094, #3348, #8270, #2342, #1489, #7051, #9259, #2280, #7518, #7493, #7006, #2832, #7134, #1954, #8396, #10620, #10747, #11487, #3782, #11633, #4425, #11925, #11711, #6946, #5523, #1317, #1282 ) ) ;
#8957 = EDGE_LOOP ( 'NONE', ( #11496, #3149, #5243, #829 ) ) ;
#8958 = EDGE_CURVE ( 'NONE', #7956, #11670, #599, .T. ) ;
#8959 =( LENGTH_UNIT ( ) NAMED_UNIT ( * ) SI_UNIT ( .MILLI., .METRE. ) );
#8960 = VECTOR ( 'NONE', #10119, 1000.000000000000000 ) ;
#8961 = CARTESIAN_POINT ( 'NONE',  ( -3.250000000000000444, -8.250000000000000000, -3.700000000000000178 ) ) ;
#8962 = PRESENTATION_LAYER_ASSIGNMENT (  '', '', ( #6629 ) ) ;
#8963 = CARTESIAN_POINT ( 'NONE',  ( 7.386071179369600337, 7.919717610733607138, 11.05242474800559194 ) ) ;
#8964 = CARTESIAN_POINT ( 'NONE',  ( 10.59999999999999964, -0.7500000000009999779, 4.142093751461000117 ) ) ;
#8965 = VECTOR ( 'NONE', #8512, 1000.000000000000000 ) ;
#8966 = VECTOR ( 'NONE', #1624, 1000.000000000000000 ) ;
#8967 = PRESENTATION_STYLE_ASSIGNMENT (( #1510 ) ) ;
#8968 = VERTEX_POINT ( 'NONE', #2332 ) ;
#8969 = ORIENTED_EDGE ( 'NONE', *, *, #8236, .F. ) ;
#8970 = PRESENTATION_LAYER_ASSIGNMENT (  '', '', ( #7410 ) ) ;
#8971 = FILL_AREA_STYLE_COLOUR ( '', #4874 ) ;
#8972 = EDGE_CURVE ( 'NONE', #11104, #10132, #725, .T. ) ;
#8973 = DIRECTION ( 'NONE',  ( -0.5773502691896257311, -0.5773502691896257311, 0.5773502691896257311 ) ) ;
#8974 = CARTESIAN_POINT ( 'NONE',  ( 6.799999999999999822, 8.000000000000000000, 2.600000000000000533 ) ) ;
#8975 = CARTESIAN_POINT ( 'NONE',  ( 9.550000000000000711, 0.000000000000000000, 11.90000000000000036 ) ) ;
#8976 = CARTESIAN_POINT ( 'NONE',  ( -7.498282525760231465, -0.1538651295686089826, 5.011100914480282498 ) ) ;
#8977 = LINE ( 'NONE', #3371, #3083 ) ;
#8978 = ORIENTED_EDGE ( 'NONE', *, *, #9474, .T. ) ;
#8979 = VECTOR ( 'NONE', #7998, 1000.000000000000000 ) ;
#8980 = SURFACE_SIDE_STYLE ('',( #5139 ) ) ;
#8981 = EDGE_CURVE ( 'NONE', #7940, #3052, #11491, .T. ) ;
#8982 = EDGE_CURVE ( 'NONE', #11271, #10551, #10393, .T. ) ;
#8983 =( GEOMETRIC_REPRESENTATION_CONTEXT ( 3 ) GLOBAL_UNCERTAINTY_ASSIGNED_CONTEXT ( ( #1869 ) ) GLOBAL_UNIT_ASSIGNED_CONTEXT ( ( #4758, #11181, #199 ) ) REPRESENTATION_CONTEXT ( 'NONE', 'WORKASPACE' ) );
#8984 = MECHANICAL_DESIGN_GEOMETRIC_PRESENTATION_REPRESENTATION (  '', ( #3352 ), #4336 ) ;
#8985 = PRESENTATION_STYLE_ASSIGNMENT (( #7891 ) ) ;
#8986 = DIRECTION ( 'NONE',  ( 0.000000000000000000, -5.348620343038999729E-16, -1.000000000000000000 ) ) ;
#8987 = SURFACE_STYLE_USAGE ( .BOTH. , #1760 ) ;
#8988 = DIRECTION ( 'NONE',  ( 1.000000000000000000, 0.000000000000000000, 0.000000000000000000 ) ) ;
#8989 = STYLED_ITEM ( 'NONE', ( #2308 ), #4679 ) ;
#8990 = CARTESIAN_POINT ( 'NONE',  ( -4.750000000000000000, 8.000000000000000000, 0.000000000000000000 ) ) ;
#8991 = VECTOR ( 'NONE', #4385, 1000.000000000000000 ) ;
#8992 = PRESENTATION_LAYER_ASSIGNMENT (  '', '', ( #9197 ) ) ;
#8993 = EDGE_LOOP ( 'NONE', ( #4788, #1713, #843, #7802 ) ) ;
#8994 = EDGE_CURVE ( 'NONE', #712, #6895, #921, .T. ) ;
#8995 = ADVANCED_FACE ( 'NONE', ( #3356 ), #4575, .T. ) ;
#8996 = ADVANCED_FACE ( 'NONE', ( #767 ), #4623, .T. ) ;
#8997 = ORIENTED_EDGE ( 'NONE', *, *, #2905, .T. ) ;
#8998 = VERTEX_POINT ( 'NONE', #3605 ) ;
#8999 = PRESENTATION_LAYER_ASSIGNMENT (  '', '', ( #7440 ) ) ;
#9000 = CARTESIAN_POINT ( 'NONE',  ( 8.000000000000000000, -4.750000000000000000, 3.200000000000000178 ) ) ;
#9001 = FILL_AREA_STYLE ('',( #1607 ) ) ;
#9002 =( LENGTH_UNIT ( ) NAMED_UNIT ( * ) SI_UNIT ( .MILLI., .METRE. ) );
#9003 = FILL_AREA_STYLE_COLOUR ( '', #11213 ) ;
#9004 = SURFACE_STYLE_FILL_AREA ( #3531 ) ;
#9005 = CARTESIAN_POINT ( 'NONE',  ( -4.750000000000000000, 8.000000000000000000, 0.000000000000000000 ) ) ;
#9006 = PRESENTATION_STYLE_ASSIGNMENT (( #3535 ) ) ;
#9007 = CARTESIAN_POINT ( 'NONE',  ( -3.000000000000000000, 0.000000000000000000, 2.600000000000000533 ) ) ;
#9008 = SHAPE_DEFINITION_REPRESENTATION ( #11720, #11833 ) ;
#9009 =( GEOMETRIC_REPRESENTATION_CONTEXT ( 3 ) GLOBAL_UNCERTAINTY_ASSIGNED_CONTEXT ( ( #4752 ) ) GLOBAL_UNIT_ASSIGNED_CONTEXT ( ( #7060, #9835, #588 ) ) REPRESENTATION_CONTEXT ( 'NONE', 'WORKASPACE' ) );
#9010 = VECTOR ( 'NONE', #5866, 1000.000000000000000 ) ;
#9011 = ORIENTED_EDGE ( 'NONE', *, *, #9325, .F. ) ;
#9012 = EDGE_LOOP ( 'NONE', ( #7065, #6507, #9761, #1438 ) ) ;
#9013 =( LENGTH_UNIT ( ) NAMED_UNIT ( * ) SI_UNIT ( .MILLI., .METRE. ) );
#9014 = VERTEX_POINT ( 'NONE', #3543 ) ;
#9015 = FILL_AREA_STYLE ('',( #3542 ) ) ;
#9016 = APPLICATION_CONTEXT ( 'automotive_design' ) ;
#9017 = CARTESIAN_POINT ( 'NONE',  ( -7.750000000000000000, 6.650000000000000355, 0.000000000000000000 ) ) ;
#9018 = DIRECTION ( 'NONE',  ( -0.000000000000000000, 1.000000000000000000, 0.000000000000000000 ) ) ;
#9019 = VECTOR ( 'NONE', #6673, 1000.000000000000000 ) ;
#9020 = SURFACE_STYLE_FILL_AREA ( #3664 ) ;
#9021 = AXIS2_PLACEMENT_3D ( 'NONE', #1848, #5530, #8330 ) ;
#9022 = PRESENTATION_STYLE_ASSIGNMENT (( #6271 ) ) ;
#9023 = UNCERTAINTY_MEASURE_WITH_UNIT (LENGTH_MEASURE( 1.000000000000000082E-05 ), #10263, 'distance_accuracy_value', 'NONE');
#9024 = FILL_AREA_STYLE ('',( #9082 ) ) ;
#9025 = EDGE_CURVE ( 'NONE', #10062, #2068, #1318, .T. ) ;
#9026 = SHAPE_REPRESENTATION_RELATIONSHIP ( 'NONE' , 'NONE' ,  #9379, #2082 ) ;
#9027 = PRESENTATION_LAYER_ASSIGNMENT (  '', '', ( #4162 ) ) ;
#9028 = PRODUCT ( 'COMPOUND004', 'COMPOUND004', '', ( #9308 ) ) ;
#9029 = ORIENTED_EDGE ( 'NONE', *, *, #4228, .T. ) ;
#9030 =( NAMED_UNIT ( * ) PLANE_ANGLE_UNIT ( ) SI_UNIT ( $, .RADIAN. ) );
#9031 = PRODUCT_DEFINITION_CONTEXT ( 'detailed design', #10489, 'design' ) ;
#9032 = FILL_AREA_STYLE_COLOUR ( '', #2364 ) ;
#9033 = PRESENTATION_LAYER_ASSIGNMENT (  '', '', ( #9618 ) ) ;
#9034 = CARTESIAN_POINT ( 'NONE',  ( -2.499999999999999556, -8.000000000000000000, 4.200000000000000178 ) ) ;
#9035 = PRESENTATION_LAYER_ASSIGNMENT (  '', '', ( #2246 ) ) ;
#9036 =( LENGTH_UNIT ( ) NAMED_UNIT ( * ) SI_UNIT ( .MILLI., .METRE. ) );
#9037 = DIRECTION ( 'NONE',  ( -0.000000000000000000, -0.000000000000000000, -1.000000000000000000 ) ) ;
#9038 = DIRECTION ( 'NONE',  ( 0.000000000000000000, 0.000000000000000000, -1.000000000000000000 ) ) ;
#9039 = UNCERTAINTY_MEASURE_WITH_UNIT (LENGTH_MEASURE( 1.000000000000000082E-05 ), #4429, 'distance_accuracy_value', 'NONE');
#9040 = CARTESIAN_POINT ( 'NONE',  ( -3.007906248537254523, 11.09999999999999964, 7.900000000007030287 ) ) ;
#9041 = VERTEX_POINT ( 'NONE', #10025 ) ;
#9042 = VECTOR ( 'NONE', #6691, 1000.000000000000000 ) ;
#9043 = CARTESIAN_POINT ( 'NONE',  ( -5.599999999999999645, -8.949999999999999289, 0.000000000000000000 ) ) ;
#9044 = MECHANICAL_DESIGN_GEOMETRIC_PRESENTATION_REPRESENTATION (  '', ( #11343 ), #4571 ) ;
#9045 = FILL_AREA_STYLE_COLOUR ( '', #8764 ) ;
#9046 =( NAMED_UNIT ( * ) SI_UNIT ( $, .STERADIAN. ) SOLID_ANGLE_UNIT ( ) );
#9047 = DIRECTION ( 'NONE',  ( 1.000000000000000000, 0.000000000000000000, 0.000000000000000000 ) ) ;
#9048 = AXIS2_PLACEMENT_3D ( 'NONE', #7865, #6952, #7807 ) ;
#9049 =( GEOMETRIC_REPRESENTATION_CONTEXT ( 3 ) GLOBAL_UNCERTAINTY_ASSIGNED_CONTEXT ( ( #6941 ) ) GLOBAL_UNIT_ASSIGNED_CONTEXT ( ( #9771, #8827, #356 ) ) REPRESENTATION_CONTEXT ( 'NONE', 'WORKASPACE' ) );
#9050 = DIRECTION ( 'NONE',  ( 0.000000000000000000, 0.000000000000000000, 1.000000000000000000 ) ) ;
#9051 =( NAMED_UNIT ( * ) SI_UNIT ( $, .STERADIAN. ) SOLID_ANGLE_UNIT ( ) );
#9052 =( NAMED_UNIT ( * ) SI_UNIT ( $, .STERADIAN. ) SOLID_ANGLE_UNIT ( ) );
#9053 = CARTESIAN_POINT ( 'NONE',  ( 3.316562791460579085, -6.724676897186827595, 4.999999999999996447 ) ) ;
#9054 = VERTEX_POINT ( 'NONE', #7302 ) ;
#9055 = AXIS2_PLACEMENT_3D ( 'NONE', #422, #8463, #8518 ) ;
#9056 = ORIENTED_EDGE ( 'NONE', *, *, #6491, .T. ) ;
#9057 = VERTEX_POINT ( 'NONE', #9199 ) ;
#9058 = AXIS2_PLACEMENT_3D ( 'NONE', #4459, #848, #8104 ) ;
#9059 = CARTESIAN_POINT ( 'NONE',  ( 7.750000000000000000, 6.650000000000000355, 0.000000000000000000 ) ) ;
#9060 = SURFACE_STYLE_FILL_AREA ( #11023 ) ;
#9061 = CARTESIAN_POINT ( 'NONE',  ( -6.839632633251532923, 7.536575601522907064, 12.30225273430820465 ) ) ;
#9062 = FILL_AREA_STYLE ('',( #4021 ) ) ;
#9063 = CARTESIAN_POINT ( 'NONE',  ( 7.492820323027548746, -7.492820323027551410, 11.69282032302754892 ) ) ;
#9064 = EDGE_CURVE ( 'NONE', #7224, #9084, #885, .T. ) ;
#9065 = COLOUR_RGB ( '',0.8196078431372548767, 0.8000000000000000444, 0.7529411764705882248 ) ;
#9066 = FACE_OUTER_BOUND ( 'NONE', #10437, .T. ) ;
#9067 = CIRCLE ( 'NONE', #6724, 0.7500000000000006661 ) ;
#9068 =( NAMED_UNIT ( * ) SI_UNIT ( $, .STERADIAN. ) SOLID_ANGLE_UNIT ( ) );
#9069 = APPLICATION_PROTOCOL_DEFINITION ( 'draft international standard', 'automotive_design', 1998, #1196 ) ;
#9070 = ORIENTED_EDGE ( 'NONE', *, *, #5450, .F. ) ;
#9071 = VERTEX_POINT ( 'NONE', #10151 ) ;
#9072 = PLANE ( 'NONE',  #2918 ) ;
#9073 = PRESENTATION_LAYER_ASSIGNMENT (  '', '', ( #10022 ) ) ;
#9074 = EDGE_LOOP ( 'NONE', ( #6218, #2938, #3203, #949 ) ) ;
#9075 = CARTESIAN_POINT ( 'NONE',  ( 10.59999999999999964, 0.7500000000019999558, 9.650000000003002398 ) ) ;
#9076 =( NAMED_UNIT ( * ) SI_UNIT ( $, .STERADIAN. ) SOLID_ANGLE_UNIT ( ) );
#9077 = CARTESIAN_POINT ( 'NONE',  ( -1.649999999999999911, -10.94999999999999929, 5.700000000000000178 ) ) ;
#9078 = DIRECTION ( 'NONE',  ( 0.000000000000000000, 0.000000000000000000, -1.000000000000000000 ) ) ;
#9079 = DIRECTION ( 'NONE',  ( 0.000000000000000000, -1.000000000000000000, 0.000000000000000000 ) ) ;
#9080 = FACE_OUTER_BOUND ( 'NONE', #1599, .T. ) ;
#9081 = CARTESIAN_POINT ( 'NONE',  ( -7.500000000000000000, 0.000000000000000000, 11.70000000000000107 ) ) ;
#9082 = FILL_AREA_STYLE_COLOUR ( '', #3678 ) ;
#9083 = EDGE_CURVE ( 'NONE', #9680, #1231, #1726, .T. ) ;
#9084 = VERTEX_POINT ( 'NONE', #10987 ) ;
#9085 = ORIENTED_EDGE ( 'NONE', *, *, #3415, .F. ) ;
#9086 = FILL_AREA_STYLE_COLOUR ( '', #3618 ) ;
#9087 = FACE_OUTER_BOUND ( 'NONE', #5335, .T. ) ;
#9088 = SURFACE_SIDE_STYLE ('',( #8107 ) ) ;
#9089 =( NAMED_UNIT ( * ) SI_UNIT ( $, .STERADIAN. ) SOLID_ANGLE_UNIT ( ) );
#9090 = PRESENTATION_LAYER_ASSIGNMENT (  '', '', ( #976 ) ) ;
#9091 = LINE ( 'NONE', #8170, #7171 ) ;
#9092 = COLOUR_RGB ( '',0.7019607843137254388, 0.7019607843137254388, 0.7019607843137254388 ) ;
#9093 = EDGE_CURVE ( 'NONE', #6634, #5767, #1849, .T. ) ;
#9094 = ORIENTED_EDGE ( 'NONE', *, *, #1118, .F. ) ;
#9095 = LINE ( 'NONE', #568, #7081 ) ;
#9096 = CARTESIAN_POINT ( 'NONE',  ( 11.09999999999999964, 3.007906248537246530, 7.900000000007061374 ) ) ;
#9097 = ADVANCED_FACE ( 'NONE', ( #60 ), #6389, .T. ) ;
#9098 = COLOUR_RGB ( '',0.8196078431372548767, 0.8000000000000000444, 0.7529411764705882248 ) ;
#9099 =( LENGTH_UNIT ( ) NAMED_UNIT ( * ) SI_UNIT ( .MILLI., .METRE. ) );
#9100 = EDGE_CURVE ( 'NONE', #10132, #8342, #5646, .T. ) ;
#9101 = SURFACE_STYLE_USAGE ( .BOTH. , #10903 ) ;
#9102 = DIRECTION ( 'NONE',  ( 0.000000000000000000, 1.370645709413999982E-16, 1.000000000000000000 ) ) ;
#9103 =( LENGTH_UNIT ( ) NAMED_UNIT ( * ) SI_UNIT ( .MILLI., .METRE. ) );
#9104 = CARTESIAN_POINT ( 'NONE',  ( 11.09999999999999964, -4.250000000000000000, 7.900000000001998757 ) ) ;
#9105 = CARTESIAN_POINT ( 'NONE',  ( 0.5749999999999999556, 0.7750000000000001332, 19.40000000000000924 ) ) ;
#9106 = ADVANCED_FACE ( 'NONE', ( #6809 ), #8585, .T. ) ;
#9107 = CARTESIAN_POINT ( 'NONE',  ( 8.618474822569961447, 7.303515789133420810, 10.43622292640540117 ) ) ;
#9108 = DIRECTION ( 'NONE',  ( 1.000000000000000000, 0.000000000000000000, 0.000000000000000000 ) ) ;
#9109 = CARTESIAN_POINT ( 'NONE',  ( -6.732267081515141527, -3.328755902269304290, 5.000000000000000000 ) ) ;
#9110 = ORIENTED_EDGE ( 'NONE', *, *, #653, .T. ) ;
#9111 = ORIENTED_EDGE ( 'NONE', *, *, #8224, .F. ) ;
#9112 = ORIENTED_EDGE ( 'NONE', *, *, #6784, .F. ) ;
#9113 = VERTEX_POINT ( 'NONE', #4693 ) ;
#9114 = CARTESIAN_POINT ( 'NONE',  ( -7.196750994715549687, 6.501134022317425654, 12.09236796711367035 ) ) ;
#9115 = STYLED_ITEM ( 'NONE', ( #10159 ), #11610 ) ;
#9116 = FACE_OUTER_BOUND ( 'NONE', #3151, .T. ) ;
#9117 = STYLED_ITEM ( 'NONE', ( #11628 ), #6990 ) ;
#9118 = EDGE_CURVE ( 'NONE', #10329, #5380, #11959, .T. ) ;
#9119 = PRODUCT_DEFINITION_SHAPE ( 'NONE', 'NONE',  #10661 ) ;
#9120 = VECTOR ( 'NONE', #1213, 1000.000000000000000 ) ;
#9121 = CARTESIAN_POINT ( 'NONE',  ( 0.7500000000009998669, 11.09999999999999964, 0.8000000000000000444 ) ) ;
#9122 =( NAMED_UNIT ( * ) SI_UNIT ( $, .STERADIAN. ) SOLID_ANGLE_UNIT ( ) );
#9123 = DIRECTION ( 'NONE',  ( -0.000000000000000000, 1.000000000000000000, -0.000000000000000000 ) ) ;
#9124 = APPLICATION_PROTOCOL_DEFINITION ( 'draft international standard', 'automotive_design', 1998, #8243 ) ;
#9125 = ORIENTED_EDGE ( 'NONE', *, *, #11745, .F. ) ;
#9126 = STYLED_ITEM ( 'NONE', ( #3626 ), #7202 ) ;
#9127 = EDGE_LOOP ( 'NONE', ( #11546, #5837, #608, #3910 ) ) ;
#9128 =( NAMED_UNIT ( * ) SI_UNIT ( $, .STERADIAN. ) SOLID_ANGLE_UNIT ( ) );
#9129 = ADVANCED_FACE ( 'NONE', ( #2023 ), #362, .F. ) ;
#9130 = VECTOR ( 'NONE', #1610, 1000.000000000000000 ) ;
#9131 = ORIENTED_EDGE ( 'NONE', *, *, #5216, .F. ) ;
#9132 = CARTESIAN_POINT ( 'NONE',  ( -5.551115123125999639E-16, 11.09999999999999964, 7.150000000000000355 ) ) ;
#9133 =( NAMED_UNIT ( * ) PLANE_ANGLE_UNIT ( ) SI_UNIT ( $, .RADIAN. ) );
#9134 = DIRECTION ( 'NONE',  ( 0.000000000000000000, 1.000000000000000000, 0.000000000000000000 ) ) ;
#9135 = COLOUR_RGB ( '',0.6274509803921568540, 0.6274509803921568540, 0.6274509803921568540 ) ;
#9136 =( LENGTH_UNIT ( ) NAMED_UNIT ( * ) SI_UNIT ( .MILLI., .METRE. ) );
#9137 = CARTESIAN_POINT ( 'NONE',  ( 11.09999999999999964, 4.250000000000000000, 6.399999999998667199 ) ) ;
#9138 = FILL_AREA_STYLE_COLOUR ( '', #309 ) ;
#9139 = UNCERTAINTY_MEASURE_WITH_UNIT (LENGTH_MEASURE( 1.000000000000000082E-05 ), #517, 'distance_accuracy_value', 'NONE');
#9140 = DIRECTION ( 'NONE',  ( 1.000000000000000000, 0.000000000000000000, 0.000000000000000000 ) ) ;
#9141 = STYLED_ITEM ( 'NONE', ( #11807 ), #3869 ) ;
#9142 = PRESENTATION_LAYER_ASSIGNMENT (  '', '', ( #6796 ) ) ;
#9143 = PRESENTATION_LAYER_ASSIGNMENT (  '', '', ( #817 ) ) ;
#9144 =( GEOMETRIC_REPRESENTATION_CONTEXT ( 3 ) GLOBAL_UNCERTAINTY_ASSIGNED_CONTEXT ( ( #3927 ) ) GLOBAL_UNIT_ASSIGNED_CONTEXT ( ( #5805, #9480, #294 ) ) REPRESENTATION_CONTEXT ( 'NONE', 'WORKASPACE' ) );
#9145 =( NAMED_UNIT ( * ) SI_UNIT ( $, .STERADIAN. ) SOLID_ANGLE_UNIT ( ) );
#9146 = ORIENTED_EDGE ( 'NONE', *, *, #4787, .F. ) ;
#9147 = VERTEX_POINT ( 'NONE', #11660 ) ;
#9148 = DIRECTION ( 'NONE',  ( 1.000000000000000000, 0.000000000000000000, 0.000000000000000000 ) ) ;
#9149 = ORIENTED_EDGE ( 'NONE', *, *, #10503, .F. ) ;
#9150 = EDGE_CURVE ( 'NONE', #11800, #10995, #2821, .T. ) ;
#9151 = COLOUR_RGB ( '',0.8196078431372548767, 0.8000000000000000444, 0.7529411764705882248 ) ;
#9152 = COLOUR_RGB ( '',0.4980392156862745168, 0.2784313725490196179, 0.08235294117647058709 ) ;
#9153 = PRODUCT_DEFINITION_CONTEXT ( 'detailed design', #1196, 'design' ) ;
#9154 = DIRECTION ( 'NONE',  ( 1.000000000000000000, 0.000000000000000000, 0.000000000000000000 ) ) ;
#9155 = DIRECTION ( 'NONE',  ( -0.000000000000000000, 0.000000000000000000, -1.000000000000000000 ) ) ;
#9156 = CYLINDRICAL_SURFACE ( 'NONE', #2681, 3.100000000000000533 ) ;
#9157 =( NAMED_UNIT ( * ) PLANE_ANGLE_UNIT ( ) SI_UNIT ( $, .RADIAN. ) );
#9158 = UNCERTAINTY_MEASURE_WITH_UNIT (LENGTH_MEASURE( 1.000000000000000082E-05 ), #184, 'distance_accuracy_value', 'NONE');
#9159 = CARTESIAN_POINT ( 'NONE',  ( 11.09999999999999964, 5.551115123125999639E-16, 7.150000000000000355 ) ) ;
#9160 = AXIS2_PLACEMENT_3D ( 'NONE', #10360, #333, #2233 ) ;
#9161 = ORIENTED_EDGE ( 'NONE', *, *, #5991, .F. ) ;
#9162 = CARTESIAN_POINT ( 'NONE',  ( 4.250000000000000000, 11.09999999999999964, 6.399999999992999733 ) ) ;
#9163 = STYLED_ITEM ( 'NONE', ( #1851 ), #7833 ) ;
#9164 = VECTOR ( 'NONE', #1308, 1000.000000000000000 ) ;
#9165 = MECHANICAL_DESIGN_GEOMETRIC_PRESENTATION_REPRESENTATION (  '', ( #2370 ), #3737 ) ;
#9166 = PRESENTATION_STYLE_ASSIGNMENT (( #1040 ) ) ;
#9167 = COLOUR_RGB ( '',0.9137254901960784048, 0.5137254901960783826, 0.1372549019607843257 ) ;
#9168 = PRESENTATION_STYLE_ASSIGNMENT (( #6293 ) ) ;
#9169 = DIRECTION ( 'NONE',  ( 1.000000000000000000, -1.306144734853000006E-15, -0.000000000000000000 ) ) ;
#9170 = SURFACE_STYLE_FILL_AREA ( #1703 ) ;
#9171 = DIRECTION ( 'NONE',  ( -0.000000000000000000, -0.000000000000000000, 1.000000000000000000 ) ) ;
#9172 = STYLED_ITEM ( 'NONE', ( #2825 ), #1260 ) ;
#9173 = CARTESIAN_POINT ( 'NONE',  ( -2.500000000000000000, -13.94999999999999929, 0.7500000000000000000 ) ) ;
#9174 =( LENGTH_UNIT ( ) NAMED_UNIT ( * ) SI_UNIT ( .MILLI., .METRE. ) );
#9175 = EDGE_CURVE ( 'NONE', #5380, #10329, #5166, .T. ) ;
#9176 = CARTESIAN_POINT ( 'NONE',  ( 0.004405167650692667913, -7.505883557804428285, 5.000000000000015099 ) ) ;
#9177 = VERTEX_POINT ( 'NONE', #4201 ) ;
#9178 = STYLED_ITEM ( 'NONE', ( #1375 ), #1512 ) ;
#9179 = AXIS2_PLACEMENT_3D ( 'NONE', #6650, #4710, #6477 ) ;
#9180 = EDGE_LOOP ( 'NONE', ( #8719, #389, #11351, #34 ) ) ;
#9181 = VERTEX_POINT ( 'NONE', #8939 ) ;
#9182 = FACE_BOUND ( 'NONE', #5493, .T. ) ;
#9183 = DIRECTION ( 'NONE',  ( -1.000000000000000000, 0.000000000000000000, 0.000000000000000000 ) ) ;
#9184 = SURFACE_STYLE_USAGE ( .BOTH. , #5344 ) ;
#9185 = PRESENTATION_LAYER_ASSIGNMENT (  '', '', ( #2392 ) ) ;
#9186 = VECTOR ( 'NONE', #766, 1000.000000000000000 ) ;
#9187 = COLOUR_RGB ( '',0.9137254901960784048, 0.5137254901960783826, 0.1372549019607843257 ) ;
#9188 = FILL_AREA_STYLE ('',( #6677 ) ) ;
#9189 = PRESENTATION_STYLE_ASSIGNMENT (( #5462 ) ) ;
#9190 =( NAMED_UNIT ( * ) PLANE_ANGLE_UNIT ( ) SI_UNIT ( $, .RADIAN. ) );
#9191 = PRODUCT_CONTEXT ( 'NONE', #7395, 'mechanical' ) ;
#9192 = ORIENTED_EDGE ( 'NONE', *, *, #9865, .F. ) ;
#9193 = VECTOR ( 'NONE', #11795, 1000.000000000000000 ) ;
#9194 = VERTEX_POINT ( 'NONE', #7908 ) ;
#9195 =( NAMED_UNIT ( * ) SI_UNIT ( $, .STERADIAN. ) SOLID_ANGLE_UNIT ( ) );
#9196 = ORIENTED_EDGE ( 'NONE', *, *, #4959, .T. ) ;
#9197 = STYLED_ITEM ( 'NONE', ( #8864 ), #3034 ) ;
#9198 =( NAMED_UNIT ( * ) PLANE_ANGLE_UNIT ( ) SI_UNIT ( $, .RADIAN. ) );
#9199 = CARTESIAN_POINT ( 'NONE',  ( 0.5749999999999999556, -0.7750000000000001332, 19.40000000000000568 ) ) ;
#9200 = PRESENTATION_STYLE_ASSIGNMENT (( #1728 ) ) ;
#9201 = SURFACE_SIDE_STYLE ('',( #6567 ) ) ;
#9202 =( NAMED_UNIT ( * ) SI_UNIT ( $, .STERADIAN. ) SOLID_ANGLE_UNIT ( ) );
#9203 = FILL_AREA_STYLE ('',( #6513 ) ) ;
#9204 = PRESENTATION_STYLE_ASSIGNMENT (( #4578 ) ) ;
#9205 =( REPRESENTATION_RELATIONSHIP ('NONE','NONE', #2998, #4786 ) REPRESENTATION_RELATIONSHIP_WITH_TRANSFORMATION ( #2123 )SHAPE_REPRESENTATION_RELATIONSHIP( ) );
#9206 = DIRECTION ( 'NONE',  ( -0.000000000000000000, -0.000000000000000000, 1.000000000000000000 ) ) ;
#9207 = AXIS2_PLACEMENT_3D ( 'NONE', #3217, #3969, #5890 ) ;
#9208 = PLANE ( 'NONE',  #7363 ) ;
#9209 = VERTEX_POINT ( 'NONE', #11593 ) ;
#9210 =( LENGTH_UNIT ( ) NAMED_UNIT ( * ) SI_UNIT ( .MILLI., .METRE. ) );
#9211 = ORIENTED_EDGE ( 'NONE', *, *, #3946, .F. ) ;
#9212 = VERTEX_POINT ( 'NONE', #7787 ) ;
#9213 =( LENGTH_UNIT ( ) NAMED_UNIT ( * ) SI_UNIT ( .MILLI., .METRE. ) );
#9214 =( NAMED_UNIT ( * ) PLANE_ANGLE_UNIT ( ) SI_UNIT ( $, .RADIAN. ) );
#9215 = ORIENTED_EDGE ( 'NONE', *, *, #894, .T. ) ;
#9216 = AXIS2_PLACEMENT_3D ( 'NONE', #10371, #1153, #8625 ) ;
#9217 = DIRECTION ( 'NONE',  ( 1.000000000000000000, -7.228014483236697541E-16, 0.000000000000000000 ) ) ;
#9218 = CARTESIAN_POINT ( 'NONE',  ( -5.551115123125999639E-16, 10.59999999999999964, 7.150000000000000355 ) ) ;
#9219 = DIRECTION ( 'NONE',  ( 1.387778780781445676E-15, -1.000000000000000000, 0.000000000000000000 ) ) ;
#9220 = CARTESIAN_POINT ( 'NONE',  ( 2.750000000000000444, -12.75000000000000178, 0.000000000000000000 ) ) ;
#9221 = CARTESIAN_POINT ( 'NONE',  ( -4.750000000000000000, 11.09999999999999964, 0.8000000000000000444 ) ) ;
#9222 = PRESENTATION_LAYER_ASSIGNMENT (  '', '', ( #11915 ) ) ;
#9223 = EDGE_CURVE ( 'NONE', #2924, #8639, #4014, .T. ) ;
#9224 = VERTEX_POINT ( 'NONE', #1491 ) ;
#9225 = EDGE_CURVE ( 'NONE', #7780, #498, #10401, .T. ) ;
#9226 =( GEOMETRIC_REPRESENTATION_CONTEXT ( 3 ) GLOBAL_UNCERTAINTY_ASSIGNED_CONTEXT ( ( #9397 ) ) GLOBAL_UNIT_ASSIGNED_CONTEXT ( ( #6905, #3925, #7876 ) ) REPRESENTATION_CONTEXT ( 'NONE', 'WORKASPACE' ) );
#9227 = DIRECTION ( 'NONE',  ( 0.000000000000000000, 0.000000000000000000, 1.000000000000000000 ) ) ;
#9228 = PRODUCT_DEFINITION_SHAPE ( 'NONE', 'NONE',  #11975 ) ;
#9229 =( NAMED_UNIT ( * ) SI_UNIT ( $, .STERADIAN. ) SOLID_ANGLE_UNIT ( ) );
#9230 =( NAMED_UNIT ( * ) SI_UNIT ( $, .STERADIAN. ) SOLID_ANGLE_UNIT ( ) );
#9231 = SURFACE_STYLE_FILL_AREA ( #11885 ) ;
#9232 = CARTESIAN_POINT ( 'NONE',  ( 8.000000000000000000, -5.600000000000000533, 3.200000000000000178 ) ) ;
#9233 = CARTESIAN_POINT ( 'NONE',  ( 0.7500000000019999558, 11.09999999999999964, 2.899999999999999911 ) ) ;
#9234 = SURFACE_STYLE_USAGE ( .BOTH. , #7337 ) ;
#9235 = DIRECTION ( 'NONE',  ( -1.000000000000000000, -0.000000000000000000, 0.000000000000000000 ) ) ;
#9236 =( LENGTH_UNIT ( ) NAMED_UNIT ( * ) SI_UNIT ( .MILLI., .METRE. ) );
#9237 =( LENGTH_UNIT ( ) NAMED_UNIT ( * ) SI_UNIT ( .MILLI., .METRE. ) );
#9238 =( NAMED_UNIT ( * ) SI_UNIT ( $, .STERADIAN. ) SOLID_ANGLE_UNIT ( ) );
#9239 = CARTESIAN_POINT ( 'NONE',  ( 7.493997331348297486, 0.001999436067721544353, 5.000000000000000000 ) ) ;
#9240 = ORIENTED_EDGE ( 'NONE', *, *, #11634, .T. ) ;
#9241 = VERTEX_POINT ( 'NONE', #6128 ) ;
#9242 = ORIENTED_EDGE ( 'NONE', *, *, #10610, .T. ) ;
#9243 = VECTOR ( 'NONE', #8054, 1000.000000000000000 ) ;
#9244 =( LENGTH_UNIT ( ) NAMED_UNIT ( * ) SI_UNIT ( .MILLI., .METRE. ) );
#9245 = CARTESIAN_POINT ( 'NONE',  ( 9.750000000000000000, 2.500000000000000000, -3.700000000000000178 ) ) ;
#9246 = VECTOR ( 'NONE', #2666, 1000.000000000000000 ) ;
#9247 = FILL_AREA_STYLE ('',( #11025 ) ) ;
#9248 = ADVANCED_FACE ( 'NONE', ( #9831 ), #4395, .T. ) ;
#9249 = FACE_BOUND ( 'NONE', #10684, .T. ) ;
#9250 = CARTESIAN_POINT ( 'NONE',  ( 9.750000000000000000, 2.500000000000000000, 0.8000000000000000444 ) ) ;
#9251 = FILL_AREA_STYLE ('',( #5760 ) ) ;
#9252 =( LENGTH_UNIT ( ) NAMED_UNIT ( * ) SI_UNIT ( .MILLI., .METRE. ) );
#9253 = COLOUR_RGB ( '',0.7019607843137254388, 0.7019607843137254388, 0.7019607843137254388 ) ;
#9254 = ITEM_DEFINED_TRANSFORMATION ( 'NONE', 'NONE', #4256,  #3260 ) ;
#9255 =( GEOMETRIC_REPRESENTATION_CONTEXT ( 3 ) GLOBAL_UNCERTAINTY_ASSIGNED_CONTEXT ( ( #8917 ) ) GLOBAL_UNIT_ASSIGNED_CONTEXT ( ( #2046, #11322, #9641 ) ) REPRESENTATION_CONTEXT ( 'NONE', 'WORKASPACE' ) );
#9256 = PRESENTATION_LAYER_ASSIGNMENT (  '', '', ( #1281 ) ) ;
#9257 = ORIENTED_EDGE ( 'NONE', *, *, #9933, .F. ) ;
#9258 = ORIENTED_EDGE ( 'NONE', *, *, #46, .F. ) ;
#9259 = ORIENTED_EDGE ( 'NONE', *, *, #8541, .F. ) ;
#9260 = EDGE_CURVE ( 'NONE', #1900, #1353, #108, .T. ) ;
#9261 = DIRECTION ( 'NONE',  ( -1.000000000000000000, -0.000000000000000000, 0.000000000000000000 ) ) ;
#9262 = DIRECTION ( 'NONE',  ( 2.973811673103000536E-16, -1.000000000000000000, 0.000000000000000000 ) ) ;
#9263 = PLANE ( 'NONE',  #6628 ) ;
#9264 = PRESENTATION_LAYER_ASSIGNMENT (  '', '', ( #9451 ) ) ;
#9265 = ADVANCED_FACE ( 'NONE', ( #7655 ), #6733, .T. ) ;
#9266 =( NAMED_UNIT ( * ) SI_UNIT ( $, .STERADIAN. ) SOLID_ANGLE_UNIT ( ) );
#9267 = CARTESIAN_POINT ( 'NONE',  ( 9.250000000000000000, 0.000000000000000000, 0.000000000000000000 ) ) ;
#9268 = LINE ( 'NONE', #11172, #7208 ) ;
#9269 =( LENGTH_UNIT ( ) NAMED_UNIT ( * ) SI_UNIT ( .MILLI., .METRE. ) );
#9270 = FILL_AREA_STYLE ('',( #7372 ) ) ;
#9271 = UNCERTAINTY_MEASURE_WITH_UNIT (LENGTH_MEASURE( 1.000000000000000082E-05 ), #4765, 'distance_accuracy_value', 'NONE');
#9272 = CARTESIAN_POINT ( 'NONE',  ( -4.250000000000000000, 10.59999999999999964, 9.400000000000000355 ) ) ;
#9273 = SHAPE_REPRESENTATION_RELATIONSHIP ( 'NONE' , 'NONE' ,  #4786, #7310 ) ;
#9274 = APPLICATION_CONTEXT ( 'automotive_design' ) ;
#9275 = CARTESIAN_POINT ( 'NONE',  ( 11.09999999999999964, -4.750000000000000000, 7.900000000007000089 ) ) ;
#9276 = VERTEX_POINT ( 'NONE', #1219 ) ;
#9277 =( REPRESENTATION_RELATIONSHIP ('NONE','NONE', #2998, #5096 ) REPRESENTATION_RELATIONSHIP_WITH_TRANSFORMATION ( #3262 )SHAPE_REPRESENTATION_RELATIONSHIP( ) );
#9278 = CARTESIAN_POINT ( 'NONE',  ( 3.750000000000000444, -8.250000000000000000, 0.000000000000000000 ) ) ;
#9279 = DIRECTION ( 'NONE',  ( 0.000000000000000000, 0.000000000000000000, -1.000000000000000000 ) ) ;
#9280 = FILL_AREA_STYLE ('',( #8292 ) ) ;
#9281 = CARTESIAN_POINT ( 'NONE',  ( 3.250000000000000444, -8.250000000000000000, 0.000000000000000000 ) ) ;
#9282 = UNCERTAINTY_MEASURE_WITH_UNIT (LENGTH_MEASURE( 1.000000000000000082E-05 ), #6591, 'distance_accuracy_value', 'NONE');
#9283 = CARTESIAN_POINT ( 'NONE',  ( 11.09999999999999964, -0.7500000000013332668, 2.899999999999999911 ) ) ;
#9284 = VERTEX_POINT ( 'NONE', #11089 ) ;
#9285 = FILL_AREA_STYLE_COLOUR ( '', #11934 ) ;
#9286 = PRESENTATION_STYLE_ASSIGNMENT (( #5554 ) ) ;
#9287 = ADVANCED_FACE ( 'NONE', ( #8443 ), #2952, .T. ) ;
#9288 = SURFACE_STYLE_USAGE ( .BOTH. , #4776 ) ;
#9289 = PLANE ( 'NONE',  #3719 ) ;
#9290 = DIRECTION ( 'NONE',  ( 0.000000000000000000, 0.000000000000000000, -1.000000000000000000 ) ) ;
#9291 = PLANE ( 'NONE',  #6929 ) ;
#9292 = CYLINDRICAL_SURFACE ( 'NONE', #768, 4.000000000000000000 ) ;
#9293 = SURFACE_STYLE_FILL_AREA ( #5560 ) ;
#9294 = DIRECTION ( 'NONE',  ( 1.000000000000000000, 0.000000000000000000, 0.000000000000000000 ) ) ;
#9295 = PRESENTATION_STYLE_ASSIGNMENT (( #5565 ) ) ;
#9296 = SURFACE_STYLE_USAGE ( .BOTH. , #2827 ) ;
#9297 = CARTESIAN_POINT ( 'NONE',  ( 9.750000000000000000, -2.500000000000000000, 0.000000000000000000 ) ) ;
#9298 = VERTEX_POINT ( 'NONE', #223 ) ;
#9299 = VERTEX_POINT ( 'NONE', #6674 ) ;
#9300 = ORIENTED_EDGE ( 'NONE', *, *, #8559, .F. ) ;
#9301 = FACE_BOUND ( 'NONE', #8012, .T. ) ;
#9302 = CARTESIAN_POINT ( 'NONE',  ( 8.618474822569970328, -7.303515789133419922, 10.43622292640540117 ) ) ;
#9303 = PLANE ( 'NONE',  #4062 ) ;
#9304 = PLANE ( 'NONE',  #4901 ) ;
#9305 = CARTESIAN_POINT ( 'NONE',  ( -3.000000000000000000, -13.94999999999999929, 2.600000000000000533 ) ) ;
#9306 =( GEOMETRIC_REPRESENTATION_CONTEXT ( 3 ) GLOBAL_UNCERTAINTY_ASSIGNED_CONTEXT ( ( #5009 ) ) GLOBAL_UNIT_ASSIGNED_CONTEXT ( ( #939, #39, #6442 ) ) REPRESENTATION_CONTEXT ( 'NONE', 'WORKASPACE' ) );
#9307 = PRESENTATION_STYLE_ASSIGNMENT (( #2774 ) ) ;
#9308 = PRODUCT_CONTEXT ( 'NONE', #7154, 'mechanical' ) ;
#9309 = EDGE_LOOP ( 'NONE', ( #11895, #945 ) ) ;
#9310 = ORIENTED_EDGE ( 'NONE', *, *, #1870, .F. ) ;
#9311 = CARTESIAN_POINT ( 'NONE',  ( 3.007906248538999794, 11.09999999999999964, 7.900000000000999556 ) ) ;
#9312 = AXIS2_PLACEMENT_3D ( 'NONE', #1720, #10979, #6316 ) ;
#9313 = ORIENTED_EDGE ( 'NONE', *, *, #807, .T. ) ;
#9314 = SURFACE_STYLE_FILL_AREA ( #2022 ) ;
#9315 = COLOUR_RGB ( '',0.8196078431372548767, 0.8000000000000000444, 0.7529411764705882248 ) ;
#9316 = CARTESIAN_POINT ( 'NONE',  ( -8.000000000000000000, 5.599999999999999645, 0.000000000000000000 ) ) ;
#9317 = CARTESIAN_POINT ( 'NONE',  ( 11.09999999999999964, -3.007906248538879002, 7.900000000000999556 ) ) ;
#9318 =( NAMED_UNIT ( * ) PLANE_ANGLE_UNIT ( ) SI_UNIT ( $, .RADIAN. ) );
#9319 = DIRECTION ( 'NONE',  ( 0.000000000000000000, -0.000000000000000000, 1.000000000000000000 ) ) ;
#9320 = DIRECTION ( 'NONE',  ( -0.000000000000000000, -0.000000000000000000, 1.000000000000000000 ) ) ;
#9321 = SURFACE_STYLE_FILL_AREA ( #1911 ) ;
#9322 =( NAMED_UNIT ( * ) SI_UNIT ( $, .STERADIAN. ) SOLID_ANGLE_UNIT ( ) );
#9323 = SHAPE_REPRESENTATION_RELATIONSHIP ( 'NONE' , 'NONE' ,  #3552, #10185 ) ;
#9324 = PRESENTATION_LAYER_ASSIGNMENT (  '', '', ( #7769 ) ) ;
#9325 = EDGE_CURVE ( 'NONE', #6060, #7633, #9477, .T. ) ;
#9326 = ORIENTED_EDGE ( 'NONE', *, *, #8249, .T. ) ;
#9327 = FILL_AREA_STYLE ('',( #6469 ) ) ;
#9328 = ORIENTED_EDGE ( 'NONE', *, *, #1736, .T. ) ;
#9329 = CARTESIAN_POINT ( 'NONE',  ( -3.000000000000000000, -8.500000000000000000, 4.200000000000000178 ) ) ;
#9330 =( GEOMETRIC_REPRESENTATION_CONTEXT ( 3 ) GLOBAL_UNCERTAINTY_ASSIGNED_CONTEXT ( ( #4532 ) ) GLOBAL_UNIT_ASSIGNED_CONTEXT ( ( #1683, #721, #11797 ) ) REPRESENTATION_CONTEXT ( 'NONE', 'WORKASPACE' ) );
#9331 = CARTESIAN_POINT ( 'NONE',  ( -4.750000000000000000, 11.09999999999999964, 9.400000000000000355 ) ) ;
#9332 = STYLED_ITEM ( 'NONE', ( #2867 ), #3931 ) ;
#9333 = DIRECTION ( 'NONE',  ( 0.000000000000000000, 0.000000000000000000, 1.000000000000000000 ) ) ;
#9334 =( LENGTH_UNIT ( ) NAMED_UNIT ( * ) SI_UNIT ( .MILLI., .METRE. ) );
#9335 = CARTESIAN_POINT ( 'NONE',  ( 11.09999999999999964, 0.7500000000070610184, 4.142093751462753382 ) ) ;
#9336 = AXIS2_PLACEMENT_3D ( 'NONE', #2740, #6402, #2798 ) ;
#9337 = DIRECTION ( 'NONE',  ( 0.000000000000000000, 0.000000000000000000, 1.000000000000000000 ) ) ;
#9338 = DIRECTION ( 'NONE',  ( -0.000000000000000000, -0.000000000000000000, -1.000000000000000000 ) ) ;
#9339 = DIRECTION ( 'NONE',  ( 0.000000000000000000, 0.000000000000000000, -1.000000000000000000 ) ) ;
#9340 = VERTEX_POINT ( 'NONE', #3950 ) ;
#9341 = DIRECTION ( 'NONE',  ( 1.000000000000000000, -3.581364595565000168E-16, 0.000000000000000000 ) ) ;
#9342 =( GEOMETRIC_REPRESENTATION_CONTEXT ( 3 ) GLOBAL_UNCERTAINTY_ASSIGNED_CONTEXT ( ( #5378 ) ) GLOBAL_UNIT_ASSIGNED_CONTEXT ( ( #8244, #2700, #9229 ) ) REPRESENTATION_CONTEXT ( 'NONE', 'WORKASPACE' ) );
#9343 = CARTESIAN_POINT ( 'NONE',  ( -1.168717112323999908E-19, -10.94999999999999929, 4.200000000000000178 ) ) ;
#9344 = COLOUR_RGB ( '',0.8196078431372548767, 0.8000000000000000444, 0.7529411764705882248 ) ;
#9345 = FILL_AREA_STYLE_COLOUR ( '', #10299 ) ;
#9346 = CARTESIAN_POINT ( 'NONE',  ( -3.250000000000000444, -8.250000000000000000, -3.700000000000000178 ) ) ;
#9347 = LINE ( 'NONE', #3810, #9464 ) ;
#9348 = VECTOR ( 'NONE', #10416, 1000.000000000000000 ) ;
#9349 = CARTESIAN_POINT ( 'NONE',  ( 3.000000000000000000, -13.94999999999999929, 0.7500000000000000000 ) ) ;
#9350 = FACE_OUTER_BOUND ( 'NONE', #528, .T. ) ;
#9351 = DIRECTION ( 'NONE',  ( 0.000000000000000000, 0.000000000000000000, 1.000000000000000000 ) ) ;
#9352 =( GEOMETRIC_REPRESENTATION_CONTEXT ( 3 ) GLOBAL_UNCERTAINTY_ASSIGNED_CONTEXT ( ( #10948 ) ) GLOBAL_UNIT_ASSIGNED_CONTEXT ( ( #7576, #274, #6715 ) ) REPRESENTATION_CONTEXT ( 'NONE', 'WORKASPACE' ) );
#9353 = SURFACE_STYLE_FILL_AREA ( #11954 ) ;
#9354 =( GEOMETRIC_REPRESENTATION_CONTEXT ( 3 ) GLOBAL_UNCERTAINTY_ASSIGNED_CONTEXT ( ( #5715 ) ) GLOBAL_UNIT_ASSIGNED_CONTEXT ( ( #6885, #479, #4861 ) ) REPRESENTATION_CONTEXT ( 'NONE', 'WORKASPACE' ) );
#9355 = AXIS2_PLACEMENT_3D ( 'NONE', #2852, #9320, #8277 ) ;
#9356 = FILL_AREA_STYLE ('',( #28 ) ) ;
#9357 = DIRECTION ( 'NONE',  ( -0.000000000000000000, -0.000000000000000000, 1.000000000000000000 ) ) ;
#9358 = EDGE_CURVE ( 'NONE', #8747, #10457, #3632, .T. ) ;
#9359 = VECTOR ( 'NONE', #10719, 1000.000000000000000 ) ;
#9360 = ORIENTED_EDGE ( 'NONE', *, *, #46, .T. ) ;
#9361 = PRESENTATION_LAYER_ASSIGNMENT (  '', '', ( #6639 ) ) ;
#9362 = ORIENTED_EDGE ( 'NONE', *, *, #5517, .T. ) ;
#9363 = ORIENTED_EDGE ( 'NONE', *, *, #10068, .F. ) ;
#9364 = COLOUR_RGB ( '',0.8196078431372548767, 0.8000000000000000444, 0.7529411764705882248 ) ;
#9365 = FACE_OUTER_BOUND ( 'NONE', #7830, .T. ) ;
#9366 = SURFACE_SIDE_STYLE ('',( #2834 ) ) ;
#9367 = FACE_BOUND ( 'NONE', #765, .T. ) ;
#9368 = CARTESIAN_POINT ( 'NONE',  ( -7.386071179369598561, -7.919717610733605362, 11.05242474800559016 ) ) ;
#9369 = CARTESIAN_POINT ( 'NONE',  ( -0.5749999999999999556, 0.7750000000000001332, 19.40000000000000213 ) ) ;
#9370 = SURFACE_SIDE_STYLE ('',( #6447 ) ) ;
#9371 = ADVANCED_FACE ( 'NONE', ( #5629 ), #405, .T. ) ;
#9372 = EDGE_CURVE ( 'NONE', #9041, #4757, #10410, .T. ) ;
#9373 = MECHANICAL_DESIGN_GEOMETRIC_PRESENTATION_REPRESENTATION (  '', ( #6247 ), #8190 ) ;
#9374 = EDGE_CURVE ( 'NONE', #7504, #147, #5934, .T. ) ;
#9375 = ITEM_DEFINED_TRANSFORMATION ( 'NONE', 'NONE', #6184,  #3260 ) ;
#9376 = ORIENTED_EDGE ( 'NONE', *, *, #5409, .T. ) ;
#9377 = ORIENTED_EDGE ( 'NONE', *, *, #3133, .F. ) ;
#9378 = CARTESIAN_POINT ( 'NONE',  ( 0.7500000000009999779, 10.59999999999999964, 4.142093751461120910 ) ) ;
#9379 = SHAPE_REPRESENTATION ( 'COMPOUND013', ( #3260 ), #9687 ) ;
#9380 = EDGE_LOOP ( 'NONE', ( #9110, #314, #5996, #5605 ) ) ;
#9381 = STYLED_ITEM ( 'NONE', ( #9660 ), #4779 ) ;
#9382 =( LENGTH_UNIT ( ) NAMED_UNIT ( * ) SI_UNIT ( .MILLI., .METRE. ) );
#9383 = CARTESIAN_POINT ( 'NONE',  ( -0.5749999999999999556, 0.7750000000000001332, 5.000000000000000000 ) ) ;
#9384 = PLANE ( 'NONE',  #4698 ) ;
#9385 = UNCERTAINTY_MEASURE_WITH_UNIT (LENGTH_MEASURE( 1.000000000000000082E-05 ), #11600, 'distance_accuracy_value', 'NONE');
#9386 = FILL_AREA_STYLE ('',( #5654 ) ) ;
#9387 = COLOUR_RGB ( '',0.7019607843137254388, 0.7019607843137254388, 0.7019607843137254388 ) ;
#9388 = MECHANICAL_DESIGN_GEOMETRIC_PRESENTATION_REPRESENTATION (  '', ( #6659 ), #5873 ) ;
#9389 = ORIENTED_EDGE ( 'NONE', *, *, #5780, .F. ) ;
#9390 =( NAMED_UNIT ( * ) SI_UNIT ( $, .STERADIAN. ) SOLID_ANGLE_UNIT ( ) );
#9391 = ORIENTED_EDGE ( 'NONE', *, *, #7851, .T. ) ;
#9392 = SURFACE_STYLE_USAGE ( .BOTH. , #1982 ) ;
#9393 = PRESENTATION_LAYER_ASSIGNMENT (  '', '', ( #11706 ) ) ;
#9394 = SURFACE_STYLE_USAGE ( .BOTH. , #8418 ) ;
#9395 = ADVANCED_FACE ( 'NONE', ( #7715 ), #8924, .T. ) ;
#9396 =( LENGTH_UNIT ( ) NAMED_UNIT ( * ) SI_UNIT ( .MILLI., .METRE. ) );
#9397 = UNCERTAINTY_MEASURE_WITH_UNIT (LENGTH_MEASURE( 1.000000000000000082E-05 ), #6905, 'distance_accuracy_value', 'NONE');
#9398 = DIRECTION ( 'NONE',  ( 1.000000000000000000, 0.000000000000000000, -0.000000000000000000 ) ) ;
#9399 = ORIENTED_EDGE ( 'NONE', *, *, #7614, .F. ) ;
#9400 = LINE ( 'NONE', #11415, #353 ) ;
#9401 = VECTOR ( 'NONE', #6377, 1000.000000000000000 ) ;
#9402 = CLOSED_SHELL ( 'NONE', ( #2634, #5697, #3130, #4879 ) ) ;
#9403 = MECHANICAL_DESIGN_GEOMETRIC_PRESENTATION_REPRESENTATION (  '', ( #10167 ), #3972 ) ;
#9404 = UNCERTAINTY_MEASURE_WITH_UNIT (LENGTH_MEASURE( 1.000000000000000082E-05 ), #11554, 'distance_accuracy_value', 'NONE');
#9405 = DIRECTION ( 'NONE',  ( 1.000000000000000000, 0.000000000000000000, 0.000000000000000000 ) ) ;
#9406 = EDGE_CURVE ( 'NONE', #9665, #5467, #11580, .T. ) ;
#9407 = DIRECTION ( 'NONE',  ( -1.000000000000000000, 0.000000000000000000, 0.000000000000000000 ) ) ;
#9408 = FILL_AREA_STYLE ('',( #10307 ) ) ;
#9409 = DIRECTION ( 'NONE',  ( 1.000000000000000000, 0.000000000000000000, 0.000000000000000000 ) ) ;
#9410 =( GEOMETRIC_REPRESENTATION_CONTEXT ( 3 ) GLOBAL_UNCERTAINTY_ASSIGNED_CONTEXT ( ( #7439 ) ) GLOBAL_UNIT_ASSIGNED_CONTEXT ( ( #7797, #3159, #2275 ) ) REPRESENTATION_CONTEXT ( 'NONE', 'WORKASPACE' ) );
#9411 = DIRECTION ( 'NONE',  ( -1.370645709413999982E-16, 0.000000000000000000, 1.000000000000000000 ) ) ;
#9412 = SURFACE_STYLE_FILL_AREA ( #2001 ) ;
#9413 = PRESENTATION_LAYER_ASSIGNMENT (  '', '', ( #10933 ) ) ;
#9414 = CARTESIAN_POINT ( 'NONE',  ( 9.750000000000000000, 2.500000000000000000, 0.8000000000000000444 ) ) ;
#9415 = PRESENTATION_LAYER_ASSIGNMENT (  '', '', ( #10167 ) ) ;
#9416 =( NAMED_UNIT ( * ) SI_UNIT ( $, .STERADIAN. ) SOLID_ANGLE_UNIT ( ) );
#9417 = PRESENTATION_LAYER_ASSIGNMENT (  '', '', ( #345 ) ) ;
#9418 = ORIENTED_EDGE ( 'NONE', *, *, #8741, .F. ) ;
#9419 = ORIENTED_EDGE ( 'NONE', *, *, #7058, .T. ) ;
#9420 = EDGE_LOOP ( 'NONE', ( #5278, #4839, #2962, #7490, #2724 ) ) ;
#9421 = CARTESIAN_POINT ( 'NONE',  ( 6.799999999999999822, -6.799999999999999822, 2.600000000000000533 ) ) ;
#9422 = SURFACE_STYLE_USAGE ( .BOTH. , #5692 ) ;
#9423 = DIRECTION ( 'NONE',  ( 0.000000000000000000, -0.000000000000000000, -1.000000000000000000 ) ) ;
#9424 = PRODUCT_RELATED_PRODUCT_CATEGORY ( 'part', '', ( #707 ) ) ;
#9425 = CARTESIAN_POINT ( 'NONE',  ( 0.000000000000000000, 0.000000000000000000, 12.19999999999999929 ) ) ;
#9426 = CARTESIAN_POINT ( 'NONE',  ( -5.590292409647827476, -7.304363314851282318, 12.89559725964753412 ) ) ;
#9427 = STYLED_ITEM ( 'NONE', ( #4155 ), #6175 ) ;
#9429 = DIRECTION ( 'NONE',  ( -5.799480735214591205E-17, 7.105427357601001859E-15, -1.000000000000000000 ) ) ;
#9428 = CIRCLE ( 'NONE', #8458, 0.5000000000000000000 ) ;
#9430 = PRODUCT_DEFINITION_SHAPE ( 'NONE', 'NONE',  #11976 ) ;
#9431 = DIRECTION ( 'NONE',  ( 1.000000000000000000, 0.000000000000000000, 0.000000000000000000 ) ) ;
#9432 = LINE ( 'NONE', #1840, #4621 ) ;
#9433 = B_SPLINE_CURVE_WITH_KNOTS ( 'NONE', 3,
 ( #3772, #8505, #11157, #10378 ),
 .UNSPECIFIED., .F., .F.,
 ( 4, 4 ),
 ( 2.759928150030073295E-18, 0.0002122495517563719218 ),
 .UNSPECIFIED. ) ;
#9434 = DIRECTION ( 'NONE',  ( 0.000000000000000000, 0.000000000000000000, -1.000000000000000000 ) ) ;
#9435 = PRODUCT_CONTEXT ( 'NONE', #3028, 'mechanical' ) ;
#9436 = VERTEX_POINT ( 'NONE', #5867 ) ;
#9437 =( GEOMETRIC_REPRESENTATION_CONTEXT ( 3 ) GLOBAL_UNCERTAINTY_ASSIGNED_CONTEXT ( ( #1242 ) ) GLOBAL_UNIT_ASSIGNED_CONTEXT ( ( #11859, #11733, #2628 ) ) REPRESENTATION_CONTEXT ( 'NONE', 'WORKASPACE' ) );
#9438 = EDGE_LOOP ( 'NONE', ( #8397, #1629, #4412, #7175 ) ) ;
#9439 = STYLED_ITEM ( 'NONE', ( #6799 ), #5581 ) ;
#9440 = VERTEX_POINT ( 'NONE', #4065 ) ;
#9441 = LINE ( 'NONE', #2071, #8436 ) ;
#9442 = ADVANCED_FACE ( 'NONE', ( #10556 ), #2250, .T. ) ;
#9443 = DIRECTION ( 'NONE',  ( -1.000000000000000000, 0.000000000000000000, 0.000000000000000000 ) ) ;
#9444 = DIRECTION ( 'NONE',  ( 0.000000000000000000, -1.000000000000000000, 0.000000000000000000 ) ) ;
#9445 = DIRECTION ( 'NONE',  ( -1.000000000000000000, 0.000000000000000000, 0.000000000000000000 ) ) ;
#9446 = CARTESIAN_POINT ( 'NONE',  ( 3.000000000000000444, -8.000000000000000000, 6.200000000000001066 ) ) ;
#9447 = VECTOR ( 'NONE', #8665, 1000.000000000000000 ) ;
#9448 = FILL_AREA_STYLE_COLOUR ( '', #2407 ) ;
#9449 = VERTEX_POINT ( 'NONE', #11948 ) ;
#9450 = CARTESIAN_POINT ( 'NONE',  ( -4.557605189587034644, 5.953865500854547577, 5.000000000000079048 ) ) ;
#9451 = STYLED_ITEM ( 'NONE', ( #4806 ), #9097 ) ;
#9452 = ORIENTED_EDGE ( 'NONE', *, *, #10455, .F. ) ;
#9453 = AXIS2_PLACEMENT_3D ( 'NONE', #6978, #11521, #574 ) ;
#9454 = DIRECTION ( 'NONE',  ( -1.000000000000000000, 0.000000000000000000, 0.000000000000000000 ) ) ;
#9455 = CARTESIAN_POINT ( 'NONE',  ( 10.32499999999999929, 2.250000000000002665, 11.90000000000000036 ) ) ;
#9456 = EDGE_CURVE ( 'NONE', #1231, #7135, #4363, .T. ) ;
#9457 = SURFACE_SIDE_STYLE ('',( #10293 ) ) ;
#9458 = FILL_AREA_STYLE_COLOUR ( '', #8718 ) ;
#9459 = FILL_AREA_STYLE_COLOUR ( '', #10291 ) ;
#9460 = CARTESIAN_POINT ( 'NONE',  ( 4.250000000000000000, 11.09999999999999964, 7.900000000002327383 ) ) ;
#9461 = COLOUR_RGB ( '',0.9137254901960784048, 0.5137254901960783826, 0.1372549019607843257 ) ;
#9462 = ORIENTED_EDGE ( 'NONE', *, *, #5812, .F. ) ;
#9463 = COLOUR_RGB ( '',0.8196078431372548767, 0.8000000000000000444, 0.7529411764705882248 ) ;
#9464 = VECTOR ( 'NONE', #11195, 1000.000000000000000 ) ;
#9465 = CARTESIAN_POINT ( 'NONE',  ( 8.000000000000000000, -4.750000000000000000, 0.8000000000000000444 ) ) ;
#9466 = ADVANCED_FACE ( 'NONE', ( #3381 ), #5499, .F. ) ;
#9467 = CARTESIAN_POINT ( 'NONE',  ( 0.5750000000000001776, -0.7749999999999999112, 12.13765756135613572 ) ) ;
#9468 = DIRECTION ( 'NONE',  ( 1.000000000000000000, -0.000000000000000000, -0.000000000000000000 ) ) ;
#9469 = CARTESIAN_POINT ( 'NONE',  ( 8.000000000000000000, 4.750000000000000000, 2.600000000000000533 ) ) ;
#9470 = ADVANCED_FACE ( 'NONE', ( #4474 ), #9876, .F. ) ;
#9471 = PRESENTATION_STYLE_ASSIGNMENT (( #4954 ) ) ;
#9472 = EDGE_CURVE ( 'NONE', #1952, #3569, #6935, .T. ) ;
#9473 = VERTEX_POINT ( 'NONE', #1144 ) ;
#9474 = EDGE_CURVE ( 'NONE', #11911, #219, #9347, .T. ) ;
#9475 = ORIENTED_EDGE ( 'NONE', *, *, #9406, .F. ) ;
#9476 = FILL_AREA_STYLE_COLOUR ( '', #9135 ) ;
#9477 = LINE ( 'NONE', #1155, #8484 ) ;
#9478 = EDGE_CURVE ( 'NONE', #3643, #5669, #5758, .T. ) ;
#9479 =( NAMED_UNIT ( * ) PLANE_ANGLE_UNIT ( ) SI_UNIT ( $, .RADIAN. ) );
#9480 =( NAMED_UNIT ( * ) PLANE_ANGLE_UNIT ( ) SI_UNIT ( $, .RADIAN. ) );
#9481 =( GEOMETRIC_REPRESENTATION_CONTEXT ( 3 ) GLOBAL_UNCERTAINTY_ASSIGNED_CONTEXT ( ( #557 ) ) GLOBAL_UNIT_ASSIGNED_CONTEXT ( ( #10800, #4421, #745 ) ) REPRESENTATION_CONTEXT ( 'NONE', 'WORKASPACE' ) );
#9482 = CARTESIAN_POINT ( 'NONE',  ( -5.599999999999999645, -8.000000000000000000, 0.000000000000000000 ) ) ;
#9483 = VECTOR ( 'NONE', #8804, 1000.000000000000000 ) ;
#9484 = CARTESIAN_POINT ( 'NONE',  ( -4.250000000000000000, 10.59999999999999964, 6.399999999998000177 ) ) ;
#9485 = VERTEX_POINT ( 'NONE', #5790 ) ;
#9486 = CARTESIAN_POINT ( 'NONE',  ( 0.000000000000000000, -10.94999999999999929, 5.700000000000000178 ) ) ;
#9487 = VERTEX_POINT ( 'NONE', #3754 ) ;
#9488 =( GEOMETRIC_REPRESENTATION_CONTEXT ( 3 ) GLOBAL_UNCERTAINTY_ASSIGNED_CONTEXT ( ( #5842 ) ) GLOBAL_UNIT_ASSIGNED_CONTEXT ( ( #5505, #6431, #9238 ) ) REPRESENTATION_CONTEXT ( 'NONE', 'WORKASPACE' ) );
#9489 = CARTESIAN_POINT ( 'NONE',  ( 11.09999999999999964, 4.250000000000000000, 2.899999999999999911 ) ) ;
#9490 = EDGE_CURVE ( 'NONE', #10618, #1833, #2876, .T. ) ;
#9491 = AXIS2_PLACEMENT_3D ( 'NONE', #5728, #8419, #7565 ) ;
#9492 = CARTESIAN_POINT ( 'NONE',  ( 2.500000000000000000, 9.750000000000000000, 0.8000000000000000444 ) ) ;
#9493 = DIRECTION ( 'NONE',  ( 0.000000000000000000, 0.000000000000000000, -1.000000000000000000 ) ) ;
#9494 = PRESENTATION_STYLE_ASSIGNMENT (( #3096 ) ) ;
#9495 = FACE_OUTER_BOUND ( 'NONE', #8726, .T. ) ;
#9496 = UNCERTAINTY_MEASURE_WITH_UNIT (LENGTH_MEASURE( 1.000000000000000082E-05 ), #1730, 'distance_accuracy_value', 'NONE');
#9497 = CARTESIAN_POINT ( 'NONE',  ( 0.000000000000000000, 0.000000000000000000, 0.000000000000000000 ) ) ;
#9498 = COLOUR_RGB ( '',0.8196078431372548767, 0.8000000000000000444, 0.7529411764705882248 ) ;
#9499 = EDGE_CURVE ( 'NONE', #3148, #8255, #2751, .T. ) ;
#9500 = ADVANCED_FACE ( 'NONE', ( #7578 ), #6536, .T. ) ;
#9501 = PRESENTATION_LAYER_ASSIGNMENT (  '', '', ( #9691 ) ) ;
#9502 = ORIENTED_EDGE ( 'NONE', *, *, #10611, .F. ) ;
#9503 = DIRECTION ( 'NONE',  ( 0.000000000000000000, -0.000000000000000000, -1.000000000000000000 ) ) ;
#9504 = EDGE_CURVE ( 'NONE', #8595, #11670, #971, .T. ) ;
#9505 = AXIS2_PLACEMENT_3D ( 'NONE', #214, #8494, #9585 ) ;
#9506 = ORIENTED_EDGE ( 'NONE', *, *, #7206, .T. ) ;
#9507 = DIRECTION ( 'NONE',  ( 0.000000000000000000, 0.000000000000000000, 1.000000000000000000 ) ) ;
#9508 = CARTESIAN_POINT ( 'NONE',  ( -3.000000000000000000, -7.500000000000000000, 2.600000000000000533 ) ) ;
#9509 = CARTESIAN_POINT ( 'NONE',  ( -7.750000000000000000, 6.650000000000000355, -3.700000000000000178 ) ) ;
#9510 =( NAMED_UNIT ( * ) PLANE_ANGLE_UNIT ( ) SI_UNIT ( $, .RADIAN. ) );
#9511 = UNCERTAINTY_MEASURE_WITH_UNIT (LENGTH_MEASURE( 1.000000000000000082E-05 ), #2901, 'distance_accuracy_value', 'NONE');
#9512 = AXIS2_PLACEMENT_3D ( 'NONE', #7763, #5796, #1096 ) ;
#9513 = CARTESIAN_POINT ( 'NONE',  ( 3.000000000000000000, -7.950000000000000178, 0.7500000000000000000 ) ) ;
#9514 = ORIENTED_EDGE ( 'NONE', *, *, #7316, .F. ) ;
#9515 = EDGE_CURVE ( 'NONE', #8456, #9449, #95, .T. ) ;
#9516 = ADVANCED_FACE ( 'NONE', ( #7456 ), #5612, .T. ) ;
#9517 = ADVANCED_FACE ( 'NONE', ( #8678 ), #4171, .T. ) ;
#9518 = CARTESIAN_POINT ( 'NONE',  ( -4.250000000000000000, 11.09999999999999964, 2.899999999999999911 ) ) ;
#9519 = MECHANICAL_DESIGN_GEOMETRIC_PRESENTATION_REPRESENTATION (  '', ( #4844 ), #7003 ) ;
#9520 = MECHANICAL_DESIGN_GEOMETRIC_PRESENTATION_REPRESENTATION (  '', ( #7588 ), #54 ) ;
#9521 = PRODUCT_DEFINITION_SHAPE ( 'NONE', 'NONE',  #11985 ) ;
#9522 = VECTOR ( 'NONE', #4023, 1000.000000000000000 ) ;
#9523 = UNCERTAINTY_MEASURE_WITH_UNIT (LENGTH_MEASURE( 1.000000000000000082E-05 ), #3312, 'distance_accuracy_value', 'NONE');
#9524 = SURFACE_STYLE_FILL_AREA ( #2169 ) ;
#9525 = LINE ( 'NONE', #8615, #1872 ) ;
#9526 = FILL_AREA_STYLE_COLOUR ( '', #3846 ) ;
#9527 = CARTESIAN_POINT ( 'NONE',  ( 1.750000000000000000, -7.450000000000000178, 5.658578643762692373 ) ) ;
#9528 = DIRECTION ( 'NONE',  ( 1.000000000000000000, 0.000000000000000000, -0.000000000000000000 ) ) ;
#9529 = DIRECTION ( 'NONE',  ( 1.000000000000000000, 0.000000000000000000, 0.000000000000000000 ) ) ;
#9530 = PRESENTATION_LAYER_ASSIGNMENT (  '', '', ( #457 ) ) ;
#9531 = DIRECTION ( 'NONE',  ( -1.000000000000000000, 0.000000000000000000, 0.000000000000000000 ) ) ;
#9532 = SURFACE_STYLE_USAGE ( .BOTH. , #5798 ) ;
#9533 = PRESENTATION_LAYER_ASSIGNMENT (  '', '', ( #814 ) ) ;
#9534 = VECTOR ( 'NONE', #5899, 1000.000000000000000 ) ;
#9535 = AXIS2_PLACEMENT_3D ( 'NONE', #72, #10941, #9148 ) ;
#9536 = VERTEX_POINT ( 'NONE', #717 ) ;
#9537 = EDGE_LOOP ( 'NONE', ( #3376, #966, #58, #780 ) ) ;
#9538 = VECTOR ( 'NONE', #9169, 1000.000000000000000 ) ;
#9539 = DIRECTION ( 'NONE',  ( -1.000000000000000000, -0.000000000000000000, 0.000000000000000000 ) ) ;
#9540 = DIRECTION ( 'NONE',  ( 1.000000000000000000, 0.000000000000000000, -0.000000000000000000 ) ) ;
#9541 = MECHANICAL_DESIGN_GEOMETRIC_PRESENTATION_REPRESENTATION (  '', ( #6221 ), #2164 ) ;
#9542 = CARTESIAN_POINT ( 'NONE',  ( 9.750000000000000000, -2.500000000000000000, -3.700000000000000178 ) ) ;
#9543 = LINE ( 'NONE', #6979, #8021 ) ;
#9544 = PRESENTATION_LAYER_ASSIGNMENT (  '', '', ( #4867 ) ) ;
#9545 = PRESENTATION_LAYER_ASSIGNMENT (  '', '', ( #1972 ) ) ;
#9546 = CARTESIAN_POINT ( 'NONE',  ( 10.59999999999999964, -4.250000000000000000, 6.399999999992998845 ) ) ;
#9547 = EDGE_CURVE ( 'NONE', #8998, #10848, #5298, .T. ) ;
#9548 = SURFACE_SIDE_STYLE ('',( #1418 ) ) ;
#9549 = PRESENTATION_LAYER_ASSIGNMENT (  '', '', ( #6827 ) ) ;
#9550 = DIRECTION ( 'NONE',  ( 0.000000000000000000, 0.000000000000000000, 1.000000000000000000 ) ) ;
#9551 = ORIENTED_EDGE ( 'NONE', *, *, #48, .T. ) ;
#9552 = COLOUR_RGB ( '',0.09803921568627450844, 0.09803921568627450844, 0.09803921568627450844 ) ;
#9553 = PRESENTATION_LAYER_ASSIGNMENT (  '', '', ( #651 ) ) ;
#9554 = VERTEX_POINT ( 'NONE', #11506 ) ;
#9555 = FACE_OUTER_BOUND ( 'NONE', #133, .T. ) ;
#9556 = ORIENTED_EDGE ( 'NONE', *, *, #9842, .T. ) ;
#9557 = DIRECTION ( 'NONE',  ( 1.000000000000000000, 0.000000000000000000, 0.000000000000000000 ) ) ;
#9558 = DIRECTION ( 'NONE',  ( 1.000000000000000000, 0.000000000000000000, 0.000000000000000000 ) ) ;
#9559 = DIRECTION ( 'NONE',  ( -0.000000000000000000, 1.000000000000000000, -0.000000000000000000 ) ) ;
#9560 = DIRECTION ( 'NONE',  ( -0.000000000000000000, 0.000000000000000000, 1.000000000000000000 ) ) ;
#9561 = CARTESIAN_POINT ( 'NONE',  ( -2.750000000000000444, -12.75000000000000178, -3.700000000000000178 ) ) ;
#9562 = CARTESIAN_POINT ( 'NONE',  ( -3.250000000000000444, -12.75000000000000178, 0.000000000000000000 ) ) ;
#9563 = DIRECTION ( 'NONE',  ( 0.000000000000000000, 0.000000000000000000, -1.000000000000000000 ) ) ;
#9564 = CARTESIAN_POINT ( 'NONE',  ( 0.000000000000000000, 0.000000000000000000, 0.000000000000000000 ) ) ;
#9565 = VERTEX_POINT ( 'NONE', #9911 ) ;
#9566 = SURFACE_STYLE_USAGE ( .BOTH. , #9678 ) ;
#9567 = VERTEX_POINT ( 'NONE', #6850 ) ;
#9568 = MECHANICAL_DESIGN_GEOMETRIC_PRESENTATION_REPRESENTATION (  '', ( #5850 ), #3743 ) ;
#9569 = DIRECTION ( 'NONE',  ( 1.000000000000000000, -0.000000000000000000, -0.000000000000000000 ) ) ;
#9570 = LINE ( 'NONE', #3745, #3204 ) ;
#9571 = PRODUCT_RELATED_PRODUCT_CATEGORY ( 'part', '', ( #8450 ) ) ;
#9572 = FACE_OUTER_BOUND ( 'NONE', #11826, .T. ) ;
#9573 = CARTESIAN_POINT ( 'NONE',  ( 8.474999999999999645, -2.775557561562999819E-15, 1.000000000000000000 ) ) ;
#9574 = VERTEX_POINT ( 'NONE', #7881 ) ;
#9575 =( GEOMETRIC_REPRESENTATION_CONTEXT ( 3 ) GLOBAL_UNCERTAINTY_ASSIGNED_CONTEXT ( ( #892 ) ) GLOBAL_UNIT_ASSIGNED_CONTEXT ( ( #7289, #8085, #10856 ) ) REPRESENTATION_CONTEXT ( 'NONE', 'WORKASPACE' ) );
#9576 = VECTOR ( 'NONE', #3425, 1000.000000000000000 ) ;
#9577 = CARTESIAN_POINT ( 'NONE',  ( 7.500000000000000000, 0.000000000000000000, 11.70000000000000107 ) ) ;
#9578 = PRESENTATION_STYLE_ASSIGNMENT (( #275 ) ) ;
#9579 = DIRECTION ( 'NONE',  ( 0.000000000000000000, 0.000000000000000000, 1.000000000000000000 ) ) ;
#9580 = ADVANCED_FACE ( 'NONE', ( #2565 ), #6963, .F. ) ;
#9581 = SURFACE_STYLE_FILL_AREA ( #9408 ) ;
#9582 = SURFACE_SIDE_STYLE ('',( #11508 ) ) ;
#9583 = CARTESIAN_POINT ( 'NONE',  ( -1.649999999999999911, -10.94999999999999929, 5.700000000000000178 ) ) ;
#9584 = FACE_OUTER_BOUND ( 'NONE', #6411, .T. ) ;
#9585 = DIRECTION ( 'NONE',  ( 0.5773502691896257311, -0.5773502691896257311, 0.5773502691896257311 ) ) ;
#9586 = MECHANICAL_DESIGN_GEOMETRIC_PRESENTATION_REPRESENTATION (  '', ( #11706 ), #10548 ) ;
#9587 =( GEOMETRIC_REPRESENTATION_CONTEXT ( 3 ) GLOBAL_UNCERTAINTY_ASSIGNED_CONTEXT ( ( #87 ) ) GLOBAL_UNIT_ASSIGNED_CONTEXT ( ( #8018, #5393, #6252 ) ) REPRESENTATION_CONTEXT ( 'NONE', 'WORKASPACE' ) );
#9588 = CIRCLE ( 'NONE', #10550, 0.5000000000000000000 ) ;
#9589 = EDGE_LOOP ( 'NONE', ( #3890, #251 ) ) ;
#9590 = ORIENTED_EDGE ( 'NONE', *, *, #170, .F. ) ;
#9591 = PRODUCT_DEFINITION_FORMATION_WITH_SPECIFIED_SOURCE ( 'ANY', '', #11617, .NOT_KNOWN. ) ;
#9592 = SURFACE_STYLE_FILL_AREA ( #1106 ) ;
#9593 = VECTOR ( 'NONE', #10258, 1000.000000000000000 ) ;
#9594 = SURFACE_SIDE_STYLE ('',( #4006 ) ) ;
#9595 = MECHANICAL_DESIGN_GEOMETRIC_PRESENTATION_REPRESENTATION (  '', ( #8039 ), #2035 ) ;
#9596 = SURFACE_STYLE_USAGE ( .BOTH. , #7840 ) ;
#9597 = CARTESIAN_POINT ( 'NONE',  ( 0.5249813419655262603, 0.8250186580344730514, 12.13631255030616174 ) ) ;
#9598 = CIRCLE ( 'NONE', #6285, 2.000000000000000000 ) ;
#9599 = DIRECTION ( 'NONE',  ( 1.000000000000000000, 0.000000000000000000, -0.000000000000000000 ) ) ;
#9600 = ORIENTED_EDGE ( 'NONE', *, *, #4124, .F. ) ;
#9601 = ORIENTED_EDGE ( 'NONE', *, *, #2418, .F. ) ;
#9602 = LINE ( 'NONE', #1301, #10116 ) ;
#9603 = ADVANCED_FACE ( 'NONE', ( #8613 ), #7704, .F. ) ;
#9604 = ORIENTED_EDGE ( 'NONE', *, *, #4680, .T. ) ;
#9605 = SURFACE_STYLE_FILL_AREA ( #4257 ) ;
#9606 = CARTESIAN_POINT ( 'NONE',  ( -0.4250000000000000444, -0.9250000000000000444, 19.40000000000000568 ) ) ;
#9607 = CARTESIAN_POINT ( 'NONE',  ( -7.750000000000000000, -6.650000000000000355, 0.000000000000000000 ) ) ;
#9608 = CARTESIAN_POINT ( 'NONE',  ( -7.000000000000000000, 6.650000000000000355, 0.000000000000000000 ) ) ;
#9609 = LINE ( 'NONE', #6937, #9164 ) ;
#9610 = EDGE_CURVE ( 'NONE', #10565, #2637, #10988, .T. ) ;
#9611 = FILL_AREA_STYLE ('',( #10519 ) ) ;
#9612 = SURFACE_STYLE_FILL_AREA ( #7857 ) ;
#9613 = UNCERTAINTY_MEASURE_WITH_UNIT (LENGTH_MEASURE( 1.000000000000000082E-05 ), #4330, 'distance_accuracy_value', 'NONE');
#9614 = ADVANCED_BREP_SHAPE_REPRESENTATION ( '', ( #11540, #3260 ), #9857 ) ;
#9615 = DIRECTION ( 'NONE',  ( 0.000000000000000000, -0.000000000000000000, -1.000000000000000000 ) ) ;
#9616 = FILL_AREA_STYLE ('',( #7062 ) ) ;
#9618 = STYLED_ITEM ( 'NONE', ( #3798 ), #5924 ) ;
#9617 = CARTESIAN_POINT ( 'NONE',  ( 0.000000000000000000, 0.000000000000000000, 0.000000000000000000 ) ) ;
#9619 = EDGE_CURVE ( 'NONE', #9721, #1656, #5357, .T. ) ;
#9620 = ORIENTED_EDGE ( 'NONE', *, *, #3171, .F. ) ;
#9621 =( NAMED_UNIT ( * ) PLANE_ANGLE_UNIT ( ) SI_UNIT ( $, .RADIAN. ) );
#9622 = ORIENTED_EDGE ( 'NONE', *, *, #10342, .T. ) ;
#9623 = ADVANCED_FACE ( 'NONE', ( #6390 ), #2413, .F. ) ;
#9624 = FILL_AREA_STYLE ('',( #8661 ) ) ;
#9625 = FILL_AREA_STYLE ('',( #2927 ) ) ;
#9626 = MECHANICAL_DESIGN_GEOMETRIC_PRESENTATION_REPRESENTATION (  '', ( #8266 ), #7500 ) ;
#9627 = LINE ( 'NONE', #2285, #1672 ) ;
#9628 = EDGE_CURVE ( 'NONE', #8140, #4932, #6327, .T. ) ;
#9629 = CARTESIAN_POINT ( 'NONE',  ( 0.7500000000009999779, 11.09999999999999964, 4.142093751461000117 ) ) ;
#9630 = FACE_OUTER_BOUND ( 'NONE', #2898, .T. ) ;
#9631 =( NAMED_UNIT ( * ) PLANE_ANGLE_UNIT ( ) SI_UNIT ( $, .RADIAN. ) );
#9632 = CARTESIAN_POINT ( 'NONE',  ( 8.949999999999999289, 5.600000000000000533, 3.200000000000000178 ) ) ;
#9633 =( NAMED_UNIT ( * ) SI_UNIT ( $, .STERADIAN. ) SOLID_ANGLE_UNIT ( ) );
#9634 = VERTEX_POINT ( 'NONE', #8216 ) ;
#9635 = PRESENTATION_LAYER_ASSIGNMENT (  '', '', ( #373 ) ) ;
#9636 = VECTOR ( 'NONE', #8403, 1000.000000000000000 ) ;
#9637 = COLOUR_RGB ( '',0.09803921568627450844, 0.09803921568627450844, 0.09803921568627450844 ) ;
#9638 = UNCERTAINTY_MEASURE_WITH_UNIT (LENGTH_MEASURE( 1.000000000000000082E-05 ), #9269, 'distance_accuracy_value', 'NONE');
#9639 = DIRECTION ( 'NONE',  ( -0.000000000000000000, 1.000000000000000000, 0.000000000000000000 ) ) ;
#9640 = FILL_AREA_STYLE_COLOUR ( '', #7988 ) ;
#9641 =( NAMED_UNIT ( * ) SI_UNIT ( $, .STERADIAN. ) SOLID_ANGLE_UNIT ( ) );
#9642 = SURFACE_SIDE_STYLE ('',( #11690 ) ) ;
#9643 = DIRECTION ( 'NONE',  ( -0.000000000000000000, 1.000000000000000000, -0.000000000000000000 ) ) ;
#9644 = UNCERTAINTY_MEASURE_WITH_UNIT (LENGTH_MEASURE( 1.000000000000000082E-05 ), #7164, 'distance_accuracy_value', 'NONE');
#9645 = CARTESIAN_POINT ( 'NONE',  ( -4.000000000000000000, 4.898587196589412829E-16, 12.19999999999999929 ) ) ;
#9646 = CARTESIAN_POINT ( 'NONE',  ( 4.750000000000000000, 8.000000000000000000, 3.200000000000000178 ) ) ;
#9647 = ORIENTED_EDGE ( 'NONE', *, *, #11564, .T. ) ;
#9648 = EDGE_CURVE ( 'NONE', #7159, #10271, #2785, .T. ) ;
#9649 = PRESENTATION_LAYER_ASSIGNMENT (  '', '', ( #2839 ) ) ;
#9650 = AXIS2_PLACEMENT_3D ( 'NONE', #1572, #5254, #9803 ) ;
#9651 = VERTEX_POINT ( 'NONE', #10218 ) ;
#9652 =( LENGTH_UNIT ( ) NAMED_UNIT ( * ) SI_UNIT ( .MILLI., .METRE. ) );
#9653 = SURFACE_STYLE_USAGE ( .BOTH. , #1409 ) ;
#9654 = FILL_AREA_STYLE_COLOUR ( '', #3030 ) ;
#9655 = CYLINDRICAL_SURFACE ( 'NONE', #11366, 3.100000000000000533 ) ;
#9656 = DIRECTION ( 'NONE',  ( 0.000000000000000000, 0.000000000000000000, 1.000000000000000000 ) ) ;
#9657 = DIRECTION ( 'NONE',  ( -1.000000000000000000, 0.000000000000000000, 0.000000000000000000 ) ) ;
#9658 = SURFACE_STYLE_USAGE ( .BOTH. , #3140 ) ;
#9659 = CARTESIAN_POINT ( 'NONE',  ( -8.803209579783272787, 7.089138674579814392, 9.897904729783563837 ) ) ;
#9660 = PRESENTATION_STYLE_ASSIGNMENT (( #5932 ) ) ;
#9661 = SURFACE_STYLE_FILL_AREA ( #8635 ) ;
#9662 = FILL_AREA_STYLE_COLOUR ( '', #2632 ) ;
#9663 = VERTEX_POINT ( 'NONE', #7304 ) ;
#9664 = ORIENTED_EDGE ( 'NONE', *, *, #7692, .F. ) ;
#9665 = VERTEX_POINT ( 'NONE', #5585 ) ;
#9666 = EDGE_LOOP ( 'NONE', ( #6063, #204, #1116, #791, #10491, #9112, #10268, #4958 ) ) ;
#9667 = DIRECTION ( 'NONE',  ( 3.581364595565000168E-16, 1.000000000000000000, 0.000000000000000000 ) ) ;
#9668 = LINE ( 'NONE', #3153, #3534 ) ;
#9669 =( LENGTH_UNIT ( ) NAMED_UNIT ( * ) SI_UNIT ( .MILLI., .METRE. ) );
#9670 = COLOUR_RGB ( '',0.7019607843137254388, 0.7019607843137254388, 0.7019607843137254388 ) ;
#9671 = FILL_AREA_STYLE_COLOUR ( '', #3524 ) ;
#9672 = AXIS2_PLACEMENT_3D ( 'NONE', #5744, #9468, #10478 ) ;
#9673 = SURFACE_STYLE_FILL_AREA ( #9611 ) ;
#9674 = SURFACE_SIDE_STYLE ('',( #9612 ) ) ;
#9675 = CARTESIAN_POINT ( 'NONE',  ( 11.09999999999999964, 0.7500000000019999558, 11.40000000000000036 ) ) ;
#9676 = COLOUR_RGB ( '',0.7019607843137254388, 0.7019607843137254388, 0.7019607843137254388 ) ;
#9677 = ORIENTED_EDGE ( 'NONE', *, *, #2045, .T. ) ;
#9678 = SURFACE_SIDE_STYLE ('',( #10523 ) ) ;
#9679 = STYLED_ITEM ( 'NONE', ( #2932 ), #11347 ) ;
#9680 = VERTEX_POINT ( 'NONE', #9317 ) ;
#9681 = CARTESIAN_POINT ( 'NONE',  ( 11.09999999999999964, -4.250000000000000000, 2.899999999999999911 ) ) ;
#9682 = DIRECTION ( 'NONE',  ( -1.000000000000000000, 0.000000000000000000, 0.000000000000000000 ) ) ;
#9683 = SHAPE_REPRESENTATION ( 'COMPOUND017', ( #3260 ), #9857 ) ;
#9684 = CYLINDRICAL_SURFACE ( 'NONE', #542, 3.100000000000000533 ) ;
#9685 =( NAMED_UNIT ( * ) PLANE_ANGLE_UNIT ( ) SI_UNIT ( $, .RADIAN. ) );
#9686 = DIRECTION ( 'NONE',  ( -1.000000000000000000, 0.000000000000000000, 0.000000000000000000 ) ) ;
#9687 =( GEOMETRIC_REPRESENTATION_CONTEXT ( 3 ) GLOBAL_UNCERTAINTY_ASSIGNED_CONTEXT ( ( #5371 ) ) GLOBAL_UNIT_ASSIGNED_CONTEXT ( ( #7313, #6397, #9145 ) ) REPRESENTATION_CONTEXT ( 'NONE', 'WORKASPACE' ) );
#9688 = CARTESIAN_POINT ( 'NONE',  ( -8.000000000000000000, 3.449999999999999734, 2.600000000000000533 ) ) ;
#9689 = PRESENTATION_LAYER_ASSIGNMENT (  '', '', ( #7153 ) ) ;
#9690 = EDGE_LOOP ( 'NONE', ( #10129, #2708, #3872, #5480 ) ) ;
#9691 = STYLED_ITEM ( 'NONE', ( #4202 ), #8057 ) ;
#9692 = ORIENTED_EDGE ( 'NONE', *, *, #410, .F. ) ;
#9693 = MECHANICAL_DESIGN_GEOMETRIC_PRESENTATION_REPRESENTATION (  '', ( #2884 ), #1936 ) ;
#9694 = CARTESIAN_POINT ( 'NONE',  ( 4.700000000000000178, -13.15000000000000036, 0.000000000000000000 ) ) ;
#9695 = SURFACE_STYLE_FILL_AREA ( #5069 ) ;
#9696 =( NAMED_UNIT ( * ) SI_UNIT ( $, .STERADIAN. ) SOLID_ANGLE_UNIT ( ) );
#9697 =( LENGTH_UNIT ( ) NAMED_UNIT ( * ) SI_UNIT ( .MILLI., .METRE. ) );
#9698 = CARTESIAN_POINT ( 'NONE',  ( -7.500000000000000000, -7.500000000000000000, 11.70000000000000107 ) ) ;
#9699 = PRESENTATION_LAYER_ASSIGNMENT (  '', '', ( #10841 ) ) ;
#9700 =( NAMED_UNIT ( * ) PLANE_ANGLE_UNIT ( ) SI_UNIT ( $, .RADIAN. ) );
#9701 = DIRECTION ( 'NONE',  ( -2.973811673103000536E-16, 1.000000000000000000, -0.000000000000000000 ) ) ;
#9702 = FACE_OUTER_BOUND ( 'NONE', #5775, .T. ) ;
#9703 = FACE_OUTER_BOUND ( 'NONE', #10969, .T. ) ;
#9704 = ORIENTED_EDGE ( 'NONE', *, *, #1118, .T. ) ;
#9705 = MECHANICAL_DESIGN_GEOMETRIC_PRESENTATION_REPRESENTATION (  '', ( #5034 ), #806 ) ;
#9706 = ORIENTED_EDGE ( 'NONE', *, *, #5911, .F. ) ;
#9707 = DIRECTION ( 'NONE',  ( 0.000000000000000000, 0.000000000000000000, 1.000000000000000000 ) ) ;
#9708 = FACE_OUTER_BOUND ( 'NONE', #3450, .T. ) ;
#9709 = LINE ( 'NONE', #4067, #7634 ) ;
#9710 = CARTESIAN_POINT ( 'NONE',  ( -1.649999999999999911, -10.94999999999999929, 5.700000000000000178 ) ) ;
#9711 = STYLED_ITEM ( 'NONE', ( #9969 ), #7344 ) ;
#9712 = DIRECTION ( 'NONE',  ( 1.000000000000000000, 0.000000000000000000, 1.068854917803000021E-12 ) ) ;
#9713 = EDGE_CURVE ( 'NONE', #3844, #3709, #1004, .T. ) ;
#9714 =( GEOMETRIC_REPRESENTATION_CONTEXT ( 3 ) GLOBAL_UNCERTAINTY_ASSIGNED_CONTEXT ( ( #11067 ) ) GLOBAL_UNIT_ASSIGNED_CONTEXT ( ( #10779, #9030, #9799 ) ) REPRESENTATION_CONTEXT ( 'NONE', 'WORKASPACE' ) );
#9715 = DIRECTION ( 'NONE',  ( 1.000000000000000000, 0.000000000000000000, 0.000000000000000000 ) ) ;
#9716 = DIRECTION ( 'NONE',  ( 1.000000000000000000, 0.000000000000000000, 4.011465257279000566E-16 ) ) ;
#9717 = DIRECTION ( 'NONE',  ( 1.000000000000000000, 0.000000000000000000, -0.000000000000000000 ) ) ;
#9718 = CONTEXT_DEPENDENT_SHAPE_REPRESENTATION ( #6309, #9228 ) ;
#9719 = ORIENTED_EDGE ( 'NONE', *, *, #9025, .F. ) ;
#9720 = ORIENTED_EDGE ( 'NONE', *, *, #523, .F. ) ;
#9721 = VERTEX_POINT ( 'NONE', #7495 ) ;
#9722 = MECHANICAL_DESIGN_GEOMETRIC_PRESENTATION_REPRESENTATION (  '', ( #4674 ), #9902 ) ;
#9723 = PRESENTATION_LAYER_ASSIGNMENT (  '', '', ( #4102 ) ) ;
#9724 = ORIENTED_EDGE ( 'NONE', *, *, #9223, .T. ) ;
#9725 = DIRECTION ( 'NONE',  ( 0.000000000000000000, 1.000000000000000000, 0.000000000000000000 ) ) ;
#9726 = FILL_AREA_STYLE_COLOUR ( '', #1267 ) ;
#9727 = DIRECTION ( 'NONE',  ( 0.000000000000000000, -1.000000000000000000, 4.011465257279000566E-16 ) ) ;
#9728 =( NAMED_UNIT ( * ) PLANE_ANGLE_UNIT ( ) SI_UNIT ( $, .RADIAN. ) );
#9729 = AXIS2_PLACEMENT_3D ( 'NONE', #847, #8230, #10443 ) ;
#9730 = EDGE_CURVE ( 'NONE', #11712, #8968, #1171, .T. ) ;
#9731 = EDGE_CURVE ( 'NONE', #10851, #5645, #5927, .T. ) ;
#9732 = FILL_AREA_STYLE_COLOUR ( '', #7847 ) ;
#9733 = UNCERTAINTY_MEASURE_WITH_UNIT (LENGTH_MEASURE( 1.000000000000000082E-05 ), #3068, 'distance_accuracy_value', 'NONE');
#9734 =( GEOMETRIC_REPRESENTATION_CONTEXT ( 3 ) GLOBAL_UNCERTAINTY_ASSIGNED_CONTEXT ( ( #4629 ) ) GLOBAL_UNIT_ASSIGNED_CONTEXT ( ( #10571, #11481, #3094 ) ) REPRESENTATION_CONTEXT ( 'NONE', 'WORKASPACE' ) );
#9735 = PRESENTATION_LAYER_ASSIGNMENT (  '', '', ( #8778 ) ) ;
#9736 = CIRCLE ( 'NONE', #4493, 0.7500000000000006661 ) ;
#9737 = ORIENTED_EDGE ( 'NONE', *, *, #8891, .T. ) ;
#9738 = PLANE ( 'NONE',  #11453 ) ;
#9739 = EDGE_LOOP ( 'NONE', ( #11235, #3172, #10195, #8561, #4439, #3493, #9328, #1505, #8029, #8159, #5392, #5896, #11273, #1216, #4271, #1232 ) ) ;
#9740 = PLANE ( 'NONE',  #5284 ) ;
#9741 = VECTOR ( 'NONE', #4141, 1000.000000000000000 ) ;
#9742 = FILL_AREA_STYLE ('',( #597 ) ) ;
#9743 = MECHANICAL_DESIGN_GEOMETRIC_PRESENTATION_REPRESENTATION (  '', ( #8181 ), #11672 ) ;
#9744 = DIRECTION ( 'NONE',  ( 0.000000000000000000, 0.000000000000000000, 1.000000000000000000 ) ) ;
#9745 = DIRECTION ( 'NONE',  ( 0.000000000000000000, 0.000000000000000000, 1.000000000000000000 ) ) ;
#9746 = VERTEX_POINT ( 'NONE', #2971 ) ;
#9747 = MECHANICAL_DESIGN_GEOMETRIC_PRESENTATION_REPRESENTATION (  '', ( #8594 ), #2746 ) ;
#9748 = COLOUR_RGB ( '',0.8196078431372548767, 0.8000000000000000444, 0.7529411764705882248 ) ;
#9749 = UNCERTAINTY_MEASURE_WITH_UNIT (LENGTH_MEASURE( 1.000000000000000082E-05 ), #10528, 'distance_accuracy_value', 'NONE');
#9750 = FILL_AREA_STYLE_COLOUR ( '', #832 ) ;
#9751 = VECTOR ( 'NONE', #6624, 1000.000000000000000 ) ;
#9752 = DIRECTION ( 'NONE',  ( 0.000000000000000000, 0.000000000000000000, -1.000000000000000000 ) ) ;
#9753 =( NAMED_UNIT ( * ) PLANE_ANGLE_UNIT ( ) SI_UNIT ( $, .RADIAN. ) );
#9754 = CARTESIAN_POINT ( 'NONE',  ( 1.749999999999999556, -10.94999999999999929, 5.658578643762691485 ) ) ;
#9755 = VECTOR ( 'NONE', #2188, 1000.000000000000000 ) ;
#9756 = UNCERTAINTY_MEASURE_WITH_UNIT (LENGTH_MEASURE( 1.000000000000000082E-05 ), #2400, 'distance_accuracy_value', 'NONE');
#9757 = DIRECTION ( 'NONE',  ( 0.000000000000000000, 0.000000000000000000, 1.000000000000000000 ) ) ;
#9758 = CARTESIAN_POINT ( 'NONE',  ( 2.000000000000000000, -12.94999999999999929, 4.400000000000000355 ) ) ;
#9759 = DIRECTION ( 'NONE',  ( 0.000000000000000000, 0.000000000000000000, -1.000000000000000000 ) ) ;
#9760 = VECTOR ( 'NONE', #6837, 1000.000000000000000 ) ;
#9761 = ORIENTED_EDGE ( 'NONE', *, *, #4576, .T. ) ;
#9762 = ADVANCED_FACE ( 'NONE', ( #8648 ), #186, .F. ) ;
#9763 = VERTEX_POINT ( 'NONE', #4809 ) ;
#9764 = DIRECTION ( 'NONE',  ( 1.000000000000000000, 0.000000000000000000, -0.000000000000000000 ) ) ;
#9765 = CARTESIAN_POINT ( 'NONE',  ( -5.599999999999999645, -2.725000000000000089, 2.600000000000000533 ) ) ;
#9766 = DIRECTION ( 'NONE',  ( -1.068988633312000001E-12, 0.000000000000000000, 1.000000000000000000 ) ) ;
#9767 = CIRCLE ( 'NONE', #6079, 0.5000000000000000000 ) ;
#9768 = DIRECTION ( 'NONE',  ( -0.000000000000000000, -0.000000000000000000, -1.000000000000000000 ) ) ;
#9769 = DIRECTION ( 'NONE',  ( 0.000000000000000000, 0.000000000000000000, 1.000000000000000000 ) ) ;
#9770 = CARTESIAN_POINT ( 'NONE',  ( 0.000000000000000000, 0.000000000000000000, 0.000000000000000000 ) ) ;
#9771 =( LENGTH_UNIT ( ) NAMED_UNIT ( * ) SI_UNIT ( .MILLI., .METRE. ) );
#9772 = ORIENTED_EDGE ( 'NONE', *, *, #6682, .F. ) ;
#9773 = EDGE_LOOP ( 'NONE', ( #2070, #10194, #3041, #2194 ) ) ;
#9774 = PRODUCT_RELATED_PRODUCT_CATEGORY ( 'part', '', ( #3693 ) ) ;
#9775 = EDGE_LOOP ( 'NONE', ( #2181, #7594 ) ) ;
#9776 = SURFACE_STYLE_FILL_AREA ( #8834 ) ;
#9777 = DIRECTION ( 'NONE',  ( -1.000000000000000000, 0.000000000000000000, 0.000000000000000000 ) ) ;
#9779 =( LENGTH_UNIT ( ) NAMED_UNIT ( * ) SI_UNIT ( .MILLI., .METRE. ) );
#9778 = AXIS2_PLACEMENT_3D ( 'NONE', #9562, #10738, #7733 ) ;
#9780 = PRODUCT_DEFINITION_SHAPE ( 'NONE', 'NONE',  #11551 ) ;
#9781 = CYLINDRICAL_SURFACE ( 'NONE', #10320, 0.5999999999999998668 ) ;
#9782 = CARTESIAN_POINT ( 'NONE',  ( -3.007906248538999794, 11.09999999999999964, 6.399999999999000266 ) ) ;
#9783 = CARTESIAN_POINT ( 'NONE',  ( 4.250000000000000000, 11.09999999999999964, 9.400000000000000355 ) ) ;
#9784 = CARTESIAN_POINT ( 'NONE',  ( -2.500000000000000000, -8.500000000000000000, 0.7500000000000000000 ) ) ;
#9785 = DIRECTION ( 'NONE',  ( 1.000000000000000000, 0.000000000000000000, 0.000000000000000000 ) ) ;
#9786 = ORIENTED_EDGE ( 'NONE', *, *, #7732, .F. ) ;
#9787 = CARTESIAN_POINT ( 'NONE',  ( 3.250000000000000444, -8.250000000000000000, -3.700000000000000178 ) ) ;
#9788 = AXIS2_PLACEMENT_3D ( 'NONE', #10963, #1826, #5566 ) ;
#9789 = EDGE_CURVE ( 'NONE', #10256, #326, #6638, .T. ) ;
#9790 = ORIENTED_EDGE ( 'NONE', *, *, #3347, .T. ) ;
#9791 = DIRECTION ( 'NONE',  ( 1.000000000000000000, -0.000000000000000000, -0.000000000000000000 ) ) ;
#9792 = FILL_AREA_STYLE ('',( #7070 ) ) ;
#9793 =( NAMED_UNIT ( * ) PLANE_ANGLE_UNIT ( ) SI_UNIT ( $, .RADIAN. ) );
#9794 = FACE_OUTER_BOUND ( 'NONE', #2859, .T. ) ;
#9795 =( NAMED_UNIT ( * ) PLANE_ANGLE_UNIT ( ) SI_UNIT ( $, .RADIAN. ) );
#9796 = MECHANICAL_DESIGN_GEOMETRIC_PRESENTATION_REPRESENTATION (  '', ( #5141 ), #10200 ) ;
#9797 = FACE_OUTER_BOUND ( 'NONE', #8281, .T. ) ;
#9798 = EDGE_LOOP ( 'NONE', ( #2228, #846, #7223, #2572 ) ) ;
#9799 =( NAMED_UNIT ( * ) SI_UNIT ( $, .STERADIAN. ) SOLID_ANGLE_UNIT ( ) );
#9800 = MECHANICAL_DESIGN_GEOMETRIC_PRESENTATION_REPRESENTATION (  '', ( #7887 ), #9049 ) ;
#9801 = ADVANCED_FACE ( 'NONE', ( #11227 ), #3838, .T. ) ;
#9802 = SURFACE_SIDE_STYLE ('',( #5187 ) ) ;
#9803 = DIRECTION ( 'NONE',  ( -1.000000000000000000, 0.000000000000000000, -5.348620343038999729E-16 ) ) ;
#9804 = SURFACE_STYLE_USAGE ( .BOTH. , #1332 ) ;
#9805 = PRESENTATION_LAYER_ASSIGNMENT (  '', '', ( #7697 ) ) ;
#9806 = DIRECTION ( 'NONE',  ( -8.881784197001252323E-16, 0.000000000000000000, -1.000000000000000000 ) ) ;
#9807 = STYLED_ITEM ( 'NONE', ( #451 ), #9517 ) ;
#9808 = VERTEX_POINT ( 'NONE', #2134 ) ;
#9809 = EDGE_CURVE ( 'NONE', #6685, #8747, #1121, .T. ) ;
#9810 =( GEOMETRIC_REPRESENTATION_CONTEXT ( 3 ) GLOBAL_UNCERTAINTY_ASSIGNED_CONTEXT ( ( #455 ) ) GLOBAL_UNIT_ASSIGNED_CONTEXT ( ( #2625, #5470, #9076 ) ) REPRESENTATION_CONTEXT ( 'NONE', 'WORKASPACE' ) );
#9811 = SURFACE_STYLE_FILL_AREA ( #572 ) ;
#9812 = SURFACE_STYLE_USAGE ( .BOTH. , #4240 ) ;
#9813 = COLOUR_RGB ( '',0.9137254901960784048, 0.5137254901960783826, 0.1372549019607843257 ) ;
#9814 =( LENGTH_UNIT ( ) NAMED_UNIT ( * ) SI_UNIT ( .MILLI., .METRE. ) );
#9815 = FILL_AREA_STYLE ('',( #2426 ) ) ;
#9816 =( NAMED_UNIT ( * ) SI_UNIT ( $, .STERADIAN. ) SOLID_ANGLE_UNIT ( ) );
#9817 = CARTESIAN_POINT ( 'NONE',  ( 8.000000000000000000, -5.599999999999999645, 3.200000000000000178 ) ) ;
#9818 = LINE ( 'NONE', #10518, #1077 ) ;
#9819 = CARTESIAN_POINT ( 'NONE',  ( 11.09999999999999964, 5.551115123125999639E-16, 7.150000000000000355 ) ) ;
#9820 = EDGE_CURVE ( 'NONE', #3052, #1298, #4920, .T. ) ;
#9821 =( NAMED_UNIT ( * ) PLANE_ANGLE_UNIT ( ) SI_UNIT ( $, .RADIAN. ) );
#9822 = CARTESIAN_POINT ( 'NONE',  ( 4.574708720721039512, -5.955846290499661855, 5.000000000000000888 ) ) ;
#9823 = EDGE_CURVE ( 'NONE', #7904, #7034, #10810, .T. ) ;
#9824 = PRESENTATION_LAYER_ASSIGNMENT (  '', '', ( #8885 ) ) ;
#9825 = ORIENTED_EDGE ( 'NONE', *, *, #807, .F. ) ;
#9826 = EDGE_LOOP ( 'NONE', ( #5142, #749, #3023, #90 ) ) ;
#9827 = ORIENTED_EDGE ( 'NONE', *, *, #10455, .T. ) ;
#9828 = ADVANCED_FACE ( 'NONE', ( #7113 ), #1433, .T. ) ;
#9829 = ORIENTED_EDGE ( 'NONE', *, *, #8994, .T. ) ;
#9830 = CARTESIAN_POINT ( 'NONE',  ( 2.499999999999999556, -13.94999999999999929, 4.200000000000000178 ) ) ;
#9831 = FACE_OUTER_BOUND ( 'NONE', #3647, .T. ) ;
#9832 = DIRECTION ( 'NONE',  ( 0.000000000000000000, 0.000000000000000000, 1.000000000000000000 ) ) ;
#9833 = CARTESIAN_POINT ( 'NONE',  ( 10.32499999999999929, 2.250000000000000444, 9.400000000000000355 ) ) ;
#9834 =( LENGTH_UNIT ( ) NAMED_UNIT ( * ) SI_UNIT ( .MILLI., .METRE. ) );
#9835 =( NAMED_UNIT ( * ) PLANE_ANGLE_UNIT ( ) SI_UNIT ( $, .RADIAN. ) );
#9836 = FILL_AREA_STYLE_COLOUR ( '', #5416 ) ;
#9837 = PLANE ( 'NONE',  #8860 ) ;
#9838 = CARTESIAN_POINT ( 'NONE',  ( 0.000000000000000000, 0.000000000000000000, 0.000000000000000000 ) ) ;
#9839 = ORIENTED_EDGE ( 'NONE', *, *, #8474, .F. ) ;
#9840 = EDGE_LOOP ( 'NONE', ( #9506, #3603, #9945, #8833 ) ) ;
#9841 = CARTESIAN_POINT ( 'NONE',  ( 10.59999999999999964, 0.7500000000019999558, 11.40000000000000036 ) ) ;
#9842 = EDGE_CURVE ( 'NONE', #11316, #11020, #618, .T. ) ;
#9843 = ORIENTED_EDGE ( 'NONE', *, *, #4204, .T. ) ;
#9844 = CARTESIAN_POINT ( 'NONE',  ( -8.699999999999999289, -5.599999999999999645, 0.000000000000000000 ) ) ;
#9845 = SURFACE_SIDE_STYLE ('',( #3287 ) ) ;
#9846 = FILL_AREA_STYLE_COLOUR ( '', #4179 ) ;
#9847 = CARTESIAN_POINT ( 'NONE',  ( 7.492820323027550522, 7.492820323027548746, 11.69282032302754892 ) ) ;
#9848 = FILL_AREA_STYLE_COLOUR ( '', #10117 ) ;
#9849 = UNCERTAINTY_MEASURE_WITH_UNIT (LENGTH_MEASURE( 1.000000000000000082E-05 ), #2430, 'distance_accuracy_value', 'NONE');
#9850 = PLANE ( 'NONE',  #8545 ) ;
#9851 = EDGE_CURVE ( 'NONE', #3335, #1940, #9897, .T. ) ;
#9852 = ADVANCED_FACE ( 'NONE', ( #10756 ), #8771, .T. ) ;
#9853 = AXIS2_PLACEMENT_3D ( 'NONE', #2012, #1897, #7459 ) ;
#9854 = EDGE_LOOP ( 'NONE', ( #1536, #5277, #348, #4744 ) ) ;
#9855 = UNCERTAINTY_MEASURE_WITH_UNIT (LENGTH_MEASURE( 1.000000000000000082E-05 ), #4880, 'distance_accuracy_value', 'NONE');
#9856 = FILL_AREA_STYLE_COLOUR ( '', #4486 ) ;
#9857 =( GEOMETRIC_REPRESENTATION_CONTEXT ( 3 ) GLOBAL_UNCERTAINTY_ASSIGNED_CONTEXT ( ( #5596 ) ) GLOBAL_UNIT_ASSIGNED_CONTEXT ( ( #2738, #7435, #308 ) ) REPRESENTATION_CONTEXT ( 'NONE', 'WORKASPACE' ) );
#9858 = CARTESIAN_POINT ( 'NONE',  ( 11.09999999999999964, -3.007906248537130622, 6.399999999992999733 ) ) ;
#9859 = APPLICATION_CONTEXT ( 'automotive_design' ) ;
#9860 =( NAMED_UNIT ( * ) PLANE_ANGLE_UNIT ( ) SI_UNIT ( $, .RADIAN. ) );
#9861 = SURFACE_STYLE_USAGE ( .BOTH. , #3624 ) ;
#9862 = UNCERTAINTY_MEASURE_WITH_UNIT (LENGTH_MEASURE( 1.000000000000000082E-05 ), #11818, 'distance_accuracy_value', 'NONE');
#9863 = AXIS2_PLACEMENT_3D ( 'NONE', #4324, #6129, #756 ) ;
#9864 = DIRECTION ( 'NONE',  ( 0.000000000000000000, -1.000000000000000000, -0.000000000000000000 ) ) ;
#9865 = EDGE_CURVE ( 'NONE', #9565, #9763, #4377, .T. ) ;
#9866 = ADVANCED_FACE ( 'NONE', ( #5035 ), #1541, .T. ) ;
#9867 = ORIENTED_EDGE ( 'NONE', *, *, #11912, .T. ) ;
#9868 = PLANE ( 'NONE',  #2623 ) ;
#9869 = EDGE_CURVE ( 'NONE', #6577, #580, #4613, .T. ) ;
#9870 = AXIS2_PLACEMENT_3D ( 'NONE', #7063, #8843, #6822 ) ;
#9871 = DIRECTION ( 'NONE',  ( -0.000000000000000000, -0.000000000000000000, -1.000000000000000000 ) ) ;
#9872 = AXIS2_PLACEMENT_3D ( 'NONE', #4028, #2138, #6004 ) ;
#9874 = ORIENTED_EDGE ( 'NONE', *, *, #5673, .T. ) ;
#9873 = MECHANICAL_DESIGN_GEOMETRIC_PRESENTATION_REPRESENTATION (  '', ( #3692 ), #613 ) ;
#9875 = FACE_OUTER_BOUND ( 'NONE', #6519, .T. ) ;
#9876 = PLANE ( 'NONE',  #10984 ) ;
#9877 = DIRECTION ( 'NONE',  ( -0.000000000000000000, 1.000000000000000000, 0.000000000000000000 ) ) ;
#9878 = CARTESIAN_POINT ( 'NONE',  ( -0.4249999999999956035, 0.9249999999999920508, 12.13059553467957308 ) ) ;
#9879 = LINE ( 'NONE', #1589, #7855 ) ;
#9880 = CARTESIAN_POINT ( 'NONE',  ( -3.000000000000000000, -10.97499999999999964, 0.7500000000000000000 ) ) ;
#9881 = CARTESIAN_POINT ( 'NONE',  ( 7.492820323027546081, 7.492820323027547857, 11.69282032302754537 ) ) ;
#9882 = AXIS2_PLACEMENT_3D ( 'NONE', #8670, #5060, #8792 ) ;
#9883 = DIRECTION ( 'NONE',  ( 0.000000000000000000, 0.000000000000000000, 1.000000000000000000 ) ) ;
#9884 =( NAMED_UNIT ( * ) PLANE_ANGLE_UNIT ( ) SI_UNIT ( $, .RADIAN. ) );
#9885 = PRESENTATION_LAYER_ASSIGNMENT (  '', '', ( #10282 ) ) ;
#9886 = ORIENTED_EDGE ( 'NONE', *, *, #162, .T. ) ;
#9887 = ORIENTED_EDGE ( 'NONE', *, *, #3302, .F. ) ;
#9888 = ORIENTED_EDGE ( 'NONE', *, *, #5038, .F. ) ;
#9889 = CARTESIAN_POINT ( 'NONE',  ( 0.000000000000000000, -8.000000000000000000, 0.7500000000000000000 ) ) ;
#9890 =( NAMED_UNIT ( * ) PLANE_ANGLE_UNIT ( ) SI_UNIT ( $, .RADIAN. ) );
#9891 = AXIS2_PLACEMENT_3D ( 'NONE', #144, #5664, #86 ) ;
#9892 = AXIS2_PLACEMENT_3D ( 'NONE', #5204, #6054, #4130 ) ;
#9893 = ADVANCED_FACE ( 'NONE', ( #7228 ), #8086, .F. ) ;
#9894 = SURFACE_STYLE_FILL_AREA ( #9062 ) ;
#9895 = DIRECTION ( 'NONE',  ( -0.000000000000000000, -0.000000000000000000, 1.000000000000000000 ) ) ;
#9896 = STYLED_ITEM ( 'NONE', ( #3879 ), #9970 ) ;
#9897 = LINE ( 'NONE', #5283, #442 ) ;
#9898 = FACE_OUTER_BOUND ( 'NONE', #9907, .T. ) ;
#9899 = SURFACE_STYLE_USAGE ( .BOTH. , #10073 ) ;
#9900 = PRODUCT_CONTEXT ( 'NONE', #384, 'mechanical' ) ;
#9901 = MECHANICAL_DESIGN_GEOMETRIC_PRESENTATION_REPRESENTATION (  '', ( #1785 ), #9342 ) ;
#9902 =( GEOMETRIC_REPRESENTATION_CONTEXT ( 3 ) GLOBAL_UNCERTAINTY_ASSIGNED_CONTEXT ( ( #8908 ) ) GLOBAL_UNIT_ASSIGNED_CONTEXT ( ( #6148, #7247, #5361 ) ) REPRESENTATION_CONTEXT ( 'NONE', 'WORKASPACE' ) );
#9903 = VECTOR ( 'NONE', #2394, 1000.000000000000000 ) ;
#9904 =( GEOMETRIC_REPRESENTATION_CONTEXT ( 3 ) GLOBAL_UNCERTAINTY_ASSIGNED_CONTEXT ( ( #1392 ) ) GLOBAL_UNIT_ASSIGNED_CONTEXT ( ( #1816, #11001, #3439 ) ) REPRESENTATION_CONTEXT ( 'NONE', 'WORKASPACE' ) );
#9905 = VERTEX_POINT ( 'NONE', #7165 ) ;
#9906 = DIRECTION ( 'NONE',  ( 0.000000000000000000, 0.000000000000000000, 1.000000000000000000 ) ) ;
#9907 = EDGE_LOOP ( 'NONE', ( #5879, #7266, #9242, #10868 ) ) ;
#9908 = LINE ( 'NONE', #1620, #4738 ) ;
#9909 = PRESENTATION_STYLE_ASSIGNMENT (( #10704 ) ) ;
#9910 = PRESENTATION_LAYER_ASSIGNMENT (  '', '', ( #1978 ) ) ;
#9911 = CARTESIAN_POINT ( 'NONE',  ( -3.000000000000000000, -7.500000000000000000, 6.200000000000001066 ) ) ;
#9912 = VECTOR ( 'NONE', #2168, 1000.000000000000000 ) ;
#9913 = DIRECTION ( 'NONE',  ( 0.000000000000000000, -1.000000000000000000, -0.000000000000000000 ) ) ;
#9914 = PRESENTATION_LAYER_ASSIGNMENT (  '', '', ( #4110 ) ) ;
#9915 = CARTESIAN_POINT ( 'NONE',  ( 7.492820323027550522, 7.492820323027550522, 11.69282032302755070 ) ) ;
#9916 = SURFACE_STYLE_USAGE ( .BOTH. , #7130 ) ;
#9917 = CARTESIAN_POINT ( 'NONE',  ( 11.09999999999999964, 5.551115123125999639E-16, 7.150000000000000355 ) ) ;
#9918 = VERTEX_POINT ( 'NONE', #4562 ) ;
#9919 = AXIS2_PLACEMENT_3D ( 'NONE', #8365, #7522, #4887 ) ;
#9920 =( GEOMETRIC_REPRESENTATION_CONTEXT ( 3 ) GLOBAL_UNCERTAINTY_ASSIGNED_CONTEXT ( ( #10352 ) ) GLOBAL_UNIT_ASSIGNED_CONTEXT ( ( #6132, #533, #11722 ) ) REPRESENTATION_CONTEXT ( 'NONE', 'WORKASPACE' ) );
#9921 = STYLED_ITEM ( 'NONE', ( #952 ), #10714 ) ;
#9922 = PRODUCT_RELATED_PRODUCT_CATEGORY ( 'part', '', ( #11617 ) ) ;
#9923 = DIRECTION ( 'NONE',  ( -0.000000000000000000, -0.000000000000000000, -1.000000000000000000 ) ) ;
#9924 = SURFACE_SIDE_STYLE ('',( #7139 ) ) ;
#9925 = CARTESIAN_POINT ( 'NONE',  ( -3.000000000000000000, -13.94999999999999929, 0.7500000000000000000 ) ) ;
#9926 = DIRECTION ( 'NONE',  ( -0.000000000000000000, -0.000000000000000000, 1.000000000000000000 ) ) ;
#9927 = PLANE ( 'NONE',  #7962 ) ;
#9928 = DIRECTION ( 'NONE',  ( -1.000000000000000000, 0.000000000000000000, 0.000000000000000000 ) ) ;
#9929 = ORIENTED_EDGE ( 'NONE', *, *, #1384, .T. ) ;
#9930 = AXIS2_PLACEMENT_3D ( 'NONE', #3681, #10170, #2866 ) ;
#9931 = DIRECTION ( 'NONE',  ( -0.000000000000000000, -0.000000000000000000, -1.000000000000000000 ) ) ;
#9932 = CARTESIAN_POINT ( 'NONE',  ( 2.000000000000000000, -8.949999999999999289, 4.400000000000000355 ) ) ;
#9933 = EDGE_CURVE ( 'NONE', #4444, #8273, #11234, .T. ) ;
#9934 = VECTOR ( 'NONE', #1918, 1000.000000000000000 ) ;
#9935 = CYLINDRICAL_SURFACE ( 'NONE', #11651, 0.5999999999999998668 ) ;
#9936 = FILL_AREA_STYLE ('',( #11080 ) ) ;
#9937 = CARTESIAN_POINT ( 'NONE',  ( -3.000000000000000000, -7.950000000000000178, 0.7500000000000000000 ) ) ;
#9938 = SURFACE_STYLE_FILL_AREA ( #8184 ) ;
#9939 = CARTESIAN_POINT ( 'NONE',  ( -8.000000000000000000, -7.500000000000000000, 6.200000000000001066 ) ) ;
#9940 = STYLED_ITEM ( 'NONE', ( #7539 ), #4632 ) ;
#9941 = PRESENTATION_LAYER_ASSIGNMENT (  '', '', ( #4910 ) ) ;
#9942 = ORIENTED_EDGE ( 'NONE', *, *, #7058, .F. ) ;
#9943 = VERTEX_POINT ( 'NONE', #3652 ) ;
#9944 = ORIENTED_EDGE ( 'NONE', *, *, #2269, .F. ) ;
#9945 = ORIENTED_EDGE ( 'NONE', *, *, #4573, .F. ) ;
#9946 = CIRCLE ( 'NONE', #7236, 0.5000000000000004441 ) ;
#9947 = FILL_AREA_STYLE_COLOUR ( '', #3101 ) ;
#9948 = CARTESIAN_POINT ( 'NONE',  ( 7.750000000000000000, -6.650000000000000355, -3.700000000000000178 ) ) ;
#9949 = ADVANCED_FACE ( 'NONE', ( #9116 ), #4254, .T. ) ;
#9950 =( NAMED_UNIT ( * ) PLANE_ANGLE_UNIT ( ) SI_UNIT ( $, .RADIAN. ) );
#9951 = CARTESIAN_POINT ( 'NONE',  ( 7.492820323027551410, -7.209981756634902261, 11.97565888942020251 ) ) ;
#9952 = DIRECTION ( 'NONE',  ( 0.000000000000000000, 0.000000000000000000, -1.000000000000000000 ) ) ;
#9953 =( NAMED_UNIT ( * ) SI_UNIT ( $, .STERADIAN. ) SOLID_ANGLE_UNIT ( ) );
#9954 = CARTESIAN_POINT ( 'NONE',  ( 0.000000000000000000, 0.000000000000000000, 0.000000000000000000 ) ) ;
#9955 = AXIS2_PLACEMENT_3D ( 'NONE', #8258, #8383, #2833 ) ;
#9956 = ORIENTED_EDGE ( 'NONE', *, *, #1913, .F. ) ;
#9957 = ORIENTED_EDGE ( 'NONE', *, *, #10083, .T. ) ;
#9958 = FACE_BOUND ( 'NONE', #7957, .T. ) ;
#9959 = VECTOR ( 'NONE', #7949, 1000.000000000000000 ) ;
#9960 = ADVANCED_FACE ( 'NONE', ( #7602 ), #8389, .T. ) ;
#9961 = PRODUCT_DEFINITION_FORMATION_WITH_SPECIFIED_SOURCE ( 'ANY', '', #10650, .NOT_KNOWN. ) ;
#9962 = CARTESIAN_POINT ( 'NONE',  ( -1.649999999999999689, -7.650000000000001243, 5.700000000000000178 ) ) ;
#9963 = COLOUR_RGB ( '',0.9137254901960784048, 0.5137254901960783826, 0.1372549019607843257 ) ;
#9964 = CARTESIAN_POINT ( 'NONE',  ( 6.153667536169226793, 8.535919432333789914, 11.66862656960577915 ) ) ;
#9965 =( NAMED_UNIT ( * ) PLANE_ANGLE_UNIT ( ) SI_UNIT ( $, .RADIAN. ) );
#9966 = DIRECTION ( 'NONE',  ( 0.000000000000000000, 0.000000000000000000, 1.000000000000000000 ) ) ;
#9967 = CARTESIAN_POINT ( 'NONE',  ( 8.000000000000000000, 4.750000000000000000, 3.200000000000000178 ) ) ;
#9968 = UNCERTAINTY_MEASURE_WITH_UNIT (LENGTH_MEASURE( 1.000000000000000082E-05 ), #8805, 'distance_accuracy_value', 'NONE');
#9969 = PRESENTATION_STYLE_ASSIGNMENT (( #4516 ) ) ;
#9970 = ADVANCED_FACE ( 'NONE', ( #11209 ), #5633, .T. ) ;
#9971 = VECTOR ( 'NONE', #1652, 1000.000000000000000 ) ;
#9972 = EDGE_LOOP ( 'NONE', ( #6632, #10094 ) ) ;
#9973 = ADVANCED_FACE ( 'NONE', ( #11583 ), #8849, .T. ) ;
#9974 = ORIENTED_EDGE ( 'NONE', *, *, #2525, .T. ) ;
#9975 = EDGE_CURVE ( 'NONE', #11352, #4535, #6215, .T. ) ;
#9976 = UNCERTAINTY_MEASURE_WITH_UNIT (LENGTH_MEASURE( 1.000000000000000082E-05 ), #6120, 'distance_accuracy_value', 'NONE');
#9977 = COLOUR_RGB ( '',0.8196078431372548767, 0.8000000000000000444, 0.7529411764705882248 ) ;
#9978 = LINE ( 'NONE', #2467, #1407 ) ;
#9979 =( GEOMETRIC_REPRESENTATION_CONTEXT ( 3 ) GLOBAL_UNCERTAINTY_ASSIGNED_CONTEXT ( ( #10823 ) ) GLOBAL_UNIT_ASSIGNED_CONTEXT ( ( #9237, #11083, #1098 ) ) REPRESENTATION_CONTEXT ( 'NONE', 'WORKASPACE' ) );
#9980 = CARTESIAN_POINT ( 'NONE',  ( -3.000000000000000000, -7.950000000000000178, 0.7500000000000000000 ) ) ;
#9981 =( NAMED_UNIT ( * ) PLANE_ANGLE_UNIT ( ) SI_UNIT ( $, .RADIAN. ) );
#9982 = SURFACE_STYLE_FILL_AREA ( #2372 ) ;
#9983 = UNCERTAINTY_MEASURE_WITH_UNIT (LENGTH_MEASURE( 1.000000000000000082E-05 ), #3170, 'distance_accuracy_value', 'NONE');
#9984 = CARTESIAN_POINT ( 'NONE',  ( -2.500000000000000000, 9.750000000000000000, -3.700000000000000178 ) ) ;
#9985 = VERTEX_POINT ( 'NONE', #6116 ) ;
#9986 = LINE ( 'NONE', #8061, #10937 ) ;
#9987 = COLOUR_RGB ( '',0.8196078431372548767, 0.8000000000000000444, 0.7529411764705882248 ) ;
#9988 = DIRECTION ( 'NONE',  ( -1.000000000000000000, 0.000000000000000000, 0.000000000000000000 ) ) ;
#9989 = VECTOR ( 'NONE', #9931, 1000.000000000000000 ) ;
#9990 = SURFACE_STYLE_FILL_AREA ( #5265 ) ;
#9991 =( LENGTH_UNIT ( ) NAMED_UNIT ( * ) SI_UNIT ( .MILLI., .METRE. ) );
#9992 = FACE_OUTER_BOUND ( 'NONE', #552, .T. ) ;
#9993 =( GEOMETRIC_REPRESENTATION_CONTEXT ( 3 ) GLOBAL_UNCERTAINTY_ASSIGNED_CONTEXT ( ( #2472 ) ) GLOBAL_UNIT_ASSIGNED_CONTEXT ( ( #141, #2987, #3980 ) ) REPRESENTATION_CONTEXT ( 'NONE', 'WORKASPACE' ) );
#9994 = DIRECTION ( 'NONE',  ( -1.000000000000000000, -0.000000000000000000, -0.000000000000000000 ) ) ;
#9995 =( NAMED_UNIT ( * ) PLANE_ANGLE_UNIT ( ) SI_UNIT ( $, .RADIAN. ) );
#9996 = FACE_OUTER_BOUND ( 'NONE', #1928, .T. ) ;
#9997 = EDGE_CURVE ( 'NONE', #1656, #3844, #3385, .T. ) ;
#9998 = CARTESIAN_POINT ( 'NONE',  ( 1.225078121348996962, -7.397296136201166661, 5.000000000000000000 ) ) ;
#9999 = ORIENTED_EDGE ( 'NONE', *, *, #4164, .T. ) ;
#10000 = AXIS2_PLACEMENT_3D ( 'NONE', #1960, #5707, #7727 ) ;
#10001 =( GEOMETRIC_REPRESENTATION_CONTEXT ( 3 ) GLOBAL_UNCERTAINTY_ASSIGNED_CONTEXT ( ( #1749 ) ) GLOBAL_UNIT_ASSIGNED_CONTEXT ( ( #4542, #8247, #8303 ) ) REPRESENTATION_CONTEXT ( 'NONE', 'WORKASPACE' ) );
#10002 = ORIENTED_EDGE ( 'NONE', *, *, #1240, .F. ) ;
#10003 = ORIENTED_EDGE ( 'NONE', *, *, #6680, .T. ) ;
#10004 = AXIS2_PLACEMENT_3D ( 'NONE', #977, #11146, #1052 ) ;
#10005 = VERTEX_POINT ( 'NONE', #7096 ) ;
#10006 = PRESENTATION_STYLE_ASSIGNMENT (( #8259 ) ) ;
#10007 = SURFACE_SIDE_STYLE ('',( #8316 ) ) ;
#10008 = SURFACE_SIDE_STYLE ('',( #3767 ) ) ;
#10009 = PRESENTATION_STYLE_ASSIGNMENT (( #3529 ) ) ;
#10010 = DIRECTION ( 'NONE',  ( 1.000000000000000000, 0.000000000000000000, 0.000000000000000000 ) ) ;
#10011 =( NAMED_UNIT ( * ) PLANE_ANGLE_UNIT ( ) SI_UNIT ( $, .RADIAN. ) );
#10012 = AXIS2_PLACEMENT_3D ( 'NONE', #7536, #3876, #9423 ) ;
#10013 = FILL_AREA_STYLE ('',( #11842 ) ) ;
#10014 = PRESENTATION_LAYER_ASSIGNMENT (  '', '', ( #10602 ) ) ;
#10015 = FILL_AREA_STYLE ('',( #9836 ) ) ;
#10016 = PRESENTATION_STYLE_ASSIGNMENT (( #7293 ) ) ;
#10017 = EDGE_CURVE ( 'NONE', #1129, #3569, #4966, .T. ) ;
#10018 = SHAPE_DEFINITION_REPRESENTATION ( #9780, #9683 ) ;
#10019 = ORIENTED_EDGE ( 'NONE', *, *, #3946, .T. ) ;
#10020 = VERTEX_POINT ( 'NONE', #8878 ) ;
#10021 = PRESENTATION_STYLE_ASSIGNMENT (( #6323 ) ) ;
#10022 = STYLED_ITEM ( 'NONE', ( #7524 ), #9500 ) ;
#10023 = ORIENTED_EDGE ( 'NONE', *, *, #11750, .T. ) ;
#10024 = FACE_BOUND ( 'NONE', #6337, .T. ) ;
#10025 = CARTESIAN_POINT ( 'NONE',  ( 4.750000000000000888, 11.09999999999999964, 9.400000000000000355 ) ) ;
#10026 = CARTESIAN_POINT ( 'NONE',  ( 11.09999999999999964, 0.7500000000009999779, 10.15790624853899971 ) ) ;
#10027 = CARTESIAN_POINT ( 'NONE',  ( 1.649999999999999911, -10.94999999999999929, 5.700000000000000178 ) ) ;
#10028 =( NAMED_UNIT ( * ) PLANE_ANGLE_UNIT ( ) SI_UNIT ( $, .RADIAN. ) );
#10029 =( REPRESENTATION_RELATIONSHIP ('NONE','NONE', #2998, #1786 ) REPRESENTATION_RELATIONSHIP_WITH_TRANSFORMATION ( #10505 )SHAPE_REPRESENTATION_RELATIONSHIP( ) );
#10030 = DIRECTION ( 'NONE',  ( -0.000000000000000000, 1.000000000000000000, 0.000000000000000000 ) ) ;
#10031 =( NAMED_UNIT ( * ) PLANE_ANGLE_UNIT ( ) SI_UNIT ( $, .RADIAN. ) );
#10032 =( NAMED_UNIT ( * ) SI_UNIT ( $, .STERADIAN. ) SOLID_ANGLE_UNIT ( ) );
#10033 = ORIENTED_EDGE ( 'NONE', *, *, #755, .T. ) ;
#10034 = ORIENTED_EDGE ( 'NONE', *, *, #9823, .F. ) ;
#10035 = FILL_AREA_STYLE ('',( #4403 ) ) ;
#10036 = ADVANCED_FACE ( 'NONE', ( #3196 ), #6924, .F. ) ;
#10037 =( NAMED_UNIT ( * ) SI_UNIT ( $, .STERADIAN. ) SOLID_ANGLE_UNIT ( ) );
#10038 =( LENGTH_UNIT ( ) NAMED_UNIT ( * ) SI_UNIT ( .MILLI., .METRE. ) );
#10039 =( NAMED_UNIT ( * ) SI_UNIT ( $, .STERADIAN. ) SOLID_ANGLE_UNIT ( ) );
#10040 = CARTESIAN_POINT ( 'NONE',  ( 7.500000000000000000, 2.710505431213761085E-17, 4.699999999999999289 ) ) ;
#10041 =( LENGTH_UNIT ( ) NAMED_UNIT ( * ) SI_UNIT ( .MILLI., .METRE. ) );
#10042 = VECTOR ( 'NONE', #1296, 1000.000000000000000 ) ;
#10043 = DIRECTION ( 'NONE',  ( 1.000000000000000000, 0.000000000000000000, 0.000000000000000000 ) ) ;
#10044 = PRESENTATION_LAYER_ASSIGNMENT (  '', '', ( #7 ) ) ;
#10045 = ORIENTED_EDGE ( 'NONE', *, *, #6410, .F. ) ;
#10046 = DIRECTION ( 'NONE',  ( -0.000000000000000000, 0.000000000000000000, 1.000000000000000000 ) ) ;
#10047 = LINE ( 'NONE', #10300, #10557 ) ;
#10048 = COLOUR_RGB ( '',0.7019607843137254388, 0.7019607843137254388, 0.7019607843137254388 ) ;
#10049 = CARTESIAN_POINT ( 'NONE',  ( 10.59999999999999964, 3.007906248538765315, 6.399999999999028688 ) ) ;
#10050 = DIRECTION ( 'NONE',  ( -0.000000000000000000, -0.000000000000000000, 1.000000000000000000 ) ) ;
#10051 =( NAMED_UNIT ( * ) PLANE_ANGLE_UNIT ( ) SI_UNIT ( $, .RADIAN. ) );
#10052 =( NAMED_UNIT ( * ) SI_UNIT ( $, .STERADIAN. ) SOLID_ANGLE_UNIT ( ) );
#10053 = CARTESIAN_POINT ( 'NONE',  ( -0.4749711655149032041, 0.8750288344850974953, 12.13395806230482421 ) ) ;
#10054 = SHAPE_REPRESENTATION ( 'COM-16273', ( #4924, #5320 ), #4165 ) ;
#10055 = CARTESIAN_POINT ( 'NONE',  ( -7.750000000000000000, -6.650000000000000355, -3.700000000000000178 ) ) ;
#10056 = FILL_AREA_STYLE_COLOUR ( '', #2712 ) ;
#10057 =( NAMED_UNIT ( * ) SI_UNIT ( $, .STERADIAN. ) SOLID_ANGLE_UNIT ( ) );
#10058 = LINE ( 'NONE', #8990, #735 ) ;
#10059 = COLOUR_RGB ( '',0.8196078431372548767, 0.8000000000000000444, 0.7529411764705882248 ) ;
#10060 = ORIENTED_EDGE ( 'NONE', *, *, #5289, .F. ) ;
#10061 = EDGE_LOOP ( 'NONE', ( #8309, #4668 ) ) ;
#10062 = VERTEX_POINT ( 'NONE', #6423 ) ;
#10063 = FACE_BOUND ( 'NONE', #7106, .T. ) ;
#10064 = CARTESIAN_POINT ( 'NONE',  ( 7.492820323027548746, -7.492820323027551410, 11.69282032302754892 ) ) ;
#10065 = CARTESIAN_POINT ( 'NONE',  ( 8.000000000000000000, 6.800000000000000711, 11.00000000000000000 ) ) ;
#10066 =( NAMED_UNIT ( * ) SI_UNIT ( $, .STERADIAN. ) SOLID_ANGLE_UNIT ( ) );
#10067 = PRESENTATION_LAYER_ASSIGNMENT (  '', '', ( #6582 ) ) ;
#10068 = EDGE_CURVE ( 'NONE', #9054, #4334, #8069, .T. ) ;
#10069 = DIRECTION ( 'NONE',  ( -1.000000000000000000, 0.000000000000000000, 0.000000000000000000 ) ) ;
#10070 =( NAMED_UNIT ( * ) PLANE_ANGLE_UNIT ( ) SI_UNIT ( $, .RADIAN. ) );
#10071 = PRESENTATION_STYLE_ASSIGNMENT (( #8203 ) ) ;
#10072 = PRESENTATION_STYLE_ASSIGNMENT (( #2494 ) ) ;
#10073 = SURFACE_SIDE_STYLE ('',( #2495 ) ) ;
#10074 = APPLICATION_PROTOCOL_DEFINITION ( 'draft international standard', 'automotive_design', 1998, #5675 ) ;
#10075 = EDGE_LOOP ( 'NONE', ( #10045, #2112, #9888, #10580 ) ) ;
#10076 = CIRCLE ( 'NONE', #11232, 2.000000000000000000 ) ;
#10077 = EDGE_LOOP ( 'NONE', ( #897, #11151, #9419, #9462 ) ) ;
#10078 = FILL_AREA_STYLE_COLOUR ( '', #7193 ) ;
#10079 = COLOUR_RGB ( '',0.09803921568627450844, 0.09803921568627450844, 0.09803921568627450844 ) ;
#10080 = ORIENTED_EDGE ( 'NONE', *, *, #3574, .F. ) ;
#10081 = LINE ( 'NONE', #7301, #7445 ) ;
#10082 = EDGE_CURVE ( 'NONE', #6261, #9298, #5686, .T. ) ;
#10083 = EDGE_CURVE ( 'NONE', #3962, #2637, #861, .T. ) ;
#10084 = CARTESIAN_POINT ( 'NONE',  ( 8.000000000000000000, -4.000000000000000000, 11.00000000000000000 ) ) ;
#10085 = LINE ( 'NONE', #1965, #8175 ) ;
#10086 = LINE ( 'NONE', #11047, #11039 ) ;
#10087 = DIRECTION ( 'NONE',  ( -0.000000000000000000, -0.000000000000000000, 1.000000000000000000 ) ) ;
#10088 = UNCERTAINTY_MEASURE_WITH_UNIT (LENGTH_MEASURE( 1.000000000000000082E-05 ), #8504, 'distance_accuracy_value', 'NONE');
#10089 = CARTESIAN_POINT ( 'NONE',  ( -8.000000000000000000, -2.725000000000000089, 0.000000000000000000 ) ) ;
#10090 = COLOUR_RGB ( '',0.8196078431372548767, 0.8000000000000000444, 0.7529411764705882248 ) ;
#10091 = PRESENTATION_LAYER_ASSIGNMENT (  '', '', ( #8558 ) ) ;
#10092 = VERTEX_POINT ( 'NONE', #8182 ) ;
#10093 = APPLICATION_CONTEXT ( 'automotive_design' ) ;
#10094 = ORIENTED_EDGE ( 'NONE', *, *, #8994, .F. ) ;
#10095 = VERTEX_POINT ( 'NONE', #690 ) ;
#10096 = VECTOR ( 'NONE', #8116, 1000.000000000000000 ) ;
#10097 = VERTEX_POINT ( 'NONE', #6359 ) ;
#10098 = AXIS2_PLACEMENT_3D ( 'NONE', #5925, #4362, #8065 ) ;
#10099 =( GEOMETRIC_REPRESENTATION_CONTEXT ( 3 ) GLOBAL_UNCERTAINTY_ASSIGNED_CONTEXT ( ( #664 ) ) GLOBAL_UNIT_ASSIGNED_CONTEXT ( ( #6191, #6999, #759 ) ) REPRESENTATION_CONTEXT ( 'NONE', 'WORKASPACE' ) );
#10100 = AXIS2_PLACEMENT_3D ( 'NONE', #2846, #8210, #4440 ) ;
#10101 = PRESENTATION_LAYER_ASSIGNMENT (  '', '', ( #10683 ) ) ;
#10102 = PRODUCT_DEFINITION_CONTEXT ( 'detailed design', #8882, 'design' ) ;
#10103 = PRESENTATION_STYLE_ASSIGNMENT (( #5484 ) ) ;
#10104 = DIRECTION ( 'NONE',  ( 0.000000000000000000, 0.000000000000000000, -1.000000000000000000 ) ) ;
#10105 = CARTESIAN_POINT ( 'NONE',  ( 11.09999999999999964, 2.250000000000001332, 9.400000000000000355 ) ) ;
#10106 = PRESENTATION_STYLE_ASSIGNMENT (( #3622 ) ) ;
#10107 = FILL_AREA_STYLE_COLOUR ( '', #3715 ) ;
#10108 = SURFACE_STYLE_USAGE ( .BOTH. , #11002 ) ;
#10109 = UNCERTAINTY_MEASURE_WITH_UNIT (LENGTH_MEASURE( 1.000000000000000082E-05 ), #10199, 'distance_accuracy_value', 'NONE');
#10110 = DIRECTION ( 'NONE',  ( -0.000000000000000000, -0.000000000000000000, -1.000000000000000000 ) ) ;
#10111 = PRESENTATION_LAYER_ASSIGNMENT (  '', '', ( #5451 ) ) ;
#10112 = EDGE_LOOP ( 'NONE', ( #8127, #2211, #844, #624 ) ) ;
#10113 = CARTESIAN_POINT ( 'NONE',  ( -0.7500000000069999562, 10.59999999999999964, 2.899999999999999911 ) ) ;
#10114 = VECTOR ( 'NONE', #10539, 1000.000000000000000 ) ;
#10115 = AXIS2_PLACEMENT_3D ( 'NONE', #9250, #942, #4614 ) ;
#10116 = VECTOR ( 'NONE', #8706, 1000.000000000000000 ) ;
#10117 = COLOUR_RGB ( '',0.7019607843137254388, 0.7019607843137254388, 0.7019607843137254388 ) ;
#10118 = CARTESIAN_POINT ( 'NONE',  ( 4.700000000000000178, -14.40000000000000213, 2.600000000000000533 ) ) ;
#10119 = DIRECTION ( 'NONE',  ( -0.000000000000000000, -0.000000000000000000, -1.000000000000000000 ) ) ;
#10120 = VECTOR ( 'NONE', #11509, 1000.000000000000000 ) ;
#10121 = DIRECTION ( 'NONE',  ( -0.5773502691896257311, -0.5773502691896257311, 0.5773502691896257311 ) ) ;
#10122 = CARTESIAN_POINT ( 'NONE',  ( 8.949999999999999289, 5.599999999999999645, 1.000000000000000000 ) ) ;
#10123 = STYLED_ITEM ( 'NONE', ( #587 ), #1197 ) ;
#10124 = DIRECTION ( 'NONE',  ( -0.000000000000000000, -0.000000000000000000, 1.000000000000000000 ) ) ;
#10125 = SURFACE_STYLE_FILL_AREA ( #5447 ) ;
#10126 = SURFACE_STYLE_USAGE ( .BOTH. , #11890 ) ;
#10127 = CARTESIAN_POINT ( 'NONE',  ( 4.750000000000000000, 11.09999999999999964, 11.40000000000000036 ) ) ;
#10128 = ADVANCED_FACE ( 'NONE', ( #9992 ), #8119, .T. ) ;
#10129 = ORIENTED_EDGE ( 'NONE', *, *, #5113, .F. ) ;
#10130 = VECTOR ( 'NONE', #9926, 1000.000000000000000 ) ;
#10131 = EDGE_CURVE ( 'NONE', #1326, #8438, #8156, .T. ) ;
#10132 = VERTEX_POINT ( 'NONE', #7216 ) ;
#10133 = ORIENTED_EDGE ( 'NONE', *, *, #7942, .F. ) ;
#10134 = CARTESIAN_POINT ( 'NONE',  ( 11.09999999999999964, -3.007906248537000504, 6.399999999992998845 ) ) ;
#10135 = SHAPE_REPRESENTATION ( 'COMPOUND018', ( #3260 ), #6574 ) ;
#10136 =( LENGTH_UNIT ( ) NAMED_UNIT ( * ) SI_UNIT ( .MILLI., .METRE. ) );
#10137 = CARTESIAN_POINT ( 'NONE',  ( 0.000000000000000000, 9.550000000000000711, 0.8000000000000000444 ) ) ;
#10138 = FILL_AREA_STYLE_COLOUR ( '', #3298 ) ;
#10139 = COLOUR_RGB ( '',0.09803921568627450844, 0.09803921568627450844, 0.09803921568627450844 ) ;
#10140 = FACE_OUTER_BOUND ( 'NONE', #118, .T. ) ;
#10141 = MECHANICAL_DESIGN_GEOMETRIC_PRESENTATION_REPRESENTATION (  '', ( #1631 ), #9575 ) ;
#10142 = SURFACE_STYLE_USAGE ( .BOTH. , #9370 ) ;
#10143 = CARTESIAN_POINT ( 'NONE',  ( -1.750000000000000000, -10.94999999999999929, 4.200000000000000178 ) ) ;
#10144 = CYLINDRICAL_SURFACE ( 'NONE', #2052, 0.5999999999999998668 ) ;
#10145 = ITEM_DEFINED_TRANSFORMATION ( 'NONE', 'NONE', #5320,  #2118 ) ;
#10146 = ORIENTED_EDGE ( 'NONE', *, *, #5297, .F. ) ;
#10147 = ORIENTED_EDGE ( 'NONE', *, *, #8358, .T. ) ;
#10148 = LINE ( 'NONE', #5404, #11848 ) ;
#10149 = VERTEX_POINT ( 'NONE', #9173 ) ;
#10150 = DIRECTION ( 'NONE',  ( 0.000000000000000000, 0.000000000000000000, -1.000000000000000000 ) ) ;
#10151 = CARTESIAN_POINT ( 'NONE',  ( 4.000000000000000000, 0.000000000000000000, 11.70000000000000107 ) ) ;
#10152 = SURFACE_STYLE_USAGE ( .BOTH. , #7196 ) ;
#10153 = FILL_AREA_STYLE ('',( #11855 ) ) ;
#10154 = CARTESIAN_POINT ( 'NONE',  ( 3.250000000000000444, -12.75000000000000178, -3.700000000000000178 ) ) ;
#10155 = CARTESIAN_POINT ( 'NONE',  ( 0.7500000000070001782, 11.09999999999999964, 11.40000000000000036 ) ) ;
#10156 =( NAMED_UNIT ( * ) SI_UNIT ( $, .STERADIAN. ) SOLID_ANGLE_UNIT ( ) );
#10157 = CARTESIAN_POINT ( 'NONE',  ( -4.750000000000000000, 8.000000000000000000, 0.8000000000000000444 ) ) ;
#10158 = MECHANICAL_DESIGN_GEOMETRIC_PRESENTATION_REPRESENTATION (  '', ( #3165 ), #11512 ) ;
#10159 = PRESENTATION_STYLE_ASSIGNMENT (( #953 ) ) ;
#10160 = SHAPE_REPRESENTATION_RELATIONSHIP ( 'NONE' , 'NONE' ,  #2307, #2391 ) ;
#10161 = ADVANCED_FACE ( 'NONE', ( #2593 ), #2655, .T. ) ;
#10162 = ORIENTED_EDGE ( 'NONE', *, *, #4188, .F. ) ;
#10163 = DIRECTION ( 'NONE',  ( 1.000000000000000000, 0.000000000000000000, -0.000000000000000000 ) ) ;
#10164 = CARTESIAN_POINT ( 'NONE',  ( 5.590292409647826588, -8.695597259647538380, 11.50436331485128427 ) ) ;
#10165 = ORIENTED_EDGE ( 'NONE', *, *, #3770, .T. ) ;
#10166 = PRESENTATION_LAYER_ASSIGNMENT (  '', '', ( #2027 ) ) ;
#10167 = STYLED_ITEM ( 'NONE', ( #6688 ), #1759 ) ;
#10168 = CARTESIAN_POINT ( 'NONE',  ( -1.750000000000000000, -10.94999999999999929, 5.599999999999999645 ) ) ;
#10169 =( NAMED_UNIT ( * ) SI_UNIT ( $, .STERADIAN. ) SOLID_ANGLE_UNIT ( ) );
#10170 = DIRECTION ( 'NONE',  ( 0.000000000000000000, 0.000000000000000000, 1.000000000000000000 ) ) ;
#10171 = PLANE ( 'NONE',  #8940 ) ;
#10172 = VECTOR ( 'NONE', #8649, 1000.000000000000000 ) ;
#10173 = DIRECTION ( 'NONE',  ( 0.000000000000000000, 0.000000000000000000, 1.000000000000000000 ) ) ;
#10174 = ORIENTED_EDGE ( 'NONE', *, *, #8236, .T. ) ;
#10175 = SURFACE_STYLE_FILL_AREA ( #5431 ) ;
#10176 = MECHANICAL_DESIGN_GEOMETRIC_PRESENTATION_REPRESENTATION (  '', ( #8840 ), #10366 ) ;
#10177 = DIRECTION ( 'NONE',  ( -0.000000000000000000, 1.000000000000000000, 0.000000000000000000 ) ) ;
#10178 = EDGE_CURVE ( 'NONE', #1115, #1298, #6600, .T. ) ;
#10179 = VECTOR ( 'NONE', #3248, 1000.000000000000000 ) ;
#10180 = SURFACE_STYLE_FILL_AREA ( #7396 ) ;
#10181 = DIRECTION ( 'NONE',  ( 0.000000000000000000, -1.000000000000000000, 0.000000000000000000 ) ) ;
#10182 = DIRECTION ( 'NONE',  ( 1.000000000000000000, -0.000000000000000000, -0.000000000000000000 ) ) ;
#10183 = PRESENTATION_STYLE_ASSIGNMENT (( #919 ) ) ;
#10184 = CARTESIAN_POINT ( 'NONE',  ( 11.09999999999999964, 4.750000000000000000, 0.8000000000000000444 ) ) ;
#10185 = ADVANCED_BREP_SHAPE_REPRESENTATION ( '', ( #11435, #3260 ), #603 ) ;
#10186 = DIRECTION ( 'NONE',  ( -0.000000000000000000, -0.000000000000000000, 1.000000000000000000 ) ) ;
#10187 = DIRECTION ( 'NONE',  ( -1.000000000000000000, 0.000000000000000000, 0.000000000000000000 ) ) ;
#10188 = FACE_OUTER_BOUND ( 'NONE', #2621, .T. ) ;
#10189 =( NAMED_UNIT ( * ) SI_UNIT ( $, .STERADIAN. ) SOLID_ANGLE_UNIT ( ) );
#10190 = FACE_OUTER_BOUND ( 'NONE', #1577, .T. ) ;
#10191 = CIRCLE ( 'NONE', #2042, 3.100000000000000533 ) ;
#10192 = SHAPE_REPRESENTATION_RELATIONSHIP ( 'NONE' , 'NONE' ,  #1922, #5703 ) ;
#10193 = ORIENTED_EDGE ( 'NONE', *, *, #2385, .T. ) ;
#10194 = ORIENTED_EDGE ( 'NONE', *, *, #5923, .F. ) ;
#10195 = ORIENTED_EDGE ( 'NONE', *, *, #1402, .F. ) ;
#10196 =( NAMED_UNIT ( * ) SI_UNIT ( $, .STERADIAN. ) SOLID_ANGLE_UNIT ( ) );
#10197 = PRESENTATION_STYLE_ASSIGNMENT (( #813 ) ) ;
#10198 = LINE ( 'NONE', #1942, #628 ) ;
#10199 =( LENGTH_UNIT ( ) NAMED_UNIT ( * ) SI_UNIT ( .MILLI., .METRE. ) );
#10200 =( GEOMETRIC_REPRESENTATION_CONTEXT ( 3 ) GLOBAL_UNCERTAINTY_ASSIGNED_CONTEXT ( ( #8652 ) ) GLOBAL_UNIT_ASSIGNED_CONTEXT ( ( #8949, #3656, #11033 ) ) REPRESENTATION_CONTEXT ( 'NONE', 'WORKASPACE' ) );
#10201 = LINE ( 'NONE', #4611, #789 ) ;
#10202 = SURFACE_STYLE_FILL_AREA ( #3713 ) ;
#10203 =( NAMED_UNIT ( * ) PLANE_ANGLE_UNIT ( ) SI_UNIT ( $, .RADIAN. ) );
#10204 = EDGE_CURVE ( 'NONE', #6992, #9147, #5058, .T. ) ;
#10205 =( NAMED_UNIT ( * ) SI_UNIT ( $, .STERADIAN. ) SOLID_ANGLE_UNIT ( ) );
#10206 = EDGE_CURVE ( 'NONE', #4348, #10565, #1046, .T. ) ;
#10207 = CARTESIAN_POINT ( 'NONE',  ( 2.000000000000000000, -12.94999999999999929, 4.200000000000000178 ) ) ;
#10208 = CIRCLE ( 'NONE', #2639, 2.299999999999999822 ) ;
#10209 = SHAPE_DEFINITION_REPRESENTATION ( #7485, #10529 ) ;
#10210 = AXIS2_PLACEMENT_3D ( 'NONE', #10832, #10783, #2517 ) ;
#10211 = VERTEX_POINT ( 'NONE', #9469 ) ;
#10212 = ORIENTED_EDGE ( 'NONE', *, *, #7186, .F. ) ;
#10213 = LINE ( 'NONE', #8328, #1593 ) ;
#10214 = ORIENTED_EDGE ( 'NONE', *, *, #2769, .T. ) ;
#10215 = PLANE ( 'NONE',  #2771 ) ;
#10216 = FILL_AREA_STYLE_COLOUR ( '', #3627 ) ;
#10217 = VECTOR ( 'NONE', #11914, 1000.000000000000000 ) ;
#10218 = CARTESIAN_POINT ( 'NONE',  ( 11.09999999999999964, 0.7500000000014425128, 11.40000000000000036 ) ) ;
#10219 = CARTESIAN_POINT ( 'NONE',  ( 3.750000000000000444, -8.250000000000000000, 0.000000000000000000 ) ) ;
#10220 = CARTESIAN_POINT ( 'NONE',  ( -5.599999999999999645, 8.949999999999999289, 0.000000000000000000 ) ) ;
#10221 = FILL_AREA_STYLE_COLOUR ( '', #5436 ) ;
#10222 =( NAMED_UNIT ( * ) SI_UNIT ( $, .STERADIAN. ) SOLID_ANGLE_UNIT ( ) );
#10223 = UNCERTAINTY_MEASURE_WITH_UNIT (LENGTH_MEASURE( 1.000000000000000082E-05 ), #9103, 'distance_accuracy_value', 'NONE');
#10224 = ADVANCED_FACE ( 'NONE', ( #10418 ), #10251, .T. ) ;
#10225 =( GEOMETRIC_REPRESENTATION_CONTEXT ( 3 ) GLOBAL_UNCERTAINTY_ASSIGNED_CONTEXT ( ( #10109 ) ) GLOBAL_UNIT_ASSIGNED_CONTEXT ( ( #10199, #5755, #1891 ) ) REPRESENTATION_CONTEXT ( 'NONE', 'WORKASPACE' ) );
#10226 = STYLED_ITEM ( 'NONE', ( #5070 ), #8609 ) ;
#10227 = EDGE_LOOP ( 'NONE', ( #4583, #751, #3337, #4852 ) ) ;
#10228 = SURFACE_STYLE_FILL_AREA ( #9327 ) ;
#10229 = EDGE_LOOP ( 'NONE', ( #5027, #37, #10525, #11514 ) ) ;
#10230 = DIRECTION ( 'NONE',  ( 1.000000000000000000, 0.000000000000000000, -0.000000000000000000 ) ) ;
#10231 = UNCERTAINTY_MEASURE_WITH_UNIT (LENGTH_MEASURE( 1.000000000000000082E-05 ), #2159, 'distance_accuracy_value', 'NONE');
#10232 = DIRECTION ( 'NONE',  ( -0.000000000000000000, -0.000000000000000000, -1.000000000000000000 ) ) ;
#10233 = LINE ( 'NONE', #8481, #11342 ) ;
#10234 = EDGE_CURVE ( 'NONE', #508, #10734, #2725, .T. ) ;
#10235 = DIRECTION ( 'NONE',  ( 1.000000000000000000, 0.000000000000000000, -0.000000000000000000 ) ) ;
#10237 = ADVANCED_FACE ( 'NONE', ( #2049 ), #2000, .T. ) ;
#10236 =( NAMED_UNIT ( * ) PLANE_ANGLE_UNIT ( ) SI_UNIT ( $, .RADIAN. ) );
#10238 = SURFACE_SIDE_STYLE ('',( #1987 ) ) ;
#10239 = SURFACE_SIDE_STYLE ('',( #6527 ) ) ;
#10240 =( LENGTH_UNIT ( ) NAMED_UNIT ( * ) SI_UNIT ( .MILLI., .METRE. ) );
#10241 = ORIENTED_EDGE ( 'NONE', *, *, #1471, .F. ) ;
#10242 = PLANE ( 'NONE',  #6698 ) ;
#10243 = CARTESIAN_POINT ( 'NONE',  ( 8.000000000000000000, 5.599999999999999645, 3.200000000000000178 ) ) ;
#10244 = PRESENTATION_STYLE_ASSIGNMENT (( #9288 ) ) ;
#10245 = DIRECTION ( 'NONE',  ( 1.000000000000000000, 0.000000000000000000, 0.000000000000000000 ) ) ;
#10246 = CIRCLE ( 'NONE', #2858, 1.199999999999999734 ) ;
#10247 = ADVANCED_FACE ( 'NONE', ( #11444 ), #7999, .F. ) ;
#10248 = EDGE_CURVE ( 'NONE', #4348, #882, #273, .T. ) ;
#10249 = DIRECTION ( 'NONE',  ( 0.000000000000000000, 0.000000000000000000, 1.000000000000000000 ) ) ;
#10250 = DIRECTION ( 'NONE',  ( -1.370645709413999982E-16, 0.000000000000000000, 1.000000000000000000 ) ) ;
#10251 = PLANE ( 'NONE',  #8164 ) ;
#10252 = ADVANCED_FACE ( 'NONE', ( #6854 ), #10601, .T. ) ;
#10253 = CARTESIAN_POINT ( 'NONE',  ( -0.4249999999999882205, -0.9250000000000003775, 12.13059553467979157 ) ) ;
#10254 =( NAMED_UNIT ( * ) SI_UNIT ( $, .STERADIAN. ) SOLID_ANGLE_UNIT ( ) );
#10255 = ORIENTED_EDGE ( 'NONE', *, *, #7711, .T. ) ;
#10256 = VERTEX_POINT ( 'NONE', #1276 ) ;
#10257 = ORIENTED_EDGE ( 'NONE', *, *, #1163, .T. ) ;
#10258 = DIRECTION ( 'NONE',  ( 1.000000000000000000, 0.000000000000000000, 1.069189206575000149E-12 ) ) ;
#10259 = DIRECTION ( 'NONE',  ( -0.7071067811865475727, -0.7071067811865475727, 0.000000000000000000 ) ) ;
#10260 = FILL_AREA_STYLE ('',( #11277 ) ) ;
#10261 =( NAMED_UNIT ( * ) SI_UNIT ( $, .STERADIAN. ) SOLID_ANGLE_UNIT ( ) );
#10262 = DIRECTION ( 'NONE',  ( 1.000000000000000000, 0.000000000000000000, -0.000000000000000000 ) ) ;
#10263 =( LENGTH_UNIT ( ) NAMED_UNIT ( * ) SI_UNIT ( .MILLI., .METRE. ) );
#10264 = MECHANICAL_DESIGN_GEOMETRIC_PRESENTATION_REPRESENTATION (  '', ( #7153 ), #4631 ) ;
#10265 = LINE ( 'NONE', #10325, #9751 ) ;
#10266 = SURFACE_STYLE_USAGE ( .BOTH. , #7542 ) ;
#10267 = SHAPE_DEFINITION_REPRESENTATION ( #44, #3940 ) ;
#10268 = ORIENTED_EDGE ( 'NONE', *, *, #8074, .T. ) ;
#10269 = PRESENTATION_STYLE_ASSIGNMENT (( #6559 ) ) ;
#10270 = VECTOR ( 'NONE', #11905, 1000.000000000000000 ) ;
#10271 = VERTEX_POINT ( 'NONE', #2411 ) ;
#10272 = SURFACE_STYLE_USAGE ( .BOTH. , #6563 ) ;
#10273 = CIRCLE ( 'NONE', #9505, 1.200000000000000400 ) ;
#10274 = DIRECTION ( 'NONE',  ( 1.000000000000000000, 0.000000000000000000, -0.000000000000000000 ) ) ;
#10275 = CARTESIAN_POINT ( 'NONE',  ( 3.000000000000000000, -7.950000000000000178, 2.600000000000000533 ) ) ;
#10276 = SURFACE_SIDE_STYLE ('',( #7071 ) ) ;
#10277 = SURFACE_SIDE_STYLE ('',( #2789 ) ) ;
#10278 = CARTESIAN_POINT ( 'NONE',  ( 3.000000000000000000, -13.94999999999999929, 4.200000000000000178 ) ) ;
#10279 = DIRECTION ( 'NONE',  ( 0.000000000000000000, 0.000000000000000000, 1.000000000000000000 ) ) ;
#10280 = CIRCLE ( 'NONE', #7573, 0.5999999999999998668 ) ;
#10281 = PRODUCT ( 'COMPOUND005', 'COMPOUND005', '', ( #8395 ) ) ;
#10282 = STYLED_ITEM ( 'NONE', ( #8319 ), #9893 ) ;
#10283 = ORIENTED_EDGE ( 'NONE', *, *, #5498, .F. ) ;
#10284 = CARTESIAN_POINT ( 'NONE',  ( 5.948461466151137245, 4.564651553002117446, 5.000000000000000000 ) ) ;
#10285 = ORIENTED_EDGE ( 'NONE', *, *, #10741, .F. ) ;
#10286 = PLANE ( 'NONE',  #10715 ) ;
#10287 = DIRECTION ( 'NONE',  ( 0.000000000000000000, 0.000000000000000000, 1.000000000000000000 ) ) ;
#10288 = CIRCLE ( 'NONE', #4851, 1.199999999999999734 ) ;
#10289 = VECTOR ( 'NONE', #11337, 1000.000000000000000 ) ;
#10290 = LINE ( 'NONE', #2986, #3000 ) ;
#10291 = COLOUR_RGB ( '',0.8196078431372548767, 0.8000000000000000444, 0.7529411764705882248 ) ;
#10292 =( GEOMETRIC_REPRESENTATION_CONTEXT ( 3 ) GLOBAL_UNCERTAINTY_ASSIGNED_CONTEXT ( ( #10475 ) ) GLOBAL_UNIT_ASSIGNED_CONTEXT ( ( #8880, #11767, #518 ) ) REPRESENTATION_CONTEXT ( 'NONE', 'WORKASPACE' ) );
#10293 = SURFACE_STYLE_FILL_AREA ( #8534 ) ;
#10294 = CIRCLE ( 'NONE', #3889, 1.200000000000000400 ) ;
#10295 =( NAMED_UNIT ( * ) SI_UNIT ( $, .STERADIAN. ) SOLID_ANGLE_UNIT ( ) );
#10296 = PRESENTATION_LAYER_ASSIGNMENT (  '', '', ( #11437 ) ) ;
#10297 = CARTESIAN_POINT ( 'NONE',  ( -8.699999999999999289, 5.599999999999998757, 0.000000000000000000 ) ) ;
#10298 = ORIENTED_EDGE ( 'NONE', *, *, #6949, .F. ) ;
#10299 = COLOUR_RGB ( '',0.8196078431372548767, 0.8000000000000000444, 0.7529411764705882248 ) ;
#10300 = CARTESIAN_POINT ( 'NONE',  ( 8.949999999999999289, -2.775557561562999819E-15, 3.200000000000000178 ) ) ;
#10301 = AXIS2_PLACEMENT_3D ( 'NONE', #6269, #9079, #1508 ) ;
#10302 = PRODUCT_RELATED_PRODUCT_CATEGORY ( 'part', '', ( #5621 ) ) ;
#10303 = PRESENTATION_LAYER_ASSIGNMENT (  '', '', ( #3515 ) ) ;
#10304 = DIRECTION ( 'NONE',  ( -1.000000000000000000, -0.000000000000000000, 0.000000000000000000 ) ) ;
#10305 = CARTESIAN_POINT ( 'NONE',  ( -6.799999999999999822, -6.799999999999999822, 11.00000000000000000 ) ) ;
#10306 = STYLED_ITEM ( 'NONE', ( #7212 ), #2130 ) ;
#10307 = FILL_AREA_STYLE_COLOUR ( '', #5536 ) ;
#10308 = CYLINDRICAL_SURFACE ( 'NONE', #1727, 3.100000000000000533 ) ;
#10309 = MECHANICAL_DESIGN_GEOMETRIC_PRESENTATION_REPRESENTATION (  '', ( #10878 ), #11856 ) ;
#10310 = SURFACE_STYLE_FILL_AREA ( #2175 ) ;
#10311 = STYLED_ITEM ( 'NONE', ( #8087 ), #3631 ) ;
#10312 = CARTESIAN_POINT ( 'NONE',  ( -7.492820323027550522, -7.492820323027550522, 11.69282032302755070 ) ) ;
#10313 =( NAMED_UNIT ( * ) SI_UNIT ( $, .STERADIAN. ) SOLID_ANGLE_UNIT ( ) );
#10314 = PRESENTATION_LAYER_ASSIGNMENT (  '', '', ( #8377 ) ) ;
#10315 = VERTEX_POINT ( 'NONE', #9698 ) ;
#10316 = EDGE_CURVE ( 'NONE', #11180, #8671, #6968, .T. ) ;
#10317 = AXIS2_PLACEMENT_3D ( 'NONE', #1359, #3091, #10332 ) ;
#10318 = ORIENTED_EDGE ( 'NONE', *, *, #11598, .F. ) ;
#10319 = ORIENTED_EDGE ( 'NONE', *, *, #11757, .T. ) ;
#10320 = AXIS2_PLACEMENT_3D ( 'NONE', #3640, #4547, #2386 ) ;
#10321 = PRESENTATION_STYLE_ASSIGNMENT (( #11274 ) ) ;
#10322 = CARTESIAN_POINT ( 'NONE',  ( -5.590292409647833693, 7.304363314851279654, 12.89559725964752879 ) ) ;
#10323 = PLANE ( 'NONE',  #230 ) ;
#10324 = SURFACE_STYLE_FILL_AREA ( #3826 ) ;
#10325 = CARTESIAN_POINT ( 'NONE',  ( -4.750000000000000000, 9.550000000000000711, 0.8000000000000000444 ) ) ;
#10326 = MECHANICAL_DESIGN_GEOMETRIC_PRESENTATION_REPRESENTATION (  '', ( #2748 ), #2184 ) ;
#10327 = CONTEXT_DEPENDENT_SHAPE_REPRESENTATION ( #11502, #3378 ) ;
#10328 = VERTEX_POINT ( 'NONE', #7933 ) ;
#10329 = VERTEX_POINT ( 'NONE', #10658 ) ;
#10330 = EDGE_CURVE ( 'NONE', #2453, #1427, #2167, .T. ) ;
#10331 = SURFACE_STYLE_USAGE ( .BOTH. , #11224 ) ;
#10332 = DIRECTION ( 'NONE',  ( 0.5773502691896257311, 0.5773502691896257311, 0.5773502691896257311 ) ) ;
#10333 = COLOUR_RGB ( '',0.8196078431372548767, 0.8000000000000000444, 0.7529411764705882248 ) ;
#10334 = CARTESIAN_POINT ( 'NONE',  ( 10.59999999999999964, -0.7500000000021092017, 2.899999999999999911 ) ) ;
#10335 = FACE_OUTER_BOUND ( 'NONE', #10229, .T. ) ;
#10336 = UNCERTAINTY_MEASURE_WITH_UNIT (LENGTH_MEASURE( 1.000000000000000082E-05 ), #7460, 'distance_accuracy_value', 'NONE');
#10337 = ADVANCED_BREP_SHAPE_REPRESENTATION ( '', ( #3451, #3260 ), #11604 ) ;
#10338 =( LENGTH_UNIT ( ) NAMED_UNIT ( * ) SI_UNIT ( .MILLI., .METRE. ) );
#10339 = CARTESIAN_POINT ( 'NONE',  ( 0.000000000000000000, 0.000000000000000000, 0.000000000000000000 ) ) ;
#10340 = ORIENTED_EDGE ( 'NONE', *, *, #8702, .F. ) ;
#10341 = CARTESIAN_POINT ( 'NONE',  ( -7.251421484211454604, 1.954150715935576876, 5.000000000000000000 ) ) ;
#10342 = EDGE_CURVE ( 'NONE', #10940, #9763, #11806, .T. ) ;
#10343 = ORIENTED_EDGE ( 'NONE', *, *, #7845, .T. ) ;
#10344 = FILL_AREA_STYLE ('',( #4820 ) ) ;
#10345 = UNCERTAINTY_MEASURE_WITH_UNIT (LENGTH_MEASURE( 1.000000000000000082E-05 ), #2705, 'distance_accuracy_value', 'NONE');
#10346 = STYLED_ITEM ( 'NONE', ( #3344 ), #4419 ) ;
#10347 = PLANE ( 'NONE',  #7278 ) ;
#10348 = CARTESIAN_POINT ( 'NONE',  ( -0.3499999999999999778, -3.450000000000000178, 2.600000000000000533 ) ) ;
#10349 =( NAMED_UNIT ( * ) SI_UNIT ( $, .STERADIAN. ) SOLID_ANGLE_UNIT ( ) );
#10350 = CARTESIAN_POINT ( 'NONE',  ( -2.734427485087087090E-16, 10.59999999999999964, 9.449999999999999289 ) ) ;
#10351 = ADVANCED_FACE ( 'NONE', ( #5377 ), #6283, .T. ) ;
#10352 = UNCERTAINTY_MEASURE_WITH_UNIT (LENGTH_MEASURE( 1.000000000000000082E-05 ), #6132, 'distance_accuracy_value', 'NONE');
#10353 = FACE_OUTER_BOUND ( 'NONE', #656, .T. ) ;
#10354 = ORIENTED_EDGE ( 'NONE', *, *, #6491, .F. ) ;
#10355 = ADVANCED_FACE ( 'NONE', ( #7142, #4406 ), #1082, .T. ) ;
#10356 = FILL_AREA_STYLE_COLOUR ( '', #9963 ) ;
#10357 = CLOSED_SHELL ( 'NONE', ( #11030, #3690, #6175, #7473 ) ) ;
#10358 = ADVANCED_FACE ( 'NONE', ( #2092 ), #2934, .F. ) ;
#10359 = UNCERTAINTY_MEASURE_WITH_UNIT (LENGTH_MEASURE( 1.000000000000000082E-05 ), #7514, 'distance_accuracy_value', 'NONE');
#10360 = CARTESIAN_POINT ( 'NONE',  ( 11.09999999999999964, -2.250000000000000444, 9.400000000000000355 ) ) ;
#10361 = SURFACE_STYLE_FILL_AREA ( #6717 ) ;
#10362 = AXIS2_PLACEMENT_3D ( 'NONE', #1964, #3898, #5651 ) ;
#10363 = CARTESIAN_POINT ( 'NONE',  ( 8.000000000000000000, -8.000000000000000000, 2.600000000000000533 ) ) ;
#10364 = PRODUCT_DEFINITION_FORMATION_WITH_SPECIFIED_SOURCE ( 'ANY', '', #4754, .NOT_KNOWN. ) ;
#10365 = DIRECTION ( 'NONE',  ( 0.5773502691896257311, 0.5773502691896257311, 0.5773502691896257311 ) ) ;
#10366 =( GEOMETRIC_REPRESENTATION_CONTEXT ( 3 ) GLOBAL_UNCERTAINTY_ASSIGNED_CONTEXT ( ( #5732 ) ) GLOBAL_UNIT_ASSIGNED_CONTEXT ( ( #4650, #2813, #3807 ) ) REPRESENTATION_CONTEXT ( 'NONE', 'WORKASPACE' ) );
#10367 =( LENGTH_UNIT ( ) NAMED_UNIT ( * ) SI_UNIT ( .MILLI., .METRE. ) );
#10368 = EDGE_CURVE ( 'NONE', #6728, #8327, #3919, .T. ) ;
#10369 = VERTEX_POINT ( 'NONE', #10350 ) ;
#10370 = ORIENTED_EDGE ( 'NONE', *, *, #8177, .T. ) ;
#10371 = CARTESIAN_POINT ( 'NONE',  ( -7.750000000000000000, 6.650000000000000355, 0.000000000000000000 ) ) ;
#10372 = CYLINDRICAL_SURFACE ( 'NONE', #1951, 0.7499999999999997780 ) ;
#10373 = SURFACE_STYLE_FILL_AREA ( #8502 ) ;
#10374 = VECTOR ( 'NONE', #4037, 1000.000000000000000 ) ;
#10376 = LINE ( 'NONE', #295, #1388 ) ;
#10375 = MECHANICAL_DESIGN_GEOMETRIC_PRESENTATION_REPRESENTATION (  '', ( #5342 ), #1866 ) ;
#10377 = EDGE_CURVE ( 'NONE', #9487, #5380, #963, .T. ) ;
#10378 = CARTESIAN_POINT ( 'NONE',  ( -0.4249999999999882205, -0.9250000000000003775, 12.13059553467979157 ) ) ;
#10379 = CARTESIAN_POINT ( 'NONE',  ( -8.500000000000000000, 6.650000000000000355, 0.000000000000000000 ) ) ;
#10380 = PRESENTATION_STYLE_ASSIGNMENT (( #4849 ) ) ;
#10381 = ITEM_DEFINED_TRANSFORMATION ( 'NONE', 'NONE', #3676,  #3260 ) ;
#10382 = EDGE_LOOP ( 'NONE', ( #3583, #8079, #4464, #8256, #3886, #9377 ) ) ;
#10383 = ORIENTED_EDGE ( 'NONE', *, *, #3146, .T. ) ;
#10384 = LINE ( 'NONE', #301, #8965 ) ;
#10385 = PRODUCT_DEFINITION_SHAPE ( 'NONE', 'NONE',  #1860 ) ;
#10386 = ORIENTED_EDGE ( 'NONE', *, *, #7457, .F. ) ;
#10387 = CYLINDRICAL_SURFACE ( 'NONE', #9021, 0.5999999999999998668 ) ;
#10388 = CARTESIAN_POINT ( 'NONE',  ( 0.4250000000000074274, -0.9249999999999924949, 12.13059553467978624 ) ) ;
#10389 = SURFACE_STYLE_USAGE ( .BOTH. , #7551 ) ;
#10390 = FACE_OUTER_BOUND ( 'NONE', #4596, .T. ) ;
#10391 = EDGE_CURVE ( 'NONE', #1740, #8284, #3854, .T. ) ;
#10392 = CARTESIAN_POINT ( 'NONE',  ( -8.000000000000000000, -5.599999999999999645, 0.000000000000000000 ) ) ;
#10393 = CIRCLE ( 'NONE', #10959, 0.5000000000000004441 ) ;
#10394 = EDGE_CURVE ( 'NONE', #2637, #6687, #11312, .T. ) ;
#10395 = CARTESIAN_POINT ( 'NONE',  ( -7.750000000000000000, -6.650000000000000355, -3.700000000000000178 ) ) ;
#10396 = AXIS2_PLACEMENT_3D ( 'NONE', #7369, #126, #771 ) ;
#10397 = STYLED_ITEM ( 'NONE', ( #7343 ), #5697 ) ;
#10398 =( NAMED_UNIT ( * ) PLANE_ANGLE_UNIT ( ) SI_UNIT ( $, .RADIAN. ) );
#10399 = ORIENTED_EDGE ( 'NONE', *, *, #32, .T. ) ;
#10400 = CARTESIAN_POINT ( 'NONE',  ( 3.323407916645543470, 6.734504672347647158, 5.000000000000000000 ) ) ;
#10401 = CIRCLE ( 'NONE', #7506, 2.500000000000000000 ) ;
#10402 = ORIENTED_EDGE ( 'NONE', *, *, #769, .T. ) ;
#10403 = FACE_OUTER_BOUND ( 'NONE', #2110, .T. ) ;
#10404 = CARTESIAN_POINT ( 'NONE',  ( 11.09999999999999964, -2.250000000000000444, 11.40000000000000036 ) ) ;
#10405 = CARTESIAN_POINT ( 'NONE',  ( -8.699999999999999289, -5.599999999999999645, 0.000000000000000000 ) ) ;
#10406 =( NAMED_UNIT ( * ) SI_UNIT ( $, .STERADIAN. ) SOLID_ANGLE_UNIT ( ) );
#10407 = CARTESIAN_POINT ( 'NONE',  ( 8.000000000000000000, 5.599999999999999645, 3.200000000000000178 ) ) ;
#10408 = CARTESIAN_POINT ( 'NONE',  ( 5.599999999999998757, 8.949999999999999289, 3.200000000000000178 ) ) ;
#10409 = DIRECTION ( 'NONE',  ( 0.000000000000000000, 0.000000000000000000, -1.000000000000000000 ) ) ;
#10410 = CIRCLE ( 'NONE', #8432, 2.500000000000000444 ) ;
#10411 = VERTEX_POINT ( 'NONE', #2808 ) ;
#10412 = SHAPE_REPRESENTATION_RELATIONSHIP ( 'NONE' , 'NONE' ,  #8444, #1086 ) ;
#10413 = MECHANICAL_DESIGN_GEOMETRIC_PRESENTATION_REPRESENTATION (  '', ( #8885 ), #165 ) ;
#10414 = DIRECTION ( 'NONE',  ( -0.000000000000000000, -0.000000000000000000, -1.000000000000000000 ) ) ;
#10415 = ADVANCED_FACE ( 'NONE', ( #4711 ), #7630, .T. ) ;
#10416 = DIRECTION ( 'NONE',  ( 0.000000000000000000, 0.000000000000000000, 1.000000000000000000 ) ) ;
#10417 = SURFACE_STYLE_FILL_AREA ( #5007 ) ;
#10418 = FACE_OUTER_BOUND ( 'NONE', #9798, .T. ) ;
#10419 = DIRECTION ( 'NONE',  ( 0.000000000000000000, 0.000000000000000000, 1.000000000000000000 ) ) ;
#10420 = FILL_AREA_STYLE ('',( #6860 ) ) ;
#10421 = ORIENTED_EDGE ( 'NONE', *, *, #7186, .T. ) ;
#10422 = VERTEX_POINT ( 'NONE', #6707 ) ;
#10423 = AXIS2_PLACEMENT_3D ( 'NONE', #2297, #11691, #5969 ) ;
#10424 = SURFACE_STYLE_USAGE ( .BOTH. , #6731 ) ;
#10425 = CARTESIAN_POINT ( 'NONE',  ( 8.000000000000000000, 6.799999999999999822, 2.600000000000000533 ) ) ;
#10426 = SURFACE_STYLE_USAGE ( .BOTH. , #9594 ) ;
#10427 = SURFACE_STYLE_USAGE ( .BOTH. , #6620 ) ;
#10428 = SURFACE_STYLE_FILL_AREA ( #5870 ) ;
#10429 = DIRECTION ( 'NONE',  ( 1.000000000000000000, 0.000000000000000000, -0.000000000000000000 ) ) ;
#10430 =( NAMED_UNIT ( * ) SI_UNIT ( $, .STERADIAN. ) SOLID_ANGLE_UNIT ( ) );
#10431 = STYLED_ITEM ( 'NONE', ( #7354 ), #11785 ) ;
#10432 = LINE ( 'NONE', #1596, #8715 ) ;
#10433 =( GEOMETRIC_REPRESENTATION_CONTEXT ( 3 ) GLOBAL_UNCERTAINTY_ASSIGNED_CONTEXT ( ( #10829 ) ) GLOBAL_UNIT_ASSIGNED_CONTEXT ( ( #7513, #11310, #2864 ) ) REPRESENTATION_CONTEXT ( 'NONE', 'WORKASPACE' ) );
#10434 = FACE_OUTER_BOUND ( 'NONE', #11669, .T. ) ;
#10435 = ORIENTED_EDGE ( 'NONE', *, *, #5113, .T. ) ;
#10436 = ORIENTED_EDGE ( 'NONE', *, *, #32, .F. ) ;
#10437 = EDGE_LOOP ( 'NONE', ( #2831, #6250, #7426, #11577 ) ) ;
#10438 =( GEOMETRIC_REPRESENTATION_CONTEXT ( 3 ) GLOBAL_UNCERTAINTY_ASSIGNED_CONTEXT ( ( #7321 ) ) GLOBAL_UNIT_ASSIGNED_CONTEXT ( ( #2995, #4225, #1327 ) ) REPRESENTATION_CONTEXT ( 'NONE', 'WORKASPACE' ) );
#10439 = DIRECTION ( 'NONE',  ( -0.000000000000000000, 0.000000000000000000, 1.000000000000000000 ) ) ;
#10440 =( LENGTH_UNIT ( ) NAMED_UNIT ( * ) SI_UNIT ( .MILLI., .METRE. ) );
#10441 = PRESENTATION_LAYER_ASSIGNMENT (  '', '', ( #11401 ) ) ;
#10442 = CARTESIAN_POINT ( 'NONE',  ( 4.250000000000000000, 11.09999999999999964, 7.900000000001442757 ) ) ;
#10443 = DIRECTION ( 'NONE',  ( 0.000000000000000000, 0.000000000000000000, 1.000000000000000000 ) ) ;
#10444 = CARTESIAN_POINT ( 'NONE',  ( 0.000000000000000000, 9.750000000000000000, 0.000000000000000000 ) ) ;
#10445 = DIRECTION ( 'NONE',  ( 1.306144734853000006E-15, 1.000000000000000000, 0.000000000000000000 ) ) ;
#10446 = CARTESIAN_POINT ( 'NONE',  ( 8.500000000000000000, 6.650000000000000355, 0.000000000000000000 ) ) ;
#10447 = FILL_AREA_STYLE ('',( #1124 ) ) ;
#10448 = DIRECTION ( 'NONE',  ( -1.000000000000000000, 0.000000000000000000, 0.000000000000000000 ) ) ;
#10449 = UNCERTAINTY_MEASURE_WITH_UNIT (LENGTH_MEASURE( 1.000000000000000082E-05 ), #9036, 'distance_accuracy_value', 'NONE');
#10450 = AXIS2_PLACEMENT_3D ( 'NONE', #1368, #7002, #4989 ) ;
#10451 = VECTOR ( 'NONE', #7812, 1000.000000000000000 ) ;
#10452 = AXIS2_PLACEMENT_3D ( 'NONE', #4533, #10173, #7326 ) ;
#10453 = ORIENTED_EDGE ( 'NONE', *, *, #9225, .F. ) ;
#10454 = DIRECTION ( 'NONE',  ( 1.000000000000000000, 0.000000000000000000, -0.000000000000000000 ) ) ;
#10455 = EDGE_CURVE ( 'NONE', #346, #326, #9736, .T. ) ;
#10456 = PRESENTATION_LAYER_ASSIGNMENT (  '', '', ( #4647 ) ) ;
#10457 = VERTEX_POINT ( 'NONE', #10707 ) ;
#10458 = FILL_AREA_STYLE ('',( #6761 ) ) ;
#10459 = UNCERTAINTY_MEASURE_WITH_UNIT (LENGTH_MEASURE( 1.000000000000000082E-05 ), #6177, 'distance_accuracy_value', 'NONE');
#10460 = CARTESIAN_POINT ( 'NONE',  ( -0.7500000000009998669, 11.09999999999999964, 10.15790624853887891 ) ) ;
#10461 = LINE ( 'NONE', #4709, #5347 ) ;
#10462 = CARTESIAN_POINT ( 'NONE',  ( -4.700000000000000178, -13.15000000000000036, 2.600000000000000533 ) ) ;
#10463 = FILL_AREA_STYLE ('',( #1257 ) ) ;
#10464 = CYLINDRICAL_SURFACE ( 'NONE', #11072, 1.199999999999999734 ) ;
#10465 = UNCERTAINTY_MEASURE_WITH_UNIT (LENGTH_MEASURE( 1.000000000000000082E-05 ), #3837, 'distance_accuracy_value', 'NONE');
#10466 = AXIS2_PLACEMENT_3D ( 'NONE', #4233, #8059, #1464 ) ;
#10467 = PRESENTATION_LAYER_ASSIGNMENT (  '', '', ( #4086 ) ) ;
#10468 = VERTEX_POINT ( 'NONE', #2402 ) ;
#10469 = FILL_AREA_STYLE ('',( #10356 ) ) ;
#10470 = VECTOR ( 'NONE', #8540, 1000.000000000000000 ) ;
#10471 = STYLED_ITEM ( 'NONE', ( #11524 ), #3781 ) ;
#10472 = STYLED_ITEM ( 'NONE', ( #2255 ), #10729 ) ;
#10473 = MECHANICAL_DESIGN_GEOMETRIC_PRESENTATION_REPRESENTATION (  '', ( #6214 ), #8943 ) ;
#10474 = MECHANICAL_DESIGN_GEOMETRIC_PRESENTATION_REPRESENTATION (  '', ( #9896 ), #9144 ) ;
#10475 = UNCERTAINTY_MEASURE_WITH_UNIT (LENGTH_MEASURE( 1.000000000000000082E-05 ), #8880, 'distance_accuracy_value', 'NONE');
#10476 = SURFACE_STYLE_USAGE ( .BOTH. , #7178 ) ;
#10477 = CARTESIAN_POINT ( 'NONE',  ( 11.09999999999999964, 8.367802761164912188E-16, 4.850000000000000533 ) ) ;
#10478 = DIRECTION ( 'NONE',  ( 0.000000000000000000, 0.000000000000000000, 1.000000000000000000 ) ) ;
#10479 = UNCERTAINTY_MEASURE_WITH_UNIT (LENGTH_MEASURE( 1.000000000000000082E-05 ), #6774, 'distance_accuracy_value', 'NONE');
#10480 = CARTESIAN_POINT ( 'NONE',  ( 8.949999999999999289, -4.750000000000000000, 1.000000000000000000 ) ) ;
#10481 =( NAMED_UNIT ( * ) SI_UNIT ( $, .STERADIAN. ) SOLID_ANGLE_UNIT ( ) );
#10482 =( NAMED_UNIT ( * ) SI_UNIT ( $, .STERADIAN. ) SOLID_ANGLE_UNIT ( ) );
#10483 = AXIS2_PLACEMENT_3D ( 'NONE', #9245, #5339, #7284 ) ;
#10484 = STYLED_ITEM ( 'NONE', ( #7920 ), #3495 ) ;
#10485 = ORIENTED_EDGE ( 'NONE', *, *, #1755, .T. ) ;
#10486 = EDGE_CURVE ( 'NONE', #6125, #4944, #3291, .T. ) ;
#10487 = VECTOR ( 'NONE', #181, 1000.000000000000000 ) ;
#10488 = MECHANICAL_DESIGN_GEOMETRIC_PRESENTATION_REPRESENTATION (  '', ( #3515 ), #2550 ) ;
#10489 = APPLICATION_CONTEXT ( 'automotive_design' ) ;
#10490 = EDGE_LOOP ( 'NONE', ( #10319, #1697, #10579, #5977, #11931, #2055 ) ) ;
#10491 = ORIENTED_EDGE ( 'NONE', *, *, #10330, .T. ) ;
#10492 = VECTOR ( 'NONE', #7821, 1000.000000000000000 ) ;
#10493 =( NAMED_UNIT ( * ) PLANE_ANGLE_UNIT ( ) SI_UNIT ( $, .RADIAN. ) );
#10494 = CARTESIAN_POINT ( 'NONE',  ( 8.000000000000000000, -2.250000000000000000, 9.400000000000000355 ) ) ;
#10495 =( GEOMETRIC_REPRESENTATION_CONTEXT ( 3 ) GLOBAL_UNCERTAINTY_ASSIGNED_CONTEXT ( ( #9023 ) ) GLOBAL_UNIT_ASSIGNED_CONTEXT ( ( #10263, #10070, #5696 ) ) REPRESENTATION_CONTEXT ( 'NONE', 'WORKASPACE' ) );
#10496 = DIRECTION ( 'NONE',  ( -0.000000000000000000, -0.000000000000000000, 1.000000000000000000 ) ) ;
#10497 =( LENGTH_UNIT ( ) NAMED_UNIT ( * ) SI_UNIT ( .MILLI., .METRE. ) );
#10498 = VECTOR ( 'NONE', #3608, 1000.000000000000000 ) ;
#10499 = CARTESIAN_POINT ( 'NONE',  ( -7.196750994715548799, -7.892367967113672833, 10.70113402231742405 ) ) ;
#10500 = FACE_OUTER_BOUND ( 'NONE', #1844, .T. ) ;
#10501 = CARTESIAN_POINT ( 'NONE',  ( 5.599999999999998757, 8.949999999999999289, 0.000000000000000000 ) ) ;
#10502 = CARTESIAN_POINT ( 'NONE',  ( 0.5749999999999988454, 0.7750000000000024647, 12.13765756135626361 ) ) ;
#10503 = EDGE_CURVE ( 'NONE', #11941, #1472, #3115, .T. ) ;
#10504 = MECHANICAL_DESIGN_GEOMETRIC_PRESENTATION_REPRESENTATION (  '', ( #5451 ), #2362 ) ;
#10505 = ITEM_DEFINED_TRANSFORMATION ( 'NONE', 'NONE', #4639,  #3260 ) ;
#10506 = ADVANCED_FACE ( 'NONE', ( #548 ), #10464, .T. ) ;
#10507 = AXIS2_PLACEMENT_3D ( 'NONE', #2232, #3121, #5852 ) ;
#10508 = VERTEX_POINT ( 'NONE', #3049 ) ;
#10509 = VECTOR ( 'NONE', #11357, 1000.000000000000000 ) ;
#10510 = PRESENTATION_LAYER_ASSIGNMENT (  '', '', ( #7589 ) ) ;
#10511 = ORIENTED_EDGE ( 'NONE', *, *, #262, .F. ) ;
#10512 =( LENGTH_UNIT ( ) NAMED_UNIT ( * ) SI_UNIT ( .MILLI., .METRE. ) );
#10513 = ADVANCED_FACE ( 'NONE', ( #9794 ), #3168, .T. ) ;
#10514 = EDGE_LOOP ( 'NONE', ( #6492, #2419, #4252, #2261 ) ) ;
#10515 =( NAMED_UNIT ( * ) PLANE_ANGLE_UNIT ( ) SI_UNIT ( $, .RADIAN. ) );
#10516 = FILL_AREA_STYLE_COLOUR ( '', #6326 ) ;
#10517 =( LENGTH_UNIT ( ) NAMED_UNIT ( * ) SI_UNIT ( .MILLI., .METRE. ) );
#10518 = CARTESIAN_POINT ( 'NONE',  ( 2.999999999999999112, -7.500000000000000000, 2.600000000000000533 ) ) ;
#10519 = FILL_AREA_STYLE_COLOUR ( '', #1604 ) ;
#10520 = FACE_OUTER_BOUND ( 'NONE', #9589, .T. ) ;
#10521 = DIRECTION ( 'NONE',  ( 0.000000000000000000, 0.000000000000000000, 1.000000000000000000 ) ) ;
#10522 = ORIENTED_EDGE ( 'NONE', *, *, #6083, .F. ) ;
#10523 = SURFACE_STYLE_FILL_AREA ( #3908 ) ;
#10524 = MECHANICAL_DESIGN_GEOMETRIC_PRESENTATION_REPRESENTATION (  '', ( #9178 ), #4892 ) ;
#10525 = ORIENTED_EDGE ( 'NONE', *, *, #3252, .T. ) ;
#10526 = PRESENTATION_LAYER_ASSIGNMENT (  '', '', ( #6257 ) ) ;
#10527 = DIRECTION ( 'NONE',  ( 0.000000000000000000, 0.000000000000000000, -1.000000000000000000 ) ) ;
#10528 =( LENGTH_UNIT ( ) NAMED_UNIT ( * ) SI_UNIT ( .MILLI., .METRE. ) );
#10529 = SHAPE_REPRESENTATION ( 'COMPOUND007', ( #3260 ), #5590 ) ;
#10530 = DIRECTION ( 'NONE',  ( 0.000000000000000000, 0.000000000000000000, 1.000000000000000000 ) ) ;
#10531 = FILL_AREA_STYLE ('',( #5057 ) ) ;
#10532 =( NAMED_UNIT ( * ) SI_UNIT ( $, .STERADIAN. ) SOLID_ANGLE_UNIT ( ) );
#10533 =( GEOMETRIC_REPRESENTATION_CONTEXT ( 3 ) GLOBAL_UNCERTAINTY_ASSIGNED_CONTEXT ( ( #2460 ) ) GLOBAL_UNIT_ASSIGNED_CONTEXT ( ( #11526, #4072, #354 ) ) REPRESENTATION_CONTEXT ( 'NONE', 'WORKASPACE' ) );
#10534 = EDGE_CURVE ( 'NONE', #7633, #7315, #7867, .T. ) ;
#10535 = ORIENTED_EDGE ( 'NONE', *, *, #8074, .F. ) ;
#10536 = STYLED_ITEM ( 'NONE', ( #4365 ), #2996 ) ;
#10537 = AXIS2_PLACEMENT_3D ( 'NONE', #9281, #1194, #4768 ) ;
#10538 = AXIS2_PLACEMENT_3D ( 'NONE', #454, #502, #1396 ) ;
#10539 = DIRECTION ( 'NONE',  ( 1.000000000000000000, 0.000000000000000000, -0.000000000000000000 ) ) ;
#10540 = FILL_AREA_STYLE ('',( #6035 ) ) ;
#10541 = CARTESIAN_POINT ( 'NONE',  ( -8.000000000000000000, 3.450000000000000178, 0.000000000000000000 ) ) ;
#10542 = FILL_AREA_STYLE_COLOUR ( '', #9092 ) ;
#10543 =( NAMED_UNIT ( * ) SI_UNIT ( $, .STERADIAN. ) SOLID_ANGLE_UNIT ( ) );
#10544 = CARTESIAN_POINT ( 'NONE',  ( 2.000000000000000000, 9.750000000000000000, -3.700000000000000178 ) ) ;
#10545 = CARTESIAN_POINT ( 'NONE',  ( -7.196750994715549687, -6.501134022317425654, 12.09236796711367390 ) ) ;
#10546 = DIRECTION ( 'NONE',  ( 1.000000000000000000, 0.000000000000000000, 0.000000000000000000 ) ) ;
#10547 = FILL_AREA_STYLE_COLOUR ( '', #2612 ) ;
#10548 =( GEOMETRIC_REPRESENTATION_CONTEXT ( 3 ) GLOBAL_UNCERTAINTY_ASSIGNED_CONTEXT ( ( #1010 ) ) GLOBAL_UNIT_ASSIGNED_CONTEXT ( ( #8589, #5587, #6641 ) ) REPRESENTATION_CONTEXT ( 'NONE', 'WORKASPACE' ) );
#10549 = CLOSED_SHELL ( 'NONE', ( #10612, #8473, #6453, #7314, #1131, #8996, #7987, #9395, #11610, #8610, #8658, #3400, #10252, #11407, #9866, #1227, #9265, #11785, #10714, #9106, #8583, #11331, #3631, #1036, #1793, #4419, #1781, #4055, #4814, #10351, #4889, #3375, #8200, #3882, #7833, #6396, #486, #10648, #3037, #4826, #9970, #3561, #7801, #4414, #2713, #7382, #1811, #7480, #2100, #5557, #7650, #10415, #11228 ) ) ;
#10550 = AXIS2_PLACEMENT_3D ( 'NONE', #4746, #10150, #11355 ) ;
#10551 = VERTEX_POINT ( 'NONE', #3234 ) ;
#10552 = ORIENTED_EDGE ( 'NONE', *, *, #3056, .T. ) ;
#10553 = EDGE_CURVE ( 'NONE', #10020, #7315, #10432, .T. ) ;
#10554 = PLANE ( 'NONE',  #10867 ) ;
#10555 =( LENGTH_UNIT ( ) NAMED_UNIT ( * ) SI_UNIT ( .MILLI., .METRE. ) );
#10556 = FACE_OUTER_BOUND ( 'NONE', #4383, .T. ) ;
#10557 = VECTOR ( 'NONE', #10177, 1000.000000000000000 ) ;
#10558 = DIRECTION ( 'NONE',  ( -1.306144734853000006E-15, 1.000000000000000000, 0.000000000000000000 ) ) ;
#10559 =( NAMED_UNIT ( * ) SI_UNIT ( $, .STERADIAN. ) SOLID_ANGLE_UNIT ( ) );
#10560 = SURFACE_STYLE_FILL_AREA ( #5759 ) ;
#10561 = CARTESIAN_POINT ( 'NONE',  ( 3.750000000000000444, -12.75000000000000178, 0.000000000000000000 ) ) ;
#10562 = ITEM_DEFINED_TRANSFORMATION ( 'NONE', 'NONE', #11317,  #3260 ) ;
#10563 = VERTEX_POINT ( 'NONE', #10642 ) ;
#10564 = ORIENTED_EDGE ( 'NONE', *, *, #9648, .T. ) ;
#10565 = VERTEX_POINT ( 'NONE', #2335 ) ;
#10566 =( GEOMETRIC_REPRESENTATION_CONTEXT ( 3 ) GLOBAL_UNCERTAINTY_ASSIGNED_CONTEXT ( ( #7913 ) ) GLOBAL_UNIT_ASSIGNED_CONTEXT ( ( #80, #7511, #11 ) ) REPRESENTATION_CONTEXT ( 'NONE', 'WORKASPACE' ) );
#10567 = CARTESIAN_POINT ( 'NONE',  ( -0.5750000000000012879, 0.000000000000000000, 4.700000000000000178 ) ) ;
#10568 =( NAMED_UNIT ( * ) PLANE_ANGLE_UNIT ( ) SI_UNIT ( $, .RADIAN. ) );
#10569 = CARTESIAN_POINT ( 'NONE',  ( -2.500000000000000000, -8.500000000000000000, 0.7500000000000000000 ) ) ;
#10570 = EDGE_CURVE ( 'NONE', #3162, #7347, #6021, .T. ) ;
#10571 =( LENGTH_UNIT ( ) NAMED_UNIT ( * ) SI_UNIT ( .MILLI., .METRE. ) );
#10572 = PLANE ( 'NONE',  #6030 ) ;
#10573 = UNCERTAINTY_MEASURE_WITH_UNIT (LENGTH_MEASURE( 1.000000000000000082E-05 ), #11004, 'distance_accuracy_value', 'NONE');
#10574 = FILL_AREA_STYLE_COLOUR ( '', #10626 ) ;
#10575 =( NAMED_UNIT ( * ) SI_UNIT ( $, .STERADIAN. ) SOLID_ANGLE_UNIT ( ) );
#10577 = MECHANICAL_DESIGN_GEOMETRIC_PRESENTATION_REPRESENTATION (  '', ( #1681 ), #9437 ) ;
#10576 = DIRECTION ( 'NONE',  ( 0.000000000000000000, 0.000000000000000000, 1.000000000000000000 ) ) ;
#10578 = AXIS2_PLACEMENT_3D ( 'NONE', #4536, #11879, #967 ) ;
#10579 = ORIENTED_EDGE ( 'NONE', *, *, #5195, .T. ) ;
#10580 = ORIENTED_EDGE ( 'NONE', *, *, #922, .F. ) ;
#10581 = DIRECTION ( 'NONE',  ( 1.000000000000000000, 0.000000000000000000, -0.000000000000000000 ) ) ;
#10582 = DIRECTION ( 'NONE',  ( -1.000000000000000000, 0.000000000000000000, -2.674310171518999924E-16 ) ) ;
#10583 = COLOUR_RGB ( '',0.6274509803921568540, 0.6274509803921568540, 0.6274509803921568540 ) ;
#10584 = AXIS2_PLACEMENT_3D ( 'NONE', #7779, #9550, #9599 ) ;
#10585 = LINE ( 'NONE', #3231, #5525 ) ;
#10586 = DIRECTION ( 'NONE',  ( 0.000000000000000000, 0.000000000000000000, 1.000000000000000000 ) ) ;
#10587 = FACE_OUTER_BOUND ( 'NONE', #2981, .T. ) ;
#10588 = PLANE ( 'NONE',  #10301 ) ;
#10589 = SURFACE_STYLE_FILL_AREA ( #10531 ) ;
#10590 = FILL_AREA_STYLE_COLOUR ( '', #9387 ) ;
#10591 = SURFACE_SIDE_STYLE ('',( #7073 ) ) ;
#10592 = ORIENTED_EDGE ( 'NONE', *, *, #9515, .T. ) ;
#10593 = PRESENTATION_LAYER_ASSIGNMENT (  '', '', ( #3218 ) ) ;
#10594 = FILL_AREA_STYLE ('',( #7699 ) ) ;
#10595 =( BOUNDED_SURFACE ( )  B_SPLINE_SURFACE ( 3, 3, ( 
 ( #3991, #338, #5970, #9583 ),
 ( #5072, #1275, #6037, #7705 ),
 ( #9754, #9527, #3933, #3063 ),
 ( #1462, #1208, #4950, #6720 ) ),
 .UNSPECIFIED., .F., .F., .T. ) 
 B_SPLINE_SURFACE_WITH_KNOTS ( ( 4, 4 ),
 ( 4, 4 ),
 ( 0.000000000000000000, 1.000000000000000000 ),
 ( 0.000000000000000000, 1.000000000000000000 ),
 .UNSPECIFIED. ) 
 GEOMETRIC_REPRESENTATION_ITEM ( )  RATIONAL_B_SPLINE_SURFACE ( (
 ( 1.000000000000000000, 0.3333333333333334259, 0.3333333333333334259, 1.000000000000000000),
 ( 0.8047378541243649375, 0.2682459513747884050, 0.2682459513747884050, 0.8047378541243649375),
 ( 0.8047378541243649375, 0.2682459513747884050, 0.2682459513747884050, 0.8047378541243649375),
 ( 1.000000000000000000, 0.3333333333333334259, 0.3333333333333334259, 1.000000000000000000) ) ) 
 REPRESENTATION_ITEM ( '' )  SURFACE ( )  );
#10596 = EDGE_CURVE ( 'NONE', #6047, #1352, #11735, .T. ) ;
#10597 = UNCERTAINTY_MEASURE_WITH_UNIT (LENGTH_MEASURE( 1.000000000000000082E-05 ), #5653, 'distance_accuracy_value', 'NONE');
#10598 =( LENGTH_UNIT ( ) NAMED_UNIT ( * ) SI_UNIT ( .MILLI., .METRE. ) );
#10599 =( LENGTH_UNIT ( ) NAMED_UNIT ( * ) SI_UNIT ( .MILLI., .METRE. ) );
#10600 = CARTESIAN_POINT ( 'NONE',  ( 5.600000000000002309, -8.000000000000000000, 0.000000000000000000 ) ) ;
#10601 = PLANE ( 'NONE',  #8570 ) ;
#10602 = STYLED_ITEM ( 'NONE', ( #10183 ), #8354 ) ;
#10603 = UNCERTAINTY_MEASURE_WITH_UNIT (LENGTH_MEASURE( 1.000000000000000082E-05 ), #10440, 'distance_accuracy_value', 'NONE');
#10604 = SURFACE_STYLE_USAGE ( .BOTH. , #4118 ) ;
#10605 = LINE ( 'NONE', #11447, #5079 ) ;
#10606 = PRESENTATION_STYLE_ASSIGNMENT (( #6667 ) ) ;
#10607 = ORIENTED_EDGE ( 'NONE', *, *, #11201, .T. ) ;
#10608 = MECHANICAL_DESIGN_GEOMETRIC_PRESENTATION_REPRESENTATION (  '', ( #2839 ), #3237 ) ;
#10609 = ORIENTED_EDGE ( 'NONE', *, *, #6706, .F. ) ;
#10610 = EDGE_CURVE ( 'NONE', #5420, #9181, #8373, .T. ) ;
#10611 = EDGE_CURVE ( 'NONE', #9276, #8716, #662, .T. ) ;
#10612 = ADVANCED_FACE ( 'NONE', ( #9080 ), #4341, .F. ) ;
#10613 = CARTESIAN_POINT ( 'NONE',  ( 11.09999999999999964, 2.250000000000002220, 11.90000000000000036 ) ) ;
#10614 = PRESENTATION_STYLE_ASSIGNMENT (( #9653 ) ) ;
#10615 = CARTESIAN_POINT ( 'NONE',  ( 0.7500000000009999779, 11.09999999999999964, 4.142093751461000117 ) ) ;
#10616 = CARTESIAN_POINT ( 'NONE',  ( 7.336656314599949269, 7.873312629199898716, 11.00000000000000000 ) ) ;
#10617 = DIRECTION ( 'NONE',  ( -1.000000000000000000, -0.000000000000000000, 0.000000000000000000 ) ) ;
#10618 = VERTEX_POINT ( 'NONE', #8040 ) ;
#10619 = EDGE_LOOP ( 'NONE', ( #6308, #570, #10435, #5734, #5582 ) ) ;
#10620 = ORIENTED_EDGE ( 'NONE', *, *, #125, .F. ) ;
#10621 = EDGE_LOOP ( 'NONE', ( #4031, #11422, #6027, #7282 ) ) ;
#10622 = FILL_AREA_STYLE_COLOUR ( '', #6414 ) ;
#10623 = DIRECTION ( 'NONE',  ( 0.000000000000000000, 0.000000000000000000, 1.000000000000000000 ) ) ;
#10624 = FACE_OUTER_BOUND ( 'NONE', #3010, .T. ) ;
#10625 = DIRECTION ( 'NONE',  ( -1.000000000000000000, -0.000000000000000000, 0.000000000000000000 ) ) ;
#10626 = COLOUR_RGB ( '',0.6274509803921568540, 0.6274509803921568540, 0.6274509803921568540 ) ;
#10627 = STYLED_ITEM ( 'NONE', ( #5006 ), #11228 ) ;
#10628 = DIRECTION ( 'NONE',  ( 1.000000000000000000, 0.000000000000000000, 0.000000000000000000 ) ) ;
#10629 =( NAMED_UNIT ( * ) PLANE_ANGLE_UNIT ( ) SI_UNIT ( $, .RADIAN. ) );
#10630 = DIRECTION ( 'NONE',  ( 0.000000000000000000, 0.000000000000000000, 1.000000000000000000 ) ) ;
#10631 = ADVANCED_FACE ( 'NONE', ( #4276 ), #11794, .T. ) ;
#10632 = PRESENTATION_LAYER_ASSIGNMENT (  '', '', ( #1346 ) ) ;
#10633 = VERTEX_POINT ( 'NONE', #9137 ) ;
#10634 =( NAMED_UNIT ( * ) PLANE_ANGLE_UNIT ( ) SI_UNIT ( $, .RADIAN. ) );
#10635 = VECTOR ( 'NONE', #4352, 1000.000000000000000 ) ;
#10636 = ORIENTED_EDGE ( 'NONE', *, *, #1234, .F. ) ;
#10637 = LINE ( 'NONE', #3163, #7430 ) ;
#10638 = CARTESIAN_POINT ( 'NONE',  ( 2.500000000000000000, -8.500000000000000000, 0.7500000000000000000 ) ) ;
#10639 =( LENGTH_UNIT ( ) NAMED_UNIT ( * ) SI_UNIT ( .MILLI., .METRE. ) );
#10640 = SURFACE_STYLE_USAGE ( .BOTH. , #6147 ) ;
#10641 =( LENGTH_UNIT ( ) NAMED_UNIT ( * ) SI_UNIT ( .MILLI., .METRE. ) );
#10642 = CARTESIAN_POINT ( 'NONE',  ( -2.500000000000000000, -13.94999999999999929, 4.200000000000000178 ) ) ;
#10643 = CARTESIAN_POINT ( 'NONE',  ( -4.750000000000000000, 11.09999999999999964, 0.8000000000000000444 ) ) ;
#10644 = LINE ( 'NONE', #2226, #2704 ) ;
#10645 = CARTESIAN_POINT ( 'NONE',  ( -3.750000000000000444, -12.75000000000000178, 0.000000000000000000 ) ) ;
#10646 = VECTOR ( 'NONE', #7133, 1000.000000000000000 ) ;
#10647 = VERTEX_POINT ( 'NONE', #836 ) ;
#10648 = ADVANCED_FACE ( 'NONE', ( #8906 ), #5181, .T. ) ;
#10649 = VECTOR ( 'NONE', #1058, 1000.000000000000000 ) ;
#10650 = PRODUCT ( 'COM-16273', 'COM-16273', '', ( #2617 ) ) ;
#10651 = SURFACE_STYLE_USAGE ( .BOTH. , #6156 ) ;
#10652 = DIRECTION ( 'NONE',  ( 0.000000000000000000, -1.000000000000000000, 0.000000000000000000 ) ) ;
#10653 = LINE ( 'NONE', #6279, #5064 ) ;
#10654 = DIRECTION ( 'NONE',  ( 0.000000000000000000, 0.000000000000000000, 1.000000000000000000 ) ) ;
#10655 = CIRCLE ( 'NONE', #2326, 0.5000000000000000000 ) ;
#10656 = LINE ( 'NONE', #615, #403 ) ;
#10657 = DIRECTION ( 'NONE',  ( 0.000000000000000000, -1.000000000000000000, 0.000000000000000000 ) ) ;
#10658 = CARTESIAN_POINT ( 'NONE',  ( -1.400000000000000133, -8.949999999999999289, 4.400000000000000355 ) ) ;
#10659 = LINE ( 'NONE', #8809, #4073 ) ;
#10660 = CARTESIAN_POINT ( 'NONE',  ( 0.000000000000000000, 0.000000000000000000, 11.70000000000000107 ) ) ;
#10661 = PRODUCT_DEFINITION ( 'UNKNOWN', '', #1265, #1741 ) ;
#10662 = PRESENTATION_LAYER_ASSIGNMENT (  '', '', ( #5032 ) ) ;
#10663 =( GEOMETRIC_REPRESENTATION_CONTEXT ( 3 ) GLOBAL_UNCERTAINTY_ASSIGNED_CONTEXT ( ( #1734 ) ) GLOBAL_UNIT_ASSIGNED_CONTEXT ( ( #2956, #3198, #10559 ) ) REPRESENTATION_CONTEXT ( 'NONE', 'WORKASPACE' ) );
#10664 = ORIENTED_EDGE ( 'NONE', *, *, #3974, .F. ) ;
#10665 = ORIENTED_EDGE ( 'NONE', *, *, #5562, .T. ) ;
#10666 = FILL_AREA_STYLE_COLOUR ( '', #9065 ) ;
#10667 = VECTOR ( 'NONE', #222, 1000.000000000000000 ) ;
#10668 = PLANE ( 'NONE',  #11169 ) ;
#10669 = CARTESIAN_POINT ( 'NONE',  ( -4.250000000000000888, 11.09999999999999964, 0.8000000000000000444 ) ) ;
#10670 = PRESENTATION_STYLE_ASSIGNMENT (( #5985 ) ) ;
#10671 = CARTESIAN_POINT ( 'NONE',  ( 0.4249999999999957701, 0.9249999999999932720, 12.13059553467957308 ) ) ;
#10672 = CARTESIAN_POINT ( 'NONE',  ( -7.196750994715548799, 6.501134022317423877, 12.09236796711367390 ) ) ;
#10673 = MECHANICAL_DESIGN_GEOMETRIC_PRESENTATION_REPRESENTATION (  '', ( #2529 ), #1614 ) ;
#10674 = VECTOR ( 'NONE', #408, 1000.000000000000000 ) ;
#10675 =( NAMED_UNIT ( * ) SI_UNIT ( $, .STERADIAN. ) SOLID_ANGLE_UNIT ( ) );
#10676 = EDGE_CURVE ( 'NONE', #9473, #2635, #10086, .T. ) ;
#10677 = CARTESIAN_POINT ( 'NONE',  ( 4.750000000000000000, 11.09999999999999964, 6.399999999999000266 ) ) ;
#10678 = ITEM_DEFINED_TRANSFORMATION ( 'NONE', 'NONE', #10450,  #3260 ) ;
#10679 = EDGE_LOOP ( 'NONE', ( #8460, #6450, #2018, #3395 ) ) ;
#10680 = ORIENTED_EDGE ( 'NONE', *, *, #6530, .T. ) ;
#10681 = PRESENTATION_LAYER_ASSIGNMENT (  '', '', ( #4674 ) ) ;
#10682 = MECHANICAL_DESIGN_GEOMETRIC_PRESENTATION_REPRESENTATION (  '', ( #7017 ), #272 ) ;
#10683 = STYLED_ITEM ( 'NONE', ( #156 ), #10224 ) ;
#10684 = EDGE_LOOP ( 'NONE', ( #6080, #1511 ) ) ;
#10685 =( NAMED_UNIT ( * ) SI_UNIT ( $, .STERADIAN. ) SOLID_ANGLE_UNIT ( ) );
#10686 = DIRECTION ( 'NONE',  ( -1.000000000000000000, 0.000000000000000000, 0.000000000000000000 ) ) ;
#10687 =( LENGTH_UNIT ( ) NAMED_UNIT ( * ) SI_UNIT ( .MILLI., .METRE. ) );
#10688 = CARTESIAN_POINT ( 'NONE',  ( -7.336656314599949269, -7.873312629199898716, 11.00000000000000000 ) ) ;
#10689 =( NAMED_UNIT ( * ) SI_UNIT ( $, .STERADIAN. ) SOLID_ANGLE_UNIT ( ) );
#10690 = VECTOR ( 'NONE', #9752, 1000.000000000000000 ) ;
#10691 = PLANE ( 'NONE',  #1621 ) ;
#10692 = CARTESIAN_POINT ( 'NONE',  ( 8.000000000000001776, 2.249999999999999112, 11.90000000000000036 ) ) ;
#10693 = UNCERTAINTY_MEASURE_WITH_UNIT (LENGTH_MEASURE( 1.000000000000000082E-05 ), #2587, 'distance_accuracy_value', 'NONE');
#10694 = CIRCLE ( 'NONE', #8776, 1.199999999999999734 ) ;
#10695 = SURFACE_STYLE_FILL_AREA ( #369 ) ;
#10696 = MECHANICAL_DESIGN_GEOMETRIC_PRESENTATION_REPRESENTATION (  '', ( #466 ), #8566 ) ;
#10697 = DIRECTION ( 'NONE',  ( 0.000000000000000000, 0.000000000000000000, 1.000000000000000000 ) ) ;
#10698 =( GEOMETRIC_REPRESENTATION_CONTEXT ( 3 ) GLOBAL_UNCERTAINTY_ASSIGNED_CONTEXT ( ( #4881 ) ) GLOBAL_UNIT_ASSIGNED_CONTEXT ( ( #2270, #7734, #8710 ) ) REPRESENTATION_CONTEXT ( 'NONE', 'WORKASPACE' ) );
#10699 = VECTOR ( 'NONE', #496, 1000.000000000000000 ) ;
#10700 = EDGE_CURVE ( 'NONE', #3069, #9905, #1009, .T. ) ;
#10701 = EDGE_LOOP ( 'NONE', ( #6989, #218 ) ) ;
#10702 = SURFACE_SIDE_STYLE ('',( #3224 ) ) ;
#10703 = VERTEX_POINT ( 'NONE', #10501 ) ;
#10704 = SURFACE_STYLE_USAGE ( .BOTH. , #9845 ) ;
#10705 = LINE ( 'NONE', #6897, #8656 ) ;
#10706 =( LENGTH_UNIT ( ) NAMED_UNIT ( * ) SI_UNIT ( .MILLI., .METRE. ) );
#10707 = CARTESIAN_POINT ( 'NONE',  ( -3.450000000000000622, -14.40000000000000036, 0.000000000000000000 ) ) ;
#10708 = DIRECTION ( 'NONE',  ( 0.000000000000000000, 0.000000000000000000, 1.000000000000000000 ) ) ;
#10709 = UNCERTAINTY_MEASURE_WITH_UNIT (LENGTH_MEASURE( 1.000000000000000082E-05 ), #9213, 'distance_accuracy_value', 'NONE');
#10710 = SURFACE_STYLE_FILL_AREA ( #2339 ) ;
#10711 =( NAMED_UNIT ( * ) PLANE_ANGLE_UNIT ( ) SI_UNIT ( $, .RADIAN. ) );
#10712 = ORIENTED_EDGE ( 'NONE', *, *, #10206, .T. ) ;
#10713 = VERTEX_POINT ( 'NONE', #11173 ) ;
#10714 = ADVANCED_FACE ( 'NONE', ( #4071 ), #9384, .T. ) ;
#10715 = AXIS2_PLACEMENT_3D ( 'NONE', #2925, #6521, #5723 ) ;
#10716 = CARTESIAN_POINT ( 'NONE',  ( -8.000000000000000000, -3.450000000000000178, 0.000000000000000000 ) ) ;
#10717 = UNCERTAINTY_MEASURE_WITH_UNIT (LENGTH_MEASURE( 1.000000000000000082E-05 ), #6042, 'distance_accuracy_value', 'NONE');
#10718 = PLANE ( 'NONE',  #4306 ) ;
#10719 = DIRECTION ( 'NONE',  ( 1.000000000000000000, 0.000000000000000000, -0.000000000000000000 ) ) ;
#10720 = ADVANCED_FACE ( 'NONE', ( #11466 ), #260, .T. ) ;
#10721 = SURFACE_STYLE_FILL_AREA ( #6966 ) ;
#10722 = SURFACE_STYLE_FILL_AREA ( #3243 ) ;
#10723 = FACE_OUTER_BOUND ( 'NONE', #10061, .T. ) ;
#10724 = MECHANICAL_DESIGN_GEOMETRIC_PRESENTATION_REPRESENTATION (  '', ( #3944 ), #2202 ) ;
#10725 = EDGE_CURVE ( 'NONE', #5865, #7532, #4469, .T. ) ;
#10726 = UNCERTAINTY_MEASURE_WITH_UNIT (LENGTH_MEASURE( 1.000000000000000082E-05 ), #11340, 'distance_accuracy_value', 'NONE');
#10727 = CARTESIAN_POINT ( 'NONE',  ( -3.250000000000000444, -12.75000000000000178, 0.000000000000000000 ) ) ;
#10728 = FILL_AREA_STYLE_COLOUR ( '', #3797 ) ;
#10729 = ADVANCED_FACE ( 'NONE', ( #1345 ), #1417, .T. ) ;
#10730 = AXIS2_PLACEMENT_3D ( 'NONE', #9917, #11861, #7131 ) ;
#10731 = DIRECTION ( 'NONE',  ( 0.000000000000000000, 0.000000000000000000, 1.000000000000000000 ) ) ;
#10732 = VERTEX_POINT ( 'NONE', #7841 ) ;
#10733 = MECHANICAL_DESIGN_GEOMETRIC_PRESENTATION_REPRESENTATION (  '', ( #9197 ), #5306 ) ;
#10734 = VERTEX_POINT ( 'NONE', #10616 ) ;
#10735 = FACE_OUTER_BOUND ( 'NONE', #9775, .T. ) ;
#10736 = FILL_AREA_STYLE ('',( #3256 ) ) ;
#10737 = AXIS2_PLACEMENT_3D ( 'NONE', #9782, #8893, #6815 ) ;
#10738 = DIRECTION ( 'NONE',  ( 0.000000000000000000, 0.000000000000000000, -1.000000000000000000 ) ) ;
#10739 = CARTESIAN_POINT ( 'NONE',  ( -8.618474822569970328, 7.303515789133424363, 10.43622292640540472 ) ) ;
#10740 =( NAMED_UNIT ( * ) PLANE_ANGLE_UNIT ( ) SI_UNIT ( $, .RADIAN. ) );
#10741 = EDGE_CURVE ( 'NONE', #2006, #2329, #3329, .T. ) ;
#10742 =( NAMED_UNIT ( * ) SI_UNIT ( $, .STERADIAN. ) SOLID_ANGLE_UNIT ( ) );
#10743 = CARTESIAN_POINT ( 'NONE',  ( 3.094880672378334641, -6.829450726490552626, 4.999999999999999112 ) ) ;
#10744 = ORIENTED_EDGE ( 'NONE', *, *, #3107, .F. ) ;
#10745 = PRODUCT_DEFINITION_FORMATION_WITH_SPECIFIED_SOURCE ( 'ANY', '', #1474, .NOT_KNOWN. ) ;
#10746 = ORIENTED_EDGE ( 'NONE', *, *, #2276, .F. ) ;
#10747 = ORIENTED_EDGE ( 'NONE', *, *, #9869, .F. ) ;
#10748 = VERTEX_POINT ( 'NONE', #5087 ) ;
#10749 = CARTESIAN_POINT ( 'NONE',  ( -7.000000000000000000, -6.650000000000000355, 0.000000000000000000 ) ) ;
#10750 = DIRECTION ( 'NONE',  ( 0.000000000000000000, -0.000000000000000000, 1.000000000000000000 ) ) ;
#10751 = CARTESIAN_POINT ( 'NONE',  ( 11.10000000000000142, -2.250000000000001332, 9.400000000000000355 ) ) ;
#10752 = EDGE_CURVE ( 'NONE', #10734, #1900, #4662, .T. ) ;
#10753 = ADVANCED_FACE ( 'NONE', ( #8823 ), #1482, .F. ) ;
#10754 = SURFACE_STYLE_FILL_AREA ( #11717 ) ;
#10755 = FILL_AREA_STYLE ('',( #3154 ) ) ;
#10756 = FACE_OUTER_BOUND ( 'NONE', #6881, .T. ) ;
#10757 = EDGE_CURVE ( 'NONE', #1740, #2258, #1389, .T. ) ;
#10758 = CARTESIAN_POINT ( 'NONE',  ( -0.3499999999999999778, 8.000000000000000000, 2.600000000000000533 ) ) ;
#10759 = PRODUCT_DEFINITION_SHAPE ( 'NONE', 'NONE',  #11965 ) ;
#10760 = SURFACE_SIDE_STYLE ('',( #3274 ) ) ;
#10761 = AXIS2_PLACEMENT_3D ( 'NONE', #9518, #1200, #7754 ) ;
#10762 = AXIS2_PLACEMENT_3D ( 'NONE', #7726, #4200, #6882 ) ;
#10763 = EDGE_LOOP ( 'NONE', ( #5894, #6730 ) ) ;
#10764 = ORIENTED_EDGE ( 'NONE', *, *, #7718, .F. ) ;
#10765 = CIRCLE ( 'NONE', #1484, 4.000000000000000000 ) ;
#10766 = ORIENTED_EDGE ( 'NONE', *, *, #922, .T. ) ;
#10767 = LINE ( 'NONE', #6205, #8508 ) ;
#10768 = EDGE_CURVE ( 'NONE', #5275, #2125, #261, .T. ) ;
#10769 = ADVANCED_FACE ( 'NONE', ( #3641 ), #864, .F. ) ;
#10770 = ADVANCED_FACE ( 'NONE', ( #802 ), #4480, .T. ) ;
#10771 = CARTESIAN_POINT ( 'NONE',  ( 3.000000000000000000, 0.000000000000000000, 2.600000000000000533 ) ) ;
#10772 = SURFACE_STYLE_FILL_AREA ( #9792 ) ;
#10773 = DIRECTION ( 'NONE',  ( -0.000000000000000000, -0.000000000000000000, -1.000000000000000000 ) ) ;
#10775 = CYLINDRICAL_SURFACE ( 'NONE', #11698, 2.000000000000000000 ) ;
#10774 = VECTOR ( 'NONE', #9913, 1000.000000000000000 ) ;
#10776 =( GEOMETRIC_REPRESENTATION_CONTEXT ( 3 ) GLOBAL_UNCERTAINTY_ASSIGNED_CONTEXT ( ( #8775 ) ) GLOBAL_UNIT_ASSIGNED_CONTEXT ( ( #6006, #4029, #10575 ) ) REPRESENTATION_CONTEXT ( 'NONE', 'WORKASPACE' ) );
#10777 = FILL_AREA_STYLE_COLOUR ( '', #11831 ) ;
#10778 = SURFACE_STYLE_FILL_AREA ( #11679 ) ;
#10779 =( LENGTH_UNIT ( ) NAMED_UNIT ( * ) SI_UNIT ( .MILLI., .METRE. ) );
#10780 = AXIS2_PLACEMENT_3D ( 'NONE', #6598, #3811, #1044 ) ;
#10781 =( NAMED_UNIT ( * ) SI_UNIT ( $, .STERADIAN. ) SOLID_ANGLE_UNIT ( ) );
#10782 = LINE ( 'NONE', #3487, #5647 ) ;
#10783 = DIRECTION ( 'NONE',  ( 0.000000000000000000, 0.000000000000000000, -1.000000000000000000 ) ) ;
#10784 = DIRECTION ( 'NONE',  ( 0.000000000000000000, -0.000000000000000000, 1.000000000000000000 ) ) ;
#10785 = LINE ( 'NONE', #9925, #6758 ) ;
#10786 = PLANE ( 'NONE',  #5660 ) ;
#10787 = FILL_AREA_STYLE_COLOUR ( '', #4452 ) ;
#10788 = PRESENTATION_LAYER_ASSIGNMENT (  '', '', ( #4585 ) ) ;
#10789 = CARTESIAN_POINT ( 'NONE',  ( -6.799999999999999822, 8.000000000000000000, 2.600000000000000533 ) ) ;
#10790 = STYLED_ITEM ( 'NONE', ( #9200 ), #9603 ) ;
#10791 = EDGE_CURVE ( 'NONE', #2125, #5275, #7392, .T. ) ;
#10792 = ORIENTED_EDGE ( 'NONE', *, *, #8929, .F. ) ;
#10793 = MECHANICAL_DESIGN_GEOMETRIC_PRESENTATION_REPRESENTATION (  '', ( #2462 ), #2279 ) ;
#10794 =( LENGTH_UNIT ( ) NAMED_UNIT ( * ) SI_UNIT ( .MILLI., .METRE. ) );
#10795 = STYLED_ITEM ( 'NONE', ( #3571 ), #8391 ) ;
#10796 =( NAMED_UNIT ( * ) SI_UNIT ( $, .STERADIAN. ) SOLID_ANGLE_UNIT ( ) );
#10797 = FILL_AREA_STYLE ('',( #4243 ) ) ;
#10798 = CARTESIAN_POINT ( 'NONE',  ( 11.09999999999999964, -0.7500000000070002892, 0.8000000000000000444 ) ) ;
#10799 = CARTESIAN_POINT ( 'NONE',  ( -7.492820323027549634, 7.492820323027549634, 11.69282032302755248 ) ) ;
#10800 =( LENGTH_UNIT ( ) NAMED_UNIT ( * ) SI_UNIT ( .MILLI., .METRE. ) );
#10801 = AXIS2_PLACEMENT_3D ( 'NONE', #6619, #4673, #4795 ) ;
#10802 = COLOUR_RGB ( '',0.9137254901960784048, 0.5137254901960783826, 0.1372549019607843257 ) ;
#10803 = EDGE_LOOP ( 'NONE', ( #723, #1888 ) ) ;
#10804 = EDGE_LOOP ( 'NONE', ( #8044, #668, #1405, #1105 ) ) ;
#10805 = ORIENTED_EDGE ( 'NONE', *, *, #4534, .F. ) ;
#10806 = ORIENTED_EDGE ( 'NONE', *, *, #11750, .F. ) ;
#10807 = FILL_AREA_STYLE_COLOUR ( '', #444 ) ;
#10808 = DIRECTION ( 'NONE',  ( 0.000000000000000000, 0.000000000000000000, 1.000000000000000000 ) ) ;
#10809 = CARTESIAN_POINT ( 'NONE',  ( 6.839632633251532035, -7.536575601522908840, 12.30225273430820820 ) ) ;
#10810 = LINE ( 'NONE', #4326, #9130 ) ;
#10811 = FILL_AREA_STYLE_COLOUR ( '', #8381 ) ;
#10812 = DIRECTION ( 'NONE',  ( 0.000000000000000000, 0.000000000000000000, -1.000000000000000000 ) ) ;
#10813 = LINE ( 'NONE', #1670, #793 ) ;
#10814 = CARTESIAN_POINT ( 'NONE',  ( 4.250000000000000000, 10.59999999999999964, 2.899999999999999911 ) ) ;
#10815 = APPLICATION_PROTOCOL_DEFINITION ( 'draft international standard', 'automotive_design', 1998, #11333 ) ;
#10816 = PRODUCT_RELATED_PRODUCT_CATEGORY ( 'part', '', ( #55 ) ) ;
#10817 = ORIENTED_EDGE ( 'NONE', *, *, #2878, .F. ) ;
#10818 =( NAMED_UNIT ( * ) PLANE_ANGLE_UNIT ( ) SI_UNIT ( $, .RADIAN. ) );
#10819 = ORIENTED_EDGE ( 'NONE', *, *, #2749, .T. ) ;
#10820 = CARTESIAN_POINT ( 'NONE',  ( -6.799999999999998934, 6.799999999999998934, 11.00000000000000000 ) ) ;
#10821 = SURFACE_SIDE_STYLE ('',( #547 ) ) ;
#10822 = LINE ( 'NONE', #11922, #4526 ) ;
#10823 = UNCERTAINTY_MEASURE_WITH_UNIT (LENGTH_MEASURE( 1.000000000000000082E-05 ), #9237, 'distance_accuracy_value', 'NONE');
#10824 = LINE ( 'NONE', #7184, #8725 ) ;
#10825 = EDGE_LOOP ( 'NONE', ( #11434, #8577, #1140, #11204 ) ) ;
#10826 = EDGE_CURVE ( 'NONE', #11148, #1371, #3711, .T. ) ;
#10827 = EDGE_LOOP ( 'NONE', ( #4370, #10298 ) ) ;
#10828 = SURFACE_STYLE_USAGE ( .BOTH. , #4456 ) ;
#10829 = UNCERTAINTY_MEASURE_WITH_UNIT (LENGTH_MEASURE( 1.000000000000000082E-05 ), #7513, 'distance_accuracy_value', 'NONE');
#10830 =( NAMED_UNIT ( * ) PLANE_ANGLE_UNIT ( ) SI_UNIT ( $, .RADIAN. ) );
#10831 =( GEOMETRIC_REPRESENTATION_CONTEXT ( 3 ) GLOBAL_UNCERTAINTY_ASSIGNED_CONTEXT ( ( #10345 ) ) GLOBAL_UNIT_ASSIGNED_CONTEXT ( ( #2705, #327, #101 ) ) REPRESENTATION_CONTEXT ( 'NONE', 'WORKASPACE' ) );
#10832 = CARTESIAN_POINT ( 'NONE',  ( 9.750000000000000000, 2.500000000000000000, 0.8000000000000000444 ) ) ;
#10833 = MECHANICAL_DESIGN_GEOMETRIC_PRESENTATION_REPRESENTATION (  '', ( #30 ), #2318 ) ;
#10834 = UNCERTAINTY_MEASURE_WITH_UNIT (LENGTH_MEASURE( 1.000000000000000082E-05 ), #6748, 'distance_accuracy_value', 'NONE');
#10835 = VECTOR ( 'NONE', #4737, 1000.000000000000000 ) ;
#10836 = ORIENTED_EDGE ( 'NONE', *, *, #6304, .F. ) ;
#10837 = CARTESIAN_POINT ( 'NONE',  ( 4.700000000000000178, -8.949999999999999289, 0.000000000000000000 ) ) ;
#10838 = MECHANICAL_DESIGN_GEOMETRIC_PRESENTATION_REPRESENTATION (  '', ( #976 ), #11418 ) ;
#10839 = CIRCLE ( 'NONE', #10466, 0.5000000000000000000 ) ;
#10840 = PRODUCT ( 'COMPOUND007', 'COMPOUND007', '', ( #6259 ) ) ;
#10841 = STYLED_ITEM ( 'NONE', ( #9471 ), #10863 ) ;
#10842 = SURFACE_STYLE_USAGE ( .BOTH. , #10956 ) ;
#10843 = CARTESIAN_POINT ( 'NONE',  ( -8.000000000000000000, -7.500000000000000000, 2.600000000000000533 ) ) ;
#10844 = CARTESIAN_POINT ( 'NONE',  ( -5.551115123125999639E-16, 11.09999999999999964, 7.150000000000000355 ) ) ;
#10845 = CARTESIAN_POINT ( 'NONE',  ( -7.750000000000000000, -6.650000000000000355, 0.000000000000000000 ) ) ;
#10846 =( NAMED_UNIT ( * ) PLANE_ANGLE_UNIT ( ) SI_UNIT ( $, .RADIAN. ) );
#10847 = FILL_AREA_STYLE ('',( #522 ) ) ;
#10848 = VERTEX_POINT ( 'NONE', #3006 ) ;
#10849 = EDGE_CURVE ( 'NONE', #11149, #4917, #5993, .T. ) ;
#10850 = ORIENTED_EDGE ( 'NONE', *, *, #8028, .T. ) ;
#10851 = VERTEX_POINT ( 'NONE', #7530 ) ;
#10852 = ORIENTED_EDGE ( 'NONE', *, *, #11120, .T. ) ;
#10853 = CARTESIAN_POINT ( 'NONE',  ( 7.196750994715547911, -7.892367967113672833, 10.70113402231742405 ) ) ;
#10854 = SURFACE_SIDE_STYLE ('',( #8128 ) ) ;
#10855 = PLANE ( 'NONE',  #7157 ) ;
#10856 =( NAMED_UNIT ( * ) SI_UNIT ( $, .STERADIAN. ) SOLID_ANGLE_UNIT ( ) );
#10857 = STYLED_ITEM ( 'NONE', ( #11179 ), #527 ) ;
#10858 = MECHANICAL_DESIGN_GEOMETRIC_PRESENTATION_REPRESENTATION (  '', ( #7591 ), #11839 ) ;
#10859 = DIRECTION ( 'NONE',  ( -0.000000000000000000, -0.000000000000000000, -1.000000000000000000 ) ) ;
#10860 = EDGE_CURVE ( 'NONE', #6545, #3207, #10273, .T. ) ;
#10861 = DIRECTION ( 'NONE',  ( -1.000000000000000000, -0.000000000000000000, 0.000000000000000000 ) ) ;
#10862 = DIRECTION ( 'NONE',  ( 0.000000000000000000, 0.000000000000000000, 1.000000000000000000 ) ) ;
#10863 = ADVANCED_FACE ( 'NONE', ( #6603 ), #11199, .T. ) ;
#10864 = STYLED_ITEM ( 'NONE', ( #7835 ), #2107 ) ;
#10865 = SURFACE_STYLE_FILL_AREA ( #8025 ) ;
#10866 = SHAPE_DEFINITION_REPRESENTATION ( #4361, #7598 ) ;
#10867 = AXIS2_PLACEMENT_3D ( 'NONE', #7037, #6167, #9764 ) ;
#10868 = ORIENTED_EDGE ( 'NONE', *, *, #569, .F. ) ;
#10869 = EDGE_CURVE ( 'NONE', #9663, #8239, #4727, .T. ) ;
#10870 = MECHANICAL_DESIGN_GEOMETRIC_PRESENTATION_REPRESENTATION (  '', ( #7982 ), #460 ) ;
#10871 = AXIS2_PLACEMENT_3D ( 'NONE', #5073, #9643, #617 ) ;
#10872 = ORIENTED_EDGE ( 'NONE', *, *, #4303, .F. ) ;
#10873 = CARTESIAN_POINT ( 'NONE',  ( 11.09999999999999964, 5.551115123125999639E-16, 7.150000000000000355 ) ) ;
#10874 = APPLICATION_CONTEXT ( 'automotive_design' ) ;
#10875 = ORIENTED_EDGE ( 'NONE', *, *, #8249, .F. ) ;
#10876 = DIRECTION ( 'NONE',  ( 0.000000000000000000, -1.000000000000000000, 0.000000000000000000 ) ) ;
#10877 = CARTESIAN_POINT ( 'NONE',  ( 8.000000000000000000, 8.000000000000000000, 2.600000000000000533 ) ) ;
#10878 = STYLED_ITEM ( 'NONE', ( #1072 ), #7801 ) ;
#10879 = SURFACE_SIDE_STYLE ('',( #1467 ) ) ;
#10880 = DIRECTION ( 'NONE',  ( 0.000000000000000000, -1.000000000000000000, -0.000000000000000000 ) ) ;
#10881 = AXIS2_PLACEMENT_3D ( 'NONE', #10220, #2787, #4697 ) ;
#10882 =( LENGTH_UNIT ( ) NAMED_UNIT ( * ) SI_UNIT ( .MILLI., .METRE. ) );
#10883 = AXIS2_PLACEMENT_3D ( 'NONE', #6900, #9745, #2288 ) ;
#10884 = CARTESIAN_POINT ( 'NONE',  ( -2.250000000000000444, 9.550000000000000711, 11.90000000000000036 ) ) ;
#10885 = DIRECTION ( 'NONE',  ( -1.000000000000000000, 0.000000000000000000, 0.000000000000000000 ) ) ;
#10886 = VECTOR ( 'NONE', #7027, 1000.000000000000114 ) ;
#10887 = ORIENTED_EDGE ( 'NONE', *, *, #5184, .T. ) ;
#10888 = MECHANICAL_DESIGN_GEOMETRIC_PRESENTATION_REPRESENTATION (  '', ( #6639 ), #7213 ) ;
#10889 = STYLED_ITEM ( 'NONE', ( #7464 ), #1268 ) ;
#10890 = CARTESIAN_POINT ( 'NONE',  ( 11.10000000000000142, -4.750000000000000888, 9.400000000000000355 ) ) ;
#10891 = LINE ( 'NONE', #4457, #4694 ) ;
#10892 = FACE_OUTER_BOUND ( 'NONE', #4524, .T. ) ;
#10893 = ADVANCED_FACE ( 'NONE', ( #11388 ), #100, .T. ) ;
#10894 =( NAMED_UNIT ( * ) PLANE_ANGLE_UNIT ( ) SI_UNIT ( $, .RADIAN. ) );
#10895 = DIRECTION ( 'NONE',  ( -0.000000000000000000, 1.000000000000000000, -0.000000000000000000 ) ) ;
#10896 = DIRECTION ( 'NONE',  ( -1.000000000000000000, -0.000000000000000000, 0.000000000000000000 ) ) ;
#10897 = VECTOR ( 'NONE', #3066, 1000.000000000000000 ) ;
#10898 = ORIENTED_EDGE ( 'NONE', *, *, #3016, .T. ) ;
#10899 = LINE ( 'NONE', #6044, #3390 ) ;
#10900 = DIRECTION ( 'NONE',  ( -0.000000000000000000, 0.000000000000000000, 1.000000000000000000 ) ) ;
#10901 = CIRCLE ( 'NONE', #8011, 0.5000000000000000000 ) ;
#10902 = CARTESIAN_POINT ( 'NONE',  ( -3.250000000000000444, -8.250000000000000000, 0.000000000000000000 ) ) ;
#10903 = SURFACE_SIDE_STYLE ('',( #740 ) ) ;
#10904 = SURFACE_SIDE_STYLE ('',( #9170 ) ) ;
#10905 = SURFACE_STYLE_USAGE ( .BOTH. , #5383 ) ;
#10906 =( NAMED_UNIT ( * ) SI_UNIT ( $, .STERADIAN. ) SOLID_ANGLE_UNIT ( ) );
#10907 = FILL_AREA_STYLE_COLOUR ( '', #5862 ) ;
#10908 = VECTOR ( 'NONE', #5362, 1000.000000000000000 ) ;
#10909 = MECHANICAL_DESIGN_GEOMETRIC_PRESENTATION_REPRESENTATION (  '', ( #10536 ), #5294 ) ;
#10910 = ORIENTED_EDGE ( 'NONE', *, *, #5911, .T. ) ;
#10911 = VERTEX_POINT ( 'NONE', #5974 ) ;
#10912 = VERTEX_POINT ( 'NONE', #11449 ) ;
#10913 = VERTEX_POINT ( 'NONE', #8688 ) ;
#10914 = VECTOR ( 'NONE', #6569, 1000.000000000000000 ) ;
#10915 = CARTESIAN_POINT ( 'NONE',  ( 8.146008012803571674, -6.883387911746886800, 11.64906504453218972 ) ) ;
#10916 = CARTESIAN_POINT ( 'NONE',  ( -7.386071179369595008, 7.919717610733602697, 11.05242474800559194 ) ) ;
#10917 = SURFACE_STYLE_FILL_AREA ( #2555 ) ;
#10918 =( NAMED_UNIT ( * ) PLANE_ANGLE_UNIT ( ) SI_UNIT ( $, .RADIAN. ) );
#10919 = DIRECTION ( 'NONE',  ( -0.000000000000000000, 1.000000000000000000, 0.000000000000000000 ) ) ;
#10920 = CARTESIAN_POINT ( 'NONE',  ( -5.551115123125999639E-16, 10.59999999999999964, 7.150000000000000355 ) ) ;
#10921 = SHAPE_DEFINITION_REPRESENTATION ( #1956, #1786 ) ;
#10922 = VECTOR ( 'NONE', #5345, 1000.000000000000000 ) ;
#10923 = CLOSED_SHELL ( 'NONE', ( #4679, #9801, #9960, #10358 ) ) ;
#10924 = VERTEX_POINT ( 'NONE', #506 ) ;
#10925 = VERTEX_POINT ( 'NONE', #9646 ) ;
#10926 = EDGE_CURVE ( 'NONE', #9746, #9554, #1466, .T. ) ;
#10927 = VERTEX_POINT ( 'NONE', #7828 ) ;
#10928 = LINE ( 'NONE', #4574, #9186 ) ;
#10929 = MECHANICAL_DESIGN_GEOMETRIC_PRESENTATION_REPRESENTATION (  '', ( #7661 ), #7471 ) ;
#10930 = DIRECTION ( 'NONE',  ( 1.000000000000000000, 0.000000000000000000, 0.000000000000000000 ) ) ;
#10931 =( LENGTH_UNIT ( ) NAMED_UNIT ( * ) SI_UNIT ( .MILLI., .METRE. ) );
#10932 = CARTESIAN_POINT ( 'NONE',  ( 0.5000000000000000000, 9.750000000000000000, 0.000000000000000000 ) ) ;
#10933 = STYLED_ITEM ( 'NONE', ( #9166 ), #361 ) ;
#10934 = CARTESIAN_POINT ( 'NONE',  ( 10.59999999999999964, 0.7500000000069999562, 2.899999999999999911 ) ) ;
#10935 = UNCERTAINTY_MEASURE_WITH_UNIT (LENGTH_MEASURE( 1.000000000000000082E-05 ), #4405, 'distance_accuracy_value', 'NONE');
#10936 = ORIENTED_EDGE ( 'NONE', *, *, #11201, .F. ) ;
#10937 = VECTOR ( 'NONE', #1578, 1000.000000000000000 ) ;
#10938 = PRODUCT ( 'COMPOUND001', 'COMPOUND001', '', ( #4801 ) ) ;
#10939 = ORIENTED_EDGE ( 'NONE', *, *, #2508, .T. ) ;
#10940 = VERTEX_POINT ( 'NONE', #11511 ) ;
#10941 = DIRECTION ( 'NONE',  ( 0.000000000000000000, 0.000000000000000000, 1.000000000000000000 ) ) ;
#10942 = PRODUCT_DEFINITION_CONTEXT ( 'detailed design', #1974, 'design' ) ;
#10943 = VECTOR ( 'NONE', #10046, 1000.000000000000000 ) ;
#10944 = CARTESIAN_POINT ( 'NONE',  ( 2.750000000000000444, -12.75000000000000178, -3.700000000000000178 ) ) ;
#10945 = FILL_AREA_STYLE ('',( #5426 ) ) ;
#10946 = DIRECTION ( 'NONE',  ( 0.000000000000000000, -1.000000000000000000, 0.000000000000000000 ) ) ;
#10947 = CARTESIAN_POINT ( 'NONE',  ( -7.498282525760231465, 0.1604597805501491170, 4.703438415994531496 ) ) ;
#10948 = UNCERTAINTY_MEASURE_WITH_UNIT (LENGTH_MEASURE( 1.000000000000000082E-05 ), #7576, 'distance_accuracy_value', 'NONE');
#10949 = ORIENTED_EDGE ( 'NONE', *, *, #7453, .T. ) ;
#10950 = DIRECTION ( 'NONE',  ( -3.581364595565000168E-16, -1.000000000000000000, 0.000000000000000000 ) ) ;
#10951 = CIRCLE ( 'NONE', #3795, 0.5000000000000000000 ) ;
#10952 = CARTESIAN_POINT ( 'NONE',  ( 0.5749999999999999556, -0.7750000000000001332, 5.000000000000000000 ) ) ;
#10953 = VECTOR ( 'NONE', #2720, 1000.000000000000000 ) ;
#10954 = ADVANCED_FACE ( 'NONE', ( #9702 ), #6859, .T. ) ;
#10955 =( LENGTH_UNIT ( ) NAMED_UNIT ( * ) SI_UNIT ( .MILLI., .METRE. ) );
#10956 = SURFACE_SIDE_STYLE ('',( #9231 ) ) ;
#10957 = DIRECTION ( 'NONE',  ( -0.000000000000000000, -1.000000000000000000, 0.000000000000000000 ) ) ;
#10958 =( NAMED_UNIT ( * ) PLANE_ANGLE_UNIT ( ) SI_UNIT ( $, .RADIAN. ) );
#10959 = AXIS2_PLACEMENT_3D ( 'NONE', #1447, #8850, #6088 ) ;
#10960 = STYLED_ITEM ( 'NONE', ( #334 ), #9580 ) ;
#10961 = VECTOR ( 'NONE', #5485, 1000.000000000000000 ) ;
#10962 = CARTESIAN_POINT ( 'NONE',  ( -4.700000000000000178, -8.949999999999999289, 0.000000000000000000 ) ) ;
#10963 = CARTESIAN_POINT ( 'NONE',  ( 8.474999999999999645, -2.775557561562999819E-15, 1.000000000000000000 ) ) ;
#10964 = CARTESIAN_POINT ( 'NONE',  ( -7.493997598078077083, -1.221638358787300664E-15, 5.000000000000000888 ) ) ;
#10965 = EDGE_LOOP ( 'NONE', ( #9362, #9706, #8704, #10162 ) ) ;
#10966 = EDGE_CURVE ( 'NONE', #9212, #9209, #11424, .T. ) ;
#10967 = ADVANCED_FACE ( 'NONE', ( #5724 ), #11238, .T. ) ;
#10968 = VECTOR ( 'NONE', #1478, 1000.000000000000000 ) ;
#10969 = EDGE_LOOP ( 'NONE', ( #9111, #11713 ) ) ;
#10970 = ORIENTED_EDGE ( 'NONE', *, *, #9260, .F. ) ;
#10971 = EDGE_LOOP ( 'NONE', ( #4636, #682, #5482, #5568 ) ) ;
#10972 = CARTESIAN_POINT ( 'NONE',  ( 7.196750994715547911, -6.501134022317422989, 12.09236796711367212 ) ) ;
#10973 = PRESENTATION_STYLE_ASSIGNMENT (( #11716 ) ) ;
#10974 = PRESENTATION_STYLE_ASSIGNMENT (( #2553 ) ) ;
#10975 =( BOUNDED_SURFACE ( )  B_SPLINE_SURFACE ( 3, 3, ( 
 ( #9915, #3422, #9847, #833 ),
 ( #661, #889, #4512, #5411 ),
 ( #8963, #9964, #8217, #4339 ),
 ( #4447, #8037, #1556, #7128 ) ),
 .UNSPECIFIED., .F., .F., .F. ) 
 B_SPLINE_SURFACE_WITH_KNOTS ( ( 4, 4 ),
 ( 4, 4 ),
 ( 0.000000000000000000, 1.000000000000000000 ),
 ( 0.000000000000000000, 1.000000000000000000 ),
 .UNSPECIFIED. ) 
 GEOMETRIC_REPRESENTATION_ITEM ( )  RATIONAL_B_SPLINE_SURFACE ( (
 ( 1.000000000000000000, 0.3333333333333334259, 0.3333333333333334259, 1.000000000000000000),
 ( 0.9245018060306376961, 0.3081672686768793246, 0.3081672686768793246, 0.9245018060306376961),
 ( 0.9245018060306376961, 0.3081672686768793246, 0.3081672686768793246, 0.9245018060306376961),
 ( 1.000000000000000000, 0.3333333333333334259, 0.3333333333333334259, 1.000000000000000000) ) ) 
 REPRESENTATION_ITEM ( '' )  SURFACE ( )  );
#10976 = CARTESIAN_POINT ( 'NONE',  ( 2.000000000000000000, -12.94999999999999929, 4.200000000000000178 ) ) ;
#10977 = CYLINDRICAL_SURFACE ( 'NONE', #6819, 0.5000000000000000000 ) ;
#10978 = PRESENTATION_LAYER_ASSIGNMENT (  '', '', ( #6117 ) ) ;
#10979 = DIRECTION ( 'NONE',  ( -1.000000000000000000, 0.000000000000000000, 0.000000000000000000 ) ) ;
#10980 = DIRECTION ( 'NONE',  ( 0.000000000000000000, 0.000000000000000000, -1.000000000000000000 ) ) ;
#10981 = SHAPE_DEFINITION_REPRESENTATION ( #10385, #4786 ) ;
#10982 = ORIENTED_EDGE ( 'NONE', *, *, #4164, .F. ) ;
#10983 = EDGE_LOOP ( 'NONE', ( #8659, #1319, #7782, #6828, #5995 ) ) ;
#10984 = AXIS2_PLACEMENT_3D ( 'NONE', #1585, #8067, #11136 ) ;
#10985 = VERTEX_POINT ( 'NONE', #1320 ) ;
#10986 = SURFACE_SIDE_STYLE ('',( #11852 ) ) ;
#10987 = CARTESIAN_POINT ( 'NONE',  ( -3.000000000000000000, -7.950000000000000178, 0.7500000000000000000 ) ) ;
#10988 = LINE ( 'NONE', #11043, #6920 ) ;
#10989 = DIRECTION ( 'NONE',  ( 1.000000000000000000, 0.000000000000000000, -0.000000000000000000 ) ) ;
#10990 = DIRECTION ( 'NONE',  ( 0.000000000000000000, -0.000000000000000000, -1.000000000000000000 ) ) ;
#10991 = PRESENTATION_STYLE_ASSIGNMENT (( #7307 ) ) ;
#10992 = LINE ( 'NONE', #3666, #3359 ) ;
#10993 = SURFACE_STYLE_USAGE ( .BOTH. , #7311 ) ;
#10994 = ORIENTED_EDGE ( 'NONE', *, *, #6593, .F. ) ;
#10995 = VERTEX_POINT ( 'NONE', #4821 ) ;
#10996 = ORIENTED_EDGE ( 'NONE', *, *, #10083, .F. ) ;
#10997 =( LENGTH_UNIT ( ) NAMED_UNIT ( * ) SI_UNIT ( .MILLI., .METRE. ) );
#10998 = ORIENTED_EDGE ( 'NONE', *, *, #3791, .F. ) ;
#10999 = CARTESIAN_POINT ( 'NONE',  ( 0.4249999999999999889, -0.9250000000000000444, 19.40000000000000568 ) ) ;
#11000 = FILL_AREA_STYLE ('',( #7567 ) ) ;
#11001 =( NAMED_UNIT ( * ) PLANE_ANGLE_UNIT ( ) SI_UNIT ( $, .RADIAN. ) );
#11002 = SURFACE_SIDE_STYLE ('',( #9982 ) ) ;
#11003 = ADVANCED_FACE ( 'NONE', ( #2983 ), #316, .F. ) ;
#11004 =( LENGTH_UNIT ( ) NAMED_UNIT ( * ) SI_UNIT ( .MILLI., .METRE. ) );
#11005 = MECHANICAL_DESIGN_GEOMETRIC_PRESENTATION_REPRESENTATION (  '', ( #2674 ), #5962 ) ;
#11006 = EDGE_LOOP ( 'NONE', ( #9215, #2501, #7170, #10421, #10949 ) ) ;
#11007 = EDGE_CURVE ( 'NONE', #2647, #9014, #7684, .T. ) ;
#11008 = DIRECTION ( 'NONE',  ( 0.000000000000000000, 0.000000000000000000, 1.000000000000000000 ) ) ;
#11009 = DIRECTION ( 'NONE',  ( -0.8164965809277261455, 0.4082482904638630727, -0.4082482904638630727 ) ) ;
#11010 = SURFACE_STYLE_FILL_AREA ( #4723 ) ;
#11011 = PRESENTATION_STYLE_ASSIGNMENT (( #9234 ) ) ;
#11012 =( NAMED_UNIT ( * ) PLANE_ANGLE_UNIT ( ) SI_UNIT ( $, .RADIAN. ) );
#11013 =( LENGTH_UNIT ( ) NAMED_UNIT ( * ) SI_UNIT ( .MILLI., .METRE. ) );
#11014 = SURFACE_SIDE_STYLE ('',( #4785 ) ) ;
#11015 = AXIS2_PLACEMENT_3D ( 'NONE', #4869, #11416, #6944 ) ;
#11016 = PRESENTATION_LAYER_ASSIGNMENT (  '', '', ( #4258 ) ) ;
#11017 = CARTESIAN_POINT ( 'NONE',  ( 7.481864699938880037, -0.4920031744708216470, 5.000000000000000000 ) ) ;
#11018 = AXIS2_PLACEMENT_3D ( 'NONE', #7481, #2770, #109 ) ;
#11019 = COLOUR_RGB ( '',0.9137254901960784048, 0.5137254901960783826, 0.1372549019607843257 ) ;
#11020 = VERTEX_POINT ( 'NONE', #6580 ) ;
#11021 = ORIENTED_EDGE ( 'NONE', *, *, #3416, .F. ) ;
#11022 = SURFACE_STYLE_USAGE ( .BOTH. , #7349 ) ;
#11023 = FILL_AREA_STYLE ('',( #9947 ) ) ;
#11024 = SURFACE_STYLE_FILL_AREA ( #1154 ) ;
#11025 = FILL_AREA_STYLE_COLOUR ( '', #5014 ) ;
#11026 = SURFACE_STYLE_USAGE ( .BOTH. , #6002 ) ;
#11027 = COLOUR_RGB ( '',0.8196078431372548767, 0.8000000000000000444, 0.7529411764705882248 ) ;
#11028 = DIRECTION ( 'NONE',  ( -1.000000000000000000, 0.000000000000000000, 0.000000000000000000 ) ) ;
#11029 = PRODUCT_DEFINITION_SHAPE ( 'NONE', 'NONE',  #11177 ) ;
#11030 = ADVANCED_FACE ( 'NONE', ( #8662 ), #376, .T. ) ;
#11031 = VECTOR ( 'NONE', #1238, 1000.000000000000000 ) ;
#11032 = SURFACE_SIDE_STYLE ('',( #11281 ) ) ;
#11033 =( NAMED_UNIT ( * ) SI_UNIT ( $, .STERADIAN. ) SOLID_ANGLE_UNIT ( ) );
#11034 = PRODUCT_CONTEXT ( 'NONE', #2198, 'mechanical' ) ;
#11035 = ORIENTED_EDGE ( 'NONE', *, *, #9478, .T. ) ;
#11036 = MECHANICAL_DESIGN_GEOMETRIC_PRESENTATION_REPRESENTATION (  '', ( #9126 ), #1946 ) ;
#11037 = ORIENTED_EDGE ( 'NONE', *, *, #10394, .T. ) ;
#11038 = PLANE ( 'NONE',  #1788 ) ;
#11039 = VECTOR ( 'NONE', #8278, 1000.000000000000000 ) ;
#11040 = ORIENTED_EDGE ( 'NONE', *, *, #8982, .T. ) ;
#11041 = CARTESIAN_POINT ( 'NONE',  ( 11.09999999999999964, -4.750000000000000000, 0.8000000000000000444 ) ) ;
#11042 = CARTESIAN_POINT ( 'NONE',  ( 2.000000000000000000, -8.949999999999999289, 4.200000000000000178 ) ) ;
#11043 = CARTESIAN_POINT ( 'NONE',  ( 4.250000000000000000, 11.09999999999999964, 6.399999999992999733 ) ) ;
#11044 =( NAMED_UNIT ( * ) SI_UNIT ( $, .STERADIAN. ) SOLID_ANGLE_UNIT ( ) );
#11045 = STYLED_ITEM ( 'NONE', ( #2607 ), #1898 ) ;
#11046 = SURFACE_SIDE_STYLE ('',( #9020 ) ) ;
#11047 = CARTESIAN_POINT ( 'NONE',  ( 10.59999999999999964, -2.500000000002999823, 7.900000000001998757 ) ) ;
#11048 = LINE ( 'NONE', #2854, #10914 ) ;
#11049 = UNCERTAINTY_MEASURE_WITH_UNIT (LENGTH_MEASURE( 1.000000000000000082E-05 ), #8220, 'distance_accuracy_value', 'NONE');
#11050 = PRESENTATION_LAYER_ASSIGNMENT (  '', '', ( #9711 ) ) ;
#11051 = FILL_AREA_STYLE ('',( #11964 ) ) ;
#11052 = PRESENTATION_LAYER_ASSIGNMENT (  '', '', ( #1187 ) ) ;
#11053 =( GEOMETRIC_REPRESENTATION_CONTEXT ( 3 ) GLOBAL_UNCERTAINTY_ASSIGNED_CONTEXT ( ( #7079 ) ) GLOBAL_UNIT_ASSIGNED_CONTEXT ( ( #11013, #9995, #1706 ) ) REPRESENTATION_CONTEXT ( 'NONE', 'WORKASPACE' ) );
#11054 = EDGE_CURVE ( 'NONE', #8671, #1937, #10767, .T. ) ;
#11055 = AXIS2_PLACEMENT_3D ( 'NONE', #8607, #5737, #3303 ) ;
#11056 = DIRECTION ( 'NONE',  ( 1.000000000000000000, 0.000000000000000000, 0.000000000000000000 ) ) ;
#11057 = ORIENTED_EDGE ( 'NONE', *, *, #3857, .T. ) ;
#11058 = VERTEX_POINT ( 'NONE', #6145 ) ;
#11059 =( NAMED_UNIT ( * ) SI_UNIT ( $, .STERADIAN. ) SOLID_ANGLE_UNIT ( ) );
#11060 = MECHANICAL_DESIGN_GEOMETRIC_PRESENTATION_REPRESENTATION (  '', ( #11251 ), #640 ) ;
#11061 = ORIENTED_EDGE ( 'NONE', *, *, #2999, .F. ) ;
#11062 = PRODUCT_DEFINITION_CONTEXT ( 'detailed design', #746, 'design' ) ;
#11063 = DIRECTION ( 'NONE',  ( 0.000000000000000000, 0.000000000000000000, 1.000000000000000000 ) ) ;
#11064 = CARTESIAN_POINT ( 'NONE',  ( 2.500000000000000000, -8.000000000000000000, 0.7500000000000000000 ) ) ;
#11065 = DIRECTION ( 'NONE',  ( 0.000000000000000000, 0.000000000000000000, -1.000000000000000000 ) ) ;
#11066 = PRESENTATION_STYLE_ASSIGNMENT (( #4408 ) ) ;
#11067 = UNCERTAINTY_MEASURE_WITH_UNIT (LENGTH_MEASURE( 1.000000000000000082E-05 ), #10779, 'distance_accuracy_value', 'NONE');
#11068 = DIRECTION ( 'NONE',  ( -0.000000000000000000, -0.000000000000000000, 1.000000000000000000 ) ) ;
#11069 = ORIENTED_EDGE ( 'NONE', *, *, #10860, .F. ) ;
#11070 = LINE ( 'NONE', #6481, #6109 ) ;
#11071 = PRESENTATION_LAYER_ASSIGNMENT (  '', '', ( #7794 ) ) ;
#11072 = AXIS2_PLACEMENT_3D ( 'NONE', #6091, #4103, #2155 ) ;
#11073 = FILL_AREA_STYLE ('',( #7452 ) ) ;
#11074 = ADVANCED_FACE ( 'NONE', ( #6082 ), #11548, .F. ) ;
#11075 = DIRECTION ( 'NONE',  ( 0.000000000000000000, 0.000000000000000000, -1.000000000000000000 ) ) ;
#11076 = ADVANCED_FACE ( 'NONE', ( #3229 ), #4099, .T. ) ;
#11077 = SURFACE_STYLE_USAGE ( .BOTH. , #1933 ) ;
#11078 = DIRECTION ( 'NONE',  ( 0.000000000000000000, 0.000000000000000000, -1.000000000000000000 ) ) ;
#11079 = FILL_AREA_STYLE_COLOUR ( '', #2406 ) ;
#11080 = FILL_AREA_STYLE_COLOUR ( '', #5622 ) ;
#11081 = DIRECTION ( 'NONE',  ( 1.000000000000000000, 0.000000000000000000, 0.000000000000000000 ) ) ;
#11082 = DIRECTION ( 'NONE',  ( 1.000000000000000000, 0.000000000000000000, -0.000000000000000000 ) ) ;
#11083 =( NAMED_UNIT ( * ) PLANE_ANGLE_UNIT ( ) SI_UNIT ( $, .RADIAN. ) );
#11084 = ORIENTED_EDGE ( 'NONE', *, *, #10017, .T. ) ;
#11085 = PRESENTATION_LAYER_ASSIGNMENT (  '', '', ( #10889 ) ) ;
#11086 = ORIENTED_EDGE ( 'NONE', *, *, #5861, .F. ) ;
#11087 = ORIENTED_EDGE ( 'NONE', *, *, #4163, .F. ) ;
#11088 = ORIENTED_EDGE ( 'NONE', *, *, #11349, .F. ) ;
#11089 = CARTESIAN_POINT ( 'NONE',  ( 10.25000000000000000, 6.123233995736759873E-17, -3.700000000000000178 ) ) ;
#11090 = EDGE_CURVE ( 'NONE', #3265, #8456, #973, .T. ) ;
#11091 = APPLICATION_CONTEXT ( 'automotive_design' ) ;
#11092 = COLOUR_RGB ( '',0.8196078431372548767, 0.8000000000000000444, 0.7529411764705882248 ) ;
#11093 =( LENGTH_UNIT ( ) NAMED_UNIT ( * ) SI_UNIT ( .MILLI., .METRE. ) );
#11094 = SURFACE_STYLE_FILL_AREA ( #7420 ) ;
#11095 = DIRECTION ( 'NONE',  ( -1.370645709413999982E-16, 0.000000000000000000, 1.000000000000000000 ) ) ;
#11096 = ITEM_DEFINED_TRANSFORMATION ( 'NONE', 'NONE', #11015,  #3260 ) ;
#11097 = VERTEX_POINT ( 'NONE', #210 ) ;
#11098 =( REPRESENTATION_RELATIONSHIP ('NONE','NONE', #2998, #7268 ) REPRESENTATION_RELATIONSHIP_WITH_TRANSFORMATION ( #4741 )SHAPE_REPRESENTATION_RELATIONSHIP( ) );
#11099 = VECTOR ( 'NONE', #10030, 1000.000000000000000 ) ;
#11100 = ORIENTED_EDGE ( 'NONE', *, *, #2796, .F. ) ;
#11101 = FILL_AREA_STYLE ('',( #3727 ) ) ;
#11102 = EDGE_CURVE ( 'NONE', #2260, #1565, #5614, .T. ) ;
#11103 = EDGE_CURVE ( 'NONE', #1565, #6125, #10246, .T. ) ;
#11104 = VERTEX_POINT ( 'NONE', #6719 ) ;
#11105 = STYLED_ITEM ( 'NONE', ( #1531 ), #2980 ) ;
#11106 = SURFACE_SIDE_STYLE ('',( #1906 ) ) ;
#11107 = DIRECTION ( 'NONE',  ( 0.7071067811865474617, 0.7071067811865474617, -0.000000000000000000 ) ) ;
#11108 =( LENGTH_UNIT ( ) NAMED_UNIT ( * ) SI_UNIT ( .MILLI., .METRE. ) );
#11109 = DIRECTION ( 'NONE',  ( 0.000000000000000000, 0.000000000000000000, -1.000000000000000000 ) ) ;
#11110 = DIRECTION ( 'NONE',  ( 0.000000000000000000, -0.000000000000000000, -1.000000000000000000 ) ) ;
#11111 = DIRECTION ( 'NONE',  ( 1.000000000000000000, 0.000000000000000000, -0.000000000000000000 ) ) ;
#11112 = STYLED_ITEM ( 'NONE', ( #8711 ), #4414 ) ;
#11113 = CIRCLE ( 'NONE', #2020, 0.5000000000000000000 ) ;
#11114 = ORIENTED_EDGE ( 'NONE', *, *, #4763, .F. ) ;
#11115 = DIRECTION ( 'NONE',  ( 0.000000000000000000, 0.000000000000000000, 1.000000000000000000 ) ) ;
#11116 = EDGE_CURVE ( 'NONE', #8327, #11544, #3864, .T. ) ;
#11117 = ADVANCED_FACE ( 'NONE', ( #2102 ), #10308, .T. ) ;
#11118 = PRODUCT_DEFINITION_FORMATION_WITH_SPECIFIED_SOURCE ( 'ANY', '', #6705, .NOT_KNOWN. ) ;
#11119 = ORIENTED_EDGE ( 'NONE', *, *, #1090, .T. ) ;
#11120 = EDGE_CURVE ( 'NONE', #6246, #1940, #11789, .T. ) ;
#11121 = LINE ( 'NONE', #1980, #853 ) ;
#11122 = COLOUR_RGB ( '',0.8196078431372548767, 0.8000000000000000444, 0.7529411764705882248 ) ;
#11123 = CARTESIAN_POINT ( 'NONE',  ( 9.750000000000000000, 2.500000000000000000, 0.000000000000000000 ) ) ;
#11124 = CARTESIAN_POINT ( 'NONE',  ( -2.600000000000000089, -12.94999999999999929, 4.400000000000000355 ) ) ;
#11125 = CARTESIAN_POINT ( 'NONE',  ( -3.250000000000000444, -8.250000000000000000, 0.000000000000000000 ) ) ;
#11126 = FACE_OUTER_BOUND ( 'NONE', #11928, .T. ) ;
#11127 = DIRECTION ( 'NONE',  ( -0.000000000000000000, -0.000000000000000000, -1.000000000000000000 ) ) ;
#11128 =( LENGTH_UNIT ( ) NAMED_UNIT ( * ) SI_UNIT ( .MILLI., .METRE. ) );
#11129 = VECTOR ( 'NONE', #2595, 1000.000000000000000 ) ;
#11130 = VERTEX_POINT ( 'NONE', #1146 ) ;
#11131 = DIRECTION ( 'NONE',  ( 1.000000000000000000, -0.000000000000000000, 0.000000000000000000 ) ) ;
#11132 = DIRECTION ( 'NONE',  ( 0.000000000000000000, 0.000000000000000000, 1.000000000000000000 ) ) ;
#11133 = VECTOR ( 'NONE', #3355, 1000.000000000000000 ) ;
#11134 =( GEOMETRIC_REPRESENTATION_CONTEXT ( 3 ) GLOBAL_UNCERTAINTY_ASSIGNED_CONTEXT ( ( #9733 ) ) GLOBAL_UNIT_ASSIGNED_CONTEXT ( ( #3068, #4956, #1336 ) ) REPRESENTATION_CONTEXT ( 'NONE', 'WORKASPACE' ) );
#11135 = DIRECTION ( 'NONE',  ( -0.000000000000000000, 0.000000000000000000, 1.000000000000000000 ) ) ;
#11136 = DIRECTION ( 'NONE',  ( 0.000000000000000000, -1.000000000000000000, 5.348620343038999729E-16 ) ) ;
#11137 = SURFACE_STYLE_USAGE ( .BOTH. , #4475 ) ;
#11138 = DIRECTION ( 'NONE',  ( 1.000000000000000000, -0.000000000000000000, 0.000000000000000000 ) ) ;
#11139 = CARTESIAN_POINT ( 'NONE',  ( 4.750000000000000000, 11.09999999999999964, 2.899999999999999911 ) ) ;
#11140 =( NAMED_UNIT ( * ) SI_UNIT ( $, .STERADIAN. ) SOLID_ANGLE_UNIT ( ) );
#11141 = CARTESIAN_POINT ( 'NONE',  ( -3.000000000000000000, -13.94999999999999929, 0.7500000000000000000 ) ) ;
#11142 = CARTESIAN_POINT ( 'NONE',  ( 5.599999999999999645, -2.725000000000000089, 2.600000000000000533 ) ) ;
#11143 = AXIS2_PLACEMENT_3D ( 'NONE', #11426, #9791, #4936 ) ;
#11144 = VECTOR ( 'NONE', #4927, 1000.000000000000000 ) ;
#11145 = EDGE_CURVE ( 'NONE', #8595, #11162, #5793, .T. ) ;
#11146 = DIRECTION ( 'NONE',  ( -0.8164965809277261455, -0.4082482904638630727, 0.4082482904638630727 ) ) ;
#11147 = ORIENTED_EDGE ( 'NONE', *, *, #3418, .F. ) ;
#11148 = VERTEX_POINT ( 'NONE', #96 ) ;
#11149 = VERTEX_POINT ( 'NONE', #4831 ) ;
#11150 = STYLED_ITEM ( 'NONE', ( #11185 ), #8744 ) ;
#11151 = ORIENTED_EDGE ( 'NONE', *, *, #1636, .F. ) ;
#11152 = CARTESIAN_POINT ( 'NONE',  ( -7.196750994715546135, 7.892367967113669280, 10.70113402231742583 ) ) ;
#11153 = MECHANICAL_DESIGN_GEOMETRIC_PRESENTATION_REPRESENTATION (  '', ( #536 ), #1501 ) ;
#11154 = SURFACE_STYLE_USAGE ( .BOTH. , #10008 ) ;
#11155 = CARTESIAN_POINT ( 'NONE',  ( -6.153667536169225016, -8.535919432333791690, 11.66862656960577560 ) ) ;
#11156 = PRESENTATION_STYLE_ASSIGNMENT (( #3771 ) ) ;
#11157 = CARTESIAN_POINT ( 'NONE',  ( -0.4749711655149038148, -0.8750288344850957190, 12.13395806230482421 ) ) ;
#11158 = SURFACE_STYLE_USAGE ( .BOTH. , #991 ) ;
#11159 = PRODUCT_CONTEXT ( 'NONE', #5749, 'mechanical' ) ;
#11160 = PRESENTATION_LAYER_ASSIGNMENT (  '', '', ( #6319 ) ) ;
#11161 =( GEOMETRIC_REPRESENTATION_CONTEXT ( 3 ) GLOBAL_UNCERTAINTY_ASSIGNED_CONTEXT ( ( #4986 ) ) GLOBAL_UNIT_ASSIGNED_CONTEXT ( ( #11650, #9884, #1655 ) ) REPRESENTATION_CONTEXT ( 'NONE', 'WORKASPACE' ) );
#11162 = VERTEX_POINT ( 'NONE', #3990 ) ;
#11163 = ORIENTED_EDGE ( 'NONE', *, *, #11824, .F. ) ;
#11164 = ORIENTED_EDGE ( 'NONE', *, *, #7020, .F. ) ;
#11165 = CARTESIAN_POINT ( 'NONE',  ( 1.649999999999999911, -10.94999999999999929, 5.700000000000000178 ) ) ;
#11166 =( NAMED_UNIT ( * ) SI_UNIT ( $, .STERADIAN. ) SOLID_ANGLE_UNIT ( ) );
#11167 =( NAMED_UNIT ( * ) SI_UNIT ( $, .STERADIAN. ) SOLID_ANGLE_UNIT ( ) );
#11168 = AXIS2_PLACEMENT_3D ( 'NONE', #11520, #7945, #1477 ) ;
#11169 = AXIS2_PLACEMENT_3D ( 'NONE', #3194, #4364, #4241 ) ;
#11170 = CARTESIAN_POINT ( 'NONE',  ( 5.599999999999999645, -8.949999999999999289, 0.000000000000000000 ) ) ;
#11171 = FILL_AREA_STYLE_COLOUR ( '', #706 ) ;
#11172 = CARTESIAN_POINT ( 'NONE',  ( 3.000000000000000000, -8.000000000000000000, 6.200000000000001066 ) ) ;
#11173 = CARTESIAN_POINT ( 'NONE',  ( 11.09999999999999964, 0.7500000000070001782, 2.899999999999999911 ) ) ;
#11174 = LINE ( 'NONE', #5773, #691 ) ;
#11175 = UNCERTAINTY_MEASURE_WITH_UNIT (LENGTH_MEASURE( 1.000000000000000082E-05 ), #7263, 'distance_accuracy_value', 'NONE');
#11176 = FILL_AREA_STYLE_COLOUR ( '', #6385 ) ;
#11177 = PRODUCT_DEFINITION ( 'UNKNOWN', '', #10364, #5483 ) ;
#11178 = EDGE_LOOP ( 'NONE', ( #8171, #5365, #1817, #5230, #3071, #8476 ) ) ;
#11179 = PRESENTATION_STYLE_ASSIGNMENT (( #1863 ) ) ;
#11180 = VERTEX_POINT ( 'NONE', #11384 ) ;
#11181 =( NAMED_UNIT ( * ) PLANE_ANGLE_UNIT ( ) SI_UNIT ( $, .RADIAN. ) );
#11182 =( NAMED_UNIT ( * ) SI_UNIT ( $, .STERADIAN. ) SOLID_ANGLE_UNIT ( ) );
#11183 = PRODUCT_DEFINITION_CONTEXT ( 'detailed design', #5135, 'design' ) ;
#11184 = SURFACE_STYLE_USAGE ( .BOTH. , #6404 ) ;
#11185 = PRESENTATION_STYLE_ASSIGNMENT (( #11243 ) ) ;
#11186 = FACE_OUTER_BOUND ( 'NONE', #9438, .T. ) ;
#11187 = CARTESIAN_POINT ( 'NONE',  ( 8.474999999999999645, 5.599999999999999645, 3.200000000000000178 ) ) ;
#11188 = UNCERTAINTY_MEASURE_WITH_UNIT (LENGTH_MEASURE( 1.000000000000000082E-05 ), #593, 'distance_accuracy_value', 'NONE');
#11189 = ADVANCED_FACE ( 'NONE', ( #5559 ), #9292, .F. ) ;
#11190 = VERTEX_POINT ( 'NONE', #8863 ) ;
#11191 = CARTESIAN_POINT ( 'NONE',  ( 11.09999999999999964, 4.750000000000000000, 0.8000000000000000444 ) ) ;
#11192 = UNCERTAINTY_MEASURE_WITH_UNIT (LENGTH_MEASURE( 1.000000000000000082E-05 ), #8132, 'distance_accuracy_value', 'NONE');
#11193 = PRESENTATION_STYLE_ASSIGNMENT (( #11258 ) ) ;
#11194 = MECHANICAL_DESIGN_GEOMETRIC_PRESENTATION_REPRESENTATION (  '', ( #8533 ), #4815 ) ;
#11195 = DIRECTION ( 'NONE',  ( 0.000000000000000000, 0.000000000000000000, -1.000000000000000000 ) ) ;
#11196 = COLOUR_RGB ( '',0.8196078431372548767, 0.8000000000000000444, 0.7529411764705882248 ) ;
#11197 = DIRECTION ( 'NONE',  ( -1.000000000000000000, -1.074409378669999991E-15, 0.000000000000000000 ) ) ;
#11198 = CARTESIAN_POINT ( 'NONE',  ( 0.000000000000000000, 0.000000000000000000, 2.600000000000000533 ) ) ;
#11199 = CYLINDRICAL_SURFACE ( 'NONE', #4076, 0.7499999999999997780 ) ;
#11200 = FILL_AREA_STYLE_COLOUR ( '', #3188 ) ;
#11201 = EDGE_CURVE ( 'NONE', #5645, #4917, #6967, .T. ) ;
#11202 = PRESENTATION_LAYER_ASSIGNMENT (  '', '', ( #7345 ) ) ;
#11203 = ORIENTED_EDGE ( 'NONE', *, *, #7885, .T. ) ;
#11204 = ORIENTED_EDGE ( 'NONE', *, *, #6642, .F. ) ;
#11205 = ORIENTED_EDGE ( 'NONE', *, *, #9851, .F. ) ;
#11206 = LINE ( 'NONE', #7596, #6087 ) ;
#11207 = SURFACE_SIDE_STYLE ('',( #168 ) ) ;
#11208 =( NAMED_UNIT ( * ) PLANE_ANGLE_UNIT ( ) SI_UNIT ( $, .RADIAN. ) );
#11209 = FACE_OUTER_BOUND ( 'NONE', #9180, .T. ) ;
#11210 = SURFACE_SIDE_STYLE ('',( #987 ) ) ;
#11211 = MECHANICAL_DESIGN_GEOMETRIC_PRESENTATION_REPRESENTATION (  '', ( #3856 ), #6770 ) ;
#11212 = CARTESIAN_POINT ( 'NONE',  ( -2.250000000000000000, 11.09999999999999964, 11.40000000000000036 ) ) ;
#11213 = COLOUR_RGB ( '',0.8196078431372548767, 0.8000000000000000444, 0.7529411764705882248 ) ;
#11214 = DIRECTION ( 'NONE',  ( 1.000000000000000000, -0.000000000000000000, 0.000000000000000000 ) ) ;
#11215 = EDGE_CURVE ( 'NONE', #3942, #6634, #4230, .T. ) ;
#11216 = ITEM_DEFINED_TRANSFORMATION ( 'NONE', 'NONE', #3079,  #3260 ) ;
#11217 = ORIENTED_EDGE ( 'NONE', *, *, #8741, .T. ) ;
#11218 = VERTEX_POINT ( 'NONE', #10600 ) ;
#11219 = FILL_AREA_STYLE_COLOUR ( '', #2178 ) ;
#11220 = VECTOR ( 'NONE', #11360, 1000.000000000000000 ) ;
#11221 = ORIENTED_EDGE ( 'NONE', *, *, #4933, .F. ) ;
#11222 = EDGE_CURVE ( 'NONE', #9651, #9113, #10656, .T. ) ;
#11223 = AXIS2_PLACEMENT_3D ( 'NONE', #8742, #5192, #2356 ) ;
#11224 = SURFACE_SIDE_STYLE ('',( #2969 ) ) ;
#11225 = CARTESIAN_POINT ( 'NONE',  ( 8.949999999999999289, 5.599999999999999645, 3.200000000000000178 ) ) ;
#11226 = AXIS2_PLACEMENT_3D ( 'NONE', #8530, #10287, #2860 ) ;
#11227 = FACE_OUTER_BOUND ( 'NONE', #581, .T. ) ;
#11228 = ADVANCED_FACE ( 'NONE', ( #11566 ), #7759, .T. ) ;
#11229 = CARTESIAN_POINT ( 'NONE',  ( -5.551115123125999639E-16, 11.09999999999999964, 7.150000000000000355 ) ) ;
#11230 = FACE_OUTER_BOUND ( 'NONE', #4689, .T. ) ;
#11231 = ADVANCED_FACE ( 'NONE', ( #8680 ), #2172, .T. ) ;
#11232 = AXIS2_PLACEMENT_3D ( 'NONE', #665, #1325, #3295 ) ;
#11233 = PRODUCT_DEFINITION_SHAPE ( 'NONE', 'NONE',  #11979 ) ;
#11234 = CIRCLE ( 'NONE', #6203, 0.5999999999999998668 ) ;
#11235 = ORIENTED_EDGE ( 'NONE', *, *, #8310, .F. ) ;
#11236 = EDGE_LOOP ( 'NONE', ( #2523, #4253, #300, #7377 ) ) ;
#11237 = LINE ( 'NONE', #8529, #9934 ) ;
#11238 = PLANE ( 'NONE',  #11226 ) ;
#11239 =( GEOMETRIC_REPRESENTATION_CONTEXT ( 3 ) GLOBAL_UNCERTAINTY_ASSIGNED_CONTEXT ( ( #7448 ) ) GLOBAL_UNIT_ASSIGNED_CONTEXT ( ( #2008, #983, #4672 ) ) REPRESENTATION_CONTEXT ( 'NONE', 'WORKASPACE' ) );
#11240 = VECTOR ( 'NONE', #2263, 1000.000000000000000 ) ;
#11241 = DIRECTION ( 'NONE',  ( 0.000000000000000000, 0.000000000000000000, -1.000000000000000000 ) ) ;
#11242 = MECHANICAL_DESIGN_GEOMETRIC_PRESENTATION_REPRESENTATION (  '', ( #8546 ), #8345 ) ;
#11243 = SURFACE_STYLE_USAGE ( .BOTH. , #9457 ) ;
#11244 = SURFACE_STYLE_USAGE ( .BOTH. , #4642 ) ;
#11245 = LINE ( 'NONE', #2744, #1229 ) ;
#11246 = PRODUCT_DEFINITION_SHAPE ( 'NONE', 'NONE',  #3999 ) ;
#11247 = SURFACE_STYLE_FILL_AREA ( #9280 ) ;
#11248 =( LENGTH_UNIT ( ) NAMED_UNIT ( * ) SI_UNIT ( .MILLI., .METRE. ) );
#11249 = EDGE_CURVE ( 'NONE', #9567, #10647, #3563, .T. ) ;
#11250 = ORIENTED_EDGE ( 'NONE', *, *, #8958, .T. ) ;
#11251 = STYLED_ITEM ( 'NONE', ( #11193 ), #2190 ) ;
#11252 = COLOUR_RGB ( '',0.8196078431372548767, 0.8000000000000000444, 0.7529411764705882248 ) ;
#11253 = CARTESIAN_POINT ( 'NONE',  ( -8.500000000000000000, 6.650000000000000355, -3.700000000000000178 ) ) ;
#11254 = COLOUR_RGB ( '',0.7019607843137254388, 0.7019607843137254388, 0.7019607843137254388 ) ;
#11255 = AXIS2_PLACEMENT_3D ( 'NONE', #11627, #4054, #5008 ) ;
#11256 = ADVANCED_FACE ( 'NONE', ( #8290 ), #9156, .T. ) ;
#11257 = CARTESIAN_POINT ( 'NONE',  ( -8.000000000000000000, -3.450000000000000178, 0.000000000000000000 ) ) ;
#11258 = SURFACE_STYLE_USAGE ( .BOTH. , #8245 ) ;
#11259 = VECTOR ( 'NONE', #5597, 1000.000000000000000 ) ;
#11260 = LINE ( 'NONE', #2943, #388 ) ;
#11261 = DIRECTION ( 'NONE',  ( 0.000000000000000000, 0.000000000000000000, 1.000000000000000000 ) ) ;
#11262 = CYLINDRICAL_SURFACE ( 'NONE', #685, 3.100000000000000533 ) ;
#11263 = MECHANICAL_DESIGN_GEOMETRIC_PRESENTATION_REPRESENTATION (  '', ( #7794 ), #11471 ) ;
#11264 = MECHANICAL_DESIGN_GEOMETRIC_PRESENTATION_REPRESENTATION (  '', ( #4492 ), #9354 ) ;
#11265 = SURFACE_STYLE_USAGE ( .BOTH. , #3758 ) ;
#11266 = SURFACE_STYLE_USAGE ( .BOTH. , #2826 ) ;
#11267 =( GEOMETRIC_REPRESENTATION_CONTEXT ( 3 ) GLOBAL_UNCERTAINTY_ASSIGNED_CONTEXT ( ( #11314 ) ) GLOBAL_UNIT_ASSIGNED_CONTEXT ( ( #6752, #6886, #2913 ) ) REPRESENTATION_CONTEXT ( 'NONE', 'WORKASPACE' ) );
#11268 = VECTOR ( 'NONE', #8600, 1000.000000000000000 ) ;
#11269 =( REPRESENTATION_RELATIONSHIP ('NONE','NONE', #2998, #9683 ) REPRESENTATION_RELATIONSHIP_WITH_TRANSFORMATION ( #4972 )SHAPE_REPRESENTATION_RELATIONSHIP( ) );
#11270 = PLANE ( 'NONE',  #4172 ) ;
#11271 = VERTEX_POINT ( 'NONE', #7140 ) ;
#11272 = CIRCLE ( 'NONE', #6039, 0.7499999999999997780 ) ;
#11273 = ORIENTED_EDGE ( 'NONE', *, *, #4263, .F. ) ;
#11274 = SURFACE_STYLE_USAGE ( .BOTH. , #8694 ) ;
#11275 = EDGE_CURVE ( 'NONE', #6728, #3728, #10785, .T. ) ;
#11276 =( NAMED_UNIT ( * ) SI_UNIT ( $, .STERADIAN. ) SOLID_ANGLE_UNIT ( ) );
#11277 = FILL_AREA_STYLE_COLOUR ( '', #8691 ) ;
#11278 = DIRECTION ( 'NONE',  ( 0.000000000000000000, 0.000000000000000000, 1.000000000000000000 ) ) ;
#11279 =( NAMED_UNIT ( * ) SI_UNIT ( $, .STERADIAN. ) SOLID_ANGLE_UNIT ( ) );
#11280 =( NAMED_UNIT ( * ) PLANE_ANGLE_UNIT ( ) SI_UNIT ( $, .RADIAN. ) );
#11281 = SURFACE_STYLE_FILL_AREA ( #4615 ) ;
#11282 =( NAMED_UNIT ( * ) PLANE_ANGLE_UNIT ( ) SI_UNIT ( $, .RADIAN. ) );
#11283 = DIRECTION ( 'NONE',  ( 1.000000000000000000, 5.059610138265688673E-15, 0.000000000000000000 ) ) ;
#11284 =( GEOMETRIC_REPRESENTATION_CONTEXT ( 3 ) GLOBAL_UNCERTAINTY_ASSIGNED_CONTEXT ( ( #2093 ) ) GLOBAL_UNIT_ASSIGNED_CONTEXT ( ( #3184, #8810, #1465 ) ) REPRESENTATION_CONTEXT ( 'NONE', 'WORKASPACE' ) );
#11285 = PRESENTATION_LAYER_ASSIGNMENT (  '', '', ( #4510 ) ) ;
#11286 = ORIENTED_EDGE ( 'NONE', *, *, #567, .T. ) ;
#11287 = ORIENTED_EDGE ( 'NONE', *, *, #11499, .T. ) ;
#11288 = LINE ( 'NONE', #419, #5261 ) ;
#11289 = ORIENTED_EDGE ( 'NONE', *, *, #281, .F. ) ;
#11290 = MECHANICAL_DESIGN_GEOMETRIC_PRESENTATION_REPRESENTATION (  '', ( #9940 ), #4716 ) ;
#11291 = FILL_AREA_STYLE ('',( #10516 ) ) ;
#11292 = FILL_AREA_STYLE ('',( #1909 ) ) ;
#11293 = SURFACE_SIDE_STYLE ('',( #6512 ) ) ;
#11294 = CARTESIAN_POINT ( 'NONE',  ( 8.000000000000000000, -4.750000000000000000, 1.000000000000000000 ) ) ;
#11295 = UNCERTAINTY_MEASURE_WITH_UNIT (LENGTH_MEASURE( 1.000000000000000082E-05 ), #3178, 'distance_accuracy_value', 'NONE');
#11296 =( LENGTH_UNIT ( ) NAMED_UNIT ( * ) SI_UNIT ( .MILLI., .METRE. ) );
#11297 =( BOUNDED_SURFACE ( )  B_SPLINE_SURFACE ( 3, 3, ( 
 ( #8314, #4495, #10064, #4671 ),
 ( #8194, #2766, #10915, #1889 ),
 ( #5570, #9302, #106, #936 ),
 ( #10853, #3588, #4558, #10972 ) ),
 .UNSPECIFIED., .F., .F., .F. ) 
 B_SPLINE_SURFACE_WITH_KNOTS ( ( 4, 4 ),
 ( 4, 4 ),
 ( 0.000000000000000000, 1.000000000000000000 ),
 ( 0.000000000000000000, 1.000000000000000000 ),
 .UNSPECIFIED. ) 
 GEOMETRIC_REPRESENTATION_ITEM ( )  RATIONAL_B_SPLINE_SURFACE ( (
 ( 1.000000000000000000, 0.3333333333333330928, 0.3333333333333330928, 1.000000000000000000),
 ( 0.9245018060306376961, 0.3081672686768789915, 0.3081672686768789915, 0.9245018060306376961),
 ( 0.9245018060306376961, 0.3081672686768789915, 0.3081672686768789915, 0.9245018060306376961),
 ( 1.000000000000000000, 0.3333333333333330928, 0.3333333333333330928, 1.000000000000000000) ) ) 
 REPRESENTATION_ITEM ( '' )  SURFACE ( )  );
#11298 =( NAMED_UNIT ( * ) SI_UNIT ( $, .STERADIAN. ) SOLID_ANGLE_UNIT ( ) );
#11299 = AXIS2_PLACEMENT_3D ( 'NONE', #9573, #4995, #7869 ) ;
#11300 = EDGE_CURVE ( 'NONE', #6532, #9084, #2469, .T. ) ;
#11301 = MECHANICAL_DESIGN_GEOMETRIC_PRESENTATION_REPRESENTATION (  '', ( #6871 ), #7831 ) ;
#11302 = ORIENTED_EDGE ( 'NONE', *, *, #4204, .F. ) ;
#11303 = CARTESIAN_POINT ( 'NONE',  ( -6.733885715623248558, 3.324776774611159169, 5.000000000000000888 ) ) ;
#11304 = ORIENTED_EDGE ( 'NONE', *, *, #5409, .F. ) ;
#11305 = LINE ( 'NONE', #11367, #5471 ) ;
#11306 = PRODUCT_DEFINITION_CONTEXT ( 'detailed design', #4290, 'design' ) ;
#11307 = CIRCLE ( 'NONE', #5109, 3.100000000000000533 ) ;
#11308 = DIRECTION ( 'NONE',  ( 0.000000000000000000, -0.000000000000000000, 1.000000000000000000 ) ) ;
#11309 = FILL_AREA_STYLE_COLOUR ( '', #10583 ) ;
#11310 =( NAMED_UNIT ( * ) PLANE_ANGLE_UNIT ( ) SI_UNIT ( $, .RADIAN. ) );
#11311 =( NAMED_UNIT ( * ) SI_UNIT ( $, .STERADIAN. ) SOLID_ANGLE_UNIT ( ) );
#11312 = LINE ( 'NONE', #2989, #1414 ) ;
#11313 = LINE ( 'NONE', #8537, #4660 ) ;
#11314 = UNCERTAINTY_MEASURE_WITH_UNIT (LENGTH_MEASURE( 1.000000000000000082E-05 ), #6752, 'distance_accuracy_value', 'NONE');
#11315 = CYLINDRICAL_SURFACE ( 'NONE', #9882, 0.7499999999999997780 ) ;
#11316 = VERTEX_POINT ( 'NONE', #1691 ) ;
#11317 = AXIS2_PLACEMENT_3D ( 'NONE', #5170, #1500, #2448 ) ;
#11318 = LINE ( 'NONE', #329, #5512 ) ;
#11319 = AXIS2_PLACEMENT_3D ( 'NONE', #289, #221, #4840 ) ;
#11320 = UNCERTAINTY_MEASURE_WITH_UNIT (LENGTH_MEASURE( 1.000000000000000082E-05 ), #7274, 'distance_accuracy_value', 'NONE');
#11321 = CARTESIAN_POINT ( 'NONE',  ( 0.5749999999999999556, 0.7750000000000001332, 5.000000000000000000 ) ) ;
#11322 =( NAMED_UNIT ( * ) PLANE_ANGLE_UNIT ( ) SI_UNIT ( $, .RADIAN. ) );
#11323 = VECTOR ( 'NONE', #5617, 1000.000000000000000 ) ;
#11324 = DIRECTION ( 'NONE',  ( -0.000000000000000000, 1.000000000000000000, 0.000000000000000000 ) ) ;
#11325 =( LENGTH_UNIT ( ) NAMED_UNIT ( * ) SI_UNIT ( .MILLI., .METRE. ) );
#11326 = CARTESIAN_POINT ( 'NONE',  ( 6.799999999999999822, -6.799999999999999822, 11.00000000000000000 ) ) ;
#11327 = CARTESIAN_POINT ( 'NONE',  ( -7.492820323027550522, -7.492820323027550522, 11.69282032302755070 ) ) ;
#11328 = COLOUR_RGB ( '',0.7019607843137254388, 0.7019607843137254388, 0.7019607843137254388 ) ;
#11329 = SURFACE_SIDE_STYLE ('',( #3867 ) ) ;
#11330 = PRESENTATION_STYLE_ASSIGNMENT (( #2180 ) ) ;
#11331 = ADVANCED_FACE ( 'NONE', ( #7260 ), #1746, .T. ) ;
#11332 = MECHANICAL_DESIGN_GEOMETRIC_PRESENTATION_REPRESENTATION (  '', ( #11534 ), #714 ) ;
#11333 = APPLICATION_CONTEXT ( 'automotive_design' ) ;
#11334 = ORIENTED_EDGE ( 'NONE', *, *, #4378, .T. ) ;
#11335 = ORIENTED_EDGE ( 'NONE', *, *, #6746, .F. ) ;
#11336 = FILL_AREA_STYLE_COLOUR ( '', #11122 ) ;
#11337 = DIRECTION ( 'NONE',  ( 1.000000000000000000, 0.000000000000000000, 0.000000000000000000 ) ) ;
#11338 = FACE_OUTER_BOUND ( 'NONE', #5920, .T. ) ;
#11339 = SURFACE_STYLE_USAGE ( .BOTH. , #9366 ) ;
#11340 =( LENGTH_UNIT ( ) NAMED_UNIT ( * ) SI_UNIT ( .MILLI., .METRE. ) );
#11341 = LINE ( 'NONE', #3014, #5857 ) ;
#11342 = VECTOR ( 'NONE', #2743, 1000.000000000000000 ) ;
#11344 = DIRECTION ( 'NONE',  ( 1.000000000000000000, 0.000000000000000000, 0.000000000000000000 ) ) ;
#11343 = STYLED_ITEM ( 'NONE', ( #683 ), #5144 ) ;
#11345 = PRODUCT_DEFINITION_SHAPE ( 'NONE', 'NONE',  #11983 ) ;
#11346 = CARTESIAN_POINT ( 'NONE',  ( -0.7500000000069999562, 11.09999999999999964, 2.899999999999999911 ) ) ;
#11347 = ADVANCED_FACE ( 'NONE', ( #1138 ), #1189, .F. ) ;
#11348 = FACE_OUTER_BOUND ( 'NONE', #10382, .T. ) ;
#11349 = EDGE_CURVE ( 'NONE', #9554, #1807, #2806, .T. ) ;
#11350 = PRODUCT_CONTEXT ( 'NONE', #1358, 'mechanical' ) ;
#11351 = ORIENTED_EDGE ( 'NONE', *, *, #948, .F. ) ;
#11352 = VERTEX_POINT ( 'NONE', #5118 ) ;
#11353 = VECTOR ( 'NONE', #4970, 1000.000000000000000 ) ;
#11354 = ORIENTED_EDGE ( 'NONE', *, *, #3107, .T. ) ;
#11355 = DIRECTION ( 'NONE',  ( -1.000000000000000000, 0.000000000000000000, 0.000000000000000000 ) ) ;
#11356 = PRESENTATION_STYLE_ASSIGNMENT (( #10331 ) ) ;
#11357 = DIRECTION ( 'NONE',  ( -1.168655815394999918E-15, 1.000000000000000000, -0.000000000000000000 ) ) ;
#11358 = SURFACE_STYLE_USAGE ( .BOTH. , #9674 ) ;
#11359 = AXIS2_PLACEMENT_3D ( 'NONE', #2433, #3332, #5206 ) ;
#11360 = DIRECTION ( 'NONE',  ( 0.000000000000000000, -1.000000000000000000, -0.000000000000000000 ) ) ;
#11361 = DIRECTION ( 'NONE',  ( 1.000000000000000000, 0.000000000000000000, 0.000000000000000000 ) ) ;
#11362 = EDGE_LOOP ( 'NONE', ( #11714, #7989, #11605, #6863, #6975, #5551, #9622, #472 ) ) ;
#11363 = CARTESIAN_POINT ( 'NONE',  ( -7.493997598078079747, 0.2475031639950667495, 5.000000000000001776 ) ) ;
#11364 = AXIS2_PLACEMENT_3D ( 'NONE', #5882, #1356, #4083 ) ;
#11365 = ORIENTED_EDGE ( 'NONE', *, *, #4610, .F. ) ;
#11366 = AXIS2_PLACEMENT_3D ( 'NONE', #7335, #5382, #11078 ) ;
#11367 = CARTESIAN_POINT ( 'NONE',  ( 11.09999999999999964, 0.7500000000009998669, 0.8000000000000000444 ) ) ;
#11368 = CARTESIAN_POINT ( 'NONE',  ( -8.000000000000000000, -7.500000000000000000, 2.600000000000000533 ) ) ;
#11369 = SURFACE_SIDE_STYLE ('',( #492 ) ) ;
#11370 = DIRECTION ( 'NONE',  ( 1.000000000000000000, 0.000000000000000000, 0.000000000000000000 ) ) ;
#11371 =( LENGTH_UNIT ( ) NAMED_UNIT ( * ) SI_UNIT ( .MILLI., .METRE. ) );
#11372 =( NAMED_UNIT ( * ) PLANE_ANGLE_UNIT ( ) SI_UNIT ( $, .RADIAN. ) );
#11373 = PRESENTATION_STYLE_ASSIGNMENT (( #8353 ) ) ;
#11374 = LINE ( 'NONE', #4770, #10470 ) ;
#11375 =( GEOMETRIC_REPRESENTATION_CONTEXT ( 3 ) GLOBAL_UNCERTAINTY_ASSIGNED_CONTEXT ( ( #909 ) ) GLOBAL_UNIT_ASSIGNED_CONTEXT ( ( #7894, #1529, #5982 ) ) REPRESENTATION_CONTEXT ( 'NONE', 'WORKASPACE' ) );
#11376 = ORIENTED_EDGE ( 'NONE', *, *, #2236, .F. ) ;
#11377 = VECTOR ( 'NONE', #7259, 1000.000000000000000 ) ;
#11378 = MANIFOLD_SOLID_BREP ( 'Imported1', #11513 ) ;
#11379 = SURFACE_STYLE_FILL_AREA ( #10594 ) ;
#11380 = FACE_OUTER_BOUND ( 'NONE', #5960, .T. ) ;
#11381 = EDGE_CURVE ( 'NONE', #10211, #5802, #3047, .T. ) ;
#11382 =( NAMED_UNIT ( * ) PLANE_ANGLE_UNIT ( ) SI_UNIT ( $, .RADIAN. ) );
#11383 = CARTESIAN_POINT ( 'NONE',  ( -3.450000000000000178, -13.15000000000000036, 0.000000000000000000 ) ) ;
#11384 = CARTESIAN_POINT ( 'NONE',  ( 8.000000000000000000, -8.000000000000000000, 2.600000000000000533 ) ) ;
#11385 = FILL_AREA_STYLE ('',( #11079 ) ) ;
#11386 = EDGE_CURVE ( 'NONE', #8783, #287, #11429, .T. ) ;
#11387 = LINE ( 'NONE', #7764, #480 ) ;
#11388 = FACE_OUTER_BOUND ( 'NONE', #4618, .T. ) ;
#11389 = EDGE_LOOP ( 'NONE', ( #1711, #7050, #4704, #198 ) ) ;
#11390 = VERTEX_POINT ( 'NONE', #10462 ) ;
#11391 = VECTOR ( 'NONE', #4722, 1000.000000000000000 ) ;
#11392 = DIRECTION ( 'NONE',  ( -1.000000000000000000, -0.000000000000000000, 0.000000000000000000 ) ) ;
#11393 = CARTESIAN_POINT ( 'NONE',  ( 2.250000000000000444, 11.09999999999999964, 9.400000000000000355 ) ) ;
#11394 = PRODUCT_DEFINITION ( 'UNKNOWN', '', #6485, #2686 ) ;
#11395 = PRESENTATION_STYLE_ASSIGNMENT (( #10426 ) ) ;
#11396 = DIRECTION ( 'NONE',  ( -0.000000000000000000, 1.000000000000000000, 0.000000000000000000 ) ) ;
#11397 = CARTESIAN_POINT ( 'NONE',  ( -2.500000000000000000, 9.750000000000000000, -3.700000000000000178 ) ) ;
#11398 =( NAMED_UNIT ( * ) PLANE_ANGLE_UNIT ( ) SI_UNIT ( $, .RADIAN. ) );
#11399 = CARTESIAN_POINT ( 'NONE',  ( 2.250000000000000444, 11.09999999999999964, 11.90000000000000036 ) ) ;
#11400 = MECHANICAL_DESIGN_GEOMETRIC_PRESENTATION_REPRESENTATION (  '', ( #7345 ), #7738 ) ;
#11401 = STYLED_ITEM ( 'NONE', ( #1448 ), #11407 ) ;
#11402 = CONTEXT_DEPENDENT_SHAPE_REPRESENTATION ( #3609, #3880 ) ;
#11403 = ORIENTED_EDGE ( 'NONE', *, *, #10082, .T. ) ;
#11404 = ORIENTED_EDGE ( 'NONE', *, *, #1041, .F. ) ;
#11405 = ORIENTED_EDGE ( 'NONE', *, *, #794, .T. ) ;
#11406 =( NAMED_UNIT ( * ) SI_UNIT ( $, .STERADIAN. ) SOLID_ANGLE_UNIT ( ) );
#11407 = ADVANCED_FACE ( 'NONE', ( #10587 ), #8666, .T. ) ;
#11408 =( LENGTH_UNIT ( ) NAMED_UNIT ( * ) SI_UNIT ( .MILLI., .METRE. ) );
#11409 = AXIS2_PLACEMENT_3D ( 'NONE', #5515, #5630, #4497 ) ;
#11410 = PRESENTATION_STYLE_ASSIGNMENT (( #7729 ) ) ;
#11411 = PLANE ( 'NONE',  #3377 ) ;
#11412 =( NAMED_UNIT ( * ) SI_UNIT ( $, .STERADIAN. ) SOLID_ANGLE_UNIT ( ) );
#11413 = UNCERTAINTY_MEASURE_WITH_UNIT (LENGTH_MEASURE( 1.000000000000000082E-05 ), #743, 'distance_accuracy_value', 'NONE');
#11414 = LINE ( 'NONE', #6077, #11220 ) ;
#11415 = CARTESIAN_POINT ( 'NONE',  ( 8.949999999999999289, 5.599999999999999645, 3.200000000000000178 ) ) ;
#11416 = DIRECTION ( 'NONE',  ( 0.000000000000000000, 0.000000000000000000, 1.000000000000000000 ) ) ;
#11417 = AXIS2_PLACEMENT_3D ( 'NONE', #431, #10521, #7970 ) ;
#11418 =( GEOMETRIC_REPRESENTATION_CONTEXT ( 3 ) GLOBAL_UNCERTAINTY_ASSIGNED_CONTEXT ( ( #4775 ) ) GLOBAL_UNIT_ASSIGNED_CONTEXT ( ( #3276, #10629, #3220 ) ) REPRESENTATION_CONTEXT ( 'NONE', 'WORKASPACE' ) );
#11419 = ORIENTED_EDGE ( 'NONE', *, *, #6011, .F. ) ;
#11420 = LINE ( 'NONE', #2278, #2906 ) ;
#11421 =( GEOMETRIC_REPRESENTATION_CONTEXT ( 3 ) GLOBAL_UNCERTAINTY_ASSIGNED_CONTEXT ( ( #10717 ) ) GLOBAL_UNIT_ASSIGNED_CONTEXT ( ( #6042, #3185, #399 ) ) REPRESENTATION_CONTEXT ( 'NONE', 'WORKASPACE' ) );
#11422 = ORIENTED_EDGE ( 'NONE', *, *, #8272, .F. ) ;
#11423 = SURFACE_STYLE_USAGE ( .BOTH. , #11489 ) ;
#11424 = LINE ( 'NONE', #3849, #7761 ) ;
#11425 = UNCERTAINTY_MEASURE_WITH_UNIT (LENGTH_MEASURE( 1.000000000000000082E-05 ), #5418, 'distance_accuracy_value', 'NONE');
#11426 = CARTESIAN_POINT ( 'NONE',  ( 11.09999999999999964, 5.551115123125999639E-16, 7.150000000000000355 ) ) ;
#11427 = EDGE_CURVE ( 'NONE', #9284, #2277, #1347, .T. ) ;
#11428 = CARTESIAN_POINT ( 'NONE',  ( -5.551115123125999639E-16, 10.59999999999999964, 7.150000000000000355 ) ) ;
#11429 = LINE ( 'NONE', #6899, #2109 ) ;
#11430 = SURFACE_SIDE_STYLE ('',( #7747 ) ) ;
#11431 = CARTESIAN_POINT ( 'NONE',  ( 11.09999999999999964, 0.7500000000069999562, 2.899999999999999911 ) ) ;
#11432 = AXIS2_PLACEMENT_3D ( 'NONE', #11840, #3458, #2611 ) ;
#11433 = EDGE_LOOP ( 'NONE', ( #6122, #8869 ) ) ;
#11434 = ORIENTED_EDGE ( 'NONE', *, *, #7681, .F. ) ;
#11435 = MANIFOLD_SOLID_BREP ( 'Imported1', #1075 ) ;
#11436 = VECTOR ( 'NONE', #7515, 1000.000000000000000 ) ;
#11437 = STYLED_ITEM ( 'NONE', ( #3139 ), #10036 ) ;
#11438 = UNCERTAINTY_MEASURE_WITH_UNIT (LENGTH_MEASURE( 1.000000000000000082E-05 ), #3773, 'distance_accuracy_value', 'NONE');
#11439 = SURFACE_STYLE_FILL_AREA ( #11688 ) ;
#11440 = SURFACE_STYLE_USAGE ( .BOTH. , #7756 ) ;
#11441 =( NAMED_UNIT ( * ) PLANE_ANGLE_UNIT ( ) SI_UNIT ( $, .RADIAN. ) );
#11442 = FILL_AREA_STYLE_COLOUR ( '', #11196 ) ;
#11443 = SURFACE_STYLE_FILL_AREA ( #11385 ) ;
#11444 = FACE_OUTER_BOUND ( 'NONE', #7281, .T. ) ;
#11445 = UNCERTAINTY_MEASURE_WITH_UNIT (LENGTH_MEASURE( 1.000000000000000082E-05 ), #5603, 'distance_accuracy_value', 'NONE');
#11446 =( LENGTH_UNIT ( ) NAMED_UNIT ( * ) SI_UNIT ( .MILLI., .METRE. ) );
#11447 = CARTESIAN_POINT ( 'NONE',  ( -8.699999999999999289, 5.599999999999999645, 6.000000000000000000 ) ) ;
#11448 = COLOUR_RGB ( '',0.8196078431372548767, 0.8000000000000000444, 0.7529411764705882248 ) ;
#11449 = CARTESIAN_POINT ( 'NONE',  ( 4.700000000000000178, -13.15000000000000036, 2.600000000000000533 ) ) ;
#11450 = DIRECTION ( 'NONE',  ( 1.000000000000000000, 0.000000000000000000, -0.000000000000000000 ) ) ;
#11451 = COLOUR_RGB ( '',0.09803921568627450844, 0.09803921568627450844, 0.09803921568627450844 ) ;
#11452 = VECTOR ( 'NONE', #10880, 1000.000000000000000 ) ;
#11453 = AXIS2_PLACEMENT_3D ( 'NONE', #7917, #3283, #6140 ) ;
#11454 = MECHANICAL_DESIGN_GEOMETRIC_PRESENTATION_REPRESENTATION (  '', ( #10683 ), #3317 ) ;
#11455 = UNCERTAINTY_MEASURE_WITH_UNIT (LENGTH_MEASURE( 1.000000000000000082E-05 ), #6071, 'distance_accuracy_value', 'NONE');
#11456 = EDGE_LOOP ( 'NONE', ( #8781, #5952, #9196, #4138 ) ) ;
#11457 = EDGE_CURVE ( 'NONE', #1738, #1952, #6839, .T. ) ;
#11458 = ORIENTED_EDGE ( 'NONE', *, *, #9474, .F. ) ;
#11459 =( GEOMETRIC_REPRESENTATION_CONTEXT ( 3 ) GLOBAL_UNCERTAINTY_ASSIGNED_CONTEXT ( ( #8791 ) ) GLOBAL_UNIT_ASSIGNED_CONTEXT ( ( #10794, #687, #7149 ) ) REPRESENTATION_CONTEXT ( 'NONE', 'WORKASPACE' ) );
#11460 =( LENGTH_UNIT ( ) NAMED_UNIT ( * ) SI_UNIT ( .MILLI., .METRE. ) );
#11461 = MANIFOLD_SOLID_BREP ( 'Imported1', #4156 ) ;
#11462 = PRESENTATION_STYLE_ASSIGNMENT (( #2305 ) ) ;
#11463 = PRESENTATION_LAYER_ASSIGNMENT (  '', '', ( #69 ) ) ;
#11464 = SURFACE_STYLE_FILL_AREA ( #10736 ) ;
#11465 = SURFACE_STYLE_FILL_AREA ( #409 ) ;
#11466 = FACE_OUTER_BOUND ( 'NONE', #8111, .T. ) ;
#11467 = PRESENTATION_STYLE_ASSIGNMENT (( #3201 ) ) ;
#11468 = PRESENTATION_LAYER_ASSIGNMENT (  '', '', ( #3123 ) ) ;
#11469 = CARTESIAN_POINT ( 'NONE',  ( 3.000000000000000000, -13.44999999999999929, 4.200000000000000178 ) ) ;
#11470 = CONTEXT_DEPENDENT_SHAPE_REPRESENTATION ( #9277, #896 ) ;
#11471 =( GEOMETRIC_REPRESENTATION_CONTEXT ( 3 ) GLOBAL_UNCERTAINTY_ASSIGNED_CONTEXT ( ( #11808 ) ) GLOBAL_UNIT_ASSIGNED_CONTEXT ( ( #10598, #4170, #10781 ) ) REPRESENTATION_CONTEXT ( 'NONE', 'WORKASPACE' ) );
#11472 = VERTEX_POINT ( 'NONE', #1262 ) ;
#11473 = MECHANICAL_DESIGN_GEOMETRIC_PRESENTATION_REPRESENTATION (  '', ( #9172 ), #1038 ) ;
#11474 = ORIENTED_EDGE ( 'NONE', *, *, #9869, .T. ) ;
#11475 = SURFACE_SIDE_STYLE ('',( #7783 ) ) ;
#11476 = EDGE_LOOP ( 'NONE', ( #7237, #4975, #9590, #1424 ) ) ;
#11477 = EDGE_CURVE ( 'NONE', #8013, #5767, #1881, .T. ) ;
#11478 = CARTESIAN_POINT ( 'NONE',  ( -0.4249999999999882205, -0.9250000000000003775, 12.13059553467979157 ) ) ;
#11479 = FACE_OUTER_BOUND ( 'NONE', #5124, .T. ) ;
#11480 = SURFACE_STYLE_USAGE ( .BOTH. , #6884 ) ;
#11481 =( NAMED_UNIT ( * ) PLANE_ANGLE_UNIT ( ) SI_UNIT ( $, .RADIAN. ) );
#11482 = AXIS2_PLACEMENT_3D ( 'NONE', #6583, #9279, #3853 ) ;
#11483 = MANIFOLD_SOLID_BREP ( 'Imported1', #6489 ) ;
#11484 =( NAMED_UNIT ( * ) SI_UNIT ( $, .STERADIAN. ) SOLID_ANGLE_UNIT ( ) );
#11485 = EDGE_CURVE ( 'NONE', #10633, #1769, #10824, .T. ) ;
#11486 =( GEOMETRIC_REPRESENTATION_CONTEXT ( 3 ) GLOBAL_UNCERTAINTY_ASSIGNED_CONTEXT ( ( #7072 ) ) GLOBAL_UNIT_ASSIGNED_CONTEXT ( ( #5989, #1158, #10430 ) ) REPRESENTATION_CONTEXT ( 'NONE', 'WORKASPACE' ) );
#11487 = ORIENTED_EDGE ( 'NONE', *, *, #1431, .T. ) ;
#11488 = ORIENTED_EDGE ( 'NONE', *, *, #3891, .T. ) ;
#11489 = SURFACE_SIDE_STYLE ('',( #4098 ) ) ;
#11490 = FILL_AREA_STYLE_COLOUR ( '', #9977 ) ;
#11491 = LINE ( 'NONE', #5957, #2259 ) ;
#11492 = SURFACE_STYLE_USAGE ( .BOTH. , #7808 ) ;
#11493 = SURFACE_SIDE_STYLE ('',( #1509 ) ) ;
#11494 = VECTOR ( 'NONE', #6551, 1000.000000000000000 ) ;
#11495 = DIRECTION ( 'NONE',  ( 0.000000000000000000, -0.000000000000000000, -1.000000000000000000 ) ) ;
#11496 = ORIENTED_EDGE ( 'NONE', *, *, #1718, .T. ) ;
#11497 = COLOUR_RGB ( '',0.9137254901960784048, 0.5137254901960783826, 0.1372549019607843257 ) ;
#11498 = ADVANCED_FACE ( 'NONE', ( #7872 ), #9208, .F. ) ;
#11499 = EDGE_CURVE ( 'NONE', #9943, #9574, #6178, .T. ) ;
#11500 = EDGE_CURVE ( 'NONE', #1352, #4018, #3427, .T. ) ;
#11501 = CARTESIAN_POINT ( 'NONE',  ( 7.500000000000000000, -7.500000000000000000, 11.70000000000000107 ) ) ;
#11502 =( REPRESENTATION_RELATIONSHIP ('NONE','NONE', #2998, #8114 ) REPRESENTATION_RELATIONSHIP_WITH_TRANSFORMATION ( #11216 )SHAPE_REPRESENTATION_RELATIONSHIP( ) );
#11503 = VECTOR ( 'NONE', #7181, 1000.000000000000000 ) ;
#11504 = SURFACE_STYLE_USAGE ( .BOTH. , #9802 ) ;
#11505 = CARTESIAN_POINT ( 'NONE',  ( 5.599999999999999645, -8.949999999999999289, 0.000000000000000000 ) ) ;
#11506 = CARTESIAN_POINT ( 'NONE',  ( -4.750000000000000000, 8.000000000000000000, 3.200000000000000178 ) ) ;
#11507 = DIRECTION ( 'NONE',  ( -0.000000000000000000, -0.000000000000000000, -1.000000000000000000 ) ) ;
#11508 = SURFACE_STYLE_FILL_AREA ( #5855 ) ;
#11509 = DIRECTION ( 'NONE',  ( 1.000000000000000000, 0.000000000000000000, -0.000000000000000000 ) ) ;
#11510 = FILL_AREA_STYLE_COLOUR ( '', #1404 ) ;
#11511 = CARTESIAN_POINT ( 'NONE',  ( -3.000000000000000444, -8.000000000000000000, 2.600000000000000533 ) ) ;
#11512 =( GEOMETRIC_REPRESENTATION_CONTEXT ( 3 ) GLOBAL_UNCERTAINTY_ASSIGNED_CONTEXT ( ( #7433 ) ) GLOBAL_UNIT_ASSIGNED_CONTEXT ( ( #4628, #2205, #11412 ) ) REPRESENTATION_CONTEXT ( 'NONE', 'WORKASPACE' ) );
#11513 = CLOSED_SHELL ( 'NONE', ( #9949, #7428, #9248, #4789, #11189, #1133, #5312, #732, #8231, #2522, #11347, #8158, #6845, #7202, #6990, #10247, #2107, #6925, #10506, #4708, #4846, #10954, #10729, #7990, #1975, #6938, #9517, #8995, #1268, #2657, #10720, #6350 ) ) ;
#11514 = ORIENTED_EDGE ( 'NONE', *, *, #5546, .F. ) ;
#11515 = VERTEX_POINT ( 'NONE', #4394 ) ;
#11516 = VECTOR ( 'NONE', #10186, 1000.000000000000000 ) ;
#11517 = PRESENTATION_STYLE_ASSIGNMENT (( #5980 ) ) ;
#11518 = MANIFOLD_SOLID_BREP ( 'Imported1', #1843 ) ;
#11519 =( NAMED_UNIT ( * ) SI_UNIT ( $, .STERADIAN. ) SOLID_ANGLE_UNIT ( ) );
#11520 = CARTESIAN_POINT ( 'NONE',  ( 2.500000000000000000, 9.750000000000000000, 0.8000000000000000444 ) ) ;
#11521 = DIRECTION ( 'NONE',  ( -0.000000000000000000, -0.000000000000000000, -1.000000000000000000 ) ) ;
#11522 = CARTESIAN_POINT ( 'NONE',  ( -3.007906248537254523, 10.59999999999999964, 7.900000000007030287 ) ) ;
#11523 =( NAMED_UNIT ( * ) SI_UNIT ( $, .STERADIAN. ) SOLID_ANGLE_UNIT ( ) );
#11524 = PRESENTATION_STYLE_ASSIGNMENT (( #9596 ) ) ;
#11525 = CARTESIAN_POINT ( 'NONE',  ( -8.803209579783269234, 5.697904729783564548, 11.28913867457981191 ) ) ;
#11526 =( LENGTH_UNIT ( ) NAMED_UNIT ( * ) SI_UNIT ( .MILLI., .METRE. ) );
#11527 = FILL_AREA_STYLE ('',( #9662 ) ) ;
#11528 = ORIENTED_EDGE ( 'NONE', *, *, #5713, .T. ) ;
#11529 = ORIENTED_EDGE ( 'NONE', *, *, #1647, .F. ) ;
#11530 = ORIENTED_EDGE ( 'NONE', *, *, #7346, .F. ) ;
#11531 = ORIENTED_EDGE ( 'NONE', *, *, #10700, .T. ) ;
#11532 = CIRCLE ( 'NONE', #6300, 1.200000000000000400 ) ;
#11533 = DIRECTION ( 'NONE',  ( -0.000000000000000000, -0.000000000000000000, -1.000000000000000000 ) ) ;
#11534 = STYLED_ITEM ( 'NONE', ( #10606 ), #4889 ) ;
#11535 = CARTESIAN_POINT ( 'NONE',  ( 8.000000000000000000, -5.600000000000000533, 3.200000000000000178 ) ) ;
#11536 = PLANE ( 'NONE',  #1421 ) ;
#11537 = DIRECTION ( 'NONE',  ( 0.000000000000000000, 0.000000000000000000, 1.000000000000000000 ) ) ;
#11538 = EDGE_CURVE ( 'NONE', #1864, #10563, #893, .T. ) ;
#11539 = DIRECTION ( 'NONE',  ( 0.000000000000000000, 0.000000000000000000, 1.000000000000000000 ) ) ;
#11540 = MANIFOLD_SOLID_BREP ( 'Imported1', #8832 ) ;
#11541 = UNCERTAINTY_MEASURE_WITH_UNIT (LENGTH_MEASURE( 1.000000000000000082E-05 ), #5701, 'distance_accuracy_value', 'NONE');
#11542 = CARTESIAN_POINT ( 'NONE',  ( -6.799999999999999822, -8.000000000000000000, 2.600000000000000533 ) ) ;
#11543 = CIRCLE ( 'NONE', #1292, 0.5000000000000000000 ) ;
#11544 = VERTEX_POINT ( 'NONE', #6695 ) ;
#11545 = DIRECTION ( 'NONE',  ( -1.000000000000000000, 0.000000000000000000, 0.000000000000000000 ) ) ;
#11546 = ORIENTED_EDGE ( 'NONE', *, *, #7470, .F. ) ;
#11547 = FACE_OUTER_BOUND ( 'NONE', #9420, .T. ) ;
#11548 = PLANE ( 'NONE',  #956 ) ;
#11549 = AXIS2_PLACEMENT_3D ( 'NONE', #6649, #9333, #1028 ) ;
#11550 =( GEOMETRIC_REPRESENTATION_CONTEXT ( 3 ) GLOBAL_UNCERTAINTY_ASSIGNED_CONTEXT ( ( #9613 ) ) GLOBAL_UNIT_ASSIGNED_CONTEXT ( ( #4330, #9190, #9953 ) ) REPRESENTATION_CONTEXT ( 'NONE', 'WORKASPACE' ) );
#11551 = PRODUCT_DEFINITION ( 'UNKNOWN', '', #9591, #4525 ) ;
#11552 = FILL_AREA_STYLE ('',( #2287 ) ) ;
#11553 = LINE ( 'NONE', #11431, #9760 ) ;
#11554 =( LENGTH_UNIT ( ) NAMED_UNIT ( * ) SI_UNIT ( .MILLI., .METRE. ) );
#11555 = EDGE_LOOP ( 'NONE', ( #537, #7409, #11658, #666, #4819 ) ) ;
#11556 = ORIENTED_EDGE ( 'NONE', *, *, #2163, .F. ) ;
#11557 = MANIFOLD_SOLID_BREP ( 'Imported1', #2596 ) ;
#11558 = COLOUR_RGB ( '',0.09803921568627450844, 0.09803921568627450844, 0.09803921568627450844 ) ;
#11559 = PRESENTATION_STYLE_ASSIGNMENT (( #610 ) ) ;
#11560 = UNCERTAINTY_MEASURE_WITH_UNIT (LENGTH_MEASURE( 1.000000000000000082E-05 ), #2936, 'distance_accuracy_value', 'NONE');
#11561 = CARTESIAN_POINT ( 'NONE',  ( 7.000000000000000000, -6.650000000000000355, 0.000000000000000000 ) ) ;
#11562 = LINE ( 'NONE', #9465, #9348 ) ;
#11563 =( LENGTH_UNIT ( ) NAMED_UNIT ( * ) SI_UNIT ( .MILLI., .METRE. ) );
#11564 = EDGE_CURVE ( 'NONE', #71, #10369, #3551, .T. ) ;
#11565 =( NAMED_UNIT ( * ) SI_UNIT ( $, .STERADIAN. ) SOLID_ANGLE_UNIT ( ) );
#11566 = FACE_OUTER_BOUND ( 'NONE', #11555, .T. ) ;
#11567 =( NAMED_UNIT ( * ) PLANE_ANGLE_UNIT ( ) SI_UNIT ( $, .RADIAN. ) );
#11568 = CARTESIAN_POINT ( 'NONE',  ( -3.000000000000000000, -6.499999854713999881, 0.000000000000000000 ) ) ;
#11569 = AXIS2_PLACEMENT_3D ( 'NONE', #6789, #3193, #2424 ) ;
#11570 = COLOUR_RGB ( '',0.7019607843137254388, 0.7019607843137254388, 0.7019607843137254388 ) ;
#11571 = UNCERTAINTY_MEASURE_WITH_UNIT (LENGTH_MEASURE( 1.000000000000000082E-05 ), #10517, 'distance_accuracy_value', 'NONE');
#11572 = CARTESIAN_POINT ( 'NONE',  ( 6.799999999999999822, -6.799999999999999822, 11.00000000000000000 ) ) ;
#11573 = LINE ( 'NONE', #1335, #11683 ) ;
#11574 = SURFACE_STYLE_USAGE ( .BOTH. , #8743 ) ;
#11575 = CARTESIAN_POINT ( 'NONE',  ( -3.000000000000000000, 9.750000000000000000, -3.700000000000000178 ) ) ;
#11576 = ORIENTED_EDGE ( 'NONE', *, *, #10330, .F. ) ;
#11577 = ORIENTED_EDGE ( 'NONE', *, *, #6530, .F. ) ;
#11578 = DIRECTION ( 'NONE',  ( 1.000000000000000000, 0.000000000000000000, -0.000000000000000000 ) ) ;
#11579 = FILL_AREA_STYLE_COLOUR ( '', #11448 ) ;
#11580 = LINE ( 'NONE', #5082, #2471 ) ;
#11581 = FACE_OUTER_BOUND ( 'NONE', #7436, .T. ) ;
#11582 = PLANE ( 'NONE',  #8411 ) ;
#11583 = FACE_OUTER_BOUND ( 'NONE', #8898, .T. ) ;
#11584 = DIRECTION ( 'NONE',  ( 0.000000000000000000, -1.000000000000000000, -0.000000000000000000 ) ) ;
#11585 = EDGE_CURVE ( 'NONE', #9554, #10848, #5537, .T. ) ;
#11586 = DIRECTION ( 'NONE',  ( -1.000000000000000000, 0.000000000000000000, 0.000000000000000000 ) ) ;
#11587 = LINE ( 'NONE', #1420, #413 ) ;
#11588 = CONTEXT_DEPENDENT_SHAPE_REPRESENTATION ( #7329, #6399 ) ;
#11589 = ORIENTED_EDGE ( 'NONE', *, *, #9730, .T. ) ;
#11590 = ORIENTED_EDGE ( 'NONE', *, *, #1619, .T. ) ;
#11591 = ORIENTED_EDGE ( 'NONE', *, *, #8208, .F. ) ;
#11592 = ORIENTED_EDGE ( 'NONE', *, *, #551, .F. ) ;
#11593 = CARTESIAN_POINT ( 'NONE',  ( 8.000000000000000000, 4.750000000000000000, 0.8000000000000000444 ) ) ;
#11594 = FILL_AREA_STYLE_COLOUR ( '', #5791 ) ;
#11595 = DIRECTION ( 'NONE',  ( 0.000000000000000000, 0.000000000000000000, -1.000000000000000000 ) ) ;
#11596 = PRESENTATION_STYLE_ASSIGNMENT (( #1172 ) ) ;
#11597 = COLOUR_RGB ( '',0.09803921568627450844, 0.09803921568627450844, 0.09803921568627450844 ) ;
#11598 = EDGE_CURVE ( 'NONE', #5423, #7159, #7675, .T. ) ;
#11599 = FACE_OUTER_BOUND ( 'NONE', #7160, .T. ) ;
#11600 =( LENGTH_UNIT ( ) NAMED_UNIT ( * ) SI_UNIT ( .MILLI., .METRE. ) );
#11601 = SURFACE_SIDE_STYLE ('',( #10695 ) ) ;
#11602 = SURFACE_SIDE_STYLE ('',( #1314 ) ) ;
#11603 = EDGE_CURVE ( 'NONE', #7034, #6061, #2507, .T. ) ;
#11604 =( GEOMETRIC_REPRESENTATION_CONTEXT ( 3 ) GLOBAL_UNCERTAINTY_ASSIGNED_CONTEXT ( ( #4036 ) ) GLOBAL_UNIT_ASSIGNED_CONTEXT ( ( #5961, #7925, #5063 ) ) REPRESENTATION_CONTEXT ( 'NONE', 'WORKASPACE' ) );
#11605 = ORIENTED_EDGE ( 'NONE', *, *, #8603, .F. ) ;
#11606 = FACE_OUTER_BOUND ( 'NONE', #7888, .T. ) ;
#11607 = PRESENTATION_LAYER_ASSIGNMENT (  '', '', ( #8308 ) ) ;
#11608 = ORIENTED_EDGE ( 'NONE', *, *, #10826, .F. ) ;
#11609 = EDGE_CURVE ( 'NONE', #3336, #5569, #3788, .T. ) ;
#11610 = ADVANCED_FACE ( 'NONE', ( #7501 ), #1969, .T. ) ;
#11611 =( NAMED_UNIT ( * ) PLANE_ANGLE_UNIT ( ) SI_UNIT ( $, .RADIAN. ) );
#11612 = CARTESIAN_POINT ( 'NONE',  ( 9.750000000000000000, 0.000000000000000000, 0.8000000000000000444 ) ) ;
#11613 =( LENGTH_UNIT ( ) NAMED_UNIT ( * ) SI_UNIT ( .MILLI., .METRE. ) );
#11614 = FACE_OUTER_BOUND ( 'NONE', #7103, .T. ) ;
#11615 = FILL_AREA_STYLE_COLOUR ( '', #9498 ) ;
#11616 = ORIENTED_EDGE ( 'NONE', *, *, #2111, .F. ) ;
#11617 = PRODUCT ( 'COMPOUND017', 'COMPOUND017', '', ( #11907 ) ) ;
#11618 = VERTEX_POINT ( 'NONE', #6818 ) ;
#11619 = FACE_OUTER_BOUND ( 'NONE', #1303, .T. ) ;
#11620 = PRESENTATION_STYLE_ASSIGNMENT (( #11504 ) ) ;
#11621 = DIRECTION ( 'NONE',  ( -0.000000000000000000, -0.000000000000000000, 1.000000000000000000 ) ) ;
#11622 = PRESENTATION_LAYER_ASSIGNMENT (  '', '', ( #3692 ) ) ;
#11623 = EDGE_CURVE ( 'NONE', #7252, #3585, #3081, .T. ) ;
#11624 = DIRECTION ( 'NONE',  ( -1.000000000000000000, 0.000000000000000000, 0.000000000000000000 ) ) ;
#11625 = FILL_AREA_STYLE_COLOUR ( '', #1535 ) ;
#11626 = CARTESIAN_POINT ( 'NONE',  ( 0.4249999999999999889, -0.9250000000000000444, 19.40000000000000924 ) ) ;
#11627 = CARTESIAN_POINT ( 'NONE',  ( -7.750000000000000000, 6.650000000000000355, 0.000000000000000000 ) ) ;
#11628 = PRESENTATION_STYLE_ASSIGNMENT (( #7085 ) ) ;
#11629 = DIRECTION ( 'NONE',  ( 2.055968564120999972E-16, 0.000000000000000000, -1.000000000000000000 ) ) ;
#11630 = PRESENTATION_LAYER_ASSIGNMENT (  '', '', ( #4651 ) ) ;
#11631 = CARTESIAN_POINT ( 'NONE',  ( 2.600000000000000089, -8.949999999999999289, 4.200000000000000178 ) ) ;
#11632 = AXIS2_PLACEMENT_3D ( 'NONE', #5986, #9712, #8572 ) ;
#11633 = ORIENTED_EDGE ( 'NONE', *, *, #10553, .T. ) ;
#11634 = EDGE_CURVE ( 'NONE', #6840, #9057, #11414, .T. ) ;
#11635 = EDGE_CURVE ( 'NONE', #5228, #9284, #3157, .T. ) ;
#11636 = ORIENTED_EDGE ( 'NONE', *, *, #8083, .T. ) ;
#11637 = EDGE_CURVE ( 'NONE', #9241, #1845, #6186, .T. ) ;
#11638 = LINE ( 'NONE', #1528, #6618 ) ;
#11639 = CARTESIAN_POINT ( 'NONE',  ( -4.000000000000000000, -6.799999999999999822, 11.00000000000000000 ) ) ;
#11640 = SURFACE_STYLE_FILL_AREA ( #6114 ) ;
#11641 = AXIS2_PLACEMENT_3D ( 'NONE', #10494, #8628, #7654 ) ;
#11642 = CARTESIAN_POINT ( 'NONE',  ( 3.007906248538879002, 11.09999999999999964, 7.900000000000999556 ) ) ;
#11643 = PLANE ( 'NONE',  #5676 ) ;
#11644 = CARTESIAN_POINT ( 'NONE',  ( -1.750000000000000000, -14.45000000000000107, 5.599999999999999645 ) ) ;
#11645 = PRESENTATION_LAYER_ASSIGNMENT (  '', '', ( #6605 ) ) ;
#11646 = ADVANCED_BREP_SHAPE_REPRESENTATION ( '', ( #11685, #3260 ), #9481 ) ;
#11647 = CARTESIAN_POINT ( 'NONE',  ( -7.492820323027551410, 7.209981756634900485, 11.97565888942020251 ) ) ;
#11648 = MECHANICAL_DESIGN_GEOMETRIC_PRESENTATION_REPRESENTATION (  '', ( #8558 ), #5819 ) ;
#11649 = VECTOR ( 'NONE', #11115, 1000.000000000000000 ) ;
#11650 =( LENGTH_UNIT ( ) NAMED_UNIT ( * ) SI_UNIT ( .MILLI., .METRE. ) );
#11651 = AXIS2_PLACEMENT_3D ( 'NONE', #4473, #6418, #6661 ) ;
#11652 = EDGE_LOOP ( 'NONE', ( #8454, #6558, #6543, #4016, #288 ) ) ;
#11653 = EDGE_CURVE ( 'NONE', #2260, #10748, #8895, .T. ) ;
#11654 = ADVANCED_FACE ( 'NONE', ( #7858 ), #4208, .T. ) ;
#11655 = ORIENTED_EDGE ( 'NONE', *, *, #11275, .F. ) ;
#11656 = ORIENTED_EDGE ( 'NONE', *, *, #8541, .T. ) ;
#11657 =( GEOMETRIC_REPRESENTATION_CONTEXT ( 3 ) GLOBAL_UNCERTAINTY_ASSIGNED_CONTEXT ( ( #6714 ) ) GLOBAL_UNIT_ASSIGNED_CONTEXT ( ( #7401, #7527, #6721 ) ) REPRESENTATION_CONTEXT ( 'NONE', 'WORKASPACE' ) );
#11658 = ORIENTED_EDGE ( 'NONE', *, *, #1240, .T. ) ;
#11659 = FILL_AREA_STYLE ('',( #7853 ) ) ;
#11660 = CARTESIAN_POINT ( 'NONE',  ( 9.250000000000000000, 2.500000000000000000, -3.700000000000000178 ) ) ;
#11661 =( NAMED_UNIT ( * ) SI_UNIT ( $, .STERADIAN. ) SOLID_ANGLE_UNIT ( ) );
#11662 = CARTESIAN_POINT ( 'NONE',  ( 11.09999999999999964, 0.7500000000069999562, 2.899999999999999911 ) ) ;
#11663 = FILL_AREA_STYLE_COLOUR ( '', #9552 ) ;
#11664 = LINE ( 'NONE', #8946, #1458 ) ;
#11665 = MECHANICAL_DESIGN_GEOMETRIC_PRESENTATION_REPRESENTATION (  '', ( #9163 ), #471 ) ;
#11666 = PRESENTATION_LAYER_ASSIGNMENT (  '', '', ( #6436 ) ) ;
#11667 = DIRECTION ( 'NONE',  ( 0.000000000000000000, -0.000000000000000000, 1.000000000000000000 ) ) ;
#11668 = PRESENTATION_LAYER_ASSIGNMENT (  '', '', ( #2549 ) ) ;
#11669 = EDGE_LOOP ( 'NONE', ( #11896, #10002, #5421, #11700 ) ) ;
#11670 = VERTEX_POINT ( 'NONE', #9783 ) ;
#11671 = FILL_AREA_STYLE ('',( #5955 ) ) ;
#11672 =( GEOMETRIC_REPRESENTATION_CONTEXT ( 3 ) GLOBAL_UNCERTAINTY_ASSIGNED_CONTEXT ( ( #8538 ) ) GLOBAL_UNIT_ASSIGNED_CONTEXT ( ( #9834, #1434, #3406 ) ) REPRESENTATION_CONTEXT ( 'NONE', 'WORKASPACE' ) );
#11673 = LINE ( 'NONE', #10932, #2620 ) ;
#11674 = LINE ( 'NONE', #1507, #8867 ) ;
#11675 =( NAMED_UNIT ( * ) PLANE_ANGLE_UNIT ( ) SI_UNIT ( $, .RADIAN. ) );
#11676 =( NAMED_UNIT ( * ) PLANE_ANGLE_UNIT ( ) SI_UNIT ( $, .RADIAN. ) );
#11677 = UNCERTAINTY_MEASURE_WITH_UNIT (LENGTH_MEASURE( 1.000000000000000082E-05 ), #5772, 'distance_accuracy_value', 'NONE');
#11678 = SURFACE_STYLE_FILL_AREA ( #6151 ) ;
#11679 = FILL_AREA_STYLE ('',( #11615 ) ) ;
#11680 = ADVANCED_FACE ( 'NONE', ( #6754 ), #589, .T. ) ;
#11681 =( NAMED_UNIT ( * ) SI_UNIT ( $, .STERADIAN. ) SOLID_ANGLE_UNIT ( ) );
#11682 = ORIENTED_EDGE ( 'NONE', *, *, #9490, .T. ) ;
#11683 = VECTOR ( 'NONE', #398, 1000.000000000000000 ) ;
#11684 = VECTOR ( 'NONE', #11065, 1000.000000000000000 ) ;
#11685 = MANIFOLD_SOLID_BREP ( 'Imported1', #1266 ) ;
#11686 = CARTESIAN_POINT ( 'NONE',  ( 8.000000000000000000, -6.799999999999999822, 11.00000000000000000 ) ) ;
#11687 = UNCERTAINTY_MEASURE_WITH_UNIT (LENGTH_MEASURE( 1.000000000000000082E-05 ), #4549, 'distance_accuracy_value', 'NONE');
#11688 = FILL_AREA_STYLE ('',( #9750 ) ) ;
#11689 = MECHANICAL_DESIGN_GEOMETRIC_PRESENTATION_REPRESENTATION (  '', ( #5665 ), #10533 ) ;
#11690 = SURFACE_STYLE_FILL_AREA ( #5189 ) ;
#11691 = DIRECTION ( 'NONE',  ( 1.168655815394999918E-15, -1.000000000000000000, 0.000000000000000000 ) ) ;
#11692 = DIRECTION ( 'NONE',  ( -0.000000000000000000, -0.000000000000000000, 1.000000000000000000 ) ) ;
#11693 = CARTESIAN_POINT ( 'NONE',  ( -7.184032856232864361, 14.22893466303116661, 33.46912982218966448 ) ) ;
#11694 = MECHANICAL_DESIGN_GEOMETRIC_PRESENTATION_REPRESENTATION (  '', ( #5864 ), #1239 ) ;
#11695 = UNCERTAINTY_MEASURE_WITH_UNIT (LENGTH_MEASURE( 1.000000000000000082E-05 ), #2564, 'distance_accuracy_value', 'NONE');
#11696 = DIRECTION ( 'NONE',  ( -1.000000000000000000, 0.000000000000000000, 0.000000000000000000 ) ) ;
#11697 = LINE ( 'NONE', #4178, #8644 ) ;
#11698 = AXIS2_PLACEMENT_3D ( 'NONE', #838, #7249, #4342 ) ;
#11699 = LINE ( 'NONE', #9096, #5323 ) ;
#11700 = ORIENTED_EDGE ( 'NONE', *, *, #8981, .F. ) ;
#11701 = FILL_AREA_STYLE ('',( #2304 ) ) ;
#11702 = LINE ( 'NONE', #7944, #2543 ) ;
#11703 = LINE ( 'NONE', #7094, #3022 ) ;
#11704 = SURFACE_STYLE_USAGE ( .BOTH. , #7095 ) ;
#11705 = CARTESIAN_POINT ( 'NONE',  ( 1.750000000000000000, -14.45000000000000107, 5.658578643762692373 ) ) ;
#11706 = STYLED_ITEM ( 'NONE', ( #5714 ), #4301 ) ;
#11707 = CARTESIAN_POINT ( 'NONE',  ( 10.59999999999999964, -2.250000000000000444, 11.40000000000000036 ) ) ;
#11708 = CARTESIAN_POINT ( 'NONE',  ( -8.618474822569973881, 6.236222926405401878, 11.50351578913342188 ) ) ;
#11709 = PRODUCT_RELATED_PRODUCT_CATEGORY ( 'part', '', ( #2053 ) ) ;
#11710 = SHAPE_REPRESENTATION_RELATIONSHIP ( 'NONE' , 'NONE' ,  #7268, #11646 ) ;
#11711 = ORIENTED_EDGE ( 'NONE', *, *, #8095, .F. ) ;
#11712 = VERTEX_POINT ( 'NONE', #8205 ) ;
#11713 = ORIENTED_EDGE ( 'NONE', *, *, #5672, .F. ) ;
#11714 = ORIENTED_EDGE ( 'NONE', *, *, #3790, .T. ) ;
#11715 = FILL_AREA_STYLE ('',( #4322 ) ) ;
#11716 = SURFACE_STYLE_USAGE ( .BOTH. , #2439 ) ;
#11717 = FILL_AREA_STYLE ('',( #9003 ) ) ;
#11718 = FACE_OUTER_BOUND ( 'NONE', #5880, .T. ) ;
#11719 = SURFACE_SIDE_STYLE ('',( #7057 ) ) ;
#11720 = PRODUCT_DEFINITION_SHAPE ( 'NONE', 'NONE',  #7784 ) ;
#11721 = EDGE_CURVE ( 'NONE', #8438, #1326, #209, .T. ) ;
#11722 =( NAMED_UNIT ( * ) SI_UNIT ( $, .STERADIAN. ) SOLID_ANGLE_UNIT ( ) );
#11723 = SURFACE_SIDE_STYLE ('',( #877 ) ) ;
#11724 = APPLICATION_PROTOCOL_DEFINITION ( 'draft international standard', 'automotive_design', 1998, #5135 ) ;
#11725 = COLOUR_RGB ( '',0.4980392156862745168, 0.2784313725490196179, 0.08235294117647058709 ) ;
#11726 = ORIENTED_EDGE ( 'NONE', *, *, #2949, .F. ) ;
#11727 = LINE ( 'NONE', #6202, #1403 ) ;
#11728 = COLOUR_RGB ( '',0.7019607843137254388, 0.7019607843137254388, 0.7019607843137254388 ) ;
#11729 = APPLICATION_CONTEXT ( 'automotive_design' ) ;
#11730 = EDGE_LOOP ( 'NONE', ( #4426, #10318, #7121, #5702 ) ) ;
#11731 = FILL_AREA_STYLE ('',( #7978 ) ) ;
#11732 = LINE ( 'NONE', #10771, #10774 ) ;
#11733 =( NAMED_UNIT ( * ) PLANE_ANGLE_UNIT ( ) SI_UNIT ( $, .RADIAN. ) );
#11734 = FILL_AREA_STYLE_COLOUR ( '', #5055 ) ;
#11735 = LINE ( 'NONE', #11921, #5642 ) ;
#11737 = CARTESIAN_POINT ( 'NONE',  ( 10.59999999999999964, 4.250000000000000000, 6.399999999997890932 ) ) ;
#11736 = CIRCLE ( 'NONE', #1490, 0.5000000000000000000 ) ;
#11738 =( GEOMETRIC_REPRESENTATION_CONTEXT ( 3 ) GLOBAL_UNCERTAINTY_ASSIGNED_CONTEXT ( ( #5105 ) ) GLOBAL_UNIT_ASSIGNED_CONTEXT ( ( #8713, #1437, #430 ) ) REPRESENTATION_CONTEXT ( 'NONE', 'WORKASPACE' ) );
#11739 = SURFACE_STYLE_USAGE ( .BOTH. , #4280 ) ;
#11740 = DIRECTION ( 'NONE',  ( 0.000000000000000000, 0.000000000000000000, 1.000000000000000000 ) ) ;
#11741 = ORIENTED_EDGE ( 'NONE', *, *, #4537, .T. ) ;
#11742 = EDGE_LOOP ( 'NONE', ( #11829, #7918, #10887, #7425 ) ) ;
#11743 = CARTESIAN_POINT ( 'NONE',  ( -3.000000000000000000, -8.500000000000000000, 0.7500000000000000000 ) ) ;
#11744 = PRESENTATION_LAYER_ASSIGNMENT (  '', '', ( #8283 ) ) ;
#11745 = EDGE_CURVE ( 'NONE', #10995, #11800, #4451, .T. ) ;
#11746 = PLANE ( 'NONE',  #4197 ) ;
#11747 = CARTESIAN_POINT ( 'NONE',  ( -4.750000000000000000, 11.09999999999999964, 9.400000000000000355 ) ) ;
#11748 = SURFACE_STYLE_USAGE ( .BOTH. , #3564 ) ;
#11749 = FACE_OUTER_BOUND ( 'NONE', #2475, .T. ) ;
#11750 = EDGE_CURVE ( 'NONE', #9943, #3336, #821, .T. ) ;
#11751 = CIRCLE ( 'NONE', #8467, 1.200000000000000622 ) ;
#11752 = EDGE_LOOP ( 'NONE', ( #5477, #7187, #3009, #9131, #11825 ) ) ;
#11753 = DIRECTION ( 'NONE',  ( 0.000000000000000000, 0.000000000000000000, 1.000000000000000000 ) ) ;
#11754 = B_SPLINE_CURVE_WITH_KNOTS ( 'NONE', 3,
 ( #1206, #8430, #2047, #9467 ),
 .UNSPECIFIED., .F., .F.,
 ( 4, 4 ),
 ( 2.299940125025061207E-18, 0.0002122495517563514845 ),
 .UNSPECIFIED. ) ;
#11755 = MECHANICAL_DESIGN_GEOMETRIC_PRESENTATION_REPRESENTATION (  '', ( #1281 ), #11161 ) ;
#11756 = DIRECTION ( 'NONE',  ( 0.000000000000000000, 1.000000000000000000, -0.000000000000000000 ) ) ;
#11757 = EDGE_CURVE ( 'NONE', #2016, #5111, #10813, .T. ) ;
#11758 = STYLED_ITEM ( 'NONE', ( #8094 ), #8996 ) ;
#11759 = CARTESIAN_POINT ( 'NONE',  ( -7.500000000000000000, 7.500000000000000000, 2.600000000000000533 ) ) ;
#11760 = MANIFOLD_SOLID_BREP ( 'Imported1', #2777 ) ;
#11761 = ADVANCED_FACE ( 'NONE', ( #5287 ), #2615, .F. ) ;
#11762 = COLOUR_RGB ( '',0.8196078431372548767, 0.8000000000000000444, 0.7529411764705882248 ) ;
#11763 = FILL_AREA_STYLE ('',( #3636 ) ) ;
#11764 = SURFACE_STYLE_FILL_AREA ( #6358 ) ;
#11765 = SHAPE_REPRESENTATION ( 'COMPOUND009', ( #3260 ), #6768 ) ;
#11766 = DIRECTION ( 'NONE',  ( -1.000000000000000000, 0.000000000000000000, 0.000000000000000000 ) ) ;
#11767 =( NAMED_UNIT ( * ) PLANE_ANGLE_UNIT ( ) SI_UNIT ( $, .RADIAN. ) );
#11768 = EDGE_CURVE ( 'NONE', #3778, #346, #3718, .T. ) ;
#11769 = CARTESIAN_POINT ( 'NONE',  ( 7.336656314599949269, 6.800000000000000711, 12.07331262919989889 ) ) ;
#11770 = CARTESIAN_POINT ( 'NONE',  ( 5.472385042063206306, -5.125739227994738911, 5.000000000000000000 ) ) ;
#11771 = MECHANICAL_DESIGN_GEOMETRIC_PRESENTATION_REPRESENTATION (  '', ( #3820 ), #11375 ) ;
#11772 = AXIS2_PLACEMENT_3D ( 'NONE', #7931, #2237, #11624 ) ;
#11773 = VERTEX_POINT ( 'NONE', #7540 ) ;
#11774 = VERTEX_POINT ( 'NONE', #8393 ) ;
#11775 = VERTEX_POINT ( 'NONE', #3654 ) ;
#11776 = ORIENTED_EDGE ( 'NONE', *, *, #6195, .F. ) ;
#11777 = CARTESIAN_POINT ( 'NONE',  ( 10.59999999999999964, 4.250000000000000000, 2.899999999999999911 ) ) ;
#11778 = PRESENTATION_STYLE_ASSIGNMENT (( #8084 ) ) ;
#11779 = CARTESIAN_POINT ( 'NONE',  ( -8.000000000000000000, 8.000000000000000000, 2.600000000000000533 ) ) ;
#11780 = DIRECTION ( 'NONE',  ( -0.000000000000000000, 0.000000000000000000, -1.000000000000000000 ) ) ;
#11781 = DIRECTION ( 'NONE',  ( 1.000000000000000000, 0.000000000000000000, 0.000000000000000000 ) ) ;
#11782 = APPLICATION_PROTOCOL_DEFINITION ( 'draft international standard', 'automotive_design', 1998, #4442 ) ;
#11783 = VERTEX_POINT ( 'NONE', #2719 ) ;
#11784 = DIRECTION ( 'NONE',  ( 0.000000000000000000, 0.000000000000000000, 1.000000000000000000 ) ) ;
#11785 = ADVANCED_FACE ( 'NONE', ( #8264 ), #6553, .T. ) ;
#11786 = VERTEX_POINT ( 'NONE', #10143 ) ;
#11787 = LINE ( 'NONE', #9075, #5092 ) ;
#11788 = SURFACE_SIDE_STYLE ('',( #11853 ) ) ;
#11789 = CIRCLE ( 'NONE', #9672, 2.299999999999999822 ) ;
#11790 = DIRECTION ( 'NONE',  ( 1.000000000000000000, 0.000000000000000000, -0.000000000000000000 ) ) ;
#11791 =( LENGTH_UNIT ( ) NAMED_UNIT ( * ) SI_UNIT ( .MILLI., .METRE. ) );
#11792 = CARTESIAN_POINT ( 'NONE',  ( -2.500000000000000000, 9.750000000000000000, 0.000000000000000000 ) ) ;
#11793 = DIRECTION ( 'NONE',  ( -1.000000000000000000, 0.000000000000000000, 0.000000000000000000 ) ) ;
#11794 = CYLINDRICAL_SURFACE ( 'NONE', #94, 0.5000000000000000000 ) ;
#11795 = DIRECTION ( 'NONE',  ( 0.000000000000000000, -1.000000000000000000, -0.000000000000000000 ) ) ;
#11796 = UNCERTAINTY_MEASURE_WITH_UNIT (LENGTH_MEASURE( 1.000000000000000082E-05 ), #10041, 'distance_accuracy_value', 'NONE');
#11797 =( NAMED_UNIT ( * ) SI_UNIT ( $, .STERADIAN. ) SOLID_ANGLE_UNIT ( ) );
#11798 = ORIENTED_EDGE ( 'NONE', *, *, #551, .T. ) ;
#11799 = COLOUR_RGB ( '',0.09803921568627450844, 0.09803921568627450844, 0.09803921568627450844 ) ;
#11800 = VERTEX_POINT ( 'NONE', #5575 ) ;
#11801 = PRODUCT_DEFINITION_CONTEXT ( 'detailed design', #7008, 'design' ) ;
#11802 =( NAMED_UNIT ( * ) SI_UNIT ( $, .STERADIAN. ) SOLID_ANGLE_UNIT ( ) );
#11803 = DIRECTION ( 'NONE',  ( 1.000000000000000000, 0.000000000000000000, -0.000000000000000000 ) ) ;
#11804 = PRESENTATION_LAYER_ASSIGNMENT (  '', '', ( #227 ) ) ;
#11805 = FACE_OUTER_BOUND ( 'NONE', #6670, .T. ) ;
#11806 = LINE ( 'NONE', #3565, #1594 ) ;
#11807 = PRESENTATION_STYLE_ASSIGNMENT (( #9658 ) ) ;
#11808 = UNCERTAINTY_MEASURE_WITH_UNIT (LENGTH_MEASURE( 1.000000000000000082E-05 ), #10598, 'distance_accuracy_value', 'NONE');
#11809 = MECHANICAL_DESIGN_GEOMETRIC_PRESENTATION_REPRESENTATION (  '', ( #5592 ), #9306 ) ;
#11810 = DIRECTION ( 'NONE',  ( 0.000000000000000000, 0.000000000000000000, -1.000000000000000000 ) ) ;
#11811 = ORIENTED_EDGE ( 'NONE', *, *, #6028, .T. ) ;
#11812 = CARTESIAN_POINT ( 'NONE',  ( 0.7500000000069998451, 10.59999999999999964, 11.40000000000000036 ) ) ;
#11813 = DIRECTION ( 'NONE',  ( 1.000000000000000000, -0.000000000000000000, 0.000000000000000000 ) ) ;
#11814 = MECHANICAL_DESIGN_GEOMETRIC_PRESENTATION_REPRESENTATION (  '', ( #9115 ), #6552 ) ;
#11815 = PRESENTATION_LAYER_ASSIGNMENT (  '', '', ( #3481 ) ) ;
#11816 = AXIS2_PLACEMENT_3D ( 'NONE', #10404, #3978, #8720 ) ;
#11817 = CARTESIAN_POINT ( 'NONE',  ( 11.09999999999999964, 4.250000000000000000, 7.900000000007000089 ) ) ;
#11818 =( LENGTH_UNIT ( ) NAMED_UNIT ( * ) SI_UNIT ( .MILLI., .METRE. ) );
#11819 = SURFACE_STYLE_USAGE ( .BOTH. , #8118 ) ;
#11820 = DIRECTION ( 'NONE',  ( 1.000000000000000000, 0.000000000000000000, -0.000000000000000000 ) ) ;
#11821 = MECHANICAL_DESIGN_GEOMETRIC_PRESENTATION_REPRESENTATION (  '', ( #6792 ), #441 ) ;
#11822 = CARTESIAN_POINT ( 'NONE',  ( 4.951884692883878891, -5.646205869111327935, 4.999999999999999112 ) ) ;
#11823 = COLOUR_RGB ( '',0.8196078431372548767, 0.8000000000000000444, 0.7529411764705882248 ) ;
#11824 = EDGE_CURVE ( 'NONE', #1132, #7067, #9432, .T. ) ;
#11825 = ORIENTED_EDGE ( 'NONE', *, *, #6085, .T. ) ;
#11826 = EDGE_LOOP ( 'NONE', ( #5094, #1831, #10003, #6808 ) ) ;
#11827 = ORIENTED_EDGE ( 'NONE', *, *, #7817, .F. ) ;
#11828 = AXIS2_PLACEMENT_3D ( 'NONE', #9948, #4430, #9183 ) ;
#11829 = ORIENTED_EDGE ( 'NONE', *, *, #6844, .T. ) ;
#11830 = CARTESIAN_POINT ( 'NONE',  ( -2.500000000000000000, -13.44999999999999929, 0.7500000000000000000 ) ) ;
#11831 = COLOUR_RGB ( '',0.09803921568627450844, 0.09803921568627450844, 0.09803921568627450844 ) ;
#11832 = CARTESIAN_POINT ( 'NONE',  ( -6.153667536169224128, 8.535919432333788137, 11.66862656960577560 ) ) ;
#11833 = SHAPE_REPRESENTATION ( 'COMPOUND011', ( #3260 ), #3668 ) ;
#11834 = AXIS2_PLACEMENT_3D ( 'NONE', #11397, #5872, #3080 ) ;
#11835 = STYLED_ITEM ( 'NONE', ( #2835 ), #8097 ) ;
#11836 = COLOUR_RGB ( '',0.9137254901960784048, 0.5137254901960783826, 0.1372549019607843257 ) ;
#11837 = DIRECTION ( 'NONE',  ( -2.973811673103000536E-16, 1.000000000000000000, -0.000000000000000000 ) ) ;
#11838 = SURFACE_SIDE_STYLE ('',( #2715 ) ) ;
#11839 =( GEOMETRIC_REPRESENTATION_CONTEXT ( 3 ) GLOBAL_UNCERTAINTY_ASSIGNED_CONTEXT ( ( #11320 ) ) GLOBAL_UNIT_ASSIGNED_CONTEXT ( ( #7274, #11888, #1587 ) ) REPRESENTATION_CONTEXT ( 'NONE', 'WORKASPACE' ) );
#11840 = CARTESIAN_POINT ( 'NONE',  ( -5.551115123125999639E-16, 11.09999999999999964, 7.150000000000000355 ) ) ;
#11841 = SURFACE_STYLE_USAGE ( .BOTH. , #6314 ) ;
#11842 = FILL_AREA_STYLE_COLOUR ( '', #507 ) ;
#11843 =( NAMED_UNIT ( * ) PLANE_ANGLE_UNIT ( ) SI_UNIT ( $, .RADIAN. ) );
#11844 = AXIS2_PLACEMENT_3D ( 'NONE', #10305, #9405, #1091 ) ;
#11845 = APPLICATION_PROTOCOL_DEFINITION ( 'draft international standard', 'automotive_design', 1998, #4290 ) ;
#11846 = PRESENTATION_LAYER_ASSIGNMENT (  '', '', ( #5053 ) ) ;
#11847 = STYLED_ITEM ( 'NONE', ( #600 ), #3451 ) ;
#11848 = VECTOR ( 'NONE', #6506, 1000.000000000000000 ) ;
#11849 = EDGE_LOOP ( 'NONE', ( #5062, #4554, #11811, #7378 ) ) ;
#11850 = CARTESIAN_POINT ( 'NONE',  ( 2.500000000002999823, 10.59999999999999964, 9.650000000000000355 ) ) ;
#11851 = EDGE_LOOP ( 'NONE', ( #1085, #6843, #8015, #11335 ) ) ;
#11852 = SURFACE_STYLE_FILL_AREA ( #9015 ) ;
#11853 = SURFACE_STYLE_FILL_AREA ( #7367 ) ;
#11854 = VECTOR ( 'NONE', #10625, 1000.000000000000000 ) ;
#11855 = FILL_AREA_STYLE_COLOUR ( '', #3012 ) ;
#11856 =( GEOMETRIC_REPRESENTATION_CONTEXT ( 3 ) GLOBAL_UNCERTAINTY_ASSIGNED_CONTEXT ( ( #9158 ) ) GLOBAL_UNIT_ASSIGNED_CONTEXT ( ( #184, #7550, #11802 ) ) REPRESENTATION_CONTEXT ( 'NONE', 'WORKASPACE' ) );
#11857 = CARTESIAN_POINT ( 'NONE',  ( 0.7500000000069999562, 11.09999999999999964, 11.40000000000000036 ) ) ;
#11858 = AXIS2_PLACEMENT_3D ( 'NONE', #8134, #7167, #4498 ) ;
#11859 =( LENGTH_UNIT ( ) NAMED_UNIT ( * ) SI_UNIT ( .MILLI., .METRE. ) );
#11860 = PRESENTATION_STYLE_ASSIGNMENT (( #9916 ) ) ;
#11861 = DIRECTION ( 'NONE',  ( 1.000000000000000000, -0.000000000000000000, -0.000000000000000000 ) ) ;
#11862 = PLANE ( 'NONE',  #4091 ) ;
#11863 = ADVANCED_FACE ( 'NONE', ( #116 ), #8507, .F. ) ;
#11864 = VECTOR ( 'NONE', #11933, 1000.000000000000000 ) ;
#11865 = ORIENTED_EDGE ( 'NONE', *, *, #1032, .T. ) ;
#11866 = COLOUR_RGB ( '',0.8196078431372548767, 0.8000000000000000444, 0.7529411764705882248 ) ;
#11867 = ORIENTED_EDGE ( 'NONE', *, *, #6189, .F. ) ;
#11868 = PRESENTATION_LAYER_ASSIGNMENT (  '', '', ( #10123 ) ) ;
#11869 =( NAMED_UNIT ( * ) PLANE_ANGLE_UNIT ( ) SI_UNIT ( $, .RADIAN. ) );
#11870 = DIRECTION ( 'NONE',  ( -0.000000000000000000, 1.000000000000000000, -0.000000000000000000 ) ) ;
#11871 = DIRECTION ( 'NONE',  ( 0.000000000000000000, 1.000000000000000000, 0.000000000000000000 ) ) ;
#11872 = CARTESIAN_POINT ( 'NONE',  ( -7.184032856232865250, -14.83859903121124191, 5.018060804267043373 ) ) ;
#11873 = SURFACE_SIDE_STYLE ('',( #1748 ) ) ;
#11874 = FILL_AREA_STYLE_COLOUR ( '', #8938 ) ;
#11875 = EDGE_CURVE ( 'NONE', #1807, #8998, #5874, .T. ) ;
#11876 = VECTOR ( 'NONE', #4953, 1000.000000000000000 ) ;
#11877 = ORIENTED_EDGE ( 'NONE', *, *, #7719, .F. ) ;
#11878 = AXIS2_PLACEMENT_3D ( 'NONE', #678, #10895, #9038 ) ;
#11879 = DIRECTION ( 'NONE',  ( 0.000000000000000000, 0.000000000000000000, -1.000000000000000000 ) ) ;
#11880 = ADVANCED_FACE ( 'NONE', ( #4074 ), #1226, .T. ) ;
#11881 = PRESENTATION_LAYER_ASSIGNMENT (  '', '', ( #9940 ) ) ;
#11882 = VECTOR ( 'NONE', #2672, 1000.000000000000000 ) ;
#11883 = PRESENTATION_LAYER_ASSIGNMENT (  '', '', ( #1631 ) ) ;
#11884 = FILL_AREA_STYLE_COLOUR ( '', #5258 ) ;
#11885 = FILL_AREA_STYLE ('',( #8180 ) ) ;
#11886 = DIRECTION ( 'NONE',  ( 0.000000000000000000, 0.000000000000000000, 1.000000000000000000 ) ) ;
#11887 = LINE ( 'NONE', #630, #8213 ) ;
#11888 =( NAMED_UNIT ( * ) PLANE_ANGLE_UNIT ( ) SI_UNIT ( $, .RADIAN. ) );
#11889 = SURFACE_SIDE_STYLE ('',( #9353 ) ) ;
#11890 = SURFACE_SIDE_STYLE ('',( #9938 ) ) ;
#11891 = FILL_AREA_STYLE ('',( #8185 ) ) ;
#11892 = STYLED_ITEM ( 'NONE', ( #5958 ), #4055 ) ;
#11893 = SURFACE_STYLE_USAGE ( .BOTH. , #2599 ) ;
#11894 = AXIS2_PLACEMENT_3D ( 'NONE', #6387, #716, #4445 ) ;
#11895 = ORIENTED_EDGE ( 'NONE', *, *, #6561, .T. ) ;
#11896 = ORIENTED_EDGE ( 'NONE', *, *, #3174, .F. ) ;
#11897 = ORIENTED_EDGE ( 'NONE', *, *, #11623, .F. ) ;
#11898 =( REPRESENTATION_RELATIONSHIP ('NONE','NONE', #2998, #3552 ) REPRESENTATION_RELATIONSHIP_WITH_TRANSFORMATION ( #10562 )SHAPE_REPRESENTATION_RELATIONSHIP( ) );
#11899 =( GEOMETRIC_REPRESENTATION_CONTEXT ( 3 ) GLOBAL_UNCERTAINTY_ASSIGNED_CONTEXT ( ( #65 ) ) GLOBAL_UNIT_ASSIGNED_CONTEXT ( ( #7619, #7432, #10222 ) ) REPRESENTATION_CONTEXT ( 'NONE', 'WORKASPACE' ) );
#11900 =( LENGTH_UNIT ( ) NAMED_UNIT ( * ) SI_UNIT ( .MILLI., .METRE. ) );
#11901 = PRESENTATION_LAYER_ASSIGNMENT (  '', '', ( #5110 ) ) ;
#11902 = EDGE_CURVE ( 'NONE', #4018, #11712, #11587, .T. ) ;
#11903 = SURFACE_STYLE_USAGE ( .BOTH. , #8198 ) ;
#11904 = SURFACE_STYLE_USAGE ( .BOTH. , #11719 ) ;
#11905 = DIRECTION ( 'NONE',  ( -0.000000000000000000, -0.000000000000000000, 1.000000000000000000 ) ) ;
#11906 = DIRECTION ( 'NONE',  ( 0.000000000000000000, -2.055968564120999972E-16, -1.000000000000000000 ) ) ;
#11907 = PRODUCT_CONTEXT ( 'NONE', #969, 'mechanical' ) ;
#11908 = MECHANICAL_DESIGN_GEOMETRIC_PRESENTATION_REPRESENTATION (  '', ( #2027 ), #4548 ) ;
#11909 = ORIENTED_EDGE ( 'NONE', *, *, #10178, .T. ) ;
#11910 = SURFACE_STYLE_USAGE ( .BOTH. , #1846 ) ;
#11911 = VERTEX_POINT ( 'NONE', #10561 ) ;
#11912 = EDGE_CURVE ( 'NONE', #8639, #9440, #2098, .T. ) ;
#11913 = FACE_BOUND ( 'NONE', #8828, .T. ) ;
#11914 = DIRECTION ( 'NONE',  ( 0.000000000000000000, -1.000000000000000000, -0.000000000000000000 ) ) ;
#11915 = STYLED_ITEM ( 'NONE', ( #3576 ), #6716 ) ;
#11916 = SURFACE_STYLE_FILL_AREA ( #10153 ) ;
#11917 = CARTESIAN_POINT ( 'NONE',  ( 10.59999999999999964, 8.367802761164912188E-16, 4.850000000000000533 ) ) ;
#11918 = STYLED_ITEM ( 'NONE', ( #271 ), #400 ) ;
#11919 = DIRECTION ( 'NONE',  ( 0.000000000000000000, 2.674310171518999924E-16, 1.000000000000000000 ) ) ;
#11920 = MECHANICAL_DESIGN_GEOMETRIC_PRESENTATION_REPRESENTATION (  '', ( #2985 ), #8211 ) ;
#11921 = CARTESIAN_POINT ( 'NONE',  ( -8.000000000000000000, -5.599999999999999645, 0.000000000000000000 ) ) ;
#11922 = CARTESIAN_POINT ( 'NONE',  ( -3.000000000000000000, -2.725000000000000089, 2.600000000000000533 ) ) ;
#11923 = UNCERTAINTY_MEASURE_WITH_UNIT (LENGTH_MEASURE( 1.000000000000000082E-05 ), #11325, 'distance_accuracy_value', 'NONE');
#11924 = PRESENTATION_STYLE_ASSIGNMENT (( #3478 ) ) ;
#11925 = ORIENTED_EDGE ( 'NONE', *, *, #8813, .T. ) ;
#11926 = STYLED_ITEM ( 'NONE', ( #7341 ), #4846 ) ;
#11927 = PRODUCT_DEFINITION_SHAPE ( 'NONE', 'NONE',  #11972 ) ;
#11928 = EDGE_LOOP ( 'NONE', ( #8969, #7188 ) ) ;
#11929 = ORIENTED_EDGE ( 'NONE', *, *, #6456, .T. ) ;
#11930 = CARTESIAN_POINT ( 'NONE',  ( 5.472868982587040243, 5.125157854777057764, 5.000000000000000000 ) ) ;
#11931 = ORIENTED_EDGE ( 'NONE', *, *, #6723, .T. ) ;
#11932 = VECTOR ( 'NONE', #1136, 1000.000000000000000 ) ;
#11933 = DIRECTION ( 'NONE',  ( -0.000000000000000000, 0.000000000000000000, -1.000000000000000000 ) ) ;
#11934 = COLOUR_RGB ( '',0.9137254901960784048, 0.5137254901960783826, 0.1372549019607843257 ) ;
#11935 = LINE ( 'NONE', #1745, #9243 ) ;
#11936 = SURFACE_SIDE_STYLE ('',( #5375 ) ) ;
#11937 = DIRECTION ( 'NONE',  ( 0.000000000000000000, 0.000000000000000000, -1.000000000000000000 ) ) ;
#11938 = DIRECTION ( 'NONE',  ( 0.000000000000000000, 0.000000000000000000, 1.000000000000000000 ) ) ;
#11939 = UNCERTAINTY_MEASURE_WITH_UNIT (LENGTH_MEASURE( 1.000000000000000082E-05 ), #8332, 'distance_accuracy_value', 'NONE');
#11940 = DIRECTION ( 'NONE',  ( 1.000000000000000000, 0.000000000000000000, 0.000000000000000000 ) ) ;
#11941 = VERTEX_POINT ( 'NONE', #5933 ) ;
#11942 = CARTESIAN_POINT ( 'NONE',  ( 8.949999999999999289, 5.600000000000000533, 1.000000000000000000 ) ) ;
#11943 =( NAMED_UNIT ( * ) SI_UNIT ( $, .STERADIAN. ) SOLID_ANGLE_UNIT ( ) );
#11944 = PRESENTATION_LAYER_ASSIGNMENT (  '', '', ( #536 ) ) ;
#11945 = ADVANCED_FACE ( 'NONE', ( #4911 ), #2375, .T. ) ;
#11946 = SURFACE_STYLE_USAGE ( .BOTH. , #1699 ) ;
#11947 = DIRECTION ( 'NONE',  ( 0.000000000000000000, 0.000000000000000000, 1.000000000000000000 ) ) ;
#11948 = CARTESIAN_POINT ( 'NONE',  ( 11.09999999999999964, 4.250000000000000000, 7.900000000007000089 ) ) ;
#11949 = FILL_AREA_STYLE_COLOUR ( '', #5368 ) ;
#11950 =( LENGTH_UNIT ( ) NAMED_UNIT ( * ) SI_UNIT ( .MILLI., .METRE. ) );
#11951 = SURFACE_STYLE_FILL_AREA ( #8248 ) ;
#11952 = AXIS2_PLACEMENT_3D ( 'NONE', #4217, #5179, #7014 ) ;
#11953 = PRESENTATION_LAYER_ASSIGNMENT (  '', '', ( #6124 ) ) ;
#11954 = FILL_AREA_STYLE ('',( #1880 ) ) ;
#11955 = SURFACE_STYLE_USAGE ( .BOTH. , #863 ) ;
#11956 = SURFACE_SIDE_STYLE ('',( #6298 ) ) ;
#11957 = CARTESIAN_POINT ( 'NONE',  ( 10.59999999999999964, -0.7500000000009999779, 4.142093751461120910 ) ) ;
#11958 = ORIENTED_EDGE ( 'NONE', *, *, #8729, .F. ) ;
#11959 = CIRCLE ( 'NONE', #4206, 0.5999999999999998668 ) ;
#11960 =( GEOMETRIC_REPRESENTATION_CONTEXT ( 3 ) GLOBAL_UNCERTAINTY_ASSIGNED_CONTEXT ( ( #7199 ) ) GLOBAL_UNIT_ASSIGNED_CONTEXT ( ( #1341, #8751, #5201 ) ) REPRESENTATION_CONTEXT ( 'NONE', 'WORKASPACE' ) );
#11961 = EDGE_LOOP ( 'NONE', ( #3160, #10852 ) ) ;
#11962 = ORIENTED_EDGE ( 'NONE', *, *, #8188, .F. ) ;
#11963 = FILL_AREA_STYLE ('',( #982 ) ) ;
#11964 = FILL_AREA_STYLE_COLOUR ( '', #3269 ) ;
#11965 = NEXT_ASSEMBLY_USAGE_OCCURRENCE ( 'NAUO1', ' ', ' ', #6138, #474, $ ) ;
#11966 = NEXT_ASSEMBLY_USAGE_OCCURRENCE ( 'NAUO2', ' ', ' ', #474, #11177, $ ) ;
#11967 = NEXT_ASSEMBLY_USAGE_OCCURRENCE ( 'NAUO3', ' ', ' ', #474, #10661, $ ) ;
#11968 = NEXT_ASSEMBLY_USAGE_OCCURRENCE ( 'NAUO4', ' ', ' ', #474, #1176, $ ) ;
#11969 = NEXT_ASSEMBLY_USAGE_OCCURRENCE ( 'NAUO5', ' ', ' ', #474, #331, $ ) ;
#11970 = NEXT_ASSEMBLY_USAGE_OCCURRENCE ( 'NAUO6', ' ', ' ', #474, #8689, $ ) ;
#11971 = NEXT_ASSEMBLY_USAGE_OCCURRENCE ( 'NAUO7', ' ', ' ', #474, #5249, $ ) ;
#11972 = NEXT_ASSEMBLY_USAGE_OCCURRENCE ( 'NAUO8', ' ', ' ', #474, #1337, $ ) ;
#11973 = NEXT_ASSEMBLY_USAGE_OCCURRENCE ( 'NAUO9', ' ', ' ', #474, #5466, $ ) ;
#11974 = NEXT_ASSEMBLY_USAGE_OCCURRENCE ( 'NAUO10', ' ', ' ', #474, #2940, $ ) ;
#11975 = NEXT_ASSEMBLY_USAGE_OCCURRENCE ( 'NAUO11', ' ', ' ', #474, #6735, $ ) ;
#11976 = NEXT_ASSEMBLY_USAGE_OCCURRENCE ( 'NAUO12', ' ', ' ', #474, #1707, $ ) ;
#11977 = NEXT_ASSEMBLY_USAGE_OCCURRENCE ( 'NAUO13', ' ', ' ', #474, #7784, $ ) ;
#11978 = NEXT_ASSEMBLY_USAGE_OCCURRENCE ( 'NAUO14', ' ', ' ', #474, #1860, $ ) ;
#11979 = NEXT_ASSEMBLY_USAGE_OCCURRENCE ( 'NAUO15', ' ', ' ', #474, #3999, $ ) ;
#11980 = NEXT_ASSEMBLY_USAGE_OCCURRENCE ( 'NAUO16', ' ', ' ', #474, #5608, $ ) ;
#11981 = NEXT_ASSEMBLY_USAGE_OCCURRENCE ( 'NAUO17', ' ', ' ', #474, #2058, $ ) ;
#11982 = NEXT_ASSEMBLY_USAGE_OCCURRENCE ( 'NAUO18', ' ', ' ', #474, #5976, $ ) ;
#11983 = NEXT_ASSEMBLY_USAGE_OCCURRENCE ( 'NAUO19', ' ', ' ', #474, #11551, $ ) ;
#11984 = NEXT_ASSEMBLY_USAGE_OCCURRENCE ( 'NAUO20', ' ', ' ', #474, #6516, $ ) ;
#11985 = NEXT_ASSEMBLY_USAGE_OCCURRENCE ( 'NAUO21', ' ', ' ', #474, #11394, $ ) ;
ENDSEC;
END-ISO-10303-21;
