ISO-10303-21;
HEADER;
FILE_DESCRIPTION (( 'STEP AP214' ),
    '1' );
FILE_NAME ('418117270904.STEP',
    '2024-01-05T07:22:34',
    ( 'LENOVO' ),
    ( '' ),
    'SwSTEP 2.0',
    'SolidWorks 2021',
    '' );
FILE_SCHEMA (( 'AUTOMOTIVE_DESIGN' ));
ENDSEC;

DATA;
#1 = CARTESIAN_POINT ( 'NONE',  ( 1.570000000000001616, 0.6999999999999999556, -3.909999999999999254 ) ) ;
#2 = SURFACE_STYLE_FILL_AREA ( #3361 ) ;
#3 = AXIS2_PLACEMENT_3D ( 'NONE', #4395, #1881, #4310 ) ;
#4 = VERTEX_POINT ( 'NONE', #1397 ) ;
#5 = DIRECTION ( 'NONE',  ( -1.000000000000000000, -0.000000000000000000, -0.000000000000000000 ) ) ;
#6 = DIRECTION ( 'NONE',  ( 0.000000000000000000, -0.000000000000000000, 1.000000000000000000 ) ) ;
#7 = DIRECTION ( 'NONE',  ( 1.000000000000000000, -0.000000000000000000, 0.000000000000000000 ) ) ;
#8 = SURFACE_STYLE_USAGE ( .BOTH. , #2303 ) ;
#9 = EDGE_CURVE ( 'NONE', #1192, #1027, #5768, .T. ) ;
#10 = LINE ( 'NONE', #817, #4060 ) ;
#11 = CLOSED_SHELL ( 'NONE', ( #4464, #2220, #5457, #5377, #2091, #4821, #644, #2796 ) ) ;
#12 = DIRECTION ( 'NONE',  ( 0.000000000000000000, 1.000000000000000000, 0.000000000000000000 ) ) ;
#13 = PRESENTATION_LAYER_ASSIGNMENT (  '', '', ( #3222 ) ) ;
#14 = EDGE_CURVE ( 'NONE', #579, #3033, #5726, .T. ) ;
#15 = AXIS2_PLACEMENT_3D ( 'NONE', #3486, #4207, #616 ) ;
#16 = DIRECTION ( 'NONE',  ( 0.000000000000000000, 0.000000000000000000, -1.000000000000000000 ) ) ;
#17 = CARTESIAN_POINT ( 'NONE',  ( 5.080000000000000959, 0.4000000000000019096, -4.450000000000001066 ) ) ;
#18 = LINE ( 'NONE', #1834, #4085 ) ;
#19 = VECTOR ( 'NONE', #2004, 1000.000000000000000 ) ;
#20 = LINE ( 'NONE', #2917, #2189 ) ;
#21 = COLOUR_RGB ( '',1.000000000000000000, 0.8117647058823529438, 0.5019607843137254832 ) ;
#22 = EDGE_CURVE ( 'NONE', #1566, #3379, #1748, .T. ) ;
#23 = PLANE ( 'NONE',  #5748 ) ;
#24 = STYLED_ITEM ( 'NONE', ( #2374 ), #697 ) ;
#25 = CARTESIAN_POINT ( 'NONE',  ( 4.110000000000001208, -3.399999999999995026, -3.909999999999999254 ) ) ;
#26 = VECTOR ( 'NONE', #3210, 1000.000000000000000 ) ;
#27 = FILL_AREA_STYLE_COLOUR ( '', #5762 ) ;
#28 = FILL_AREA_STYLE ('',( #4009 ) ) ;
#29 = DIRECTION ( 'NONE',  ( 0.000000000000000000, 0.000000000000000000, -1.000000000000000000 ) ) ;
#30 = LINE ( 'NONE', #3866, #4154 ) ;
#31 = ORIENTED_EDGE ( 'NONE', *, *, #5586, .T. ) ;
#32 = AXIS2_PLACEMENT_3D ( 'NONE', #4664, #854, #4541 ) ;
#33 = FACE_OUTER_BOUND ( 'NONE', #374, .T. ) ;
#34 = SURFACE_STYLE_FILL_AREA ( #3514 ) ;
#35 = CARTESIAN_POINT ( 'NONE',  ( -0.9699999999999986411, -8.432455532033678480, -3.909999999999999254 ) ) ;
#36 = SURFACE_STYLE_USAGE ( .BOTH. , #2789 ) ;
#37 = DIRECTION ( 'NONE',  ( 0.000000000000000000, 0.000000000000000000, -1.000000000000000000 ) ) ;
#38 = CARTESIAN_POINT ( 'NONE',  ( -5.380000000000000782, 0.000000000000000000, 0.000000000000000000 ) ) ;
#39 = CARTESIAN_POINT ( 'NONE',  ( -5.580000000000000959, 0.4000000000000080158, 2.700000000000005507 ) ) ;
#40 = ORIENTED_EDGE ( 'NONE', *, *, #4481, .F. ) ;
#41 = VECTOR ( 'NONE', #2139, 1000.000000000000000 ) ;
#42 = ORIENTED_EDGE ( 'NONE', *, *, #1044, .F. ) ;
#43 =( LENGTH_UNIT ( ) NAMED_UNIT ( * ) SI_UNIT ( .MILLI., .METRE. ) );
#44 = SURFACE_STYLE_USAGE ( .BOTH. , #6083 ) ;
#45 = DIRECTION ( 'NONE',  ( -0.000000000000000000, 0.000000000000000000, -1.000000000000000000 ) ) ;
#46 = ADVANCED_FACE ( 'NONE', ( #3706 ), #3414, .F. ) ;
#47 = LINE ( 'NONE', #4235, #4016 ) ;
#48 = DIRECTION ( 'NONE',  ( 0.000000000000000000, 0.000000000000000000, -1.000000000000000000 ) ) ;
#49 = CARTESIAN_POINT ( 'NONE',  ( -4.459999999999999076, 5.200000000000000178, 1.800000000000000044 ) ) ;
#50 = ORIENTED_EDGE ( 'NONE', *, *, #4039, .F. ) ;
#51 = CARTESIAN_POINT ( 'NONE',  ( -4.109999999999998543, -3.900000000000000799, -3.910000000000000142 ) ) ;
#52 = MECHANICAL_DESIGN_GEOMETRIC_PRESENTATION_REPRESENTATION (  '', ( #5176 ), #2949 ) ;
#53 = CARTESIAN_POINT ( 'NONE',  ( -5.380000000000000782, 4.000000000000001776, 2.199999999999997069 ) ) ;
#54 = EDGE_CURVE ( 'NONE', #5521, #1502, #1665, .T. ) ;
#55 =( LENGTH_UNIT ( ) NAMED_UNIT ( * ) SI_UNIT ( .MILLI., .METRE. ) );
#56 = LINE ( 'NONE', #2257, #4180 ) ;
#57 = ORIENTED_EDGE ( 'NONE', *, *, #3599, .T. ) ;
#58 = SURFACE_STYLE_FILL_AREA ( #1273 ) ;
#59 = CARTESIAN_POINT ( 'NONE',  ( -4.109999999999998543, -3.399999999999996803, -3.910000000000000142 ) ) ;
#60 = MECHANICAL_DESIGN_GEOMETRIC_PRESENTATION_REPRESENTATION (  '', ( #2890 ), #4034 ) ;
#61 = AXIS2_PLACEMENT_3D ( 'NONE', #732, #5043, #5853 ) ;
#62 = DIRECTION ( 'NONE',  ( 0.000000000000000000, 0.000000000000000000, -1.000000000000000000 ) ) ;
#63 = EDGE_CURVE ( 'NONE', #5774, #5324, #1689, .T. ) ;
#64 =( NAMED_UNIT ( * ) SI_UNIT ( $, .STERADIAN. ) SOLID_ANGLE_UNIT ( ) );
#65 = DIRECTION ( 'NONE',  ( 1.000000000000000000, 0.000000000000000000, -0.000000000000000000 ) ) ;
#66 = FILL_AREA_STYLE ('',( #3404 ) ) ;
#67 = UNCERTAINTY_MEASURE_WITH_UNIT (LENGTH_MEASURE( 1.000000000000000082E-05 ), #4963, 'distance_accuracy_value', 'NONE');
#68 = ORIENTED_EDGE ( 'NONE', *, *, #3615, .T. ) ;
#69 = VECTOR ( 'NONE', #48, 1000.000000000000000 ) ;
#70 = SURFACE_STYLE_USAGE ( .BOTH. , #605 ) ;
#71 = PRESENTATION_LAYER_ASSIGNMENT (  '', '', ( #4778 ) ) ;
#72 = MECHANICAL_DESIGN_GEOMETRIC_PRESENTATION_REPRESENTATION (  '', ( #225 ), #3056 ) ;
#73 = DIRECTION ( 'NONE',  ( 0.000000000000000000, -1.000000000000000000, 1.858632295689434031E-15 ) ) ;
#74 = DIRECTION ( 'NONE',  ( 0.000000000000000000, 0.000000000000000000, -1.000000000000000000 ) ) ;
#75 = VECTOR ( 'NONE', #5080, 1000.000000000000000 ) ;
#76 = ORIENTED_EDGE ( 'NONE', *, *, #6136, .F. ) ;
#77 = SURFACE_STYLE_USAGE ( .BOTH. , #2427 ) ;
#78 = DIRECTION ( 'NONE',  ( 0.000000000000000000, 0.000000000000000000, -1.000000000000000000 ) ) ;
#79 = CARTESIAN_POINT ( 'NONE',  ( -5.580000000000000959, 0.2000000000000078937, -2.700000000000001510 ) ) ;
#80 = EDGE_CURVE ( 'NONE', #1263, #2574, #1632, .T. ) ;
#81 =( GEOMETRIC_REPRESENTATION_CONTEXT ( 3 ) GLOBAL_UNCERTAINTY_ASSIGNED_CONTEXT ( ( #3856 ) ) GLOBAL_UNIT_ASSIGNED_CONTEXT ( ( #3778, #5237, #4214 ) ) REPRESENTATION_CONTEXT ( 'NONE', 'WORKASPACE' ) );
#82 = DIRECTION ( 'NONE',  ( -0.000000000000000000, -0.000000000000000000, 1.000000000000000000 ) ) ;
#83 = EDGE_CURVE ( 'NONE', #4362, #1517, #3729, .T. ) ;
#84 = STYLED_ITEM ( 'NONE', ( #4901 ), #1847 ) ;
#85 = DIRECTION ( 'NONE',  ( 0.000000000000000000, 0.000000000000000000, -1.000000000000000000 ) ) ;
#86 = ORIENTED_EDGE ( 'NONE', *, *, #2223, .F. ) ;
#87 = ORIENTED_EDGE ( 'NONE', *, *, #5586, .F. ) ;
#88 =( NAMED_UNIT ( * ) SI_UNIT ( $, .STERADIAN. ) SOLID_ANGLE_UNIT ( ) );
#90 = VECTOR ( 'NONE', #2225, 1000.000000000000000 ) ;
#89 = FACE_OUTER_BOUND ( 'NONE', #5223, .T. ) ;
#91 = CARTESIAN_POINT ( 'NONE',  ( 0.9700000000000011946, -8.432455532033678480, -3.710000000000000409 ) ) ;
#92 = DIRECTION ( 'NONE',  ( 0.000000000000000000, 0.000000000000000000, -1.000000000000000000 ) ) ;
#93 = LINE ( 'NONE', #5967, #4332 ) ;
#94 = ORIENTED_EDGE ( 'NONE', *, *, #3779, .T. ) ;
#95 = MECHANICAL_DESIGN_GEOMETRIC_PRESENTATION_REPRESENTATION (  '', ( #2653 ), #3796 ) ;
#97 = LINE ( 'NONE', #3334, #150 ) ;
#96 = LINE ( 'NONE', #2116, #4267 ) ;
#98 = CARTESIAN_POINT ( 'NONE',  ( 5.080000000000000071, 0.6999999999999999556, 0.000000000000000000 ) ) ;
#99 = CARTESIAN_POINT ( 'NONE',  ( 3.510000000000002007, -3.399999999999996803, -3.910000000000000142 ) ) ;
#100 = PRESENTATION_LAYER_ASSIGNMENT (  '', '', ( #5466 ) ) ;
#101 = DIRECTION ( 'NONE',  ( -1.000000000000000000, -0.000000000000000000, -0.000000000000000000 ) ) ;
#102 = DIRECTION ( 'NONE',  ( 1.000000000000000000, 0.000000000000000000, -1.445602896647338522E-15 ) ) ;
#103 = VECTOR ( 'NONE', #1602, 1000.000000000000000 ) ;
#104 = PRESENTATION_STYLE_ASSIGNMENT (( #8 ) ) ;
#105 = SURFACE_STYLE_FILL_AREA ( #353 ) ;
#106 = FILL_AREA_STYLE_COLOUR ( '', #167 ) ;
#107 =( NAMED_UNIT ( * ) PLANE_ANGLE_UNIT ( ) SI_UNIT ( $, .RADIAN. ) );
#108 = FILL_AREA_STYLE_COLOUR ( '', #516 ) ;
#109 =( NAMED_UNIT ( * ) PLANE_ANGLE_UNIT ( ) SI_UNIT ( $, .RADIAN. ) );
#110 = SURFACE_STYLE_FILL_AREA ( #3380 ) ;
#111 = CARTESIAN_POINT ( 'NONE',  ( 3.510000000000001119, -8.432455532033678480, 3.710000000000000409 ) ) ;
#112 = CARTESIAN_POINT ( 'NONE',  ( 1.920000000000001483, 5.099999999999999645, -1.800000000000000044 ) ) ;
#114 = FACE_OUTER_BOUND ( 'NONE', #1618, .T. ) ;
#113 = VECTOR ( 'NONE', #3645, 1000.000000000000000 ) ;
#115 = ADVANCED_FACE ( 'NONE', ( #5791 ), #1255, .T. ) ;
#116 = SHAPE_DEFINITION_REPRESENTATION ( #6094, #2236 ) ;
#117 = FILL_AREA_STYLE_COLOUR ( '', #4298 ) ;
#118 = AXIS2_PLACEMENT_3D ( 'NONE', #91, #4797, #956 ) ;
#119 = LINE ( 'NONE', #5497, #2251 ) ;
#120 = ORIENTED_EDGE ( 'NONE', *, *, #1916, .F. ) ;
#121 = EDGE_CURVE ( 'NONE', #1572, #458, #892, .T. ) ;
#122 = DIRECTION ( 'NONE',  ( -0.2873478855663433862, -0.9578262852211519851, -4.153909357201945673E-16 ) ) ;
#123 = SURFACE_STYLE_FILL_AREA ( #4504 ) ;
#124 =( NAMED_UNIT ( * ) PLANE_ANGLE_UNIT ( ) SI_UNIT ( $, .RADIAN. ) );
#125 = VECTOR ( 'NONE', #3206, 1000.000000000000000 ) ;
#126 = PRESENTATION_LAYER_ASSIGNMENT (  '', '', ( #295 ) ) ;
#127 = ORIENTED_EDGE ( 'NONE', *, *, #5180, .T. ) ;
#128 = CARTESIAN_POINT ( 'NONE',  ( -5.380000000000000782, 4.000000000000000000, -0.7999999999999999334 ) ) ;
#129 = CARTESIAN_POINT ( 'NONE',  ( -0.6199999999999985523, 5.099999999999999645, -1.800000000000000044 ) ) ;
#130 = FILL_AREA_STYLE_COLOUR ( '', #3910 ) ;
#131 = DIRECTION ( 'NONE',  ( 0.000000000000000000, 0.000000000000000000, 1.000000000000000000 ) ) ;
#132 =( NAMED_UNIT ( * ) PLANE_ANGLE_UNIT ( ) SI_UNIT ( $, .RADIAN. ) );
#133 = EDGE_LOOP ( 'NONE', ( #4137, #1087, #2103, #3622 ) ) ;
#134 = PRESENTATION_LAYER_ASSIGNMENT (  '', '', ( #1485 ) ) ;
#135 = VECTOR ( 'NONE', #5160, 1000.000000000000000 ) ;
#136 = FACE_OUTER_BOUND ( 'NONE', #2513, .T. ) ;
#137 = PRESENTATION_LAYER_ASSIGNMENT (  '', '', ( #4050 ) ) ;
#138 = UNCERTAINTY_MEASURE_WITH_UNIT (LENGTH_MEASURE( 1.000000000000000082E-05 ), #484, 'distance_accuracy_value', 'NONE');
#139 = PLANE ( 'NONE',  #1950 ) ;
#140 = CARTESIAN_POINT ( 'NONE',  ( -1.919999999999998597, 5.200000000000000178, 1.800000000000000044 ) ) ;
#141 = EDGE_CURVE ( 'NONE', #3557, #4288, #2937, .T. ) ;
#142 = SURFACE_STYLE_USAGE ( .BOTH. , #1061 ) ;
#143 = EDGE_LOOP ( 'NONE', ( #5647, #2385, #588, #3391, #1011, #5667, #3362, #1119, #339, #1184 ) ) ;
#144 = CARTESIAN_POINT ( 'NONE',  ( 3.510000000000001119, 0.6999999999999999556, 3.710000000000000409 ) ) ;
#145 = DIRECTION ( 'NONE',  ( 1.000000000000000000, -0.000000000000000000, -0.000000000000000000 ) ) ;
#146 = CARTESIAN_POINT ( 'NONE',  ( -1.119999999999998996, -3.900000000000000799, 3.909999999999999254 ) ) ;
#147 = FILL_AREA_STYLE ('',( #5384 ) ) ;
#148 = FACE_OUTER_BOUND ( 'NONE', #5920, .T. ) ;
#150 = VECTOR ( 'NONE', #3644, 1000.000000000000000 ) ;
#149 = PRESENTATION_STYLE_ASSIGNMENT (( #6013 ) ) ;
#151 = MECHANICAL_DESIGN_GEOMETRIC_PRESENTATION_REPRESENTATION (  '', ( #4195 ), #2472 ) ;
#152 = EDGE_CURVE ( 'NONE', #4307, #603, #4919, .T. ) ;
#153 = STYLED_ITEM ( 'NONE', ( #1098 ), #2091 ) ;
#154 = CARTESIAN_POINT ( 'NONE',  ( -1.919999999999998597, 5.700000000000000178, 1.800000000000000044 ) ) ;
#155 = DIRECTION ( 'NONE',  ( -1.000000000000000000, 0.000000000000000000, -0.000000000000000000 ) ) ;
#156 = LINE ( 'NONE', #3064, #251 ) ;
#157 = ORIENTED_EDGE ( 'NONE', *, *, #2036, .F. ) ;
#158 = PRESENTATION_STYLE_ASSIGNMENT (( #2947 ) ) ;
#159 = PLANE ( 'NONE',  #2484 ) ;
#160 = SURFACE_STYLE_FILL_AREA ( #2297 ) ;
#161 = VECTOR ( 'NONE', #2804, 1000.000000000000000 ) ;
#162 = DIRECTION ( 'NONE',  ( 0.000000000000000000, -0.000000000000000000, -1.000000000000000000 ) ) ;
#163 = DIRECTION ( 'NONE',  ( 0.000000000000000000, 0.000000000000000000, 1.000000000000000000 ) ) ;
#164 = ADVANCED_FACE ( 'NONE', ( #770 ), #3231, .F. ) ;
#165 = PLANE ( 'NONE',  #2108 ) ;
#166 = AXIS2_PLACEMENT_3D ( 'NONE', #1658, #2658, #1705 ) ;
#167 = COLOUR_RGB ( '',0.7921568627450980005, 0.8196078431372548767, 0.9333333333333333481 ) ;
#168 = ORIENTED_EDGE ( 'NONE', *, *, #3233, .T. ) ;
#169 = CIRCLE ( 'NONE', #4359, 0.2000000000000005107 ) ;
#171 = VECTOR ( 'NONE', #5924, 1000.000000000000114 ) ;
#170 = VECTOR ( 'NONE', #3923, 1000.000000000000000 ) ;
#172 = PLANE ( 'NONE',  #3547 ) ;
#173 = ADVANCED_FACE ( 'NONE', ( #2834 ), #3640, .F. ) ;
#174 = CARTESIAN_POINT ( 'NONE',  ( 5.380000000000000782, 4.000000000000000000, -2.199999999999999734 ) ) ;
#175 = DIRECTION ( 'NONE',  ( -0.000000000000000000, 1.000000000000000000, 0.000000000000000000 ) ) ;
#176 =( NAMED_UNIT ( * ) SI_UNIT ( $, .STERADIAN. ) SOLID_ANGLE_UNIT ( ) );
#177 = CARTESIAN_POINT ( 'NONE',  ( -5.380000000000000782, 4.000000000000000000, -0.7999999999999999334 ) ) ;
#178 =( NAMED_UNIT ( * ) PLANE_ANGLE_UNIT ( ) SI_UNIT ( $, .RADIAN. ) );
#179 = LINE ( 'NONE', #274, #2271 ) ;
#180 = ORIENTED_EDGE ( 'NONE', *, *, #4165, .T. ) ;
#181 = CYLINDRICAL_SURFACE ( 'NONE', #3845, 0.2000000000000005107 ) ;
#183 = VECTOR ( 'NONE', #2338, 1000.000000000000000 ) ;
#182 = SURFACE_STYLE_FILL_AREA ( #3464 ) ;
#184 = AXIS2_PLACEMENT_3D ( 'NONE', #4626, #2017, #45 ) ;
#185 =( NAMED_UNIT ( * ) SI_UNIT ( $, .STERADIAN. ) SOLID_ANGLE_UNIT ( ) );
#186 = AXIS2_PLACEMENT_3D ( 'NONE', #4109, #4582, #789 ) ;
#187 = FILL_AREA_STYLE_COLOUR ( '', #2679 ) ;
#188 = SURFACE_SIDE_STYLE ('',( #5809 ) ) ;
#189 =( NAMED_UNIT ( * ) PLANE_ANGLE_UNIT ( ) SI_UNIT ( $, .RADIAN. ) );
#190 = CARTESIAN_POINT ( 'NONE',  ( 4.110000000000001208, -8.432455532033678480, -3.909999999999999254 ) ) ;
#191 = ORIENTED_EDGE ( 'NONE', *, *, #3922, .T. ) ;
#192 = LINE ( 'NONE', #233, #4361 ) ;
#193 = VERTEX_POINT ( 'NONE', #4846 ) ;
#194 = SURFACE_STYLE_USAGE ( .BOTH. , #5938 ) ;
#195 = SURFACE_STYLE_FILL_AREA ( #4896 ) ;
#196 = CARTESIAN_POINT ( 'NONE',  ( -5.380000000000000782, 2.600000000000000533, 2.199999999999999734 ) ) ;
#197 = CARTESIAN_POINT ( 'NONE',  ( 1.570000000000001616, -3.399999999999995026, -3.710000000000000409 ) ) ;
#198 = LINE ( 'NONE', #2731, #2264 ) ;
#199 = FACE_OUTER_BOUND ( 'NONE', #1853, .T. ) ;
#200 = DIRECTION ( 'NONE',  ( 0.000000000000000000, 1.239088197126291458E-15, 1.000000000000000000 ) ) ;
#201 =( GEOMETRIC_REPRESENTATION_CONTEXT ( 3 ) GLOBAL_UNCERTAINTY_ASSIGNED_CONTEXT ( ( #974 ) ) GLOBAL_UNIT_ASSIGNED_CONTEXT ( ( #1147, #2505, #1097 ) ) REPRESENTATION_CONTEXT ( 'NONE', 'WORKASPACE' ) );
#202 = EDGE_CURVE ( 'NONE', #487, #3643, #2818, .T. ) ;
#203 = VERTEX_POINT ( 'NONE', #5841 ) ;
#204 =( NAMED_UNIT ( * ) PLANE_ANGLE_UNIT ( ) SI_UNIT ( $, .RADIAN. ) );
#205 = PLANE ( 'NONE',  #2407 ) ;
#206 = EDGE_CURVE ( 'NONE', #5473, #439, #4857, .T. ) ;
#207 = FACE_OUTER_BOUND ( 'NONE', #5873, .T. ) ;
#208 = LINE ( 'NONE', #2485, #2400 ) ;
#209 = FILL_AREA_STYLE ('',( #5949 ) ) ;
#210 = SURFACE_SIDE_STYLE ('',( #4245 ) ) ;
#211 = ORIENTED_EDGE ( 'NONE', *, *, #2718, .T. ) ;
#212 = PLANE ( 'NONE',  #244 ) ;
#213 = MECHANICAL_DESIGN_GEOMETRIC_PRESENTATION_REPRESENTATION (  '', ( #3836 ), #5821 ) ;
#214 = ORIENTED_EDGE ( 'NONE', *, *, #4461, .T. ) ;
#215 = ORIENTED_EDGE ( 'NONE', *, *, #1118, .F. ) ;
#216 = UNCERTAINTY_MEASURE_WITH_UNIT (LENGTH_MEASURE( 1.000000000000000082E-05 ), #1907, 'distance_accuracy_value', 'NONE');
#217 = UNCERTAINTY_MEASURE_WITH_UNIT (LENGTH_MEASURE( 1.000000000000000082E-05 ), #2320, 'distance_accuracy_value', 'NONE');
#218 = EDGE_CURVE ( 'NONE', #5669, #273, #799, .T. ) ;
#219 = EDGE_LOOP ( 'NONE', ( #494, #1428, #1405, #2869 ) ) ;
#220 = CARTESIAN_POINT ( 'NONE',  ( -0.6199999999999985523, 5.099999999999999645, -1.800000000000000044 ) ) ;
#221 =( LENGTH_UNIT ( ) NAMED_UNIT ( * ) SI_UNIT ( .MILLI., .METRE. ) );
#222 = FILL_AREA_STYLE ('',( #4110 ) ) ;
#223 = AXIS2_PLACEMENT_3D ( 'NONE', #2020, #3623, #4101 ) ;
#224 = EDGE_CURVE ( 'NONE', #2436, #1762, #2901, .T. ) ;
#225 = STYLED_ITEM ( 'NONE', ( #5840 ), #5912 ) ;
#226 = DIRECTION ( 'NONE',  ( 0.000000000000000000, 0.000000000000000000, -1.000000000000000000 ) ) ;
#227 =( NAMED_UNIT ( * ) PLANE_ANGLE_UNIT ( ) SI_UNIT ( $, .RADIAN. ) );
#228 =( NAMED_UNIT ( * ) PLANE_ANGLE_UNIT ( ) SI_UNIT ( $, .RADIAN. ) );
#229 = FACE_OUTER_BOUND ( 'NONE', #3612, .T. ) ;
#230 = ORIENTED_EDGE ( 'NONE', *, *, #832, .F. ) ;
#231 = LINE ( 'NONE', #4405, #4455 ) ;
#232 = ORIENTED_EDGE ( 'NONE', *, *, #5023, .T. ) ;
#233 = CARTESIAN_POINT ( 'NONE',  ( 5.580000000000000959, 0.4000000000000001887, 4.949999999999982414 ) ) ;
#234 = EDGE_CURVE ( 'NONE', #4307, #591, #2845, .T. ) ;
#235 = ADVANCED_FACE ( 'NONE', ( #4946 ), #1447, .F. ) ;
#236 =( NAMED_UNIT ( * ) SI_UNIT ( $, .STERADIAN. ) SOLID_ANGLE_UNIT ( ) );
#237 =( NAMED_UNIT ( * ) SI_UNIT ( $, .STERADIAN. ) SOLID_ANGLE_UNIT ( ) );
#238 = PLANE ( 'NONE',  #5922 ) ;
#239 = CARTESIAN_POINT ( 'NONE',  ( -1.919999999999998597, 5.099999999999999645, -1.800000000000000044 ) ) ;
#240 = EDGE_CURVE ( 'NONE', #4506, #3021, #844, .T. ) ;
#241 = ORIENTED_EDGE ( 'NONE', *, *, #2146, .F. ) ;
#242 = LINE ( 'NONE', #3409, #2296 ) ;
#243 = ORIENTED_EDGE ( 'NONE', *, *, #2105, .T. ) ;
#244 = AXIS2_PLACEMENT_3D ( 'NONE', #2061, #2177, #2998 ) ;
#245 = DIRECTION ( 'NONE',  ( -0.000000000000000000, 1.000000000000000000, -0.000000000000000000 ) ) ;
#246 = FILL_AREA_STYLE ('',( #2519 ) ) ;
#247 = FILL_AREA_STYLE ('',( #2520 ) ) ;
#248 = VERTEX_POINT ( 'NONE', #376 ) ;
#249 = AXIS2_PLACEMENT_3D ( 'NONE', #5843, #37, #2373 ) ;
#250 = SURFACE_SIDE_STYLE ('',( #3890 ) ) ;
#251 = VECTOR ( 'NONE', #6015, 1000.000000000000000 ) ;
#252 = EDGE_LOOP ( 'NONE', ( #3886, #2375, #1768, #4518, #1937, #5169 ) ) ;
#253 = FACE_OUTER_BOUND ( 'NONE', #550, .T. ) ;
#254 = DIRECTION ( 'NONE',  ( -0.000000000000000000, -0.000000000000000000, 1.000000000000000000 ) ) ;
#255 = LINE ( 'NONE', #4303, #4386 ) ;
#256 = EDGE_LOOP ( 'NONE', ( #4562, #2713, #1339, #4976 ) ) ;
#257 =( NAMED_UNIT ( * ) SI_UNIT ( $, .STERADIAN. ) SOLID_ANGLE_UNIT ( ) );
#258 = ORIENTED_EDGE ( 'NONE', *, *, #2223, .T. ) ;
#259 = ORIENTED_EDGE ( 'NONE', *, *, #675, .T. ) ;
#260 = ORIENTED_EDGE ( 'NONE', *, *, #289, .F. ) ;
#261 = VECTOR ( 'NONE', #534, 1000.000000000000000 ) ;
#262 = CARTESIAN_POINT ( 'NONE',  ( 5.580000000000000959, 0.4000000000000001887, 4.950000000000006395 ) ) ;
#263 = ORIENTED_EDGE ( 'NONE', *, *, #2476, .T. ) ;
#264 = CARTESIAN_POINT ( 'NONE',  ( -5.580000000000000959, 4.000000000000000000, -0.7999999999999999334 ) ) ;
#265 =( LENGTH_UNIT ( ) NAMED_UNIT ( * ) SI_UNIT ( .MILLI., .METRE. ) );
#266 = SURFACE_STYLE_USAGE ( .BOTH. , #6010 ) ;
#267 = SURFACE_SIDE_STYLE ('',( #105 ) ) ;
#268 =( LENGTH_UNIT ( ) NAMED_UNIT ( * ) SI_UNIT ( .MILLI., .METRE. ) );
#269 = PRESENTATION_LAYER_ASSIGNMENT (  '', '', ( #735 ) ) ;
#271 =( GEOMETRIC_REPRESENTATION_CONTEXT ( 3 ) GLOBAL_UNCERTAINTY_ASSIGNED_CONTEXT ( ( #5243 ) ) GLOBAL_UNIT_ASSIGNED_CONTEXT ( ( #4737, #2285, #3275 ) ) REPRESENTATION_CONTEXT ( 'NONE', 'WORKASPACE' ) );
#270 = LINE ( 'NONE', #154, #346 ) ;
#272 = VECTOR ( 'NONE', #5717, 1000.000000000000000 ) ;
#273 = VERTEX_POINT ( 'NONE', #5734 ) ;
#274 = CARTESIAN_POINT ( 'NONE',  ( 0.9700000000000011946, -3.399999999999995026, 3.910000000000000142 ) ) ;
#275 = ADVANCED_FACE ( 'NONE', ( #4786 ), #847, .F. ) ;
#276 = DIRECTION ( 'NONE',  ( 0.9578262852211522071, 0.2873478855663425535, -0.000000000000000000 ) ) ;
#277 = CARTESIAN_POINT ( 'NONE',  ( -5.380000000000000782, 2.600000000000000533, 0.7999999999999999334 ) ) ;
#278 = ORIENTED_EDGE ( 'NONE', *, *, #2249, .T. ) ;
#279 = ORIENTED_EDGE ( 'NONE', *, *, #2077, .F. ) ;
#280 = ORIENTED_EDGE ( 'NONE', *, *, #2951, .F. ) ;
#281 =( GEOMETRIC_REPRESENTATION_CONTEXT ( 3 ) GLOBAL_UNCERTAINTY_ASSIGNED_CONTEXT ( ( #4200 ) ) GLOBAL_UNIT_ASSIGNED_CONTEXT ( ( #3302, #1920, #88 ) ) REPRESENTATION_CONTEXT ( 'NONE', 'WORKASPACE' ) );
#282 = FACE_OUTER_BOUND ( 'NONE', #2396, .T. ) ;
#283 = CARTESIAN_POINT ( 'NONE',  ( 0.6200000000000016609, 6.950000000000000178, 0.1999999999999998723 ) ) ;
#284 = LINE ( 'NONE', #1539, #4417 ) ;
#285 = LINE ( 'NONE', #1235, #4432 ) ;
#286 = EDGE_CURVE ( 'NONE', #1830, #2347, #3100, .T. ) ;
#287 = EDGE_LOOP ( 'NONE', ( #468, #1614, #3304, #5432 ) ) ;
#288 = ADVANCED_FACE ( 'NONE', ( #5136 ), #3401, .F. ) ;
#289 = EDGE_CURVE ( 'NONE', #2402, #3727, #1142, .T. ) ;
#290 = SURFACE_STYLE_FILL_AREA ( #3452 ) ;
#291 = ORIENTED_EDGE ( 'NONE', *, *, #1354, .T. ) ;
#292 =( LENGTH_UNIT ( ) NAMED_UNIT ( * ) SI_UNIT ( .MILLI., .METRE. ) );
#293 = UNCERTAINTY_MEASURE_WITH_UNIT (LENGTH_MEASURE( 1.000000000000000082E-05 ), #1555, 'distance_accuracy_value', 'NONE');
#294 = CARTESIAN_POINT ( 'NONE',  ( -3.509999999999998899, -3.399999999999995026, 3.909999999999999254 ) ) ;
#295 = STYLED_ITEM ( 'NONE', ( #3545 ), #2270 ) ;
#296 = PRESENTATION_STYLE_ASSIGNMENT (( #3803 ) ) ;
#297 = DIRECTION ( 'NONE',  ( -0.000000000000000000, -0.000000000000000000, -1.000000000000000000 ) ) ;
#298 = ORIENTED_EDGE ( 'NONE', *, *, #1879, .F. ) ;
#299 =( NAMED_UNIT ( * ) PLANE_ANGLE_UNIT ( ) SI_UNIT ( $, .RADIAN. ) );
#300 = DIRECTION ( 'NONE',  ( 0.000000000000000000, -0.000000000000000000, -1.000000000000000000 ) ) ;
#301 = UNCERTAINTY_MEASURE_WITH_UNIT (LENGTH_MEASURE( 1.000000000000000082E-05 ), #1093, 'distance_accuracy_value', 'NONE');
#302 = EDGE_CURVE ( 'NONE', #2990, #932, #1131, .T. ) ;
#303 = ORIENTED_EDGE ( 'NONE', *, *, #3055, .T. ) ;
#304 = ORIENTED_EDGE ( 'NONE', *, *, #4106, .T. ) ;
#305 = DIRECTION ( 'NONE',  ( 0.000000000000000000, -0.000000000000000000, 1.000000000000000000 ) ) ;
#306 = VECTOR ( 'NONE', #2836, 1000.000000000000000 ) ;
#307 = EDGE_CURVE ( 'NONE', #3269, #3734, #5184, .T. ) ;
#308 = ORIENTED_EDGE ( 'NONE', *, *, #3315, .F. ) ;
#309 = DIRECTION ( 'NONE',  ( 1.000000000000000000, 0.000000000000000000, 0.000000000000000000 ) ) ;
#310 = PRESENTATION_LAYER_ASSIGNMENT (  '', '', ( #823 ) ) ;
#311 = CARTESIAN_POINT ( 'NONE',  ( 4.110000000000001208, -8.432455532033678480, 3.710000000000000409 ) ) ;
#312 = CARTESIAN_POINT ( 'NONE',  ( 5.080000000000000959, 9.109343913354613559E-15, 2.300000000000004263 ) ) ;
#313 = ORIENTED_EDGE ( 'NONE', *, *, #3787, .T. ) ;
#314 = ORIENTED_EDGE ( 'NONE', *, *, #3930, .F. ) ;
#315 = LINE ( 'NONE', #4706, #135 ) ;
#316 = FACE_OUTER_BOUND ( 'NONE', #3462, .T. ) ;
#317 = ORIENTED_EDGE ( 'NONE', *, *, #3073, .T. ) ;
#318 = CARTESIAN_POINT ( 'NONE',  ( -3.159999999999998810, 1.272468158199071553, -1.800000000000000044 ) ) ;
#319 = VECTOR ( 'NONE', #1385, 1000.000000000000000 ) ;
#320 =( GEOMETRIC_REPRESENTATION_CONTEXT ( 3 ) GLOBAL_UNCERTAINTY_ASSIGNED_CONTEXT ( ( #3446 ) ) GLOBAL_UNIT_ASSIGNED_CONTEXT ( ( #2872, #3869, #3949 ) ) REPRESENTATION_CONTEXT ( 'NONE', 'WORKASPACE' ) );
#321 = FILL_AREA_STYLE ('',( #1749 ) ) ;
#322 = CARTESIAN_POINT ( 'NONE',  ( 5.380000000000000782, 2.600000000000000533, 2.199999999999999734 ) ) ;
#323 = ORIENTED_EDGE ( 'NONE', *, *, #515, .F. ) ;
#324 = ORIENTED_EDGE ( 'NONE', *, *, #4057, .F. ) ;
#325 = COLOUR_RGB ( '',0.7921568627450980005, 0.8196078431372548767, 0.9333333333333333481 ) ;
#326 =( NAMED_UNIT ( * ) PLANE_ANGLE_UNIT ( ) SI_UNIT ( $, .RADIAN. ) );
#327 = LINE ( 'NONE', #2811, #170 ) ;
#328 = STYLED_ITEM ( 'NONE', ( #4983 ), #5245 ) ;
#329 = CARTESIAN_POINT ( 'NONE',  ( -5.380000000000000782, 2.600000000000000533, -0.7999999999999999334 ) ) ;
#330 = DIRECTION ( 'NONE',  ( 0.000000000000000000, 0.000000000000000000, 1.000000000000000000 ) ) ;
#331 = ADVANCED_FACE ( 'NONE', ( #3285 ), #1641, .F. ) ;
#332 = DIRECTION ( 'NONE',  ( 1.000000000000000000, 0.000000000000000000, 0.000000000000000000 ) ) ;
#333 = ORIENTED_EDGE ( 'NONE', *, *, #5836, .T. ) ;
#334 = ORIENTED_EDGE ( 'NONE', *, *, #1035, .F. ) ;
#335 = ORIENTED_EDGE ( 'NONE', *, *, #1832, .F. ) ;
#336 =( NAMED_UNIT ( * ) PLANE_ANGLE_UNIT ( ) SI_UNIT ( $, .RADIAN. ) );
#337 = PRESENTATION_STYLE_ASSIGNMENT (( #899 ) ) ;
#338 = FILL_AREA_STYLE_COLOUR ( '', #961 ) ;
#339 = ORIENTED_EDGE ( 'NONE', *, *, #2774, .T. ) ;
#340 = FILL_AREA_STYLE_COLOUR ( '', #1291 ) ;
#341 = CARTESIAN_POINT ( 'NONE',  ( -5.080000000000000959, 0.4000000000000080158, 2.700000000000005507 ) ) ;
#342 = ADVANCED_FACE ( 'NONE', ( #5086 ), #1687, .F. ) ;
#343 =( GEOMETRIC_REPRESENTATION_CONTEXT ( 3 ) GLOBAL_UNCERTAINTY_ASSIGNED_CONTEXT ( ( #3515 ) ) GLOBAL_UNIT_ASSIGNED_CONTEXT ( ( #5619, #4186, #5116 ) ) REPRESENTATION_CONTEXT ( 'NONE', 'WORKASPACE' ) );
#344 =( NAMED_UNIT ( * ) SI_UNIT ( $, .STERADIAN. ) SOLID_ANGLE_UNIT ( ) );
#345 = COLOUR_RGB ( '',1.000000000000000000, 0.8117647058823529438, 0.5019607843137254832 ) ;
#346 = VECTOR ( 'NONE', #82, 1000.000000000000000 ) ;
#347 = DIRECTION ( 'NONE',  ( -0.000000000000000000, -1.000000000000000000, -0.000000000000000000 ) ) ;
#348 = LINE ( 'NONE', #943, #2442 ) ;
#349 =( GEOMETRIC_REPRESENTATION_CONTEXT ( 3 ) GLOBAL_UNCERTAINTY_ASSIGNED_CONTEXT ( ( #2894 ) ) GLOBAL_UNIT_ASSIGNED_CONTEXT ( ( #1850, #1895, #64 ) ) REPRESENTATION_CONTEXT ( 'NONE', 'WORKASPACE' ) );
#350 = EDGE_CURVE ( 'NONE', #628, #4119, #5280, .T. ) ;
#351 = PLANE ( 'NONE',  #184 ) ;
#352 = CARTESIAN_POINT ( 'NONE',  ( -4.459999999999999076, 6.950000000000000178, 0.1999999999999998723 ) ) ;
#353 = FILL_AREA_STYLE ('',( #5704 ) ) ;
#354 =( NAMED_UNIT ( * ) SI_UNIT ( $, .STERADIAN. ) SOLID_ANGLE_UNIT ( ) );
#355 = ORIENTED_EDGE ( 'NONE', *, *, #3769, .T. ) ;
#356 = LINE ( 'NONE', #5532, #2255 ) ;
#357 = SURFACE_STYLE_FILL_AREA ( #1435 ) ;
#358 = ORIENTED_EDGE ( 'NONE', *, *, #4064, .F. ) ;
#359 = CARTESIAN_POINT ( 'NONE',  ( 5.580000000000000959, 2.600000000000000533, -2.199999999999999734 ) ) ;
#360 = COLOUR_RGB ( '',1.000000000000000000, 0.8117647058823529438, 0.5019607843137254832 ) ;
#361 = PRESENTATION_LAYER_ASSIGNMENT (  '', '', ( #2890 ) ) ;
#362 = CARTESIAN_POINT ( 'NONE',  ( 1.120000000000001217, -3.900000000000000355, 0.000000000000000000 ) ) ;
#363 = EDGE_CURVE ( 'NONE', #5732, #2704, #5110, .T. ) ;
#364 = CARTESIAN_POINT ( 'NONE',  ( -3.509999999999998899, -3.399999999999995026, -3.710000000000000409 ) ) ;
#365 = ORIENTED_EDGE ( 'NONE', *, *, #5351, .T. ) ;
#366 = ORIENTED_EDGE ( 'NONE', *, *, #5981, .F. ) ;
#367 =( LENGTH_UNIT ( ) NAMED_UNIT ( * ) SI_UNIT ( .MILLI., .METRE. ) );
#368 = LINE ( 'NONE', #4147, #4510 ) ;
#369 = CARTESIAN_POINT ( 'NONE',  ( 4.460000000000000853, 10.26155281280883003, 1.800000000000000044 ) ) ;
#370 = EDGE_CURVE ( 'NONE', #3033, #551, #3336, .T. ) ;
#371 = DIRECTION ( 'NONE',  ( 0.000000000000000000, 3.469446951953613006E-15, -1.000000000000000000 ) ) ;
#372 = UNCERTAINTY_MEASURE_WITH_UNIT (LENGTH_MEASURE( 1.000000000000000082E-05 ), #4010, 'distance_accuracy_value', 'NONE');
#373 =( GEOMETRIC_REPRESENTATION_CONTEXT ( 3 ) GLOBAL_UNCERTAINTY_ASSIGNED_CONTEXT ( ( #5646 ) ) GLOBAL_UNIT_ASSIGNED_CONTEXT ( ( #4755, #5623, #354 ) ) REPRESENTATION_CONTEXT ( 'NONE', 'WORKASPACE' ) );
#374 = EDGE_LOOP ( 'NONE', ( #3810, #1076, #3552, #3411, #157, #120 ) ) ;
#375 = VECTOR ( 'NONE', #2093, 1000.000000000000000 ) ;
#376 = CARTESIAN_POINT ( 'NONE',  ( -5.580000000000000959, 5.700000000000000178, -4.950000000000000178 ) ) ;
#377 = EDGE_CURVE ( 'NONE', #405, #4542, #5360, .T. ) ;
#378 = SURFACE_SIDE_STYLE ('',( #5633 ) ) ;
#379 = VECTOR ( 'NONE', #4190, 1000.000000000000000 ) ;
#380 = ADVANCED_FACE ( 'NONE', ( #5339 ), #1495, .F. ) ;
#381 = CARTESIAN_POINT ( 'NONE',  ( 3.160000000000001474, 5.099999999999999645, 1.800000000000000044 ) ) ;
#382 = EDGE_CURVE ( 'NONE', #5400, #4872, #3319, .T. ) ;
#383 = ORIENTED_EDGE ( 'NONE', *, *, #5566, .F. ) ;
#384 = VERTEX_POINT ( 'NONE', #6007 ) ;
#385 = MECHANICAL_DESIGN_GEOMETRIC_PRESENTATION_REPRESENTATION (  '', ( #5222 ), #3463 ) ;
#386 = LINE ( 'NONE', #4847, #2445 ) ;
#387 = DIRECTION ( 'NONE',  ( -0.000000000000000000, 1.000000000000000000, 0.000000000000000000 ) ) ;
#388 = PRESENTATION_STYLE_ASSIGNMENT (( #3746 ) ) ;
#389 = VECTOR ( 'NONE', #2716, 1000.000000000000000 ) ;
#390 = VERTEX_POINT ( 'NONE', #264 ) ;
#391 = FILL_AREA_STYLE_COLOUR ( '', #4957 ) ;
#392 = LINE ( 'NONE', #4926, #481 ) ;
#393 = DIRECTION ( 'NONE',  ( 0.000000000000000000, -0.000000000000000000, 1.000000000000000000 ) ) ;
#394 = CARTESIAN_POINT ( 'NONE',  ( -5.380000000000000782, 4.000000000000000000, -0.7999999999999999334 ) ) ;
#395 = VECTOR ( 'NONE', #2560, 1000.000000000000000 ) ;
#396 = CARTESIAN_POINT ( 'NONE',  ( 2.540000000000000036, -3.900000000000000355, 0.000000000000000000 ) ) ;
#397 = VERTEX_POINT ( 'NONE', #3550 ) ;
#398 = ORIENTED_EDGE ( 'NONE', *, *, #3037, .F. ) ;
#399 = VECTOR ( 'NONE', #254, 1000.000000000000000 ) ;
#400 = AXIS2_PLACEMENT_3D ( 'NONE', #4252, #2755, #29 ) ;
#401 = ORIENTED_EDGE ( 'NONE', *, *, #6162, .T. ) ;
#402 =( NAMED_UNIT ( * ) SI_UNIT ( $, .STERADIAN. ) SOLID_ANGLE_UNIT ( ) );
#403 = CARTESIAN_POINT ( 'NONE',  ( -1.569999999999998064, 0.6999999999999999556, -3.910000000000000142 ) ) ;
#404 = MECHANICAL_DESIGN_GEOMETRIC_PRESENTATION_REPRESENTATION (  '', ( #1989 ), #2866 ) ;
#405 = VERTEX_POINT ( 'NONE', #129 ) ;
#406 = DIRECTION ( 'NONE',  ( 1.000000000000000000, -0.000000000000000000, -0.000000000000000000 ) ) ;
#407 = VECTOR ( 'NONE', #4373, 1000.000000000000000 ) ;
#408 = COLOUR_RGB ( '',1.000000000000000000, 0.8117647058823529438, 0.5019607843137254832 ) ;
#409 = CARTESIAN_POINT ( 'NONE',  ( 1.570000000000001616, -3.399999999999995026, 3.909999999999999254 ) ) ;
#410 = PLANE ( 'NONE',  #606 ) ;
#411 = ORIENTED_EDGE ( 'NONE', *, *, #5765, .T. ) ;
#412 = LINE ( 'NONE', #3373, #4651 ) ;
#413 = MANIFOLD_SOLID_BREP ( 'Chamfer1', #3583 ) ;
#414 = EDGE_LOOP ( 'NONE', ( #3748, #1343, #1709, #3665 ) ) ;
#415 = MECHANICAL_DESIGN_GEOMETRIC_PRESENTATION_REPRESENTATION (  '', ( #922 ), #343 ) ;
#416 = DIRECTION ( 'NONE',  ( 0.000000000000000000, 0.000000000000000000, -1.000000000000000000 ) ) ;
#417 = FACE_OUTER_BOUND ( 'NONE', #4598, .T. ) ;
#418 = FILL_AREA_STYLE ('',( #2207 ) ) ;
#419 = CARTESIAN_POINT ( 'NONE',  ( -4.459999999999999076, 5.099999999999999645, 1.800000000000000044 ) ) ;
#420 =( NAMED_UNIT ( * ) PLANE_ANGLE_UNIT ( ) SI_UNIT ( $, .RADIAN. ) );
#421 = LINE ( 'NONE', #4344, #2497 ) ;
#422 = DIRECTION ( 'NONE',  ( 1.000000000000000000, -0.000000000000000000, -0.000000000000000000 ) ) ;
#423 = VECTOR ( 'NONE', #5541, 1000.000000000000000 ) ;
#424 = ORIENTED_EDGE ( 'NONE', *, *, #1666, .T. ) ;
#425 = VERTEX_POINT ( 'NONE', #4083 ) ;
#426 =( GEOMETRIC_REPRESENTATION_CONTEXT ( 3 ) GLOBAL_UNCERTAINTY_ASSIGNED_CONTEXT ( ( #1295 ) ) GLOBAL_UNIT_ASSIGNED_CONTEXT ( ( #1921, #124, #2533 ) ) REPRESENTATION_CONTEXT ( 'NONE', 'WORKASPACE' ) );
#427 = FACE_OUTER_BOUND ( 'NONE', #4715, .T. ) ;
#428 = EDGE_CURVE ( 'NONE', #3821, #487, #231, .T. ) ;
#429 = ORIENTED_EDGE ( 'NONE', *, *, #2161, .F. ) ;
#430 = SURFACE_SIDE_STYLE ('',( #3114 ) ) ;
#431 = PRESENTATION_STYLE_ASSIGNMENT (( #4472 ) ) ;
#432 = ADVANCED_FACE ( 'NONE', ( #4385 ), #4007, .F. ) ;
#433 = CARTESIAN_POINT ( 'NONE',  ( 4.110000000000001208, 0.6999999999999999556, -3.710000000000000409 ) ) ;
#434 = DIRECTION ( 'NONE',  ( 0.000000000000000000, -3.469446951953613006E-15, 1.000000000000000000 ) ) ;
#435 = PRESENTATION_STYLE_ASSIGNMENT (( #142 ) ) ;
#436 = CARTESIAN_POINT ( 'NONE',  ( 0.6200000000000016609, 10.26155281280883003, 1.800000000000000044 ) ) ;
#437 = ORIENTED_EDGE ( 'NONE', *, *, #2094, .F. ) ;
#438 = ORIENTED_EDGE ( 'NONE', *, *, #286, .T. ) ;
#439 = VERTEX_POINT ( 'NONE', #3596 ) ;
#440 = FACE_OUTER_BOUND ( 'NONE', #5098, .T. ) ;
#441 = STYLED_ITEM ( 'NONE', ( #3686 ), #2368 ) ;
#442 = EDGE_CURVE ( 'NONE', #425, #4429, #169, .T. ) ;
#443 = DIRECTION ( 'NONE',  ( 0.000000000000000000, -0.000000000000000000, 1.000000000000000000 ) ) ;
#444 = CARTESIAN_POINT ( 'NONE',  ( 3.510000000000001119, -3.399999999999995026, 3.910000000000000142 ) ) ;
#445 = DIRECTION ( 'NONE',  ( 1.000000000000000000, 0.000000000000000000, -1.445602896647338522E-15 ) ) ;
#446 = FACE_OUTER_BOUND ( 'NONE', #501, .T. ) ;
#447 = EDGE_LOOP ( 'NONE', ( #1575, #3423, #5567, #4842 ) ) ;
#448 = VERTEX_POINT ( 'NONE', #4543 ) ;
#449 = VECTOR ( 'NONE', #608, 1000.000000000000000 ) ;
#450 = UNCERTAINTY_MEASURE_WITH_UNIT (LENGTH_MEASURE( 1.000000000000000082E-05 ), #4639, 'distance_accuracy_value', 'NONE');
#451 = CARTESIAN_POINT ( 'NONE',  ( -1.569999999999998952, 0.6999999999999999556, -3.710000000000000409 ) ) ;
#452 = PRESENTATION_LAYER_ASSIGNMENT (  '', '', ( #4391 ) ) ;
#453 = EDGE_CURVE ( 'NONE', #5547, #5229, #2290, .T. ) ;
#454 = DIRECTION ( 'NONE',  ( 0.000000000000000000, 0.000000000000000000, 1.000000000000000000 ) ) ;
#455 = STYLED_ITEM ( 'NONE', ( #3696 ), #5942 ) ;
#456 = EDGE_LOOP ( 'NONE', ( #1316, #5125, #3221, #263 ) ) ;
#457 = UNCERTAINTY_MEASURE_WITH_UNIT (LENGTH_MEASURE( 1.000000000000000082E-05 ), #6059, 'distance_accuracy_value', 'NONE');
#458 = VERTEX_POINT ( 'NONE', #2449 ) ;
#459 = CLOSED_SHELL ( 'NONE', ( #5471, #3298, #1847, #5001, #331, #3756, #834, #4178 ) ) ;
#460 = EDGE_CURVE ( 'NONE', #1455, #4536, #284, .T. ) ;
#461 = ORIENTED_EDGE ( 'NONE', *, *, #3685, .T. ) ;
#462 = VECTOR ( 'NONE', #5257, 1000.000000000000000 ) ;
#463 = PLANE ( 'NONE',  #2258 ) ;
#464 = LINE ( 'NONE', #3089, #567 ) ;
#465 = CARTESIAN_POINT ( 'NONE',  ( -5.380000000000000782, 0.000000000000000000, 0.000000000000000000 ) ) ;
#466 = DIRECTION ( 'NONE',  ( 0.000000000000000000, -1.000000000000000000, 1.703746271048650163E-15 ) ) ;
#467 = MECHANICAL_DESIGN_GEOMETRIC_PRESENTATION_REPRESENTATION (  '', ( #1972 ), #2722 ) ;
#468 = ORIENTED_EDGE ( 'NONE', *, *, #14, .T. ) ;
#469 = VECTOR ( 'NONE', #4379, 1000.000000000000000 ) ;
#470 = EDGE_CURVE ( 'NONE', #2196, #3269, #4406, .T. ) ;
#471 =( LENGTH_UNIT ( ) NAMED_UNIT ( * ) SI_UNIT ( .MILLI., .METRE. ) );
#472 = CARTESIAN_POINT ( 'NONE',  ( 1.120000000000001217, -3.900000000000000799, -3.710000000000000409 ) ) ;
#473 = PRESENTATION_LAYER_ASSIGNMENT (  '', '', ( #1682 ) ) ;
#474 = LINE ( 'NONE', #190, #395 ) ;
#475 = ORIENTED_EDGE ( 'NONE', *, *, #5367, .F. ) ;
#476 = VERTEX_POINT ( 'NONE', #5317 ) ;
#477 = VERTEX_POINT ( 'NONE', #4454 ) ;
#478 = VECTOR ( 'NONE', #1803, 1000.000000000000000 ) ;
#479 = SURFACE_STYLE_USAGE ( .BOTH. , #4885 ) ;
#480 = ORIENTED_EDGE ( 'NONE', *, *, #1916, .T. ) ;
#481 = VECTOR ( 'NONE', #3416, 1000.000000000000000 ) ;
#482 = CARTESIAN_POINT ( 'NONE',  ( 3.660000000000001030, -3.900000000000000799, 3.710000000000000409 ) ) ;
#483 = AXIS2_PLACEMENT_3D ( 'NONE', #3478, #3974, #4840 ) ;
#484 =( LENGTH_UNIT ( ) NAMED_UNIT ( * ) SI_UNIT ( .MILLI., .METRE. ) );
#485 = CARTESIAN_POINT ( 'NONE',  ( -1.919999999999998597, 5.099999999999999645, 1.800000000000000044 ) ) ;
#486 = DIRECTION ( 'NONE',  ( -0.000000000000000000, -1.000000000000000000, -0.000000000000000000 ) ) ;
#487 = VERTEX_POINT ( 'NONE', #1906 ) ;
#488 = SURFACE_SIDE_STYLE ('',( #1778 ) ) ;
#489 = LINE ( 'NONE', #1248, #4688 ) ;
#490 = VERTEX_POINT ( 'NONE', #1381 ) ;
#491 = DIRECTION ( 'NONE',  ( 1.000000000000000000, 0.000000000000000000, -0.000000000000000000 ) ) ;
#492 = VECTOR ( 'NONE', #4075, 1000.000000000000000 ) ;
#493 = DIRECTION ( 'NONE',  ( 0.000000000000000000, 1.000000000000000000, 0.000000000000000000 ) ) ;
#494 = ORIENTED_EDGE ( 'NONE', *, *, #4234, .F. ) ;
#495 = ADVANCED_FACE ( 'NONE', ( #4335 ), #2802, .F. ) ;
#496 = ORIENTED_EDGE ( 'NONE', *, *, #6120, .F. ) ;
#497 = DIRECTION ( 'NONE',  ( -1.000000000000000000, 0.000000000000000000, -0.000000000000000000 ) ) ;
#498 = ORIENTED_EDGE ( 'NONE', *, *, #6073, .T. ) ;
#499 = FACE_OUTER_BOUND ( 'NONE', #5207, .T. ) ;
#500 = MECHANICAL_DESIGN_GEOMETRIC_PRESENTATION_REPRESENTATION (  '', ( #4528 ), #2005 ) ;
#501 = EDGE_LOOP ( 'NONE', ( #522, #3256, #3933, #5401 ) ) ;
#502 = EDGE_LOOP ( 'NONE', ( #5313, #4470, #3092, #622 ) ) ;
#503 = ORIENTED_EDGE ( 'NONE', *, *, #6002, .F. ) ;
#504 = VECTOR ( 'NONE', #1763, 1000.000000000000000 ) ;
#505 = PLANE ( 'NONE',  #4793 ) ;
#506 = LINE ( 'NONE', #5519, #2576 ) ;
#507 = CARTESIAN_POINT ( 'NONE',  ( 3.160000000000001474, 5.200000000000000178, -1.800000000000000044 ) ) ;
#508 = SURFACE_STYLE_USAGE ( .BOTH. , #1890 ) ;
#509 = CARTESIAN_POINT ( 'NONE',  ( 5.580000000000000959, 5.700000000000000178, 4.950000000000000178 ) ) ;
#510 = EDGE_LOOP ( 'NONE', ( #5404, #5308, #5186, #5747 ) ) ;
#511 = CARTESIAN_POINT ( 'NONE',  ( 5.380000000000000782, 4.000000000000000000, -2.199999999999999734 ) ) ;
#512 = DIRECTION ( 'NONE',  ( 0.2873478855663433862, 0.9578262852211519851, -4.153909357201939757E-16 ) ) ;
#513 = CARTESIAN_POINT ( 'NONE',  ( 0.6200000000000016609, 5.099999999999999645, -1.800000000000000044 ) ) ;
#514 = STYLED_ITEM ( 'NONE', ( #1938 ), #4324 ) ;
#515 = EDGE_CURVE ( 'NONE', #5595, #1830, #4275, .T. ) ;
#516 = COLOUR_RGB ( '',0.2509803921568627416, 0.2509803921568627416, 0.2509803921568627416 ) ;
#517 = VERTEX_POINT ( 'NONE', #2686 ) ;
#518 = ORIENTED_EDGE ( 'NONE', *, *, #5898, .F. ) ;
#519 = FACE_OUTER_BOUND ( 'NONE', #609, .T. ) ;
#520 = EDGE_CURVE ( 'NONE', #1129, #477, #4299, .T. ) ;
#521 = DIRECTION ( 'NONE',  ( -1.000000000000000000, 0.000000000000000000, -0.000000000000000000 ) ) ;
#522 = ORIENTED_EDGE ( 'NONE', *, *, #1351, .F. ) ;
#523 = FILL_AREA_STYLE_COLOUR ( '', #345 ) ;
#524 = PRESENTATION_LAYER_ASSIGNMENT (  '', '', ( #4691 ) ) ;
#525 = CARTESIAN_POINT ( 'NONE',  ( 7.620000000000000107, 5.200000000000000178, 0.000000000000000000 ) ) ;
#526 = VECTOR ( 'NONE', #3413, 1000.000000000000000 ) ;
#527 = VERTEX_POINT ( 'NONE', #3288 ) ;
#528 = CARTESIAN_POINT ( 'NONE',  ( 1.920000000000001483, 5.099999999999999645, 1.800000000000000044 ) ) ;
#529 = ORIENTED_EDGE ( 'NONE', *, *, #4637, .T. ) ;
#530 = LINE ( 'NONE', #3946, #2540 ) ;
#531 = PRESENTATION_STYLE_ASSIGNMENT (( #2528 ) ) ;
#532 = ADVANCED_FACE ( 'NONE', ( #148 ), #2221, .F. ) ;
#533 = ORIENTED_EDGE ( 'NONE', *, *, #350, .T. ) ;
#534 = DIRECTION ( 'NONE',  ( 1.000000000000000000, 0.000000000000000000, 7.228014483236692611E-16 ) ) ;
#535 = VECTOR ( 'NONE', #651, 1000.000000000000000 ) ;
#536 = DIRECTION ( 'NONE',  ( -4.336808689942016158E-15, 0.000000000000000000, 1.000000000000000000 ) ) ;
#537 = DIRECTION ( 'NONE',  ( -1.000000000000000000, -0.000000000000000000, -0.000000000000000000 ) ) ;
#538 = AXIS2_PLACEMENT_3D ( 'NONE', #2015, #78, #3570 ) ;
#539 = EDGE_CURVE ( 'NONE', #5859, #3493, #4281, .T. ) ;
#540 =( GEOMETRIC_REPRESENTATION_CONTEXT ( 3 ) GLOBAL_UNCERTAINTY_ASSIGNED_CONTEXT ( ( #217 ) ) GLOBAL_UNIT_ASSIGNED_CONTEXT ( ( #2320, #2824, #3318 ) ) REPRESENTATION_CONTEXT ( 'NONE', 'WORKASPACE' ) );
#541 = EDGE_LOOP ( 'NONE', ( #5501, #1862, #5868, #1377 ) ) ;
#542 = ORIENTED_EDGE ( 'NONE', *, *, #4043, .F. ) ;
#543 = VECTOR ( 'NONE', #486, 1000.000000000000000 ) ;
#544 = PLANE ( 'NONE',  #118 ) ;
#545 = LINE ( 'NONE', #4069, #399 ) ;
#546 =( NAMED_UNIT ( * ) SI_UNIT ( $, .STERADIAN. ) SOLID_ANGLE_UNIT ( ) );
#547 = ORIENTED_EDGE ( 'NONE', *, *, #2173, .F. ) ;
#548 = UNCERTAINTY_MEASURE_WITH_UNIT (LENGTH_MEASURE( 1.000000000000000082E-05 ), #3978, 'distance_accuracy_value', 'NONE');
#549 = PRESENTATION_STYLE_ASSIGNMENT (( #5256 ) ) ;
#550 = EDGE_LOOP ( 'NONE', ( #5437, #1290, #715, #5496, #1281, #2554 ) ) ;
#551 = VERTEX_POINT ( 'NONE', #5072 ) ;
#552 = EDGE_CURVE ( 'NONE', #4622, #3027, #315, .T. ) ;
#553 = FILL_AREA_STYLE_COLOUR ( '', #5064 ) ;
#554 = PRESENTATION_STYLE_ASSIGNMENT (( #1623 ) ) ;
#555 = STYLED_ITEM ( 'NONE', ( #431 ), #1482 ) ;
#556 = DIRECTION ( 'NONE',  ( 0.000000000000000000, 0.000000000000000000, -1.000000000000000000 ) ) ;
#557 = ORIENTED_EDGE ( 'NONE', *, *, #4835, .F. ) ;
#558 = CARTESIAN_POINT ( 'NONE',  ( 4.460000000000000853, 5.200000000000000178, 1.800000000000000044 ) ) ;
#559 = LINE ( 'NONE', #3681, #492 ) ;
#560 = CARTESIAN_POINT ( 'NONE',  ( 1.570000000000001616, -8.432455532033678480, -3.909999999999999254 ) ) ;
#561 = DIRECTION ( 'NONE',  ( -0.000000000000000000, -1.000000000000000000, -0.000000000000000000 ) ) ;
#562 = PRESENTATION_LAYER_ASSIGNMENT (  '', '', ( #4500 ) ) ;
#563 = LINE ( 'NONE', #1607, #526 ) ;
#564 = VERTEX_POINT ( 'NONE', #1 ) ;
#565 = FACE_OUTER_BOUND ( 'NONE', #3755, .T. ) ;
#566 =( LENGTH_UNIT ( ) NAMED_UNIT ( * ) SI_UNIT ( .MILLI., .METRE. ) );
#567 = VECTOR ( 'NONE', #2671, 1000.000000000000000 ) ;
#568 = CARTESIAN_POINT ( 'NONE',  ( -3.159999999999998810, 5.099999999999999645, -1.800000000000000044 ) ) ;
#569 =( NAMED_UNIT ( * ) PLANE_ANGLE_UNIT ( ) SI_UNIT ( $, .RADIAN. ) );
#570 = LINE ( 'NONE', #617, #4593 ) ;
#571 = CARTESIAN_POINT ( 'NONE',  ( 3.160000000000001474, 6.950000000000000178, 0.1999999999999998723 ) ) ;
#572 =( NAMED_UNIT ( * ) SI_UNIT ( $, .STERADIAN. ) SOLID_ANGLE_UNIT ( ) );
#573 = CARTESIAN_POINT ( 'NONE',  ( 3.160000000000001030, 5.099999999999999645, -1.800000000000000044 ) ) ;
#574 = EDGE_LOOP ( 'NONE', ( #232, #4525, #1020, #3349 ) ) ;
#575 = DIRECTION ( 'NONE',  ( 1.000000000000000000, 0.000000000000000000, 0.000000000000000000 ) ) ;
#576 = EDGE_LOOP ( 'NONE', ( #2586, #4635, #2546, #3453, #5334, #2573 ) ) ;
#577 = PRESENTATION_STYLE_ASSIGNMENT (( #3668 ) ) ;
#578 = LINE ( 'NONE', #4030, #2541 ) ;
#579 = VERTEX_POINT ( 'NONE', #1861 ) ;
#580 = DIRECTION ( 'NONE',  ( 0.000000000000000000, 0.000000000000000000, 1.000000000000000000 ) ) ;
#581 = COLOUR_RGB ( '',1.000000000000000000, 0.8117647058823529438, 0.5019607843137254832 ) ;
#582 = CARTESIAN_POINT ( 'NONE',  ( 5.080000000000001847, 0.2000000000000091982, 2.300000000000004263 ) ) ;
#583 = ORIENTED_EDGE ( 'NONE', *, *, #515, .T. ) ;
#584 = ORIENTED_EDGE ( 'NONE', *, *, #4561, .T. ) ;
#585 = AXIS2_PLACEMENT_3D ( 'NONE', #6135, #1999, #5691 ) ;
#586 = ADVANCED_FACE ( 'NONE', ( #4445 ), #4356, .F. ) ;
#587 = MECHANICAL_DESIGN_GEOMETRIC_PRESENTATION_REPRESENTATION (  '', ( #2281 ), #5095 ) ;
#588 = ORIENTED_EDGE ( 'NONE', *, *, #4312, .T. ) ;
#589 = LINE ( 'NONE', #2874, #535 ) ;
#590 = VECTOR ( 'NONE', #5034, 1000.000000000000000 ) ;
#591 = VERTEX_POINT ( 'NONE', #1782 ) ;
#592 = ORIENTED_EDGE ( 'NONE', *, *, #2351, .T. ) ;
#593 = DIRECTION ( 'NONE',  ( -1.000000000000000000, 0.000000000000000000, 0.000000000000000000 ) ) ;
#594 = STYLED_ITEM ( 'NONE', ( #4259 ), #4594 ) ;
#595 =( NAMED_UNIT ( * ) SI_UNIT ( $, .STERADIAN. ) SOLID_ANGLE_UNIT ( ) );
#596 = EDGE_CURVE ( 'NONE', #3271, #1287, #356, .T. ) ;
#597 = ORIENTED_EDGE ( 'NONE', *, *, #1663, .F. ) ;
#598 = SURFACE_SIDE_STYLE ('',( #5990 ) ) ;
#599 = LINE ( 'NONE', #196, #4689 ) ;
#600 = CARTESIAN_POINT ( 'NONE',  ( 5.380000000000000782, 4.000000000000001776, 2.199999999999997069 ) ) ;
#601 = DIRECTION ( 'NONE',  ( -0.000000000000000000, 1.000000000000000000, -0.000000000000000000 ) ) ;
#602 = EDGE_CURVE ( 'NONE', #4475, #5669, #198, .T. ) ;
#603 = VERTEX_POINT ( 'NONE', #433 ) ;
#604 = FACE_OUTER_BOUND ( 'NONE', #5470, .T. ) ;
#605 = SURFACE_SIDE_STYLE ('',( #2 ) ) ;
#606 = AXIS2_PLACEMENT_3D ( 'NONE', #5227, #4832, #5725 ) ;
#607 = AXIS2_PLACEMENT_3D ( 'NONE', #6052, #2654, #5460 ) ;
#608 = DIRECTION ( 'NONE',  ( 0.000000000000000000, -1.239088197126291261E-15, -1.000000000000000000 ) ) ;
#609 = EDGE_LOOP ( 'NONE', ( #935, #2118, #5395, #42 ) ) ;
#610 = SURFACE_STYLE_USAGE ( .BOTH. , #3828 ) ;
#611 = LINE ( 'NONE', #3951, #469 ) ;
#612 = ADVANCED_FACE ( 'NONE', ( #207 ), #4625, .T. ) ;
#613 = PRESENTATION_LAYER_ASSIGNMENT (  '', '', ( #5663 ) ) ;
#614 = CARTESIAN_POINT ( 'NONE',  ( 3.510000000000002007, -3.399999999999996803, -3.910000000000000142 ) ) ;
#615 = DIRECTION ( 'NONE',  ( 0.000000000000000000, 0.000000000000000000, -1.000000000000000000 ) ) ;
#616 = DIRECTION ( 'NONE',  ( 1.000000000000000000, 0.000000000000000000, 1.445602896647340692E-15 ) ) ;
#617 = CARTESIAN_POINT ( 'NONE',  ( -0.9699999999999986411, -3.399999999999995026, -3.710000000000000409 ) ) ;
#618 = EDGE_LOOP ( 'NONE', ( #3328, #424, #4686, #2668 ) ) ;
#619 = CARTESIAN_POINT ( 'NONE',  ( 5.080000000000000959, 0.6999999999999999556, 4.450000000000001066 ) ) ;
#620 = LINE ( 'NONE', #197, #2694 ) ;
#621 = UNCERTAINTY_MEASURE_WITH_UNIT (LENGTH_MEASURE( 1.000000000000000082E-05 ), #5933, 'distance_accuracy_value', 'NONE');
#622 = ORIENTED_EDGE ( 'NONE', *, *, #5606, .T. ) ;
#623 = CARTESIAN_POINT ( 'NONE',  ( 3.160000000000001030, 5.700000000000000178, -1.800000000000000044 ) ) ;
#624 = EDGE_CURVE ( 'NONE', #4570, #5856, #368, .T. ) ;
#625 = AXIS2_PLACEMENT_3D ( 'NONE', #2224, #4189, #3057 ) ;
#626 = SURFACE_STYLE_USAGE ( .BOTH. , #4899 ) ;
#627 = DIRECTION ( 'NONE',  ( 0.000000000000000000, -0.000000000000000000, 1.000000000000000000 ) ) ;
#628 = VERTEX_POINT ( 'NONE', #4581 ) ;
#629 = LINE ( 'NONE', #4262, #4790 ) ;
#630 = CARTESIAN_POINT ( 'NONE',  ( 1.920000000000001483, 5.099999999999999645, 1.800000000000000044 ) ) ;
#631 = DIRECTION ( 'NONE',  ( 0.000000000000000000, 0.000000000000000000, 1.000000000000000000 ) ) ;
#632 = MECHANICAL_DESIGN_GEOMETRIC_PRESENTATION_REPRESENTATION (  '', ( #4264 ), #3254 ) ;
#633 = VERTEX_POINT ( 'NONE', #482 ) ;
#634 = COLOUR_RGB ( '',1.000000000000000000, 0.8117647058823529438, 0.5019607843137254832 ) ;
#635 = DIRECTION ( 'NONE',  ( 1.000000000000000000, 0.000000000000000000, 0.000000000000000000 ) ) ;
#636 = FILL_AREA_STYLE ('',( #3474 ) ) ;
#637 = AXIS2_PLACEMENT_3D ( 'NONE', #2043, #2511, #4260 ) ;
#638 = ORIENTED_EDGE ( 'NONE', *, *, #3297, .T. ) ;
#639 = DIRECTION ( 'NONE',  ( 1.000000000000000000, 0.000000000000000000, 4.336808689942016158E-15 ) ) ;
#640 = DIRECTION ( 'NONE',  ( 4.336808689942016158E-15, -0.000000000000000000, -1.000000000000000000 ) ) ;
#641 = SURFACE_SIDE_STYLE ('',( #34 ) ) ;
#642 = ORIENTED_EDGE ( 'NONE', *, *, #80, .T. ) ;
#643 = LINE ( 'NONE', #2841, #4861 ) ;
#644 = ADVANCED_FACE ( 'NONE', ( #2425 ), #1107, .F. ) ;
#645 = DIRECTION ( 'NONE',  ( 0.000000000000000000, -3.469446951953612611E-15, 1.000000000000000000 ) ) ;
#646 = ORIENTED_EDGE ( 'NONE', *, *, #2976, .F. ) ;
#647 = FACE_OUTER_BOUND ( 'NONE', #5826, .T. ) ;
#648 =( LENGTH_UNIT ( ) NAMED_UNIT ( * ) SI_UNIT ( .MILLI., .METRE. ) );
#649 = DIRECTION ( 'NONE',  ( -1.000000000000000000, -0.000000000000000000, -0.000000000000000000 ) ) ;
#650 = PLANE ( 'NONE',  #15 ) ;
#651 = DIRECTION ( 'NONE',  ( -1.000000000000000000, 0.000000000000000000, -1.445602896647340692E-15 ) ) ;
#652 = PLANE ( 'NONE',  #2975 ) ;
#653 = CARTESIAN_POINT ( 'NONE',  ( -1.919999999999998597, 10.26155281280883003, 0.1999999999999998723 ) ) ;
#654 = LINE ( 'NONE', #1846, #4767 ) ;
#655 = CIRCLE ( 'NONE', #696, 0.2000000000000000944 ) ;
#656 = AXIS2_PLACEMENT_3D ( 'NONE', #2630, #3582, #4980 ) ;
#657 = DIRECTION ( 'NONE',  ( 0.9578262852211522071, 0.2873478855663428311, 4.153909357201973283E-15 ) ) ;
#658 = AXIS2_PLACEMENT_3D ( 'NONE', #825, #3789, #393 ) ;
#659 = SURFACE_STYLE_USAGE ( .BOTH. , #4900 ) ;
#660 = SURFACE_STYLE_USAGE ( .BOTH. , #4031 ) ;
#661 = PRESENTATION_STYLE_ASSIGNMENT (( #4633 ) ) ;
#662 = VECTOR ( 'NONE', #5600, 1000.000000000000000 ) ;
#663 = CARTESIAN_POINT ( 'NONE',  ( -4.109999999999999432, 0.6999999999999999556, 3.910000000000000142 ) ) ;
#664 = CARTESIAN_POINT ( 'NONE',  ( 3.160000000000001030, 5.200000000000000178, 1.800000000000000044 ) ) ;
#665 = EDGE_LOOP ( 'NONE', ( #3605, #669, #4694, #5681 ) ) ;
#666 = PRESENTATION_STYLE_ASSIGNMENT (( #5907 ) ) ;
#667 = PRESENTATION_LAYER_ASSIGNMENT (  '', '', ( #946 ) ) ;
#668 = AXIS2_PLACEMENT_3D ( 'NONE', #2439, #12, #5671 ) ;
#669 = ORIENTED_EDGE ( 'NONE', *, *, #4253, .F. ) ;
#670 = LINE ( 'NONE', #2471, #2746 ) ;
#671 = CARTESIAN_POINT ( 'NONE',  ( 5.380000000000000782, 2.600000000000000533, 0.7999999999999999334 ) ) ;
#672 = CYLINDRICAL_SURFACE ( 'NONE', #4577, 0.2000000000000005107 ) ;
#673 = DIRECTION ( 'NONE',  ( 0.000000000000000000, 0.000000000000000000, 1.000000000000000000 ) ) ;
#674 = ORIENTED_EDGE ( 'NONE', *, *, #2602, .T. ) ;
#675 = EDGE_CURVE ( 'NONE', #5632, #4634, #563, .T. ) ;
#676 = FILL_AREA_STYLE_COLOUR ( '', #3889 ) ;
#677 = SURFACE_STYLE_FILL_AREA ( #1676 ) ;
#678 = CARTESIAN_POINT ( 'NONE',  ( -3.509999999999998899, 0.6999999999999999556, 3.909999999999999254 ) ) ;
#679 = CARTESIAN_POINT ( 'NONE',  ( -3.509999999999998899, -3.399999999999995026, 3.710000000000000409 ) ) ;
#680 = CARTESIAN_POINT ( 'NONE',  ( 0.9700000000000011946, -3.399999999999996803, -3.710000000000000409 ) ) ;
#681 = MECHANICAL_DESIGN_GEOMETRIC_PRESENTATION_REPRESENTATION (  '', ( #4778 ), #3925 ) ;
#682 = STYLED_ITEM ( 'NONE', ( #3839 ), #6037 ) ;
#683 = CARTESIAN_POINT ( 'NONE',  ( 4.460000000000000853, 5.099999999999999645, 1.800000000000000044 ) ) ;
#684 = ADVANCED_FACE ( 'NONE', ( #2633 ), #5378, .T. ) ;
#685 = CARTESIAN_POINT ( 'NONE',  ( -5.380000000000000782, 4.000000000000001776, 2.199999999999997069 ) ) ;
#686 = ORIENTED_EDGE ( 'NONE', *, *, #1971, .F. ) ;
#687 =( NAMED_UNIT ( * ) SI_UNIT ( $, .STERADIAN. ) SOLID_ANGLE_UNIT ( ) );
#688 = EDGE_CURVE ( 'NONE', #591, #2341, #474, .T. ) ;
#689 = DIRECTION ( 'NONE',  ( 0.000000000000000000, 1.000000000000000000, -1.239088197126291458E-15 ) ) ;
#690 = MANIFOLD_SOLID_BREP ( 'LPattern2[2]', #3360 ) ;
#691 = UNCERTAINTY_MEASURE_WITH_UNIT (LENGTH_MEASURE( 1.000000000000000082E-05 ), #265, 'distance_accuracy_value', 'NONE');
#692 = PRODUCT_RELATED_PRODUCT_CATEGORY ( 'part', '', ( #1952 ) ) ;
#693 = CARTESIAN_POINT ( 'NONE',  ( -0.6199999999999985523, 5.200000000000000178, 1.800000000000000044 ) ) ;
#694 = EDGE_CURVE ( 'NONE', #5473, #1262, #2524, .T. ) ;
#695 = COLOUR_RGB ( '',0.2509803921568627416, 0.2509803921568627416, 0.2509803921568627416 ) ;
#696 = AXIS2_PLACEMENT_3D ( 'NONE', #6030, #1772, #6064 ) ;
#697 = ADVANCED_FACE ( 'NONE', ( #446 ), #4814, .T. ) ;
#698 = FILL_AREA_STYLE_COLOUR ( '', #325 ) ;
#699 = DIRECTION ( 'NONE',  ( 0.000000000000000000, 0.000000000000000000, -1.000000000000000000 ) ) ;
#700 = DIRECTION ( 'NONE',  ( 0.9578262852211522071, 0.2873478855663425535, -0.000000000000000000 ) ) ;
#701 = EDGE_LOOP ( 'NONE', ( #3509, #1414, #2262, #5745 ) ) ;
#702 = CARTESIAN_POINT ( 'NONE',  ( -1.569999999999998952, -3.399999999999995026, 3.910000000000000142 ) ) ;
#703 = SURFACE_SIDE_STYLE ('',( #5504 ) ) ;
#704 = PRESENTATION_STYLE_ASSIGNMENT (( #3728 ) ) ;
#705 = EDGE_LOOP ( 'NONE', ( #2974, #3133, #3761, #5441 ) ) ;
#706 =( LENGTH_UNIT ( ) NAMED_UNIT ( * ) SI_UNIT ( .MILLI., .METRE. ) );
#707 = AXIS2_PLACEMENT_3D ( 'NONE', #2059, #2171, #3498 ) ;
#708 = ORIENTED_EDGE ( 'NONE', *, *, #4979, .T. ) ;
#709 = DIRECTION ( 'NONE',  ( 0.000000000000000000, 0.000000000000000000, 1.000000000000000000 ) ) ;
#710 = AXIS2_PLACEMENT_3D ( 'NONE', #98, #4401, #3435 ) ;
#711 = VECTOR ( 'NONE', #5805, 1000.000000000000000 ) ;
#712 = DIRECTION ( 'NONE',  ( -0.000000000000000000, 1.000000000000000000, -0.000000000000000000 ) ) ;
#713 = VERTEX_POINT ( 'NONE', #940 ) ;
#714 = CARTESIAN_POINT ( 'NONE',  ( 5.080000000000000959, 0.6999999999999999556, 4.450000000000001066 ) ) ;
#715 = ORIENTED_EDGE ( 'NONE', *, *, #4544, .T. ) ;
#716 = CARTESIAN_POINT ( 'NONE',  ( -5.580000000000000959, 0.4000000000000080158, -2.700000000000001954 ) ) ;
#717 = PRESENTATION_STYLE_ASSIGNMENT (( #1079 ) ) ;
#718 = SURFACE_STYLE_FILL_AREA ( #2187 ) ;
#719 = CARTESIAN_POINT ( 'NONE',  ( -5.080000000000000959, 0.6999999999999999556, -4.450000000000001066 ) ) ;
#720 = CARTESIAN_POINT ( 'NONE',  ( -1.919999999999998597, 10.26155281280883003, 1.800000000000000044 ) ) ;
#721 = DIRECTION ( 'NONE',  ( -0.2873478855663433862, -0.9578262852211519851, -4.153909357201945673E-16 ) ) ;
#722 = CARTESIAN_POINT ( 'NONE',  ( 0.6200000000000016609, 5.700000000000000178, 1.800000000000000044 ) ) ;
#723 = SURFACE_STYLE_FILL_AREA ( #884 ) ;
#724 = VERTEX_POINT ( 'NONE', #2011 ) ;
#725 = AXIS2_PLACEMENT_3D ( 'NONE', #5407, #1090, #673 ) ;
#726 =( NAMED_UNIT ( * ) PLANE_ANGLE_UNIT ( ) SI_UNIT ( $, .RADIAN. ) );
#727 = DIRECTION ( 'NONE',  ( -0.000000000000000000, 1.000000000000000000, -0.000000000000000000 ) ) ;
#728 = DIRECTION ( 'NONE',  ( -1.000000000000000000, 0.000000000000000000, 0.000000000000000000 ) ) ;
#729 = CARTESIAN_POINT ( 'NONE',  ( -5.580000000000000959, 4.000000000000000000, -2.199999999999999734 ) ) ;
#730 = CARTESIAN_POINT ( 'NONE',  ( 0.9700000000000011946, -8.432455532033678480, 3.910000000000000142 ) ) ;
#731 =( LENGTH_UNIT ( ) NAMED_UNIT ( * ) SI_UNIT ( .MILLI., .METRE. ) );
#732 = CARTESIAN_POINT ( 'NONE',  ( 7.620000000000000107, 0.6999999999999999556, 0.000000000000000000 ) ) ;
#733 = LINE ( 'NONE', #1945, #2795 ) ;
#734 = ADVANCED_FACE ( 'NONE', ( #2571 ), #5971, .F. ) ;
#735 = STYLED_ITEM ( 'NONE', ( #3638 ), #4140 ) ;
#736 = ORIENTED_EDGE ( 'NONE', *, *, #3669, .F. ) ;
#737 = EDGE_CURVE ( 'NONE', #2412, #5864, #1085, .T. ) ;
#738 = CARTESIAN_POINT ( 'NONE',  ( -3.159999999999998810, 5.099999999999999645, -1.800000000000000044 ) ) ;
#739 = VECTOR ( 'NONE', #5018, 1000.000000000000000 ) ;
#740 =( NAMED_UNIT ( * ) SI_UNIT ( $, .STERADIAN. ) SOLID_ANGLE_UNIT ( ) );
#741 =( LENGTH_UNIT ( ) NAMED_UNIT ( * ) SI_UNIT ( .MILLI., .METRE. ) );
#742 = DIRECTION ( 'NONE',  ( 0.000000000000000000, 0.000000000000000000, -1.000000000000000000 ) ) ;
#743 =( NAMED_UNIT ( * ) PLANE_ANGLE_UNIT ( ) SI_UNIT ( $, .RADIAN. ) );
#744 = STYLED_ITEM ( 'NONE', ( #1550 ), #2315 ) ;
#745 = ORIENTED_EDGE ( 'NONE', *, *, #3153, .T. ) ;
#746 = FACE_OUTER_BOUND ( 'NONE', #2681, .T. ) ;
#747 = CARTESIAN_POINT ( 'NONE',  ( -5.580000000000000959, 0.4000000000000080158, 2.700000000000005507 ) ) ;
#748 = EDGE_CURVE ( 'NONE', #1336, #517, #3147, .T. ) ;
#749 = FILL_AREA_STYLE ('',( #3743 ) ) ;
#750 = EDGE_LOOP ( 'NONE', ( #1475, #2415, #3346, #429, #5692, #1178, #4409, #2431 ) ) ;
#751 = DIRECTION ( 'NONE',  ( 0.000000000000000000, -0.000000000000000000, 1.000000000000000000 ) ) ;
#752 = ORIENTED_EDGE ( 'NONE', *, *, #2389, .F. ) ;
#753 = DIRECTION ( 'NONE',  ( 0.000000000000000000, 1.000000000000000000, 0.000000000000000000 ) ) ;
#754 = PRESENTATION_LAYER_ASSIGNMENT (  '', '', ( #6123 ) ) ;
#755 = EDGE_CURVE ( 'NONE', #3456, #4486, #3069, .T. ) ;
#756 = PRESENTATION_LAYER_ASSIGNMENT (  '', '', ( #6062 ) ) ;
#757 = SURFACE_STYLE_USAGE ( .BOTH. , #4149 ) ;
#758 =( NAMED_UNIT ( * ) SI_UNIT ( $, .STERADIAN. ) SOLID_ANGLE_UNIT ( ) );
#759 = UNCERTAINTY_MEASURE_WITH_UNIT (LENGTH_MEASURE( 1.000000000000000082E-05 ), #2014, 'distance_accuracy_value', 'NONE');
#760 = LINE ( 'NONE', #863, #2784 ) ;
#761 = FILL_AREA_STYLE_COLOUR ( '', #1824 ) ;
#762 = EDGE_CURVE ( 'NONE', #3593, #2305, #870, .T. ) ;
#763 = PRESENTATION_STYLE_ASSIGNMENT (( #4769 ) ) ;
#764 = ORIENTED_EDGE ( 'NONE', *, *, #240, .T. ) ;
#765 = UNCERTAINTY_MEASURE_WITH_UNIT (LENGTH_MEASURE( 1.000000000000000082E-05 ), #2464, 'distance_accuracy_value', 'NONE');
#766 = CARTESIAN_POINT ( 'NONE',  ( -4.459999999999999076, 5.200000000000000178, 0.1999999999999998723 ) ) ;
#767 =( NAMED_UNIT ( * ) PLANE_ANGLE_UNIT ( ) SI_UNIT ( $, .RADIAN. ) );
#768 = UNCERTAINTY_MEASURE_WITH_UNIT (LENGTH_MEASURE( 1.000000000000000082E-05 ), #5024, 'distance_accuracy_value', 'NONE');
#769 = SURFACE_STYLE_FILL_AREA ( #3190 ) ;
#770 = FACE_OUTER_BOUND ( 'NONE', #1213, .T. ) ;
#771 = DIRECTION ( 'NONE',  ( 0.000000000000000000, -1.000000000000000000, -0.000000000000000000 ) ) ;
#772 = MECHANICAL_DESIGN_GEOMETRIC_PRESENTATION_REPRESENTATION (  '', ( #555 ), #3863 ) ;
#773 =( NAMED_UNIT ( * ) SI_UNIT ( $, .STERADIAN. ) SOLID_ANGLE_UNIT ( ) );
#774 = PLANE ( 'NONE',  #4035 ) ;
#775 =( LENGTH_UNIT ( ) NAMED_UNIT ( * ) SI_UNIT ( .MILLI., .METRE. ) );
#776 = DIRECTION ( 'NONE',  ( 1.000000000000000000, 0.000000000000000000, 1.445602896647340692E-15 ) ) ;
#777 = VECTOR ( 'NONE', #886, 1000.000000000000000 ) ;
#778 = FILL_AREA_STYLE_COLOUR ( '', #5950 ) ;
#779 =( NAMED_UNIT ( * ) SI_UNIT ( $, .STERADIAN. ) SOLID_ANGLE_UNIT ( ) );
#780 = STYLED_ITEM ( 'NONE', ( #3797 ), #1179 ) ;
#781 = DIRECTION ( 'NONE',  ( 0.9578262852211522071, 0.2873478855663428311, 4.153909357201973283E-15 ) ) ;
#782 = SURFACE_SIDE_STYLE ('',( #1729 ) ) ;
#783 =( NAMED_UNIT ( * ) PLANE_ANGLE_UNIT ( ) SI_UNIT ( $, .RADIAN. ) );
#784 = LINE ( 'NONE', #1398, #4843 ) ;
#785 = CARTESIAN_POINT ( 'NONE',  ( 7.620000000000000107, 5.099999999999999645, 0.000000000000000000 ) ) ;
#786 =( NAMED_UNIT ( * ) SI_UNIT ( $, .STERADIAN. ) SOLID_ANGLE_UNIT ( ) );
#787 = ADVANCED_FACE ( 'NONE', ( #1005 ), #2158, .F. ) ;
#788 = DIRECTION ( 'NONE',  ( -0.000000000000000000, 1.000000000000000000, -0.000000000000000000 ) ) ;
#789 = DIRECTION ( 'NONE',  ( 1.000000000000000000, 0.000000000000000000, 1.445602896647340692E-15 ) ) ;
#790 = PLANE ( 'NONE',  #948 ) ;
#791 = CARTESIAN_POINT ( 'NONE',  ( -4.109999999999998543, -8.432455532033678480, -3.910000000000000142 ) ) ;
#792 =( LENGTH_UNIT ( ) NAMED_UNIT ( * ) SI_UNIT ( .MILLI., .METRE. ) );
#793 = FILL_AREA_STYLE_COLOUR ( '', #4184 ) ;
#794 = STYLED_ITEM ( 'NONE', ( #1804 ), #4212 ) ;
#795 = AXIS2_PLACEMENT_3D ( 'NONE', #174, #5958, #4042 ) ;
#796 = SURFACE_STYLE_FILL_AREA ( #988 ) ;
#797 =( LENGTH_UNIT ( ) NAMED_UNIT ( * ) SI_UNIT ( .MILLI., .METRE. ) );
#798 = CARTESIAN_POINT ( 'NONE',  ( -5.080000000000000959, 0.6999999999999999556, -4.450000000000001066 ) ) ;
#799 = LINE ( 'NONE', #4692, #777 ) ;
#800 =( NAMED_UNIT ( * ) SI_UNIT ( $, .STERADIAN. ) SOLID_ANGLE_UNIT ( ) );
#801 = MECHANICAL_DESIGN_GEOMETRIC_PRESENTATION_REPRESENTATION (  '', ( #3762 ), #1321 ) ;
#802 = CARTESIAN_POINT ( 'NONE',  ( -1.919999999999998597, 1.272468158199071553, -1.800000000000000044 ) ) ;
#803 = PLANE ( 'NONE',  #3028 ) ;
#804 = EDGE_CURVE ( 'NONE', #3804, #551, #864, .T. ) ;
#805 = FILL_AREA_STYLE_COLOUR ( '', #5166 ) ;
#806 = SURFACE_STYLE_FILL_AREA ( #1926 ) ;
#807 = DIRECTION ( 'NONE',  ( -1.445602896647340692E-15, 0.000000000000000000, 1.000000000000000000 ) ) ;
#808 = EDGE_CURVE ( 'NONE', #2092, #1263, #2970, .T. ) ;
#809 = LINE ( 'NONE', #5354, #4873 ) ;
#810 = DIRECTION ( 'NONE',  ( -1.000000000000000000, 0.000000000000000000, 0.000000000000000000 ) ) ;
#811 = AXIS2_PLACEMENT_3D ( 'NONE', #5336, #4597, #5046 ) ;
#812 = DIRECTION ( 'NONE',  ( 0.2873478855663425535, -0.9578262852211523182, -4.153909357201927924E-16 ) ) ;
#813 =( LENGTH_UNIT ( ) NAMED_UNIT ( * ) SI_UNIT ( .MILLI., .METRE. ) );
#814 = FACE_OUTER_BOUND ( 'NONE', #3625, .T. ) ;
#815 = VERTEX_POINT ( 'NONE', #3038 ) ;
#816 = SURFACE_SIDE_STYLE ('',( #3819 ) ) ;
#817 = CARTESIAN_POINT ( 'NONE',  ( -4.459999999999999076, 5.700000000000000178, 1.800000000000000044 ) ) ;
#818 =( GEOMETRIC_REPRESENTATION_CONTEXT ( 3 ) GLOBAL_UNCERTAINTY_ASSIGNED_CONTEXT ( ( #3931 ) ) GLOBAL_UNIT_ASSIGNED_CONTEXT ( ( #4970, #1029, #2666 ) ) REPRESENTATION_CONTEXT ( 'NONE', 'WORKASPACE' ) );
#819 = EDGE_CURVE ( 'NONE', #1277, #579, #904, .T. ) ;
#820 = AXIS2_PLACEMENT_3D ( 'NONE', #2740, #6054, #3714 ) ;
#821 = DIRECTION ( 'NONE',  ( 0.000000000000000000, 0.000000000000000000, 1.000000000000000000 ) ) ;
#822 = ADVANCED_FACE ( 'NONE', ( #2919, #3086, #894, #2993, #4998 ), #5014, .F. ) ;
#823 = STYLED_ITEM ( 'NONE', ( #1312 ), #2176 ) ;
#824 = UNCERTAINTY_MEASURE_WITH_UNIT (LENGTH_MEASURE( 1.000000000000000082E-05 ), #1166, 'distance_accuracy_value', 'NONE');
#825 = CARTESIAN_POINT ( 'NONE',  ( -5.380000000000000782, 4.000000000000000000, -2.199999999999999734 ) ) ;
#826 = SURFACE_SIDE_STYLE ('',( #2008 ) ) ;
#827 = PRESENTATION_STYLE_ASSIGNMENT (( #4320 ) ) ;
#828 = PLANE ( 'NONE',  #2991 ) ;
#829 = SURFACE_SIDE_STYLE ('',( #4434 ) ) ;
#830 = UNCERTAINTY_MEASURE_WITH_UNIT (LENGTH_MEASURE( 1.000000000000000082E-05 ), #4676, 'distance_accuracy_value', 'NONE');
#831 = PLANE ( 'NONE',  #1470 ) ;
#832 = EDGE_CURVE ( 'NONE', #3739, #517, #913, .T. ) ;
#833 = LINE ( 'NONE', #5616, #889 ) ;
#834 = ADVANCED_FACE ( 'NONE', ( #5069 ), #4102, .F. ) ;
#835 = STYLED_ITEM ( 'NONE', ( #5718 ), #1057 ) ;
#836 = CARTESIAN_POINT ( 'NONE',  ( 5.380000000000000782, 4.000000000000000000, -0.7999999999999999334 ) ) ;
#837 = LINE ( 'NONE', #4954, #5056 ) ;
#838 = FILL_AREA_STYLE ('',( #5585 ) ) ;
#839 = AXIS2_PLACEMENT_3D ( 'NONE', #3635, #2835, #4107 ) ;
#840 = DIRECTION ( 'NONE',  ( 0.000000000000000000, 1.000000000000000000, 0.000000000000000000 ) ) ;
#841 = DIRECTION ( 'NONE',  ( -0.000000000000000000, 1.000000000000000000, -1.858632295689434031E-15 ) ) ;
#842 = VECTOR ( 'NONE', #712, 1000.000000000000000 ) ;
#843 = COLOUR_RGB ( '',0.7921568627450980005, 0.8196078431372548767, 0.9333333333333333481 ) ;
#844 = LINE ( 'NONE', #419, #2916 ) ;
#845 = VECTOR ( 'NONE', #4058, 1000.000000000000000 ) ;
#846 = PLANE ( 'NONE',  #1854 ) ;
#847 = PLANE ( 'NONE',  #3966 ) ;
#848 = PRESENTATION_STYLE_ASSIGNMENT (( #2662 ) ) ;
#849 = SURFACE_STYLE_USAGE ( .BOTH. , #378 ) ;
#850 = VECTOR ( 'NONE', #4948, 1000.000000000000000 ) ;
#851 = CYLINDRICAL_SURFACE ( 'NONE', #625, 0.2000000000000005107 ) ;
#852 = PRESENTATION_STYLE_ASSIGNMENT (( #660 ) ) ;
#853 = FILL_AREA_STYLE_COLOUR ( '', #1849 ) ;
#854 = DIRECTION ( 'NONE',  ( -7.228014483236692611E-16, 0.000000000000000000, -1.000000000000000000 ) ) ;
#855 = VECTOR ( 'NONE', #2889, 1000.000000000000000 ) ;
#856 = PRESENTATION_LAYER_ASSIGNMENT (  '', '', ( #1162 ) ) ;
#857 = VERTEX_POINT ( 'NONE', #4485 ) ;
#858 = DIRECTION ( 'NONE',  ( 1.000000000000000000, -0.000000000000000000, -0.000000000000000000 ) ) ;
#859 = PRESENTATION_LAYER_ASSIGNMENT (  '', '', ( #2281 ) ) ;
#860 = LINE ( 'NONE', #4086, #2885 ) ;
#861 = DIRECTION ( 'NONE',  ( 0.000000000000000000, 1.000000000000000000, 0.000000000000000000 ) ) ;
#862 = CARTESIAN_POINT ( 'NONE',  ( -4.459999999999999076, 5.099999999999999645, -1.800000000000000044 ) ) ;
#863 = CARTESIAN_POINT ( 'NONE',  ( 4.460000000000000853, 5.099999999999999645, -1.800000000000000044 ) ) ;
#864 = LINE ( 'NONE', #729, #882 ) ;
#865 = STYLED_ITEM ( 'NONE', ( #2132 ), #4662 ) ;
#866 = DIRECTION ( 'NONE',  ( -0.000000000000000000, 0.000000000000000000, 1.000000000000000000 ) ) ;
#867 = VECTOR ( 'NONE', #2136, 1000.000000000000000 ) ;
#868 = EDGE_CURVE ( 'NONE', #3624, #3788, #3002, .T. ) ;
#869 = CARTESIAN_POINT ( 'NONE',  ( -1.919999999999998597, 6.950000000000000178, 1.800000000000000044 ) ) ;
#870 = LINE ( 'NONE', #239, #845 ) ;
#871 = ADVANCED_FACE ( 'NONE', ( #3046 ), #4072, .F. ) ;
#872 = CARTESIAN_POINT ( 'NONE',  ( 4.460000000000000853, 5.200000000000000178, 1.800000000000000044 ) ) ;
#873 = SURFACE_SIDE_STYLE ('',( #5108 ) ) ;
#874 = CARTESIAN_POINT ( 'NONE',  ( -5.080000000000000959, 0.6999999999999999556, -4.450000000000001066 ) ) ;
#875 = EDGE_CURVE ( 'NONE', #4429, #3568, #1459, .T. ) ;
#876 = DIRECTION ( 'NONE',  ( 0.000000000000000000, 0.000000000000000000, -1.000000000000000000 ) ) ;
#877 = VECTOR ( 'NONE', #2909, 1000.000000000000000 ) ;
#878 = VECTOR ( 'NONE', #4836, 1000.000000000000000 ) ;
#879 = SURFACE_STYLE_FILL_AREA ( #6042 ) ;
#880 = PRESENTATION_LAYER_ASSIGNMENT (  '', '', ( #3448 ) ) ;
#881 = MECHANICAL_DESIGN_GEOMETRIC_PRESENTATION_REPRESENTATION (  '', ( #5436 ), #5205 ) ;
#882 = VECTOR ( 'NONE', #3613, 1000.000000000000000 ) ;
#883 = VERTEX_POINT ( 'NONE', #2580 ) ;
#884 = FILL_AREA_STYLE ('',( #923 ) ) ;
#885 = FILL_AREA_STYLE_COLOUR ( '', #1836 ) ;
#886 = DIRECTION ( 'NONE',  ( -1.000000000000000000, -0.000000000000000000, 1.445602896647338522E-15 ) ) ;
#887 = CARTESIAN_POINT ( 'NONE',  ( 4.460000000000000853, 6.950000000000000178, 1.800000000000000044 ) ) ;
#888 = DIRECTION ( 'NONE',  ( 0.000000000000000000, 0.000000000000000000, 1.000000000000000000 ) ) ;
#889 = VECTOR ( 'NONE', #2259, 1000.000000000000000 ) ;
#890 = VERTEX_POINT ( 'NONE', #2134 ) ;
#891 = CARTESIAN_POINT ( 'NONE',  ( 1.570000000000001616, -3.399999999999995026, 3.710000000000000409 ) ) ;
#892 = LINE ( 'NONE', #2675, #867 ) ;
#893 = EDGE_CURVE ( 'NONE', #1677, #3794, #3664, .T. ) ;
#894 = FACE_OUTER_BOUND ( 'NONE', #1734, .T. ) ;
#895 = PRESENTATION_LAYER_ASSIGNMENT (  '', '', ( #3937 ) ) ;
#896 = UNCERTAINTY_MEASURE_WITH_UNIT (LENGTH_MEASURE( 1.000000000000000082E-05 ), #1806, 'distance_accuracy_value', 'NONE');
#897 = SURFACE_STYLE_FILL_AREA ( #5833 ) ;
#898 = VECTOR ( 'NONE', #3006, 1000.000000000000000 ) ;
#899 = SURFACE_STYLE_USAGE ( .BOTH. , #3159 ) ;
#900 = VECTOR ( 'NONE', #1739, 1000.000000000000000 ) ;
#901 = UNCERTAINTY_MEASURE_WITH_UNIT (LENGTH_MEASURE( 1.000000000000000082E-05 ), #3085, 'distance_accuracy_value', 'NONE');
#902 = PLANE ( 'NONE',  #2046 ) ;
#903 = CARTESIAN_POINT ( 'NONE',  ( -5.580000000000000959, 2.600000000000000533, 2.199999999999999734 ) ) ;
#904 = LINE ( 'NONE', #3627, #3032 ) ;
#905 = ADVANCED_FACE ( 'NONE', ( #5544 ), #3141, .F. ) ;
#906 = MECHANICAL_DESIGN_GEOMETRIC_PRESENTATION_REPRESENTATION (  '', ( #1217 ), #4573 ) ;
#907 = SURFACE_STYLE_FILL_AREA ( #147 ) ;
#908 = CARTESIAN_POINT ( 'NONE',  ( 3.660000000000001030, -3.900000000000000799, -3.710000000000000409 ) ) ;
#909 = VECTOR ( 'NONE', #1007, 1000.000000000000000 ) ;
#910 = LINE ( 'NONE', #3703, #960 ) ;
#911 = AXIS2_PLACEMENT_3D ( 'NONE', #5530, #5070, #2184 ) ;
#912 = CARTESIAN_POINT ( 'NONE',  ( -1.919999999999998597, 5.099999999999999645, 1.800000000000000044 ) ) ;
#913 = LINE ( 'NONE', #4437, #5127 ) ;
#914 = CARTESIAN_POINT ( 'NONE',  ( -5.380000000000000782, 4.000000000000000000, -2.199999999999999734 ) ) ;
#915 = EDGE_LOOP ( 'NONE', ( #5332, #3191, #279, #2420 ) ) ;
#916 = CARTESIAN_POINT ( 'NONE',  ( 0.9700000000000011946, 0.6999999999999999556, -3.710000000000000409 ) ) ;
#917 = SURFACE_STYLE_USAGE ( .BOTH. , #2444 ) ;
#918 = SURFACE_STYLE_FILL_AREA ( #2730 ) ;
#919 = VERTEX_POINT ( 'NONE', #1023 ) ;
#920 = ADVANCED_FACE ( 'NONE', ( #1371 ), #2085, .T. ) ;
#921 = VERTEX_POINT ( 'NONE', #4424 ) ;
#922 = STYLED_ITEM ( 'NONE', ( #388 ), #644 ) ;
#923 = FILL_AREA_STYLE_COLOUR ( '', #695 ) ;
#924 = DIRECTION ( 'NONE',  ( -1.000000000000000000, -0.000000000000000000, 0.000000000000000000 ) ) ;
#925 =( NAMED_UNIT ( * ) PLANE_ANGLE_UNIT ( ) SI_UNIT ( $, .RADIAN. ) );
#926 = FILL_AREA_STYLE ('',( #1448 ) ) ;
#927 = FILL_AREA_STYLE ('',( #2896 ) ) ;
#928 = FACE_OUTER_BOUND ( 'NONE', #2622, .T. ) ;
#929 = CARTESIAN_POINT ( 'NONE',  ( -4.459999999999999076, 5.700000000000000178, 1.800000000000000044 ) ) ;
#930 = SURFACE_STYLE_USAGE ( .BOTH. , #2287 ) ;
#931 = LINE ( 'NONE', #2382, #941 ) ;
#932 = VERTEX_POINT ( 'NONE', #144 ) ;
#933 = MECHANICAL_DESIGN_GEOMETRIC_PRESENTATION_REPRESENTATION (  '', ( #5093 ), #4681 ) ;
#934 = DIRECTION ( 'NONE',  ( -0.9578262852211519851, 0.2873478855663433862, 0.000000000000000000 ) ) ;
#935 = ORIENTED_EDGE ( 'NONE', *, *, #289, .T. ) ;
#936 = EDGE_CURVE ( 'NONE', #4475, #1089, #3489, .T. ) ;
#937 = LINE ( 'NONE', #5977, #877 ) ;
#938 = DIRECTION ( 'NONE',  ( -0.000000000000000000, 0.000000000000000000, 1.000000000000000000 ) ) ;
#939 = ORIENTED_EDGE ( 'NONE', *, *, #4112, .F. ) ;
#940 = CARTESIAN_POINT ( 'NONE',  ( -1.569999999999998064, -3.399999999999996803, -3.910000000000000142 ) ) ;
#941 = VECTOR ( 'NONE', #5, 1000.000000000000000 ) ;
#942 = CARTESIAN_POINT ( 'NONE',  ( -5.380000000000000782, 2.600000000000000533, -2.199999999999999734 ) ) ;
#943 = CARTESIAN_POINT ( 'NONE',  ( -0.9699999999999986411, -3.399999999999995026, -3.909999999999999254 ) ) ;
#944 = CARTESIAN_POINT ( 'NONE',  ( 5.580000000000000959, 0.4000000000000080158, -2.700000000000001954 ) ) ;
#945 = DIRECTION ( 'NONE',  ( -1.000000000000000000, 0.000000000000000000, 0.000000000000000000 ) ) ;
#946 = STYLED_ITEM ( 'NONE', ( #104 ), #3128 ) ;
#947 = ORIENTED_EDGE ( 'NONE', *, *, #3826, .T. ) ;
#948 = AXIS2_PLACEMENT_3D ( 'NONE', #2945, #4187, #6041 ) ;
#949 = EDGE_CURVE ( 'NONE', #4488, #3205, #1431, .T. ) ;
#950 =( NAMED_UNIT ( * ) SI_UNIT ( $, .STERADIAN. ) SOLID_ANGLE_UNIT ( ) );
#951 = VECTOR ( 'NONE', #3548, 1000.000000000000000 ) ;
#952 = CARTESIAN_POINT ( 'NONE',  ( -4.109999999999999432, 0.6999999999999999556, -3.710000000000000409 ) ) ;
#953 = PRESENTATION_STYLE_ASSIGNMENT (( #757 ) ) ;
#954 = FILL_AREA_STYLE ('',( #4271 ) ) ;
#955 = EDGE_CURVE ( 'NONE', #5065, #5473, #3591, .T. ) ;
#956 = DIRECTION ( 'NONE',  ( -1.000000000000000000, 0.000000000000000000, 7.228014483236692611E-16 ) ) ;
#957 = PRESENTATION_LAYER_ASSIGNMENT (  '', '', ( #5435 ) ) ;
#958 = STYLED_ITEM ( 'NONE', ( #1764 ), #5994 ) ;
#959 = VERTEX_POINT ( 'NONE', #4341 ) ;
#960 = VECTOR ( 'NONE', #5534, 1000.000000000000000 ) ;
#961 = COLOUR_RGB ( '',1.000000000000000000, 0.8117647058823529438, 0.5019607843137254832 ) ;
#962 = EDGE_CURVE ( 'NONE', #2053, #1685, #3518, .T. ) ;
#963 = VERTEX_POINT ( 'NONE', #4693 ) ;
#964 = DIRECTION ( 'NONE',  ( 0.000000000000000000, -0.000000000000000000, 1.000000000000000000 ) ) ;
#965 = CARTESIAN_POINT ( 'NONE',  ( 5.580000000000000959, 5.700000000000000178, -4.950000000000000178 ) ) ;
#966 = MECHANICAL_DESIGN_GEOMETRIC_PRESENTATION_REPRESENTATION (  '', ( #3070 ), #81 ) ;
#967 = COLOUR_RGB ( '',0.7921568627450980005, 0.8196078431372548767, 0.9333333333333333481 ) ;
#968 = SURFACE_SIDE_STYLE ('',( #5527 ) ) ;
#969 = EDGE_CURVE ( 'NONE', #1685, #2402, #3466, .T. ) ;
#970 = LINE ( 'NONE', #2107, #2965 ) ;
#971 = CARTESIAN_POINT ( 'NONE',  ( -1.919999999999998597, 5.200000000000000178, -1.800000000000000044 ) ) ;
#972 = DIRECTION ( 'NONE',  ( -0.000000000000000000, 1.000000000000000000, -0.000000000000000000 ) ) ;
#973 = PRESENTATION_LAYER_ASSIGNMENT (  '', '', ( #3239 ) ) ;
#974 = UNCERTAINTY_MEASURE_WITH_UNIT (LENGTH_MEASURE( 1.000000000000000082E-05 ), #1147, 'distance_accuracy_value', 'NONE');
#975 = LINE ( 'NONE', #352, #2979 ) ;
#976 = VECTOR ( 'NONE', #2997, 1000.000000000000000 ) ;
#977 = DIRECTION ( 'NONE',  ( 0.000000000000000000, 0.000000000000000000, -1.000000000000000000 ) ) ;
#978 = UNCERTAINTY_MEASURE_WITH_UNIT (LENGTH_MEASURE( 1.000000000000000082E-05 ), #1505, 'distance_accuracy_value', 'NONE');
#979 = VECTOR ( 'NONE', #2247, 1000.000000000000000 ) ;
#980 = LINE ( 'NONE', #3397, #3101 ) ;
#981 = VERTEX_POINT ( 'NONE', #5690 ) ;
#982 = ADVANCED_FACE ( 'NONE', ( #5706 ), #5102, .F. ) ;
#983 =( NAMED_UNIT ( * ) SI_UNIT ( $, .STERADIAN. ) SOLID_ANGLE_UNIT ( ) );
#984 = CARTESIAN_POINT ( 'NONE',  ( 0.000000000000000000, 0.000000000000000000, 0.000000000000000000 ) ) ;
#985 = AXIS2_PLACEMENT_3D ( 'NONE', #5889, #2012, #1978 ) ;
#986 = DIRECTION ( 'NONE',  ( -0.000000000000000000, 1.000000000000000000, 0.000000000000000000 ) ) ;
#987 = FILL_AREA_STYLE_COLOUR ( '', #2167 ) ;
#988 = FILL_AREA_STYLE ('',( #3704 ) ) ;
#989 = SURFACE_STYLE_USAGE ( .BOTH. , #488 ) ;
#990 = ORIENTED_EDGE ( 'NONE', *, *, #1196, .T. ) ;
#991 = ORIENTED_EDGE ( 'NONE', *, *, #218, .T. ) ;
#992 =( GEOMETRIC_REPRESENTATION_CONTEXT ( 3 ) GLOBAL_UNCERTAINTY_ASSIGNED_CONTEXT ( ( #5084 ) ) GLOBAL_UNIT_ASSIGNED_CONTEXT ( ( #5797, #569, #1507 ) ) REPRESENTATION_CONTEXT ( 'NONE', 'WORKASPACE' ) );
#993 = CARTESIAN_POINT ( 'NONE',  ( -5.580000000000000959, 0.2000000000000078937, 2.700000000000005063 ) ) ;
#994 = LINE ( 'NONE', #3473, #5009 ) ;
#995 = ORIENTED_EDGE ( 'NONE', *, *, #694, .T. ) ;
#996 = DIRECTION ( 'NONE',  ( -1.000000000000000000, 0.000000000000000000, -0.000000000000000000 ) ) ;
#997 = DIRECTION ( 'NONE',  ( -0.000000000000000000, 1.000000000000000000, -0.000000000000000000 ) ) ;
#998 = ORIENTED_EDGE ( 'NONE', *, *, #4540, .F. ) ;
#999 = DIRECTION ( 'NONE',  ( 0.9578262852211522071, 0.2873478855663425535, -0.000000000000000000 ) ) ;
#1000 = DIRECTION ( 'NONE',  ( 0.000000000000000000, 0.000000000000000000, -1.000000000000000000 ) ) ;
#1001 = ORIENTED_EDGE ( 'NONE', *, *, #1351, .T. ) ;
#1002 = CARTESIAN_POINT ( 'NONE',  ( -1.569999999999998952, -8.432455532033678480, -3.710000000000000409 ) ) ;
#1003 = VECTOR ( 'NONE', #4314, 1000.000000000000000 ) ;
#1004 = ORIENTED_EDGE ( 'NONE', *, *, #1099, .T. ) ;
#1005 = FACE_OUTER_BOUND ( 'NONE', #3511, .T. ) ;
#1006 = VERTEX_POINT ( 'NONE', #4613 ) ;
#1007 = DIRECTION ( 'NONE',  ( 1.000000000000000000, -0.000000000000000000, -0.000000000000000000 ) ) ;
#1008 = VERTEX_POINT ( 'NONE', #341 ) ;
#1009 = DIRECTION ( 'NONE',  ( -1.000000000000000000, -0.000000000000000000, 0.000000000000000000 ) ) ;
#1010 = PLANE ( 'NONE',  #585 ) ;
#1011 = ORIENTED_EDGE ( 'NONE', *, *, #5672, .F. ) ;
#1012 = PLANE ( 'NONE',  #3674 ) ;
#1013 = STYLED_ITEM ( 'NONE', ( #5866 ), #4178 ) ;
#1014 = VECTOR ( 'NONE', #226, 1000.000000000000000 ) ;
#1015 = EDGE_CURVE ( 'NONE', #2363, #633, #1488, .T. ) ;
#1016 = FILL_AREA_STYLE_COLOUR ( '', #4143 ) ;
#1017 = VERTEX_POINT ( 'NONE', #1299 ) ;
#1018 = CARTESIAN_POINT ( 'NONE',  ( 0.9700000000000020828, -8.432455532033678480, -3.910000000000000142 ) ) ;
#1019 = LINE ( 'NONE', #4494, #5078 ) ;
#1020 = ORIENTED_EDGE ( 'NONE', *, *, #2791, .F. ) ;
#1021 = DIRECTION ( 'NONE',  ( 1.000000000000000000, 0.000000000000000000, -0.000000000000000000 ) ) ;
#1022 = AXIS2_PLACEMENT_3D ( 'NONE', #6166, #934, #2040 ) ;
#1023 = CARTESIAN_POINT ( 'NONE',  ( 4.460000000000000853, 5.099999999999999645, -1.800000000000000044 ) ) ;
#1024 = DIRECTION ( 'NONE',  ( -1.445602896647338522E-15, 0.000000000000000000, -1.000000000000000000 ) ) ;
#1025 = SURFACE_STYLE_USAGE ( .BOTH. , #826 ) ;
#1026 = ORIENTED_EDGE ( 'NONE', *, *, #5765, .F. ) ;
#1027 = VERTEX_POINT ( 'NONE', #6159 ) ;
#1028 = LINE ( 'NONE', #3175, #3112 ) ;
#1029 =( NAMED_UNIT ( * ) PLANE_ANGLE_UNIT ( ) SI_UNIT ( $, .RADIAN. ) );
#1030 = EDGE_CURVE ( 'NONE', #2462, #4588, #1450, .T. ) ;
#1031 = ORIENTED_EDGE ( 'NONE', *, *, #1879, .T. ) ;
#1032 = CARTESIAN_POINT ( 'NONE',  ( -3.959999999999999076, -3.900000000000000799, 3.710000000000000409 ) ) ;
#1033 = VECTOR ( 'NONE', #330, 1000.000000000000000 ) ;
#1034 = MECHANICAL_DESIGN_GEOMETRIC_PRESENTATION_REPRESENTATION (  '', ( #6123 ), #4701 ) ;
#1035 = EDGE_CURVE ( 'NONE', #4257, #1751, #1523, .T. ) ;
#1036 = PRESENTATION_LAYER_ASSIGNMENT (  '', '', ( #2372 ) ) ;
#1037 = ORIENTED_EDGE ( 'NONE', *, *, #4883, .F. ) ;
#1038 =( NAMED_UNIT ( * ) PLANE_ANGLE_UNIT ( ) SI_UNIT ( $, .RADIAN. ) );
#1039 = LINE ( 'NONE', #2956, #5231 ) ;
#1040 = LINE ( 'NONE', #3908, #3126 ) ;
#1041 = EDGE_LOOP ( 'NONE', ( #3418, #3832, #1332, #3913 ) ) ;
#1042 = EDGE_CURVE ( 'NONE', #2334, #3557, #5695, .T. ) ;
#1043 = VECTOR ( 'NONE', #841, 1000.000000000000000 ) ;
#1044 = EDGE_CURVE ( 'NONE', #2402, #248, #5503, .T. ) ;
#1045 = DIRECTION ( 'NONE',  ( 0.000000000000000000, 1.000000000000000000, -1.703746271048650557E-15 ) ) ;
#1046 = ORIENTED_EDGE ( 'NONE', *, *, #832, .T. ) ;
#1047 =( GEOMETRIC_REPRESENTATION_CONTEXT ( 3 ) GLOBAL_UNCERTAINTY_ASSIGNED_CONTEXT ( ( #5331 ) ) GLOBAL_UNIT_ASSIGNED_CONTEXT ( ( #2733, #2191, #2267 ) ) REPRESENTATION_CONTEXT ( 'NONE', 'WORKASPACE' ) );
#1048 = UNCERTAINTY_MEASURE_WITH_UNIT (LENGTH_MEASURE( 1.000000000000000082E-05 ), #2448, 'distance_accuracy_value', 'NONE');
#1049 = SURFACE_STYLE_USAGE ( .BOTH. , #2499 ) ;
#1050 =( LENGTH_UNIT ( ) NAMED_UNIT ( * ) SI_UNIT ( .MILLI., .METRE. ) );
#1051 = SURFACE_STYLE_FILL_AREA ( #5375 ) ;
#1052 = ORIENTED_EDGE ( 'NONE', *, *, #2032, .T. ) ;
#1053 = DIRECTION ( 'NONE',  ( 0.000000000000000000, 0.000000000000000000, -1.000000000000000000 ) ) ;
#1054 = PRESENTATION_LAYER_ASSIGNMENT (  '', '', ( #6139 ) ) ;
#1055 = CARTESIAN_POINT ( 'NONE',  ( -0.6199999999999985523, 6.950000000000000178, 1.800000000000000044 ) ) ;
#1056 = VERTEX_POINT ( 'NONE', #2411 ) ;
#1057 = ADVANCED_FACE ( 'NONE', ( #3606 ), #1413, .F. ) ;
#1058 = CARTESIAN_POINT ( 'NONE',  ( 3.510000000000001119, -3.900000000000000799, 3.910000000000000142 ) ) ;
#1059 = VECTOR ( 'NONE', #3897, 1000.000000000000000 ) ;
#1060 = EDGE_LOOP ( 'NONE', ( #5061, #1250, #3637, #3501 ) ) ;
#1061 = SURFACE_SIDE_STYLE ('',( #4517 ) ) ;
#1062 =( NAMED_UNIT ( * ) PLANE_ANGLE_UNIT ( ) SI_UNIT ( $, .RADIAN. ) );
#1063 = CARTESIAN_POINT ( 'NONE',  ( -1.119999999999998996, -3.900000000000000799, -3.710000000000000409 ) ) ;
#1064 = ORIENTED_EDGE ( 'NONE', *, *, #5672, .T. ) ;
#1065 = VERTEX_POINT ( 'NONE', #5104 ) ;
#1066 = ADVANCED_FACE ( 'NONE', ( #1634 ), #6101, .F. ) ;
#1067 = FACE_OUTER_BOUND ( 'NONE', #4568, .T. ) ;
#1068 = CARTESIAN_POINT ( 'NONE',  ( -5.580000000000000959, 0.2000000000000091982, 2.300000000000004263 ) ) ;
#1069 = VECTOR ( 'NONE', #466, 1000.000000000000000 ) ;
#1070 = ORIENTED_EDGE ( 'NONE', *, *, #6162, .F. ) ;
#1071 =( NAMED_UNIT ( * ) PLANE_ANGLE_UNIT ( ) SI_UNIT ( $, .RADIAN. ) );
#1072 = COLOUR_RGB ( '',1.000000000000000000, 0.8117647058823529438, 0.5019607843137254832 ) ;
#1073 = VERTEX_POINT ( 'NONE', #5195 ) ;
#1074 = PRESENTATION_LAYER_ASSIGNMENT (  '', '', ( #5176 ) ) ;
#1075 = DIRECTION ( 'NONE',  ( 0.000000000000000000, 0.000000000000000000, 1.000000000000000000 ) ) ;
#1076 = ORIENTED_EDGE ( 'NONE', *, *, #893, .T. ) ;
#1077 = VERTEX_POINT ( 'NONE', #472 ) ;
#1078 = STYLED_ITEM ( 'NONE', ( #3229 ), #331 ) ;
#1079 = SURFACE_STYLE_USAGE ( .BOTH. , #5560 ) ;
#1080 = SURFACE_STYLE_USAGE ( .BOTH. , #3500 ) ;
#1081 = VECTOR ( 'NONE', #3617, 1000.000000000000000 ) ;
#1082 = SURFACE_STYLE_FILL_AREA ( #5603 ) ;
#1083 = VERTEX_POINT ( 'NONE', #1809 ) ;
#1084 = SURFACE_STYLE_FILL_AREA ( #1515 ) ;
#1085 = LINE ( 'NONE', #1153, #5167 ) ;
#1086 = DIRECTION ( 'NONE',  ( -0.000000000000000000, 0.000000000000000000, 1.000000000000000000 ) ) ;
#1087 = ORIENTED_EDGE ( 'NONE', *, *, #520, .T. ) ;
#1088 = AXIS2_PLACEMENT_3D ( 'NONE', #4879, #2599, #5963 ) ;
#1089 = VERTEX_POINT ( 'NONE', #891 ) ;
#1090 = DIRECTION ( 'NONE',  ( -1.000000000000000000, 0.000000000000000000, 0.000000000000000000 ) ) ;
#1091 = VECTOR ( 'NONE', #3885, 1000.000000000000000 ) ;
#1092 = EDGE_CURVE ( 'NONE', #883, #5864, #3721, .T. ) ;
#1093 =( LENGTH_UNIT ( ) NAMED_UNIT ( * ) SI_UNIT ( .MILLI., .METRE. ) );
#1094 = ORIENTED_EDGE ( 'NONE', *, *, #1953, .T. ) ;
#1095 = CARTESIAN_POINT ( 'NONE',  ( -3.509999999999998899, -3.399999999999995026, -3.710000000000000409 ) ) ;
#1096 = PLANE ( 'NONE',  #1294 ) ;
#1097 =( NAMED_UNIT ( * ) SI_UNIT ( $, .STERADIAN. ) SOLID_ANGLE_UNIT ( ) );
#1098 = PRESENTATION_STYLE_ASSIGNMENT (( #77 ) ) ;
#1099 = EDGE_CURVE ( 'NONE', #5261, #425, #1678, .T. ) ;
#1100 = VERTEX_POINT ( 'NONE', #2366 ) ;
#1101 = CARTESIAN_POINT ( 'NONE',  ( -0.6199999999999985523, 10.26155281280883003, 1.800000000000000044 ) ) ;
#1102 = ORIENTED_EDGE ( 'NONE', *, *, #4125, .T. ) ;
#1103 =( GEOMETRIC_REPRESENTATION_CONTEXT ( 3 ) GLOBAL_UNCERTAINTY_ASSIGNED_CONTEXT ( ( #3045 ) ) GLOBAL_UNIT_ASSIGNED_CONTEXT ( ( #471, #2364, #1593 ) ) REPRESENTATION_CONTEXT ( 'NONE', 'WORKASPACE' ) );
#1104 = CARTESIAN_POINT ( 'NONE',  ( -3.159999999999998810, 5.099999999999999645, 1.800000000000000044 ) ) ;
#1105 =( NAMED_UNIT ( * ) PLANE_ANGLE_UNIT ( ) SI_UNIT ( $, .RADIAN. ) );
#1106 = ORIENTED_EDGE ( 'NONE', *, *, #2898, .F. ) ;
#1107 = PLANE ( 'NONE',  #2676 ) ;
#1108 = CARTESIAN_POINT ( 'NONE',  ( 3.160000000000001474, 6.950000000000000178, 1.800000000000000044 ) ) ;
#1109 = SURFACE_SIDE_STYLE ('',( #3381 ) ) ;
#1110 = PLANE ( 'NONE',  #3616 ) ;
#1111 = SURFACE_STYLE_USAGE ( .BOTH. , #1980 ) ;
#1112 = DIRECTION ( 'NONE',  ( 0.000000000000000000, 1.000000000000000000, -1.239088197126291458E-15 ) ) ;
#1113 = EDGE_CURVE ( 'NONE', #4588, #1830, #1657, .T. ) ;
#1114 = ORIENTED_EDGE ( 'NONE', *, *, #4972, .F. ) ;
#1115 = VERTEX_POINT ( 'NONE', #513 ) ;
#1116 = SURFACE_SIDE_STYLE ('',( #2423 ) ) ;
#1117 = AXIS2_PLACEMENT_3D ( 'NONE', #4524, #807, #776 ) ;
#1118 = EDGE_CURVE ( 'NONE', #2435, #4442, #1691, .T. ) ;
#1119 = ORIENTED_EDGE ( 'NONE', *, *, #2161, .T. ) ;
#1120 = MECHANICAL_DESIGN_GEOMETRIC_PRESENTATION_REPRESENTATION (  '', ( #3389 ), #2852 ) ;
#1121 = SURFACE_SIDE_STYLE ('',( #1777 ) ) ;
#1122 = DIRECTION ( 'NONE',  ( 1.000000000000000000, 0.000000000000000000, -0.000000000000000000 ) ) ;
#1123 =( NAMED_UNIT ( * ) PLANE_ANGLE_UNIT ( ) SI_UNIT ( $, .RADIAN. ) );
#1124 = EDGE_LOOP ( 'NONE', ( #5722, #1423, #5555, #461 ) ) ;
#1125 = FILL_AREA_STYLE ('',( #1725 ) ) ;
#1126 = UNCERTAINTY_MEASURE_WITH_UNIT (LENGTH_MEASURE( 1.000000000000000082E-05 ), #2212, 'distance_accuracy_value', 'NONE');
#1127 = FILL_AREA_STYLE_COLOUR ( '', #1337 ) ;
#1128 = ORIENTED_EDGE ( 'NONE', *, *, #1133, .T. ) ;
#1129 = VERTEX_POINT ( 'NONE', #1897 ) ;
#1130 = CARTESIAN_POINT ( 'NONE',  ( -4.459999999999999076, 5.200000000000000178, -1.800000000000000044 ) ) ;
#1131 = LINE ( 'NONE', #4317, #979 ) ;
#1132 = ORIENTED_EDGE ( 'NONE', *, *, #470, .F. ) ;
#1133 = EDGE_CURVE ( 'NONE', #248, #5276, #5871, .T. ) ;
#1135 = UNCERTAINTY_MEASURE_WITH_UNIT (LENGTH_MEASURE( 1.000000000000000082E-05 ), #2788, 'distance_accuracy_value', 'NONE');
#1134 = AXIS2_PLACEMENT_3D ( 'NONE', #4965, #689, #5462 ) ;
#1136 = UNCERTAINTY_MEASURE_WITH_UNIT (LENGTH_MEASURE( 1.000000000000000082E-05 ), #4553, 'distance_accuracy_value', 'NONE');
#1137 = ORIENTED_EDGE ( 'NONE', *, *, #1912, .F. ) ;
#1138 = CARTESIAN_POINT ( 'NONE',  ( -0.6199999999999985523, 5.099999999999999645, 1.800000000000000044 ) ) ;
#1139 = ORIENTED_EDGE ( 'NONE', *, *, #5268, .F. ) ;
#1140 = VERTEX_POINT ( 'NONE', #5740 ) ;
#1141 = PRESENTATION_LAYER_ASSIGNMENT (  '', '', ( #2329 ) ) ;
#1142 = LINE ( 'NONE', #965, #1059 ) ;
#1143 = CARTESIAN_POINT ( 'NONE',  ( 4.110000000000001208, -8.432455532033678480, 3.909999999999999254 ) ) ;
#1144 = FACE_OUTER_BOUND ( 'NONE', #3174, .T. ) ;
#1145 = VERTEX_POINT ( 'NONE', #3823 ) ;
#1146 = CARTESIAN_POINT ( 'NONE',  ( -1.569999999999998064, -8.432455532033678480, -3.910000000000000142 ) ) ;
#1147 =( LENGTH_UNIT ( ) NAMED_UNIT ( * ) SI_UNIT ( .MILLI., .METRE. ) );
#1148 = ORIENTED_EDGE ( 'NONE', *, *, #2032, .F. ) ;
#1149 = FILL_AREA_STYLE ('',( #187 ) ) ;
#1150 = PRESENTATION_STYLE_ASSIGNMENT (( #6107 ) ) ;
#1151 = EDGE_LOOP ( 'NONE', ( #2750, #2995, #5444, #1231 ) ) ;
#1152 = DIRECTION ( 'NONE',  ( -0.000000000000000000, 0.000000000000000000, 1.000000000000000000 ) ) ;
#1153 = CARTESIAN_POINT ( 'NONE',  ( -4.109999999999999432, -3.900000000000000799, 3.710000000000000409 ) ) ;
#1154 = LINE ( 'NONE', #2707, #5374 ) ;
#1155 = DIRECTION ( 'NONE',  ( 0.2873478855663433862, 0.9578262852211519851, -2.076954678600969878E-16 ) ) ;
#1156 = SURFACE_SIDE_STYLE ('',( #5875 ) ) ;
#1157 = ORIENTED_EDGE ( 'NONE', *, *, #2077, .T. ) ;
#1158 = LINE ( 'NONE', #5773, #5198 ) ;
#1159 =( LENGTH_UNIT ( ) NAMED_UNIT ( * ) SI_UNIT ( .MILLI., .METRE. ) );
#1160 = COLOUR_RGB ( '',1.000000000000000000, 0.8117647058823529438, 0.5019607843137254832 ) ;
#1161 = ORIENTED_EDGE ( 'NONE', *, *, #2146, .T. ) ;
#1162 = STYLED_ITEM ( 'NONE', ( #1696 ), #4132 ) ;
#1163 = CARTESIAN_POINT ( 'NONE',  ( -5.580000000000000959, 4.000000000000001776, 2.199999999999997069 ) ) ;
#1164 = AXIS2_PLACEMENT_3D ( 'NONE', #5936, #2379, #5252 ) ;
#1165 = CARTESIAN_POINT ( 'NONE',  ( -0.9699999999999986411, -3.399999999999995026, 3.710000000000000409 ) ) ;
#1166 =( LENGTH_UNIT ( ) NAMED_UNIT ( * ) SI_UNIT ( .MILLI., .METRE. ) );
#1167 = FILL_AREA_STYLE ('',( #1127 ) ) ;
#1168 = ORIENTED_EDGE ( 'NONE', *, *, #470, .T. ) ;
#1169 = ADVANCED_FACE ( 'NONE', ( #5806 ), #5780, .F. ) ;
#1170 = ORIENTED_EDGE ( 'NONE', *, *, #5192, .F. ) ;
#1171 = CARTESIAN_POINT ( 'NONE',  ( 0.000000000000000000, 0.000000000000000000, 0.000000000000000000 ) ) ;
#1172 = PRESENTATION_STYLE_ASSIGNMENT (( #4643 ) ) ;
#1173 = ORIENTED_EDGE ( 'NONE', *, *, #3153, .F. ) ;
#1174 = PRESENTATION_LAYER_ASSIGNMENT (  '', '', ( #3762 ) ) ;
#1175 = SURFACE_SIDE_STYLE ('',( #5969 ) ) ;
#1176 = EDGE_CURVE ( 'NONE', #3164, #3205, #1717, .T. ) ;
#1177 = ORIENTED_EDGE ( 'NONE', *, *, #3590, .F. ) ;
#1178 = ORIENTED_EDGE ( 'NONE', *, *, #2024, .F. ) ;
#1179 = ADVANCED_FACE ( 'NONE', ( #3827 ), #5493, .F. ) ;
#1180 = DIRECTION ( 'NONE',  ( 0.000000000000000000, -0.000000000000000000, 1.000000000000000000 ) ) ;
#1181 = EDGE_CURVE ( 'NONE', #2354, #919, #5893, .T. ) ;
#1182 = DIRECTION ( 'NONE',  ( 4.336808689942016158E-15, 0.000000000000000000, -1.000000000000000000 ) ) ;
#1183 = COLOUR_RGB ( '',0.7921568627450980005, 0.8196078431372548767, 0.9333333333333333481 ) ;
#1184 = ORIENTED_EDGE ( 'NONE', *, *, #2218, .T. ) ;
#1185 = DIRECTION ( 'NONE',  ( -1.000000000000000000, 0.000000000000000000, 0.000000000000000000 ) ) ;
#1186 = FILL_AREA_STYLE_COLOUR ( '', #1510 ) ;
#1187 = STYLED_ITEM ( 'NONE', ( #4907 ), #3650 ) ;
#1188 =( GEOMETRIC_REPRESENTATION_CONTEXT ( 3 ) GLOBAL_UNCERTAINTY_ASSIGNED_CONTEXT ( ( #4266 ) ) GLOBAL_UNIT_ASSIGNED_CONTEXT ( ( #3258, #4679, #4760 ) ) REPRESENTATION_CONTEXT ( 'NONE', 'WORKASPACE' ) );
#1189 = ORIENTED_EDGE ( 'NONE', *, *, #1480, .F. ) ;
#1190 = DIRECTION ( 'NONE',  ( 0.000000000000000000, 0.000000000000000000, 1.000000000000000000 ) ) ;
#1191 = ORIENTED_EDGE ( 'NONE', *, *, #2424, .F. ) ;
#1192 = VERTEX_POINT ( 'NONE', #2932 ) ;
#1193 = LINE ( 'NONE', #3467, #5314 ) ;
#1194 = CARTESIAN_POINT ( 'NONE',  ( -1.919999999999998597, 6.950000000000000178, 1.800000000000000044 ) ) ;
#1195 = ORIENTED_EDGE ( 'NONE', *, *, #819, .F. ) ;
#1196 = EDGE_CURVE ( 'NONE', #713, #4564, #3719, .T. ) ;
#1197 = LINE ( 'NONE', #2013, #3117 ) ;
#1198 = DIRECTION ( 'NONE',  ( -0.000000000000000000, -0.000000000000000000, 1.000000000000000000 ) ) ;
#1199 = CARTESIAN_POINT ( 'NONE',  ( -0.6199999999999985523, 5.700000000000000178, 1.800000000000000044 ) ) ;
#1200 = DIRECTION ( 'NONE',  ( 0.000000000000000000, 0.000000000000000000, -1.000000000000000000 ) ) ;
#1201 = EDGE_CURVE ( 'NONE', #890, #2412, #1645, .T. ) ;
#1202 = VERTEX_POINT ( 'NONE', #2074 ) ;
#1203 = ORIENTED_EDGE ( 'NONE', *, *, #552, .F. ) ;
#1204 = ORIENTED_EDGE ( 'NONE', *, *, #1758, .T. ) ;
#1205 = LINE ( 'NONE', #1578, #1091 ) ;
#1206 = DIRECTION ( 'NONE',  ( 0.000000000000000000, 0.000000000000000000, -1.000000000000000000 ) ) ;
#1207 = VECTOR ( 'NONE', #3507, 1000.000000000000000 ) ;
#1208 = ORIENTED_EDGE ( 'NONE', *, *, #1574, .F. ) ;
#1209 = SURFACE_STYLE_USAGE ( .BOTH. , #2950 ) ;
#1210 = UNCERTAINTY_MEASURE_WITH_UNIT (LENGTH_MEASURE( 1.000000000000000082E-05 ), #1909, 'distance_accuracy_value', 'NONE');
#1211 = VECTOR ( 'NONE', #861, 1000.000000000000000 ) ;
#1212 =( LENGTH_UNIT ( ) NAMED_UNIT ( * ) SI_UNIT ( .MILLI., .METRE. ) );
#1213 = EDGE_LOOP ( 'NONE', ( #4740, #2822, #5288, #5390 ) ) ;
#1214 = CARTESIAN_POINT ( 'NONE',  ( 0.9700000000000011946, -8.432455532033678480, 3.910000000000000142 ) ) ;
#1215 = DIRECTION ( 'NONE',  ( 1.000000000000000000, 0.000000000000000000, 0.000000000000000000 ) ) ;
#1216 =( NAMED_UNIT ( * ) PLANE_ANGLE_UNIT ( ) SI_UNIT ( $, .RADIAN. ) );
#1217 = STYLED_ITEM ( 'NONE', ( #2245 ), #1328 ) ;
#1218 = SURFACE_STYLE_FILL_AREA ( #5355 ) ;
#1219 = UNCERTAINTY_MEASURE_WITH_UNIT (LENGTH_MEASURE( 1.000000000000000082E-05 ), #2157, 'distance_accuracy_value', 'NONE');
#1220 = FACE_OUTER_BOUND ( 'NONE', #3074, .T. ) ;
#1221 = ORIENTED_EDGE ( 'NONE', *, *, #875, .T. ) ;
#1222 = VECTOR ( 'NONE', #2941, 1000.000000000000000 ) ;
#1223 = DIRECTION ( 'NONE',  ( 1.000000000000000000, -0.000000000000000000, -0.000000000000000000 ) ) ;
#1224 = PRESENTATION_LAYER_ASSIGNMENT (  '', '', ( #4350 ) ) ;
#1225 =( NAMED_UNIT ( * ) SI_UNIT ( $, .STERADIAN. ) SOLID_ANGLE_UNIT ( ) );
#1226 = ADVANCED_FACE ( 'NONE', ( #5770 ), #3556, .F. ) ;
#1227 = FILL_AREA_STYLE ('',( #2763 ) ) ;
#1228 = VECTOR ( 'NONE', #4306, 1000.000000000000000 ) ;
#1229 = DIRECTION ( 'NONE',  ( -0.000000000000000000, -1.000000000000000000, -0.000000000000000000 ) ) ;
#1230 = SURFACE_STYLE_FILL_AREA ( #3592 ) ;
#1231 = ORIENTED_EDGE ( 'NONE', *, *, #5836, .F. ) ;
#1232 = DIRECTION ( 'NONE',  ( 0.000000000000000000, 0.000000000000000000, -1.000000000000000000 ) ) ;
#1233 = ADVANCED_FACE ( 'NONE', ( #3632 ), #2001, .F. ) ;
#1234 = MECHANICAL_DESIGN_GEOMETRIC_PRESENTATION_REPRESENTATION (  '', ( #1792 ), #6033 ) ;
#1235 = CARTESIAN_POINT ( 'NONE',  ( -5.380000000000000782, 4.000000000000000000, 0.7999999999999974909 ) ) ;
#1236 = PRESENTATION_STYLE_ASSIGNMENT (( #5867 ) ) ;
#1237 = DIRECTION ( 'NONE',  ( -0.000000000000000000, -1.000000000000000000, -0.000000000000000000 ) ) ;
#1238 = SURFACE_STYLE_FILL_AREA ( #636 ) ;
#1239 = DIRECTION ( 'NONE',  ( 0.000000000000000000, 0.000000000000000000, -1.000000000000000000 ) ) ;
#1240 = FILL_AREA_STYLE ('',( #2703 ) ) ;
#1241 = CARTESIAN_POINT ( 'NONE',  ( -5.380000000000000782, 4.000000000000000000, -2.199999999999999734 ) ) ;
#1242 =( LENGTH_UNIT ( ) NAMED_UNIT ( * ) SI_UNIT ( .MILLI., .METRE. ) );
#1243 = ORIENTED_EDGE ( 'NONE', *, *, #6066, .F. ) ;
#1244 = AXIS2_PLACEMENT_3D ( 'NONE', #1438, #16, #497 ) ;
#1245 = ORIENTED_EDGE ( 'NONE', *, *, #6120, .T. ) ;
#1246 = LINE ( 'NONE', #5226, #3228 ) ;
#1247 = EDGE_CURVE ( 'NONE', #3542, #1880, #5872, .T. ) ;
#1248 = CARTESIAN_POINT ( 'NONE',  ( -5.580000000000000959, 9.107298248878237246E-15, -2.300000000000000266 ) ) ;
#1249 = VECTOR ( 'NONE', #4951, 1000.000000000000000 ) ;
#1250 = ORIENTED_EDGE ( 'NONE', *, *, #4177, .F. ) ;
#1251 = DIRECTION ( 'NONE',  ( 1.000000000000000000, -0.000000000000000000, -0.000000000000000000 ) ) ;
#1252 = DIRECTION ( 'NONE',  ( 0.000000000000000000, 0.000000000000000000, 1.000000000000000000 ) ) ;
#1253 = ORIENTED_EDGE ( 'NONE', *, *, #3460, .F. ) ;
#1254 = PLANE ( 'NONE',  #2684 ) ;
#1255 = PLANE ( 'NONE',  #3892 ) ;
#1256 = CARTESIAN_POINT ( 'NONE',  ( 3.510000000000002007, -8.432455532033678480, -3.910000000000000142 ) ) ;
#1257 = MECHANICAL_DESIGN_GEOMETRIC_PRESENTATION_REPRESENTATION (  '', ( #744 ), #5033 ) ;
#1258 = COLOUR_RGB ( '',0.7921568627450980005, 0.8196078431372548767, 0.9333333333333333481 ) ;
#1259 = ORIENTED_EDGE ( 'NONE', *, *, #2019, .T. ) ;
#1260 = DIRECTION ( 'NONE',  ( -1.000000000000000000, -0.000000000000000000, -0.000000000000000000 ) ) ;
#1261 = EDGE_CURVE ( 'NONE', #1263, #1572, #1635, .T. ) ;
#1262 = VERTEX_POINT ( 'NONE', #4548 ) ;
#1263 = VERTEX_POINT ( 'NONE', #4916 ) ;
#1264 = DIRECTION ( 'NONE',  ( -0.000000000000000000, 1.000000000000000000, -0.000000000000000000 ) ) ;
#1265 = ORIENTED_EDGE ( 'NONE', *, *, #3859, .F. ) ;
#1266 = FACE_OUTER_BOUND ( 'NONE', #1303, .T. ) ;
#1267 = MECHANICAL_DESIGN_GEOMETRIC_PRESENTATION_REPRESENTATION (  '', ( #1485 ), #1822 ) ;
#1268 = VECTOR ( 'NONE', #6088, 1000.000000000000000 ) ;
#1269 =( GEOMETRIC_REPRESENTATION_CONTEXT ( 3 ) GLOBAL_UNCERTAINTY_ASSIGNED_CONTEXT ( ( #2067 ) ) GLOBAL_UNIT_ASSIGNED_CONTEXT ( ( #2657, #2274, #3566 ) ) REPRESENTATION_CONTEXT ( 'NONE', 'WORKASPACE' ) );
#1270 = ORIENTED_EDGE ( 'NONE', *, *, #4174, .F. ) ;
#1271 = DIRECTION ( 'NONE',  ( 0.000000000000000000, 0.000000000000000000, 1.000000000000000000 ) ) ;
#1272 =( NAMED_UNIT ( * ) SI_UNIT ( $, .STERADIAN. ) SOLID_ANGLE_UNIT ( ) );
#1273 = FILL_AREA_STYLE ('',( #793 ) ) ;
#1274 = VECTOR ( 'NONE', #3720, 1000.000000000000000 ) ;
#1275 = CARTESIAN_POINT ( 'NONE',  ( -4.459999999999999076, 5.200000000000000178, 1.800000000000000044 ) ) ;
#1276 = EDGE_CURVE ( 'NONE', #3672, #883, #3722, .T. ) ;
#1277 = VERTEX_POINT ( 'NONE', #177 ) ;
#1278 = ORIENTED_EDGE ( 'NONE', *, *, #3358, .F. ) ;
#1279 = VECTOR ( 'NONE', #1628, 1000.000000000000000 ) ;
#1280 = CARTESIAN_POINT ( 'NONE',  ( -1.569999999999998952, -3.399999999999995026, 3.710000000000000409 ) ) ;
#1281 = ORIENTED_EDGE ( 'NONE', *, *, #3561, .T. ) ;
#1282 = EDGE_CURVE ( 'NONE', #5614, #5932, #2348, .T. ) ;
#1283 = AXIS2_PLACEMENT_3D ( 'NONE', #111, #2048, #5891 ) ;
#1284 =( LENGTH_UNIT ( ) NAMED_UNIT ( * ) SI_UNIT ( .MILLI., .METRE. ) );
#1285 = CARTESIAN_POINT ( 'NONE',  ( -3.159999999999998810, 5.099999999999999645, 1.800000000000000044 ) ) ;
#1286 = ORIENTED_EDGE ( 'NONE', *, *, #5921, .F. ) ;
#1287 = VERTEX_POINT ( 'NONE', #5880 ) ;
#1288 = ADVANCED_FACE ( 'NONE', ( #136 ), #1096, .F. ) ;
#1289 = UNCERTAINTY_MEASURE_WITH_UNIT (LENGTH_MEASURE( 1.000000000000000082E-05 ), #648, 'distance_accuracy_value', 'NONE');
#1290 = ORIENTED_EDGE ( 'NONE', *, *, #6167, .T. ) ;
#1291 = COLOUR_RGB ( '',1.000000000000000000, 0.8117647058823529438, 0.5019607843137254832 ) ;
#1292 = CARTESIAN_POINT ( 'NONE',  ( 1.920000000000001483, 5.099999999999999645, 1.800000000000000044 ) ) ;
#1293 = ORIENTED_EDGE ( 'NONE', *, *, #5204, .T. ) ;
#1294 = AXIS2_PLACEMENT_3D ( 'NONE', #1594, #4586, #3201 ) ;
#1295 = UNCERTAINTY_MEASURE_WITH_UNIT (LENGTH_MEASURE( 1.000000000000000082E-05 ), #1921, 'distance_accuracy_value', 'NONE');
#1296 = CARTESIAN_POINT ( 'NONE',  ( -1.569999999999998952, -8.432455532033678480, -3.710000000000000409 ) ) ;
#1297 = ORIENTED_EDGE ( 'NONE', *, *, #1894, .T. ) ;
#1298 = DIRECTION ( 'NONE',  ( 0.000000000000000000, 0.000000000000000000, -1.000000000000000000 ) ) ;
#1299 = CARTESIAN_POINT ( 'NONE',  ( -3.159999999999998810, 5.200000000000000178, 0.1999999999999998723 ) ) ;
#1300 = ORIENTED_EDGE ( 'NONE', *, *, #3691, .F. ) ;
#1301 = PRESENTATION_STYLE_ASSIGNMENT (( #2211 ) ) ;
#1302 = MECHANICAL_DESIGN_GEOMETRIC_PRESENTATION_REPRESENTATION (  '', ( #2329 ), #6022 ) ;
#1303 = EDGE_LOOP ( 'NONE', ( #1221, #3009, #2231, #1463, #260, #1501, #947, #4519, #1297, #1556 ) ) ;
#1304 = COLOUR_RGB ( '',1.000000000000000000, 0.8117647058823529438, 0.5019607843137254832 ) ;
#1305 = CARTESIAN_POINT ( 'NONE',  ( -0.6199999999999985523, 5.700000000000000178, -1.800000000000000044 ) ) ;
#1306 = ORIENTED_EDGE ( 'NONE', *, *, #2351, .F. ) ;
#1307 = EDGE_LOOP ( 'NONE', ( #4451, #2480, #542, #4578 ) ) ;
#1308 = FACE_OUTER_BOUND ( 'NONE', #3534, .T. ) ;
#1309 = ORIENTED_EDGE ( 'NONE', *, *, #4241, .F. ) ;
#1310 = DIRECTION ( 'NONE',  ( 0.000000000000000000, -1.000000000000000000, -0.000000000000000000 ) ) ;
#1311 = MECHANICAL_DESIGN_GEOMETRIC_PRESENTATION_REPRESENTATION (  '', ( #4939 ), #5882 ) ;
#1312 = PRESENTATION_STYLE_ASSIGNMENT (( #1561 ) ) ;
#1313 = EDGE_CURVE ( 'NONE', #1083, #2595, #4449, .T. ) ;
#1314 = EDGE_LOOP ( 'NONE', ( #3646, #5240, #1300, #3004 ) ) ;
#1315 = CARTESIAN_POINT ( 'NONE',  ( 5.380000000000000782, 4.000000000000001776, 2.199999999999997069 ) ) ;
#1316 = ORIENTED_EDGE ( 'NONE', *, *, #3237, .T. ) ;
#1317 =( NAMED_UNIT ( * ) SI_UNIT ( $, .STERADIAN. ) SOLID_ANGLE_UNIT ( ) );
#1318 = PRESENTATION_STYLE_ASSIGNMENT (( #1656 ) ) ;
#1319 = ORIENTED_EDGE ( 'NONE', *, *, #63, .F. ) ;
#1320 = FILL_AREA_STYLE ('',( #2122 ) ) ;
#1321 =( GEOMETRIC_REPRESENTATION_CONTEXT ( 3 ) GLOBAL_UNCERTAINTY_ASSIGNED_CONTEXT ( ( #3595 ) ) GLOBAL_UNIT_ASSIGNED_CONTEXT ( ( #268, #3604, #1648 ) ) REPRESENTATION_CONTEXT ( 'NONE', 'WORKASPACE' ) );
#1322 =( NAMED_UNIT ( * ) SI_UNIT ( $, .STERADIAN. ) SOLID_ANGLE_UNIT ( ) );
#1323 = EDGE_CURVE ( 'NONE', #5859, #2363, #4230, .T. ) ;
#1324 = EDGE_LOOP ( 'NONE', ( #764, #2295, #4647, #584 ) ) ;
#1325 = EDGE_CURVE ( 'NONE', #4783, #477, #2215, .T. ) ;
#1326 = VECTOR ( 'NONE', #1977, 1000.000000000000000 ) ;
#1327 = ORIENTED_EDGE ( 'NONE', *, *, #4197, .T. ) ;
#1328 = ADVANCED_FACE ( 'NONE', ( #114 ), #902, .F. ) ;
#1329 = CARTESIAN_POINT ( 'NONE',  ( -3.159999999999998810, 10.26155281280883003, 1.800000000000000044 ) ) ;
#1330 = MECHANICAL_DESIGN_GEOMETRIC_PRESENTATION_REPRESENTATION (  '', ( #2298 ), #3586 ) ;
#1331 =( NAMED_UNIT ( * ) PLANE_ANGLE_UNIT ( ) SI_UNIT ( $, .RADIAN. ) );
#1332 = ORIENTED_EDGE ( 'NONE', *, *, #596, .T. ) ;
#1333 = CARTESIAN_POINT ( 'NONE',  ( 7.620000000000000107, 5.099999999999999645, 0.000000000000000000 ) ) ;
#1334 = EDGE_CURVE ( 'NONE', #2053, #981, #4282, .T. ) ;
#1335 = DIRECTION ( 'NONE',  ( 1.000000000000000000, -0.000000000000000000, -0.000000000000000000 ) ) ;
#1336 = VERTEX_POINT ( 'NONE', #1785 ) ;
#1337 = COLOUR_RGB ( '',1.000000000000000000, 0.8117647058823529438, 0.5019607843137254832 ) ;
#1338 = ORIENTED_EDGE ( 'NONE', *, *, #5742, .F. ) ;
#1339 = ORIENTED_EDGE ( 'NONE', *, *, #688, .T. ) ;
#1340 = CARTESIAN_POINT ( 'NONE',  ( -4.459999999999999076, 5.200000000000000178, 0.1999999999999998723 ) ) ;
#1341 = AXIS2_PLACEMENT_3D ( 'NONE', #396, #4227, #6 ) ;
#1342 = EDGE_CURVE ( 'NONE', #3252, #5229, #2403, .T. ) ;
#1343 = ORIENTED_EDGE ( 'NONE', *, *, #1092, .F. ) ;
#1344 =( GEOMETRIC_REPRESENTATION_CONTEXT ( 3 ) GLOBAL_UNCERTAINTY_ASSIGNED_CONTEXT ( ( #5482 ) ) GLOBAL_UNIT_ASSIGNED_CONTEXT ( ( #292, #1071, #5984 ) ) REPRESENTATION_CONTEXT ( 'NONE', 'WORKASPACE' ) );
#1345 =( LENGTH_UNIT ( ) NAMED_UNIT ( * ) SI_UNIT ( .MILLI., .METRE. ) );
#1346 = FILL_AREA_STYLE_COLOUR ( '', #2299 ) ;
#1347 = ORIENTED_EDGE ( 'NONE', *, *, #6131, .T. ) ;
#1348 = FILL_AREA_STYLE_COLOUR ( '', #3158 ) ;
#1349 = CARTESIAN_POINT ( 'NONE',  ( 3.510000000000001119, 0.6999999999999999556, -3.710000000000000409 ) ) ;
#1350 = DIRECTION ( 'NONE',  ( 1.000000000000000000, 0.000000000000000000, 0.000000000000000000 ) ) ;
#1351 = EDGE_CURVE ( 'NONE', #2607, #2990, #97, .T. ) ;
#1352 = SURFACE_STYLE_FILL_AREA ( #5425 ) ;
#1353 = ORIENTED_EDGE ( 'NONE', *, *, #1342, .F. ) ;
#1354 = EDGE_CURVE ( 'NONE', #5632, #724, #4423, .T. ) ;
#1355 = AXIS2_PLACEMENT_3D ( 'NONE', #5923, #1185, #4501 ) ;
#1356 = SURFACE_STYLE_FILL_AREA ( #1167 ) ;
#1357 = CARTESIAN_POINT ( 'NONE',  ( 5.580000000000000959, 0.2000000000000091982, -2.300000000000000711 ) ) ;
#1358 = ORIENTED_EDGE ( 'NONE', *, *, #302, .T. ) ;
#1359 = SURFACE_SIDE_STYLE ('',( #182 ) ) ;
#1360 = UNCERTAINTY_MEASURE_WITH_UNIT (LENGTH_MEASURE( 1.000000000000000082E-05 ), #3041, 'distance_accuracy_value', 'NONE');
#1361 = CARTESIAN_POINT ( 'NONE',  ( -0.9699999999999986411, -3.399999999999995026, -3.909999999999999254 ) ) ;
#1362 = AXIS2_PLACEMENT_3D ( 'NONE', #2082, #5206, #2904 ) ;
#1363 = CARTESIAN_POINT ( 'NONE',  ( -1.569999999999998064, -3.399999999999996803, -3.910000000000000142 ) ) ;
#1364 = SURFACE_SIDE_STYLE ('',( #1387 ) ) ;
#1365 = ORIENTED_EDGE ( 'NONE', *, *, #3663, .T. ) ;
#1366 = ORIENTED_EDGE ( 'NONE', *, *, #2781, .T. ) ;
#1367 = SURFACE_SIDE_STYLE ('',( #723 ) ) ;
#1368 = SURFACE_SIDE_STYLE ('',( #1741 ) ) ;
#1369 = FILL_AREA_STYLE_COLOUR ( '', #2752 ) ;
#1370 = ADVANCED_FACE ( 'NONE', ( #2198 ), #4671, .F. ) ;
#1371 = FACE_OUTER_BOUND ( 'NONE', #3296, .T. ) ;
#1372 = CARTESIAN_POINT ( 'NONE',  ( 0.9700000000000011946, -8.432455532033678480, -3.710000000000000409 ) ) ;
#1373 = VECTOR ( 'NONE', #5968, 1000.000000000000000 ) ;
#1374 = ORIENTED_EDGE ( 'NONE', *, *, #3769, .F. ) ;
#1375 = VERTEX_POINT ( 'NONE', #312 ) ;
#1376 = DIRECTION ( 'NONE',  ( 0.000000000000000000, 0.000000000000000000, -1.000000000000000000 ) ) ;
#1377 = ORIENTED_EDGE ( 'NONE', *, *, #3749, .T. ) ;
#1378 = CARTESIAN_POINT ( 'NONE',  ( 3.160000000000001030, 5.099999999999999645, 1.800000000000000044 ) ) ;
#1379 =( GEOMETRIC_REPRESENTATION_CONTEXT ( 3 ) GLOBAL_UNCERTAINTY_ASSIGNED_CONTEXT ( ( #1856 ) ) GLOBAL_UNIT_ASSIGNED_CONTEXT ( ( #1930, #2826, #4695 ) ) REPRESENTATION_CONTEXT ( 'NONE', 'WORKASPACE' ) );
#1380 = ADVANCED_FACE ( 'NONE', ( #4483 ), #2268, .F. ) ;
#1381 = CARTESIAN_POINT ( 'NONE',  ( -1.419999999999999041, -3.900000000000000799, -3.710000000000000409 ) ) ;
#1382 = LINE ( 'NONE', #1194, #1373 ) ;
#1383 = ORIENTED_EDGE ( 'NONE', *, *, #3125, .F. ) ;
#1384 = PLANE ( 'NONE',  #5371 ) ;
#1385 = DIRECTION ( 'NONE',  ( -0.2873478855663433862, -0.9578262852211519851, -2.076954678600969878E-16 ) ) ;
#1386 = DIRECTION ( 'NONE',  ( -0.000000000000000000, -0.000000000000000000, 1.000000000000000000 ) ) ;
#1387 = SURFACE_STYLE_FILL_AREA ( #3809 ) ;
#1388 = VERTEX_POINT ( 'NONE', #2768 ) ;
#1389 = ORIENTED_EDGE ( 'NONE', *, *, #4399, .T. ) ;
#1390 = AXIS2_PLACEMENT_3D ( 'NONE', #4762, #1954, #5172 ) ;
#1391 = FACE_BOUND ( 'NONE', #1151, .T. ) ;
#1392 = CARTESIAN_POINT ( 'NONE',  ( -4.109999999999998543, -3.399999999999996803, -3.910000000000000142 ) ) ;
#1393 = LINE ( 'NONE', #1018, #5505 ) ;
#1394 = VERTEX_POINT ( 'NONE', #4709 ) ;
#1395 = EDGE_CURVE ( 'NONE', #4388, #2990, #2397, .T. ) ;
#1396 = FILL_AREA_STYLE_COLOUR ( '', #4336 ) ;
#1397 = CARTESIAN_POINT ( 'NONE',  ( 3.960000000000000853, -3.900000000000000799, 3.909999999999999254 ) ) ;
#1398 = CARTESIAN_POINT ( 'NONE',  ( -3.509999999999998899, 0.6999999999999999556, -3.909999999999999254 ) ) ;
#1399 = SURFACE_SIDE_STYLE ('',( #1218 ) ) ;
#1400 = EDGE_CURVE ( 'NONE', #1277, #390, #4471, .T. ) ;
#1401 = CARTESIAN_POINT ( 'NONE',  ( 1.570000000000001616, 0.6999999999999999556, -3.909999999999999254 ) ) ;
#1402 = ORIENTED_EDGE ( 'NONE', *, *, #5846, .T. ) ;
#1403 = PRESENTATION_LAYER_ASSIGNMENT (  '', '', ( #4168 ) ) ;
#1404 = ORIENTED_EDGE ( 'NONE', *, *, #4772, .F. ) ;
#1405 = ORIENTED_EDGE ( 'NONE', *, *, #4603, .T. ) ;
#1406 = CARTESIAN_POINT ( 'NONE',  ( 0.000000000000000000, 0.6999999999999999556, 0.000000000000000000 ) ) ;
#1407 = DIRECTION ( 'NONE',  ( 0.000000000000000000, 0.000000000000000000, 1.000000000000000000 ) ) ;
#1408 = PRODUCT_DEFINITION_CONTEXT ( 'detailed design', #3118, 'design' ) ;
#1409 =( NAMED_UNIT ( * ) SI_UNIT ( $, .STERADIAN. ) SOLID_ANGLE_UNIT ( ) );
#1410 = EDGE_CURVE ( 'NONE', #5689, #1626, #4300, .T. ) ;
#1411 = DIRECTION ( 'NONE',  ( -1.000000000000000000, 0.000000000000000000, 0.000000000000000000 ) ) ;
#1412 = DIRECTION ( 'NONE',  ( -0.000000000000000000, 1.000000000000000000, -0.000000000000000000 ) ) ;
#1413 = PLANE ( 'NONE',  #3398 ) ;
#1414 = ORIENTED_EDGE ( 'NONE', *, *, #22, .T. ) ;
#1415 = EDGE_CURVE ( 'NONE', #603, #1202, #2256, .T. ) ;
#1416 = VECTOR ( 'NONE', #5091, 1000.000000000000000 ) ;
#1417 = ORIENTED_EDGE ( 'NONE', *, *, #2467, .T. ) ;
#1418 = PRESENTATION_LAYER_ASSIGNMENT (  '', '', ( #1761 ) ) ;
#1419 = SURFACE_STYLE_USAGE ( .BOTH. , #1552 ) ;
#1420 = CARTESIAN_POINT ( 'NONE',  ( -1.569999999999998952, -3.900000000000000799, -3.710000000000000409 ) ) ;
#1421 = PRESENTATION_STYLE_ASSIGNMENT (( #5396 ) ) ;
#1422 = SURFACE_SIDE_STYLE ('',( #290 ) ) ;
#1423 = ORIENTED_EDGE ( 'NONE', *, *, #2529, .T. ) ;
#1424 = DIRECTION ( 'NONE',  ( 0.000000000000000000, 0.000000000000000000, 1.000000000000000000 ) ) ;
#1425 = CARTESIAN_POINT ( 'NONE',  ( 1.920000000000001483, 5.099999999999999645, -1.800000000000000044 ) ) ;
#1426 = ORIENTED_EDGE ( 'NONE', *, *, #539, .F. ) ;
#1427 = CARTESIAN_POINT ( 'NONE',  ( 4.110000000000001208, -3.399999999999995026, -3.710000000000000409 ) ) ;
#1428 = ORIENTED_EDGE ( 'NONE', *, *, #3505, .T. ) ;
#1429 = PRESENTATION_LAYER_ASSIGNMENT (  '', '', ( #4264 ) ) ;
#1430 = FILL_AREA_STYLE_COLOUR ( '', #2072 ) ;
#1431 = LINE ( 'NONE', #5379, #5683 ) ;
#1432 = DIRECTION ( 'NONE',  ( 0.000000000000000000, -1.000000000000000000, 0.000000000000000000 ) ) ;
#1433 = STYLED_ITEM ( 'NONE', ( #704 ), #5001 ) ;
#1434 = EDGE_LOOP ( 'NONE', ( #3182, #4630, #3253, #5581 ) ) ;
#1435 = FILL_AREA_STYLE ('',( #5307 ) ) ;
#1436 = ORIENTED_EDGE ( 'NONE', *, *, #5351, .F. ) ;
#1437 = ORIENTED_EDGE ( 'NONE', *, *, #5216, .F. ) ;
#1438 = CARTESIAN_POINT ( 'NONE',  ( -1.919999999999998597, 5.200000000000000178, -1.800000000000000044 ) ) ;
#1439 = UNCERTAINTY_MEASURE_WITH_UNIT (LENGTH_MEASURE( 1.000000000000000082E-05 ), #5849, 'distance_accuracy_value', 'NONE');
#1440 = VECTOR ( 'NONE', #5057, 1000.000000000000000 ) ;
#1441 = LINE ( 'NONE', #6100, #3350 ) ;
#1442 = LINE ( 'NONE', #4015, #5495 ) ;
#1443 = ORIENTED_EDGE ( 'NONE', *, *, #5282, .T. ) ;
#1444 = ORIENTED_EDGE ( 'NONE', *, *, #9, .F. ) ;
#1445 = ORIENTED_EDGE ( 'NONE', *, *, #1261, .T. ) ;
#1446 = CARTESIAN_POINT ( 'NONE',  ( 0.6200000000000016609, 5.700000000000000178, 1.800000000000000044 ) ) ;
#1447 = PLANE ( 'NONE',  #5413 ) ;
#1448 = FILL_AREA_STYLE_COLOUR ( '', #4055 ) ;
#1449 = CARTESIAN_POINT ( 'NONE',  ( -4.109999999999999432, -8.432455532033678480, 3.710000000000000409 ) ) ;
#1450 = LINE ( 'NONE', #1969, #5641 ) ;
#1451 = CARTESIAN_POINT ( 'NONE',  ( 4.460000000000000853, 5.099999999999999645, 1.800000000000000044 ) ) ;
#1452 =( LENGTH_UNIT ( ) NAMED_UNIT ( * ) SI_UNIT ( .MILLI., .METRE. ) );
#1453 = ORIENTED_EDGE ( 'NONE', *, *, #4165, .F. ) ;
#1454 = PRESENTATION_STYLE_ASSIGNMENT (( #610 ) ) ;
#1455 = VERTEX_POINT ( 'NONE', #485 ) ;
#1456 = ORIENTED_EDGE ( 'NONE', *, *, #3609, .T. ) ;
#1457 = ADVANCED_FACE ( 'NONE', ( #199 ), #1110, .F. ) ;
#1458 = CARTESIAN_POINT ( 'NONE',  ( 2.540000000000000036, 6.950000000000000178, 0.000000000000000000 ) ) ;
#1459 = LINE ( 'NONE', #2673, #1440 ) ;
#1460 = ORIENTED_EDGE ( 'NONE', *, *, #1812, .F. ) ;
#1461 = COLOUR_RGB ( '',1.000000000000000000, 0.8117647058823529438, 0.5019607843137254832 ) ;
#1462 = DIRECTION ( 'NONE',  ( 0.000000000000000000, 0.000000000000000000, -1.000000000000000000 ) ) ;
#1463 = ORIENTED_EDGE ( 'NONE', *, *, #6096, .T. ) ;
#1464 = DIRECTION ( 'NONE',  ( 0.2873478855663433862, 0.9578262852211519851, -2.076954678600969878E-16 ) ) ;
#1465 =( NAMED_UNIT ( * ) PLANE_ANGLE_UNIT ( ) SI_UNIT ( $, .RADIAN. ) );
#1466 = PLANE ( 'NONE',  #538 ) ;
#1467 = ORIENTED_EDGE ( 'NONE', *, *, #2748, .F. ) ;
#1468 =( LENGTH_UNIT ( ) NAMED_UNIT ( * ) SI_UNIT ( .MILLI., .METRE. ) );
#1469 = EDGE_LOOP ( 'NONE', ( #5700, #3402, #4819, #4834 ) ) ;
#1470 = AXIS2_PLACEMENT_3D ( 'NONE', #4268, #1831, #443 ) ;
#1471 =( GEOMETRIC_REPRESENTATION_CONTEXT ( 3 ) GLOBAL_UNCERTAINTY_ASSIGNED_CONTEXT ( ( #4497 ) ) GLOBAL_UNIT_ASSIGNED_CONTEXT ( ( #3079, #2051, #4130 ) ) REPRESENTATION_CONTEXT ( 'NONE', 'WORKASPACE' ) );
#1472 = EDGE_CURVE ( 'NONE', #3794, #959, #4309, .T. ) ;
#1473 =( LENGTH_UNIT ( ) NAMED_UNIT ( * ) SI_UNIT ( .MILLI., .METRE. ) );
#1474 = COLOUR_RGB ( '',1.000000000000000000, 0.8117647058823529438, 0.5019607843137254832 ) ;
#1475 = ORIENTED_EDGE ( 'NONE', *, *, #3599, .F. ) ;
#1476 = FILL_AREA_STYLE ('',( #2880 ) ) ;
#1477 = FACE_OUTER_BOUND ( 'NONE', #5433, .T. ) ;
#1478 = ORIENTED_EDGE ( 'NONE', *, *, #5199, .T. ) ;
#1479 = CARTESIAN_POINT ( 'NONE',  ( -5.580000000000000959, 9.107298248878237246E-15, 2.300000000000003819 ) ) ;
#1480 = EDGE_CURVE ( 'NONE', #1145, #3181, #348, .T. ) ;
#1481 = ORIENTED_EDGE ( 'NONE', *, *, #2636, .T. ) ;
#1482 = ADVANCED_FACE ( 'NONE', ( #2148 ), #2088, .F. ) ;
#1483 = FACE_OUTER_BOUND ( 'NONE', #510, .T. ) ;
#1484 = CARTESIAN_POINT ( 'NONE',  ( 3.160000000000001474, 10.26155281280883003, 1.800000000000000044 ) ) ;
#1485 = STYLED_ITEM ( 'NONE', ( #2104 ), #3145 ) ;
#1486 = DIRECTION ( 'NONE',  ( -1.000000000000000000, 0.000000000000000000, 7.228014483236692611E-16 ) ) ;
#1487 = PRESENTATION_LAYER_ASSIGNMENT (  '', '', ( #455 ) ) ;
#1488 = LINE ( 'NONE', #2864, #5576 ) ;
#1489 = VERTEX_POINT ( 'NONE', #4893 ) ;
#1490 = ORIENTED_EDGE ( 'NONE', *, *, #1472, .F. ) ;
#1491 = ORIENTED_EDGE ( 'NONE', *, *, #2523, .T. ) ;
#1492 = EDGE_CURVE ( 'NONE', #3164, #2548, #4632, .T. ) ;
#1493 = ORIENTED_EDGE ( 'NONE', *, *, #3496, .F. ) ;
#1494 = DIRECTION ( 'NONE',  ( 0.000000000000000000, 0.000000000000000000, 1.000000000000000000 ) ) ;
#1495 = PLANE ( 'NONE',  #4444 ) ;
#1496 = EDGE_CURVE ( 'NONE', #1517, #1145, #570, .T. ) ;
#1497 = CARTESIAN_POINT ( 'NONE',  ( -1.919999999999998597, 5.200000000000000178, -1.800000000000000044 ) ) ;
#1498 = ORIENTED_EDGE ( 'NONE', *, *, #6096, .F. ) ;
#1499 = AXIS2_PLACEMENT_3D ( 'NONE', #1171, #5995, #300 ) ;
#1500 = VECTOR ( 'NONE', #5738, 1000.000000000000000 ) ;
#1501 = ORIENTED_EDGE ( 'NONE', *, *, #969, .F. ) ;
#1502 = VERTEX_POINT ( 'NONE', #2383 ) ;
#1503 = VECTOR ( 'NONE', #3008, 1000.000000000000000 ) ;
#1504 = ORIENTED_EDGE ( 'NONE', *, *, #1817, .F. ) ;
#1505 =( LENGTH_UNIT ( ) NAMED_UNIT ( * ) SI_UNIT ( .MILLI., .METRE. ) );
#1506 = PLANE ( 'NONE',  #3970 ) ;
#1507 =( NAMED_UNIT ( * ) SI_UNIT ( $, .STERADIAN. ) SOLID_ANGLE_UNIT ( ) );
#1508 =( NAMED_UNIT ( * ) PLANE_ANGLE_UNIT ( ) SI_UNIT ( $, .RADIAN. ) );
#1509 = ORIENTED_EDGE ( 'NONE', *, *, #206, .T. ) ;
#1510 = COLOUR_RGB ( '',0.7921568627450980005, 0.8196078431372548767, 0.9333333333333333481 ) ;
#1511 = FACE_OUTER_BOUND ( 'NONE', #4370, .T. ) ;
#1512 = APPLICATION_CONTEXT ( 'automotive_design' ) ;
#1513 = EDGE_LOOP ( 'NONE', ( #2310, #3040, #1173, #3232 ) ) ;
#1514 =( GEOMETRIC_REPRESENTATION_CONTEXT ( 3 ) GLOBAL_UNCERTAINTY_ASSIGNED_CONTEXT ( ( #4796 ) ) GLOBAL_UNIT_ASSIGNED_CONTEXT ( ( #5319, #227, #1647 ) ) REPRESENTATION_CONTEXT ( 'NONE', 'WORKASPACE' ) );
#1515 = FILL_AREA_STYLE ('',( #1348 ) ) ;
#1516 = CARTESIAN_POINT ( 'NONE',  ( -1.569999999999998952, -3.399999999999996803, -3.710000000000000409 ) ) ;
#1517 = VERTEX_POINT ( 'NONE', #1063 ) ;
#1518 =( NAMED_UNIT ( * ) PLANE_ANGLE_UNIT ( ) SI_UNIT ( $, .RADIAN. ) );
#1519 = ORIENTED_EDGE ( 'NONE', *, *, #2467, .F. ) ;
#1520 = UNCERTAINTY_MEASURE_WITH_UNIT (LENGTH_MEASURE( 1.000000000000000082E-05 ), #4284, 'distance_accuracy_value', 'NONE');
#1521 = PRESENTATION_LAYER_ASSIGNMENT (  '', '', ( #4660 ) ) ;
#1522 = CARTESIAN_POINT ( 'NONE',  ( 1.570000000000001616, -3.399999999999995026, 3.909999999999999254 ) ) ;
#1523 = LINE ( 'NONE', #1933, #1541 ) ;
#1524 = EDGE_LOOP ( 'NONE', ( #5816, #5719, #5664, #2468 ) ) ;
#1525 = ORIENTED_EDGE ( 'NONE', *, *, #2545, .F. ) ;
#1526 = CARTESIAN_POINT ( 'NONE',  ( -0.9699999999999986411, -3.399999999999995026, -3.909999999999999254 ) ) ;
#1527 = SURFACE_STYLE_FILL_AREA ( #2549 ) ;
#1528 = ORIENTED_EDGE ( 'NONE', *, *, #3523, .F. ) ;
#1529 = DIRECTION ( 'NONE',  ( -1.000000000000000000, 0.000000000000000000, -7.228014483236692611E-16 ) ) ;
#1530 = ORIENTED_EDGE ( 'NONE', *, *, #2238, .T. ) ;
#1531 = PLANE ( 'NONE',  #2280 ) ;
#1532 = VECTOR ( 'NONE', #1462, 1000.000000000000000 ) ;
#1533 = EDGE_LOOP ( 'NONE', ( #2655, #5629, #5509, #4705 ) ) ;
#1534 = LINE ( 'NONE', #558, #1500 ) ;
#1535 = EDGE_LOOP ( 'NONE', ( #1148, #5781, #5655, #3829 ) ) ;
#1536 = VECTOR ( 'NONE', #631, 1000.000000000000000 ) ;
#1537 = EDGE_LOOP ( 'NONE', ( #1884, #5951, #3445, #5911 ) ) ;
#1538 = CARTESIAN_POINT ( 'NONE',  ( 5.080000000000000959, 9.115480906783785097E-15, -2.300000000000000266 ) ) ;
#1539 = CARTESIAN_POINT ( 'NONE',  ( -1.919999999999998597, 5.099999999999999645, 1.800000000000000044 ) ) ;
#1540 = CARTESIAN_POINT ( 'NONE',  ( 5.380000000000000782, 4.000000000000000000, 0.7999999999999974909 ) ) ;
#1541 = VECTOR ( 'NONE', #422, 1000.000000000000000 ) ;
#1542 = DIRECTION ( 'NONE',  ( 0.000000000000000000, 1.858632295689434031E-15, 1.000000000000000000 ) ) ;
#1543 = FILL_AREA_STYLE_COLOUR ( '', #5676 ) ;
#1544 = ORIENTED_EDGE ( 'NONE', *, *, #3930, .T. ) ;
#1545 = AXIS2_PLACEMENT_3D ( 'NONE', #1214, #5557, #1298 ) ;
#1546 = LINE ( 'NONE', #1793, #1637 ) ;
#1547 = ORIENTED_EDGE ( 'NONE', *, *, #307, .F. ) ;
#1548 = EDGE_CURVE ( 'NONE', #3723, #4509, #589, .T. ) ;
#1549 = VERTEX_POINT ( 'NONE', #3023 ) ;
#1550 = PRESENTATION_STYLE_ASSIGNMENT (( #5775 ) ) ;
#1551 = VERTEX_POINT ( 'NONE', #3983 ) ;
#1552 = SURFACE_SIDE_STYLE ('',( #6117 ) ) ;
#1553 = DIRECTION ( 'NONE',  ( 1.000000000000000000, 0.000000000000000000, -1.445602896647338522E-15 ) ) ;
#1554 = PLANE ( 'NONE',  #637 ) ;
#1555 =( LENGTH_UNIT ( ) NAMED_UNIT ( * ) SI_UNIT ( .MILLI., .METRE. ) );
#1556 = ORIENTED_EDGE ( 'NONE', *, *, #442, .T. ) ;
#1557 = VECTOR ( 'NONE', #3780, 1000.000000000000000 ) ;
#1558 = AXIS2_PLACEMENT_3D ( 'NONE', #3193, #5156, #3688 ) ;
#1559 = VECTOR ( 'NONE', #5715, 1000.000000000000000 ) ;
#1560 = ORIENTED_EDGE ( 'NONE', *, *, #4392, .T. ) ;
#1561 = SURFACE_STYLE_USAGE ( .BOTH. , #1109 ) ;
#1562 = CARTESIAN_POINT ( 'NONE',  ( 0.6200000000000016609, 6.950000000000000178, 0.1999999999999998723 ) ) ;
#1563 = ORIENTED_EDGE ( 'NONE', *, *, #2424, .T. ) ;
#1564 = CARTESIAN_POINT ( 'NONE',  ( -5.080000000000000959, 0.6999999999999999556, 4.450000000000001066 ) ) ;
#1565 = EDGE_CURVE ( 'NONE', #4656, #5400, #412, .T. ) ;
#1566 = VERTEX_POINT ( 'NONE', #4020 ) ;
#1567 =( NAMED_UNIT ( * ) SI_UNIT ( $, .STERADIAN. ) SOLID_ANGLE_UNIT ( ) );
#1568 = EDGE_CURVE ( 'NONE', #3739, #1549, #392, .T. ) ;
#1569 = SURFACE_STYLE_FILL_AREA ( #1852 ) ;
#1570 = ORIENTED_EDGE ( 'NONE', *, *, #949, .F. ) ;
#1571 = DIRECTION ( 'NONE',  ( 1.000000000000000000, 0.000000000000000000, 7.228014483236692611E-16 ) ) ;
#1572 = VERTEX_POINT ( 'NONE', #146 ) ;
#1573 = PRESENTATION_LAYER_ASSIGNMENT (  '', '', ( #3516 ) ) ;
#1574 = EDGE_CURVE ( 'NONE', #2390, #1394, #421, .T. ) ;
#1575 = ORIENTED_EDGE ( 'NONE', *, *, #5363, .T. ) ;
#1576 = PRESENTATION_LAYER_ASSIGNMENT (  '', '', ( #5436 ) ) ;
#1577 = ORIENTED_EDGE ( 'NONE', *, *, #80, .F. ) ;
#1578 = CARTESIAN_POINT ( 'NONE',  ( -4.459999999999999076, 10.26155281280883003, 1.800000000000000044 ) ) ;
#1579 = ADVANCED_FACE ( 'NONE', ( #4558 ), #2470, .F. ) ;
#1580 =( LENGTH_UNIT ( ) NAMED_UNIT ( * ) SI_UNIT ( .MILLI., .METRE. ) );
#1581 = CARTESIAN_POINT ( 'NONE',  ( 4.460000000000000853, 5.099999999999999645, 1.800000000000000044 ) ) ;
#1582 = EDGE_LOOP ( 'NONE', ( #1660, #3710, #3619, #3699 ) ) ;
#1583 = LINE ( 'NONE', #2286, #5772 ) ;
#1584 = CIRCLE ( 'NONE', #5283, 0.2000000000000005107 ) ;
#1585 = ORIENTED_EDGE ( 'NONE', *, *, #4163, .T. ) ;
#1586 = ORIENTED_EDGE ( 'NONE', *, *, #2976, .T. ) ;
#1587 = FACE_OUTER_BOUND ( 'NONE', #1713, .T. ) ;
#1588 = EDGE_CURVE ( 'NONE', #4551, #5392, #611, .T. ) ;
#1589 = SURFACE_STYLE_USAGE ( .BOTH. , #4912 ) ;
#1590 = PRESENTATION_LAYER_ASSIGNMENT (  '', '', ( #2920 ) ) ;
#1591 = ADVANCED_FACE ( 'NONE', ( #2604 ), #4966, .F. ) ;
#1592 = DIRECTION ( 'NONE',  ( 0.000000000000000000, -1.000000000000000000, 0.000000000000000000 ) ) ;
#1593 =( NAMED_UNIT ( * ) SI_UNIT ( $, .STERADIAN. ) SOLID_ANGLE_UNIT ( ) );
#1594 = CARTESIAN_POINT ( 'NONE',  ( -4.459999999999999076, 5.200000000000000178, -1.800000000000000044 ) ) ;
#1595 = FILL_AREA_STYLE_COLOUR ( '', #21 ) ;
#1596 = ORIENTED_EDGE ( 'NONE', *, *, #4982, .T. ) ;
#1597 = LINE ( 'NONE', #4302, #3698 ) ;
#1598 = VERTEX_POINT ( 'NONE', #1710 ) ;
#1599 = ORIENTED_EDGE ( 'NONE', *, *, #5114, .T. ) ;
#1600 = COLOUR_RGB ( '',1.000000000000000000, 0.8117647058823529438, 0.5019607843137254832 ) ;
#1601 = ORIENTED_EDGE ( 'NONE', *, *, #5192, .T. ) ;
#1602 = DIRECTION ( 'NONE',  ( -0.000000000000000000, -1.000000000000000000, -0.000000000000000000 ) ) ;
#1603 = VERTEX_POINT ( 'NONE', #5464 ) ;
#1604 = MECHANICAL_DESIGN_GEOMETRIC_PRESENTATION_REPRESENTATION (  '', ( #24 ), #3712 ) ;
#1605 = CARTESIAN_POINT ( 'NONE',  ( 4.460000000000000853, 5.200000000000000178, -1.800000000000000044 ) ) ;
#1606 = CARTESIAN_POINT ( 'NONE',  ( -4.109999999999998543, -3.399999999999996803, -3.910000000000000142 ) ) ;
#1607 = CARTESIAN_POINT ( 'NONE',  ( 5.380000000000000782, 4.000000000000000000, -0.7999999999999999334 ) ) ;
#1608 = ORIENTED_EDGE ( 'NONE', *, *, #1732, .F. ) ;
#1609 = LINE ( 'NONE', #6145, #3682 ) ;
#1610 = ORIENTED_EDGE ( 'NONE', *, *, #4941, .F. ) ;
#1611 = CARTESIAN_POINT ( 'NONE',  ( 0.000000000000000000, 5.099999999999999645, 0.000000000000000000 ) ) ;
#1612 = UNCERTAINTY_MEASURE_WITH_UNIT (LENGTH_MEASURE( 1.000000000000000082E-05 ), #2693, 'distance_accuracy_value', 'NONE');
#1613 = DIRECTION ( 'NONE',  ( 1.000000000000000000, -0.000000000000000000, -0.000000000000000000 ) ) ;
#1614 = ORIENTED_EDGE ( 'NONE', *, *, #2106, .T. ) ;
#1615 =( LENGTH_UNIT ( ) NAMED_UNIT ( * ) SI_UNIT ( .MILLI., .METRE. ) );
#1616 = VECTOR ( 'NONE', #2851, 1000.000000000000000 ) ;
#1617 = CARTESIAN_POINT ( 'NONE',  ( 4.110000000000001208, -3.399999999999995026, 3.909999999999999254 ) ) ;
#1618 = EDGE_LOOP ( 'NONE', ( #5117, #2378, #1490, #3483 ) ) ;
#1619 = VECTOR ( 'NONE', #5193, 1000.000000000000000 ) ;
#1620 = CARTESIAN_POINT ( 'NONE',  ( 5.080000000000000959, 0.4000000000000049627, 4.450000000000001066 ) ) ;
#1621 = FACE_OUTER_BOUND ( 'NONE', #2514, .T. ) ;
#1622 = VERTEX_POINT ( 'NONE', #2159 ) ;
#1623 = SURFACE_STYLE_USAGE ( .BOTH. , #2133 ) ;
#1624 = ORIENTED_EDGE ( 'NONE', *, *, #1643, .T. ) ;
#1626 = VERTEX_POINT ( 'NONE', #4515 ) ;
#1625 =( NAMED_UNIT ( * ) SI_UNIT ( $, .STERADIAN. ) SOLID_ANGLE_UNIT ( ) );
#1627 = AXIS2_PLACEMENT_3D ( 'NONE', #1143, #2190, #1644 ) ;
#1628 = DIRECTION ( 'NONE',  ( 1.000000000000000000, -0.000000000000000000, -0.000000000000000000 ) ) ;
#1629 = MECHANICAL_DESIGN_GEOMETRIC_PRESENTATION_REPRESENTATION (  '', ( #1943 ), #5254 ) ;
#1630 = CARTESIAN_POINT ( 'NONE',  ( 0.6200000000000016609, 6.950000000000000178, 1.800000000000000044 ) ) ;
#1631 = CARTESIAN_POINT ( 'NONE',  ( 3.960000000000000853, -3.900000000000000799, 3.710000000000000409 ) ) ;
#1632 = LINE ( 'NONE', #2701, #3837 ) ;
#1633 = VECTOR ( 'NONE', #4087, 1000.000000000000000 ) ;
#1634 = FACE_OUTER_BOUND ( 'NONE', #3689, .T. ) ;
#1635 = LINE ( 'NONE', #3107, #3607 ) ;
#1636 = ORIENTED_EDGE ( 'NONE', *, *, #5935, .F. ) ;
#1637 = VECTOR ( 'NONE', #4591, 1000.000000000000000 ) ;
#1638 = ORIENTED_EDGE ( 'NONE', *, *, #694, .F. ) ;
#1639 = CARTESIAN_POINT ( 'NONE',  ( -3.159999999999998810, 5.700000000000000178, -1.800000000000000044 ) ) ;
#1640 = STYLED_ITEM ( 'NONE', ( #6055 ), #4580 ) ;
#1641 = PLANE ( 'NONE',  #725 ) ;
#1642 = ORIENTED_EDGE ( 'NONE', *, *, #3396, .F. ) ;
#1643 = EDGE_CURVE ( 'NONE', #5666, #5696, #599, .T. ) ;
#1644 = DIRECTION ( 'NONE',  ( -0.000000000000000000, 0.000000000000000000, 1.000000000000000000 ) ) ;
#1645 = LINE ( 'NONE', #679, #3731 ) ;
#1646 = DIRECTION ( 'NONE',  ( 0.000000000000000000, 1.000000000000000000, -1.703746271048650163E-15 ) ) ;
#1647 =( NAMED_UNIT ( * ) SI_UNIT ( $, .STERADIAN. ) SOLID_ANGLE_UNIT ( ) );
#1648 =( NAMED_UNIT ( * ) SI_UNIT ( $, .STERADIAN. ) SOLID_ANGLE_UNIT ( ) );
#1649 = ORIENTED_EDGE ( 'NONE', *, *, #1588, .T. ) ;
#1650 = ORIENTED_EDGE ( 'NONE', *, *, #453, .F. ) ;
#1651 = EDGE_CURVE ( 'NONE', #476, #5595, #4605, .T. ) ;
#1652 = DIRECTION ( 'NONE',  ( 0.000000000000000000, 3.469446951953613006E-15, -1.000000000000000000 ) ) ;
#1653 = ADVANCED_FACE ( 'NONE', ( #4537 ), #2126, .T. ) ;
#1654 = ORIENTED_EDGE ( 'NONE', *, *, #1042, .F. ) ;
#1655 = DIRECTION ( 'NONE',  ( 0.000000000000000000, -1.000000000000000000, 1.858632295689434031E-15 ) ) ;
#1656 = SURFACE_STYLE_USAGE ( .BOTH. , #5002 ) ;
#1657 = LINE ( 'NONE', #1372, #1667 ) ;
#1658 = CARTESIAN_POINT ( 'NONE',  ( 5.080000000000000071, -3.900000000000000355, 0.000000000000000000 ) ) ;
#1659 = PLANE ( 'NONE',  #2643 ) ;
#1660 = ORIENTED_EDGE ( 'NONE', *, *, #5553, .F. ) ;
#1661 = CARTESIAN_POINT ( 'NONE',  ( 1.570000000000001616, -8.432455532033678480, -3.710000000000000409 ) ) ;
#1662 = DIRECTION ( 'NONE',  ( -1.000000000000000000, 0.000000000000000000, -0.000000000000000000 ) ) ;
#1663 = EDGE_CURVE ( 'NONE', #628, #273, #4710, .T. ) ;
#1664 = VERTEX_POINT ( 'NONE', #2102 ) ;
#1665 = LINE ( 'NONE', #5754, #3768 ) ;
#1666 = EDGE_CURVE ( 'NONE', #1077, #4509, #559, .T. ) ;
#1667 = VECTOR ( 'NONE', #3356, 1000.000000000000000 ) ;
#1668 =( GEOMETRIC_REPRESENTATION_CONTEXT ( 3 ) GLOBAL_UNCERTAINTY_ASSIGNED_CONTEXT ( ( #4575 ) ) GLOBAL_UNIT_ASSIGNED_CONTEXT ( ( #3611, #767, #2232 ) ) REPRESENTATION_CONTEXT ( 'NONE', 'WORKASPACE' ) );
#1669 = CIRCLE ( 'NONE', #2003, 0.2000000000000000944 ) ;
#1670 = DIRECTION ( 'NONE',  ( 1.000000000000000000, 0.000000000000000000, 0.000000000000000000 ) ) ;
#1671 = ORIENTED_EDGE ( 'NONE', *, *, #2849, .F. ) ;
#1672 = DIRECTION ( 'NONE',  ( -0.000000000000000000, 1.000000000000000000, -0.000000000000000000 ) ) ;
#1673 = FACE_BOUND ( 'NONE', #3824, .T. ) ;
#1674 = PLANE ( 'NONE',  #1545 ) ;
#1675 = FILL_AREA_STYLE ('',( #3094 ) ) ;
#1676 = FILL_AREA_STYLE ('',( #4572 ) ) ;
#1677 = VERTEX_POINT ( 'NONE', #1630 ) ;
#1678 = LINE ( 'NONE', #4176, #3742 ) ;
#1679 = AXIS2_PLACEMENT_3D ( 'NONE', #984, #2906, #5292 ) ;
#1680 = EDGE_CURVE ( 'NONE', #5400, #4036, #2628, .T. ) ;
#1681 = EDGE_LOOP ( 'NONE', ( #5130, #2678, #3150, #2506 ) ) ;
#1682 = STYLED_ITEM ( 'NONE', ( #5327 ), #2041 ) ;
#1683 = DIRECTION ( 'NONE',  ( 0.000000000000000000, 0.000000000000000000, -1.000000000000000000 ) ) ;
#1684 = SURFACE_STYLE_FILL_AREA ( #4906 ) ;
#1685 = VERTEX_POINT ( 'NONE', #2632 ) ;
#1686 = CARTESIAN_POINT ( 'NONE',  ( 0.6200000000000016609, 5.200000000000000178, -1.800000000000000044 ) ) ;
#1687 = PLANE ( 'NONE',  #795 ) ;
#1688 = PRESENTATION_LAYER_ASSIGNMENT (  '', '', ( #1779 ) ) ;
#1689 = LINE ( 'NONE', #4158, #3757 ) ;
#1690 = FILL_AREA_STYLE ('',( #676 ) ) ;
#1691 = LINE ( 'NONE', #381, #5881 ) ;
#1692 = CARTESIAN_POINT ( 'NONE',  ( 5.580000000000000959, 2.600000000000000533, -2.199999999999999734 ) ) ;
#1693 = SURFACE_STYLE_USAGE ( .BOTH. , #2972 ) ;
#1694 = DIRECTION ( 'NONE',  ( 4.336808689942016158E-15, 0.000000000000000000, -1.000000000000000000 ) ) ;
#1695 = EDGE_LOOP ( 'NONE', ( #1445, #4714, #4703, #4909, #4882, #3705 ) ) ;
#1696 = PRESENTATION_STYLE_ASSIGNMENT (( #849 ) ) ;
#1697 = PRESENTATION_STYLE_ASSIGNMENT (( #5171 ) ) ;
#1698 = CARTESIAN_POINT ( 'NONE',  ( -4.459999999999999076, 5.700000000000000178, -1.800000000000000044 ) ) ;
#1699 = ADVANCED_FACE ( 'NONE', ( #499 ), #165, .T. ) ;
#1700 = ORIENTED_EDGE ( 'NONE', *, *, #4969, .T. ) ;
#1701 = PRODUCT_CONTEXT ( 'NONE', #1512, 'mechanical' ) ;
#1702 = DIRECTION ( 'NONE',  ( 0.000000000000000000, 0.000000000000000000, 1.000000000000000000 ) ) ;
#1703 = UNCERTAINTY_MEASURE_WITH_UNIT (LENGTH_MEASURE( 1.000000000000000082E-05 ), #1159, 'distance_accuracy_value', 'NONE');
#1704 = DIRECTION ( 'NONE',  ( 0.000000000000000000, 0.000000000000000000, 1.000000000000000000 ) ) ;
#1705 = DIRECTION ( 'NONE',  ( 0.000000000000000000, -0.000000000000000000, 1.000000000000000000 ) ) ;
#1706 = ORIENTED_EDGE ( 'NONE', *, *, #5109, .F. ) ;
#1707 = SURFACE_STYLE_FILL_AREA ( #3440 ) ;
#1708 = VECTOR ( 'NONE', #1988, 1000.000000000000000 ) ;
#1709 = ORIENTED_EDGE ( 'NONE', *, *, #1276, .F. ) ;
#1710 = CARTESIAN_POINT ( 'NONE',  ( 3.160000000000001474, 5.099999999999999645, -1.800000000000000044 ) ) ;
#1711 = CARTESIAN_POINT ( 'NONE',  ( -5.580000000000000959, 4.000000000000000000, -2.199999999999999734 ) ) ;
#1712 = CARTESIAN_POINT ( 'NONE',  ( 1.420000000000001039, -3.900000000000000799, 3.909999999999999254 ) ) ;
#1713 = EDGE_LOOP ( 'NONE', ( #5539, #5106, #94, #168, #5315, #5427, #5196, #2144, #1128, #1327 ) ) ;
#1714 = ADVANCED_FACE ( 'NONE', ( #2854 ), #212, .T. ) ;
#1715 = COLOUR_RGB ( '',0.7921568627450980005, 0.8196078431372548767, 0.9333333333333333481 ) ;
#1716 = SURFACE_STYLE_USAGE ( .BOTH. , #5347 ) ;
#1717 = LINE ( 'NONE', #4742, #5852 ) ;
#1718 = PRESENTATION_LAYER_ASSIGNMENT (  '', '', ( #4222 ) ) ;
#1719 =( NAMED_UNIT ( * ) SI_UNIT ( $, .STERADIAN. ) SOLID_ANGLE_UNIT ( ) );
#1720 = ORIENTED_EDGE ( 'NONE', *, *, #5723, .T. ) ;
#1721 = AXIS2_PLACEMENT_3D ( 'NONE', #2631, #1215, #2175 ) ;
#1722 = SURFACE_SIDE_STYLE ('',( #4707 ) ) ;
#1723 = FACE_OUTER_BOUND ( 'NONE', #705, .T. ) ;
#1724 = VERTEX_POINT ( 'NONE', #4033 ) ;
#1725 = FILL_AREA_STYLE_COLOUR ( '', #4209 ) ;
#1726 = CARTESIAN_POINT ( 'NONE',  ( -1.919999999999998597, 10.26155281280883003, 1.800000000000000044 ) ) ;
#1727 = DIRECTION ( 'NONE',  ( 0.000000000000000000, 0.000000000000000000, 1.000000000000000000 ) ) ;
#1728 = SURFACE_SIDE_STYLE ('',( #677 ) ) ;
#1729 = SURFACE_STYLE_FILL_AREA ( #1675 ) ;
#1730 = ORIENTED_EDGE ( 'NONE', *, *, #2918, .F. ) ;
#1731 = MECHANICAL_DESIGN_GEOMETRIC_PRESENTATION_REPRESENTATION (  '', ( #4297 ), #281 ) ;
#1732 = EDGE_CURVE ( 'NONE', #1880, #3597, #2833, .T. ) ;
#1733 = CYLINDRICAL_SURFACE ( 'NONE', #2152, 0.2000000000000005107 ) ;
#1734 = EDGE_LOOP ( 'NONE', ( #5591, #2316, #3630, #3587 ) ) ;
#1735 = DIRECTION ( 'NONE',  ( 0.000000000000000000, 0.000000000000000000, -1.000000000000000000 ) ) ;
#1736 = VECTOR ( 'NONE', #615, 1000.000000000000000 ) ;
#1737 = EDGE_CURVE ( 'NONE', #5449, #3739, #2808, .T. ) ;
#1738 = DIRECTION ( 'NONE',  ( -0.000000000000000000, 3.469446951953612611E-15, 1.000000000000000000 ) ) ;
#1739 = DIRECTION ( 'NONE',  ( 1.000000000000000000, 0.000000000000000000, 0.000000000000000000 ) ) ;
#1740 = ORIENTED_EDGE ( 'NONE', *, *, #2759, .F. ) ;
#1741 = SURFACE_STYLE_FILL_AREA ( #4135 ) ;
#1742 = PRESENTATION_LAYER_ASSIGNMENT (  '', '', ( #5188 ) ) ;
#1743 = STYLED_ITEM ( 'NONE', ( #1318 ), #5618 ) ;
#1744 = SURFACE_STYLE_FILL_AREA ( #4683 ) ;
#1745 = ORIENTED_EDGE ( 'NONE', *, *, #4764, .T. ) ;
#1746 = VERTEX_POINT ( 'NONE', #3095 ) ;
#1747 = DIRECTION ( 'NONE',  ( -7.228014483236692611E-16, 0.000000000000000000, 1.000000000000000000 ) ) ;
#1748 = LINE ( 'NONE', #872, #1736 ) ;
#1749 = FILL_AREA_STYLE_COLOUR ( '', #3364 ) ;
#1750 = SURFACE_STYLE_USAGE ( .BOTH. , #3119 ) ;
#1751 = VERTEX_POINT ( 'NONE', #4489 ) ;
#1752 = ORIENTED_EDGE ( 'NONE', *, *, #868, .T. ) ;
#1753 = CARTESIAN_POINT ( 'NONE',  ( -5.580000000000000959, 0.000000000000000000, 4.950000000000000178 ) ) ;
#1754 = CARTESIAN_POINT ( 'NONE',  ( 5.580000000000000959, 9.107298248878237246E-15, 2.300000000000003819 ) ) ;
#1755 = ORIENTED_EDGE ( 'NONE', *, *, #141, .F. ) ;
#1756 = LINE ( 'NONE', #2931, #3952 ) ;
#1757 = ORIENTED_EDGE ( 'NONE', *, *, #4253, .T. ) ;
#1758 = EDGE_CURVE ( 'NONE', #4930, #1746, #2844, .T. ) ;
#1759 =( NAMED_UNIT ( * ) SI_UNIT ( $, .STERADIAN. ) SOLID_ANGLE_UNIT ( ) );
#1760 = ADVANCED_FACE ( 'NONE', ( #647 ), #3146, .T. ) ;
#1761 = STYLED_ITEM ( 'NONE', ( #5531 ), #2220 ) ;
#1762 = VERTEX_POINT ( 'NONE', #4905 ) ;
#1763 = DIRECTION ( 'NONE',  ( -1.000000000000000000, 0.000000000000000000, 0.000000000000000000 ) ) ;
#1764 = PRESENTATION_STYLE_ASSIGNMENT (( #1209 ) ) ;
#1765 =( NAMED_UNIT ( * ) PLANE_ANGLE_UNIT ( ) SI_UNIT ( $, .RADIAN. ) );
#1766 = ORIENTED_EDGE ( 'NONE', *, *, #1732, .T. ) ;
#1767 = PLANE ( 'NONE',  #4008 ) ;
#1768 = ORIENTED_EDGE ( 'NONE', *, *, #5566, .T. ) ;
#1769 = LINE ( 'NONE', #5739, #5953 ) ;
#1771 = EDGE_LOOP ( 'NONE', ( #5558, #5598, #5053, #1417 ) ) ;
#1770 = CARTESIAN_POINT ( 'NONE',  ( -4.109999999999998543, -3.399999999999996803, -3.910000000000000142 ) ) ;
#1772 = DIRECTION ( 'NONE',  ( -1.000000000000000000, 0.000000000000000000, 0.000000000000000000 ) ) ;
#1773 = DIRECTION ( 'NONE',  ( 1.000000000000000000, -0.000000000000000000, 0.000000000000000000 ) ) ;
#1774 = SURFACE_STYLE_USAGE ( .BOTH. , #6069 ) ;
#1775 = ORIENTED_EDGE ( 'NONE', *, *, #1247, .T. ) ;
#1776 = PRESENTATION_LAYER_ASSIGNMENT (  '', '', ( #24 ) ) ;
#1777 = SURFACE_STYLE_FILL_AREA ( #5517 ) ;
#1778 = SURFACE_STYLE_FILL_AREA ( #3248 ) ;
#1779 = STYLED_ITEM ( 'NONE', ( #3142 ), #5510 ) ;
#1780 = ORIENTED_EDGE ( 'NONE', *, *, #83, .F. ) ;
#1781 = SURFACE_SIDE_STYLE ('',( #3255 ) ) ;
#1782 = CARTESIAN_POINT ( 'NONE',  ( 4.110000000000001208, -3.399999999999995026, -3.909999999999999254 ) ) ;
#1783 = CARTESIAN_POINT ( 'NONE',  ( 3.160000000000001474, 10.26155281280883003, 1.800000000000000044 ) ) ;
#1784 = FILL_AREA_STYLE_COLOUR ( '', #843 ) ;
#1785 = CARTESIAN_POINT ( 'NONE',  ( -3.659999999999999254, -3.900000000000000799, -3.909999999999999254 ) ) ;
#1786 = SURFACE_SIDE_STYLE ('',( #796 ) ) ;
#1787 = LINE ( 'NONE', #4457, #3968 ) ;
#1788 = UNCERTAINTY_MEASURE_WITH_UNIT (LENGTH_MEASURE( 1.000000000000000082E-05 ), #731, 'distance_accuracy_value', 'NONE');
#1789 = FACE_OUTER_BOUND ( 'NONE', #3675, .T. ) ;
#1790 = ORIENTED_EDGE ( 'NONE', *, *, #2166, .T. ) ;
#1791 = DIRECTION ( 'NONE',  ( -1.000000000000000000, -0.000000000000000000, 7.228014483236692611E-16 ) ) ;
#1792 = STYLED_ITEM ( 'NONE', ( #337 ), #612 ) ;
#1793 = CARTESIAN_POINT ( 'NONE',  ( 0.9700000000000011946, -3.900000000000000799, -3.710000000000000409 ) ) ;
#1794 = SURFACE_STYLE_FILL_AREA ( #1320 ) ;
#1795 = VECTOR ( 'NONE', #1738, 1000.000000000000000 ) ;
#1796 = VECTOR ( 'NONE', #1251, 1000.000000000000000 ) ;
#1797 = EDGE_LOOP ( 'NONE', ( #4144, #3097, #3321, #4181 ) ) ;
#1798 = CARTESIAN_POINT ( 'NONE',  ( -3.959999999999999076, -3.900000000000000799, -3.710000000000000409 ) ) ;
#1799 = CARTESIAN_POINT ( 'NONE',  ( -1.569999999999998064, 0.6999999999999999556, -3.910000000000000142 ) ) ;
#1800 = FACE_OUTER_BOUND ( 'NONE', #5970, .T. ) ;
#1801 = MECHANICAL_DESIGN_GEOMETRIC_PRESENTATION_REPRESENTATION (  '', ( #4287 ), #349 ) ;
#1802 = AXIS2_PLACEMENT_3D ( 'NONE', #4723, #406, #5175 ) ;
#1803 = DIRECTION ( 'NONE',  ( -1.000000000000000000, -0.000000000000000000, -0.000000000000000000 ) ) ;
#1804 = PRESENTATION_STYLE_ASSIGNMENT (( #4990 ) ) ;
#1805 = LINE ( 'NONE', #5901, #3870 ) ;
#1806 =( LENGTH_UNIT ( ) NAMED_UNIT ( * ) SI_UNIT ( .MILLI., .METRE. ) );
#1807 = ORIENTED_EDGE ( 'NONE', *, *, #4557, .F. ) ;
#1808 = ADVANCED_FACE ( 'NONE', ( #4763 ), #1659, .F. ) ;
#1809 = CARTESIAN_POINT ( 'NONE',  ( -4.459999999999999076, 5.099999999999999645, -1.800000000000000044 ) ) ;
#1810 = MECHANICAL_DESIGN_GEOMETRIC_PRESENTATION_REPRESENTATION (  '', ( #3207 ), #5422 ) ;
#1811 = PRESENTATION_LAYER_ASSIGNMENT (  '', '', ( #4297 ) ) ;
#1812 = EDGE_CURVE ( 'NONE', #5065, #4442, #2825, .T. ) ;
#1813 = LINE ( 'NONE', #5408, #5839 ) ;
#1814 = VECTOR ( 'NONE', #3535, 1000.000000000000000 ) ;
#1815 = VERTEX_POINT ( 'NONE', #2487 ) ;
#1816 = DIRECTION ( 'NONE',  ( -0.000000000000000000, -0.000000000000000000, 1.000000000000000000 ) ) ;
#1817 = EDGE_CURVE ( 'NONE', #815, #3723, #809, .T. ) ;
#1818 = LINE ( 'NONE', #3898, #3985 ) ;
#1819 = EDGE_LOOP ( 'NONE', ( #3588, #5259, #3876, #1481 ) ) ;
#1820 =( NAMED_UNIT ( * ) PLANE_ANGLE_UNIT ( ) SI_UNIT ( $, .RADIAN. ) );
#1821 = ORIENTED_EDGE ( 'NONE', *, *, #1410, .T. ) ;
#1822 =( GEOMETRIC_REPRESENTATION_CONTEXT ( 3 ) GLOBAL_UNCERTAINTY_ASSIGNED_CONTEXT ( ( #5727 ) ) GLOBAL_UNIT_ASSIGNED_CONTEXT ( ( #2388, #6115, #402 ) ) REPRESENTATION_CONTEXT ( 'NONE', 'WORKASPACE' ) );
#1823 =( GEOMETRIC_REPRESENTATION_CONTEXT ( 3 ) GLOBAL_UNCERTAINTY_ASSIGNED_CONTEXT ( ( #2829 ) ) GLOBAL_UNIT_ASSIGNED_CONTEXT ( ( #2714, #5552, #4770 ) ) REPRESENTATION_CONTEXT ( 'NONE', 'WORKASPACE' ) );
#1824 = COLOUR_RGB ( '',1.000000000000000000, 0.8117647058823529438, 0.5019607843137254832 ) ;
#1825 = DIRECTION ( 'NONE',  ( 0.000000000000000000, 0.000000000000000000, -1.000000000000000000 ) ) ;
#1826 = DIRECTION ( 'NONE',  ( 0.000000000000000000, 1.000000000000000000, -1.703746271048650163E-15 ) ) ;
#1827 = LINE ( 'NONE', #4877, #5883 ) ;
#1828 = ORIENTED_EDGE ( 'NONE', *, *, #596, .F. ) ;
#1829 = VECTOR ( 'NONE', #1932, 1000.000000000000000 ) ;
#1830 = VERTEX_POINT ( 'NONE', #916 ) ;
#1831 = DIRECTION ( 'NONE',  ( -0.000000000000000000, 1.000000000000000000, 0.000000000000000000 ) ) ;
#1832 = EDGE_CURVE ( 'NONE', #1065, #1394, #784, .T. ) ;
#1833 = ORIENTED_EDGE ( 'NONE', *, *, #54, .F. ) ;
#1834 = CARTESIAN_POINT ( 'NONE',  ( -0.6199999999999985523, 6.950000000000000178, 1.800000000000000044 ) ) ;
#1835 = EDGE_CURVE ( 'NONE', #193, #3430, #655, .T. ) ;
#1836 = COLOUR_RGB ( '',0.2509803921568627416, 0.2509803921568627416, 0.2509803921568627416 ) ;
#1837 = VECTOR ( 'NONE', #753, 1000.000000000000000 ) ;
#1838 = FACE_OUTER_BOUND ( 'NONE', #5155, .T. ) ;
#1839 = ORIENTED_EDGE ( 'NONE', *, *, #363, .F. ) ;
#1840 = STYLED_ITEM ( 'NONE', ( #953 ), #1900 ) ;
#1841 = CARTESIAN_POINT ( 'NONE',  ( -1.569999999999998952, 0.6999999999999999556, -3.710000000000000409 ) ) ;
#1842 = DIRECTION ( 'NONE',  ( 1.000000000000000000, -0.000000000000000000, -0.000000000000000000 ) ) ;
#1843 = SURFACE_STYLE_FILL_AREA ( #1690 ) ;
#1844 = LINE ( 'NONE', #2056, #1958 ) ;
#1845 = EDGE_LOOP ( 'NONE', ( #4347, #1137, #2492, #3279 ) ) ;
#1846 = CARTESIAN_POINT ( 'NONE',  ( -0.9699999999999986411, -8.432455532033678480, 3.710000000000000409 ) ) ;
#1847 = ADVANCED_FACE ( 'NONE', ( #746 ), #3324, .F. ) ;
#1848 = MECHANICAL_DESIGN_GEOMETRIC_PRESENTATION_REPRESENTATION (  '', ( #5663 ), #4921 ) ;
#1849 = COLOUR_RGB ( '',0.7921568627450980005, 0.8196078431372548767, 0.9333333333333333481 ) ;
#1850 =( LENGTH_UNIT ( ) NAMED_UNIT ( * ) SI_UNIT ( .MILLI., .METRE. ) );
#1851 = VECTOR ( 'NONE', #4473, 1000.000000000000000 ) ;
#1852 = FILL_AREA_STYLE ('',( #5607 ) ) ;
#1853 = EDGE_LOOP ( 'NONE', ( #333, #4330, #5368, #259 ) ) ;
#1854 = AXIS2_PLACEMENT_3D ( 'NONE', #1329, #810, #2319 ) ;
#1855 = COLOUR_RGB ( '',0.2509803921568627416, 0.2509803921568627416, 0.2509803921568627416 ) ;
#1856 = UNCERTAINTY_MEASURE_WITH_UNIT (LENGTH_MEASURE( 1.000000000000000082E-05 ), #1930, 'distance_accuracy_value', 'NONE');
#1857 = LINE ( 'NONE', #3512, #3924 ) ;
#1858 = ORIENTED_EDGE ( 'NONE', *, *, #5363, .F. ) ;
#1859 = CARTESIAN_POINT ( 'NONE',  ( -5.580000000000000959, 2.600000000000000533, -0.7999999999999999334 ) ) ;
#1860 = PRESENTATION_STYLE_ASSIGNMENT (( #4596 ) ) ;
#1861 = CARTESIAN_POINT ( 'NONE',  ( -5.380000000000000782, 4.000000000000000000, -2.199999999999999734 ) ) ;
#1862 = ORIENTED_EDGE ( 'NONE', *, *, #5723, .F. ) ;
#1863 =( NAMED_UNIT ( * ) PLANE_ANGLE_UNIT ( ) SI_UNIT ( $, .RADIAN. ) );
#1864 = UNCERTAINTY_MEASURE_WITH_UNIT (LENGTH_MEASURE( 1.000000000000000082E-05 ), #3305, 'distance_accuracy_value', 'NONE');
#1865 = CARTESIAN_POINT ( 'NONE',  ( -5.580000000000000959, 5.700000000000000178, 4.950000000000000178 ) ) ;
#1866 = DIRECTION ( 'NONE',  ( 0.000000000000000000, 0.000000000000000000, 1.000000000000000000 ) ) ;
#1867 = FACE_OUTER_BOUND ( 'NONE', #1513, .T. ) ;
#1868 = ADVANCED_FACE ( 'NONE', ( #4945 ), #851, .T. ) ;
#1869 = EDGE_CURVE ( 'NONE', #5221, #4542, #2936, .T. ) ;
#1870 = ORIENTED_EDGE ( 'NONE', *, *, #1496, .F. ) ;
#1871 = LINE ( 'NONE', #6158, #3843 ) ;
#1872 =( NAMED_UNIT ( * ) PLANE_ANGLE_UNIT ( ) SI_UNIT ( $, .RADIAN. ) );
#1873 = VECTOR ( 'NONE', #4644, 1000.000000000000000 ) ;
#1874 =( NAMED_UNIT ( * ) PLANE_ANGLE_UNIT ( ) SI_UNIT ( $, .RADIAN. ) );
#1875 = SURFACE_SIDE_STYLE ('',( #357 ) ) ;
#1876 =( GEOMETRIC_REPRESENTATION_CONTEXT ( 3 ) GLOBAL_UNCERTAINTY_ASSIGNED_CONTEXT ( ( #301 ) ) GLOBAL_UNIT_ASSIGNED_CONTEXT ( ( #1093, #3106, #176 ) ) REPRESENTATION_CONTEXT ( 'NONE', 'WORKASPACE' ) );
#1877 =( NAMED_UNIT ( * ) PLANE_ANGLE_UNIT ( ) SI_UNIT ( $, .RADIAN. ) );
#1878 = DIRECTION ( 'NONE',  ( 1.000000000000000000, -0.000000000000000000, -0.000000000000000000 ) ) ;
#1879 = EDGE_CURVE ( 'NONE', #4490, #4698, #2946, .T. ) ;
#1880 = VERTEX_POINT ( 'NONE', #678 ) ;
#1881 = DIRECTION ( 'NONE',  ( -1.000000000000000000, 0.000000000000000000, 0.000000000000000000 ) ) ;
#1882 = CIRCLE ( 'NONE', #2018, 0.2000000000000000944 ) ;
#1883 = VECTOR ( 'NONE', #3178, 1000.000000000000000 ) ;
#1884 = ORIENTED_EDGE ( 'NONE', *, *, #4779, .F. ) ;
#1885 =( NAMED_UNIT ( * ) PLANE_ANGLE_UNIT ( ) SI_UNIT ( $, .RADIAN. ) );
#1886 =( GEOMETRIC_REPRESENTATION_CONTEXT ( 3 ) GLOBAL_UNCERTAINTY_ASSIGNED_CONTEXT ( ( #4870 ) ) GLOBAL_UNIT_ASSIGNED_CONTEXT ( ( #2064, #2537, #3000 ) ) REPRESENTATION_CONTEXT ( 'NONE', 'WORKASPACE' ) );
#1887 = SURFACE_SIDE_STYLE ('',( #3822 ) ) ;
#1888 = ORIENTED_EDGE ( 'NONE', *, *, #4469, .F. ) ;
#1889 = VECTOR ( 'NONE', #640, 1000.000000000000000 ) ;
#1891 = ORIENTED_EDGE ( 'NONE', *, *, #3457, .T. ) ;
#1890 = SURFACE_SIDE_STYLE ('',( #4795 ) ) ;
#1892 =( LENGTH_UNIT ( ) NAMED_UNIT ( * ) SI_UNIT ( .MILLI., .METRE. ) );
#1894 = EDGE_CURVE ( 'NONE', #3744, #425, #4997, .T. ) ;
#1893 = COLOUR_RGB ( '',0.7921568627450980005, 0.8196078431372548767, 0.9333333333333333481 ) ;
#1895 =( NAMED_UNIT ( * ) PLANE_ANGLE_UNIT ( ) SI_UNIT ( $, .RADIAN. ) );
#1896 = VECTOR ( 'NONE', #6149, 1000.000000000000000 ) ;
#1897 = CARTESIAN_POINT ( 'NONE',  ( 1.920000000000001483, 5.200000000000000178, 0.1999999999999998723 ) ) ;
#1898 = EDGE_CURVE ( 'NONE', #3121, #5752, #3066, .T. ) ;
#1899 =( LENGTH_UNIT ( ) NAMED_UNIT ( * ) SI_UNIT ( .MILLI., .METRE. ) );
#1900 = ADVANCED_FACE ( 'NONE', ( #5079 ), #5492, .F. ) ;
#1901 = VECTOR ( 'NONE', #1412, 1000.000000000000000 ) ;
#1902 = MECHANICAL_DESIGN_GEOMETRIC_PRESENTATION_REPRESENTATION (  '', ( #4391 ), #4526 ) ;
#1903 = EDGE_CURVE ( 'NONE', #633, #1603, #837, .T. ) ;
#1904 = PRESENTATION_LAYER_ASSIGNMENT (  '', '', ( #3223 ) ) ;
#1905 = FACE_OUTER_BOUND ( 'NONE', #3434, .T. ) ;
#1906 = CARTESIAN_POINT ( 'NONE',  ( -1.569999999999998952, 0.6999999999999999556, 3.910000000000000142 ) ) ;
#1907 =( LENGTH_UNIT ( ) NAMED_UNIT ( * ) SI_UNIT ( .MILLI., .METRE. ) );
#1908 = CARTESIAN_POINT ( 'NONE',  ( 5.080000000000000959, 0.4000000000000328293, -4.450000000000001954 ) ) ;
#1909 =( LENGTH_UNIT ( ) NAMED_UNIT ( * ) SI_UNIT ( .MILLI., .METRE. ) );
#1910 = CARTESIAN_POINT ( 'NONE',  ( 0.6200000000000016609, 5.700000000000000178, -1.800000000000000044 ) ) ;
#1911 = FACE_OUTER_BOUND ( 'NONE', #4925, .T. ) ;
#1912 = EDGE_CURVE ( 'NONE', #2627, #3891, #860, .T. ) ;
#1913 = ORIENTED_EDGE ( 'NONE', *, *, #4897, .T. ) ;
#1914 = VECTOR ( 'NONE', #131, 1000.000000000000000 ) ;
#1915 = CARTESIAN_POINT ( 'NONE',  ( 5.380000000000000782, 4.000000000000000000, 0.7999999999999974909 ) ) ;
#1916 = EDGE_CURVE ( 'NONE', #5699, #5627, #3104, .T. ) ;
#1917 = LINE ( 'NONE', #2988, #4089 ) ;
#1918 = PRESENTATION_LAYER_ASSIGNMENT (  '', '', ( #5222 ) ) ;
#1919 = CARTESIAN_POINT ( 'NONE',  ( 4.110000000000001208, -3.399999999999995026, 3.710000000000000409 ) ) ;
#1920 =( NAMED_UNIT ( * ) PLANE_ANGLE_UNIT ( ) SI_UNIT ( $, .RADIAN. ) );
#1921 =( LENGTH_UNIT ( ) NAMED_UNIT ( * ) SI_UNIT ( .MILLI., .METRE. ) );
#1922 = LINE ( 'NONE', #1497, #5910 ) ;
#1923 = VECTOR ( 'NONE', #5074, 1000.000000000000000 ) ;
#1924 = LINE ( 'NONE', #5635, #1873 ) ;
#1925 = PRESENTATION_LAYER_ASSIGNMENT (  '', '', ( #780 ) ) ;
#1926 = FILL_AREA_STYLE ('',( #5187 ) ) ;
#1927 = FACE_OUTER_BOUND ( 'NONE', #5947, .T. ) ;
#1928 = DIRECTION ( 'NONE',  ( 0.000000000000000000, 0.000000000000000000, -1.000000000000000000 ) ) ;
#1929 = CIRCLE ( 'NONE', #2522, 0.2000000000000000944 ) ;
#1930 =( LENGTH_UNIT ( ) NAMED_UNIT ( * ) SI_UNIT ( .MILLI., .METRE. ) );
#1931 = LINE ( 'NONE', #1841, #3999 ) ;
#1932 = DIRECTION ( 'NONE',  ( 1.000000000000000000, 0.000000000000000000, 0.000000000000000000 ) ) ;
#1933 = CARTESIAN_POINT ( 'NONE',  ( 5.380000000000000782, 2.600000000000000533, 0.7999999999999999334 ) ) ;
#1934 = UNCERTAINTY_MEASURE_WITH_UNIT (LENGTH_MEASURE( 1.000000000000000082E-05 ), #3187, 'distance_accuracy_value', 'NONE');
#1935 = VECTOR ( 'NONE', #4094, 1000.000000000000114 ) ;
#1936 =( NAMED_UNIT ( * ) SI_UNIT ( $, .STERADIAN. ) SOLID_ANGLE_UNIT ( ) );
#1937 = ORIENTED_EDGE ( 'NONE', *, *, #2561, .F. ) ;
#1938 = PRESENTATION_STYLE_ASSIGNMENT (( #4428 ) ) ;
#1939 = DIRECTION ( 'NONE',  ( -0.000000000000000000, 1.000000000000000000, -0.000000000000000000 ) ) ;
#1940 = UNCERTAINTY_MEASURE_WITH_UNIT (LENGTH_MEASURE( 1.000000000000000082E-05 ), #2030, 'distance_accuracy_value', 'NONE');
#1941 = SURFACE_STYLE_FILL_AREA ( #4560 ) ;
#1942 = MECHANICAL_DESIGN_GEOMETRIC_PRESENTATION_REPRESENTATION (  '', ( #4439 ), #3343 ) ;
#1943 = STYLED_ITEM ( 'NONE', ( #5322 ), #413 ) ;
#1944 = DIRECTION ( 'NONE',  ( 0.000000000000000000, 0.000000000000000000, 1.000000000000000000 ) ) ;
#1945 = CARTESIAN_POINT ( 'NONE',  ( -1.569999999999998952, -3.399999999999995026, 3.910000000000000142 ) ) ;
#1946 = COLOUR_RGB ( '',1.000000000000000000, 0.8117647058823529438, 0.5019607843137254832 ) ;
#1947 = CARTESIAN_POINT ( 'NONE',  ( 4.460000000000000853, 1.272468158199071553, -1.800000000000000044 ) ) ;
#1948 =( NAMED_UNIT ( * ) PLANE_ANGLE_UNIT ( ) SI_UNIT ( $, .RADIAN. ) );
#1949 = VECTOR ( 'NONE', #4929, 1000.000000000000000 ) ;
#1950 = AXIS2_PLACEMENT_3D ( 'NONE', #685, #2556, #73 ) ;
#1951 = DIRECTION ( 'NONE',  ( 4.336808689942016158E-15, -0.000000000000000000, -1.000000000000000000 ) ) ;
#1952 = PRODUCT ( '418117270904', '418117270904', '', ( #1701 ) ) ;
#1953 = EDGE_CURVE ( 'NONE', #5302, #1375, #3016, .T. ) ;
#1954 = DIRECTION ( 'NONE',  ( 0.9578262852211522071, 0.2873478855663425535, -0.000000000000000000 ) ) ;
#1955 = CARTESIAN_POINT ( 'NONE',  ( -0.9699999999999986411, 0.6999999999999999556, 3.909999999999999254 ) ) ;
#1956 = MANIFOLD_SOLID_BREP ( 'LPattern3[3]', #5679 ) ;
#1957 = EDGE_CURVE ( 'NONE', #5276, #3727, #910, .T. ) ;
#1959 = LINE ( 'NONE', #5528, #6154 ) ;
#1958 = VECTOR ( 'NONE', #4389, 1000.000000000000000 ) ;
#1960 =( GEOMETRIC_REPRESENTATION_CONTEXT ( 3 ) GLOBAL_UNCERTAINTY_ASSIGNED_CONTEXT ( ( #1940 ) ) GLOBAL_UNIT_ASSIGNED_CONTEXT ( ( #2030, #2958, #2490 ) ) REPRESENTATION_CONTEXT ( 'NONE', 'WORKASPACE' ) );
#1961 = EDGE_CURVE ( 'NONE', #4872, #3127, #5100, .T. ) ;
#1962 = CARTESIAN_POINT ( 'NONE',  ( 1.920000000000001483, 5.200000000000000178, -1.800000000000000044 ) ) ;
#1963 = DIRECTION ( 'NONE',  ( 0.000000000000000000, 1.000000000000000000, 0.000000000000000000 ) ) ;
#1964 =( NAMED_UNIT ( * ) SI_UNIT ( $, .STERADIAN. ) SOLID_ANGLE_UNIT ( ) );
#1965 = PRESENTATION_STYLE_ASSIGNMENT (( #1025 ) ) ;
#1966 = DIRECTION ( 'NONE',  ( -0.000000000000000000, 1.000000000000000000, -0.000000000000000000 ) ) ;
#1967 = FACE_OUTER_BOUND ( 'NONE', #4687, .T. ) ;
#1968 = DIRECTION ( 'NONE',  ( -0.000000000000000000, 0.000000000000000000, 1.000000000000000000 ) ) ;
#1969 = CARTESIAN_POINT ( 'NONE',  ( 0.9700000000000020828, -3.399999999999996803, -3.910000000000000142 ) ) ;
#1970 = MECHANICAL_DESIGN_GEOMETRIC_PRESENTATION_REPRESENTATION (  '', ( #5435 ), #373 ) ;
#1971 = EDGE_CURVE ( 'NONE', #1751, #3096, #3029, .T. ) ;
#1972 = STYLED_ITEM ( 'NONE', ( #6157 ), #6148 ) ;
#1973 = VECTOR ( 'NONE', #5085, 1000.000000000000114 ) ;
#1974 = FILL_AREA_STYLE ('',( #106 ) ) ;
#1975 = VECTOR ( 'NONE', #4078, 1000.000000000000000 ) ;
#1976 =( LENGTH_UNIT ( ) NAMED_UNIT ( * ) SI_UNIT ( .MILLI., .METRE. ) );
#1977 = DIRECTION ( 'NONE',  ( 1.000000000000000000, 0.000000000000000000, -7.228014483236692611E-16 ) ) ;
#1978 = DIRECTION ( 'NONE',  ( 0.000000000000000000, -0.000000000000000000, 1.000000000000000000 ) ) ;
#1979 = DIRECTION ( 'NONE',  ( 1.000000000000000000, 0.000000000000000000, -0.000000000000000000 ) ) ;
#1980 = SURFACE_SIDE_STYLE ('',( #2821 ) ) ;
#1981 = COLOUR_RGB ( '',0.7921568627450980005, 0.8196078431372548767, 0.9333333333333333481 ) ;
#1982 = DIRECTION ( 'NONE',  ( -0.000000000000000000, 1.000000000000000000, -0.000000000000000000 ) ) ;
#1983 = EDGE_CURVE ( 'NONE', #5311, #3670, #975, .T. ) ;
#1984 = AXIS2_PLACEMENT_3D ( 'NONE', #5335, #4018, #3982 ) ;
#1985 = LINE ( 'NONE', #3954, #6118 ) ;
#1986 = DIRECTION ( 'NONE',  ( 1.000000000000000000, -0.000000000000000000, -0.000000000000000000 ) ) ;
#1987 = VECTOR ( 'NONE', #3662, 1000.000000000000000 ) ;
#1988 = DIRECTION ( 'NONE',  ( -0.2873478855663433862, -0.9578262852211519851, -4.153909357201945673E-16 ) ) ;
#1989 = STYLED_ITEM ( 'NONE', ( #554 ), #4950 ) ;
#1990 = DIRECTION ( 'NONE',  ( -1.000000000000000000, 0.000000000000000000, -0.000000000000000000 ) ) ;
#1991 = ADVANCED_FACE ( 'NONE', ( #3053 ), #828, .F. ) ;
#1992 = DIRECTION ( 'NONE',  ( 1.000000000000000000, -0.000000000000000000, -0.000000000000000000 ) ) ;
#1993 = FACE_OUTER_BOUND ( 'NONE', #1681, .T. ) ;
#1994 = PRESENTATION_STYLE_ASSIGNMENT (( #1750 ) ) ;
#1995 =( NAMED_UNIT ( * ) SI_UNIT ( $, .STERADIAN. ) SOLID_ANGLE_UNIT ( ) );
#1996 = UNCERTAINTY_MEASURE_WITH_UNIT (LENGTH_MEASURE( 1.000000000000000082E-05 ), #221, 'distance_accuracy_value', 'NONE');
#1997 = CARTESIAN_POINT ( 'NONE',  ( -3.159999999999998810, 5.700000000000000178, 1.800000000000000044 ) ) ;
#1998 = COLOUR_RGB ( '',0.7921568627450980005, 0.8196078431372548767, 0.9333333333333333481 ) ;
#1999 = DIRECTION ( 'NONE',  ( 1.000000000000000000, 0.000000000000000000, 0.000000000000000000 ) ) ;
#2000 = CARTESIAN_POINT ( 'NONE',  ( -3.659999999999999254, -3.900000000000000799, 3.710000000000000409 ) ) ;
#2001 = PLANE ( 'NONE',  #5230 ) ;
#2002 = SURFACE_STYLE_FILL_AREA ( #2234 ) ;
#2003 = AXIS2_PLACEMENT_3D ( 'NONE', #2323, #3354, #888 ) ;
#2004 = DIRECTION ( 'NONE',  ( 4.336808689942016158E-15, 0.000000000000000000, -1.000000000000000000 ) ) ;
#2005 =( GEOMETRIC_REPRESENTATION_CONTEXT ( 3 ) GLOBAL_UNCERTAINTY_ASSIGNED_CONTEXT ( ( #216 ) ) GLOBAL_UNIT_ASSIGNED_CONTEXT ( ( #1907, #2837, #3247 ) ) REPRESENTATION_CONTEXT ( 'NONE', 'WORKASPACE' ) );
#2006 = VECTOR ( 'NONE', #2639, 1000.000000000000000 ) ;
#2007 = DIRECTION ( 'NONE',  ( 0.000000000000000000, 0.000000000000000000, -1.000000000000000000 ) ) ;
#2008 = SURFACE_STYLE_FILL_AREA ( #6080 ) ;
#2009 =( NAMED_UNIT ( * ) SI_UNIT ( $, .STERADIAN. ) SOLID_ANGLE_UNIT ( ) );
#2010 = LINE ( 'NONE', #369, #5999 ) ;
#2011 = CARTESIAN_POINT ( 'NONE',  ( 5.380000000000000782, 2.600000000000000533, -0.7999999999999999334 ) ) ;
#2012 = DIRECTION ( 'NONE',  ( -0.000000000000000000, 1.000000000000000000, 0.000000000000000000 ) ) ;
#2013 = CARTESIAN_POINT ( 'NONE',  ( 4.110000000000001208, -3.399999999999995026, -3.710000000000000409 ) ) ;
#2014 =( LENGTH_UNIT ( ) NAMED_UNIT ( * ) SI_UNIT ( .MILLI., .METRE. ) );
#2015 = CARTESIAN_POINT ( 'NONE',  ( 1.920000000000001483, 1.272468158199071553, -1.800000000000000044 ) ) ;
#2016 = LINE ( 'NONE', #3657, #26 ) ;
#2017 = DIRECTION ( 'NONE',  ( 1.000000000000000000, 0.000000000000000000, -0.000000000000000000 ) ) ;
#2018 = AXIS2_PLACEMENT_3D ( 'NONE', #2876, #5807, #4858 ) ;
#2019 = EDGE_CURVE ( 'NONE', #5392, #390, #3043, .T. ) ;
#2020 = CARTESIAN_POINT ( 'NONE',  ( 4.460000000000000853, 10.26155281280883003, 1.800000000000000044 ) ) ;
#2021 = VECTOR ( 'NONE', #3987, 1000.000000000000000 ) ;
#2022 = SURFACE_SIDE_STYLE ('',( #3747 ) ) ;
#2023 = PLANE ( 'NONE',  #1390 ) ;
#2024 = EDGE_CURVE ( 'NONE', #3263, #5932, #2992, .T. ) ;
#2025 = FACE_OUTER_BOUND ( 'NONE', #1537, .T. ) ;
#2026 = DIRECTION ( 'NONE',  ( -0.000000000000000000, -1.000000000000000000, -0.000000000000000000 ) ) ;
#2027 = DIRECTION ( 'NONE',  ( -0.2873478855663433862, -0.9578262852211519851, -2.076954678600969878E-16 ) ) ;
#2028 = LINE ( 'NONE', #3740, #4079 ) ;
#2029 =( GEOMETRIC_REPRESENTATION_CONTEXT ( 3 ) GLOBAL_UNCERTAINTY_ASSIGNED_CONTEXT ( ( #548 ) ) GLOBAL_UNIT_ASSIGNED_CONTEXT ( ( #3978, #2416, #1936 ) ) REPRESENTATION_CONTEXT ( 'NONE', 'WORKASPACE' ) );
#2030 =( LENGTH_UNIT ( ) NAMED_UNIT ( * ) SI_UNIT ( .MILLI., .METRE. ) );
#2031 = STYLED_ITEM ( 'NONE', ( #3393 ), #5620 ) ;
#2032 = EDGE_CURVE ( 'NONE', #5221, #5617, #931, .T. ) ;
#2033 = CARTESIAN_POINT ( 'NONE',  ( -4.109999999999998543, 0.6999999999999999556, -3.910000000000000142 ) ) ;
#2034 = FACE_OUTER_BOUND ( 'NONE', #3261, .T. ) ;
#2035 = DIRECTION ( 'NONE',  ( 0.000000000000000000, 0.000000000000000000, 1.000000000000000000 ) ) ;
#2036 = EDGE_CURVE ( 'NONE', #5627, #1724, #5067, .T. ) ;
#2037 = CARTESIAN_POINT ( 'NONE',  ( -1.419999999999999041, -3.900000000000000799, 3.710000000000000409 ) ) ;
#2038 = SURFACE_SIDE_STYLE ('',( #58 ) ) ;
#2039 =( GEOMETRIC_REPRESENTATION_CONTEXT ( 3 ) GLOBAL_UNCERTAINTY_ASSIGNED_CONTEXT ( ( #765 ) ) GLOBAL_UNIT_ASSIGNED_CONTEXT ( ( #2464, #107, #2980 ) ) REPRESENTATION_CONTEXT ( 'NONE', 'WORKASPACE' ) );
#2040 = DIRECTION ( 'NONE',  ( 0.000000000000000000, 0.000000000000000000, -1.000000000000000000 ) ) ;
#2041 = ADVANCED_FACE ( 'NONE', ( #3278 ), #4708, .F. ) ;
#2042 = DIRECTION ( 'NONE',  ( 0.2873478855663433862, 0.9578262852211519851, -4.153909357201939757E-16 ) ) ;
#2043 = CARTESIAN_POINT ( 'NONE',  ( 0.000000000000000000, 0.6999999999999999556, 0.000000000000000000 ) ) ;
#2044 = LINE ( 'NONE', #4917, #113 ) ;
#2045 = DIRECTION ( 'NONE',  ( 0.9578262852211522071, 0.2873478855663428311, 4.153909357201973283E-15 ) ) ;
#2046 = AXIS2_PLACEMENT_3D ( 'NONE', #5122, #5076, #5212 ) ;
#2047 = CARTESIAN_POINT ( 'NONE',  ( -4.459999999999999076, 6.950000000000000178, 1.800000000000000044 ) ) ;
#2048 = DIRECTION ( 'NONE',  ( -7.228014483236692611E-16, 0.000000000000000000, 1.000000000000000000 ) ) ;
#2049 = DIRECTION ( 'NONE',  ( 0.000000000000000000, 0.000000000000000000, -1.000000000000000000 ) ) ;
#2050 = VECTOR ( 'NONE', #2700, 1000.000000000000000 ) ;
#2051 =( NAMED_UNIT ( * ) PLANE_ANGLE_UNIT ( ) SI_UNIT ( $, .RADIAN. ) );
#2052 = VECTOR ( 'NONE', #4617, 1000.000000000000000 ) ;
#2053 = VERTEX_POINT ( 'NONE', #2803 ) ;
#2054 = AXIS2_PLACEMENT_3D ( 'NONE', #128, #1086, #309 ) ;
#2055 = DIRECTION ( 'NONE',  ( -1.000000000000000000, -0.000000000000000000, 0.000000000000000000 ) ) ;
#2056 = CARTESIAN_POINT ( 'NONE',  ( -4.459999999999999076, 10.26155281280883003, 0.1999999999999998723 ) ) ;
#2057 = PLANE ( 'NONE',  #3475 ) ;
#2058 = LINE ( 'NONE', #4124, #2099 ) ;
#2059 = CARTESIAN_POINT ( 'NONE',  ( -0.6199999999999985523, 10.26155281280883003, 1.800000000000000044 ) ) ;
#2060 =( NAMED_UNIT ( * ) SI_UNIT ( $, .STERADIAN. ) SOLID_ANGLE_UNIT ( ) );
#2061 = CARTESIAN_POINT ( 'NONE',  ( 0.000000000000000000, 5.200000000000000178, 0.000000000000000000 ) ) ;
#2062 = PRESENTATION_STYLE_ASSIGNMENT (( #1419 ) ) ;
#2063 = ORIENTED_EDGE ( 'NONE', *, *, #3217, .T. ) ;
#2064 =( LENGTH_UNIT ( ) NAMED_UNIT ( * ) SI_UNIT ( .MILLI., .METRE. ) );
#2065 = COLOUR_RGB ( '',0.7921568627450980005, 0.8196078431372548767, 0.9333333333333333481 ) ;
#2066 = UNCERTAINTY_MEASURE_WITH_UNIT (LENGTH_MEASURE( 1.000000000000000082E-05 ), #1892, 'distance_accuracy_value', 'NONE');
#2067 = UNCERTAINTY_MEASURE_WITH_UNIT (LENGTH_MEASURE( 1.000000000000000082E-05 ), #2657, 'distance_accuracy_value', 'NONE');
#2068 = CARTESIAN_POINT ( 'NONE',  ( 5.580000000000000959, 4.000000000000000000, -2.199999999999999734 ) ) ;
#2069 = ORIENTED_EDGE ( 'NONE', *, *, #1030, .T. ) ;
#2070 = PRESENTATION_STYLE_ASSIGNMENT (( #70 ) ) ;
#2071 = DIRECTION ( 'NONE',  ( -1.000000000000000000, -0.000000000000000000, 1.445602896647338522E-15 ) ) ;
#2072 = COLOUR_RGB ( '',0.7921568627450980005, 0.8196078431372548767, 0.9333333333333333481 ) ;
#2073 = DIRECTION ( 'NONE',  ( -1.000000000000000000, -0.000000000000000000, -0.000000000000000000 ) ) ;
#2074 = CARTESIAN_POINT ( 'NONE',  ( 3.510000000000001119, 0.6999999999999999556, -3.710000000000000409 ) ) ;
#2075 = SURFACE_STYLE_USAGE ( .BOTH. , #641 ) ;
#2076 = STYLED_ITEM ( 'NONE', ( #3539 ), #4041 ) ;
#2077 = EDGE_CURVE ( 'NONE', #5856, #5632, #5234, .T. ) ;
#2078 = DIRECTION ( 'NONE',  ( 0.000000000000000000, 0.000000000000000000, 1.000000000000000000 ) ) ;
#2079 = LINE ( 'NONE', #747, #41 ) ;
#2080 = ORIENTED_EDGE ( 'NONE', *, *, #3988, .T. ) ;
#2081 = DIRECTION ( 'NONE',  ( 0.000000000000000000, 0.000000000000000000, -1.000000000000000000 ) ) ;
#2082 = CARTESIAN_POINT ( 'NONE',  ( 5.380000000000000782, 2.600000000000000533, -2.199999999999999734 ) ) ;
#2083 = LINE ( 'NONE', #2193, #6163 ) ;
#2084 = AXIS2_PLACEMENT_3D ( 'NONE', #3338, #3758, #491 ) ;
#2085 = PLANE ( 'NONE',  #985 ) ;
#2086 = AXIS2_PLACEMENT_3D ( 'NONE', #3701, #945, #3877 ) ;
#2087 = DIRECTION ( 'NONE',  ( -0.000000000000000000, -1.000000000000000000, -0.000000000000000000 ) ) ;
#2088 = PLANE ( 'NONE',  #1283 ) ;
#2089 = FILL_AREA_STYLE_COLOUR ( '', #634 ) ;
#2090 = DIRECTION ( 'NONE',  ( 1.000000000000000000, 0.000000000000000000, 1.445602896647340692E-15 ) ) ;
#2091 = ADVANCED_FACE ( 'NONE', ( #5286 ), #1384, .F. ) ;
#2092 = VERTEX_POINT ( 'NONE', #4378 ) ;
#2093 = DIRECTION ( 'NONE',  ( 0.000000000000000000, 0.000000000000000000, -1.000000000000000000 ) ) ;
#2094 = EDGE_CURVE ( 'NONE', #3882, #4307, #1197, .T. ) ;
#2095 = PRESENTATION_STYLE_ASSIGNMENT (( #4088 ) ) ;
#2096 = CARTESIAN_POINT ( 'NONE',  ( -1.569999999999998952, 0.6999999999999999556, 3.710000000000000409 ) ) ;
#2097 = PRESENTATION_LAYER_ASSIGNMENT (  '', '', ( #1187 ) ) ;
#2098 = AXIS2_PLACEMENT_3D ( 'NONE', #2361, #1963, #2405 ) ;
#2099 = VECTOR ( 'NONE', #728, 1000.000000000000000 ) ;
#2100 = FILL_AREA_STYLE ('',( #338 ) ) ;
#2101 = SURFACE_SIDE_STYLE ('',( #1356 ) ) ;
#2102 = CARTESIAN_POINT ( 'NONE',  ( -4.459999999999999076, 5.700000000000000178, -1.800000000000000044 ) ) ;
#2103 = ORIENTED_EDGE ( 'NONE', *, *, #3323, .T. ) ;
#2104 = PRESENTATION_STYLE_ASSIGNMENT (( #5628 ) ) ;
#2105 = EDGE_CURVE ( 'NONE', #890, #397, #3299, .T. ) ;
#2106 = EDGE_CURVE ( 'NONE', #3033, #4551, #3313, .T. ) ;
#2107 = CARTESIAN_POINT ( 'NONE',  ( -4.109999999999998543, 0.6999999999999999556, -3.910000000000000142 ) ) ;
#2108 = AXIS2_PLACEMENT_3D ( 'NONE', #4614, #2535, #2583 ) ;
#2109 = ORIENTED_EDGE ( 'NONE', *, *, #4897, .F. ) ;
#2110 = FACE_OUTER_BOUND ( 'NONE', #2966, .T. ) ;
#2111 = DIRECTION ( 'NONE',  ( 0.000000000000000000, 1.000000000000000000, 0.000000000000000000 ) ) ;
#2112 = VERTEX_POINT ( 'NONE', #5703 ) ;
#2113 = SURFACE_SIDE_STYLE ('',( #6014 ) ) ;
#2114 = CARTESIAN_POINT ( 'NONE',  ( -0.6199999999999985523, 5.200000000000000178, 1.800000000000000044 ) ) ;
#2115 =( NAMED_UNIT ( * ) PLANE_ANGLE_UNIT ( ) SI_UNIT ( $, .RADIAN. ) );
#2116 = CARTESIAN_POINT ( 'NONE',  ( -1.569999999999998952, -8.432455532033678480, 3.910000000000000142 ) ) ;
#2117 = CARTESIAN_POINT ( 'NONE',  ( 5.080000000000001847, 0.2000000000000091982, -2.300000000000000711 ) ) ;
#2118 = ORIENTED_EDGE ( 'NONE', *, *, #1957, .F. ) ;
#2119 = PRESENTATION_LAYER_ASSIGNMENT (  '', '', ( #3471 ) ) ;
#2120 = CARTESIAN_POINT ( 'NONE',  ( 0.6200000000000016609, 5.099999999999999645, -1.800000000000000044 ) ) ;
#2121 = FACE_OUTER_BOUND ( 'NONE', #414, .T. ) ;
#2122 = FILL_AREA_STYLE_COLOUR ( '', #1946 ) ;
#2123 = DIRECTION ( 'NONE',  ( -1.000000000000000000, 0.000000000000000000, -7.228014483236692611E-16 ) ) ;
#2124 = DIRECTION ( 'NONE',  ( 0.000000000000000000, 0.000000000000000000, 1.000000000000000000 ) ) ;
#2125 = CARTESIAN_POINT ( 'NONE',  ( 1.570000000000001616, -3.399999999999995026, 3.909999999999999254 ) ) ;
#2126 = PLANE ( 'NONE',  #5674 ) ;
#2127 = CARTESIAN_POINT ( 'NONE',  ( -0.6199999999999985523, 6.950000000000001066, 0.1999999999999998723 ) ) ;
#2128 = MECHANICAL_DESIGN_GEOMETRIC_PRESENTATION_REPRESENTATION (  '', ( #6139 ), #4080 ) ;
#2129 = LINE ( 'NONE', #364, #2050 ) ;
#2130 = FILL_AREA_STYLE_COLOUR ( '', #4081 ) ;
#2131 = ADVANCED_FACE ( 'NONE', ( #3270 ), #5756, .T. ) ;
#2132 = PRESENTATION_STYLE_ASSIGNMENT (( #5459 ) ) ;
#2133 = SURFACE_SIDE_STYLE ('',( #4668 ) ) ;
#2134 = CARTESIAN_POINT ( 'NONE',  ( -3.509999999999998899, -3.399999999999995026, 3.710000000000000409 ) ) ;
#2135 = PLANE ( 'NONE',  #656 ) ;
#2136 = DIRECTION ( 'NONE',  ( 0.2873478855663433862, 0.9578262852211519851, -4.153909357201939757E-16 ) ) ;
#2137 = PRESENTATION_LAYER_ASSIGNMENT (  '', '', ( #4528 ) ) ;
#2138 = UNCERTAINTY_MEASURE_WITH_UNIT (LENGTH_MEASURE( 1.000000000000000082E-05 ), #1899, 'distance_accuracy_value', 'NONE');
#2139 = DIRECTION ( 'NONE',  ( 1.000000000000000000, -0.000000000000000000, -0.000000000000000000 ) ) ;
#2140 = CARTESIAN_POINT ( 'NONE',  ( 5.080000000000001847, 0.2000000000000091982, 2.500000000000004885 ) ) ;
#2141 =( GEOMETRIC_REPRESENTATION_CONTEXT ( 3 ) GLOBAL_UNCERTAINTY_ASSIGNED_CONTEXT ( ( #1360 ) ) GLOBAL_UNIT_ASSIGNED_CONTEXT ( ( #3041, #5522, #4534 ) ) REPRESENTATION_CONTEXT ( 'NONE', 'WORKASPACE' ) );
#2142 = PRESENTATION_STYLE_ASSIGNMENT (( #479 ) ) ;
#2143 = CARTESIAN_POINT ( 'NONE',  ( 0.9700000000000011946, -3.399999999999995026, 3.910000000000000142 ) ) ;
#2144 = ORIENTED_EDGE ( 'NONE', *, *, #3992, .F. ) ;
#2146 = EDGE_CURVE ( 'NONE', #4536, #5732, #3236, .T. ) ;
#2145 = LINE ( 'NONE', #3838, #69 ) ;
#2147 = SURFACE_SIDE_STYLE ('',( #3651 ) ) ;
#2148 = FACE_OUTER_BOUND ( 'NONE', #5831, .T. ) ;
#2149 =( NAMED_UNIT ( * ) SI_UNIT ( $, .STERADIAN. ) SOLID_ANGLE_UNIT ( ) );
#2150 = PLANE ( 'NONE',  #1088 ) ;
#2151 = FACE_OUTER_BOUND ( 'NONE', #143, .T. ) ;
#2152 = AXIS2_PLACEMENT_3D ( 'NONE', #5410, #5832, #1053 ) ;
#2153 = APPLICATION_PROTOCOL_DEFINITION ( 'draft international standard', 'automotive_design', 1998, #3118 ) ;
#2154 = FACE_OUTER_BOUND ( 'NONE', #4422, .T. ) ;
#2155 =( NAMED_UNIT ( * ) PLANE_ANGLE_UNIT ( ) SI_UNIT ( $, .RADIAN. ) );
#2156 = COLOUR_RGB ( '',0.7921568627450980005, 0.8196078431372548767, 0.9333333333333333481 ) ;
#2157 =( LENGTH_UNIT ( ) NAMED_UNIT ( * ) SI_UNIT ( .MILLI., .METRE. ) );
#2158 = PLANE ( 'NONE',  #1134 ) ;
#2159 = CARTESIAN_POINT ( 'NONE',  ( -1.919999999999998597, 5.700000000000000178, 1.800000000000000044 ) ) ;
#2160 = DIRECTION ( 'NONE',  ( -0.000000000000000000, 1.000000000000000000, -0.000000000000000000 ) ) ;
#2161 = EDGE_CURVE ( 'NONE', #2830, #1008, #1154, .T. ) ;
#2162 = VECTOR ( 'NONE', #2370, 1000.000000000000000 ) ;
#2163 = ORIENTED_EDGE ( 'NONE', *, *, #63, .T. ) ;
#2164 = CARTESIAN_POINT ( 'NONE',  ( 1.120000000000001217, -3.900000000000000799, 3.710000000000000409 ) ) ;
#2165 = AXIS2_PLACEMENT_3D ( 'NONE', #3793, #5705, #5757 ) ;
#2166 = EDGE_CURVE ( 'NONE', #6000, #3882, #5145, .T. ) ;
#2167 = COLOUR_RGB ( '',1.000000000000000000, 0.8117647058823529438, 0.5019607843137254832 ) ;
#2168 = AXIS2_PLACEMENT_3D ( 'NONE', #3068, #4054, #3018 ) ;
#2169 =( LENGTH_UNIT ( ) NAMED_UNIT ( * ) SI_UNIT ( .MILLI., .METRE. ) );
#2170 = CARTESIAN_POINT ( 'NONE',  ( -5.580000000000000959, 5.700000000000000178, -4.950000000000000178 ) ) ;
#2171 = DIRECTION ( 'NONE',  ( -1.000000000000000000, 0.000000000000000000, 0.000000000000000000 ) ) ;
#2172 = SURFACE_STYLE_USAGE ( .BOTH. , #210 ) ;
#2173 = EDGE_CURVE ( 'NONE', #5696, #3835, #5157, .T. ) ;
#2174 = DIRECTION ( 'NONE',  ( -1.000000000000000000, 0.000000000000000000, 0.000000000000000000 ) ) ;
#2175 = DIRECTION ( 'NONE',  ( 0.000000000000000000, 0.000000000000000000, -1.000000000000000000 ) ) ;
#2176 = ADVANCED_FACE ( 'NONE', ( #3130 ), #2517, .F. ) ;
#2177 = DIRECTION ( 'NONE',  ( -0.000000000000000000, 1.000000000000000000, 0.000000000000000000 ) ) ;
#2178 = LINE ( 'NONE', #1101, #103 ) ;
#2179 = ORIENTED_EDGE ( 'NONE', *, *, #3148, .T. ) ;
#2180 = PRESENTATION_STYLE_ASSIGNMENT (( #4226 ) ) ;
#2181 = EDGE_CURVE ( 'NONE', #3557, #3430, #5583, .T. ) ;
#2182 = PRESENTATION_LAYER_ASSIGNMENT (  '', '', ( #6005 ) ) ;
#2183 = CARTESIAN_POINT ( 'NONE',  ( -1.919999999999998597, 5.099999999999999645, -1.800000000000000044 ) ) ;
#2184 = DIRECTION ( 'NONE',  ( 0.000000000000000000, 0.000000000000000000, -1.000000000000000000 ) ) ;
#2185 = DIRECTION ( 'NONE',  ( 0.000000000000000000, 0.000000000000000000, -1.000000000000000000 ) ) ;
#2186 = EDGE_LOOP ( 'NONE', ( #5303, #1577, #2440, #2330 ) ) ;
#2187 = FILL_AREA_STYLE ('',( #5533 ) ) ;
#2188 = AXIS2_PLACEMENT_3D ( 'NONE', #3427, #2952, #3842 ) ;
#2189 = VECTOR ( 'NONE', #5764, 1000.000000000000000 ) ;
#2190 = DIRECTION ( 'NONE',  ( -1.000000000000000000, 0.000000000000000000, -0.000000000000000000 ) ) ;
#2191 =( NAMED_UNIT ( * ) PLANE_ANGLE_UNIT ( ) SI_UNIT ( $, .RADIAN. ) );
#2192 = FILL_AREA_STYLE ('',( #4150 ) ) ;
#2193 = CARTESIAN_POINT ( 'NONE',  ( 4.110000000000001208, -3.399999999999995026, -3.909999999999999254 ) ) ;
#2194 = DIRECTION ( 'NONE',  ( 0.000000000000000000, 0.000000000000000000, -1.000000000000000000 ) ) ;
#2195 = SURFACE_STYLE_FILL_AREA ( #4255 ) ;
#2196 = VERTEX_POINT ( 'NONE', #3220 ) ;
#2197 = CARTESIAN_POINT ( 'NONE',  ( 5.080000000000000959, 0.6999999999999999556, 4.450000000000001066 ) ) ;
#2198 = FACE_OUTER_BOUND ( 'NONE', #456, .T. ) ;
#2199 = CARTESIAN_POINT ( 'NONE',  ( -5.580000000000000959, 2.600000000000000533, 0.7999999999999999334 ) ) ;
#2200 = SURFACE_SIDE_STYLE ('',( #5405 ) ) ;
#2201 = UNCERTAINTY_MEASURE_WITH_UNIT (LENGTH_MEASURE( 1.000000000000000082E-05 ), #4935, 'distance_accuracy_value', 'NONE');
#2202 = LINE ( 'NONE', #2651, #4217 ) ;
#2203 = SURFACE_STYLE_FILL_AREA ( #3798 ) ;
#2204 = FILL_AREA_STYLE_COLOUR ( '', #2659 ) ;
#2205 = VECTOR ( 'NONE', #6111, 1000.000000000000000 ) ;
#2206 = AXIS2_PLACEMENT_3D ( 'NONE', #4084, #639, #1182 ) ;
#2207 = FILL_AREA_STYLE_COLOUR ( '', #3939 ) ;
#2208 = MECHANICAL_DESIGN_GEOMETRIC_PRESENTATION_REPRESENTATION (  '', ( #1078 ), #3344 ) ;
#2209 = DIRECTION ( 'NONE',  ( 0.000000000000000000, 0.000000000000000000, 1.000000000000000000 ) ) ;
#2210 = UNCERTAINTY_MEASURE_WITH_UNIT (LENGTH_MEASURE( 1.000000000000000082E-05 ), #2429, 'distance_accuracy_value', 'NONE');
#2211 = SURFACE_STYLE_USAGE ( .BOTH. , #3628 ) ;
#2212 =( LENGTH_UNIT ( ) NAMED_UNIT ( * ) SI_UNIT ( .MILLI., .METRE. ) );
#2213 = LINE ( 'NONE', #683, #590 ) ;
#2214 = LINE ( 'NONE', #5582, #4229 ) ;
#2215 = LINE ( 'NONE', #4754, #90 ) ;
#2216 = MECHANICAL_DESIGN_GEOMETRIC_PRESENTATION_REPRESENTATION (  '', ( #594 ), #201 ) ;
#2217 = LINE ( 'NONE', #887, #2312 ) ;
#2218 = EDGE_CURVE ( 'NONE', #857, #4650, #3524, .T. ) ;
#2219 =( NAMED_UNIT ( * ) PLANE_ANGLE_UNIT ( ) SI_UNIT ( $, .RADIAN. ) );
#2220 = ADVANCED_FACE ( 'NONE', ( #3405 ), #650, .F. ) ;
#2221 = PLANE ( 'NONE',  #2879 ) ;
#2222 = ORIENTED_EDGE ( 'NONE', *, *, #3826, .F. ) ;
#2223 = EDGE_CURVE ( 'NONE', #3670, #1017, #5398, .T. ) ;
#2224 = CARTESIAN_POINT ( 'NONE',  ( -5.580000000000000959, 0.2000000000000091982, -2.300000000000000711 ) ) ;
#2225 = DIRECTION ( 'NONE',  ( 0.000000000000000000, 1.000000000000000000, 0.000000000000000000 ) ) ;
#2226 = DIRECTION ( 'NONE',  ( 0.000000000000000000, 0.000000000000000000, 1.000000000000000000 ) ) ;
#2227 = STYLED_ITEM ( 'NONE', ( #6053 ), #2458 ) ;
#2228 = PLANE ( 'NONE',  #3503 ) ;
#2229 = ADVANCED_FACE ( 'NONE', ( #5439 ), #4131, .F. ) ;
#2230 = PRESENTATION_STYLE_ASSIGNMENT (( #2978 ) ) ;
#2231 = ORIENTED_EDGE ( 'NONE', *, *, #1835, .T. ) ;
#2232 =( NAMED_UNIT ( * ) SI_UNIT ( $, .STERADIAN. ) SOLID_ANGLE_UNIT ( ) );
#2233 = VECTOR ( 'NONE', #5030, 1000.000000000000000 ) ;
#2234 = FILL_AREA_STYLE ('',( #4640 ) ) ;
#2235 = EDGE_CURVE ( 'NONE', #4551, #1277, #5446, .T. ) ;
#2236 = ADVANCED_BREP_SHAPE_REPRESENTATION ( '418117270904', ( #4594, #413, #2458, #690, #4931, #3421, #3136, #5620, #2865, #3700, #1956, #5912, #4649, #1679 ), #2387 ) ;
#2237 = STYLED_ITEM ( 'NONE', ( #4666 ), #3421 ) ;
#2238 = EDGE_CURVE ( 'NONE', #390, #3804, #5478, .T. ) ;
#2239 = AXIS2_PLACEMENT_3D ( 'NONE', #525, #986, #3415 ) ;
#2240 = SURFACE_STYLE_FILL_AREA ( #1974 ) ;
#2241 = EDGE_LOOP ( 'NONE', ( #437, #4934, #3766, #2491 ) ) ;
#2242 = LINE ( 'NONE', #4026, #2393 ) ;
#2243 = DIRECTION ( 'NONE',  ( 1.000000000000000000, -0.000000000000000000, -0.000000000000000000 ) ) ;
#2245 = PRESENTATION_STYLE_ASSIGNMENT (( #4631 ) ) ;
#2244 = VECTOR ( 'NONE', #537, 1000.000000000000000 ) ;
#2246 =( NAMED_UNIT ( * ) PLANE_ANGLE_UNIT ( ) SI_UNIT ( $, .RADIAN. ) );
#2247 = DIRECTION ( 'NONE',  ( 0.000000000000000000, 0.000000000000000000, -1.000000000000000000 ) ) ;
#2248 = FILL_AREA_STYLE ('',( #340 ) ) ;
#2249 = EDGE_CURVE ( 'NONE', #1140, #5311, #3451, .T. ) ;
#2250 = CARTESIAN_POINT ( 'NONE',  ( -1.919999999999998597, 10.26155281280883003, 0.1999999999999998723 ) ) ;
#2251 = VECTOR ( 'NONE', #4552, 1000.000000000000114 ) ;
#2252 = ORIENTED_EDGE ( 'NONE', *, *, #762, .F. ) ;
#2253 = PRESENTATION_LAYER_ASSIGNMENT (  '', '', ( #6016 ) ) ;
#2254 = LINE ( 'NONE', #5219, #261 ) ;
#2255 = VECTOR ( 'NONE', #858, 1000.000000000000000 ) ;
#2256 = LINE ( 'NONE', #1349, #4503 ) ;
#2257 = CARTESIAN_POINT ( 'NONE',  ( -0.6199999999999985523, 5.099999999999999645, -1.800000000000000044 ) ) ;
#2258 = AXIS2_PLACEMENT_3D ( 'NONE', #1406, #2359, #2859 ) ;
#2259 = DIRECTION ( 'NONE',  ( 0.000000000000000000, 0.000000000000000000, 1.000000000000000000 ) ) ;
#2260 = COLOUR_RGB ( '',0.7921568627450980005, 0.8196078431372548767, 0.9333333333333333481 ) ;
#2261 =( NAMED_UNIT ( * ) SI_UNIT ( $, .STERADIAN. ) SOLID_ANGLE_UNIT ( ) );
#2262 = ORIENTED_EDGE ( 'NONE', *, *, #4908, .T. ) ;
#2263 = PLANE ( 'NONE',  #4538 ) ;
#2264 = VECTOR ( 'NONE', #1264, 1000.000000000000000 ) ;
#2266 = VECTOR ( 'NONE', #2428, 1000.000000000000000 ) ;
#2265 = LINE ( 'NONE', #4337, #2318 ) ;
#2267 =( NAMED_UNIT ( * ) SI_UNIT ( $, .STERADIAN. ) SOLID_ANGLE_UNIT ( ) );
#2268 = PLANE ( 'NONE',  #4719 ) ;
#2269 =( NAMED_UNIT ( * ) PLANE_ANGLE_UNIT ( ) SI_UNIT ( $, .RADIAN. ) );
#2270 = ADVANCED_FACE ( 'NONE', ( #3502 ), #6125, .F. ) ;
#2271 = VECTOR ( 'NONE', #1190, 1000.000000000000000 ) ;
#2272 = SURFACE_STYLE_FILL_AREA ( #3031 ) ;
#2273 = LINE ( 'NONE', #3520, #4349 ) ;
#2274 =( NAMED_UNIT ( * ) PLANE_ANGLE_UNIT ( ) SI_UNIT ( $, .RADIAN. ) );
#2275 = ADVANCED_FACE ( 'NONE', ( #1483 ), #2352, .F. ) ;
#2276 = ORIENTED_EDGE ( 'NONE', *, *, #3457, .F. ) ;
#2277 = UNCERTAINTY_MEASURE_WITH_UNIT (LENGTH_MEASURE( 1.000000000000000082E-05 ), #4246, 'distance_accuracy_value', 'NONE');
#2278 = DIRECTION ( 'NONE',  ( 0.000000000000000000, 0.000000000000000000, 1.000000000000000000 ) ) ;
#2279 = FILL_AREA_STYLE_COLOUR ( '', #1304 ) ;
#2280 = AXIS2_PLACEMENT_3D ( 'NONE', #5267, #1000, #1990 ) ;
#2281 = STYLED_ITEM ( 'NONE', ( #3807 ), #115 ) ;
#2282 = UNCERTAINTY_MEASURE_WITH_UNIT (LENGTH_MEASURE( 1.000000000000000082E-05 ), #367, 'distance_accuracy_value', 'NONE');
#2283 = ORIENTED_EDGE ( 'NONE', *, *, #4301, .T. ) ;
#2284 = FILL_AREA_STYLE ('',( #6097 ) ) ;
#2285 =( NAMED_UNIT ( * ) PLANE_ANGLE_UNIT ( ) SI_UNIT ( $, .RADIAN. ) );
#2286 = CARTESIAN_POINT ( 'NONE',  ( 3.510000000000001119, 0.6999999999999999556, 3.710000000000000409 ) ) ;
#2287 = SURFACE_SIDE_STYLE ('',( #1569 ) ) ;
#2288 = EDGE_LOOP ( 'NONE', ( #4348, #3649, #1638, #4612 ) ) ;
#2289 = MECHANICAL_DESIGN_GEOMETRIC_PRESENTATION_REPRESENTATION (  '', ( #514 ), #5563 ) ;
#2290 = LINE ( 'NONE', #1997, #2380 ) ;
#2291 = FACE_OUTER_BOUND ( 'NONE', #5636, .T. ) ;
#2292 = ORIENTED_EDGE ( 'NONE', *, *, #3934, .F. ) ;
#2293 =( NAMED_UNIT ( * ) PLANE_ANGLE_UNIT ( ) SI_UNIT ( $, .RADIAN. ) );
#2294 = DIRECTION ( 'NONE',  ( 1.000000000000000000, 0.000000000000000000, 0.000000000000000000 ) ) ;
#2295 = ORIENTED_EDGE ( 'NONE', *, *, #3920, .T. ) ;
#2296 = VECTOR ( 'NONE', #4745, 1000.000000000000000 ) ;
#2297 = FILL_AREA_STYLE ('',( #1346 ) ) ;
#2298 = STYLED_ITEM ( 'NONE', ( #2070 ), #2796 ) ;
#2299 = COLOUR_RGB ( '',1.000000000000000000, 0.8117647058823529438, 0.5019607843137254832 ) ;
#2300 =( GEOMETRIC_REPRESENTATION_CONTEXT ( 3 ) GLOBAL_UNCERTAINTY_ASSIGNED_CONTEXT ( ( #6165 ) ) GLOBAL_UNIT_ASSIGNED_CONTEXT ( ( #2169, #2670, #3134 ) ) REPRESENTATION_CONTEXT ( 'NONE', 'WORKASPACE' ) );
#2301 = CARTESIAN_POINT ( 'NONE',  ( 5.080000000000000959, 0.4000000000000080158, -2.700000000000001954 ) ) ;
#2302 = ADVANCED_FACE ( 'NONE', ( #5604 ), #3887, .F. ) ;
#2303 = SURFACE_SIDE_STYLE ('',( #4097 ) ) ;
#2304 = EDGE_CURVE ( 'NONE', #5296, #857, #3671, .T. ) ;
#2305 = VERTEX_POINT ( 'NONE', #3847 ) ;
#2306 = CYLINDRICAL_SURFACE ( 'NONE', #5118, 0.2000000000000000944 ) ;
#2307 = VECTOR ( 'NONE', #5814, 1000.000000000000000 ) ;
#2308 = CARTESIAN_POINT ( 'NONE',  ( 0.6200000000000016609, 5.200000000000000178, 0.1999999999999998723 ) ) ;
#2309 = EDGE_CURVE ( 'NONE', #564, #5595, #3658, .T. ) ;
#2310 = ORIENTED_EDGE ( 'NONE', *, *, #218, .F. ) ;
#2311 =( GEOMETRIC_REPRESENTATION_CONTEXT ( 3 ) GLOBAL_UNCERTAINTY_ASSIGNED_CONTEXT ( ( #3367 ) ) GLOBAL_UNIT_ASSIGNED_CONTEXT ( ( #706, #1216, #3631 ) ) REPRESENTATION_CONTEXT ( 'NONE', 'WORKASPACE' ) );
#2312 = VECTOR ( 'NONE', #4738, 1000.000000000000000 ) ;
#2313 = SURFACE_SIDE_STYLE ('',( #4065 ) ) ;
#2314 = CARTESIAN_POINT ( 'NONE',  ( -5.580000000000000959, 0.2000000000000091982, 2.500000000000004885 ) ) ;
#2315 = ADVANCED_FACE ( 'NONE', ( #1723 ), #410, .F. ) ;
#2316 = ORIENTED_EDGE ( 'NONE', *, *, #1044, .T. ) ;
#2317 = PRESENTATION_STYLE_ASSIGNMENT (( #1716 ) ) ;
#2318 = VECTOR ( 'NONE', #645, 1000.000000000000000 ) ;
#2319 = DIRECTION ( 'NONE',  ( 0.000000000000000000, 0.000000000000000000, 1.000000000000000000 ) ) ;
#2320 =( LENGTH_UNIT ( ) NAMED_UNIT ( * ) SI_UNIT ( .MILLI., .METRE. ) );
#2321 = PRESENTATION_LAYER_ASSIGNMENT (  '', '', ( #3872 ) ) ;
#2322 = CARTESIAN_POINT ( 'NONE',  ( -5.580000000000000959, 0.2000000000000091982, -2.300000000000000711 ) ) ;
#2323 = CARTESIAN_POINT ( 'NONE',  ( -5.580000000000000959, 0.2000000000000078937, 2.700000000000005063 ) ) ;
#2324 = ORIENTED_EDGE ( 'NONE', *, *, #2450, .T. ) ;
#2325 = ADVANCED_FACE ( 'NONE', ( #3603, #1673, #1587 ), #2924, .F. ) ;
#2326 = CARTESIAN_POINT ( 'NONE',  ( -5.580000000000000959, 5.700000000000000178, -4.950000000000000178 ) ) ;
#2327 = ORIENTED_EDGE ( 'NONE', *, *, #2238, .F. ) ;
#2328 = FACE_OUTER_BOUND ( 'NONE', #3818, .T. ) ;
#2329 = STYLED_ITEM ( 'NONE', ( #1150 ), #5406 ) ;
#2330 = ORIENTED_EDGE ( 'NONE', *, *, #3505, .F. ) ;
#2331 = PLANE ( 'NONE',  #3138 ) ;
#2332 = ORIENTED_EDGE ( 'NONE', *, *, #2640, .T. ) ;
#2333 = CARTESIAN_POINT ( 'NONE',  ( 0.9700000000000011946, 0.6999999999999999556, -3.710000000000000409 ) ) ;
#2334 = VERTEX_POINT ( 'NONE', #17 ) ;
#2335 = VECTOR ( 'NONE', #4757, 1000.000000000000000 ) ;
#2336 = LINE ( 'NONE', #1479, #272 ) ;
#2337 = CARTESIAN_POINT ( 'NONE',  ( 0.6200000000000016609, 1.272468158199071553, -1.800000000000000044 ) ) ;
#2338 = DIRECTION ( 'NONE',  ( 0.000000000000000000, 0.000000000000000000, 1.000000000000000000 ) ) ;
#2339 = CARTESIAN_POINT ( 'NONE',  ( 5.380000000000000782, 2.600000000000000533, 0.7999999999999999334 ) ) ;
#2340 = EDGE_LOOP ( 'NONE', ( #398, #1650, #1525, #5645 ) ) ;
#2341 = VERTEX_POINT ( 'NONE', #4002 ) ;
#2342 = ORIENTED_EDGE ( 'NONE', *, *, #1247, .F. ) ;
#2343 = DIRECTION ( 'NONE',  ( 0.000000000000000000, -0.000000000000000000, 1.000000000000000000 ) ) ;
#2344 = VECTOR ( 'NONE', #4363, 1000.000000000000000 ) ;
#2345 = VECTOR ( 'NONE', #3383, 1000.000000000000000 ) ;
#2346 = DIRECTION ( 'NONE',  ( -1.000000000000000000, 0.000000000000000000, -1.445602896647340692E-15 ) ) ;
#2347 = VERTEX_POINT ( 'NONE', #5870 ) ;
#2348 = LINE ( 'NONE', #6012, #2358 ) ;
#2349 = PRESENTATION_LAYER_ASSIGNMENT (  '', '', ( #4098 ) ) ;
#2350 = PLANE ( 'NONE',  #4881 ) ;
#2351 = EDGE_CURVE ( 'NONE', #5708, #4665, #3753, .T. ) ;
#2352 = PLANE ( 'NONE',  #3914 ) ;
#2353 = PRESENTATION_STYLE_ASSIGNMENT (( #5847 ) ) ;
#2354 = VERTEX_POINT ( 'NONE', #1581 ) ;
#2355 = ORIENTED_EDGE ( 'NONE', *, *, #5525, .F. ) ;
#2356 = EDGE_LOOP ( 'NONE', ( #3276, #2590, #2665, #5088 ) ) ;
#2357 = ORIENTED_EDGE ( 'NONE', *, *, #2602, .F. ) ;
#2358 = VECTOR ( 'NONE', #561, 1000.000000000000000 ) ;
#2359 = DIRECTION ( 'NONE',  ( 0.000000000000000000, -1.000000000000000000, 0.000000000000000000 ) ) ;
#2360 = PRESENTATION_LAYER_ASSIGNMENT (  '', '', ( #3836 ) ) ;
#2361 = CARTESIAN_POINT ( 'NONE',  ( 7.620000000000000107, -3.900000000000000355, 0.000000000000000000 ) ) ;
#2362 = MECHANICAL_DESIGN_GEOMETRIC_PRESENTATION_REPRESENTATION (  '', ( #3574 ), #6051 ) ;
#2363 = VERTEX_POINT ( 'NONE', #1631 ) ;
#2364 =( NAMED_UNIT ( * ) PLANE_ANGLE_UNIT ( ) SI_UNIT ( $, .RADIAN. ) );
#2365 = EDGE_LOOP ( 'NONE', ( #4247, #1467, #2603, #1168 ) ) ;
#2366 = CARTESIAN_POINT ( 'NONE',  ( 0.9700000000000011946, 0.6999999999999999556, 3.710000000000000409 ) ) ;
#2367 = EDGE_CURVE ( 'NONE', #2548, #1551, #5649, .T. ) ;
#2368 = ADVANCED_FACE ( 'NONE', ( #5714 ), #4447, .F. ) ;
#2369 = EDGE_LOOP ( 'NONE', ( #3186, #5266, #5312, #1001, #4721, #3458 ) ) ;
#2370 = DIRECTION ( 'NONE',  ( -0.000000000000000000, 1.000000000000000000, -0.000000000000000000 ) ) ;
#2371 = MECHANICAL_DESIGN_GEOMETRIC_PRESENTATION_REPRESENTATION (  '', ( #4902 ), #5281 ) ;
#2372 = STYLED_ITEM ( 'NONE', ( #5855 ), #5896 ) ;
#2373 = DIRECTION ( 'NONE',  ( -1.000000000000000000, 0.000000000000000000, -0.000000000000000000 ) ) ;
#2374 = PRESENTATION_STYLE_ASSIGNMENT (( #4924 ) ) ;
#2375 = ORIENTED_EDGE ( 'NONE', *, *, #2964, .T. ) ;
#2376 = ORIENTED_EDGE ( 'NONE', *, *, #2309, .F. ) ;
#2377 =( LENGTH_UNIT ( ) NAMED_UNIT ( * ) SI_UNIT ( .MILLI., .METRE. ) );
#2378 = ORIENTED_EDGE ( 'NONE', *, *, #5265, .F. ) ;
#2379 = DIRECTION ( 'NONE',  ( 1.000000000000000000, 0.000000000000000000, 0.000000000000000000 ) ) ;
#2380 = VECTOR ( 'NONE', #4837, 1000.000000000000000 ) ;
#2381 = FACE_OUTER_BOUND ( 'NONE', #3203, .T. ) ;
#2382 = CARTESIAN_POINT ( 'NONE',  ( -1.919999999999998597, 5.200000000000000178, 0.1999999999999998723 ) ) ;
#2383 = CARTESIAN_POINT ( 'NONE',  ( -0.9699999999999986411, 0.6999999999999999556, -3.710000000000000409 ) ) ;
#2384 =( LENGTH_UNIT ( ) NAMED_UNIT ( * ) SI_UNIT ( .MILLI., .METRE. ) );
#2385 = ORIENTED_EDGE ( 'NONE', *, *, #9, .T. ) ;
#2386 = EDGE_CURVE ( 'NONE', #1388, #5617, #3580, .T. ) ;
#2387 =( GEOMETRIC_REPRESENTATION_CONTEXT ( 3 ) GLOBAL_UNCERTAINTY_ASSIGNED_CONTEXT ( ( #5561 ) ) GLOBAL_UNIT_ASSIGNED_CONTEXT ( ( #741, #5397, #5058 ) ) REPRESENTATION_CONTEXT ( 'NONE', 'WORKASPACE' ) );
#2388 =( LENGTH_UNIT ( ) NAMED_UNIT ( * ) SI_UNIT ( .MILLI., .METRE. ) );
#2389 = EDGE_CURVE ( 'NONE', #4, #448, #3932, .T. ) ;
#2390 = VERTEX_POINT ( 'NONE', #1095 ) ;
#2391 = ORIENTED_EDGE ( 'NONE', *, *, #2249, .F. ) ;
#2392 = MECHANICAL_DESIGN_GEOMETRIC_PRESENTATION_REPRESENTATION (  '', ( #153 ), #3530 ) ;
#2393 = VECTOR ( 'NONE', #3532, 1000.000000000000000 ) ;
#2394 = DIRECTION ( 'NONE',  ( 1.000000000000000000, -0.000000000000000000, -0.000000000000000000 ) ) ;
#2395 = DIRECTION ( 'NONE',  ( -1.000000000000000000, 0.000000000000000000, -1.445602896647340692E-15 ) ) ;
#2396 = EDGE_LOOP ( 'NONE', ( #5624, #3878, #3717, #5081 ) ) ;
#2397 = LINE ( 'NONE', #3752, #2205 ) ;
#2398 =( NAMED_UNIT ( * ) PLANE_ANGLE_UNIT ( ) SI_UNIT ( $, .RADIAN. ) );
#2399 = ORIENTED_EDGE ( 'NONE', *, *, #83, .T. ) ;
#2400 = VECTOR ( 'NONE', #997, 1000.000000000000000 ) ;
#2401 = AXIS2_PLACEMENT_3D ( 'NONE', #5799, #2939, #5934 ) ;
#2402 = VERTEX_POINT ( 'NONE', #4365 ) ;
#2403 = LINE ( 'NONE', #3290, #2432 ) ;
#2404 = DIRECTION ( 'NONE',  ( 1.000000000000000000, 0.000000000000000000, 0.000000000000000000 ) ) ;
#2405 = DIRECTION ( 'NONE',  ( 0.000000000000000000, -0.000000000000000000, 1.000000000000000000 ) ) ;
#2406 = FILL_AREA_STYLE ('',( #4249 ) ) ;
#2407 = AXIS2_PLACEMENT_3D ( 'NONE', #2170, #2209, #1122 ) ;
#2408 =( NAMED_UNIT ( * ) SI_UNIT ( $, .STERADIAN. ) SOLID_ANGLE_UNIT ( ) );
#2409 = ORIENTED_EDGE ( 'NONE', *, *, #5914, .F. ) ;
#2410 = CARTESIAN_POINT ( 'NONE',  ( 1.920000000000001483, 5.200000000000000178, 1.800000000000000044 ) ) ;
#2411 = CARTESIAN_POINT ( 'NONE',  ( 1.570000000000001616, 0.6999999999999999556, 3.710000000000000409 ) ) ;
#2412 = VERTEX_POINT ( 'NONE', #2000 ) ;
#2413 = FACE_OUTER_BOUND ( 'NONE', #2771, .T. ) ;
#2414 = PRESENTATION_STYLE_ASSIGNMENT (( #5631 ) ) ;
#2415 = ORIENTED_EDGE ( 'NONE', *, *, #4712, .F. ) ;
#2416 =( NAMED_UNIT ( * ) PLANE_ANGLE_UNIT ( ) SI_UNIT ( $, .RADIAN. ) );
#2417 = CARTESIAN_POINT ( 'NONE',  ( 5.380000000000000782, 4.000000000000001776, 2.199999999999997069 ) ) ;
#2418 = DIRECTION ( 'NONE',  ( -0.2873478855663427756, 0.9578262852211522071, -4.153909357201937291E-16 ) ) ;
#2419 = PRESENTATION_LAYER_ASSIGNMENT (  '', '', ( #4939 ) ) ;
#2420 = ORIENTED_EDGE ( 'NONE', *, *, #4057, .T. ) ;
#2421 =( NAMED_UNIT ( * ) PLANE_ANGLE_UNIT ( ) SI_UNIT ( $, .RADIAN. ) );
#2422 = ORIENTED_EDGE ( 'NONE', *, *, #3444, .T. ) ;
#2424 = EDGE_CURVE ( 'NONE', #5696, #3456, #1769, .T. ) ;
#2423 = SURFACE_STYLE_FILL_AREA ( #5472 ) ;
#2425 = FACE_OUTER_BOUND ( 'NONE', #665, .T. ) ;
#2426 = LINE ( 'NONE', #1058, #4446 ) ;
#2427 = SURFACE_SIDE_STYLE ('',( #1084 ) ) ;
#2428 = DIRECTION ( 'NONE',  ( 1.000000000000000000, 0.000000000000000000, -0.000000000000000000 ) ) ;
#2429 =( LENGTH_UNIT ( ) NAMED_UNIT ( * ) SI_UNIT ( .MILLI., .METRE. ) );
#2430 = DIRECTION ( 'NONE',  ( 4.336808689942016158E-15, 0.000000000000000000, -1.000000000000000000 ) ) ;
#2431 = ORIENTED_EDGE ( 'NONE', *, *, #2912, .F. ) ;
#2432 = VECTOR ( 'NONE', #5574, 1000.000000000000000 ) ;
#2433 = UNCERTAINTY_MEASURE_WITH_UNIT (LENGTH_MEASURE( 1.000000000000000082E-05 ), #4527, 'distance_accuracy_value', 'NONE');
#2434 = CARTESIAN_POINT ( 'NONE',  ( -5.580000000000000959, 0.2000000000000091982, 2.300000000000004263 ) ) ;
#2435 = VERTEX_POINT ( 'NONE', #1451 ) ;
#2436 = VERTEX_POINT ( 'NONE', #4458 ) ;
#2437 = STYLED_ITEM ( 'NONE', ( #149 ), #4649 ) ;
#2438 = EDGE_CURVE ( 'NONE', #1115, #4622, #3904, .T. ) ;
#2439 = CARTESIAN_POINT ( 'NONE',  ( 7.620000000000000107, -3.900000000000000355, 0.000000000000000000 ) ) ;
#2440 = ORIENTED_EDGE ( 'NONE', *, *, #808, .F. ) ;
#2441 = UNCERTAINTY_MEASURE_WITH_UNIT (LENGTH_MEASURE( 1.000000000000000082E-05 ), #4357, 'distance_accuracy_value', 'NONE');
#2442 = VECTOR ( 'NONE', #5804, 1000.000000000000000 ) ;
#2443 = CARTESIAN_POINT ( 'NONE',  ( 3.960000000000000853, -3.900000000000000799, -3.710000000000000409 ) ) ;
#2444 = SURFACE_SIDE_STYLE ('',( #3765 ) ) ;
#2445 = VECTOR ( 'NONE', #2081, 1000.000000000000000 ) ;
#2446 = MECHANICAL_DESIGN_GEOMETRIC_PRESENTATION_REPRESENTATION (  '', ( #2227 ), #1103 ) ;
#2447 = LINE ( 'NONE', #3673, #2715 ) ;
#2448 =( LENGTH_UNIT ( ) NAMED_UNIT ( * ) SI_UNIT ( .MILLI., .METRE. ) );
#2449 = CARTESIAN_POINT ( 'NONE',  ( -0.9699999999999986411, -3.399999999999995026, 3.909999999999999254 ) ) ;
#2450 = EDGE_CURVE ( 'NONE', #724, #5529, #1857, .T. ) ;
#2451 = DIRECTION ( 'NONE',  ( -0.000000000000000000, 1.000000000000000000, -0.000000000000000000 ) ) ;
#2452 = VERTEX_POINT ( 'NONE', #3477 ) ;
#2453 = CARTESIAN_POINT ( 'NONE',  ( 4.460000000000000853, 5.200000000000000178, 1.800000000000000044 ) ) ;
#2454 = ORIENTED_EDGE ( 'NONE', *, *, #3926, .T. ) ;
#2455 = DIRECTION ( 'NONE',  ( -0.000000000000000000, 1.000000000000000000, -0.000000000000000000 ) ) ;
#2456 = EDGE_LOOP ( 'NONE', ( #1278, #1755, #3840, #3759 ) ) ;
#2457 = LINE ( 'NONE', #51, #2601 ) ;
#2458 = MANIFOLD_SOLID_BREP ( 'LPattern2[1]', #3641 ) ;
#2459 = AXIS2_PLACEMENT_3D ( 'NONE', #5465, #5940, #2049 ) ;
#2460 = EDGE_CURVE ( 'NONE', #1566, #439, #1756, .T. ) ;
#2461 = STYLED_ITEM ( 'NONE', ( #1994 ), #6087 ) ;
#2462 = VERTEX_POINT ( 'NONE', #3355 ) ;
#2463 = FILL_AREA_STYLE_COLOUR ( '', #2260 ) ;
#2464 =( LENGTH_UNIT ( ) NAMED_UNIT ( * ) SI_UNIT ( .MILLI., .METRE. ) );
#2465 = CARTESIAN_POINT ( 'NONE',  ( -3.159999999999998810, 5.200000000000000178, 1.800000000000000044 ) ) ;
#2466 = EDGE_LOOP ( 'NONE', ( #5291, #2292, #4358, #1170 ) ) ;
#2467 = EDGE_CURVE ( 'NONE', #1202, #4036, #6008, .T. ) ;
#2468 = ORIENTED_EDGE ( 'NONE', *, *, #5282, .F. ) ;
#2469 =( LENGTH_UNIT ( ) NAMED_UNIT ( * ) SI_UNIT ( .MILLI., .METRE. ) );
#2470 = PLANE ( 'NONE',  #5300 ) ;
#2471 = CARTESIAN_POINT ( 'NONE',  ( -5.580000000000000959, 0.4000000000000001887, 4.950000000000006395 ) ) ;
#2472 =( GEOMETRIC_REPRESENTATION_CONTEXT ( 3 ) GLOBAL_UNCERTAINTY_ASSIGNED_CONTEXT ( ( #3378 ) ) GLOBAL_UNIT_ASSIGNED_CONTEXT ( ( #6156, #5191, #5736 ) ) REPRESENTATION_CONTEXT ( 'NONE', 'WORKASPACE' ) );
#2473 = DIRECTION ( 'NONE',  ( 1.000000000000000000, 0.000000000000000000, 0.000000000000000000 ) ) ;
#2474 = ORIENTED_EDGE ( 'NONE', *, *, #4952, .F. ) ;
#2475 = SURFACE_STYLE_FILL_AREA ( #5338 ) ;
#2476 = EDGE_CURVE ( 'NONE', #527, #2585, #1922, .T. ) ;
#2477 = MECHANICAL_DESIGN_GEOMETRIC_PRESENTATION_REPRESENTATION (  '', ( #2920 ), #1047 ) ;
#2478 = LINE ( 'NONE', #318, #2489 ) ;
#2479 = CARTESIAN_POINT ( 'NONE',  ( 0.6200000000000016609, 10.26155281280883003, 0.1999999999999998723 ) ) ;
#2480 = ORIENTED_EDGE ( 'NONE', *, *, #1176, .F. ) ;
#2481 = CLOSED_SHELL ( 'NONE', ( #697, #4212, #1482, #5618, #2229, #5994, #288, #1808 ) ) ;
#2482 = LINE ( 'NONE', #436, #462 ) ;
#2483 = PLANE ( 'NONE',  #3927 ) ;
#2484 = AXIS2_PLACEMENT_3D ( 'NONE', #2624, #3183, #627 ) ;
#2485 = CARTESIAN_POINT ( 'NONE',  ( -0.9699999999999986411, -8.432455532033678480, -3.710000000000000409 ) ) ;
#2486 = CLOSED_SHELL ( 'NONE', ( #3128, #4132, #2887, #3145, #1328, #6087, #3594, #4904 ) ) ;
#2487 = CARTESIAN_POINT ( 'NONE',  ( -1.419999999999998153, -3.900000000000000799, -3.910000000000000142 ) ) ;
#2488 = CARTESIAN_POINT ( 'NONE',  ( -5.080000000000000959, 0.4000000000000019096, -4.450000000000001066 ) ) ;
#2489 = VECTOR ( 'NONE', #3608, 1000.000000000000000 ) ;
#2490 =( NAMED_UNIT ( * ) SI_UNIT ( $, .STERADIAN. ) SOLID_ANGLE_UNIT ( ) );
#2491 = ORIENTED_EDGE ( 'NONE', *, *, #234, .F. ) ;
#2492 = ORIENTED_EDGE ( 'NONE', *, *, #4183, .F. ) ;
#2493 = ORIENTED_EDGE ( 'NONE', *, *, #1099, .F. ) ;
#2494 = LINE ( 'NONE', #3067, #407 ) ;
#2495 = LINE ( 'NONE', #3960, #2638 ) ;
#2496 = ORIENTED_EDGE ( 'NONE', *, *, #1643, .F. ) ;
#2497 = VECTOR ( 'NONE', #4293, 1000.000000000000000 ) ;
#2498 = CARTESIAN_POINT ( 'NONE',  ( 5.580000000000000959, 2.600000000000000533, 2.199999999999999734 ) ) ;
#2499 = SURFACE_SIDE_STYLE ('',( #1238 ) ) ;
#2500 =( NAMED_UNIT ( * ) PLANE_ANGLE_UNIT ( ) SI_UNIT ( $, .RADIAN. ) );
#2501 = ORIENTED_EDGE ( 'NONE', *, *, #428, .F. ) ;
#2502 = SURFACE_SIDE_STYLE ('',( #6034 ) ) ;
#2503 = ORIENTED_EDGE ( 'NONE', *, *, #2832, .F. ) ;
#2504 = DIRECTION ( 'NONE',  ( 0.000000000000000000, 0.000000000000000000, -1.000000000000000000 ) ) ;
#2505 =( NAMED_UNIT ( * ) PLANE_ANGLE_UNIT ( ) SI_UNIT ( $, .RADIAN. ) );
#2506 = ORIENTED_EDGE ( 'NONE', *, *, #370, .T. ) ;
#2507 = AXIS2_PLACEMENT_3D ( 'NONE', #5178, #4559, #5140 ) ;
#2508 = SURFACE_SIDE_STYLE ('',( #2240 ) ) ;
#2509 = PRESENTATION_LAYER_ASSIGNMENT (  '', '', ( #5011 ) ) ;
#2510 = CARTESIAN_POINT ( 'NONE',  ( 4.110000000000001208, 0.6999999999999999556, 3.909999999999999254 ) ) ;
#2511 = DIRECTION ( 'NONE',  ( -0.000000000000000000, 1.000000000000000000, 0.000000000000000000 ) ) ;
#2512 = COLOUR_RGB ( '',1.000000000000000000, 0.8117647058823529438, 0.5019607843137254832 ) ;
#2513 = EDGE_LOOP ( 'NONE', ( #5973, #5985, #5945, #3825 ) ) ;
#2514 = EDGE_LOOP ( 'NONE', ( #2677, #2539, #2797, #4599 ) ) ;
#2515 =( NAMED_UNIT ( * ) SI_UNIT ( $, .STERADIAN. ) SOLID_ANGLE_UNIT ( ) );
#2516 = VECTOR ( 'NONE', #1553, 1000.000000000000000 ) ;
#2517 = PLANE ( 'NONE',  #4254 ) ;
#2518 = DIRECTION ( 'NONE',  ( 0.2873478855663433862, 0.9578262852211519851, -2.076954678600969878E-16 ) ) ;
#2519 = FILL_AREA_STYLE_COLOUR ( '', #967 ) ;
#2520 = FILL_AREA_STYLE_COLOUR ( '', #5869 ) ;
#2521 = EDGE_LOOP ( 'NONE', ( #1599, #1191, #2496, #3063 ) ) ;
#2522 = AXIS2_PLACEMENT_3D ( 'NONE', #5894, #4096, #1200 ) ;
#2523 = EDGE_CURVE ( 'NONE', #3312, #963, #3815, .T. ) ;
#2524 = LINE ( 'NONE', #571, #4530 ) ;
#2525 = VERTEX_POINT ( 'NONE', #4323 ) ;
#2526 = ORIENTED_EDGE ( 'NONE', *, *, #5367, .T. ) ;
#2527 = CARTESIAN_POINT ( 'NONE',  ( -3.159999999999998810, 1.272468158199071553, -1.800000000000000044 ) ) ;
#2528 = SURFACE_STYLE_USAGE ( .BOTH. , #1722 ) ;
#2529 = EDGE_CURVE ( 'NONE', #384, #3672, #1818, .T. ) ;
#2530 = ORIENTED_EDGE ( 'NONE', *, *, #5594, .T. ) ;
#2531 = VECTOR ( 'NONE', #245, 1000.000000000000000 ) ;
#2532 = DIRECTION ( 'NONE',  ( 0.000000000000000000, -1.000000000000000000, 0.000000000000000000 ) ) ;
#2533 =( NAMED_UNIT ( * ) SI_UNIT ( $, .STERADIAN. ) SOLID_ANGLE_UNIT ( ) );
#2534 = ADVANCED_FACE ( 'NONE', ( #5946 ), #1733, .T. ) ;
#2535 = DIRECTION ( 'NONE',  ( 0.000000000000000000, 1.000000000000000000, 0.000000000000000000 ) ) ;
#2536 = AXIS2_PLACEMENT_3D ( 'NONE', #2971, #2897, #1968 ) ;
#2537 =( NAMED_UNIT ( * ) PLANE_ANGLE_UNIT ( ) SI_UNIT ( $, .RADIAN. ) );
#2538 = VERTEX_POINT ( 'NONE', #5789 ) ;
#2539 = ORIENTED_EDGE ( 'NONE', *, *, #5216, .T. ) ;
#2540 = VECTOR ( 'NONE', #2903, 1000.000000000000000 ) ;
#2541 = VECTOR ( 'NONE', #1252, 1000.000000000000000 ) ;
#2542 = EDGE_CURVE ( 'NONE', #3522, #3654, #1871, .T. ) ;
#2543 = DIRECTION ( 'NONE',  ( 0.000000000000000000, 0.000000000000000000, 1.000000000000000000 ) ) ;
#2544 = DIRECTION ( 'NONE',  ( 0.000000000000000000, 0.000000000000000000, -1.000000000000000000 ) ) ;
#2545 = EDGE_CURVE ( 'NONE', #4675, #5547, #3942, .T. ) ;
#2546 = ORIENTED_EDGE ( 'NONE', *, *, #4369, .T. ) ;
#2547 = DIRECTION ( 'NONE',  ( -0.000000000000000000, 1.000000000000000000, -0.000000000000000000 ) ) ;
#2548 = VERTEX_POINT ( 'NONE', #3861 ) ;
#2549 = FILL_AREA_STYLE ('',( #1186 ) ) ;
#2550 = ORIENTED_EDGE ( 'NONE', *, *, #3148, .F. ) ;
#2551 =( LENGTH_UNIT ( ) NAMED_UNIT ( * ) SI_UNIT ( .MILLI., .METRE. ) );
#2552 =( GEOMETRIC_REPRESENTATION_CONTEXT ( 3 ) GLOBAL_UNCERTAINTY_ASSIGNED_CONTEXT ( ( #4585 ) ) GLOBAL_UNIT_ASSIGNED_CONTEXT ( ( #1242, #109, #4892 ) ) REPRESENTATION_CONTEXT ( 'NONE', 'WORKASPACE' ) );
#2553 = LINE ( 'NONE', #5050, #4718 ) ;
#2554 = ORIENTED_EDGE ( 'NONE', *, *, #22, .F. ) ;
#2555 = CARTESIAN_POINT ( 'NONE',  ( 1.420000000000001039, -3.900000000000000799, -3.710000000000000409 ) ) ;
#2556 = DIRECTION ( 'NONE',  ( -0.000000000000000000, 1.858632295689434031E-15, 1.000000000000000000 ) ) ;
#2557 = DIRECTION ( 'NONE',  ( -0.000000000000000000, 1.000000000000000000, -0.000000000000000000 ) ) ;
#2558 = EDGE_LOOP ( 'NONE', ( #5684, #5673, #5771, #2587, #304, #1544 ) ) ;
#2559 = ORIENTED_EDGE ( 'NONE', *, *, #3561, .F. ) ;
#2560 = DIRECTION ( 'NONE',  ( -0.000000000000000000, 1.000000000000000000, -0.000000000000000000 ) ) ;
#2561 = EDGE_CURVE ( 'NONE', #815, #564, #4004, .T. ) ;
#2562 = LINE ( 'NONE', #2339, #4678 ) ;
#2563 = PRESENTATION_LAYER_ASSIGNMENT (  '', '', ( #5937 ) ) ;
#2564 = CARTESIAN_POINT ( 'NONE',  ( 3.960000000000000853, -3.900000000000000355, 0.000000000000000000 ) ) ;
#2565 = FILL_AREA_STYLE ('',( #4784 ) ) ;
#2566 = CARTESIAN_POINT ( 'NONE',  ( -3.159999999999998810, 6.950000000000001066, 0.1999999999999998723 ) ) ;
#2567 = DIRECTION ( 'NONE',  ( -1.445602896647340692E-15, 0.000000000000000000, 1.000000000000000000 ) ) ;
#2568 = ORIENTED_EDGE ( 'NONE', *, *, #4290, .T. ) ;
#2569 =( GEOMETRIC_REPRESENTATION_CONTEXT ( 3 ) GLOBAL_UNCERTAINTY_ASSIGNED_CONTEXT ( ( #2685 ) ) GLOBAL_UNIT_ASSIGNED_CONTEXT ( ( #6004, #4146, #786 ) ) REPRESENTATION_CONTEXT ( 'NONE', 'WORKASPACE' ) );
#2570 = FILL_AREA_STYLE_COLOUR ( '', #4279 ) ;
#2571 = FACE_OUTER_BOUND ( 'NONE', #618, .T. ) ;
#2572 = ORIENTED_EDGE ( 'NONE', *, *, #1492, .T. ) ;
#2573 = ORIENTED_EDGE ( 'NONE', *, *, #1415, .T. ) ;
#2574 = VERTEX_POINT ( 'NONE', #2037 ) ;
#2575 = CARTESIAN_POINT ( 'NONE',  ( 5.380000000000000782, 4.000000000000000000, 0.7999999999999974909 ) ) ;
#2576 = VECTOR ( 'NONE', #1672, 1000.000000000000000 ) ;
#2577 = FILL_AREA_STYLE ('',( #5475 ) ) ;
#2578 = ORIENTED_EDGE ( 'NONE', *, *, #5346, .F. ) ;
#2579 = SURFACE_STYLE_FILL_AREA ( #2565 ) ;
#2580 = CARTESIAN_POINT ( 'NONE',  ( -3.959999999999999076, -3.900000000000000799, 3.910000000000000142 ) ) ;
#2581 = SURFACE_STYLE_USAGE ( .BOTH. , #2101 ) ;
#2582 = ADVANCED_FACE ( 'NONE', ( #1927 ), #1012, .F. ) ;
#2583 = DIRECTION ( 'NONE',  ( 0.000000000000000000, -0.000000000000000000, 1.000000000000000000 ) ) ;
#2584 = SURFACE_STYLE_FILL_AREA ( #4017 ) ;
#2585 = VERTEX_POINT ( 'NONE', #3940 ) ;
#2586 = ORIENTED_EDGE ( 'NONE', *, *, #2705, .F. ) ;
#2587 = ORIENTED_EDGE ( 'NONE', *, *, #3976, .T. ) ;
#2588 = LINE ( 'NONE', #5511, #504 ) ;
#2589 = COLOUR_RGB ( '',1.000000000000000000, 0.8117647058823529438, 0.5019607843137254832 ) ;
#2590 = ORIENTED_EDGE ( 'NONE', *, *, #5298, .T. ) ;
#2591 = VECTOR ( 'NONE', #5440, 1000.000000000000000 ) ;
#2592 = CARTESIAN_POINT ( 'NONE',  ( -5.580000000000000959, 0.2000000000000091982, 2.500000000000004885 ) ) ;
#2593 = ADVANCED_FACE ( 'NONE', ( #1800 ), #4285, .F. ) ;
#2594 = FILL_AREA_STYLE ('',( #130 ) ) ;
#2595 = VERTEX_POINT ( 'NONE', #568 ) ;
#2596 = CARTESIAN_POINT ( 'NONE',  ( -5.580000000000000959, 4.000000000000000000, -0.7999999999999999334 ) ) ;
#2597 = ORIENTED_EDGE ( 'NONE', *, *, #5854, .F. ) ;
#2598 = CARTESIAN_POINT ( 'NONE',  ( -4.459999999999999076, 10.26155281280883003, 0.1999999999999998723 ) ) ;
#2599 = DIRECTION ( 'NONE',  ( 0.000000000000000000, -1.000000000000000000, 0.000000000000000000 ) ) ;
#2600 = PRESENTATION_LAYER_ASSIGNMENT (  '', '', ( #3647 ) ) ;
#2601 = VECTOR ( 'NONE', #2395, 1000.000000000000000 ) ;
#2602 = EDGE_CURVE ( 'NONE', #4383, #4475, #3997, .T. ) ;
#2603 = ORIENTED_EDGE ( 'NONE', *, *, #4673, .F. ) ;
#2604 = FACE_OUTER_BOUND ( 'NONE', #2365, .T. ) ;
#2605 = PLANE ( 'NONE',  #5730 ) ;
#2606 = DIRECTION ( 'NONE',  ( 1.000000000000000000, 0.000000000000000000, 0.000000000000000000 ) ) ;
#2607 = VERTEX_POINT ( 'NONE', #2510 ) ;
#2608 = ORIENTED_EDGE ( 'NONE', *, *, #1983, .F. ) ;
#2609 = CARTESIAN_POINT ( 'NONE',  ( -3.659999999999999254, -3.900000000000000355, 0.000000000000000000 ) ) ;
#2610 = DIRECTION ( 'NONE',  ( 4.336808689942016158E-15, -0.000000000000000000, -1.000000000000000000 ) ) ;
#2611 = SURFACE_STYLE_FILL_AREA ( #3180 ) ;
#2612 =( GEOMETRIC_REPRESENTATION_CONTEXT ( 3 ) GLOBAL_UNCERTAINTY_ASSIGNED_CONTEXT ( ( #6114 ) ) GLOBAL_UNIT_ASSIGNED_CONTEXT ( ( #1473, #1872, #3424 ) ) REPRESENTATION_CONTEXT ( 'NONE', 'WORKASPACE' ) );
#2613 = COLOUR_RGB ( '',0.7921568627450980005, 0.8196078431372548767, 0.9333333333333333481 ) ;
#2614 = PLANE ( 'NONE',  #5133 ) ;
#2615 = AXIS2_PLACEMENT_3D ( 'NONE', #5428, #1112, #200 ) ;
#2616 = DIRECTION ( 'NONE',  ( 0.000000000000000000, -0.000000000000000000, -1.000000000000000000 ) ) ;
#2617 = CARTESIAN_POINT ( 'NONE',  ( 0.6200000000000016609, 5.200000000000000178, -1.800000000000000044 ) ) ;
#2618 = SURFACE_SIDE_STYLE ('',( #1941 ) ) ;
#2619 = EDGE_CURVE ( 'NONE', #3906, #3252, #5887, .T. ) ;
#2620 = ORIENTED_EDGE ( 'NONE', *, *, #5508, .F. ) ;
#2621 = PLANE ( 'NONE',  #1117 ) ;
#2622 = EDGE_LOOP ( 'NONE', ( #4236, #2409, #1253, #5115 ) ) ;
#2623 = LINE ( 'NONE', #2710, #478 ) ;
#2624 = CARTESIAN_POINT ( 'NONE',  ( 5.080000000000000071, 5.099999999999999645, 0.000000000000000000 ) ) ;
#2625 = AXIS2_PLACEMENT_3D ( 'NONE', #4053, #521, #5418 ) ;
#2626 = MECHANICAL_DESIGN_GEOMETRIC_PRESENTATION_REPRESENTATION (  '', ( #2031 ), #1668 ) ;
#2627 = VERTEX_POINT ( 'NONE', #2417 ) ;
#2628 = LINE ( 'NONE', #1256, #2591 ) ;
#2629 = SURFACE_SIDE_STYLE ('',( #5516 ) ) ;
#2630 = CARTESIAN_POINT ( 'NONE',  ( -1.569999999999998952, -8.432455532033678480, 3.910000000000000142 ) ) ;
#2631 = CARTESIAN_POINT ( 'NONE',  ( 5.080000000000001847, 0.2000000000000078937, -2.700000000000001510 ) ) ;
#2632 = CARTESIAN_POINT ( 'NONE',  ( 5.580000000000000959, 5.700000000000000178, 4.950000000000000178 ) ) ;
#2633 = FACE_OUTER_BOUND ( 'NONE', #287, .T. ) ;
#2634 = ORIENTED_EDGE ( 'NONE', *, *, #1030, .F. ) ;
#2635 = ORIENTED_EDGE ( 'NONE', *, *, #5445, .F. ) ;
#2636 = EDGE_CURVE ( 'NONE', #1455, #1622, #6060, .T. ) ;
#2637 = COLOUR_RGB ( '',1.000000000000000000, 0.8117647058823529438, 0.5019607843137254832 ) ;
#2638 = VECTOR ( 'NONE', #5135, 1000.000000000000000 ) ;
#2639 = DIRECTION ( 'NONE',  ( -0.000000000000000000, 1.000000000000000000, -0.000000000000000000 ) ) ;
#2640 = EDGE_CURVE ( 'NONE', #1017, #4665, #3961, .T. ) ;
#2641 = CARTESIAN_POINT ( 'NONE',  ( -3.509999999999998899, -3.399999999999995026, -3.909999999999999254 ) ) ;
#2642 = ADVANCED_FACE ( 'NONE', ( #6019 ), #6104, .F. ) ;
#2643 = AXIS2_PLACEMENT_3D ( 'NONE', #3871, #999, #3388 ) ;
#2644 = CARTESIAN_POINT ( 'NONE',  ( -5.380000000000000782, 2.600000000000000533, 2.199999999999999734 ) ) ;
#2645 = ORIENTED_EDGE ( 'NONE', *, *, #5652, .T. ) ;
#2646 = DIRECTION ( 'NONE',  ( 1.000000000000000000, -0.000000000000000000, -0.000000000000000000 ) ) ;
#2647 = VERTEX_POINT ( 'NONE', #262 ) ;
#2648 = PLANE ( 'NONE',  #2892 ) ;
#2649 = ORIENTED_EDGE ( 'NONE', *, *, #5981, .T. ) ;
#2650 = PRESENTATION_STYLE_ASSIGNMENT (( #1774 ) ) ;
#2651 = CARTESIAN_POINT ( 'NONE',  ( 3.510000000000001119, -8.432455532033678480, 3.710000000000000409 ) ) ;
#2652 = ADVANCED_FACE ( 'NONE', ( #1789 ), #6001, .F. ) ;
#2653 = STYLED_ITEM ( 'NONE', ( #3003 ), #1233 ) ;
#2654 = DIRECTION ( 'NONE',  ( 1.000000000000000000, 0.000000000000000000, 0.000000000000000000 ) ) ;
#2655 = ORIENTED_EDGE ( 'NONE', *, *, #1651, .F. ) ;
#2656 = ORIENTED_EDGE ( 'NONE', *, *, #3787, .F. ) ;
#2657 =( LENGTH_UNIT ( ) NAMED_UNIT ( * ) SI_UNIT ( .MILLI., .METRE. ) );
#2658 = DIRECTION ( 'NONE',  ( 0.000000000000000000, 1.000000000000000000, 0.000000000000000000 ) ) ;
#2659 = COLOUR_RGB ( '',0.7921568627450980005, 0.8196078431372548767, 0.9333333333333333481 ) ;
#2660 = PRESENTATION_STYLE_ASSIGNMENT (( #659 ) ) ;
#2661 = DIRECTION ( 'NONE',  ( 0.000000000000000000, -1.703746271048650557E-15, -1.000000000000000000 ) ) ;
#2662 = SURFACE_STYLE_USAGE ( .BOTH. , #2814 ) ;
#2663 = MECHANICAL_DESIGN_GEOMETRIC_PRESENTATION_REPRESENTATION (  '', ( #4660 ), #5153 ) ;
#2664 = CARTESIAN_POINT ( 'NONE',  ( 0.9700000000000020828, -8.432455532033678480, -3.910000000000000142 ) ) ;
#2665 = ORIENTED_EDGE ( 'NONE', *, *, #4456, .F. ) ;
#2666 =( NAMED_UNIT ( * ) SI_UNIT ( $, .STERADIAN. ) SOLID_ANGLE_UNIT ( ) );
#2667 = ORIENTED_EDGE ( 'NONE', *, *, #5854, .T. ) ;
#2668 = ORIENTED_EDGE ( 'NONE', *, *, #4911, .T. ) ;
#2669 = PRESENTATION_STYLE_ASSIGNMENT (( #44 ) ) ;
#2670 =( NAMED_UNIT ( * ) PLANE_ANGLE_UNIT ( ) SI_UNIT ( $, .RADIAN. ) );
#2671 = DIRECTION ( 'NONE',  ( -1.000000000000000000, 0.000000000000000000, 0.000000000000000000 ) ) ;
#2672 = VERTEX_POINT ( 'NONE', #2680 ) ;
#2673 = CARTESIAN_POINT ( 'NONE',  ( 5.580000000000000959, 0.000000000000000000, 4.950000000000000178 ) ) ;
#2674 = FILL_AREA_STYLE ('',( #2753 ) ) ;
#2675 = CARTESIAN_POINT ( 'NONE',  ( -0.9699999999999986411, -3.399999999999995026, 3.909999999999999254 ) ) ;
#2676 = AXIS2_PLACEMENT_3D ( 'NONE', #614, #2045, #3911 ) ;
#2677 = ORIENTED_EDGE ( 'NONE', *, *, #1313, .F. ) ;
#2678 = ORIENTED_EDGE ( 'NONE', *, *, #1588, .F. ) ;
#2679 = COLOUR_RGB ( '',1.000000000000000000, 0.8117647058823529438, 0.5019607843137254832 ) ;
#2680 = CARTESIAN_POINT ( 'NONE',  ( -3.159999999999998810, 5.200000000000000178, -1.800000000000000044 ) ) ;
#2681 = EDGE_LOOP ( 'NONE', ( #4161, #3365, #3226, #2163 ) ) ;
#2682 = SURFACE_STYLE_FILL_AREA ( #5952 ) ;
#2683 = PLANE ( 'NONE',  #32 ) ;
#2684 = AXIS2_PLACEMENT_3D ( 'NONE', #5605, #2719, #6031 ) ;
#2685 = UNCERTAINTY_MEASURE_WITH_UNIT (LENGTH_MEASURE( 1.000000000000000082E-05 ), #6004, 'distance_accuracy_value', 'NONE');
#2686 = CARTESIAN_POINT ( 'NONE',  ( -3.659999999999999254, -3.900000000000000799, -3.710000000000000409 ) ) ;
#2687 = EDGE_CURVE ( 'NONE', #3263, #3744, #2079, .T. ) ;
#2688 = DIRECTION ( 'NONE',  ( -1.000000000000000000, -0.000000000000000000, 0.000000000000000000 ) ) ;
#2689 = ORIENTED_EDGE ( 'NONE', *, *, #1415, .F. ) ;
#2690 = DIRECTION ( 'NONE',  ( 0.2873478855663427756, -0.9578262852211522071, -2.076954678600965687E-16 ) ) ;
#2691 = ORIENTED_EDGE ( 'NONE', *, *, #1176, .T. ) ;
#2692 =( NAMED_UNIT ( * ) PLANE_ANGLE_UNIT ( ) SI_UNIT ( $, .RADIAN. ) );
#2693 =( LENGTH_UNIT ( ) NAMED_UNIT ( * ) SI_UNIT ( .MILLI., .METRE. ) );
#2694 = VECTOR ( 'NONE', #1155, 1000.000000000000000 ) ;
#2695 = UNCERTAINTY_MEASURE_WITH_UNIT (LENGTH_MEASURE( 1.000000000000000082E-05 ), #3289, 'distance_accuracy_value', 'NONE');
#2696 = COLOUR_RGB ( '',0.7921568627450980005, 0.8196078431372548767, 0.9333333333333333481 ) ;
#2697 = AXIS2_PLACEMENT_3D ( 'NONE', #600, #1542, #1655 ) ;
#2698 = ORIENTED_EDGE ( 'NONE', *, *, #3922, .F. ) ;
#2699 = EDGE_CURVE ( 'NONE', #921, #4650, #4118, .T. ) ;
#2700 = DIRECTION ( 'NONE',  ( 0.2873478855663433862, 0.9578262852211519851, -2.076954678600969878E-16 ) ) ;
#2701 = CARTESIAN_POINT ( 'NONE',  ( -1.419999999999999041, -3.900000000000000355, 0.000000000000000000 ) ) ;
#2702 = LINE ( 'NONE', #1446, #5052 ) ;
#2703 = FILL_AREA_STYLE_COLOUR ( '', #2910 ) ;
#2704 = VERTEX_POINT ( 'NONE', #1305 ) ;
#2705 = EDGE_CURVE ( 'NONE', #4872, #1202, #6070, .T. ) ;
#2706 = VECTOR ( 'NONE', #2026, 1000.000000000000000 ) ;
#2707 = CARTESIAN_POINT ( 'NONE',  ( -5.080000000000000959, 0.4000000000000019096, 4.450000000000000178 ) ) ;
#2708 = ADVANCED_FACE ( 'NONE', ( #2110 ), #3098, .T. ) ;
#2709 = CIRCLE ( 'NONE', #4615, 0.2000000000000005107 ) ;
#2710 = CARTESIAN_POINT ( 'NONE',  ( -5.380000000000000782, 4.000000000000000000, -2.199999999999999734 ) ) ;
#2711 =( GEOMETRIC_REPRESENTATION_CONTEXT ( 3 ) GLOBAL_UNCERTAINTY_ASSIGNED_CONTEXT ( ( #5983 ) ) GLOBAL_UNIT_ASSIGNED_CONTEXT ( ( #1976, #2269, #4785 ) ) REPRESENTATION_CONTEXT ( 'NONE', 'WORKASPACE' ) );
#2712 = PRESENTATION_LAYER_ASSIGNMENT (  '', '', ( #2461 ) ) ;
#2713 = ORIENTED_EDGE ( 'NONE', *, *, #234, .T. ) ;
#2714 =( LENGTH_UNIT ( ) NAMED_UNIT ( * ) SI_UNIT ( .MILLI., .METRE. ) );
#2715 = VECTOR ( 'NONE', #4390, 1000.000000000000000 ) ;
#2716 = DIRECTION ( 'NONE',  ( 0.2873478855663433862, 0.9578262852211519851, -4.153909357201939757E-16 ) ) ;
#2717 = VECTOR ( 'NONE', #5480, 1000.000000000000114 ) ;
#2718 = EDGE_CURVE ( 'NONE', #527, #1455, #4048, .T. ) ;
#2719 = DIRECTION ( 'NONE',  ( -1.000000000000000000, 0.000000000000000000, 0.000000000000000000 ) ) ;
#2720 = CARTESIAN_POINT ( 'NONE',  ( 2.540000000000000036, 5.200000000000000178, 0.000000000000000000 ) ) ;
#2721 =( NAMED_UNIT ( * ) PLANE_ANGLE_UNIT ( ) SI_UNIT ( $, .RADIAN. ) );
#2722 =( GEOMETRIC_REPRESENTATION_CONTEXT ( 3 ) GLOBAL_UNCERTAINTY_ASSIGNED_CONTEXT ( ( #621 ) ) GLOBAL_UNIT_ASSIGNED_CONTEXT ( ( #5933, #189, #687 ) ) REPRESENTATION_CONTEXT ( 'NONE', 'WORKASPACE' ) );
#2723 = EDGE_LOOP ( 'NONE', ( #3693, #1706, #2550, #5678 ) ) ;
#2724 = EDGE_CURVE ( 'NONE', #5529, #3121, #6102, .T. ) ;
#2725 = LINE ( 'NONE', #4294, #4898 ) ;
#2726 = LINE ( 'NONE', #2786, #4880 ) ;
#2727 =( GEOMETRIC_REPRESENTATION_CONTEXT ( 3 ) GLOBAL_UNCERTAINTY_ASSIGNED_CONTEXT ( ( #5255 ) ) GLOBAL_UNIT_ASSIGNED_CONTEXT ( ( #2469, #1863, #572 ) ) REPRESENTATION_CONTEXT ( 'NONE', 'WORKASPACE' ) );
#2728 = PLANE ( 'NONE',  #1558 ) ;
#2729 = ORIENTED_EDGE ( 'NONE', *, *, #3297, .F. ) ;
#2730 = FILL_AREA_STYLE ('',( #391 ) ) ;
#2731 = CARTESIAN_POINT ( 'NONE',  ( 1.570000000000001616, -8.432455532033678480, 3.909999999999999254 ) ) ;
#2732 =( NAMED_UNIT ( * ) SI_UNIT ( $, .STERADIAN. ) SOLID_ANGLE_UNIT ( ) );
#2733 =( LENGTH_UNIT ( ) NAMED_UNIT ( * ) SI_UNIT ( .MILLI., .METRE. ) );
#2734 = CARTESIAN_POINT ( 'NONE',  ( -0.9699999999999986411, -3.399999999999995026, 3.909999999999999254 ) ) ;
#2735 = CARTESIAN_POINT ( 'NONE',  ( 5.080000000000000959, 0.6999999999999999556, -4.450000000000001066 ) ) ;
#2736 = MECHANICAL_DESIGN_GEOMETRIC_PRESENTATION_REPRESENTATION (  '', ( #6016 ), #4789 ) ;
#2737 = ORIENTED_EDGE ( 'NONE', *, *, #2989, .F. ) ;
#2738 = CARTESIAN_POINT ( 'NONE',  ( 0.9700000000000011946, -8.432455532033678480, 3.710000000000000409 ) ) ;
#2739 = SURFACE_STYLE_USAGE ( .BOTH. , #188 ) ;
#2740 = CARTESIAN_POINT ( 'NONE',  ( 5.080000000000000071, 5.200000000000000178, 0.000000000000000000 ) ) ;
#2741 = LINE ( 'NONE', #4733, #4918 ) ;
#2742 = DIRECTION ( 'NONE',  ( 0.000000000000000000, 1.000000000000000000, 0.000000000000000000 ) ) ;
#2743 = CARTESIAN_POINT ( 'NONE',  ( -5.580000000000000959, 4.000000000000001776, 2.199999999999997069 ) ) ;
#2744 = CARTESIAN_POINT ( 'NONE',  ( -5.080000000000000959, 0.2000000000000091982, 2.300000000000004263 ) ) ;
#2745 = PRESENTATION_LAYER_ASSIGNMENT (  '', '', ( #794 ) ) ;
#2746 = VECTOR ( 'NONE', #1613, 1000.000000000000000 ) ;
#2747 = LINE ( 'NONE', #4866, #4750 ) ;
#2748 = EDGE_CURVE ( 'NONE', #5666, #3734, #1959, .T. ) ;
#2749 =( NAMED_UNIT ( * ) SI_UNIT ( $, .STERADIAN. ) SOLID_ANGLE_UNIT ( ) );
#2750 = ORIENTED_EDGE ( 'NONE', *, *, #5220, .F. ) ;
#2751 = CARTESIAN_POINT ( 'NONE',  ( 0.9700000000000020828, 0.6999999999999999556, -3.910000000000000142 ) ) ;
#2752 = COLOUR_RGB ( '',1.000000000000000000, 0.8117647058823529438, 0.5019607843137254832 ) ;
#2753 = FILL_AREA_STYLE_COLOUR ( '', #5454 ) ;
#2754 = ADVANCED_FACE ( 'NONE', ( #2034 ), #2728, .T. ) ;
#2755 = DIRECTION ( 'NONE',  ( 1.000000000000000000, -0.000000000000000000, -0.000000000000000000 ) ) ;
#2756 = PRESENTATION_LAYER_ASSIGNMENT (  '', '', ( #1640 ) ) ;
#2757 = UNCERTAINTY_MEASURE_WITH_UNIT (LENGTH_MEASURE( 1.000000000000000082E-05 ), #4162, 'distance_accuracy_value', 'NONE');
#2758 = CARTESIAN_POINT ( 'NONE',  ( 3.510000000000001119, -8.432455532033678480, -3.710000000000000409 ) ) ;
#2759 = EDGE_CURVE ( 'NONE', #551, #5392, #4167, .T. ) ;
#2760 = ORIENTED_EDGE ( 'NONE', *, *, #1400, .F. ) ;
#2761 = PRESENTATION_STYLE_ASSIGNMENT (( #508 ) ) ;
#2762 = FILL_AREA_STYLE_COLOUR ( '', #3309 ) ;
#2763 = FILL_AREA_STYLE_COLOUR ( '', #4499 ) ;
#2764 = SURFACE_STYLE_USAGE ( .BOTH. , #6078 ) ;
#2765 = EDGE_CURVE ( 'NONE', #5724, #4490, #6161, .T. ) ;
#2766 = FILL_AREA_STYLE_COLOUR ( '', #5006 ) ;
#2767 = UNCERTAINTY_MEASURE_WITH_UNIT (LENGTH_MEASURE( 1.000000000000000082E-05 ), #566, 'distance_accuracy_value', 'NONE');
#2768 = CARTESIAN_POINT ( 'NONE',  ( -1.919999999999998597, 5.200000000000000178, -1.800000000000000044 ) ) ;
#2769 = FACE_OUTER_BOUND ( 'NONE', #5741, .T. ) ;
#2770 = AXIS2_PLACEMENT_3D ( 'NONE', #785, #4700, #4216 ) ;
#2771 = EDGE_LOOP ( 'NONE', ( #4193, #4155, #68, #3633, #1114, #1596 ) ) ;
#2772 = CARTESIAN_POINT ( 'NONE',  ( 0.6200000000000016609, 10.26155281280883003, 1.800000000000000044 ) ) ;
#2773 = SURFACE_STYLE_USAGE ( .BOTH. , #2022 ) ;
#2774 = EDGE_CURVE ( 'NONE', #1008, #857, #4037, .T. ) ;
#2775 = EDGE_LOOP ( 'NONE', ( #5409, #2503, #5150, #998 ) ) ;
#2776 = CARTESIAN_POINT ( 'NONE',  ( 5.580000000000000959, 0.4000000000000001887, -4.950000000000002842 ) ) ;
#2777 = SURFACE_STYLE_USAGE ( .BOTH. , #2313 ) ;
#2778 = ORIENTED_EDGE ( 'NONE', *, *, #2460, .T. ) ;
#2779 = VECTOR ( 'NONE', #3540, 1000.000000000000000 ) ;
#2780 = MECHANICAL_DESIGN_GEOMETRIC_PRESENTATION_REPRESENTATION (  '', ( #2237 ), #2711 ) ;
#2781 = EDGE_CURVE ( 'NONE', #4746, #3593, #2028, .T. ) ;
#2782 = FILL_AREA_STYLE ('',( #2279 ) ) ;
#2783 = AXIS2_PLACEMENT_3D ( 'NONE', #5391, #657, #3959 ) ;
#2784 = VECTOR ( 'NONE', #1350, 1000.000000000000000 ) ;
#2785 = EDGE_CURVE ( 'NONE', #1664, #4675, #10, .T. ) ;
#2786 = CARTESIAN_POINT ( 'NONE',  ( -1.919999999999998597, 5.700000000000000178, -1.800000000000000044 ) ) ;
#2787 = ORIENTED_EDGE ( 'NONE', *, *, #4823, .F. ) ;
#2788 =( LENGTH_UNIT ( ) NAMED_UNIT ( * ) SI_UNIT ( .MILLI., .METRE. ) );
#2789 = SURFACE_SIDE_STYLE ('',( #4855 ) ) ;
#2790 = PLANE ( 'NONE',  #2819 ) ;
#2791 = EDGE_CURVE ( 'NONE', #5732, #527, #56, .T. ) ;
#2792 = ADVANCED_FACE ( 'NONE', ( #6128 ), #4371, .F. ) ;
#2793 =( NAMED_UNIT ( * ) SI_UNIT ( $, .STERADIAN. ) SOLID_ANGLE_UNIT ( ) );
#2794 = AXIS2_PLACEMENT_3D ( 'NONE', #2907, #1024, #2873 ) ;
#2795 = VECTOR ( 'NONE', #2226, 1000.000000000000000 ) ;
#2796 = ADVANCED_FACE ( 'NONE', ( #4022 ), #4415, .F. ) ;
#2797 = ORIENTED_EDGE ( 'NONE', *, *, #5044, .F. ) ;
#2798 =( NAMED_UNIT ( * ) SI_UNIT ( $, .STERADIAN. ) SOLID_ANGLE_UNIT ( ) );
#2799 = MECHANICAL_DESIGN_GEOMETRIC_PRESENTATION_REPRESENTATION (  '', ( #4500 ), #4205 ) ;
#2800 = ORIENTED_EDGE ( 'NONE', *, *, #4717, .F. ) ;
#2801 = COLOUR_RGB ( '',1.000000000000000000, 0.8117647058823529438, 0.5019607843137254832 ) ;
#2802 = PLANE ( 'NONE',  #658 ) ;
#2803 = CARTESIAN_POINT ( 'NONE',  ( -5.580000000000000959, 5.700000000000000178, 4.950000000000000178 ) ) ;
#2804 = DIRECTION ( 'NONE',  ( -0.000000000000000000, -1.000000000000000000, -0.000000000000000000 ) ) ;
#2805 = CARTESIAN_POINT ( 'NONE',  ( 4.460000000000000853, 1.272468158199071553, -1.800000000000000044 ) ) ;
#2806 = ORIENTED_EDGE ( 'NONE', *, *, #1680, .T. ) ;
#2807 = EDGE_LOOP ( 'NONE', ( #2620, #5386, #4799, #3342, #3491, #745 ) ) ;
#2808 = LINE ( 'NONE', #4981, #2717 ) ;
#2809 = DIRECTION ( 'NONE',  ( 1.000000000000000000, -0.000000000000000000, 0.000000000000000000 ) ) ;
#2810 = DIRECTION ( 'NONE',  ( 0.2873478855663425535, -0.9578262852211523182, -4.153909357201927924E-16 ) ) ;
#2811 = CARTESIAN_POINT ( 'NONE',  ( 0.6200000000000016609, 6.950000000000000178, 1.800000000000000044 ) ) ;
#2812 = LINE ( 'NONE', #5340, #711 ) ;
#2813 = ORIENTED_EDGE ( 'NONE', *, *, #5431, .T. ) ;
#2814 = SURFACE_SIDE_STYLE ('',( #4992 ) ) ;
#2815 = CARTESIAN_POINT ( 'NONE',  ( 0.000000000000000000, 0.6999999999999999556, 0.000000000000000000 ) ) ;
#2816 = ORIENTED_EDGE ( 'NONE', *, *, #5027, .F. ) ;
#2817 =( NAMED_UNIT ( * ) SI_UNIT ( $, .STERADIAN. ) SOLID_ANGLE_UNIT ( ) );
#2818 = LINE ( 'NONE', #4333, #4867 ) ;
#2819 = AXIS2_PLACEMENT_3D ( 'NONE', #4215, #1411, #4251 ) ;
#2820 = PRESENTATION_LAYER_ASSIGNMENT (  '', '', ( #5640 ) ) ;
#2821 = SURFACE_STYLE_FILL_AREA ( #4023 ) ;
#2822 = ORIENTED_EDGE ( 'NONE', *, *, #5935, .T. ) ;
#2823 = DIRECTION ( 'NONE',  ( -7.228014483236692611E-16, 0.000000000000000000, -1.000000000000000000 ) ) ;
#2824 =( NAMED_UNIT ( * ) PLANE_ANGLE_UNIT ( ) SI_UNIT ( $, .RADIAN. ) );
#2825 = LINE ( 'NONE', #1484, #2706 ) ;
#2826 =( NAMED_UNIT ( * ) PLANE_ANGLE_UNIT ( ) SI_UNIT ( $, .RADIAN. ) );
#2827 = DIRECTION ( 'NONE',  ( -1.000000000000000000, 0.000000000000000000, -7.228014483236692611E-16 ) ) ;
#2828 =( GEOMETRIC_REPRESENTATION_CONTEXT ( 3 ) GLOBAL_UNCERTAINTY_ASSIGNED_CONTEXT ( ( #1136 ) ) GLOBAL_UNIT_ASSIGNED_CONTEXT ( ( #4553, #726, #236 ) ) REPRESENTATION_CONTEXT ( 'NONE', 'WORKASPACE' ) );
#2829 = UNCERTAINTY_MEASURE_WITH_UNIT (LENGTH_MEASURE( 1.000000000000000082E-05 ), #2714, 'distance_accuracy_value', 'NONE');
#2830 = VERTEX_POINT ( 'NONE', #2831 ) ;
#2831 = CARTESIAN_POINT ( 'NONE',  ( -5.080000000000000959, 0.4000000000000019096, 4.450000000000001066 ) ) ;
#2832 = EDGE_CURVE ( 'NONE', #490, #1815, #6146, .T. ) ;
#2833 = LINE ( 'NONE', #663, #739 ) ;
#2834 = FACE_OUTER_BOUND ( 'NONE', #5197, .T. ) ;
#2835 = DIRECTION ( 'NONE',  ( 1.000000000000000000, 0.000000000000000000, 4.336808689942016158E-15 ) ) ;
#2836 = DIRECTION ( 'NONE',  ( -1.000000000000000000, -0.000000000000000000, 7.228014483236692611E-16 ) ) ;
#2837 =( NAMED_UNIT ( * ) PLANE_ANGLE_UNIT ( ) SI_UNIT ( $, .RADIAN. ) );
#2838 = AXIS2_PLACEMENT_3D ( 'NONE', #4242, #4727, #876 ) ;
#2839 = SURFACE_STYLE_USAGE ( .BOTH. , #5211 ) ;
#2840 = DIRECTION ( 'NONE',  ( -1.000000000000000000, 0.000000000000000000, -0.000000000000000000 ) ) ;
#2841 = CARTESIAN_POINT ( 'NONE',  ( 1.420000000000001039, -3.900000000000000355, 0.000000000000000000 ) ) ;
#2842 = FACE_OUTER_BOUND ( 'NONE', #219, .T. ) ;
#2843 = COLOUR_RGB ( '',0.7921568627450980005, 0.8196078431372548767, 0.9333333333333333481 ) ;
#2844 = LINE ( 'NONE', #3042, #2779 ) ;
#2845 = LINE ( 'NONE', #25, #2856 ) ;
#2846 = PLANE ( 'NONE',  #4308 ) ;
#2847 = EDGE_CURVE ( 'NONE', #2436, #1027, #30, .T. ) ;
#2848 =( NAMED_UNIT ( * ) PLANE_ANGLE_UNIT ( ) SI_UNIT ( $, .RADIAN. ) );
#2849 = EDGE_CURVE ( 'NONE', #3181, #5521, #4105, .T. ) ;
#2850 = LINE ( 'NONE', #3953, #4730 ) ;
#2851 = DIRECTION ( 'NONE',  ( 0.000000000000000000, -1.000000000000000000, 0.000000000000000000 ) ) ;
#2852 =( GEOMETRIC_REPRESENTATION_CONTEXT ( 3 ) GLOBAL_UNCERTAINTY_ASSIGNED_CONTEXT ( ( #138 ) ) GLOBAL_UNIT_ASSIGNED_CONTEXT ( ( #484, #5621, #4292 ) ) REPRESENTATION_CONTEXT ( 'NONE', 'WORKASPACE' ) );
#2853 = DIRECTION ( 'NONE',  ( 0.000000000000000000, 0.000000000000000000, -1.000000000000000000 ) ) ;
#2854 = FACE_OUTER_BOUND ( 'NONE', #3443, .T. ) ;
#2855 = DIRECTION ( 'NONE',  ( -7.228014483236692611E-16, 0.000000000000000000, -1.000000000000000000 ) ) ;
#2856 = VECTOR ( 'NONE', #556, 1000.000000000000000 ) ;
#2857 = VECTOR ( 'NONE', #4927, 1000.000000000000000 ) ;
#2858 = VERTEX_POINT ( 'NONE', #1055 ) ;
#2859 = DIRECTION ( 'NONE',  ( 0.000000000000000000, -0.000000000000000000, -1.000000000000000000 ) ) ;
#2860 = DIRECTION ( 'NONE',  ( 0.000000000000000000, 0.000000000000000000, 1.000000000000000000 ) ) ;
#2861 = PRESENTATION_LAYER_ASSIGNMENT (  '', '', ( #4418 ) ) ;
#2862 = SURFACE_SIDE_STYLE ('',( #3113 ) ) ;
#2863 = FILL_AREA_STYLE_COLOUR ( '', #5653 ) ;
#2864 = CARTESIAN_POINT ( 'NONE',  ( 3.510000000000001119, -3.900000000000000799, 3.710000000000000409 ) ) ;
#2865 = MANIFOLD_SOLID_BREP ( 'LPattern3[1]', #3450 ) ;
#2866 =( GEOMETRIC_REPRESENTATION_CONTEXT ( 3 ) GLOBAL_UNCERTAINTY_ASSIGNED_CONTEXT ( ( #4659 ) ) GLOBAL_UNIT_ASSIGNED_CONTEXT ( ( #3036, #3626, #5986 ) ) REPRESENTATION_CONTEXT ( 'NONE', 'WORKASPACE' ) );
#2867 = COLOUR_RGB ( '',0.7921568627450980005, 0.8196078431372548767, 0.9333333333333333481 ) ;
#2868 = LINE ( 'NONE', #5863, #4758 ) ;
#2869 = ORIENTED_EDGE ( 'NONE', *, *, #202, .T. ) ;
#2870 = CARTESIAN_POINT ( 'NONE',  ( 0.6200000000000016609, 10.26155281280883003, 1.800000000000000044 ) ) ;
#2871 = FILL_AREA_STYLE_COLOUR ( '', #5394 ) ;
#2872 =( LENGTH_UNIT ( ) NAMED_UNIT ( * ) SI_UNIT ( .MILLI., .METRE. ) );
#2873 = DIRECTION ( 'NONE',  ( -1.000000000000000000, 0.000000000000000000, 1.445602896647338522E-15 ) ) ;
#2874 = CARTESIAN_POINT ( 'NONE',  ( 0.9700000000000020828, -3.900000000000000799, -3.910000000000000142 ) ) ;
#2875 = CARTESIAN_POINT ( 'NONE',  ( -3.509999999999998899, -3.399999999999995026, 3.909999999999999254 ) ) ;
#2876 = CARTESIAN_POINT ( 'NONE',  ( 5.080000000000001847, 0.2000000000000078937, 2.700000000000005063 ) ) ;
#2877 = PRESENTATION_STYLE_ASSIGNMENT (( #5554 ) ) ;
#2878 = ORIENTED_EDGE ( 'NONE', *, *, #3934, .T. ) ;
#2879 = AXIS2_PLACEMENT_3D ( 'NONE', #5026, #5702, #2185 ) ;
#2880 = FILL_AREA_STYLE_COLOUR ( '', #5625 ) ;
#2881 = CARTESIAN_POINT ( 'NONE',  ( -5.380000000000000782, 4.000000000000001776, 2.199999999999997069 ) ) ;
#2882 = VECTOR ( 'NONE', #1494, 1000.000000000000000 ) ;
#2883 = DIRECTION ( 'NONE',  ( 1.000000000000000000, -0.000000000000000000, -0.000000000000000000 ) ) ;
#2884 = STYLED_ITEM ( 'NONE', ( #2761 ), #275 ) ;
#2885 = VECTOR ( 'NONE', #2646, 1000.000000000000000 ) ;
#2886 = COLOUR_RGB ( '',0.7921568627450980005, 0.8196078431372548767, 0.9333333333333333481 ) ;
#2887 = ADVANCED_FACE ( 'NONE', ( #229 ), #2331, .F. ) ;
#2888 = LINE ( 'NONE', #5316, #5004 ) ;
#2889 = DIRECTION ( 'NONE',  ( -0.000000000000000000, -0.000000000000000000, 1.000000000000000000 ) ) ;
#2890 = STYLED_ITEM ( 'NONE', ( #3990 ), #3065 ) ;
#2891 = DIRECTION ( 'NONE',  ( 0.2873478855663427756, -0.9578262852211522071, -2.076954678600965687E-16 ) ) ;
#2892 = AXIS2_PLACEMENT_3D ( 'NONE', #4994, #2973, #1694 ) ;
#2893 = UNCERTAINTY_MEASURE_WITH_UNIT (LENGTH_MEASURE( 1.000000000000000082E-05 ), #6155, 'distance_accuracy_value', 'NONE');
#2894 = UNCERTAINTY_MEASURE_WITH_UNIT (LENGTH_MEASURE( 1.000000000000000082E-05 ), #1850, 'distance_accuracy_value', 'NONE');
#2895 = EDGE_CURVE ( 'NONE', #4542, #1388, #242, .T. ) ;
#2896 = FILL_AREA_STYLE_COLOUR ( '', #1258 ) ;
#2897 = DIRECTION ( 'NONE',  ( -1.000000000000000000, 0.000000000000000000, -0.000000000000000000 ) ) ;
#2898 = EDGE_CURVE ( 'NONE', #1489, #628, #179, .T. ) ;
#2899 = DIRECTION ( 'NONE',  ( 0.000000000000000000, 0.000000000000000000, -1.000000000000000000 ) ) ;
#2900 = AXIS2_PLACEMENT_3D ( 'NONE', #1522, #5389, #1206 ) ;
#2901 = CIRCLE ( 'NONE', #4224, 0.2000000000000005107 ) ;
#2902 =( GEOMETRIC_REPRESENTATION_CONTEXT ( 3 ) GLOBAL_UNCERTAINTY_ASSIGNED_CONTEXT ( ( #450 ) ) GLOBAL_UNIT_ASSIGNED_CONTEXT ( ( #4639, #5083, #1317 ) ) REPRESENTATION_CONTEXT ( 'NONE', 'WORKASPACE' ) );
#2903 = DIRECTION ( 'NONE',  ( 1.000000000000000000, -0.000000000000000000, -0.000000000000000000 ) ) ;
#2904 = DIRECTION ( 'NONE',  ( -1.000000000000000000, 0.000000000000000000, -0.000000000000000000 ) ) ;
#2905 = FILL_AREA_STYLE ('',( #3369 ) ) ;
#2906 = DIRECTION ( 'NONE',  ( 0.000000000000000000, 0.000000000000000000, 1.000000000000000000 ) ) ;
#2907 = CARTESIAN_POINT ( 'NONE',  ( 0.9700000000000011946, -8.432455532033678480, 3.910000000000000142 ) ) ;
#2908 = DIRECTION ( 'NONE',  ( 0.000000000000000000, 0.000000000000000000, 1.000000000000000000 ) ) ;
#2909 = DIRECTION ( 'NONE',  ( 0.000000000000000000, 0.000000000000000000, -1.000000000000000000 ) ) ;
#2910 = COLOUR_RGB ( '',1.000000000000000000, 0.8117647058823529438, 0.5019607843137254832 ) ;
#2911 = CARTESIAN_POINT ( 'NONE',  ( 5.380000000000000782, 2.600000000000000533, 0.7999999999999999334 ) ) ;
#2912 = EDGE_CURVE ( 'NONE', #2647, #3744, #192, .T. ) ;
#2913 = FACE_OUTER_BOUND ( 'NONE', #576, .T. ) ;
#2914 = ORIENTED_EDGE ( 'NONE', *, *, #202, .F. ) ;
#2915 = VECTOR ( 'NONE', #1232, 1000.000000000000000 ) ;
#2916 = VECTOR ( 'NONE', #1009, 1000.000000000000000 ) ;
#2917 = CARTESIAN_POINT ( 'NONE',  ( 1.920000000000001483, 5.099999999999999645, -1.800000000000000044 ) ) ;
#2918 = EDGE_CURVE ( 'NONE', #1394, #5774, #93, .T. ) ;
#2919 = FACE_BOUND ( 'NONE', #1060, .T. ) ;
#2920 = STYLED_ITEM ( 'NONE', ( #3084 ), #1956 ) ;
#2921 = CARTESIAN_POINT ( 'NONE',  ( -3.509999999999998899, -3.399999999999995026, 3.909999999999999254 ) ) ;
#2922 = VECTOR ( 'NONE', #2160, 1000.000000000000000 ) ;
#2923 = DIRECTION ( 'NONE',  ( 0.2873478855663427756, -0.9578262852211522071, -2.076954678600965687E-16 ) ) ;
#2924 = PLANE ( 'NONE',  #2838 ) ;
#2925 = AXIS2_PLACEMENT_3D ( 'NONE', #3235, #4804, #5790 ) ;
#2926 = LINE ( 'NONE', #220, #3050 ) ;
#2927 = ORIENTED_EDGE ( 'NONE', *, *, #5040, .F. ) ;
#2928 = DIRECTION ( 'NONE',  ( 1.000000000000000000, -0.000000000000000000, -0.000000000000000000 ) ) ;
#2929 = MECHANICAL_DESIGN_GEOMETRIC_PRESENTATION_REPRESENTATION (  '', ( #5466 ), #3716 ) ;
#2930 = CARTESIAN_POINT ( 'NONE',  ( 0.6200000000000016609, 5.200000000000000178, 0.1999999999999998723 ) ) ;
#2931 = CARTESIAN_POINT ( 'NONE',  ( 3.160000000000001474, 5.200000000000000178, 0.1999999999999998723 ) ) ;
#2932 = CARTESIAN_POINT ( 'NONE',  ( -5.080000000000000959, 9.109343913354619870E-15, -2.300000000000000711 ) ) ;
#2933 = ORIENTED_EDGE ( 'NONE', *, *, #3926, .F. ) ;
#2934 = PRESENTATION_STYLE_ASSIGNMENT (( #4682 ) ) ;
#2935 = ORIENTED_EDGE ( 'NONE', *, *, #6039, .T. ) ;
#2936 = LINE ( 'NONE', #2114, #1014 ) ;
#2937 = CIRCLE ( 'NONE', #1721, 0.2000000000000000944 ) ;
#2938 = CARTESIAN_POINT ( 'NONE',  ( 1.570000000000001616, -3.399999999999995026, 3.909999999999999254 ) ) ;
#2939 = DIRECTION ( 'NONE',  ( 0.000000000000000000, 1.000000000000000000, 0.000000000000000000 ) ) ;
#2940 = ORIENTED_EDGE ( 'NONE', *, *, #5902, .T. ) ;
#2941 = DIRECTION ( 'NONE',  ( -0.000000000000000000, 1.000000000000000000, -0.000000000000000000 ) ) ;
#2942 = CARTESIAN_POINT ( 'NONE',  ( 7.620000000000000107, 6.950000000000000178, 0.000000000000000000 ) ) ;
#2943 = CARTESIAN_POINT ( 'NONE',  ( -4.109999999999998543, -8.432455532033678480, -3.910000000000000142 ) ) ;
#2944 = FACE_OUTER_BOUND ( 'NONE', #4848, .T. ) ;
#2945 = CARTESIAN_POINT ( 'NONE',  ( -5.380000000000000782, 2.600000000000000533, -2.199999999999999734 ) ) ;
#2946 = LINE ( 'NONE', #719, #900 ) ;
#2947 = SURFACE_STYLE_USAGE ( .BOTH. , #4932 ) ;
#2948 = VECTOR ( 'NONE', #3567, 1000.000000000000000 ) ;
#2949 =( GEOMETRIC_REPRESENTATION_CONTEXT ( 3 ) GLOBAL_UNCERTAINTY_ASSIGNED_CONTEXT ( ( #4421 ) ) GLOBAL_UNIT_ASSIGNED_CONTEXT ( ( #4830, #2398, #2060 ) ) REPRESENTATION_CONTEXT ( 'NONE', 'WORKASPACE' ) );
#2950 = SURFACE_SIDE_STYLE ('',( #6065 ) ) ;
#2951 = EDGE_CURVE ( 'NONE', #2858, #4592, #2178, .T. ) ;
#2952 = DIRECTION ( 'NONE',  ( 0.000000000000000000, 0.000000000000000000, -1.000000000000000000 ) ) ;
#2953 = VECTOR ( 'NONE', #4856, 1000.000000000000000 ) ;
#2954 = LINE ( 'NONE', #3935, #850 ) ;
#2955 = UNCERTAINTY_MEASURE_WITH_UNIT (LENGTH_MEASURE( 1.000000000000000082E-05 ), #1452, 'distance_accuracy_value', 'NONE');
#2956 = CARTESIAN_POINT ( 'NONE',  ( -4.459999999999999076, 5.099999999999999645, -1.800000000000000044 ) ) ;
#2957 = ADVANCED_FACE ( 'NONE', ( #2151 ), #4120, .F. ) ;
#2958 =( NAMED_UNIT ( * ) PLANE_ANGLE_UNIT ( ) SI_UNIT ( $, .RADIAN. ) );
#2959 = ORIENTED_EDGE ( 'NONE', *, *, #1196, .F. ) ;
#2960 =( GEOMETRIC_REPRESENTATION_CONTEXT ( 3 ) GLOBAL_UNCERTAINTY_ASSIGNED_CONTEXT ( ( #3140 ) ) GLOBAL_UNIT_ASSIGNED_CONTEXT ( ( #775, #1062, #1759 ) ) REPRESENTATION_CONTEXT ( 'NONE', 'WORKASPACE' ) );
#2961 = UNCERTAINTY_MEASURE_WITH_UNIT (LENGTH_MEASURE( 1.000000000000000082E-05 ), #1580, 'distance_accuracy_value', 'NONE');
#2962 = UNCERTAINTY_MEASURE_WITH_UNIT (LENGTH_MEASURE( 1.000000000000000082E-05 ), #4353, 'distance_accuracy_value', 'NONE');
#2963 = PRESENTATION_STYLE_ASSIGNMENT (( #4061 ) ) ;
#2964 = EDGE_CURVE ( 'NONE', #4509, #2462, #119, .T. ) ;
#2965 = VECTOR ( 'NONE', #5916, 1000.000000000000000 ) ;
#2966 = EDGE_LOOP ( 'NONE', ( #2813, #3480, #3425, #2572 ) ) ;
#2967 = DIRECTION ( 'NONE',  ( 1.000000000000000000, 0.000000000000000000, -0.000000000000000000 ) ) ;
#2968 = EDGE_CURVE ( 'NONE', #1746, #2574, #4256, .T. ) ;
#2969 =( NAMED_UNIT ( * ) SI_UNIT ( $, .STERADIAN. ) SOLID_ANGLE_UNIT ( ) );
#2970 = LINE ( 'NONE', #702, #5015 ) ;
#2971 = CARTESIAN_POINT ( 'NONE',  ( -0.9699999999999986411, -8.432455532033678480, 3.909999999999999254 ) ) ;
#2972 = SURFACE_SIDE_STYLE ('',( #1527 ) ) ;
#2973 = DIRECTION ( 'NONE',  ( 1.000000000000000000, 0.000000000000000000, 4.336808689942016158E-15 ) ) ;
#2974 = ORIENTED_EDGE ( 'NONE', *, *, #4969, .F. ) ;
#2975 = AXIS2_PLACEMENT_3D ( 'NONE', #2617, #5892, #1662 ) ;
#2976 = EDGE_CURVE ( 'NONE', #1603, #932, #2202, .T. ) ;
#2977 = MECHANICAL_DESIGN_GEOMETRIC_PRESENTATION_REPRESENTATION (  '', ( #4833 ), #1188 ) ;
#2978 = SURFACE_STYLE_USAGE ( .BOTH. , #2508 ) ;
#2979 = VECTOR ( 'NONE', #3161, 1000.000000000000000 ) ;
#2980 =( NAMED_UNIT ( * ) SI_UNIT ( $, .STERADIAN. ) SOLID_ANGLE_UNIT ( ) );
#2981 = DIRECTION ( 'NONE',  ( -0.000000000000000000, 1.000000000000000000, -0.000000000000000000 ) ) ;
#2982 = EDGE_CURVE ( 'NONE', #5449, #5774, #156, .T. ) ;
#2983 = DIRECTION ( 'NONE',  ( -1.000000000000000000, 0.000000000000000000, 0.000000000000000000 ) ) ;
#2984 = ORIENTED_EDGE ( 'NONE', *, *, #1983, .T. ) ;
#2985 = DIRECTION ( 'NONE',  ( 0.000000000000000000, 0.000000000000000000, 1.000000000000000000 ) ) ;
#2986 = CARTESIAN_POINT ( 'NONE',  ( 5.380000000000000782, 4.000000000000000000, -0.7999999999999999334 ) ) ;
#2987 = SURFACE_SIDE_STYLE ('',( #3005 ) ) ;
#2988 = CARTESIAN_POINT ( 'NONE',  ( -4.109999999999999432, -8.432455532033678480, 3.910000000000000142 ) ) ;
#2989 = EDGE_CURVE ( 'NONE', #4698, #5614, #4202, .T. ) ;
#2990 = VERTEX_POINT ( 'NONE', #6048 ) ;
#2991 = AXIS2_PLACEMENT_3D ( 'NONE', #5573, #1310, #1825 ) ;
#2992 = LINE ( 'NONE', #1908, #5032 ) ;
#2993 = FACE_BOUND ( 'NONE', #2723, .T. ) ;
#2994 = FILL_AREA_STYLE ('',( #778 ) ) ;
#2995 = ORIENTED_EDGE ( 'NONE', *, *, #1898, .F. ) ;
#2996 = CARTESIAN_POINT ( 'NONE',  ( -4.459999999999999076, 5.200000000000000178, 1.800000000000000044 ) ) ;
#2997 = DIRECTION ( 'NONE',  ( -0.000000000000000000, 1.000000000000000000, -0.000000000000000000 ) ) ;
#2998 = DIRECTION ( 'NONE',  ( 0.000000000000000000, -0.000000000000000000, 1.000000000000000000 ) ) ;
#2999 = VECTOR ( 'NONE', #2690, 1000.000000000000114 ) ;
#3000 =( NAMED_UNIT ( * ) SI_UNIT ( $, .STERADIAN. ) SOLID_ANGLE_UNIT ( ) );
#3001 = MECHANICAL_DESIGN_GEOMETRIC_PRESENTATION_REPRESENTATION (  '', ( #3872 ), #5146 ) ;
#3002 = LINE ( 'NONE', #1296, #976 ) ;
#3003 = PRESENTATION_STYLE_ASSIGNMENT (( #4410 ) ) ;
#3004 = ORIENTED_EDGE ( 'NONE', *, *, #5027, .T. ) ;
#3005 = SURFACE_STYLE_FILL_AREA ( #246 ) ;
#3006 = DIRECTION ( 'NONE',  ( 0.000000000000000000, 1.000000000000000000, 0.000000000000000000 ) ) ;
#3007 =( NAMED_UNIT ( * ) SI_UNIT ( $, .STERADIAN. ) SOLID_ANGLE_UNIT ( ) );
#3008 = DIRECTION ( 'NONE',  ( 0.000000000000000000, 0.000000000000000000, 1.000000000000000000 ) ) ;
#3009 = ORIENTED_EDGE ( 'NONE', *, *, #5813, .T. ) ;
#3010 = COLOUR_RGB ( '',1.000000000000000000, 0.8117647058823529438, 0.5019607843137254832 ) ;
#3011 = VECTOR ( 'NONE', #2543, 1000.000000000000000 ) ;
#3012 =( GEOMETRIC_REPRESENTATION_CONTEXT ( 3 ) GLOBAL_UNCERTAINTY_ASSIGNED_CONTEXT ( ( #3129 ) ) GLOBAL_UNIT_ASSIGNED_CONTEXT ( ( #3642, #5490, #6009 ) ) REPRESENTATION_CONTEXT ( 'NONE', 'WORKASPACE' ) );
#3013 = SURFACE_STYLE_USAGE ( .BOTH. , #4013 ) ;
#3014 = ADVANCED_FACE ( 'NONE', ( #4211 ), #2228, .F. ) ;
#3015 =( GEOMETRIC_REPRESENTATION_CONTEXT ( 3 ) GLOBAL_UNCERTAINTY_ASSIGNED_CONTEXT ( ( #2066 ) ) GLOBAL_UNIT_ASSIGNED_CONTEXT ( ( #1892, #6134, #4283 ) ) REPRESENTATION_CONTEXT ( 'NONE', 'WORKASPACE' ) );
#3016 = LINE ( 'NONE', #4546, #5013 ) ;
#3017 = CARTESIAN_POINT ( 'NONE',  ( -4.109999999999999432, -3.900000000000000799, 3.910000000000000142 ) ) ;
#3018 = DIRECTION ( 'NONE',  ( -1.000000000000000000, 0.000000000000000000, 1.445602896647338522E-15 ) ) ;
#3019 = FILL_AREA_STYLE ('',( #523 ) ) ;
#3020 = VERTEX_POINT ( 'NONE', #4462 ) ;
#3021 = VERTEX_POINT ( 'NONE', #3116 ) ;
#3022 = CARTESIAN_POINT ( 'NONE',  ( -5.380000000000000782, 4.000000000000001776, 2.199999999999997069 ) ) ;
#3023 = CARTESIAN_POINT ( 'NONE',  ( -3.959999999999998188, -3.900000000000000799, -3.910000000000000142 ) ) ;
#3024 = CARTESIAN_POINT ( 'NONE',  ( -4.109999999999999432, -3.399999999999995026, 3.910000000000000142 ) ) ;
#3025 =( NAMED_UNIT ( * ) SI_UNIT ( $, .STERADIAN. ) SOLID_ANGLE_UNIT ( ) );
#3026 = LINE ( 'NONE', #2641, #878 ) ;
#3027 = VERTEX_POINT ( 'NONE', #722 ) ;
#3028 = AXIS2_PLACEMENT_3D ( 'NONE', #2815, #840, #3266 ) ;
#3029 = LINE ( 'NONE', #5075, #5042 ) ;
#3030 = EDGE_CURVE ( 'NONE', #3020, #2435, #2213, .T. ) ;
#3031 = FILL_AREA_STYLE ('',( #2570 ) ) ;
#3032 = VECTOR ( 'NONE', #297, 1000.000000000000000 ) ;
#3033 = VERTEX_POINT ( 'NONE', #4960 ) ;
#3034 = CARTESIAN_POINT ( 'NONE',  ( 3.160000000000001474, 5.099999999999999645, -1.800000000000000044 ) ) ;
#3035 = UNCERTAINTY_MEASURE_WITH_UNIT (LENGTH_MEASURE( 1.000000000000000082E-05 ), #6063, 'distance_accuracy_value', 'NONE');
#3036 =( LENGTH_UNIT ( ) NAMED_UNIT ( * ) SI_UNIT ( .MILLI., .METRE. ) );
#3037 = EDGE_CURVE ( 'NONE', #5229, #1664, #4607, .T. ) ;
#3038 = CARTESIAN_POINT ( 'NONE',  ( 1.570000000000001616, -3.399999999999995026, -3.909999999999999254 ) ) ;
#3039 = LINE ( 'NONE', #4875, #951 ) ;
#3040 = ORIENTED_EDGE ( 'NONE', *, *, #5429, .F. ) ;
#3041 =( LENGTH_UNIT ( ) NAMED_UNIT ( * ) SI_UNIT ( .MILLI., .METRE. ) );
#3042 = CARTESIAN_POINT ( 'NONE',  ( -0.9699999999999986411, -3.399999999999995026, 3.710000000000000409 ) ) ;
#3043 = LINE ( 'NONE', #2596, #5022 ) ;
#3044 = STYLED_ITEM ( 'NONE', ( #5569 ), #2229 ) ;
#3045 = UNCERTAINTY_MEASURE_WITH_UNIT (LENGTH_MEASURE( 1.000000000000000082E-05 ), #471, 'distance_accuracy_value', 'NONE');
#3046 = FACE_OUTER_BOUND ( 'NONE', #4739, .T. ) ;
#3047 = VERTEX_POINT ( 'NONE', #2555 ) ;
#3048 = EDGE_CURVE ( 'NONE', #4288, #5302, #2709, .T. ) ;
#3049 = COLOUR_RGB ( '',1.000000000000000000, 0.8117647058823529438, 0.5019607843137254832 ) ;
#3050 = VECTOR ( 'NONE', #635, 1000.000000000000000 ) ;
#3051 = ORIENTED_EDGE ( 'NONE', *, *, #1282, .F. ) ;
#3052 = CARTESIAN_POINT ( 'NONE',  ( -4.459999999999999076, 1.272468158199071553, -1.800000000000000044 ) ) ;
#3053 = FACE_OUTER_BOUND ( 'NONE', #5997, .T. ) ;
#3054 =( GEOMETRIC_REPRESENTATION_CONTEXT ( 3 ) GLOBAL_UNCERTAINTY_ASSIGNED_CONTEXT ( ( #1788 ) ) GLOBAL_UNIT_ASSIGNED_CONTEXT ( ( #731, #4427, #3417 ) ) REPRESENTATION_CONTEXT ( 'NONE', 'WORKASPACE' ) );
#3055 = EDGE_CURVE ( 'NONE', #2595, #2672, #2478, .T. ) ;
#3056 =( GEOMETRIC_REPRESENTATION_CONTEXT ( 3 ) GLOBAL_UNCERTAINTY_ASSIGNED_CONTEXT ( ( #2433 ) ) GLOBAL_UNIT_ASSIGNED_CONTEXT ( ( #4527, #204, #740 ) ) REPRESENTATION_CONTEXT ( 'NONE', 'WORKASPACE' ) );
#3057 = DIRECTION ( 'NONE',  ( 0.000000000000000000, 0.000000000000000000, -1.000000000000000000 ) ) ;
#3058 = CARTESIAN_POINT ( 'NONE',  ( 4.460000000000000853, 5.099999999999999645, 1.800000000000000044 ) ) ;
#3059 = CARTESIAN_POINT ( 'NONE',  ( 0.9700000000000011946, -8.432455532033678480, 3.710000000000000409 ) ) ;
#3060 = ORIENTED_EDGE ( 'NONE', *, *, #453, .T. ) ;
#3061 = ORIENTED_EDGE ( 'NONE', *, *, #1325, .T. ) ;
#3062 = LINE ( 'NONE', #5783, #909 ) ;
#3063 = ORIENTED_EDGE ( 'NONE', *, *, #2748, .T. ) ;
#3064 = CARTESIAN_POINT ( 'NONE',  ( -4.109999999999999432, -8.432455532033678480, -3.710000000000000409 ) ) ;
#3065 = ADVANCED_FACE ( 'NONE', ( #3202 ), #2605, .F. ) ;
#3066 = LINE ( 'NONE', #1692, #5126 ) ;
#3067 = CARTESIAN_POINT ( 'NONE',  ( 0.9700000000000011946, -3.900000000000000799, 3.910000000000000142 ) ) ;
#3068 = CARTESIAN_POINT ( 'NONE',  ( -4.109999999999999432, -8.432455532033678480, 3.910000000000000142 ) ) ;
#3069 = LINE ( 'NONE', #3120, #2948 ) ;
#3070 = STYLED_ITEM ( 'NONE', ( #6106 ), #6164 ) ;
#3071 = SURFACE_SIDE_STYLE ('',( #1794 ) ) ;
#3072 = DIRECTION ( 'NONE',  ( 0.000000000000000000, 0.000000000000000000, 1.000000000000000000 ) ) ;
#3073 = EDGE_CURVE ( 'NONE', #3211, #4488, #2214, .T. ) ;
#3074 = EDGE_LOOP ( 'NONE', ( #335, #1139, #1319, #1730 ) ) ;
#3075 = ORIENTED_EDGE ( 'NONE', *, *, #962, .F. ) ;
#3076 = PRESENTATION_LAYER_ASSIGNMENT (  '', '', ( #84 ) ) ;
#3077 = DIRECTION ( 'NONE',  ( 0.000000000000000000, 1.000000000000000000, -1.703746271048650557E-15 ) ) ;
#3078 =( NAMED_UNIT ( * ) SI_UNIT ( $, .STERADIAN. ) SOLID_ANGLE_UNIT ( ) );
#3079 =( LENGTH_UNIT ( ) NAMED_UNIT ( * ) SI_UNIT ( .MILLI., .METRE. ) );
#3080 = VECTOR ( 'NONE', #5827, 1000.000000000000000 ) ;
#3081 = LINE ( 'NONE', #1138, #3011 ) ;
#3082 = ORIENTED_EDGE ( 'NONE', *, *, #460, .T. ) ;
#3083 = ADVANCED_FACE ( 'NONE', ( #4265 ), #831, .T. ) ;
#3084 = PRESENTATION_STYLE_ASSIGNMENT (( #266 ) ) ;
#3085 =( LENGTH_UNIT ( ) NAMED_UNIT ( * ) SI_UNIT ( .MILLI., .METRE. ) );
#3086 = FACE_BOUND ( 'NONE', #2340, .T. ) ;
#3087 = FILL_AREA_STYLE ('',( #4028 ) ) ;
#3088 = EDGE_LOOP ( 'NONE', ( #1528, #1585, #5743, #2559 ) ) ;
#3089 = CARTESIAN_POINT ( 'NONE',  ( 4.460000000000000853, 5.200000000000000178, -1.800000000000000044 ) ) ;
#3090 = VECTOR ( 'NONE', #3230, 1000.000000000000000 ) ;
#3091 =( LENGTH_UNIT ( ) NAMED_UNIT ( * ) SI_UNIT ( .MILLI., .METRE. ) );
#3092 = ORIENTED_EDGE ( 'NONE', *, *, #3363, .F. ) ;
#3093 =( NAMED_UNIT ( * ) PLANE_ANGLE_UNIT ( ) SI_UNIT ( $, .RADIAN. ) );
#3094 = FILL_AREA_STYLE_COLOUR ( '', #1715 ) ;
#3095 = CARTESIAN_POINT ( 'NONE',  ( -1.119999999999998996, -3.900000000000000799, 3.710000000000000409 ) ) ;
#3096 = VERTEX_POINT ( 'NONE', #6086 ) ;
#3097 = ORIENTED_EDGE ( 'NONE', *, *, #3763, .T. ) ;
#3098 = PLANE ( 'NONE',  #2770 ) ;
#3099 = COLOUR_RGB ( '',1.000000000000000000, 0.8117647058823529438, 0.5019607843137254832 ) ;
#3100 = LINE ( 'NONE', #2751, #3090 ) ;
#3101 = VECTOR ( 'NONE', #4606, 1000.000000000000114 ) ;
#3102 = VERTEX_POINT ( 'NONE', #1915 ) ;
#3103 = CARTESIAN_POINT ( 'NONE',  ( -4.459999999999999076, 6.950000000000000178, 0.1999999999999998723 ) ) ;
#3104 = LINE ( 'NONE', #5120, #2915 ) ;
#3105 = DIRECTION ( 'NONE',  ( 0.000000000000000000, -0.000000000000000000, -1.000000000000000000 ) ) ;
#3106 =( NAMED_UNIT ( * ) PLANE_ANGLE_UNIT ( ) SI_UNIT ( $, .RADIAN. ) );
#3107 = CARTESIAN_POINT ( 'NONE',  ( -1.569999999999998952, -3.900000000000000799, 3.910000000000000142 ) ) ;
#3108 = CARTESIAN_POINT ( 'NONE',  ( -5.580000000000000959, 0.4000000000000080158, 2.700000000000005507 ) ) ;
#3109 = AXIS2_PLACEMENT_3D ( 'NONE', #1726, #1773, #4657 ) ;
#3110 = EDGE_LOOP ( 'NONE', ( #4680, #638, #5284, #708 ) ) ;
#3111 = EDGE_CURVE ( 'NONE', #476, #815, #2145, .T. ) ;
#3112 = VECTOR ( 'NONE', #5677, 1000.000000000000000 ) ;
#3113 = SURFACE_STYLE_FILL_AREA ( #2406 ) ;
#3114 = SURFACE_STYLE_FILL_AREA ( #5158 ) ;
#3115 = EDGE_LOOP ( 'NONE', ( #1453, #4218, #2063, #1309, #3061, #4263 ) ) ;
#3116 = CARTESIAN_POINT ( 'NONE',  ( -4.459999999999999076, 5.099999999999999645, 1.799999999999999600 ) ) ;
#3117 = VECTOR ( 'NONE', #1464, 1000.000000000000000 ) ;
#3118 = APPLICATION_CONTEXT ( 'automotive_design' ) ;
#3119 = SURFACE_SIDE_STYLE ('',( #2002 ) ) ;
#3120 = CARTESIAN_POINT ( 'NONE',  ( -5.580000000000000959, 4.000000000000001776, 2.199999999999997069 ) ) ;
#3121 = VERTEX_POINT ( 'NONE', #359 ) ;
#3122 = AXIS2_PLACEMENT_3D ( 'NONE', #6017, #276, #4512 ) ;
#3123 = CARTESIAN_POINT ( 'NONE',  ( 5.580000000000000959, 4.000000000000001776, 2.199999999999997069 ) ) ;
#3124 = PLANE ( 'NONE',  #2615 ) ;
#3125 = EDGE_CURVE ( 'NONE', #5627, #4783, #20, .T. ) ;
#3126 = VECTOR ( 'NONE', #1939, 1000.000000000000000 ) ;
#3127 = VERTEX_POINT ( 'NONE', #908 ) ;
#3128 = ADVANCED_FACE ( 'NONE', ( #2154 ), #6144, .F. ) ;
#3129 = UNCERTAINTY_MEASURE_WITH_UNIT (LENGTH_MEASURE( 1.000000000000000082E-05 ), #3642, 'distance_accuracy_value', 'NONE');
#3130 = FACE_OUTER_BOUND ( 'NONE', #1324, .T. ) ;
#3131 = SURFACE_STYLE_USAGE ( .BOTH. , #1116 ) ;
#3132 = EDGE_CURVE ( 'NONE', #2627, #2112, #4170, .T. ) ;
#3133 = ORIENTED_EDGE ( 'NONE', *, *, #3663, .F. ) ;
#3134 =( NAMED_UNIT ( * ) SI_UNIT ( $, .STERADIAN. ) SOLID_ANGLE_UNIT ( ) );
#3135 = EDGE_LOOP ( 'NONE', ( #5415, #5143, #3600, #1052 ) ) ;
#3136 = MANIFOLD_SOLID_BREP ( 'LPattern2[5]', #3573 ) ;
#3137 = FILL_AREA_STYLE ('',( #4529 ) ) ;
#3138 = AXIS2_PLACEMENT_3D ( 'NONE', #2870, #2899, #3329 ) ;
#3139 = AXIS2_PLACEMENT_3D ( 'NONE', #6169, #5542, #4554 ) ;
#3140 = UNCERTAINTY_MEASURE_WITH_UNIT (LENGTH_MEASURE( 1.000000000000000082E-05 ), #775, 'distance_accuracy_value', 'NONE');
#3141 = PLANE ( 'NONE',  #1984 ) ;
#3142 = PRESENTATION_STYLE_ASSIGNMENT (( #4782 ) ) ;
#3143 = ORIENTED_EDGE ( 'NONE', *, *, #4823, .T. ) ;
#3144 = CARTESIAN_POINT ( 'NONE',  ( 4.110000000000001208, -8.432455532033678480, -3.710000000000000409 ) ) ;
#3145 = ADVANCED_FACE ( 'NONE', ( #33 ), #2846, .F. ) ;
#3146 = PLANE ( 'NONE',  #1499 ) ;
#3147 = LINE ( 'NONE', #2609, #5090 ) ;
#3148 = EDGE_CURVE ( 'NONE', #3525, #3027, #4213, .T. ) ;
#3149 = ORIENTED_EDGE ( 'NONE', *, *, #6124, .T. ) ;
#3150 = ORIENTED_EDGE ( 'NONE', *, *, #2106, .F. ) ;
#3151 = DIRECTION ( 'NONE',  ( -1.000000000000000000, -0.000000000000000000, -0.000000000000000000 ) ) ;
#3152 = SURFACE_STYLE_FILL_AREA ( #3715 ) ;
#3153 = EDGE_CURVE ( 'NONE', #1100, #1056, #2254, .T. ) ;
#3154 = LINE ( 'NONE', #1378, #5341 ) ;
#3155 = ORIENTED_EDGE ( 'NONE', *, *, #3363, .T. ) ;
#3156 =( NAMED_UNIT ( * ) SI_UNIT ( $, .STERADIAN. ) SOLID_ANGLE_UNIT ( ) );
#3157 = AXIS2_PLACEMENT_3D ( 'NONE', #791, #3751, #3249 ) ;
#3158 = COLOUR_RGB ( '',1.000000000000000000, 0.8117647058823529438, 0.5019607843137254832 ) ;
#3159 = SURFACE_SIDE_STYLE ('',( #160 ) ) ;
#3160 = DIRECTION ( 'NONE',  ( 0.000000000000000000, 0.000000000000000000, -1.000000000000000000 ) ) ;
#3161 = DIRECTION ( 'NONE',  ( 1.000000000000000000, 0.000000000000000000, -0.000000000000000000 ) ) ;
#3162 = DIRECTION ( 'NONE',  ( 0.000000000000000000, 0.000000000000000000, -1.000000000000000000 ) ) ;
#3163 = CARTESIAN_POINT ( 'NONE',  ( 0.6200000000000016609, 5.099999999999999645, 1.800000000000000044 ) ) ;
#3164 = VERTEX_POINT ( 'NONE', #4351 ) ;
#3165 = ORIENTED_EDGE ( 'NONE', *, *, #762, .T. ) ;
#3166 = VECTOR ( 'NONE', #6140, 1000.000000000000000 ) ;
#3167 = ORIENTED_EDGE ( 'NONE', *, *, #2847, .T. ) ;
#3168 = DIRECTION ( 'NONE',  ( -0.000000000000000000, 0.000000000000000000, 1.000000000000000000 ) ) ;
#3169 = MECHANICAL_DESIGN_GEOMETRIC_PRESENTATION_REPRESENTATION (  '', ( #5937 ), #3543 ) ;
#3170 = FILL_AREA_STYLE_COLOUR ( '', #3760 ) ;
#3171 = CARTESIAN_POINT ( 'NONE',  ( -3.509999999999998899, -8.432455532033678480, 3.909999999999999254 ) ) ;
#3172 = EDGE_LOOP ( 'NONE', ( #308, #4555, #3167, #1444 ) ) ;
#3173 = ORIENTED_EDGE ( 'NONE', *, *, #1015, .F. ) ;
#3174 = EDGE_LOOP ( 'NONE', ( #5209, #498, #3667, #215 ) ) ;
#3175 = CARTESIAN_POINT ( 'NONE',  ( -4.459999999999999076, 6.950000000000000178, 1.800000000000000044 ) ) ;
#3176 = PRESENTATION_LAYER_ASSIGNMENT (  '', '', ( #5694 ) ) ;
#3177 = VECTOR ( 'NONE', #2027, 1000.000000000000000 ) ;
#3178 = DIRECTION ( 'NONE',  ( -0.000000000000000000, -1.000000000000000000, -0.000000000000000000 ) ) ;
#3179 = ORIENTED_EDGE ( 'NONE', *, *, #2438, .F. ) ;
#3180 = FILL_AREA_STYLE ('',( #2204 ) ) ;
#3181 = VERTEX_POINT ( 'NONE', #5713 ) ;
#3182 = ORIENTED_EDGE ( 'NONE', *, *, #804, .T. ) ;
#3183 = DIRECTION ( 'NONE',  ( -0.000000000000000000, 1.000000000000000000, 0.000000000000000000 ) ) ;
#3184 = LINE ( 'NONE', #5399, #5154 ) ;
#3185 = FILL_AREA_STYLE_COLOUR ( '', #5147 ) ;
#3186 = ORIENTED_EDGE ( 'NONE', *, *, #4717, .T. ) ;
#3187 =( LENGTH_UNIT ( ) NAMED_UNIT ( * ) SI_UNIT ( .MILLI., .METRE. ) );
#3188 =( LENGTH_UNIT ( ) NAMED_UNIT ( * ) SI_UNIT ( .MILLI., .METRE. ) );
#3189 = ADVANCED_FACE ( 'NONE', ( #282 ), #2306, .F. ) ;
#3190 = FILL_AREA_STYLE ('',( #3585 ) ) ;
#3191 = ORIENTED_EDGE ( 'NONE', *, *, #675, .F. ) ;
#3192 = ORIENTED_EDGE ( 'NONE', *, *, #3284, .F. ) ;
#3193 = CARTESIAN_POINT ( 'NONE',  ( 5.080000000000000071, 5.099999999999999645, 0.000000000000000000 ) ) ;
#3194 = LINE ( 'NONE', #4273, #3177 ) ;
#3195 = PRESENTATION_STYLE_ASSIGNMENT (( #3243 ) ) ;
#3196 = ORIENTED_EDGE ( 'NONE', *, *, #5594, .F. ) ;
#3197 = CARTESIAN_POINT ( 'NONE',  ( 4.110000000000001208, 0.6999999999999999556, -3.909999999999999254 ) ) ;
#3198 = MECHANICAL_DESIGN_GEOMETRIC_PRESENTATION_REPRESENTATION (  '', ( #2076 ), #2141 ) ;
#3199 = ADVANCED_FACE ( 'NONE', ( #4334 ), #181, .T. ) ;
#3200 = DIRECTION ( 'NONE',  ( 0.000000000000000000, 0.000000000000000000, -1.000000000000000000 ) ) ;
#3201 = DIRECTION ( 'NONE',  ( -1.000000000000000000, 0.000000000000000000, -0.000000000000000000 ) ) ;
#3202 = FACE_OUTER_BOUND ( 'NONE', #2807, .T. ) ;
#3203 = EDGE_LOOP ( 'NONE', ( #4744, #2787, #547, #1563 ) ) ;
#3204 = VECTOR ( 'NONE', #2981, 1000.000000000000000 ) ;
#3205 = VERTEX_POINT ( 'NONE', #623 ) ;
#3206 = DIRECTION ( 'NONE',  ( -1.000000000000000000, 0.000000000000000000, -7.228014483236692611E-16 ) ) ;
#3207 = STYLED_ITEM ( 'NONE', ( #4194 ), #3136 ) ;
#3208 = STYLED_ITEM ( 'NONE', ( #3977 ), #4520 ) ;
#3209 = CARTESIAN_POINT ( 'NONE',  ( 3.960000000000000853, -3.900000000000000355, 0.000000000000000000 ) ) ;
#3210 = DIRECTION ( 'NONE',  ( -0.000000000000000000, -1.000000000000000000, -0.000000000000000000 ) ) ;
#3211 = VERTEX_POINT ( 'NONE', #3578 ) ;
#3212 = EDGE_LOOP ( 'NONE', ( #2927, #1204, #5878, #2935, #5019, #3775 ) ) ;
#3213 = ORIENTED_EDGE ( 'NONE', *, *, #2367, .T. ) ;
#3214 = UNCERTAINTY_MEASURE_WITH_UNIT (LENGTH_MEASURE( 1.000000000000000082E-05 ), #1615, 'distance_accuracy_value', 'NONE');
#3215 = FILL_AREA_STYLE_COLOUR ( '', #3099 ) ;
#3216 =( NAMED_UNIT ( * ) PLANE_ANGLE_UNIT ( ) SI_UNIT ( $, .RADIAN. ) );
#3217 = EDGE_CURVE ( 'NONE', #2525, #3900, #2242, .T. ) ;
#3218 = VECTOR ( 'NONE', #5366, 1000.000000000000114 ) ;
#3219 = PRESENTATION_STYLE_ASSIGNMENT (( #4579 ) ) ;
#3220 = CARTESIAN_POINT ( 'NONE',  ( -5.380000000000000782, 4.000000000000000000, 0.7999999999999974909 ) ) ;
#3221 = ORIENTED_EDGE ( 'NONE', *, *, #2718, .F. ) ;
#3222 = STYLED_ITEM ( 'NONE', ( #2963 ), #3700 ) ;
#3223 = STYLED_ITEM ( 'NONE', ( #1697 ), #5728 ) ;
#3224 = UNCERTAINTY_MEASURE_WITH_UNIT (LENGTH_MEASURE( 1.000000000000000082E-05 ), #4576, 'distance_accuracy_value', 'NONE');
#3225 = ORIENTED_EDGE ( 'NONE', *, *, #4561, .F. ) ;
#3226 = ORIENTED_EDGE ( 'NONE', *, *, #2982, .T. ) ;
#3227 = CARTESIAN_POINT ( 'NONE',  ( -4.109999999999999432, -8.432455532033678480, -3.710000000000000409 ) ) ;
#3228 = VECTOR ( 'NONE', #163, 1000.000000000000000 ) ;
#3229 = PRESENTATION_STYLE_ASSIGNMENT (( #5688 ) ) ;
#3230 = DIRECTION ( 'NONE',  ( 4.336808689942016158E-15, -0.000000000000000000, -1.000000000000000000 ) ) ;
#3231 = PLANE ( 'NONE',  #3431 ) ;
#3232 = ORIENTED_EDGE ( 'NONE', *, *, #4684, .F. ) ;
#3233 = EDGE_CURVE ( 'NONE', #921, #5296, #4404, .T. ) ;
#3234 = CARTESIAN_POINT ( 'NONE',  ( 3.510000000000002007, 0.6999999999999999556, -3.910000000000000142 ) ) ;
#3235 = CARTESIAN_POINT ( 'NONE',  ( 3.160000000000001030, 5.200000000000000178, 1.800000000000000044 ) ) ;
#3236 = LINE ( 'NONE', #3915, #3339 ) ;
#3237 = EDGE_CURVE ( 'NONE', #2585, #1622, #270, .T. ) ;
#3238 = EDGE_LOOP ( 'NONE', ( #280, #31, #1366, #1404 ) ) ;
#3239 = STYLED_ITEM ( 'NONE', ( #2180 ), #1380 ) ;
#3240 = DIRECTION ( 'NONE',  ( -1.000000000000000000, 0.000000000000000000, 0.000000000000000000 ) ) ;
#3241 = FACE_OUTER_BOUND ( 'NONE', #3984, .T. ) ;
#3242 = ORIENTED_EDGE ( 'NONE', *, *, #6136, .T. ) ;
#3243 = SURFACE_STYLE_USAGE ( .BOTH. , #430 ) ;
#3244 = ADVANCED_FACE ( 'NONE', ( #253 ), #4387, .F. ) ;
#3245 = COLOUR_RGB ( '',0.7921568627450980005, 0.8196078431372548767, 0.9333333333333333481 ) ;
#3246 = SURFACE_SIDE_STYLE ('',( #4522 ) ) ;
#3247 =( NAMED_UNIT ( * ) SI_UNIT ( $, .STERADIAN. ) SOLID_ANGLE_UNIT ( ) );
#3248 = FILL_AREA_STYLE ('',( #3375 ) ) ;
#3249 = DIRECTION ( 'NONE',  ( 4.336808689942016158E-15, 0.000000000000000000, -1.000000000000000000 ) ) ;
#3250 = CARTESIAN_POINT ( 'NONE',  ( 4.110000000000001208, -3.399999999999995026, 3.710000000000000409 ) ) ;
#3251 = CARTESIAN_POINT ( 'NONE',  ( -1.919999999999998597, 6.950000000000000178, 0.1999999999999998723 ) ) ;
#3252 = VERTEX_POINT ( 'NONE', #738 ) ;
#3253 = ORIENTED_EDGE ( 'NONE', *, *, #14, .F. ) ;
#3254 =( GEOMETRIC_REPRESENTATION_CONTEXT ( 3 ) GLOBAL_UNCERTAINTY_ASSIGNED_CONTEXT ( ( #293 ) ) GLOBAL_UNIT_ASSIGNED_CONTEXT ( ( #1555, #1508, #2515 ) ) REPRESENTATION_CONTEXT ( 'NONE', 'WORKASPACE' ) );
#3255 = SURFACE_STYLE_FILL_AREA ( #749 ) ;
#3256 = ORIENTED_EDGE ( 'NONE', *, *, #4979, .F. ) ;
#3257 = FILL_AREA_STYLE ('',( #5168 ) ) ;
#3258 =( LENGTH_UNIT ( ) NAMED_UNIT ( * ) SI_UNIT ( .MILLI., .METRE. ) );
#3259 =( GEOMETRIC_REPRESENTATION_CONTEXT ( 3 ) GLOBAL_UNCERTAINTY_ASSIGNED_CONTEXT ( ( #5320 ) ) GLOBAL_UNIT_ASSIGNED_CONTEXT ( ( #5144, #2246, #2749 ) ) REPRESENTATION_CONTEXT ( 'NONE', 'WORKASPACE' ) );
#3260 = CARTESIAN_POINT ( 'NONE',  ( 5.580000000000000959, 0.4000000000000348832, 4.950000000000018829 ) ) ;
#3261 = EDGE_LOOP ( 'NONE', ( #3816, #401, #3851, #5888 ) ) ;
#3262 = ORIENTED_EDGE ( 'NONE', *, *, #206, .F. ) ;
#3263 = VERTEX_POINT ( 'NONE', #3492 ) ;
#3264 = CARTESIAN_POINT ( 'NONE',  ( 0.000000000000000000, -3.900000000000000355, 0.000000000000000000 ) ) ;
#3265 = LINE ( 'NONE', #1753, #1081 ) ;
#3266 = DIRECTION ( 'NONE',  ( 0.000000000000000000, -0.000000000000000000, 1.000000000000000000 ) ) ;
#3267 = VECTOR ( 'NONE', #821, 1000.000000000000000 ) ;
#3268 = CARTESIAN_POINT ( 'NONE',  ( -5.580000000000000959, 0.4000000000000080158, -2.700000000000001954 ) ) ;
#3269 = VERTEX_POINT ( 'NONE', #3957 ) ;
#3270 = FACE_OUTER_BOUND ( 'NONE', #701, .T. ) ;
#3271 = VERTEX_POINT ( 'NONE', #3991 ) ;
#3272 = EDGE_CURVE ( 'NONE', #963, #3549, #4453, .T. ) ;
#3273 = DIRECTION ( 'NONE',  ( -1.000000000000000000, 0.000000000000000000, 7.228014483236692611E-16 ) ) ;
#3274 = LINE ( 'NONE', #5309, #5271 ) ;
#3275 =( NAMED_UNIT ( * ) SI_UNIT ( $, .STERADIAN. ) SOLID_ANGLE_UNIT ( ) );
#3276 = ORIENTED_EDGE ( 'NONE', *, *, #1282, .T. ) ;
#3277 = CARTESIAN_POINT ( 'NONE',  ( 1.120000000000001217, -3.900000000000000799, 3.910000000000000142 ) ) ;
#3278 = FACE_OUTER_BOUND ( 'NONE', #5570, .T. ) ;
#3279 = ORIENTED_EDGE ( 'NONE', *, *, #5914, .T. ) ;
#3280 = MECHANICAL_DESIGN_GEOMETRIC_PRESENTATION_REPRESENTATION (  '', ( #1013 ), #1876 ) ;
#3281 = ORIENTED_EDGE ( 'NONE', *, *, #1042, .T. ) ;
#3282 = CARTESIAN_POINT ( 'NONE',  ( 2.540000000000000036, 5.099999999999999645, 0.000000000000000000 ) ) ;
#3283 = ADVANCED_FACE ( 'NONE', ( #4443 ), #4433, .F. ) ;
#3284 = EDGE_CURVE ( 'NONE', #3794, #4777, #4465, .T. ) ;
#3285 = FACE_OUTER_BOUND ( 'NONE', #3799, .T. ) ;
#3286 = VERTEX_POINT ( 'NONE', #2164 ) ;
#3287 = SURFACE_STYLE_USAGE ( .BOTH. , #4620 ) ;
#3288 = CARTESIAN_POINT ( 'NONE',  ( -1.919999999999998597, 5.099999999999999645, -1.800000000000000044 ) ) ;
#3289 =( LENGTH_UNIT ( ) NAMED_UNIT ( * ) SI_UNIT ( .MILLI., .METRE. ) );
#3290 = CARTESIAN_POINT ( 'NONE',  ( -3.159999999999998810, 5.200000000000000178, -1.800000000000000044 ) ) ;
#3291 = CARTESIAN_POINT ( 'NONE',  ( -5.080000000000000959, 0.4000000000000328293, 4.450000000000001954 ) ) ;
#3292 = ORIENTED_EDGE ( 'NONE', *, *, #2964, .F. ) ;
#3293 = AXIS2_PLACEMENT_3D ( 'NONE', #3447, #5794, #1376 ) ;
#3294 = FACE_OUTER_BOUND ( 'NONE', #2558, .T. ) ;
#3295 = COLOUR_RGB ( '',1.000000000000000000, 0.8117647058823529438, 0.5019607843137254832 ) ;
#3296 = EDGE_LOOP ( 'NONE', ( #1389, #5874, #5461, #1821 ) ) ;
#3297 = EDGE_CURVE ( 'NONE', #448, #5859, #4477, .T. ) ;
#3298 = ADVANCED_FACE ( 'NONE', ( #2413 ), #2621, .F. ) ;
#3299 = LINE ( 'NONE', #5803, #1222 ) ;
#3300 = SURFACE_SIDE_STYLE ('',( #5612 ) ) ;
#3301 = UNCERTAINTY_MEASURE_WITH_UNIT (LENGTH_MEASURE( 1.000000000000000082E-05 ), #5750, 'distance_accuracy_value', 'NONE');
#3302 =( LENGTH_UNIT ( ) NAMED_UNIT ( * ) SI_UNIT ( .MILLI., .METRE. ) );
#3303 = EDGE_CURVE ( 'NONE', #579, #3804, #2623, .T. ) ;
#3304 = ORIENTED_EDGE ( 'NONE', *, *, #2235, .T. ) ;
#3305 =( LENGTH_UNIT ( ) NAMED_UNIT ( * ) SI_UNIT ( .MILLI., .METRE. ) );
#3306 = DIRECTION ( 'NONE',  ( -1.000000000000000000, -0.000000000000000000, 7.228014483236692611E-16 ) ) ;
#3307 = AXIS2_PLACEMENT_3D ( 'NONE', #1361, #6092, #6121 ) ;
#3308 = EDGE_CURVE ( 'NONE', #4622, #3312, #2553, .T. ) ;
#3309 = COLOUR_RGB ( '',1.000000000000000000, 0.8117647058823529438, 0.5019607843137254832 ) ;
#3310 = FILL_AREA_STYLE ('',( #4765 ) ) ;
#3311 =( GEOMETRIC_REPRESENTATION_CONTEXT ( 3 ) GLOBAL_UNCERTAINTY_ASSIGNED_CONTEXT ( ( #2201 ) ) GLOBAL_UNIT_ASSIGNED_CONTEXT ( ( #4935, #1765, #1719 ) ) REPRESENTATION_CONTEXT ( 'NONE', 'WORKASPACE' ) );
#3312 = VERTEX_POINT ( 'NONE', #1292 ) ;
#3313 = LINE ( 'NONE', #942, #5217 ) ;
#3314 = ORIENTED_EDGE ( 'NONE', *, *, #624, .T. ) ;
#3315 = EDGE_CURVE ( 'NONE', #1762, #1192, #489, .T. ) ;
#3316 = EDGE_LOOP ( 'NONE', ( #5481, #5820, #3896, #1720 ) ) ;
#3317 =( NAMED_UNIT ( * ) SI_UNIT ( $, .STERADIAN. ) SOLID_ANGLE_UNIT ( ) );
#3318 =( NAMED_UNIT ( * ) SI_UNIT ( $, .STERADIAN. ) SOLID_ANGLE_UNIT ( ) );
#3319 = LINE ( 'NONE', #99, #1207 ) ;
#3320 = DIRECTION ( 'NONE',  ( -0.9578262852211519851, 0.2873478855663433862, 0.000000000000000000 ) ) ;
#3321 = ORIENTED_EDGE ( 'NONE', *, *, #2895, .F. ) ;
#3322 = CARTESIAN_POINT ( 'NONE',  ( -0.9699999999999986411, -8.432455532033678480, 3.909999999999999254 ) ) ;
#3323 = EDGE_CURVE ( 'NONE', #477, #1724, #2588, .T. ) ;
#3324 = PLANE ( 'NONE',  #3157 ) ;
#3325 = DIRECTION ( 'NONE',  ( -0.000000000000000000, -1.000000000000000000, -0.000000000000000000 ) ) ;
#3326 = VECTOR ( 'NONE', #1424, 1000.000000000000000 ) ;
#3327 = PRESENTATION_LAYER_ASSIGNMENT (  '', '', ( #4066 ) ) ;
#3328 = ORIENTED_EDGE ( 'NONE', *, *, #5652, .F. ) ;
#3329 = DIRECTION ( 'NONE',  ( -1.000000000000000000, 0.000000000000000000, -0.000000000000000000 ) ) ;
#3330 = MECHANICAL_DESIGN_GEOMETRIC_PRESENTATION_REPRESENTATION (  '', ( #4725 ), #3621 ) ;
#3331 = LINE ( 'NONE', #4001, #5359 ) ;
#3332 = ORIENTED_EDGE ( 'NONE', *, *, #1400, .T. ) ;
#3333 = FILL_AREA_STYLE ('',( #2871 ) ) ;
#3334 = CARTESIAN_POINT ( 'NONE',  ( 3.510000000000001119, 0.6999999999999999556, 3.910000000000000142 ) ) ;
#3335 = CARTESIAN_POINT ( 'NONE',  ( 1.920000000000001483, 5.700000000000000178, -1.800000000000000044 ) ) ;
#3336 = LINE ( 'NONE', #5876, #1249 ) ;
#3337 = VERTEX_POINT ( 'NONE', #6025 ) ;
#3338 = CARTESIAN_POINT ( 'NONE',  ( 0.6200000000000016609, 10.26155281280883003, 0.1999999999999998723 ) ) ;
#3339 = VECTOR ( 'NONE', #4343, 1000.000000000000000 ) ;
#3340 = PLANE ( 'NONE',  #3517 ) ;
#3341 = DIRECTION ( 'NONE',  ( -7.228014483236692611E-16, 0.000000000000000000, 1.000000000000000000 ) ) ;
#3342 = ORIENTED_EDGE ( 'NONE', *, *, #5129, .T. ) ;
#3343 =( GEOMETRIC_REPRESENTATION_CONTEXT ( 3 ) GLOBAL_UNCERTAINTY_ASSIGNED_CONTEXT ( ( #5897 ) ) GLOBAL_UNIT_ASSIGNED_CONTEXT ( ( #1050, #2500, #2969 ) ) REPRESENTATION_CONTEXT ( 'NONE', 'WORKASPACE' ) );
#3344 =( GEOMETRIC_REPRESENTATION_CONTEXT ( 3 ) GLOBAL_UNCERTAINTY_ASSIGNED_CONTEXT ( ( #2893 ) ) GLOBAL_UNIT_ASSIGNED_CONTEXT ( ( #6155, #925, #1409 ) ) REPRESENTATION_CONTEXT ( 'NONE', 'WORKASPACE' ) );
#3345 = ADVANCED_FACE ( 'NONE', ( #440 ), #3563, .F. ) ;
#3346 = ORIENTED_EDGE ( 'NONE', *, *, #3907, .T. ) ;
#3347 = DIRECTION ( 'NONE',  ( -1.000000000000000000, -0.000000000000000000, -0.000000000000000000 ) ) ;
#3348 = CARTESIAN_POINT ( 'NONE',  ( -1.569999999999998952, -3.399999999999997247, -3.710000000000000409 ) ) ;
#3349 = ORIENTED_EDGE ( 'NONE', *, *, #363, .T. ) ;
#3350 = VECTOR ( 'NONE', #6067, 1000.000000000000114 ) ;
#3351 = FILL_AREA_STYLE ('',( #1369 ) ) ;
#3352 = DIRECTION ( 'NONE',  ( 0.000000000000000000, 0.000000000000000000, 1.000000000000000000 ) ) ;
#3353 = ORIENTED_EDGE ( 'NONE', *, *, #1869, .F. ) ;
#3354 = DIRECTION ( 'NONE',  ( 1.000000000000000000, 0.000000000000000000, -0.000000000000000000 ) ) ;
#3355 = CARTESIAN_POINT ( 'NONE',  ( 0.9700000000000020828, -3.399999999999996803, -3.910000000000000142 ) ) ;
#3356 = DIRECTION ( 'NONE',  ( -0.000000000000000000, 1.000000000000000000, -0.000000000000000000 ) ) ;
#3357 = MECHANICAL_DESIGN_GEOMETRIC_PRESENTATION_REPRESENTATION (  '', ( #5733 ), #1471 ) ;
#3358 = EDGE_CURVE ( 'NONE', #4288, #193, #530, .T. ) ;
#3359 = ORIENTED_EDGE ( 'NONE', *, *, #5921, .T. ) ;
#3360 = CLOSED_SHELL ( 'NONE', ( #5245, #4324, #4580, #3806, #2302, #734, #5896, #2792 ) ) ;
#3361 = FILL_AREA_STYLE ('',( #4331 ) ) ;
#3362 = ORIENTED_EDGE ( 'NONE', *, *, #4456, .T. ) ;
#3363 = EDGE_CURVE ( 'NONE', #4119, #4383, #2494, .T. ) ;
#3364 = COLOUR_RGB ( '',1.000000000000000000, 0.8117647058823529438, 0.5019607843137254832 ) ;
#3365 = ORIENTED_EDGE ( 'NONE', *, *, #5829, .T. ) ;
#3366 = CARTESIAN_POINT ( 'NONE',  ( 3.160000000000001474, 6.950000000000000178, 0.1999999999999998723 ) ) ;
#3367 = UNCERTAINTY_MEASURE_WITH_UNIT (LENGTH_MEASURE( 1.000000000000000082E-05 ), #706, 'distance_accuracy_value', 'NONE');
#3368 = VECTOR ( 'NONE', #1842, 1000.000000000000000 ) ;
#3369 = FILL_AREA_STYLE_COLOUR ( '', #2512 ) ;
#3370 = AXIS2_PLACEMENT_3D ( 'NONE', #3282, #387, #305 ) ;
#3371 = DIRECTION ( 'NONE',  ( 0.000000000000000000, 0.000000000000000000, -1.000000000000000000 ) ) ;
#3372 =( NAMED_UNIT ( * ) PLANE_ANGLE_UNIT ( ) SI_UNIT ( $, .RADIAN. ) );
#3373 = CARTESIAN_POINT ( 'NONE',  ( 3.510000000000002007, -3.399999999999996803, -3.910000000000000142 ) ) ;
#3374 = CARTESIAN_POINT ( 'NONE',  ( 5.580000000000000959, 9.107298248878237246E-15, -2.300000000000000266 ) ) ;
#3375 = FILL_AREA_STYLE_COLOUR ( '', #1998 ) ;
#3376 = EDGE_CURVE ( 'NONE', #3835, #2196, #4571, .T. ) ;
#3377 = ORIENTED_EDGE ( 'NONE', *, *, #1903, .F. ) ;
#3378 = UNCERTAINTY_MEASURE_WITH_UNIT (LENGTH_MEASURE( 1.000000000000000082E-05 ), #6156, 'distance_accuracy_value', 'NONE');
#3379 = VERTEX_POINT ( 'NONE', #1605 ) ;
#3380 = FILL_AREA_STYLE ('',( #4196 ) ) ;
#3381 = SURFACE_STYLE_FILL_AREA ( #5381 ) ;
#3382 = CARTESIAN_POINT ( 'NONE',  ( 5.080000000000000071, -3.900000000000000355, 0.000000000000000000 ) ) ;
#3383 = DIRECTION ( 'NONE',  ( -0.000000000000000000, -1.000000000000000000, -0.000000000000000000 ) ) ;
#3384 = MECHANICAL_DESIGN_GEOMETRIC_PRESENTATION_REPRESENTATION (  '', ( #3222 ), #3054 ) ;
#3385 = EDGE_CURVE ( 'NONE', #4746, #3522, #386, .T. ) ;
#3386 = ORIENTED_EDGE ( 'NONE', *, *, #1113, .F. ) ;
#3387 = MECHANICAL_DESIGN_GEOMETRIC_PRESENTATION_REPRESENTATION (  '', ( #2461 ), #1269 ) ;
#3388 = DIRECTION ( 'NONE',  ( 0.000000000000000000, 0.000000000000000000, 1.000000000000000000 ) ) ;
#3389 = STYLED_ITEM ( 'NONE', ( #5244 ), #2131 ) ;
#3390 = DIRECTION ( 'NONE',  ( -0.000000000000000000, -1.000000000000000000, -0.000000000000000000 ) ) ;
#3391 = ORIENTED_EDGE ( 'NONE', *, *, #3577, .T. ) ;
#3392 = FACE_OUTER_BOUND ( 'NONE', #1695, .T. ) ;
#3393 = PRESENTATION_STYLE_ASSIGNMENT (( #5500 ) ) ;
#3394 = DIRECTION ( 'NONE',  ( -0.000000000000000000, 0.000000000000000000, 1.000000000000000000 ) ) ;
#3395 = EDGE_LOOP ( 'NONE', ( #2342, #5626, #243, #5686 ) ) ;
#3396 = EDGE_CURVE ( 'NONE', #883, #4315, #4521, .T. ) ;
#3397 = CARTESIAN_POINT ( 'NONE',  ( 0.9700000000000011946, -3.399999999999995026, 3.710000000000000409 ) ) ;
#3399 = EDGE_LOOP ( 'NONE', ( #1243, #313, #2454, #3996 ) ) ;
#3398 = AXIS2_PLACEMENT_3D ( 'NONE', #2250, #5151, #4286 ) ;
#3400 = VECTOR ( 'NONE', #4175, 1000.000000000000000 ) ;
#3401 = PLANE ( 'NONE',  #5801 ) ;
#3402 = ORIENTED_EDGE ( 'NONE', *, *, #2898, .T. ) ;
#3403 = CARTESIAN_POINT ( 'NONE',  ( 4.110000000000001208, -3.399999999999995026, 3.909999999999999254 ) ) ;
#3404 = FILL_AREA_STYLE_COLOUR ( '', #5815 ) ;
#3405 = FACE_OUTER_BOUND ( 'NONE', #5523, .T. ) ;
#3406 = MECHANICAL_DESIGN_GEOMETRIC_PRESENTATION_REPRESENTATION (  '', ( #5694 ), #4270 ) ;
#3407 = ORIENTED_EDGE ( 'NONE', *, *, #4779, .T. ) ;
#3408 = ADVANCED_FACE ( 'NONE', ( #604 ), #4922, .F. ) ;
#3409 = CARTESIAN_POINT ( 'NONE',  ( -0.6199999999999985523, 5.200000000000000178, -1.800000000000000044 ) ) ;
#3410 = SURFACE_STYLE_FILL_AREA ( #2248 ) ;
#3411 = ORIENTED_EDGE ( 'NONE', *, *, #3852, .F. ) ;
#3412 = SURFACE_SIDE_STYLE ('',( #1051 ) ) ;
#3413 = DIRECTION ( 'NONE',  ( 1.000000000000000000, -0.000000000000000000, -0.000000000000000000 ) ) ;
#3414 = PLANE ( 'NONE',  #1164 ) ;
#3415 = DIRECTION ( 'NONE',  ( 0.000000000000000000, -0.000000000000000000, 1.000000000000000000 ) ) ;
#3416 = DIRECTION ( 'NONE',  ( 4.336808689942016158E-15, 0.000000000000000000, -1.000000000000000000 ) ) ;
#3417 =( NAMED_UNIT ( * ) SI_UNIT ( $, .STERADIAN. ) SOLID_ANGLE_UNIT ( ) );
#3418 = ORIENTED_EDGE ( 'NONE', *, *, #2847, .F. ) ;
#3419 = AXIS2_PLACEMENT_3D ( 'NONE', #4108, #3697, #4749 ) ;
#3420 = ORIENTED_EDGE ( 'NONE', *, *, #3048, .T. ) ;
#3421 = MANIFOLD_SOLID_BREP ( 'LPattern2[4]', #5194 ) ;
#3422 = LINE ( 'NONE', #1606, #5385 ) ;
#3423 = ORIENTED_EDGE ( 'NONE', *, *, #875, .F. ) ;
#3424 =( NAMED_UNIT ( * ) SI_UNIT ( $, .STERADIAN. ) SOLID_ANGLE_UNIT ( ) );
#3425 = ORIENTED_EDGE ( 'NONE', *, *, #4043, .T. ) ;
#3426 = FILL_AREA_STYLE ('',( #4269 ) ) ;
#3427 = CARTESIAN_POINT ( 'NONE',  ( -5.580000000000000959, 5.700000000000000178, 4.950000000000000178 ) ) ;
#3428 = ORIENTED_EDGE ( 'NONE', *, *, #5489, .T. ) ;
#3429 = STYLED_ITEM ( 'NONE', ( #5537 ), #3965 ) ;
#3430 = VERTEX_POINT ( 'NONE', #944 ) ;
#3431 = AXIS2_PLACEMENT_3D ( 'NONE', #1333, #175, #1180 ) ;
#3432 = VECTOR ( 'NONE', #74, 1000.000000000000000 ) ;
#3433 = DIRECTION ( 'NONE',  ( 1.000000000000000000, 0.000000000000000000, 0.000000000000000000 ) ) ;
#3434 = EDGE_LOOP ( 'NONE', ( #1460, #5580, #1509, #503, #5643, #1636 ) ) ;
#3435 = DIRECTION ( 'NONE',  ( 0.000000000000000000, -0.000000000000000000, 1.000000000000000000 ) ) ;
#3436 = PRESENTATION_LAYER_ASSIGNMENT (  '', '', ( #2437 ) ) ;
#3437 = DIRECTION ( 'NONE',  ( 1.000000000000000000, 0.000000000000000000, 0.000000000000000000 ) ) ;
#3438 = FACE_OUTER_BOUND ( 'NONE', #1819, .T. ) ;
#3439 = ORIENTED_EDGE ( 'NONE', *, *, #2386, .F. ) ;
#3440 = FILL_AREA_STYLE ('',( #27 ) ) ;
#3441 = DIRECTION ( 'NONE',  ( 1.000000000000000000, 0.000000000000000000, 0.000000000000000000 ) ) ;
#3442 = SURFACE_SIDE_STYLE ('',( #897 ) ) ;
#3443 = EDGE_LOOP ( 'NONE', ( #4619, #3546, #5584, #592 ) ) ;
#3444 = EDGE_CURVE ( 'NONE', #1677, #5699, #2482, .T. ) ;
#3445 = ORIENTED_EDGE ( 'NONE', *, *, #2849, .T. ) ;
#3446 = UNCERTAINTY_MEASURE_WITH_UNIT (LENGTH_MEASURE( 1.000000000000000082E-05 ), #2872, 'distance_accuracy_value', 'NONE');
#3447 = CARTESIAN_POINT ( 'NONE',  ( 1.570000000000001616, -3.399999999999995026, -3.909999999999999254 ) ) ;
#3448 = STYLED_ITEM ( 'NONE', ( #2230 ), #2887 ) ;
#3449 = MECHANICAL_DESIGN_GEOMETRIC_PRESENTATION_REPRESENTATION (  '', ( #682 ), #540 ) ;
#3450 = CLOSED_SHELL ( 'NONE', ( #1057, #871, #1179, #3965, #3345, #115, #6148, #2652 ) ) ;
#3451 = LINE ( 'NONE', #2047, #3461 ) ;
#3452 = FILL_AREA_STYLE ('',( #4850 ) ) ;
#3453 = ORIENTED_EDGE ( 'NONE', *, *, #2094, .T. ) ;
#3454 = DIRECTION ( 'NONE',  ( 0.000000000000000000, 0.000000000000000000, 1.000000000000000000 ) ) ;
#3455 = DIRECTION ( 'NONE',  ( 0.000000000000000000, -1.000000000000000000, 0.000000000000000000 ) ) ;
#3456 = VERTEX_POINT ( 'NONE', #903 ) ;
#3457 = EDGE_CURVE ( 'NONE', #4698, #2334, #4601, .T. ) ;
#3458 = ORIENTED_EDGE ( 'NONE', *, *, #5742, .T. ) ;
#3459 = DIRECTION ( 'NONE',  ( 0.000000000000000000, 0.000000000000000000, -1.000000000000000000 ) ) ;
#3460 = EDGE_CURVE ( 'NONE', #4257, #3102, #2562, .T. ) ;
#3461 = VECTOR ( 'NONE', #92, 1000.000000000000000 ) ;
#3462 = EDGE_LOOP ( 'NONE', ( #5008, #1839, #241, #214 ) ) ;
#3463 =( GEOMETRIC_REPRESENTATION_CONTEXT ( 3 ) GLOBAL_UNCERTAINTY_ASSIGNED_CONTEXT ( ( #4731 ) ) GLOBAL_UNIT_ASSIGNED_CONTEXT ( ( #43, #1465, #5294 ) ) REPRESENTATION_CONTEXT ( 'NONE', 'WORKASPACE' ) );
#3464 = FILL_AREA_STYLE ('',( #1396 ) ) ;
#3465 = ORIENTED_EDGE ( 'NONE', *, *, #1957, .T. ) ;
#3466 = LINE ( 'NONE', #509, #5609 ) ;
#3467 = CARTESIAN_POINT ( 'NONE',  ( 0.9700000000000011946, -3.399999999999997247, -3.710000000000000409 ) ) ;
#3468 = FACE_OUTER_BOUND ( 'NONE', #5602, .T. ) ;
#3469 = SURFACE_SIDE_STYLE ('',( #5701 ) ) ;
#3470 = ORIENTED_EDGE ( 'NONE', *, *, #2781, .F. ) ;
#3471 = STYLED_ITEM ( 'NONE', ( #852 ), #834 ) ;
#3472 = ORIENTED_EDGE ( 'NONE', *, *, #868, .F. ) ;
#3473 = CARTESIAN_POINT ( 'NONE',  ( -5.080000000000000959, 0.000000000000000000, 4.450000000000001066 ) ) ;
#3474 = FILL_AREA_STYLE_COLOUR ( '', #3295 ) ;
#3475 = AXIS2_PLACEMENT_3D ( 'NONE', #2996, #4436, #5233 ) ;
#3476 = ORIENTED_EDGE ( 'NONE', *, *, #2982, .F. ) ;
#3477 = CARTESIAN_POINT ( 'NONE',  ( 3.160000000000001474, 5.200000000000000178, -1.800000000000000044 ) ) ;
#3478 = CARTESIAN_POINT ( 'NONE',  ( 3.160000000000001474, 10.26155281280883003, 0.1999999999999998723 ) ) ;
#3479 = VECTOR ( 'NONE', #2087, 1000.000000000000000 ) ;
#3480 = ORIENTED_EDGE ( 'NONE', *, *, #1181, .T. ) ;
#3481 = ADVANCED_FACE ( 'NONE', ( #4624 ), #4191, .F. ) ;
#3482 = VECTOR ( 'NONE', #1702, 1000.000000000000000 ) ;
#3483 = ORIENTED_EDGE ( 'NONE', *, *, #893, .F. ) ;
#3484 = CARTESIAN_POINT ( 'NONE',  ( -1.919999999999998597, 5.200000000000000178, 1.800000000000000044 ) ) ;
#3485 = ORIENTED_EDGE ( 'NONE', *, *, #1565, .T. ) ;
#3486 = CARTESIAN_POINT ( 'NONE',  ( 3.510000000000002007, -8.432455532033678480, -3.910000000000000142 ) ) ;
#3487 = DIRECTION ( 'NONE',  ( 0.000000000000000000, 0.000000000000000000, 1.000000000000000000 ) ) ;
#3488 = VERTEX_POINT ( 'NONE', #3754 ) ;
#3489 = LINE ( 'NONE', #2125, #5536 ) ;
#3490 = ADVANCED_FACE ( 'NONE', ( #565 ), #6112, .F. ) ;
#3491 = ORIENTED_EDGE ( 'NONE', *, *, #4641, .T. ) ;
#3492 = CARTESIAN_POINT ( 'NONE',  ( 5.080000000000000959, 0.4000000000000080158, 2.700000000000005507 ) ) ;
#3493 = VERTEX_POINT ( 'NONE', #5213 ) ;
#3494 = PRESENTATION_LAYER_ASSIGNMENT (  '', '', ( #5093 ) ) ;
#3495 = PLANE ( 'NONE',  #2783 ) ;
#3496 = EDGE_CURVE ( 'NONE', #1006, #3821, #629, .T. ) ;
#3497 =( NAMED_UNIT ( * ) PLANE_ANGLE_UNIT ( ) SI_UNIT ( $, .RADIAN. ) );
#3498 = DIRECTION ( 'NONE',  ( 0.000000000000000000, 0.000000000000000000, 1.000000000000000000 ) ) ;
#3499 = CARTESIAN_POINT ( 'NONE',  ( -4.109999999999999432, -8.432455532033678480, 3.710000000000000409 ) ) ;
#3500 = SURFACE_SIDE_STYLE ('',( #1684 ) ) ;
#3501 = ORIENTED_EDGE ( 'NONE', *, *, #3237, .F. ) ;
#3502 = FACE_OUTER_BOUND ( 'NONE', #3562, .T. ) ;
#3503 = AXIS2_PLACEMENT_3D ( 'NONE', #1275, #3168, #4508 ) ;
#3504 = PRESENTATION_LAYER_ASSIGNMENT (  '', '', ( #3208 ) ) ;
#3505 = EDGE_CURVE ( 'NONE', #5615, #2092, #733, .T. ) ;
#3506 = CARTESIAN_POINT ( 'NONE',  ( -0.6199999999999985523, 5.200000000000000178, 0.1999999999999998723 ) ) ;
#3507 = DIRECTION ( 'NONE',  ( -4.336808689942016158E-15, 0.000000000000000000, 1.000000000000000000 ) ) ;
#3508 = LINE ( 'NONE', #1420, #1326 ) ;
#3509 = ORIENTED_EDGE ( 'NONE', *, *, #2460, .F. ) ;
#3510 = PLANE ( 'NONE',  #1627 ) ;
#3511 = EDGE_LOOP ( 'NONE', ( #2649, #1132, #3533, #3143 ) ) ;
#3512 = CARTESIAN_POINT ( 'NONE',  ( 5.380000000000000782, 2.600000000000000533, -0.7999999999999999334 ) ) ;
#3513 = DIRECTION ( 'NONE',  ( -1.000000000000000000, 0.000000000000000000, -0.000000000000000000 ) ) ;
#3514 = FILL_AREA_STYLE ('',( #1595 ) ) ;
#3515 = UNCERTAINTY_MEASURE_WITH_UNIT (LENGTH_MEASURE( 1.000000000000000082E-05 ), #5619, 'distance_accuracy_value', 'NONE');
#3516 = STYLED_ITEM ( 'NONE', ( #158 ), #3298 ) ;
#3517 = AXIS2_PLACEMENT_3D ( 'NONE', #3883, #996, #866 ) ;
#3518 = LINE ( 'NONE', #4817, #3558 ) ;
#3519 = LINE ( 'NONE', #3677, #3400 ) ;
#3520 = CARTESIAN_POINT ( 'NONE',  ( 0.9700000000000011946, 0.6999999999999999556, 3.910000000000000142 ) ) ;
#3521 = CARTESIAN_POINT ( 'NONE',  ( -4.459999999999999076, 5.099999999999999645, -1.800000000000000044 ) ) ;
#3522 = VERTEX_POINT ( 'NONE', #3251 ) ;
#3523 = EDGE_CURVE ( 'NONE', #1598, #3020, #760, .T. ) ;
#3524 = CIRCLE ( 'NONE', #3694, 0.2000000000000005107 ) ;
#3525 = VERTEX_POINT ( 'NONE', #1910 ) ;
#3526 = DIRECTION ( 'NONE',  ( 0.000000000000000000, -0.000000000000000000, -1.000000000000000000 ) ) ;
#3527 = SURFACE_STYLE_USAGE ( .BOTH. , #4345 ) ;
#3528 =( NAMED_UNIT ( * ) PLANE_ANGLE_UNIT ( ) SI_UNIT ( $, .RADIAN. ) );
#3529 = EDGE_CURVE ( 'NONE', #5763, #4383, #643, .T. ) ;
#3530 =( GEOMETRIC_REPRESENTATION_CONTEXT ( 3 ) GLOBAL_UNCERTAINTY_ASSIGNED_CONTEXT ( ( #2695 ) ) GLOBAL_UNIT_ASSIGNED_CONTEXT ( ( #3289, #3372, #5293 ) ) REPRESENTATION_CONTEXT ( 'NONE', 'WORKASPACE' ) );
#3531 = LINE ( 'NONE', #5479, #5588 ) ;
#3532 = DIRECTION ( 'NONE',  ( -0.000000000000000000, -1.000000000000000000, -0.000000000000000000 ) ) ;
#3533 = ORIENTED_EDGE ( 'NONE', *, *, #3376, .F. ) ;
#3534 = EDGE_LOOP ( 'NONE', ( #646, #3149, #4854, #1358 ) ) ;
#3535 = DIRECTION ( 'NONE',  ( 0.000000000000000000, 0.000000000000000000, -1.000000000000000000 ) ) ;
#3536 = CARTESIAN_POINT ( 'NONE',  ( 0.6200000000000016609, 6.950000000000000178, 1.800000000000000044 ) ) ;
#3537 = VECTOR ( 'NONE', #4325, 1000.000000000000000 ) ;
#3538 = VERTEX_POINT ( 'NONE', #1425 ) ;
#3539 = PRESENTATION_STYLE_ASSIGNMENT (( #2581 ) ) ;
#3540 = DIRECTION ( 'NONE',  ( -0.2873478855663433862, -0.9578262852211519851, -2.076954678600969878E-16 ) ) ;
#3541 = LINE ( 'NONE', #3209, #3482 ) ;
#3542 = VERTEX_POINT ( 'NONE', #2875 ) ;
#3543 =( GEOMETRIC_REPRESENTATION_CONTEXT ( 3 ) GLOBAL_UNCERTAINTY_ASSIGNED_CONTEXT ( ( #6046 ) ) GLOBAL_UNIT_ASSIGNED_CONTEXT ( ( #3091, #4978, #5989 ) ) REPRESENTATION_CONTEXT ( 'NONE', 'WORKASPACE' ) );
#3544 = ORIENTED_EDGE ( 'NONE', *, *, #1015, .T. ) ;
#3545 = PRESENTATION_STYLE_ASSIGNMENT (( #6150 ) ) ;
#3546 = ORIENTED_EDGE ( 'NONE', *, *, #5525, .T. ) ;
#3547 = AXIS2_PLACEMENT_3D ( 'NONE', #671, #5956, #1045 ) ;
#3548 = DIRECTION ( 'NONE',  ( 1.000000000000000000, 0.000000000000000000, 1.445602896647340692E-15 ) ) ;
#3549 = VERTEX_POINT ( 'NONE', #3335 ) ;
#3550 = CARTESIAN_POINT ( 'NONE',  ( -3.509999999999998899, 0.6999999999999999556, 3.710000000000000409 ) ) ;
#3551 = LINE ( 'NONE', #403, #3620 ) ;
#3552 = ORIENTED_EDGE ( 'NONE', *, *, #3284, .T. ) ;
#3553 = SURFACE_STYLE_USAGE ( .BOTH. , #2113 ) ;
#3554 = EDGE_LOOP ( 'NONE', ( #3060, #1353, #3893, #3428 ) ) ;
#3555 = DIRECTION ( 'NONE',  ( -0.000000000000000000, 1.000000000000000000, -0.000000000000000000 ) ) ;
#3556 = PLANE ( 'NONE',  #483 ) ;
#3557 = VERTEX_POINT ( 'NONE', #2301 ) ;
#3558 = VECTOR ( 'NONE', #4771, 1000.000000000000000 ) ;
#3559 = ORIENTED_EDGE ( 'NONE', *, *, #4301, .F. ) ;
#3560 = FACE_OUTER_BOUND ( 'NONE', #3614, .T. ) ;
#3561 = EDGE_CURVE ( 'NONE', #3020, #3379, #4813, .T. ) ;
#3562 = EDGE_LOOP ( 'NONE', ( #3472, #3936, #5980, #3791, #3407, #5834 ) ) ;
#3563 = PLANE ( 'NONE',  #4480 ) ;
#3564 = PLANE ( 'NONE',  #2168 ) ;
#3565 = ORIENTED_EDGE ( 'NONE', *, *, #2024, .T. ) ;
#3566 =( NAMED_UNIT ( * ) SI_UNIT ( $, .STERADIAN. ) SOLID_ANGLE_UNIT ( ) );
#3567 = DIRECTION ( 'NONE',  ( -0.000000000000000000, 1.000000000000000000, -1.858632295689434031E-15 ) ) ;
#3568 = VERTEX_POINT ( 'NONE', #3374 ) ;
#3569 = CARTESIAN_POINT ( 'NONE',  ( 0.000000000000000000, 0.000000000000000000, 0.000000000000000000 ) ) ;
#3570 = DIRECTION ( 'NONE',  ( -1.000000000000000000, 0.000000000000000000, -0.000000000000000000 ) ) ;
#3571 = PLANE ( 'NONE',  #61 ) ;
#3572 = VECTOR ( 'NONE', #3783, 1000.000000000000000 ) ;
#3573 = CLOSED_SHELL ( 'NONE', ( #6006, #3724, #3065, #4006, #2041, #5728, #3283, #4859 ) ) ;
#3574 = STYLED_ITEM ( 'NONE', ( #296 ), #4821 ) ;
#3575 = CIRCLE ( 'NONE', #3601, 0.2000000000000005107 ) ;
#3576 = ORIENTED_EDGE ( 'NONE', *, *, #1334, .T. ) ;
#3577 = EDGE_CURVE ( 'NONE', #1287, #3918, #4775, .T. ) ;
#3578 = CARTESIAN_POINT ( 'NONE',  ( 4.460000000000000853, 5.700000000000000178, 1.800000000000000044 ) ) ;
#3579 = ORIENTED_EDGE ( 'NONE', *, *, #4174, .T. ) ;
#3580 = LINE ( 'NONE', #971, #1503 ) ;
#3581 = FILL_AREA_STYLE_COLOUR ( '', #5928 ) ;
#3582 = DIRECTION ( 'NONE',  ( -1.445602896647338522E-15, 0.000000000000000000, -1.000000000000000000 ) ) ;
#3583 = CLOSED_SHELL ( 'NONE', ( #4520, #6049, #3928, #4099, #5682, #1900, #2315, #4662 ) ) ;
#3584 = PRESENTATION_STYLE_ASSIGNMENT (( #5650 ) ) ;
#3585 = FILL_AREA_STYLE_COLOUR ( '', #4805 ) ;
#3586 =( GEOMETRIC_REPRESENTATION_CONTEXT ( 3 ) GLOBAL_UNCERTAINTY_ASSIGNED_CONTEXT ( ( #2767 ) ) GLOBAL_UNIT_ASSIGNED_CONTEXT ( ( #566, #5744, #5697 ) ) REPRESENTATION_CONTEXT ( 'NONE', 'WORKASPACE' ) );
#3587 = ORIENTED_EDGE ( 'NONE', *, *, #962, .T. ) ;
#3588 = ORIENTED_EDGE ( 'NONE', *, *, #4304, .T. ) ;
#3589 = CARTESIAN_POINT ( 'NONE',  ( 5.580000000000000959, 2.600000000000000533, -0.7999999999999999334 ) ) ;
#3590 = EDGE_CURVE ( 'NONE', #3096, #3891, #2725, .T. ) ;
#3591 = LINE ( 'NONE', #1108, #1532 ) ;
#3592 = FILL_AREA_STYLE ('',( #2762 ) ) ;
#3593 = VERTEX_POINT ( 'NONE', #4711 ) ;
#3594 = ADVANCED_FACE ( 'NONE', ( #2769 ), #1466, .T. ) ;
#3595 = UNCERTAINTY_MEASURE_WITH_UNIT (LENGTH_MEASURE( 1.000000000000000082E-05 ), #268, 'distance_accuracy_value', 'NONE');
#3596 = CARTESIAN_POINT ( 'NONE',  ( 3.160000000000001474, 5.200000000000000178, 0.1999999999999998723 ) ) ;
#3597 = VERTEX_POINT ( 'NONE', #4380 ) ;
#3598 = AXIS2_PLACEMENT_3D ( 'NONE', #1068, #2055, #580 ) ;
#3599 = EDGE_CURVE ( 'NONE', #981, #2647, #670, .T. ) ;
#3600 = ORIENTED_EDGE ( 'NONE', *, *, #4835, .T. ) ;
#3601 = AXIS2_PLACEMENT_3D ( 'NONE', #1357, #2394, #4792 ) ;
#3602 = DIRECTION ( 'NONE',  ( 0.000000000000000000, 1.000000000000000000, 0.000000000000000000 ) ) ;
#3603 = FACE_BOUND ( 'NONE', #5828, .T. ) ;
#3604 =( NAMED_UNIT ( * ) PLANE_ANGLE_UNIT ( ) SI_UNIT ( $, .RADIAN. ) );
#3605 = ORIENTED_EDGE ( 'NONE', *, *, #1565, .F. ) ;
#3606 = FACE_OUTER_BOUND ( 'NONE', #3135, .T. ) ;
#3607 = VECTOR ( 'NONE', #102, 1000.000000000000000 ) ;
#3608 = DIRECTION ( 'NONE',  ( 0.000000000000000000, 1.000000000000000000, 0.000000000000000000 ) ) ;
#3609 = EDGE_CURVE ( 'NONE', #6000, #4656, #2812, .T. ) ;
#3610 = ORIENTED_EDGE ( 'NONE', *, *, #3685, .F. ) ;
#3611 =( LENGTH_UNIT ( ) NAMED_UNIT ( * ) SI_UNIT ( .MILLI., .METRE. ) );
#3612 = EDGE_LOOP ( 'NONE', ( #5152, #5131, #2422, #1270 ) ) ;
#3613 = DIRECTION ( 'NONE',  ( 0.000000000000000000, -1.000000000000000000, 0.000000000000000000 ) ) ;
#3614 = EDGE_LOOP ( 'NONE', ( #2959, #4638, #1752, #3741 ) ) ;
#3615 = EDGE_CURVE ( 'NONE', #5174, #5324, #4748, .T. ) ;
#3616 = AXIS2_PLACEMENT_3D ( 'NONE', #2986, #2908, #1979 ) ;
#3617 = DIRECTION ( 'NONE',  ( -0.000000000000000000, -0.000000000000000000, 1.000000000000000000 ) ) ;
#3618 = COLOUR_RGB ( '',0.7921568627450980005, 0.8196078431372548767, 0.9333333333333333481 ) ;
#3619 = ORIENTED_EDGE ( 'NONE', *, *, #1737, .F. ) ;
#3620 = VECTOR ( 'NONE', #1951, 1000.000000000000000 ) ;
#3621 =( GEOMETRIC_REPRESENTATION_CONTEXT ( 3 ) GLOBAL_UNCERTAINTY_ASSIGNED_CONTEXT ( ( #4736 ) ) GLOBAL_UNIT_ASSIGNED_CONTEXT ( ( #6028, #5393, #4936 ) ) REPRESENTATION_CONTEXT ( 'NONE', 'WORKASPACE' ) );
#3622 = ORIENTED_EDGE ( 'NONE', *, *, #3852, .T. ) ;
#3623 = DIRECTION ( 'NONE',  ( -1.000000000000000000, 0.000000000000000000, 0.000000000000000000 ) ) ;
#3624 = VERTEX_POINT ( 'NONE', #1516 ) ;
#3625 = EDGE_LOOP ( 'NONE', ( #2493, #1026, #5930, #5822 ) ) ;
#3626 =( NAMED_UNIT ( * ) PLANE_ANGLE_UNIT ( ) SI_UNIT ( $, .RADIAN. ) );
#3627 = CARTESIAN_POINT ( 'NONE',  ( -5.380000000000000782, 4.000000000000000000, -2.199999999999999734 ) ) ;
#3628 = SURFACE_SIDE_STYLE ('',( #3410 ) ) ;
#3629 = DIRECTION ( 'NONE',  ( -0.000000000000000000, 1.000000000000000000, -0.000000000000000000 ) ) ;
#3630 = ORIENTED_EDGE ( 'NONE', *, *, #3992, .T. ) ;
#3631 =( NAMED_UNIT ( * ) SI_UNIT ( $, .STERADIAN. ) SOLID_ANGLE_UNIT ( ) );
#3632 = FACE_OUTER_BOUND ( 'NONE', #4663, .T. ) ;
#3633 = ORIENTED_EDGE ( 'NONE', *, *, #5268, .T. ) ;
#3634 = COLOUR_RGB ( '',1.000000000000000000, 0.8117647058823529438, 0.5019607843137254832 ) ;
#3635 = CARTESIAN_POINT ( 'NONE',  ( 3.510000000000002007, -8.432455532033678480, -3.910000000000000142 ) ) ;
#3636 = ADVANCED_FACE ( 'NONE', ( #4825 ), #652, .F. ) ;
#3637 = ORIENTED_EDGE ( 'NONE', *, *, #4304, .F. ) ;
#3638 = PRESENTATION_STYLE_ASSIGNMENT (( #4408 ) ) ;
#3639 = DIRECTION ( 'NONE',  ( 0.000000000000000000, 0.000000000000000000, -1.000000000000000000 ) ) ;
#3640 = PLANE ( 'NONE',  #186 ) ;
#3641 = CLOSED_SHELL ( 'NONE', ( #612, #173, #4140, #2270, #6164, #905, #275, #3709 ) ) ;
#3642 =( LENGTH_UNIT ( ) NAMED_UNIT ( * ) SI_UNIT ( .MILLI., .METRE. ) );
#3643 = VERTEX_POINT ( 'NONE', #5851 ) ;
#3644 = DIRECTION ( 'NONE',  ( -1.000000000000000000, -0.000000000000000000, 1.445602896647338522E-15 ) ) ;
#3645 = DIRECTION ( 'NONE',  ( 1.000000000000000000, 0.000000000000000000, 1.445602896647340692E-15 ) ) ;
#3646 = ORIENTED_EDGE ( 'NONE', *, *, #3708, .T. ) ;
#3647 = STYLED_ITEM ( 'NONE', ( #1236 ), #3928 ) ;
#3648 =( GEOMETRIC_REPRESENTATION_CONTEXT ( 3 ) GLOBAL_UNCERTAINTY_ASSIGNED_CONTEXT ( ( #1135 ) ) GLOBAL_UNIT_ASSIGNED_CONTEXT ( ( #2788, #1331, #1964 ) ) REPRESENTATION_CONTEXT ( 'NONE', 'WORKASPACE' ) );
#3649 = ORIENTED_EDGE ( 'NONE', *, *, #6167, .F. ) ;
#3650 = ADVANCED_FACE ( 'NONE', ( #2842 ), #4967, .F. ) ;
#3651 = SURFACE_STYLE_FILL_AREA ( #3858 ) ;
#3652 = PRESENTATION_STYLE_ASSIGNMENT (( #1693 ) ) ;
#3653 = FACE_OUTER_BOUND ( 'NONE', #502, .T. ) ;
#3654 = VERTEX_POINT ( 'NONE', #2127 ) ;
#3655 = CARTESIAN_POINT ( 'NONE',  ( -1.919999999999998597, 5.200000000000000178, 0.1999999999999998723 ) ) ;
#3656 = ORIENTED_EDGE ( 'NONE', *, *, #3125, .T. ) ;
#3657 = CARTESIAN_POINT ( 'NONE',  ( -3.159999999999998810, 10.26155281280883003, 1.800000000000000044 ) ) ;
#3658 = LINE ( 'NONE', #1401, #5637 ) ;
#3659 = ORIENTED_EDGE ( 'NONE', *, *, #5431, .F. ) ;
#3660 = PRESENTATION_LAYER_ASSIGNMENT (  '', '', ( #594 ) ) ;
#3661 = DIRECTION ( 'NONE',  ( 0.000000000000000000, -0.000000000000000000, 1.000000000000000000 ) ) ;
#3662 = DIRECTION ( 'NONE',  ( -0.000000000000000000, 1.000000000000000000, -0.000000000000000000 ) ) ;
#3663 = EDGE_CURVE ( 'NONE', #2412, #4315, #2850, .T. ) ;
#3664 = LINE ( 'NONE', #3536, #5562 ) ;
#3665 = ORIENTED_EDGE ( 'NONE', *, *, #2529, .F. ) ;
#3666 = LINE ( 'NONE', #1392, #5710 ) ;
#3667 = ORIENTED_EDGE ( 'NONE', *, *, #1812, .T. ) ;
#3668 = SURFACE_STYLE_USAGE ( .BOTH. , #5550 ) ;
#3669 = EDGE_CURVE ( 'NONE', #3047, #476, #620, .T. ) ;
#3670 = VERTEX_POINT ( 'NONE', #2566 ) ;
#3671 = LINE ( 'NONE', #2314, #5776 ) ;
#3672 = VERTEX_POINT ( 'NONE', #3024 ) ;
#3673 = CARTESIAN_POINT ( 'NONE',  ( -3.509999999999998899, -8.432455532033678480, -3.909999999999999254 ) ) ;
#3674 = AXIS2_PLACEMENT_3D ( 'NONE', #2453, #3441, #4878 ) ;
#3675 = EDGE_LOOP ( 'NONE', ( #5838, #3165, #1478, #127 ) ) ;
#3676 = SURFACE_SIDE_STYLE ('',( #5045 ) ) ;
#3677 = CARTESIAN_POINT ( 'NONE',  ( -5.580000000000000959, 5.700000000000000178, 4.950000000000000178 ) ) ;
#3678 = SURFACE_STYLE_USAGE ( .BOTH. , #782 ) ;
#3679 = ORIENTED_EDGE ( 'NONE', *, *, #1894, .F. ) ;
#3680 = LINE ( 'NONE', #3322, #5793 ) ;
#3681 = CARTESIAN_POINT ( 'NONE',  ( 1.119999999999984786, -3.900000000000000355, -1.717376241217045334E-14 ) ) ;
#3682 = VECTOR ( 'NONE', #5263, 1000.000000000000000 ) ;
#3683 = ORIENTED_EDGE ( 'NONE', *, *, #804, .F. ) ;
#3684 = ORIENTED_EDGE ( 'NONE', *, *, #1323, .F. ) ;
#3685 = EDGE_CURVE ( 'NONE', #3597, #203, #937, .T. ) ;
#3686 = PRESENTATION_STYLE_ASSIGNMENT (( #1080 ) ) ;
#3687 = UNCERTAINTY_MEASURE_WITH_UNIT (LENGTH_MEASURE( 1.000000000000000082E-05 ), #2551, 'distance_accuracy_value', 'NONE');
#3688 = DIRECTION ( 'NONE',  ( 0.000000000000000000, -0.000000000000000000, 1.000000000000000000 ) ) ;
#3689 = EDGE_LOOP ( 'NONE', ( #1245, #358, #3659, #3213 ) ) ;
#3690 = PRESENTATION_LAYER_ASSIGNMENT (  '', '', ( #6061 ) ) ;
#3691 = EDGE_CURVE ( 'NONE', #3538, #1115, #5051, .T. ) ;
#3692 = PLANE ( 'NONE',  #911 ) ;
#3693 = ORIENTED_EDGE ( 'NONE', *, *, #3272, .F. ) ;
#3694 = AXIS2_PLACEMENT_3D ( 'NONE', #2744, #145, #2985 ) ;
#3695 = LINE ( 'NONE', #511, #1619 ) ;
#3696 = PRESENTATION_STYLE_ASSIGNMENT (( #4484 ) ) ;
#3697 = DIRECTION ( 'NONE',  ( -0.000000000000000000, 1.000000000000000000, 0.000000000000000000 ) ) ;
#3698 = VECTOR ( 'NONE', #1432, 1000.000000000000000 ) ;
#3699 = ORIENTED_EDGE ( 'NONE', *, *, #5829, .F. ) ;
#3700 = MANIFOLD_SOLID_BREP ( 'LPattern3[2]', #2486 ) ;
#3701 = CARTESIAN_POINT ( 'NONE',  ( -5.080000000000000959, 0.2000000000000078937, -2.700000000000001510 ) ) ;
#3702 = ORIENTED_EDGE ( 'NONE', *, *, #602, .F. ) ;
#3703 = CARTESIAN_POINT ( 'NONE',  ( -5.580000000000000959, 0.4000000000000001887, -4.950000000000002842 ) ) ;
#3704 = FILL_AREA_STYLE_COLOUR ( '', #2867 ) ;
#3705 = ORIENTED_EDGE ( 'NONE', *, *, #808, .T. ) ;
#3706 = FACE_OUTER_BOUND ( 'NONE', #3554, .T. ) ;
#3707 = DIRECTION ( 'NONE',  ( -1.000000000000000000, 0.000000000000000000, 0.000000000000000000 ) ) ;
#3708 = EDGE_CURVE ( 'NONE', #3549, #3525, #4974, .T. ) ;
#3709 = ADVANCED_FACE ( 'NONE', ( #5038 ), #4129, .F. ) ;
#3710 = ORIENTED_EDGE ( 'NONE', *, *, #1568, .F. ) ;
#3711 = PRESENTATION_STYLE_ASSIGNMENT (( #2739 ) ) ;
#3712 =( GEOMETRIC_REPRESENTATION_CONTEXT ( 3 ) GLOBAL_UNCERTAINTY_ASSIGNED_CONTEXT ( ( #1289 ) ) GLOBAL_UNIT_ASSIGNED_CONTEXT ( ( #648, #4340, #983 ) ) REPRESENTATION_CONTEXT ( 'NONE', 'WORKASPACE' ) );
#3713 = ORIENTED_EDGE ( 'NONE', *, *, #4241, .T. ) ;
#3714 = DIRECTION ( 'NONE',  ( 0.000000000000000000, -0.000000000000000000, 1.000000000000000000 ) ) ;
#3715 = FILL_AREA_STYLE ('',( #3215 ) ) ;
#3716 =( GEOMETRIC_REPRESENTATION_CONTEXT ( 3 ) GLOBAL_UNCERTAINTY_ASSIGNED_CONTEXT ( ( #2277 ) ) GLOBAL_UNIT_ASSIGNED_CONTEXT ( ( #4246, #336, #4277 ) ) REPRESENTATION_CONTEXT ( 'NONE', 'WORKASPACE' ) );
#3717 = ORIENTED_EDGE ( 'NONE', *, *, #2304, .T. ) ;
#3718 = FILL_AREA_STYLE_COLOUR ( '', #4032 ) ;
#3719 = LINE ( 'NONE', #1146, #5758 ) ;
#3720 = DIRECTION ( 'NONE',  ( -0.000000000000000000, 1.000000000000000000, -0.000000000000000000 ) ) ;
#3721 = LINE ( 'NONE', #5693, #3846 ) ;
#3722 = LINE ( 'NONE', #4993, #171 ) ;
#3723 = VERTEX_POINT ( 'NONE', #4095 ) ;
#3724 = ADVANCED_FACE ( 'NONE', ( #5096 ), #3767, .F. ) ;
#3725 = LINE ( 'NONE', #2921, #5698 ) ;
#3726 = ORIENTED_EDGE ( 'NONE', *, *, #1574, .T. ) ;
#3727 = VERTEX_POINT ( 'NONE', #2776 ) ;
#3728 = SURFACE_STYLE_USAGE ( .BOTH. , #5099 ) ;
#3729 = LINE ( 'NONE', #4535, #3776 ) ;
#3730 = CARTESIAN_POINT ( 'NONE',  ( -5.580000000000000959, 4.000000000000000000, 0.7999999999999974909 ) ) ;
#3731 = VECTOR ( 'NONE', #4046, 1000.000000000000000 ) ;
#3732 = SURFACE_SIDE_STYLE ('',( #4093 ) ) ;
#3733 =( NAMED_UNIT ( * ) SI_UNIT ( $, .STERADIAN. ) SOLID_ANGLE_UNIT ( ) );
#3734 = VERTEX_POINT ( 'NONE', #2199 ) ;
#3735 = SURFACE_STYLE_USAGE ( .BOTH. , #816 ) ;
#3736 = COLOUR_RGB ( '',0.7921568627450980005, 0.8196078431372548767, 0.9333333333333333481 ) ;
#3737 = ORIENTED_EDGE ( 'NONE', *, *, #3073, .F. ) ;
#3738 = COLOUR_RGB ( '',1.000000000000000000, 0.8117647058823529438, 0.5019607843137254832 ) ;
#3739 = VERTEX_POINT ( 'NONE', #1798 ) ;
#3740 = CARTESIAN_POINT ( 'NONE',  ( -1.919999999999998597, 10.26155281280883003, 1.800000000000000044 ) ) ;
#3741 = ORIENTED_EDGE ( 'NONE', *, *, #5737, .T. ) ;
#3742 = VECTOR ( 'NONE', #1335, 1000.000000000000000 ) ;
#3743 = FILL_AREA_STYLE_COLOUR ( '', #1183 ) ;
#3744 = VERTEX_POINT ( 'NONE', #4595 ) ;
#3745 = MECHANICAL_DESIGN_GEOMETRIC_PRESENTATION_REPRESENTATION (  '', ( #3429 ), #4600 ) ;
#3746 = SURFACE_STYLE_USAGE ( .BOTH. , #3246 ) ;
#3747 = SURFACE_STYLE_FILL_AREA ( #3426 ) ;
#3748 = ORIENTED_EDGE ( 'NONE', *, *, #3976, .F. ) ;
#3749 = EDGE_CURVE ( 'NONE', #5689, #1664, #4943, .T. ) ;
#3750 = DIRECTION ( 'NONE',  ( 0.000000000000000000, 0.000000000000000000, -1.000000000000000000 ) ) ;
#3751 = DIRECTION ( 'NONE',  ( 1.000000000000000000, 0.000000000000000000, 4.336808689942016158E-15 ) ) ;
#3752 = CARTESIAN_POINT ( 'NONE',  ( 3.510000000000001119, -8.432455532033678480, 3.910000000000000142 ) ) ;
#3753 = LINE ( 'NONE', #1130, #1536 ) ;
#3754 = CARTESIAN_POINT ( 'NONE',  ( 4.460000000000000853, 6.950000000000000178, 1.800000000000000044 ) ) ;
#3755 = EDGE_LOOP ( 'NONE', ( #4889, #2878, #5798, #642 ) ) ;
#3756 = ADVANCED_FACE ( 'NONE', ( #2944 ), #5007, .F. ) ;
#3757 = VECTOR ( 'NONE', #2610, 1000.000000000000000 ) ;
#3758 = DIRECTION ( 'NONE',  ( 0.000000000000000000, 0.000000000000000000, 1.000000000000000000 ) ) ;
#3759 = ORIENTED_EDGE ( 'NONE', *, *, #1835, .F. ) ;
#3760 = COLOUR_RGB ( '',1.000000000000000000, 0.8117647058823529438, 0.5019607843137254832 ) ;
#3761 = ORIENTED_EDGE ( 'NONE', *, *, #1201, .F. ) ;
#3762 = STYLED_ITEM ( 'NONE', ( #2095 ), #4623 ) ;
#3763 = EDGE_CURVE ( 'NONE', #2305, #1388, #5279, .T. ) ;
#3764 = DIRECTION ( 'NONE',  ( -1.000000000000000000, 0.000000000000000000, -0.000000000000000000 ) ) ;
#3765 = SURFACE_STYLE_FILL_AREA ( #5819 ) ;
#3766 = ORIENTED_EDGE ( 'NONE', *, *, #4637, .F. ) ;
#3767 = PLANE ( 'NONE',  #2507 ) ;
#3768 = VECTOR ( 'NONE', #2124, 1000.000000000000000 ) ;
#3769 = EDGE_CURVE ( 'NONE', #3891, #3337, #5337, .T. ) ;
#3770 = VECTOR ( 'NONE', #3325, 1000.000000000000000 ) ;
#3771 = LINE ( 'NONE', #2930, #1557 ) ;
#3772 = LINE ( 'NONE', #798, #3790 ) ;
#3773 = PRESENTATION_LAYER_ASSIGNMENT (  '', '', ( #2237 ) ) ;
#3774 = MECHANICAL_DESIGN_GEOMETRIC_PRESENTATION_REPRESENTATION (  '', ( #958 ), #2300 ) ;
#3775 = ORIENTED_EDGE ( 'NONE', *, *, #5898, .T. ) ;
#3776 = VECTOR ( 'NONE', #1727, 1000.000000000000000 ) ;
#3777 = CARTESIAN_POINT ( 'NONE',  ( 4.110000000000001208, -3.399999999999995026, 3.909999999999999254 ) ) ;
#3778 =( LENGTH_UNIT ( ) NAMED_UNIT ( * ) SI_UNIT ( .MILLI., .METRE. ) );
#3779 = EDGE_CURVE ( 'NONE', #1762, #921, #3265, .T. ) ;
#3780 = DIRECTION ( 'NONE',  ( -1.000000000000000000, -0.000000000000000000, -0.000000000000000000 ) ) ;
#3781 = ORIENTED_EDGE ( 'NONE', *, *, #5114, .F. ) ;
#3782 = FACE_OUTER_BOUND ( 'NONE', #1124, .T. ) ;
#3783 = DIRECTION ( 'NONE',  ( -1.000000000000000000, -0.000000000000000000, -0.000000000000000000 ) ) ;
#3784 = UNCERTAINTY_MEASURE_WITH_UNIT (LENGTH_MEASURE( 1.000000000000000082E-05 ), #3831, 'distance_accuracy_value', 'NONE');
#3785 = UNCERTAINTY_MEASURE_WITH_UNIT (LENGTH_MEASURE( 1.000000000000000082E-05 ), #6077, 'distance_accuracy_value', 'NONE');
#3786 = PRESENTATION_LAYER_ASSIGNMENT (  '', '', ( #4195 ) ) ;
#3787 = EDGE_CURVE ( 'NONE', #1073, #1140, #1028, .T. ) ;
#3788 = VERTEX_POINT ( 'NONE', #451 ) ;
#3789 = DIRECTION ( 'NONE',  ( 0.000000000000000000, 1.000000000000000000, 0.000000000000000000 ) ) ;
#3790 = VECTOR ( 'NONE', #1237, 1000.000000000000000 ) ;
#3791 = ORIENTED_EDGE ( 'NONE', *, *, #1496, .T. ) ;
#3792 = CARTESIAN_POINT ( 'NONE',  ( 4.110000000000001208, -8.432455532033678480, -3.909999999999999254 ) ) ;
#3793 = CARTESIAN_POINT ( 'NONE',  ( 1.920000000000001483, 5.200000000000000178, 1.800000000000000044 ) ) ;
#3794 = VERTEX_POINT ( 'NONE', #283 ) ;
#3795 = VERTEX_POINT ( 'NONE', #1199 ) ;
#3796 =( GEOMETRIC_REPRESENTATION_CONTEXT ( 3 ) GLOBAL_UNCERTAINTY_ASSIGNED_CONTEXT ( ( #6108 ) ) GLOBAL_UNIT_ASSIGNED_CONTEXT ( ( #5962, #2115, #4367 ) ) REPRESENTATION_CONTEXT ( 'NONE', 'WORKASPACE' ) );
#3797 = PRESENTATION_STYLE_ASSIGNMENT (( #3735 ) ) ;
#3798 = FILL_AREA_STYLE ('',( #1430 ) ) ;
#3799 = EDGE_LOOP ( 'NONE', ( #1208, #1443, #4463, #5239 ) ) ;
#3800 = EDGE_LOOP ( 'NONE', ( #1870, #1780, #4440, #1189 ) ) ;
#3801 = CARTESIAN_POINT ( 'NONE',  ( -0.6199999999999985523, 5.099999999999999645, -1.800000000000000044 ) ) ;
#3802 =( GEOMETRIC_REPRESENTATION_CONTEXT ( 3 ) GLOBAL_UNCERTAINTY_ASSIGNED_CONTEXT ( ( #1048 ) ) GLOBAL_UNIT_ASSIGNED_CONTEXT ( ( #2448, #5273, #1995 ) ) REPRESENTATION_CONTEXT ( 'NONE', 'WORKASPACE' ) );
#3803 = SURFACE_STYLE_USAGE ( .BOTH. , #1359 ) ;
#3804 = VERTEX_POINT ( 'NONE', #1711 ) ;
#3805 = DIRECTION ( 'NONE',  ( -0.2873478855663433862, -0.9578262852211519851, -4.153909357201945673E-16 ) ) ;
#3806 = ADVANCED_FACE ( 'NONE', ( #1067 ), #544, .F. ) ;
#3807 = PRESENTATION_STYLE_ASSIGNMENT (( #3678 ) ) ;
#3808 = CARTESIAN_POINT ( 'NONE',  ( 5.380000000000000782, 2.600000000000000533, -2.199999999999999734 ) ) ;
#3809 = FILL_AREA_STYLE ('',( #5181 ) ) ;
#3810 = ORIENTED_EDGE ( 'NONE', *, *, #3444, .F. ) ;
#3811 = LINE ( 'NONE', #1540, #3849 ) ;
#3812 = SURFACE_STYLE_FILL_AREA ( #2994 ) ;
#3813 = VECTOR ( 'NONE', #2473, 1000.000000000000000 ) ;
#3814 = FACE_OUTER_BOUND ( 'NONE', #5225, .T. ) ;
#3815 = LINE ( 'NONE', #2410, #1901 ) ;
#3816 = ORIENTED_EDGE ( 'NONE', *, *, #3308, .T. ) ;
#3817 = PRESENTATION_LAYER_ASSIGNMENT (  '', '', ( #1792 ) ) ;
#3818 = EDGE_LOOP ( 'NONE', ( #4396, #5112, #5656, #1106 ) ) ;
#3819 = SURFACE_STYLE_FILL_AREA ( #66 ) ;
#3820 = DIRECTION ( 'NONE',  ( 0.000000000000000000, 0.000000000000000000, -1.000000000000000000 ) ) ;
#3821 = VERTEX_POINT ( 'NONE', #1955 ) ;
#3822 = SURFACE_STYLE_FILL_AREA ( #418 ) ;
#3823 = CARTESIAN_POINT ( 'NONE',  ( -0.9699999999999986411, -3.399999999999995026, -3.710000000000000409 ) ) ;
#3824 = EDGE_LOOP ( 'NONE', ( #1547, #366, #5049, #3781 ) ) ;
#3825 = ORIENTED_EDGE ( 'NONE', *, *, #1342, .T. ) ;
#3826 = EDGE_CURVE ( 'NONE', #1685, #2647, #1158, .T. ) ;
#3827 = FACE_OUTER_BOUND ( 'NONE', #3238, .T. ) ;
#3828 = SURFACE_SIDE_STYLE ('',( #5414 ) ) ;
#3829 = ORIENTED_EDGE ( 'NONE', *, *, #2386, .T. ) ;
#3830 = FACE_OUTER_BOUND ( 'NONE', #3110, .T. ) ;
#3831 =( LENGTH_UNIT ( ) NAMED_UNIT ( * ) SI_UNIT ( .MILLI., .METRE. ) );
#3832 = ORIENTED_EDGE ( 'NONE', *, *, #4322, .F. ) ;
#3833 = LINE ( 'NONE', #528, #1923 ) ;
#3834 = CARTESIAN_POINT ( 'NONE',  ( 5.380000000000000782, 4.000000000000000000, -0.7999999999999999334 ) ) ;
#3835 = VERTEX_POINT ( 'NONE', #53 ) ;
#3836 = STYLED_ITEM ( 'NONE', ( #2062 ), #2792 ) ;
#3837 = VECTOR ( 'NONE', #5017, 1000.000000000000000 ) ;
#3838 = CARTESIAN_POINT ( 'NONE',  ( 1.570000000000001616, -3.399999999999995026, -3.909999999999999254 ) ) ;
#3839 = PRESENTATION_STYLE_ASSIGNMENT (( #5189 ) ) ;
#3840 = ORIENTED_EDGE ( 'NONE', *, *, #2181, .T. ) ;
#3841 = CYLINDRICAL_SURFACE ( 'NONE', #3888, 0.2000000000000000944 ) ;
#3842 = DIRECTION ( 'NONE',  ( -1.000000000000000000, 0.000000000000000000, -0.000000000000000000 ) ) ;
#3843 = VECTOR ( 'NONE', #65, 1000.000000000000000 ) ;
#3844 = EDGE_LOOP ( 'NONE', ( #2933, #278, #2940, #1306, #1437, #4646 ) ) ;
#3845 = AXIS2_PLACEMENT_3D ( 'NONE', #2434, #5301, #5979 ) ;
#3846 = VECTOR ( 'NONE', #4658, 1000.000000000000000 ) ;
#3847 = CARTESIAN_POINT ( 'NONE',  ( -1.919999999999998597, 5.099999999999999645, -1.800000000000000044 ) ) ;
#3848 = AXIS2_PLACEMENT_3D ( 'NONE', #3382, #493, #2343 ) ;
#3849 = VECTOR ( 'NONE', #4914, 1000.000000000000000 ) ;
#3850 = VECTOR ( 'NONE', #977, 1000.000000000000000 ) ;
#3851 = ORIENTED_EDGE ( 'NONE', *, *, #3691, .T. ) ;
#3852 = EDGE_CURVE ( 'NONE', #1724, #4777, #3274, .T. ) ;
#3853 = ADVANCED_FACE ( 'NONE', ( #5306 ), #1531, .F. ) ;
#3854 = CARTESIAN_POINT ( 'NONE',  ( 3.960000000000000853, -3.900000000000000799, -3.909999999999999254 ) ) ;
#3855 = ORIENTED_EDGE ( 'NONE', *, *, #4764, .F. ) ;
#3856 = UNCERTAINTY_MEASURE_WITH_UNIT (LENGTH_MEASURE( 1.000000000000000082E-05 ), #3778, 'distance_accuracy_value', 'NONE');
#3857 = AXIS2_PLACEMENT_3D ( 'NONE', #5648, #4173, #3352 ) ;
#3858 = FILL_AREA_STYLE ('',( #2863 ) ) ;
#3859 = EDGE_CURVE ( 'NONE', #1089, #5763, #3194, .T. ) ;
#3860 = LINE ( 'NONE', #1163, #5895 ) ;
#3861 = CARTESIAN_POINT ( 'NONE',  ( 3.160000000000001030, 5.099999999999999645, 1.800000000000000044 ) ) ;
#3862 = CARTESIAN_POINT ( 'NONE',  ( 5.080000000000000959, 0.4000000000000019096, -4.450000000000000178 ) ) ;
#3863 =( GEOMETRIC_REPRESENTATION_CONTEXT ( 3 ) GLOBAL_UNCERTAINTY_ASSIGNED_CONTEXT ( ( #759 ) ) GLOBAL_UNIT_ASSIGNED_CONTEXT ( ( #2014, #4426, #5850 ) ) REPRESENTATION_CONTEXT ( 'NONE', 'WORKASPACE' ) );
#3864 = FACE_OUTER_BOUND ( 'NONE', #3088, .T. ) ;
#3865 = COLOUR_RGB ( '',1.000000000000000000, 0.8117647058823529438, 0.5019607843137254832 ) ;
#3866 = CARTESIAN_POINT ( 'NONE',  ( -5.580000000000000959, 0.2000000000000083655, -2.500000000000001332 ) ) ;
#3867 = ORIENTED_EDGE ( 'NONE', *, *, #2181, .F. ) ;
#3868 =( NAMED_UNIT ( * ) SI_UNIT ( $, .STERADIAN. ) SOLID_ANGLE_UNIT ( ) );
#3869 =( NAMED_UNIT ( * ) PLANE_ANGLE_UNIT ( ) SI_UNIT ( $, .RADIAN. ) );
#3870 = VECTOR ( 'NONE', #5474, 1000.000000000000000 ) ;
#3871 = CARTESIAN_POINT ( 'NONE',  ( 3.510000000000001119, -3.399999999999995026, 3.910000000000000142 ) ) ;
#3872 = STYLED_ITEM ( 'NONE', ( #3652 ), #1226 ) ;
#3873 = SURFACE_STYLE_USAGE ( .BOTH. , #4818 ) ;
#3874 = PRESENTATION_STYLE_ASSIGNMENT (( #5113 ) ) ;
#3875 = DIRECTION ( 'NONE',  ( 0.000000000000000000, -3.469446951953613006E-15, -1.000000000000000000 ) ) ;
#3876 = ORIENTED_EDGE ( 'NONE', *, *, #460, .F. ) ;
#3877 = DIRECTION ( 'NONE',  ( 0.000000000000000000, 0.000000000000000000, 1.000000000000000000 ) ) ;
#3878 = ORIENTED_EDGE ( 'NONE', *, *, #4121, .F. ) ;
#3879 = PRESENTATION_LAYER_ASSIGNMENT (  '', '', ( #4989 ) ) ;
#3880 = SURFACE_SIDE_STYLE ('',( #110 ) ) ;
#3881 = COLOUR_RGB ( '',0.2509803921568627416, 0.2509803921568627416, 0.2509803921568627416 ) ;
#3882 = VERTEX_POINT ( 'NONE', #2443 ) ;
#3883 = CARTESIAN_POINT ( 'NONE',  ( 3.160000000000001030, 5.200000000000000178, 1.800000000000000044 ) ) ;
#3884 = CARTESIAN_POINT ( 'NONE',  ( -0.6199999999999985523, 10.26155281280883003, 0.1999999999999998723 ) ) ;
#3885 = DIRECTION ( 'NONE',  ( -0.000000000000000000, -1.000000000000000000, -0.000000000000000000 ) ) ;
#3886 = ORIENTED_EDGE ( 'NONE', *, *, #1548, .T. ) ;
#3887 = PLANE ( 'NONE',  #3 ) ;
#3888 = AXIS2_PLACEMENT_3D ( 'NONE', #79, #4148, #3750 ) ;
#3889 = COLOUR_RGB ( '',1.000000000000000000, 0.8117647058823529438, 0.5019607843137254832 ) ;
#3890 = SURFACE_STYLE_FILL_AREA ( #3087 ) ;
#3891 = VERTEX_POINT ( 'NONE', #3964 ) ;
#3892 = AXIS2_PLACEMENT_3D ( 'NONE', #2720, #6068, #4139 ) ;
#3893 = ORIENTED_EDGE ( 'NONE', *, *, #2619, .F. ) ;
#3894 = EDGE_LOOP ( 'NONE', ( #5242, #2816, #1070, #1491 ) ) ;
#3895 = DIRECTION ( 'NONE',  ( 0.000000000000000000, 0.000000000000000000, -1.000000000000000000 ) ) ;
#3896 = ORIENTED_EDGE ( 'NONE', *, *, #4399, .F. ) ;
#3897 = DIRECTION ( 'NONE',  ( -0.000000000000000000, -1.000000000000000000, -0.000000000000000000 ) ) ;
#3898 = CARTESIAN_POINT ( 'NONE',  ( -4.109999999999999432, -3.399999999999995026, 3.910000000000000142 ) ) ;
#3899 = DIRECTION ( 'NONE',  ( -4.336808689942016158E-15, 0.000000000000000000, 1.000000000000000000 ) ) ;
#3900 = VERTEX_POINT ( 'NONE', #630 ) ;
#3901 = MECHANICAL_DESIGN_GEOMETRIC_PRESENTATION_REPRESENTATION (  '', ( #4822 ), #5262 ) ;
#3902 = EDGE_CURVE ( 'NONE', #1262, #1566, #5350, .T. ) ;
#3903 = EDGE_LOOP ( 'NONE', ( #3737, #496, #1610, #1570 ) ) ;
#3904 = LINE ( 'NONE', #4774, #1914 ) ;
#3905 = DIRECTION ( 'NONE',  ( 1.000000000000000000, -0.000000000000000000, -0.000000000000000000 ) ) ;
#3906 = VERTEX_POINT ( 'NONE', #4354 ) ;
#3907 = EDGE_CURVE ( 'NONE', #4589, #1008, #3184, .T. ) ;
#3908 = CARTESIAN_POINT ( 'NONE',  ( -3.159999999999998810, 5.200000000000000178, 1.800000000000000044 ) ) ;
#3909 = VECTOR ( 'NONE', #2860, 1000.000000000000000 ) ;
#3910 = COLOUR_RGB ( '',1.000000000000000000, 0.8117647058823529438, 0.5019607843137254832 ) ;
#3911 = DIRECTION ( 'NONE',  ( -4.336808689942016158E-15, 0.000000000000000000, 1.000000000000000000 ) ) ;
#3912 = VECTOR ( 'NONE', #1571, 1000.000000000000000 ) ;
#3913 = ORIENTED_EDGE ( 'NONE', *, *, #4312, .F. ) ;
#3914 = AXIS2_PLACEMENT_3D ( 'NONE', #5310, #3394, #3433 ) ;
#3915 = CARTESIAN_POINT ( 'NONE',  ( -0.6199999999999985523, 5.099999999999999645, 1.800000000000000044 ) ) ;
#3916 = SURFACE_SIDE_STYLE ('',( #2475 ) ) ;
#3917 = CARTESIAN_POINT ( 'NONE',  ( 0.6200000000000016609, 5.700000000000000178, -1.800000000000000044 ) ) ;
#3918 = VERTEX_POINT ( 'NONE', #2488 ) ;
#3919 = DIRECTION ( 'NONE',  ( 0.000000000000000000, 0.000000000000000000, -1.000000000000000000 ) ) ;
#3920 = EDGE_CURVE ( 'NONE', #3021, #1083, #1039, .T. ) ;
#3921 = DIRECTION ( 'NONE',  ( 0.000000000000000000, -1.000000000000000000, 1.858632295689434031E-15 ) ) ;
#3922 = EDGE_CURVE ( 'NONE', #4588, #1077, #1193, .T. ) ;
#3923 = DIRECTION ( 'NONE',  ( -1.000000000000000000, 0.000000000000000000, 0.000000000000000000 ) ) ;
#3924 = VECTOR ( 'NONE', #5238, 1000.000000000000000 ) ;
#3925 =( GEOMETRIC_REPRESENTATION_CONTEXT ( 3 ) GLOBAL_UNCERTAINTY_ASSIGNED_CONTEXT ( ( #457 ) ) GLOBAL_UNIT_ASSIGNED_CONTEXT ( ( #6059, #4133, #4604 ) ) REPRESENTATION_CONTEXT ( 'NONE', 'WORKASPACE' ) );
#3926 = EDGE_CURVE ( 'NONE', #1140, #3021, #1205, .T. ) ;
#3927 = AXIS2_PLACEMENT_3D ( 'NONE', #5349, #1670, #699 ) ;
#3928 = ADVANCED_FACE ( 'NONE', ( #3294 ), #2350, .F. ) ;
#3929 = LINE ( 'NONE', #693, #1987 ) ;
#3930 = EDGE_CURVE ( 'NONE', #203, #397, #3331, .T. ) ;
#3931 = UNCERTAINTY_MEASURE_WITH_UNIT (LENGTH_MEASURE( 1.000000000000000082E-05 ), #4970, 'distance_accuracy_value', 'NONE');
#3932 = LINE ( 'NONE', #3403, #5918 ) ;
#3933 = ORIENTED_EDGE ( 'NONE', *, *, #4100, .F. ) ;
#3934 = EDGE_CURVE ( 'NONE', #1746, #1572, #1246, .T. ) ;
#3935 = CARTESIAN_POINT ( 'NONE',  ( 1.920000000000001483, 6.950000000000000178, 1.800000000000000044 ) ) ;
#3936 = ORIENTED_EDGE ( 'NONE', *, *, #5998, .T. ) ;
#3937 = STYLED_ITEM ( 'NONE', ( #717 ), #1808 ) ;
#3938 = CARTESIAN_POINT ( 'NONE',  ( -5.380000000000000782, 4.000000000000000000, 0.7999999999999974909 ) ) ;
#3939 = COLOUR_RGB ( '',1.000000000000000000, 0.8117647058823529438, 0.5019607843137254832 ) ;
#3940 = CARTESIAN_POINT ( 'NONE',  ( -1.919999999999998597, 5.700000000000000178, -1.800000000000000044 ) ) ;
#3941 = AXIS2_PLACEMENT_3D ( 'NONE', #140, #938, #4886 ) ;
#3942 = LINE ( 'NONE', #929, #1829 ) ;
#3943 = LINE ( 'NONE', #1363, #1896 ) ;
#3944 =( NAMED_UNIT ( * ) SI_UNIT ( $, .STERADIAN. ) SOLID_ANGLE_UNIT ( ) );
#3945 = CLOSED_SHELL ( 'NONE', ( #2708, #2642, #5711, #1066, #2582, #2754, #3636, #3408, #2275, #3481, #1653, #1760, #3973, #4940, #2325, #4895, #822, #3853, #2957, #432, #532, #5092, #1169, #3189, #5048, #3199, #982, #1868, #2534, #4232, #586, #235, #46, #3014, #4986, #1288, #920, #4713, #5524, #1370, #3956, #3083, #787, #4677, #380, #1591, #6037, #4355, #495, #5365, #4272, #684, #5559, #1991, #1457, #342, #5942, #4416, #5299, #6130, #2593, #4221 ) ) ;
#3946 = CARTESIAN_POINT ( 'NONE',  ( -5.580000000000000959, 0.2000000000000083655, -2.500000000000001332 ) ) ;
#3947 = CARTESIAN_POINT ( 'NONE',  ( 1.570000000000001616, -8.432455532033678480, 3.710000000000000409 ) ) ;
#3948 = PRESENTATION_STYLE_ASSIGNMENT (( #3553 ) ) ;
#3949 =( NAMED_UNIT ( * ) SI_UNIT ( $, .STERADIAN. ) SOLID_ANGLE_UNIT ( ) );
#3950 = FILL_AREA_STYLE ('',( #6109 ) ) ;
#3951 = CARTESIAN_POINT ( 'NONE',  ( -5.380000000000000782, 2.600000000000000533, -0.7999999999999999334 ) ) ;
#3952 = VECTOR ( 'NONE', #2073, 1000.000000000000000 ) ;
#3953 = CARTESIAN_POINT ( 'NONE',  ( -3.659999999999999254, -3.900000000000000355, 0.000000000000000000 ) ) ;
#3954 = CARTESIAN_POINT ( 'NONE',  ( 3.659999999999984599, -3.900000000000000355, -1.717376241217045334E-14 ) ) ;
#3955 = FACE_OUTER_BOUND ( 'NONE', #1434, .T. ) ;
#3956 = ADVANCED_FACE ( 'NONE', ( #5264 ), #5721, .F. ) ;
#3957 = CARTESIAN_POINT ( 'NONE',  ( -5.580000000000000959, 4.000000000000000000, 0.7999999999999980460 ) ) ;
#3958 = FACE_OUTER_BOUND ( 'NONE', #5348, .T. ) ;
#3959 = DIRECTION ( 'NONE',  ( -4.336808689942016158E-15, 0.000000000000000000, 1.000000000000000000 ) ) ;
#3960 = CARTESIAN_POINT ( 'NONE',  ( 5.380000000000000782, 2.600000000000000533, 2.199999999999999734 ) ) ;
#3961 = LINE ( 'NONE', #1340, #5900 ) ;
#3962 = ORIENTED_EDGE ( 'NONE', *, *, #2765, .T. ) ;
#3963 = MECHANICAL_DESIGN_GEOMETRIC_PRESENTATION_REPRESENTATION (  '', ( #735 ), #4747 ) ;
#3964 = CARTESIAN_POINT ( 'NONE',  ( 5.580000000000000959, 4.000000000000001776, 2.199999999999997069 ) ) ;
#3965 = ADVANCED_FACE ( 'NONE', ( #3241 ), #4074, .F. ) ;
#3966 = AXIS2_PLACEMENT_3D ( 'NONE', #4654, #5274, #4802 ) ;
#3967 = FILL_AREA_STYLE_COLOUR ( '', #3634 ) ;
#3968 = VECTOR ( 'NONE', #1229, 1000.000000000000000 ) ;
#3969 = PLANE ( 'NONE',  #710 ) ;
#3970 = AXIS2_PLACEMENT_3D ( 'NONE', #5842, #2606, #2007 ) ;
#3971 = EDGE_CURVE ( 'NONE', #3252, #5689, #5382, .T. ) ;
#3972 = DIRECTION ( 'NONE',  ( -0.000000000000000000, 1.000000000000000000, -0.000000000000000000 ) ) ;
#3973 = ADVANCED_FACE ( 'NONE', ( #5434, #1391, #1266 ), #1254, .F. ) ;
#3974 = DIRECTION ( 'NONE',  ( 0.000000000000000000, 0.000000000000000000, 1.000000000000000000 ) ) ;
#3975 = FILL_AREA_STYLE ('',( #5411 ) ) ;
#3976 = EDGE_CURVE ( 'NONE', #5864, #384, #1441, .T. ) ;
#3977 = PRESENTATION_STYLE_ASSIGNMENT (( #2777 ) ) ;
#3978 =( LENGTH_UNIT ( ) NAMED_UNIT ( * ) SI_UNIT ( .MILLI., .METRE. ) );
#3979 =( GEOMETRIC_REPRESENTATION_CONTEXT ( 3 ) GLOBAL_UNCERTAINTY_ASSIGNED_CONTEXT ( ( #2441 ) ) GLOBAL_UNIT_ASSIGNED_CONTEXT ( ( #4357, #5269, #2817 ) ) REPRESENTATION_CONTEXT ( 'NONE', 'WORKASPACE' ) );
#3980 = PLANE ( 'NONE',  #249 ) ;
#3981 = LINE ( 'NONE', #507, #3909 ) ;
#3982 = DIRECTION ( 'NONE',  ( 0.000000000000000000, -0.000000000000000000, 1.000000000000000000 ) ) ;
#3983 = CARTESIAN_POINT ( 'NONE',  ( 3.160000000000001030, 5.700000000000000178, 1.800000000000000044 ) ) ;
#3984 = EDGE_LOOP ( 'NONE', ( #3470, #5823, #1560, #3439, #5073, #2252 ) ) ;
#3985 = VECTOR ( 'NONE', #4803, 1000.000000000000000 ) ;
#3986 = DIRECTION ( 'NONE',  ( -1.000000000000000000, -0.000000000000000000, -0.000000000000000000 ) ) ;
#3987 = DIRECTION ( 'NONE',  ( 1.000000000000000000, 0.000000000000000000, -7.228014483236692611E-16 ) ) ;
#3988 = EDGE_CURVE ( 'NONE', #5358, #633, #5443, .T. ) ;
#3989 = VECTOR ( 'NONE', #5978, 1000.000000000000000 ) ;
#3990 = PRESENTATION_STYLE_ASSIGNMENT (( #3013 ) ) ;
#3991 = CARTESIAN_POINT ( 'NONE',  ( -5.580000000000000959, 0.4000000000000080158, -2.700000000000001954 ) ) ;
#3992 = EDGE_CURVE ( 'NONE', #248, #2053, #3519, .T. ) ;
#3993 = LINE ( 'NONE', #3348, #5903 ) ;
#3994 = MECHANICAL_DESIGN_GEOMETRIC_PRESENTATION_REPRESENTATION (  '', ( #823 ), #5926 ) ;
#3995 = DIRECTION ( 'NONE',  ( -0.000000000000000000, -0.000000000000000000, 1.000000000000000000 ) ) ;
#3996 = ORIENTED_EDGE ( 'NONE', *, *, #240, .F. ) ;
#3997 = LINE ( 'NONE', #2938, #5996 ) ;
#3998 = FACE_OUTER_BOUND ( 'NONE', #252, .T. ) ;
#3999 = VECTOR ( 'NONE', #3306, 1000.000000000000000 ) ;
#4000 = FILL_AREA_STYLE_COLOUR ( '', #2801 ) ;
#4001 = CARTESIAN_POINT ( 'NONE',  ( -4.109999999999999432, 0.6999999999999999556, 3.710000000000000409 ) ) ;
#4002 = CARTESIAN_POINT ( 'NONE',  ( 4.110000000000001208, 0.6999999999999999556, -3.909999999999999254 ) ) ;
#4003 =( GEOMETRIC_REPRESENTATION_CONTEXT ( 3 ) GLOBAL_UNCERTAINTY_ASSIGNED_CONTEXT ( ( #3035 ) ) GLOBAL_UNIT_ASSIGNED_CONTEXT ( ( #6063, #1123, #6029 ) ) REPRESENTATION_CONTEXT ( 'NONE', 'WORKASPACE' ) );
#4004 = LINE ( 'NONE', #560, #6040 ) ;
#4005 = FACE_OUTER_BOUND ( 'NONE', #2456, .T. ) ;
#4006 = ADVANCED_FACE ( 'NONE', ( #5564 ), #1674, .F. ) ;
#4007 = PLANE ( 'NONE',  #4029 ) ;
#4008 = AXIS2_PLACEMENT_3D ( 'NONE', #5948, #700, #5012 ) ;
#4009 = FILL_AREA_STYLE_COLOUR ( '', #3865 ) ;
#4010 =( LENGTH_UNIT ( ) NAMED_UNIT ( * ) SI_UNIT ( .MILLI., .METRE. ) );
#4011 = DIRECTION ( 'NONE',  ( -0.000000000000000000, 1.000000000000000000, -0.000000000000000000 ) ) ;
#4012 = FACE_OUTER_BOUND ( 'NONE', #1845, .T. ) ;
#4013 = SURFACE_SIDE_STYLE ('',( #5913 ) ) ;
#4014 = CARTESIAN_POINT ( 'NONE',  ( 5.080000000000000959, 0.6999999999999999556, -4.450000000000001066 ) ) ;
#4015 = CARTESIAN_POINT ( 'NONE',  ( 4.110000000000001208, -8.432455532033678480, 3.909999999999999254 ) ) ;
#4016 = VECTOR ( 'NONE', #1928, 1000.000000000000000 ) ;
#4017 = FILL_AREA_STYLE ('',( #108 ) ) ;
#4018 = DIRECTION ( 'NONE',  ( 0.000000000000000000, 1.000000000000000000, 0.000000000000000000 ) ) ;
#4019 = FILL_AREA_STYLE_COLOUR ( '', #5469 ) ;
#4020 = CARTESIAN_POINT ( 'NONE',  ( 4.460000000000000853, 5.200000000000000178, 0.1999999999999998723 ) ) ;
#4022 = FACE_OUTER_BOUND ( 'NONE', #2241, .T. ) ;
#4021 = COLOUR_RGB ( '',0.8980392156862745390, 0.000000000000000000, 0.000000000000000000 ) ;
#4023 = FILL_AREA_STYLE ('',( #2089 ) ) ;
#4024 = CARTESIAN_POINT ( 'NONE',  ( -1.119999999999998996, -3.900000000000000799, -3.909999999999999254 ) ) ;
#4025 = VECTOR ( 'NONE', #1878, 1000.000000000000000 ) ;
#4026 = CARTESIAN_POINT ( 'NONE',  ( 1.920000000000001483, 10.26155281280883003, 1.800000000000000044 ) ) ;
#4027 = MECHANICAL_DESIGN_GEOMETRIC_PRESENTATION_REPRESENTATION (  '', ( #4222 ), #4807 ) ;
#4028 = FILL_AREA_STYLE_COLOUR ( '', #3881 ) ;
#4029 = AXIS2_PLACEMENT_3D ( 'NONE', #714, #751, #2967 ) ;
#4030 = CARTESIAN_POINT ( 'NONE',  ( 1.420000000000001039, -3.900000000000000355, 0.000000000000000000 ) ) ;
#4031 = SURFACE_SIDE_STYLE ('',( #4959 ) ) ;
#4032 = COLOUR_RGB ( '',1.000000000000000000, 0.8117647058823529438, 0.5019607843137254832 ) ;
#4033 = CARTESIAN_POINT ( 'NONE',  ( 0.6200000000000016609, 5.200000000000000178, -1.800000000000000044 ) ) ;
#4034 =( GEOMETRIC_REPRESENTATION_CONTEXT ( 3 ) GLOBAL_UNCERTAINTY_ASSIGNED_CONTEXT ( ( #4208 ) ) GLOBAL_UNIT_ASSIGNED_CONTEXT ( ( #797, #4090, #185 ) ) REPRESENTATION_CONTEXT ( 'NONE', 'WORKASPACE' ) );
#4035 = AXIS2_PLACEMENT_3D ( 'NONE', #2664, #2567, #2090 ) ;
#4036 = VERTEX_POINT ( 'NONE', #3234 ) ;
#4037 = CIRCLE ( 'NONE', #4890, 0.2000000000000000944 ) ;
#4039 = EDGE_CURVE ( 'NONE', #2112, #3337, #5545, .T. ) ;
#4038 = VECTOR ( 'NONE', #1982, 1000.000000000000000 ) ;
#4040 = LINE ( 'NONE', #4516, #2021 ) ;
#4041 = ADVANCED_FACE ( 'NONE', ( #3392 ), #2135, .F. ) ;
#4042 = DIRECTION ( 'NONE',  ( 0.000000000000000000, 0.000000000000000000, 1.000000000000000000 ) ) ;
#4043 = EDGE_CURVE ( 'NONE', #919, #3164, #3531, .T. ) ;
#4044 = CARTESIAN_POINT ( 'NONE',  ( 3.160000000000001474, 1.272468158199071553, -1.800000000000000044 ) ) ;
#4045 = FACE_OUTER_BOUND ( 'NONE', #1797, .T. ) ;
#4046 = DIRECTION ( 'NONE',  ( -0.2873478855663433862, -0.9578262852211519851, -2.076954678600969878E-16 ) ) ;
#4047 = FILL_AREA_STYLE_COLOUR ( '', #4172 ) ;
#4048 = LINE ( 'NONE', #2183, #6079 ) ;
#4049 = MECHANICAL_DESIGN_GEOMETRIC_PRESENTATION_REPRESENTATION (  '', ( #1187 ), #5746 ) ;
#4050 = STYLED_ITEM ( 'NONE', ( #3711 ), #5682 ) ;
#4051 = CARTESIAN_POINT ( 'NONE',  ( 5.080000000000000959, 0.6999999999999999556, -4.450000000000001066 ) ) ;
#4052 = ADVANCED_FACE ( 'NONE', ( #5518 ), #4741, .F. ) ;
#4053 = CARTESIAN_POINT ( 'NONE',  ( 0.6200000000000016609, 5.200000000000000178, 1.800000000000000044 ) ) ;
#4054 = DIRECTION ( 'NONE',  ( -1.445602896647338522E-15, 0.000000000000000000, -1.000000000000000000 ) ) ;
#4055 = COLOUR_RGB ( '',1.000000000000000000, 0.8117647058823529438, 0.5019607843137254832 ) ;
#4056 = PLANE ( 'NONE',  #820 ) ;
#4057 = EDGE_CURVE ( 'NONE', #5856, #5752, #3695, .T. ) ;
#4058 = DIRECTION ( 'NONE',  ( 0.000000000000000000, 0.000000000000000000, -1.000000000000000000 ) ) ;
#4059 = DIRECTION ( 'NONE',  ( -0.000000000000000000, 1.000000000000000000, -0.000000000000000000 ) ) ;
#4060 = VECTOR ( 'NONE', #1816, 1000.000000000000000 ) ;
#4061 = SURFACE_STYLE_USAGE ( .BOTH. , #2987 ) ;
#4062 = DIRECTION ( 'NONE',  ( 0.000000000000000000, 0.000000000000000000, -1.000000000000000000 ) ) ;
#4063 = VECTOR ( 'NONE', #575, 1000.000000000000000 ) ;
#4064 = EDGE_CURVE ( 'NONE', #2354, #3211, #1534, .T. ) ;
#4065 = SURFACE_STYLE_FILL_AREA ( #5179 ) ;
#4066 = STYLED_ITEM ( 'NONE', ( #2650 ), #1699 ) ;
#4067 = UNCERTAINTY_MEASURE_WITH_UNIT (LENGTH_MEASURE( 1.000000000000000082E-05 ), #813, 'distance_accuracy_value', 'NONE');
#4068 =( NAMED_UNIT ( * ) PLANE_ANGLE_UNIT ( ) SI_UNIT ( $, .RADIAN. ) );
#4069 = CARTESIAN_POINT ( 'NONE',  ( 3.160000000000001030, 5.700000000000000178, 1.800000000000000044 ) ) ;
#4070 = VECTOR ( 'NONE', #4142, 1000.000000000000000 ) ;
#4071 = UNCERTAINTY_MEASURE_WITH_UNIT (LENGTH_MEASURE( 1.000000000000000082E-05 ), #1284, 'distance_accuracy_value', 'NONE');
#4072 = PLANE ( 'NONE',  #707 ) ;
#4073 = LINE ( 'NONE', #1285, #6129 ) ;
#4074 = PLANE ( 'NONE',  #3109 ) ;
#4075 = DIRECTION ( 'NONE',  ( 4.336808689942016158E-15, 0.000000000000000000, -1.000000000000000000 ) ) ;
#4076 = MECHANICAL_DESIGN_GEOMETRIC_PRESENTATION_REPRESENTATION (  '', ( #780 ), #1514 ) ;
#4077 = LINE ( 'NONE', #5003, #1973 ) ;
#4078 = DIRECTION ( 'NONE',  ( 0.000000000000000000, 0.000000000000000000, -1.000000000000000000 ) ) ;
#4079 = VECTOR ( 'NONE', #347, 1000.000000000000000 ) ;
#4080 =( GEOMETRIC_REPRESENTATION_CONTEXT ( 3 ) GLOBAL_UNCERTAINTY_ASSIGNED_CONTEXT ( ( #4127 ) ) GLOBAL_UNIT_ASSIGNED_CONTEXT ( ( #1212, #3497, #779 ) ) REPRESENTATION_CONTEXT ( 'NONE', 'WORKASPACE' ) );
#4081 = COLOUR_RGB ( '',1.000000000000000000, 0.8117647058823529438, 0.5019607843137254832 ) ;
#4082 = SURFACE_SIDE_STYLE ('',( #1230 ) ) ;
#4083 = CARTESIAN_POINT ( 'NONE',  ( 5.580000000000000959, 0.2000000000000091982, 2.500000000000004885 ) ) ;
#4084 = CARTESIAN_POINT ( 'NONE',  ( -1.569999999999998064, -8.432455532033678480, -3.910000000000000142 ) ) ;
#4085 = VECTOR ( 'NONE', #4964, 1000.000000000000000 ) ;
#4086 = CARTESIAN_POINT ( 'NONE',  ( 5.380000000000000782, 4.000000000000001776, 2.199999999999997069 ) ) ;
#4087 = DIRECTION ( 'NONE',  ( 0.000000000000000000, 0.000000000000000000, -1.000000000000000000 ) ) ;
#4088 = SURFACE_STYLE_USAGE ( .BOTH. , #5925 ) ;
#4089 = VECTOR ( 'NONE', #4894, 1000.000000000000000 ) ;
#4090 =( NAMED_UNIT ( * ) PLANE_ANGLE_UNIT ( ) SI_UNIT ( $, .RADIAN. ) );
#4091 = APPLICATION_PROTOCOL_DEFINITION ( 'draft international standard', 'automotive_design', 1998, #1512 ) ;
#4092 = CARTESIAN_POINT ( 'NONE',  ( 1.570000000000001616, 0.6999999999999999556, -3.710000000000000409 ) ) ;
#4093 = SURFACE_STYLE_FILL_AREA ( #926 ) ;
#4094 = DIRECTION ( 'NONE',  ( -0.2873478855663425535, 0.9578262852211523182, -2.076954678600963962E-16 ) ) ;
#4095 = CARTESIAN_POINT ( 'NONE',  ( 1.420000000000001039, -3.900000000000000799, -3.909999999999999254 ) ) ;
#4096 = DIRECTION ( 'NONE',  ( 1.000000000000000000, 0.000000000000000000, 0.000000000000000000 ) ) ;
#4097 = SURFACE_STYLE_FILL_AREA ( #3257 ) ;
#4098 = STYLED_ITEM ( 'NONE', ( #1301 ), #4006 ) ;
#4099 = ADVANCED_FACE ( 'NONE', ( #3782 ), #1010, .F. ) ;
#4100 = EDGE_CURVE ( 'NONE', #932, #3493, #1583, .T. ) ;
#4101 = DIRECTION ( 'NONE',  ( 0.000000000000000000, 0.000000000000000000, 1.000000000000000000 ) ) ;
#4102 = PLANE ( 'NONE',  #5062 ) ;
#4103 = FILL_AREA_STYLE_COLOUR ( '', #2886 ) ;
#4104 = PRESENTATION_LAYER_ASSIGNMENT (  '', '', ( #441 ) ) ;
#4105 = LINE ( 'NONE', #35, #2162 ) ;
#4106 = EDGE_CURVE ( 'NONE', #384, #203, #5675, .T. ) ;
#4107 = DIRECTION ( 'NONE',  ( 4.336808689942016158E-15, 0.000000000000000000, -1.000000000000000000 ) ) ;
#4108 = CARTESIAN_POINT ( 'NONE',  ( 2.540000000000000036, 0.6999999999999999556, 0.000000000000000000 ) ) ;
#4109 = CARTESIAN_POINT ( 'NONE',  ( -1.569999999999998064, -8.432455532033678480, -3.910000000000000142 ) ) ;
#4110 = FILL_AREA_STYLE_COLOUR ( '', #1855 ) ;
#4111 = MECHANICAL_DESIGN_GEOMETRIC_PRESENTATION_REPRESENTATION (  '', ( #6061 ), #818 ) ;
#4112 = EDGE_CURVE ( 'NONE', #458, #3821, #3680, .T. ) ;
#4113 = AXIS2_PLACEMENT_3D ( 'NONE', #465, #924, #1407 ) ;
#4114 = VECTOR ( 'NONE', #1704, 1000.000000000000000 ) ;
#4115 =( LENGTH_UNIT ( ) NAMED_UNIT ( * ) SI_UNIT ( .MILLI., .METRE. ) );
#4116 = DIRECTION ( 'NONE',  ( 1.000000000000000000, 0.000000000000000000, 0.000000000000000000 ) ) ;
#4117 = CARTESIAN_POINT ( 'NONE',  ( -5.080000000000000959, 9.115480906783778786E-15, 2.300000000000003819 ) ) ;
#4118 = LINE ( 'NONE', #4539, #4192 ) ;
#4119 = VERTEX_POINT ( 'NONE', #3277 ) ;
#4120 = PLANE ( 'NONE',  #5356 ) ;
#4121 = EDGE_CURVE ( 'NONE', #5296, #4589, #1669, .T. ) ;
#4122 = FILL_AREA_STYLE ('',( #5931 ) ) ;
#4123 = VECTOR ( 'NONE', #4556, 1000.000000000000000 ) ;
#4124 = CARTESIAN_POINT ( 'NONE',  ( 3.160000000000001474, 6.950000000000000178, 1.800000000000000044 ) ) ;
#4125 = EDGE_CURVE ( 'NONE', #1129, #4777, #3771, .T. ) ;
#4126 = MECHANICAL_DESIGN_GEOMETRIC_PRESENTATION_REPRESENTATION (  '', ( #1682 ), #2727 ) ;
#4127 = UNCERTAINTY_MEASURE_WITH_UNIT (LENGTH_MEASURE( 1.000000000000000082E-05 ), #1212, 'distance_accuracy_value', 'NONE');
#4128 = COLOUR_RGB ( '',1.000000000000000000, 0.8117647058823529438, 0.5019607843137254832 ) ;
#4129 = PLANE ( 'NONE',  #3307 ) ;
#4130 =( NAMED_UNIT ( * ) SI_UNIT ( $, .STERADIAN. ) SOLID_ANGLE_UNIT ( ) );
#4131 = PLANE ( 'NONE',  #811 ) ;
#4132 = ADVANCED_FACE ( 'NONE', ( #5808 ), #2790, .F. ) ;
#4133 =( NAMED_UNIT ( * ) PLANE_ANGLE_UNIT ( ) SI_UNIT ( $, .RADIAN. ) );
#4134 = FACE_OUTER_BOUND ( 'NONE', #133, .T. ) ;
#4135 = FILL_AREA_STYLE ('',( #885 ) ) ;
#4136 = CARTESIAN_POINT ( 'NONE',  ( -5.580000000000000959, 2.600000000000000533, 2.199999999999999734 ) ) ;
#4137 = ORIENTED_EDGE ( 'NONE', *, *, #4125, .F. ) ;
#4138 = PRESENTATION_LAYER_ASSIGNMENT (  '', '', ( #2653 ) ) ;
#4139 = DIRECTION ( 'NONE',  ( 0.000000000000000000, -0.000000000000000000, 1.000000000000000000 ) ) ;
#4140 = ADVANCED_FACE ( 'NONE', ( #3560 ), #4953, .F. ) ;
#4141 = LINE ( 'NONE', #5502, #4123 ) ;
#4142 = DIRECTION ( 'NONE',  ( 0.000000000000000000, 0.000000000000000000, 1.000000000000000000 ) ) ;
#4143 = COLOUR_RGB ( '',1.000000000000000000, 0.8117647058823529438, 0.5019607843137254832 ) ;
#4144 = ORIENTED_EDGE ( 'NONE', *, *, #5199, .F. ) ;
#4145 = COLOUR_RGB ( '',1.000000000000000000, 0.8117647058823529438, 0.5019607843137254832 ) ;
#4146 =( NAMED_UNIT ( * ) PLANE_ANGLE_UNIT ( ) SI_UNIT ( $, .RADIAN. ) );
#4147 = CARTESIAN_POINT ( 'NONE',  ( 5.380000000000000782, 2.600000000000000533, -2.199999999999999734 ) ) ;
#4148 = DIRECTION ( 'NONE',  ( 1.000000000000000000, -0.000000000000000000, -0.000000000000000000 ) ) ;
#4149 = SURFACE_SIDE_STYLE ('',( #879 ) ) ;
#4150 = FILL_AREA_STYLE_COLOUR ( '', #2156 ) ;
#4151 = FILL_AREA_STYLE_COLOUR ( '', #2637 ) ;
#4152 = MECHANICAL_DESIGN_GEOMETRIC_PRESENTATION_REPRESENTATION (  '', ( #794 ), #3012 ) ;
#4153 = PRESENTATION_LAYER_ASSIGNMENT (  '', '', ( #1943 ) ) ;
#4154 = VECTOR ( 'NONE', #3905, 1000.000000000000000 ) ;
#4155 = ORIENTED_EDGE ( 'NONE', *, *, #5553, .T. ) ;
#4156 = PLANE ( 'NONE',  #607 ) ;
#4157 = DIRECTION ( 'NONE',  ( 0.000000000000000000, -3.469446951953613006E-15, -1.000000000000000000 ) ) ;
#4158 = CARTESIAN_POINT ( 'NONE',  ( -4.109999999999998543, 0.6999999999999999556, -3.910000000000000142 ) ) ;
#4159 = PRESENTATION_LAYER_ASSIGNMENT (  '', '', ( #514 ) ) ;
#4160 = SURFACE_SIDE_STYLE ('',( #3152 ) ) ;
#4161 = ORIENTED_EDGE ( 'NONE', *, *, #3615, .F. ) ;
#4162 =( LENGTH_UNIT ( ) NAMED_UNIT ( * ) SI_UNIT ( .MILLI., .METRE. ) );
#4163 = EDGE_CURVE ( 'NONE', #1598, #2452, #5955, .T. ) ;
#4164 = DIRECTION ( 'NONE',  ( -0.000000000000000000, 1.000000000000000000, 0.000000000000000000 ) ) ;
#4165 = EDGE_CURVE ( 'NONE', #959, #1129, #1787, .T. ) ;
#4166 = FACE_OUTER_BOUND ( 'NONE', #4384, .T. ) ;
#4167 = LINE ( 'NONE', #5654, #4070 ) ;
#4168 = STYLED_ITEM ( 'NONE', ( #5680 ), #2302 ) ;
#4169 = ORIENTED_EDGE ( 'NONE', *, *, #1568, .T. ) ;
#4170 = LINE ( 'NONE', #1315, #4240 ) ;
#4171 = DIRECTION ( 'NONE',  ( 0.000000000000000000, 0.000000000000000000, -1.000000000000000000 ) ) ;
#4172 = COLOUR_RGB ( '',0.7921568627450980005, 0.8196078431372548767, 0.9333333333333333481 ) ;
#4173 = DIRECTION ( 'NONE',  ( -1.000000000000000000, 0.000000000000000000, 0.000000000000000000 ) ) ;
#4174 = EDGE_CURVE ( 'NONE', #3900, #5699, #1827, .T. ) ;
#4175 = DIRECTION ( 'NONE',  ( -0.000000000000000000, -0.000000000000000000, 1.000000000000000000 ) ) ;
#4176 = CARTESIAN_POINT ( 'NONE',  ( -5.580000000000000959, 0.2000000000000091982, 2.500000000000004885 ) ) ;
#4177 = EDGE_CURVE ( 'NONE', #3795, #2704, #1813, .T. ) ;
#4178 = ADVANCED_FACE ( 'NONE', ( #6024 ), #5959, .F. ) ;
#4179 = DIRECTION ( 'NONE',  ( -1.000000000000000000, 0.000000000000000000, -0.000000000000000000 ) ) ;
#4180 = VECTOR ( 'NONE', #5611, 1000.000000000000000 ) ;
#4181 = ORIENTED_EDGE ( 'NONE', *, *, #377, .F. ) ;
#4182 = PRESENTATION_LAYER_ASSIGNMENT (  '', '', ( #4902 ) ) ;
#4183 = EDGE_CURVE ( 'NONE', #3102, #2627, #3811, .T. ) ;
#4184 = COLOUR_RGB ( '',1.000000000000000000, 0.8117647058823529438, 0.5019607843137254832 ) ;
#4185 = MECHANICAL_DESIGN_GEOMETRIC_PRESENTATION_REPRESENTATION (  '', ( #3223 ), #6126 ) ;
#4186 =( NAMED_UNIT ( * ) PLANE_ANGLE_UNIT ( ) SI_UNIT ( $, .RADIAN. ) );
#4187 = DIRECTION ( 'NONE',  ( 0.000000000000000000, -1.000000000000000000, 0.000000000000000000 ) ) ;
#4188 = COLOUR_RGB ( '',0.7921568627450980005, 0.8196078431372548767, 0.9333333333333333481 ) ;
#4189 = DIRECTION ( 'NONE',  ( 1.000000000000000000, -0.000000000000000000, -0.000000000000000000 ) ) ;
#4190 = DIRECTION ( 'NONE',  ( -1.000000000000000000, -0.000000000000000000, -0.000000000000000000 ) ) ;
#4191 = PLANE ( 'NONE',  #2165 ) ;
#4192 = VECTOR ( 'NONE', #1223, 1000.000000000000000 ) ;
#4193 = ORIENTED_EDGE ( 'NONE', *, *, #4883, .T. ) ;
#4194 = PRESENTATION_STYLE_ASSIGNMENT (( #5128 ) ) ;
#4195 = STYLED_ITEM ( 'NONE', ( #4327 ), #2236 ) ;
#4196 = FILL_AREA_STYLE_COLOUR ( '', #4145 ) ;
#4197 = EDGE_CURVE ( 'NONE', #5276, #3271, #5904, .T. ) ;
#4198 =( GEOMETRIC_REPRESENTATION_CONTEXT ( 3 ) GLOBAL_UNCERTAINTY_ASSIGNED_CONTEXT ( ( #4735 ) ) GLOBAL_UNIT_ASSIGNED_CONTEXT ( ( #4115, #4991, #2149 ) ) REPRESENTATION_CONTEXT ( 'NONE', 'WORKASPACE' ) );
#4199 = CARTESIAN_POINT ( 'NONE',  ( -4.459999999999999076, 5.200000000000000178, -1.800000000000000044 ) ) ;
#4200 = UNCERTAINTY_MEASURE_WITH_UNIT (LENGTH_MEASURE( 1.000000000000000082E-05 ), #3302, 'distance_accuracy_value', 'NONE');
#4201 =( NAMED_UNIT ( * ) PLANE_ANGLE_UNIT ( ) SI_UNIT ( $, .RADIAN. ) );
#4202 = LINE ( 'NONE', #4051, #75 ) ;
#4203 = DIRECTION ( 'NONE',  ( 0.000000000000000000, 1.000000000000000000, 0.000000000000000000 ) ) ;
#4204 = EDGE_LOOP ( 'NONE', ( #736, #4728, #1504, #4851 ) ) ;
#4205 =( GEOMETRIC_REPRESENTATION_CONTEXT ( 3 ) GLOBAL_UNCERTAINTY_ASSIGNED_CONTEXT ( ( #768 ) ) GLOBAL_UNIT_ASSIGNED_CONTEXT ( ( #5024, #6036, #3868 ) ) REPRESENTATION_CONTEXT ( 'NONE', 'WORKASPACE' ) );
#4206 = FILL_AREA_STYLE_COLOUR ( '', #5858 ) ;
#4207 = DIRECTION ( 'NONE',  ( -1.445602896647340692E-15, 0.000000000000000000, 1.000000000000000000 ) ) ;
#4208 = UNCERTAINTY_MEASURE_WITH_UNIT (LENGTH_MEASURE( 1.000000000000000082E-05 ), #797, 'distance_accuracy_value', 'NONE');
#4209 = COLOUR_RGB ( '',0.7921568627450980005, 0.8196078431372548767, 0.9333333333333333481 ) ;
#4210 = DIRECTION ( 'NONE',  ( -0.000000000000000000, 1.000000000000000000, -0.000000000000000000 ) ) ;
#4211 = FACE_OUTER_BOUND ( 'NONE', #3316, .T. ) ;
#4212 = ADVANCED_FACE ( 'NONE', ( #3830 ), #3510, .F. ) ;
#4213 = LINE ( 'NONE', #4716, #2335 ) ;
#4214 =( NAMED_UNIT ( * ) SI_UNIT ( $, .STERADIAN. ) SOLID_ANGLE_UNIT ( ) );
#4215 = CARTESIAN_POINT ( 'NONE',  ( 1.920000000000001483, 10.26155281280883003, 1.800000000000000044 ) ) ;
#4216 = DIRECTION ( 'NONE',  ( 0.000000000000000000, -0.000000000000000000, 1.000000000000000000 ) ) ;
#4217 = VECTOR ( 'NONE', #4590, 1000.000000000000000 ) ;
#4218 = ORIENTED_EDGE ( 'NONE', *, *, #5265, .T. ) ;
#4219 = SURFACE_STYLE_FILL_AREA ( #3975 ) ;
#4220 = FILL_AREA_STYLE_COLOUR ( '', #5295 ) ;
#4221 = ADVANCED_FACE ( 'NONE', ( #6003 ), #351, .T. ) ;
#4222 = STYLED_ITEM ( 'NONE', ( #5372 ), #4052 ) ;
#4223 = CARTESIAN_POINT ( 'NONE',  ( 1.920000000000001483, 5.200000000000000178, 1.800000000000000044 ) ) ;
#4224 = AXIS2_PLACEMENT_3D ( 'NONE', #2322, #6098, #4171 ) ;
#4225 = CARTESIAN_POINT ( 'NONE',  ( 5.380000000000000782, 4.000000000000000000, -2.199999999999999734 ) ) ;
#4226 = SURFACE_STYLE_USAGE ( .BOTH. , #267 ) ;
#4227 = DIRECTION ( 'NONE',  ( 0.000000000000000000, 1.000000000000000000, 0.000000000000000000 ) ) ;
#4228 = ORIENTED_EDGE ( 'NONE', *, *, #1325, .F. ) ;
#4229 = VECTOR ( 'NONE', #2194, 1000.000000000000000 ) ;
#4230 = LINE ( 'NONE', #3250, #319 ) ;
#4231 = DIRECTION ( 'NONE',  ( 0.000000000000000000, 0.000000000000000000, -1.000000000000000000 ) ) ;
#4232 = ADVANCED_FACE ( 'NONE', ( #4005 ), #3841, .F. ) ;
#4233 = PRESENTATION_LAYER_ASSIGNMENT (  '', '', ( #3574 ) ) ;
#4234 = EDGE_CURVE ( 'NONE', #5615, #3643, #6011, .T. ) ;
#4235 = CARTESIAN_POINT ( 'NONE',  ( 1.920000000000001483, 5.099999999999999645, 1.800000000000000044 ) ) ;
#4236 = ORIENTED_EDGE ( 'NONE', *, *, #1971, .T. ) ;
#4237 = FILL_AREA_STYLE_COLOUR ( '', #5134 ) ;
#4238 = ORIENTED_EDGE ( 'NONE', *, *, #3323, .F. ) ;
#4239 = CARTESIAN_POINT ( 'NONE',  ( 4.460000000000000853, 5.700000000000000178, -1.800000000000000044 ) ) ;
#4240 = VECTOR ( 'NONE', #3921, 1000.000000000000000 ) ;
#4241 = EDGE_CURVE ( 'NONE', #4783, #3900, #3833, .T. ) ;
#4242 = CARTESIAN_POINT ( 'NONE',  ( -5.580000000000000959, 5.700000000000000178, 4.950000000000000178 ) ) ;
#4243 =( GEOMETRIC_REPRESENTATION_CONTEXT ( 3 ) GLOBAL_UNCERTAINTY_ASSIGNED_CONTEXT ( ( #3224 ) ) GLOBAL_UNIT_ASSIGNED_CONTEXT ( ( #4576, #2293, #2798 ) ) REPRESENTATION_CONTEXT ( 'NONE', 'WORKASPACE' ) );
#4244 = PRESENTATION_LAYER_ASSIGNMENT (  '', '', ( #2031 ) ) ;
#4245 = SURFACE_STYLE_FILL_AREA ( #1125 ) ;
#4246 =( LENGTH_UNIT ( ) NAMED_UNIT ( * ) SI_UNIT ( .MILLI., .METRE. ) );
#4247 = ORIENTED_EDGE ( 'NONE', *, *, #307, .T. ) ;
#4248 = COLOUR_RGB ( '',0.7921568627450980005, 0.8196078431372548767, 0.9333333333333333481 ) ;
#4249 = FILL_AREA_STYLE_COLOUR ( '', #1160 ) ;
#4250 = LINE ( 'NONE', #3059, #4276 ) ;
#4251 = DIRECTION ( 'NONE',  ( 0.000000000000000000, 0.000000000000000000, 1.000000000000000000 ) ) ;
#4252 = CARTESIAN_POINT ( 'NONE',  ( -5.580000000000000959, 0.2000000000000078937, 2.700000000000005063 ) ) ;
#4253 = EDGE_CURVE ( 'NONE', #3127, #4656, #1985, .T. ) ;
#4254 = AXIS2_PLACEMENT_3D ( 'NONE', #1611, #4164, #5890 ) ;
#4255 = FILL_AREA_STYLE ('',( #2463 ) ) ;
#4256 = LINE ( 'NONE', #4999, #125 ) ;
#4257 = VERTEX_POINT ( 'NONE', #2911 ) ;
#4258 = ADVANCED_FACE ( 'NONE', ( #3864 ), #2263, .T. ) ;
#4259 = PRESENTATION_STYLE_ASSIGNMENT (( #2075 ) ) ;
#4260 = DIRECTION ( 'NONE',  ( 0.000000000000000000, -0.000000000000000000, 1.000000000000000000 ) ) ;
#4261 = DIRECTION ( 'NONE',  ( -1.000000000000000000, 0.000000000000000000, 0.000000000000000000 ) ) ;
#4262 = CARTESIAN_POINT ( 'NONE',  ( -0.9699999999999986411, 0.6999999999999999556, 3.909999999999999254 ) ) ;
#4263 = ORIENTED_EDGE ( 'NONE', *, *, #520, .F. ) ;
#4264 = STYLED_ITEM ( 'NONE', ( #435 ), #690 ) ;
#4265 = FACE_OUTER_BOUND ( 'NONE', #5082, .T. ) ;
#4266 = UNCERTAINTY_MEASURE_WITH_UNIT (LENGTH_MEASURE( 1.000000000000000082E-05 ), #3258, 'distance_accuracy_value', 'NONE');
#4267 = VECTOR ( 'NONE', #4011, 1000.000000000000000 ) ;
#4268 = CARTESIAN_POINT ( 'NONE',  ( 2.540000000000000036, 5.099999999999999645, 0.000000000000000000 ) ) ;
#4269 = FILL_AREA_STYLE_COLOUR ( '', #3736 ) ;
#4270 =( GEOMETRIC_REPRESENTATION_CONTEXT ( 3 ) GLOBAL_UNCERTAINTY_ASSIGNED_CONTEXT ( ( #3785 ) ) GLOBAL_UNIT_ASSIGNED_CONTEXT ( ( #6077, #5657, #3156 ) ) REPRESENTATION_CONTEXT ( 'NONE', 'WORKASPACE' ) );
#4271 = FILL_AREA_STYLE_COLOUR ( '', #2613 ) ;
#4272 = ADVANCED_FACE ( 'NONE', ( #1993 ), #790, .F. ) ;
#4273 = CARTESIAN_POINT ( 'NONE',  ( 1.570000000000001616, -3.399999999999995026, 3.710000000000000409 ) ) ;
#4274 = ORIENTED_EDGE ( 'NONE', *, *, #2235, .F. ) ;
#4275 = LINE ( 'NONE', #2333, #306 ) ;
#4276 = VECTOR ( 'NONE', #6045, 1000.000000000000000 ) ;
#4277 =( NAMED_UNIT ( * ) SI_UNIT ( $, .STERADIAN. ) SOLID_ANGLE_UNIT ( ) );
#4278 = ORIENTED_EDGE ( 'NONE', *, *, #748, .T. ) ;
#4279 = COLOUR_RGB ( '',1.000000000000000000, 0.8117647058823529438, 0.5019607843137254832 ) ;
#4280 = DIRECTION ( 'NONE',  ( 0.000000000000000000, 1.000000000000000000, -3.469446951953613006E-15 ) ) ;
#4281 = LINE ( 'NONE', #311, #4431 ) ;
#4282 = LINE ( 'NONE', #1865, #161 ) ;
#4283 =( NAMED_UNIT ( * ) SI_UNIT ( $, .STERADIAN. ) SOLID_ANGLE_UNIT ( ) );
#4284 =( LENGTH_UNIT ( ) NAMED_UNIT ( * ) SI_UNIT ( .MILLI., .METRE. ) );
#4285 = PLANE ( 'NONE',  #2697 ) ;
#4286 = DIRECTION ( 'NONE',  ( 1.000000000000000000, 0.000000000000000000, -0.000000000000000000 ) ) ;
#4287 = STYLED_ITEM ( 'NONE', ( #3584 ), #4099 ) ;
#4288 = VERTEX_POINT ( 'NONE', #5297 ) ;
#4289 = ORIENTED_EDGE ( 'NONE', *, *, #1737, .T. ) ;
#4290 = EDGE_CURVE ( 'NONE', #5261, #3263, #1882, .T. ) ;
#4291 = CARTESIAN_POINT ( 'NONE',  ( -0.6199999999999985523, 1.272468158199071553, -1.800000000000000044 ) ) ;
#4292 =( NAMED_UNIT ( * ) SI_UNIT ( $, .STERADIAN. ) SOLID_ANGLE_UNIT ( ) );
#4293 = DIRECTION ( 'NONE',  ( -0.000000000000000000, 1.000000000000000000, -0.000000000000000000 ) ) ;
#4294 = CARTESIAN_POINT ( 'NONE',  ( 5.580000000000000959, 4.000000000000000000, 0.7999999999999974909 ) ) ;
#4295 = CARTESIAN_POINT ( 'NONE',  ( -3.659999999999999254, -3.900000000000000799, 3.909999999999999254 ) ) ;
#4296 = PRESENTATION_LAYER_ASSIGNMENT (  '', '', ( #3207 ) ) ;
#4297 = STYLED_ITEM ( 'NONE', ( #2414 ), #4859 ) ;
#4298 = COLOUR_RGB ( '',1.000000000000000000, 0.8117647058823529438, 0.5019607843137254832 ) ;
#4299 = LINE ( 'NONE', #4223, #4318 ) ;
#4300 = LINE ( 'NONE', #862, #183 ) ;
#4301 = EDGE_CURVE ( 'NONE', #3918, #2334, #6020, .T. ) ;
#4302 = CARTESIAN_POINT ( 'NONE',  ( 5.580000000000000959, 4.000000000000000000, -0.7999999999999999334 ) ) ;
#4303 = CARTESIAN_POINT ( 'NONE',  ( 0.9700000000000011946, -3.900000000000000799, 3.710000000000000409 ) ) ;
#4304 = EDGE_CURVE ( 'NONE', #1622, #3795, #6110, .T. ) ;
#4305 = DIRECTION ( 'NONE',  ( -1.000000000000000000, 0.000000000000000000, -0.000000000000000000 ) ) ;
#4306 = DIRECTION ( 'NONE',  ( -0.000000000000000000, -1.000000000000000000, -0.000000000000000000 ) ) ;
#4307 = VERTEX_POINT ( 'NONE', #1427 ) ;
#4308 = AXIS2_PLACEMENT_3D ( 'NONE', #2772, #2809, #4231 ) ;
#4309 = LINE ( 'NONE', #1562, #2266 ) ;
#4310 = DIRECTION ( 'NONE',  ( 0.000000000000000000, 0.000000000000000000, 1.000000000000000000 ) ) ;
#4311 = ADVANCED_FACE ( 'NONE', ( #1905 ), #5707, .F. ) ;
#4312 = EDGE_CURVE ( 'NONE', #1027, #1287, #6043, .T. ) ;
#4313 = ORIENTED_EDGE ( 'NONE', *, *, #4039, .T. ) ;
#4314 = DIRECTION ( 'NONE',  ( 0.000000000000000000, 0.000000000000000000, -1.000000000000000000 ) ) ;
#4315 = VERTEX_POINT ( 'NONE', #4295 ) ;
#4316 = VECTOR ( 'NONE', #5899, 1000.000000000000000 ) ;
#4317 = CARTESIAN_POINT ( 'NONE',  ( 3.510000000000001119, 0.6999999999999999556, 3.910000000000000142 ) ) ;
#4318 = VECTOR ( 'NONE', #3639, 1000.000000000000000 ) ;
#4319 = LINE ( 'NONE', #912, #2307 ) ;
#4320 = SURFACE_STYLE_USAGE ( .BOTH. , #4655 ) ;
#4321 = DIRECTION ( 'NONE',  ( 0.000000000000000000, 0.000000000000000000, -1.000000000000000000 ) ) ;
#4322 = EDGE_CURVE ( 'NONE', #3271, #2436, #1929, .T. ) ;
#4323 = CARTESIAN_POINT ( 'NONE',  ( 1.920000000000001483, 6.950000000000000178, 1.800000000000000044 ) ) ;
#4324 = ADVANCED_FACE ( 'NONE', ( #3998 ), #774, .F. ) ;
#4325 = DIRECTION ( 'NONE',  ( -0.000000000000000000, 3.469446951953613006E-15, 1.000000000000000000 ) ) ;
#4326 = MECHANICAL_DESIGN_GEOMETRIC_PRESENTATION_REPRESENTATION (  '', ( #84 ), #2039 ) ;
#4327 = PRESENTATION_STYLE_ASSIGNMENT (( #2172 ) ) ;
#4328 = ORIENTED_EDGE ( 'NONE', *, *, #4481, .T. ) ;
#4329 = UNCERTAINTY_MEASURE_WITH_UNIT (LENGTH_MEASURE( 1.000000000000000082E-05 ), #792, 'distance_accuracy_value', 'NONE');
#4330 = ORIENTED_EDGE ( 'NONE', *, *, #2450, .F. ) ;
#4331 = FILL_AREA_STYLE_COLOUR ( '', #4128 ) ;
#4332 = VECTOR ( 'NONE', #1791, 1000.000000000000000 ) ;
#4333 = CARTESIAN_POINT ( 'NONE',  ( -1.569999999999998952, 0.6999999999999999556, 3.910000000000000142 ) ) ;
#4334 = FACE_OUTER_BOUND ( 'NONE', #4366, .T. ) ;
#4335 = FACE_OUTER_BOUND ( 'NONE', #4402, .T. ) ;
#4336 = COLOUR_RGB ( '',1.000000000000000000, 0.8117647058823529438, 0.5019607843137254832 ) ;
#4337 = CARTESIAN_POINT ( 'NONE',  ( -5.580000000000000959, 0.4000000000000080158, 2.700000000000005507 ) ) ;
#4338 = PLANE ( 'NONE',  #3941 ) ;
#4339 = ORIENTED_EDGE ( 'NONE', *, *, #2989, .T. ) ;
#4340 =( NAMED_UNIT ( * ) PLANE_ANGLE_UNIT ( ) SI_UNIT ( $, .RADIAN. ) );
#4341 = CARTESIAN_POINT ( 'NONE',  ( 1.920000000000001483, 6.950000000000001066, 0.1999999999999998723 ) ) ;
#4342 = AXIS2_PLACEMENT_3D ( 'NONE', #39, #5800, #4376 ) ;
#4343 = DIRECTION ( 'NONE',  ( 0.000000000000000000, 0.000000000000000000, -1.000000000000000000 ) ) ;
#4344 = CARTESIAN_POINT ( 'NONE',  ( -3.509999999999998899, -8.432455532033678480, -3.710000000000000409 ) ) ;
#4345 = SURFACE_SIDE_STYLE ('',( #907 ) ) ;
#4346 = CARTESIAN_POINT ( 'NONE',  ( -1.569999999999998952, -8.432455532033678480, 3.710000000000000409 ) ) ;
#4347 = ORIENTED_EDGE ( 'NONE', *, *, #3590, .T. ) ;
#4348 = ORIENTED_EDGE ( 'NONE', *, *, #6073, .F. ) ;
#4349 = VECTOR ( 'NONE', #5749, 1000.000000000000000 ) ;
#4350 = STYLED_ITEM ( 'NONE', ( #5111 ), #5377 ) ;
#4351 = CARTESIAN_POINT ( 'NONE',  ( 3.160000000000001030, 5.099999999999999645, -1.800000000000000044 ) ) ;
#4352 = DIRECTION ( 'NONE',  ( -1.000000000000000000, -0.000000000000000000, -0.000000000000000000 ) ) ;
#4353 =( LENGTH_UNIT ( ) NAMED_UNIT ( * ) SI_UNIT ( .MILLI., .METRE. ) );
#4354 = CARTESIAN_POINT ( 'NONE',  ( -3.159999999999998810, 5.099999999999999645, 1.800000000000000044 ) ) ;
#4355 = ADVANCED_FACE ( 'NONE', ( #3955 ), #4968, .F. ) ;
#4356 = CYLINDRICAL_SURFACE ( 'NONE', #4800, 0.2000000000000000944 ) ;
#4357 =( LENGTH_UNIT ( ) NAMED_UNIT ( * ) SI_UNIT ( .MILLI., .METRE. ) );
#4358 = ORIENTED_EDGE ( 'NONE', *, *, #1758, .F. ) ;
#4359 = AXIS2_PLACEMENT_3D ( 'NONE', #4988, #2928, #2035 ) ;
#4360 = CARTESIAN_POINT ( 'NONE',  ( -5.580000000000000959, 0.4000000000000001887, -4.950000000000002842 ) ) ;
#4361 = VECTOR ( 'NONE', #1652, 1000.000000000000000 ) ;
#4362 = VERTEX_POINT ( 'NONE', #4024 ) ;
#4363 = DIRECTION ( 'NONE',  ( -1.000000000000000000, -0.000000000000000000, -0.000000000000000000 ) ) ;
#4364 = LINE ( 'NONE', #3884, #2345 ) ;
#4365 = CARTESIAN_POINT ( 'NONE',  ( 5.580000000000000959, 5.700000000000000178, -4.950000000000000178 ) ) ;
#4366 = EDGE_LOOP ( 'NONE', ( #5885, #5802, #5778, #5514 ) ) ;
#4367 =( NAMED_UNIT ( * ) SI_UNIT ( $, .STERADIAN. ) SOLID_ANGLE_UNIT ( ) );
#4368 = AXIS2_PLACEMENT_3D ( 'NONE', #3264, #2742, #3661 ) ;
#4369 = EDGE_CURVE ( 'NONE', #3127, #3882, #4040, .T. ) ;
#4370 = EDGE_LOOP ( 'NONE', ( #4863, #4674, #5486, #2691 ) ) ;
#4371 = PLANE ( 'NONE',  #3293 ) ;
#4372 = ORIENTED_EDGE ( 'NONE', *, *, #377, .T. ) ;
#4373 = DIRECTION ( 'NONE',  ( 1.000000000000000000, 0.000000000000000000, -1.445602896647338522E-15 ) ) ;
#4374 = PLANE ( 'NONE',  #1362 ) ;
#4375 = ORIENTED_EDGE ( 'NONE', *, *, #4064, .T. ) ;
#4376 = DIRECTION ( 'NONE',  ( 0.000000000000000000, -3.469446951953613006E-15, 1.000000000000000000 ) ) ;
#4377 = PRESENTATION_LAYER_ASSIGNMENT (  '', '', ( #2298 ) ) ;
#4378 = CARTESIAN_POINT ( 'NONE',  ( -1.569999999999998952, -3.399999999999995026, 3.910000000000000142 ) ) ;
#4379 = DIRECTION ( 'NONE',  ( -1.000000000000000000, -0.000000000000000000, -0.000000000000000000 ) ) ;
#4380 = CARTESIAN_POINT ( 'NONE',  ( -4.109999999999999432, 0.6999999999999999556, 3.910000000000000142 ) ) ;
#4381 = DIRECTION ( 'NONE',  ( -1.000000000000000000, 0.000000000000000000, -0.000000000000000000 ) ) ;
#4382 = ORIENTED_EDGE ( 'NONE', *, *, #1912, .T. ) ;
#4383 = VERTEX_POINT ( 'NONE', #1712 ) ;
#4384 = EDGE_LOOP ( 'NONE', ( #365, #334, #2109, #4313 ) ) ;
#4385 = FACE_OUTER_BOUND ( 'NONE', #2356, .T. ) ;
#4386 = VECTOR ( 'NONE', #1529, 1000.000000000000000 ) ;
#4387 = PLANE ( 'NONE',  #223 ) ;
#4388 = VERTEX_POINT ( 'NONE', #5507 ) ;
#4389 = DIRECTION ( 'NONE',  ( -0.000000000000000000, -1.000000000000000000, -0.000000000000000000 ) ) ;
#4390 = DIRECTION ( 'NONE',  ( -0.000000000000000000, 1.000000000000000000, -0.000000000000000000 ) ) ;
#4391 = STYLED_ITEM ( 'NONE', ( #2934 ), #3724 ) ;
#4392 = EDGE_CURVE ( 'NONE', #3522, #5617, #6027, .T. ) ;
#4393 = MECHANICAL_DESIGN_GEOMETRIC_PRESENTATION_REPRESENTATION (  '', ( #6062 ), #1823 ) ;
#4394 = COLOUR_RGB ( '',1.000000000000000000, 0.8117647058823529438, 0.5019607843137254832 ) ;
#4395 = CARTESIAN_POINT ( 'NONE',  ( 1.570000000000001616, -8.432455532033678480, -3.909999999999999254 ) ) ;
#4396 = ORIENTED_EDGE ( 'NONE', *, *, #5129, .F. ) ;
#4397 = EDGE_CURVE ( 'NONE', #5614, #5724, #6091, .T. ) ;
#4398 = COLOUR_RGB ( '',1.000000000000000000, 0.8117647058823529438, 0.5019607843137254832 ) ;
#4399 = EDGE_CURVE ( 'NONE', #1626, #3906, #5972, .T. ) ;
#4400 = ORIENTED_EDGE ( 'NONE', *, *, #6066, .T. ) ;
#4401 = DIRECTION ( 'NONE',  ( -0.000000000000000000, 1.000000000000000000, 0.000000000000000000 ) ) ;
#4402 = EDGE_LOOP ( 'NONE', ( #1530, #5201, #1195, #3332 ) ) ;
#4403 = AXIS2_PLACEMENT_3D ( 'NONE', #5029, #3602, #5961 ) ;
#4404 = CIRCLE ( 'NONE', #3598, 0.2000000000000005107 ) ;
#4405 = CARTESIAN_POINT ( 'NONE',  ( -1.569999999999998952, 0.6999999999999999556, 3.910000000000000142 ) ) ;
#4406 = LINE ( 'NONE', #3938, #2344 ) ;
#4407 = VECTOR ( 'NONE', #2346, 1000.000000000000000 ) ;
#4408 = SURFACE_STYLE_USAGE ( .BOTH. , #2147 ) ;
#4409 = ORIENTED_EDGE ( 'NONE', *, *, #2687, .T. ) ;
#4410 = SURFACE_STYLE_USAGE ( .BOTH. , #3442 ) ;
#4411 = VECTOR ( 'NONE', #4116, 1000.000000000000000 ) ;
#4412 = UNCERTAINTY_MEASURE_WITH_UNIT (LENGTH_MEASURE( 1.000000000000000082E-05 ), #5767, 'distance_accuracy_value', 'NONE');
#4413 = ORIENTED_EDGE ( 'NONE', *, *, #5902, .F. ) ;
#4414 = ORIENTED_EDGE ( 'NONE', *, *, #1898, .T. ) ;
#4415 = PLANE ( 'NONE',  #1022 ) ;
#4416 = ADVANCED_FACE ( 'NONE', ( #4012 ), #3124, .F. ) ;
#4417 = VECTOR ( 'NONE', #3437, 1000.000000000000000 ) ;
#4418 = STYLED_ITEM ( 'NONE', ( #2353 ), #734 ) ;
#4419 = DIRECTION ( 'NONE',  ( 0.000000000000000000, -1.000000000000000000, 0.000000000000000000 ) ) ;
#4420 = CARTESIAN_POINT ( 'NONE',  ( -0.9699999999999986411, 0.6999999999999999556, -3.909999999999999254 ) ) ;
#4421 = UNCERTAINTY_MEASURE_WITH_UNIT (LENGTH_MEASURE( 1.000000000000000082E-05 ), #4830, 'distance_accuracy_value', 'NONE');
#4422 = EDGE_LOOP ( 'NONE', ( #3192, #5251, #180, #1102 ) ) ;
#4423 = LINE ( 'NONE', #3834, #2233 ) ;
#4424 = CARTESIAN_POINT ( 'NONE',  ( -5.580000000000000959, 9.107298248878237246E-15, 2.300000000000003819 ) ) ;
#4425 = CARTESIAN_POINT ( 'NONE',  ( -3.159999999999998810, 10.26155281280883003, 0.1999999999999998723 ) ) ;
#4426 =( NAMED_UNIT ( * ) PLANE_ANGLE_UNIT ( ) SI_UNIT ( $, .RADIAN. ) );
#4427 =( NAMED_UNIT ( * ) PLANE_ANGLE_UNIT ( ) SI_UNIT ( $, .RADIAN. ) );
#4428 = SURFACE_STYLE_USAGE ( .BOTH. , #1156 ) ;
#4429 = VERTEX_POINT ( 'NONE', #1754 ) ;
#4430 = PRESENTATION_STYLE_ASSIGNMENT (( #3131 ) ) ;
#4431 = VECTOR ( 'NONE', #788, 1000.000000000000000 ) ;
#4432 = VECTOR ( 'NONE', #4962, 1000.000000000000000 ) ;
#4433 = PLANE ( 'NONE',  #2900 ) ;
#4434 = SURFACE_STYLE_FILL_AREA ( #2192 ) ;
#4435 = DIRECTION ( 'NONE',  ( 0.000000000000000000, 0.000000000000000000, -1.000000000000000000 ) ) ;
#4436 = DIRECTION ( 'NONE',  ( -1.000000000000000000, 0.000000000000000000, -0.000000000000000000 ) ) ;
#4437 = CARTESIAN_POINT ( 'NONE',  ( -4.109999999999999432, -3.900000000000000799, -3.710000000000000409 ) ) ;
#4438 = FILL_AREA_STYLE ('',( #4000 ) ) ;
#4439 = STYLED_ITEM ( 'NONE', ( #3948 ), #4221 ) ;
#4440 = ORIENTED_EDGE ( 'NONE', *, *, #5846, .F. ) ;
#4441 = FILL_AREA_STYLE_COLOUR ( '', #5321 ) ;
#4442 = VERTEX_POINT ( 'NONE', #5468 ) ;
#4444 = AXIS2_PLACEMENT_3D ( 'NONE', #2644, #1592, #3105 ) ;
#4443 = FACE_OUTER_BOUND ( 'NONE', #5036, .T. ) ;
#4445 = FACE_OUTER_BOUND ( 'NONE', #1041, .T. ) ;
#4446 = VECTOR ( 'NONE', #445, 1000.000000000000000 ) ;
#4447 = PLANE ( 'NONE',  #2536 ) ;
#4448 = ORIENTED_EDGE ( 'NONE', *, *, #3529, .F. ) ;
#4449 = LINE ( 'NONE', #6082, #4411 ) ;
#4450 = FILL_AREA_STYLE ('',( #553 ) ) ;
#4451 = ORIENTED_EDGE ( 'NONE', *, *, #949, .T. ) ;
#4452 = PRESENTATION_LAYER_ASSIGNMENT (  '', '', ( #4822 ) ) ;
#4453 = LINE ( 'NONE', #4479, #4496 ) ;
#4454 = CARTESIAN_POINT ( 'NONE',  ( 1.920000000000001483, 5.200000000000000178, -1.800000000000000044 ) ) ;
#4455 = VECTOR ( 'NONE', #2071, 1000.000000000000000 ) ;
#4456 = EDGE_CURVE ( 'NONE', #5724, #2830, #6095, .T. ) ;
#4457 = CARTESIAN_POINT ( 'NONE',  ( 1.920000000000001483, 10.26155281280883003, 0.1999999999999998723 ) ) ;
#4458 = CARTESIAN_POINT ( 'NONE',  ( -5.580000000000000959, 0.2000000000000083655, -2.500000000000001332 ) ) ;
#4459 = ORIENTED_EDGE ( 'NONE', *, *, #3048, .F. ) ;
#4460 = SURFACE_STYLE_USAGE ( .BOTH. , #5370 ) ;
#4461 = EDGE_CURVE ( 'NONE', #4536, #3795, #3929, .T. ) ;
#4462 = CARTESIAN_POINT ( 'NONE',  ( 4.460000000000000853, 5.099999999999999645, -1.800000000000000044 ) ) ;
#4463 = ORIENTED_EDGE ( 'NONE', *, *, #4972, .T. ) ;
#4464 = ADVANCED_FACE ( 'NONE', ( #6074 ), #3571, .T. ) ;
#4465 = LINE ( 'NONE', #2479, #4316 ) ;
#4466 = MECHANICAL_DESIGN_GEOMETRIC_PRESENTATION_REPRESENTATION (  '', ( #295 ), #3979 ) ;
#4467 = LINE ( 'NONE', #4829, #4407 ) ;
#4468 = CARTESIAN_POINT ( 'NONE',  ( -5.380000000000000782, 4.000000000000001776, 2.199999999999997069 ) ) ;
#4469 = EDGE_CURVE ( 'NONE', #3672, #3597, #1917, .T. ) ;
#4470 = ORIENTED_EDGE ( 'NONE', *, *, #3529, .T. ) ;
#4471 = LINE ( 'NONE', #394, #379 ) ;
#4472 = SURFACE_STYLE_USAGE ( .BOTH. , #3916 ) ;
#4473 = DIRECTION ( 'NONE',  ( -0.000000000000000000, -1.000000000000000000, -0.000000000000000000 ) ) ;
#4474 = ORIENTED_EDGE ( 'NONE', *, *, #5137, .F. ) ;
#4475 = VERTEX_POINT ( 'NONE', #409 ) ;
#4476 = ORIENTED_EDGE ( 'NONE', *, *, #2918, .T. ) ;
#4477 = LINE ( 'NONE', #1617, #375 ) ;
#4478 = LINE ( 'NONE', #2881, #2244 ) ;
#4479 = CARTESIAN_POINT ( 'NONE',  ( 1.920000000000001483, 5.700000000000000178, 1.800000000000000044 ) ) ;
#4480 = AXIS2_PLACEMENT_3D ( 'NONE', #1458, #4419, #5287 ) ;
#4481 = EDGE_CURVE ( 'NONE', #4570, #3121, #5964, .T. ) ;
#4482 = AXIS2_PLACEMENT_3D ( 'NONE', #322, #771, #1239 ) ;
#4483 = FACE_OUTER_BOUND ( 'NONE', #2466, .T. ) ;
#4484 = SURFACE_STYLE_USAGE ( .BOTH. , #250 ) ;
#4485 = CARTESIAN_POINT ( 'NONE',  ( -5.080000000000000959, 0.2000000000000091982, 2.500000000000004885 ) ) ;
#4486 = VERTEX_POINT ( 'NONE', #2743 ) ;
#4487 = ORIENTED_EDGE ( 'NONE', *, *, #3460, .T. ) ;
#4488 = VERTEX_POINT ( 'NONE', #4239 ) ;
#4489 = CARTESIAN_POINT ( 'NONE',  ( 5.580000000000000959, 2.600000000000000533, 0.7999999999999999334 ) ) ;
#4490 = VERTEX_POINT ( 'NONE', #874 ) ;
#4491 = EDGE_CURVE ( 'NONE', #397, #1880, #1924, .T. ) ;
#4492 = MECHANICAL_DESIGN_GEOMETRIC_PRESENTATION_REPRESENTATION (  '', ( #835 ), #5687 ) ;
#4493 = SURFACE_STYLE_FILL_AREA ( #2905 ) ;
#4494 = CARTESIAN_POINT ( 'NONE',  ( -0.9699999999999986411, -3.399999999999995026, 3.909999999999999254 ) ) ;
#4495 = ORIENTED_EDGE ( 'NONE', *, *, #6124, .F. ) ;
#4496 = VECTOR ( 'NONE', #3459, 1000.000000000000000 ) ;
#4497 = UNCERTAINTY_MEASURE_WITH_UNIT (LENGTH_MEASURE( 1.000000000000000082E-05 ), #3079, 'distance_accuracy_value', 'NONE');
#4498 =( NAMED_UNIT ( * ) PLANE_ANGLE_UNIT ( ) SI_UNIT ( $, .RADIAN. ) );
#4499 = COLOUR_RGB ( '',1.000000000000000000, 0.8117647058823529438, 0.5019607843137254832 ) ;
#4500 = STYLED_ITEM ( 'NONE', ( #3219 ), #5471 ) ;
#4501 = DIRECTION ( 'NONE',  ( 0.000000000000000000, 0.000000000000000000, 1.000000000000000000 ) ) ;
#4502 = DIRECTION ( 'NONE',  ( 1.000000000000000000, 0.000000000000000000, -0.000000000000000000 ) ) ;
#4503 = VECTOR ( 'NONE', #5162, 1000.000000000000000 ) ;
#4504 = FILL_AREA_STYLE ('',( #4047 ) ) ;
#4505 = UNCERTAINTY_MEASURE_WITH_UNIT (LENGTH_MEASURE( 1.000000000000000082E-05 ), #5077, 'distance_accuracy_value', 'NONE');
#4506 = VERTEX_POINT ( 'NONE', #5141 ) ;
#4507 = ORIENTED_EDGE ( 'NONE', *, *, #3132, .F. ) ;
#4508 = DIRECTION ( 'NONE',  ( 1.000000000000000000, 0.000000000000000000, 0.000000000000000000 ) ) ;
#4509 = VERTEX_POINT ( 'NONE', #4726 ) ;
#4510 = VECTOR ( 'NONE', #5208, 1000.000000000000000 ) ;
#4511 = LINE ( 'NONE', #294, #389 ) ;
#4512 = DIRECTION ( 'NONE',  ( 0.000000000000000000, 0.000000000000000000, 1.000000000000000000 ) ) ;
#4513 = CARTESIAN_POINT ( 'NONE',  ( 0.6200000000000016609, 5.099999999999999645, 1.799999999999999600 ) ) ;
#4514 = PLANE ( 'NONE',  #4482 ) ;
#4515 = CARTESIAN_POINT ( 'NONE',  ( -4.459999999999999076, 5.099999999999999645, 1.800000000000000044 ) ) ;
#4516 = CARTESIAN_POINT ( 'NONE',  ( 3.510000000000001119, -3.900000000000000799, -3.710000000000000409 ) ) ;
#4517 = SURFACE_STYLE_FILL_AREA ( #3019 ) ;
#4518 = ORIENTED_EDGE ( 'NONE', *, *, #5137, .T. ) ;
#4519 = ORIENTED_EDGE ( 'NONE', *, *, #2912, .T. ) ;
#4520 = ADVANCED_FACE ( 'NONE', ( #1967 ), #803, .T. ) ;
#4521 = LINE ( 'NONE', #3017, #2516 ) ;
#4522 = SURFACE_STYLE_FILL_AREA ( #1227 ) ;
#4523 = SURFACE_STYLE_FILL_AREA ( #3137 ) ;
#4524 = CARTESIAN_POINT ( 'NONE',  ( -4.109999999999998543, -8.432455532033678480, -3.910000000000000142 ) ) ;
#4525 = ORIENTED_EDGE ( 'NONE', *, *, #2476, .F. ) ;
#4526 =( GEOMETRIC_REPRESENTATION_CONTEXT ( 3 ) GLOBAL_UNCERTAINTY_ASSIGNED_CONTEXT ( ( #4071 ) ) GLOBAL_UNIT_ASSIGNED_CONTEXT ( ( #1284, #1877, #1322 ) ) REPRESENTATION_CONTEXT ( 'NONE', 'WORKASPACE' ) );
#4527 =( LENGTH_UNIT ( ) NAMED_UNIT ( * ) SI_UNIT ( .MILLI., .METRE. ) );
#4528 = STYLED_ITEM ( 'NONE', ( #4806 ), #173 ) ;
#4529 = FILL_AREA_STYLE_COLOUR ( '', #408 ) ;
#4530 = VECTOR ( 'NONE', #1021, 1000.000000000000000 ) ;
#4531 = CARTESIAN_POINT ( 'NONE',  ( 0.000000000000000000, 5.700000000000000178, 0.000000000000000000 ) ) ;
#4532 = ORIENTED_EDGE ( 'NONE', *, *, #2724, .T. ) ;
#4533 = ORIENTED_EDGE ( 'NONE', *, *, #3669, .T. ) ;
#4534 =( NAMED_UNIT ( * ) SI_UNIT ( $, .STERADIAN. ) SOLID_ANGLE_UNIT ( ) );
#4535 = CARTESIAN_POINT ( 'NONE',  ( -1.119999999999998996, -3.900000000000000355, 0.000000000000000000 ) ) ;
#4536 = VERTEX_POINT ( 'NONE', #6122 ) ;
#4537 = FACE_OUTER_BOUND ( 'NONE', #447, .T. ) ;
#4538 = AXIS2_PLACEMENT_3D ( 'NONE', #1947, #3919, #4381 ) ;
#4539 = CARTESIAN_POINT ( 'NONE',  ( -5.580000000000000959, 9.107298248878237246E-15, 2.300000000000003819 ) ) ;
#4540 = EDGE_CURVE ( 'NONE', #713, #3624, #3943, .T. ) ;
#4541 = DIRECTION ( 'NONE',  ( -1.000000000000000000, 0.000000000000000000, 7.228014483236692611E-16 ) ) ;
#4542 = VERTEX_POINT ( 'NONE', #5592 ) ;
#4543 = CARTESIAN_POINT ( 'NONE',  ( 4.110000000000001208, -3.399999999999995026, 3.909999999999999254 ) ) ;
#4544 = EDGE_CURVE ( 'NONE', #3488, #2435, #2010, .T. ) ;
#4545 = DIRECTION ( 'NONE',  ( -0.9578262852211519851, 0.2873478855663433862, 0.000000000000000000 ) ) ;
#4546 = CARTESIAN_POINT ( 'NONE',  ( 5.080000000000000959, 0.000000000000000000, -4.450000000000001066 ) ) ;
#4547 = ORIENTED_EDGE ( 'NONE', *, *, #4290, .F. ) ;
#4548 = CARTESIAN_POINT ( 'NONE',  ( 4.460000000000000853, 6.950000000000001066, 0.1999999999999998723 ) ) ;
#4549 = MECHANICAL_DESIGN_GEOMETRIC_PRESENTATION_REPRESENTATION (  '', ( #3448 ), #2029 ) ;
#4550 =( GEOMETRIC_REPRESENTATION_CONTEXT ( 3 ) GLOBAL_UNCERTAINTY_ASSIGNED_CONTEXT ( ( #67 ) ) GLOBAL_UNIT_ASSIGNED_CONTEXT ( ( #4963, #2155, #237 ) ) REPRESENTATION_CONTEXT ( 'NONE', 'WORKASPACE' ) );
#4551 = VERTEX_POINT ( 'NONE', #329 ) ;
#4552 = DIRECTION ( 'NONE',  ( -0.2873478855663427756, 0.9578262852211522071, -4.153909357201937291E-16 ) ) ;
#4553 =( LENGTH_UNIT ( ) NAMED_UNIT ( * ) SI_UNIT ( .MILLI., .METRE. ) );
#4554 = DIRECTION ( 'NONE',  ( 1.000000000000000000, 0.000000000000000000, 7.228014483236692611E-16 ) ) ;
#4555 = ORIENTED_EDGE ( 'NONE', *, *, #224, .F. ) ;
#4556 = DIRECTION ( 'NONE',  ( 1.000000000000000000, 0.000000000000000000, 0.000000000000000000 ) ) ;
#4557 = EDGE_CURVE ( 'NONE', #1502, #3788, #1931, .T. ) ;
#4558 = FACE_OUTER_BOUND ( 'NONE', #2288, .T. ) ;
#4559 = DIRECTION ( 'NONE',  ( -1.000000000000000000, 0.000000000000000000, -0.000000000000000000 ) ) ;
#4560 = FILL_AREA_STYLE ('',( #2130 ) ) ;
#4561 = EDGE_CURVE ( 'NONE', #2595, #4506, #4073, .T. ) ;
#4562 = ORIENTED_EDGE ( 'NONE', *, *, #152, .F. ) ;
#4563 = AXIS2_PLACEMENT_3D ( 'NONE', #5939, #2661, #3077 ) ;
#4564 = VERTEX_POINT ( 'NONE', #1799 ) ;
#4565 = DIRECTION ( 'NONE',  ( 0.000000000000000000, -1.239088197126291261E-15, -1.000000000000000000 ) ) ;
#4566 = DIRECTION ( 'NONE',  ( -4.336808689942016158E-15, 0.000000000000000000, 1.000000000000000000 ) ) ;
#4567 = DIRECTION ( 'NONE',  ( 0.000000000000000000, 0.000000000000000000, 1.000000000000000000 ) ) ;
#4568 = EDGE_LOOP ( 'NONE', ( #3386, #191, #2645, #4533, #5228, #583 ) ) ;
#4569 =( NAMED_UNIT ( * ) SI_UNIT ( $, .STERADIAN. ) SOLID_ANGLE_UNIT ( ) );
#4570 = VERTEX_POINT ( 'NONE', #3808 ) ;
#4571 = LINE ( 'NONE', #4468, #449 ) ;
#4572 = FILL_AREA_STYLE_COLOUR ( '', #2696 ) ;
#4573 =( GEOMETRIC_REPRESENTATION_CONTEXT ( 3 ) GLOBAL_UNCERTAINTY_ASSIGNED_CONTEXT ( ( #4329 ) ) GLOBAL_UNIT_ASSIGNED_CONTEXT ( ( #792, #6044, #6142 ) ) REPRESENTATION_CONTEXT ( 'NONE', 'WORKASPACE' ) );
#4574 = ORIENTED_EDGE ( 'NONE', *, *, #4100, .T. ) ;
#4575 = UNCERTAINTY_MEASURE_WITH_UNIT (LENGTH_MEASURE( 1.000000000000000082E-05 ), #3611, 'distance_accuracy_value', 'NONE');
#4576 =( LENGTH_UNIT ( ) NAMED_UNIT ( * ) SI_UNIT ( .MILLI., .METRE. ) );
#4577 = AXIS2_PLACEMENT_3D ( 'NONE', #5644, #6132, #416 ) ;
#4578 = ORIENTED_EDGE ( 'NONE', *, *, #4952, .T. ) ;
#4579 = SURFACE_STYLE_USAGE ( .BOTH. , #4082 ) ;
#4580 = ADVANCED_FACE ( 'NONE', ( #3814 ), #2648, .F. ) ;
#4581 = CARTESIAN_POINT ( 'NONE',  ( 0.9700000000000011946, -3.399999999999995026, 3.910000000000000142 ) ) ;
#4582 = DIRECTION ( 'NONE',  ( -1.445602896647340692E-15, 0.000000000000000000, 1.000000000000000000 ) ) ;
#4583 =( NAMED_UNIT ( * ) PLANE_ANGLE_UNIT ( ) SI_UNIT ( $, .RADIAN. ) );
#4584 = EDGE_LOOP ( 'NONE', ( #3702, #5353, #4670, #5232 ) ) ;
#4585 = UNCERTAINTY_MEASURE_WITH_UNIT (LENGTH_MEASURE( 1.000000000000000082E-05 ), #1242, 'distance_accuracy_value', 'NONE');
#4586 = DIRECTION ( 'NONE',  ( 0.000000000000000000, 0.000000000000000000, -1.000000000000000000 ) ) ;
#4587 = CARTESIAN_POINT ( 'NONE',  ( 3.660000000000001918, -3.900000000000000799, -3.910000000000000142 ) ) ;
#4588 = VERTEX_POINT ( 'NONE', #680 ) ;
#4589 = VERTEX_POINT ( 'NONE', #3108 ) ;
#4590 = DIRECTION ( 'NONE',  ( -0.000000000000000000, 1.000000000000000000, -0.000000000000000000 ) ) ;
#4591 = DIRECTION ( 'NONE',  ( 1.000000000000000000, 0.000000000000000000, -7.228014483236692611E-16 ) ) ;
#4592 = VERTEX_POINT ( 'NONE', #5031 ) ;
#4593 = VECTOR ( 'NONE', #2518, 1000.000000000000000 ) ;
#4594 = MANIFOLD_SOLID_BREP ( 'Chamfer2', #459 ) ;
#4595 = CARTESIAN_POINT ( 'NONE',  ( 5.580000000000000959, 0.4000000000000080158, 2.700000000000005507 ) ) ;
#4596 = SURFACE_STYLE_USAGE ( .BOTH. , #2618 ) ;
#4597 = DIRECTION ( 'NONE',  ( -1.445602896647338522E-15, 0.000000000000000000, -1.000000000000000000 ) ) ;
#4598 = EDGE_LOOP ( 'NONE', ( #3576, #57, #2222, #3075 ) ) ;
#4599 = ORIENTED_EDGE ( 'NONE', *, *, #3055, .F. ) ;
#4600 =( GEOMETRIC_REPRESENTATION_CONTEXT ( 3 ) GLOBAL_UNCERTAINTY_ASSIGNED_CONTEXT ( ( #4067 ) ) GLOBAL_UNIT_ASSIGNED_CONTEXT ( ( #813, #3093, #3733 ) ) REPRESENTATION_CONTEXT ( 'NONE', 'WORKASPACE' ) );
#4601 = LINE ( 'NONE', #2735, #543 ) ;
#4602 = FACE_OUTER_BOUND ( 'NONE', #2186, .T. ) ;
#4603 = EDGE_CURVE ( 'NONE', #2092, #487, #96, .T. ) ;
#4604 =( NAMED_UNIT ( * ) SI_UNIT ( $, .STERADIAN. ) SOLID_ANGLE_UNIT ( ) );
#4605 = LINE ( 'NONE', #1661, #2531 ) ;
#4606 = DIRECTION ( 'NONE',  ( -0.2873478855663425535, 0.9578262852211523182, -2.076954678600963962E-16 ) ) ;
#4607 = LINE ( 'NONE', #1698, #423 ) ;
#4608 = SURFACE_STYLE_USAGE ( .BOTH. , #3676 ) ;
#4609 = CLOSED_SHELL ( 'NONE', ( #1233, #5035, #4052, #5406, #4623, #1714, #5884, #2176 ) ) ;
#4610 = EDGE_LOOP ( 'NONE', ( #5785, #1365, #1642, #5792 ) ) ;
#4611 = CARTESIAN_POINT ( 'NONE',  ( -3.159999999999998810, 5.099999999999999645, -1.800000000000000044 ) ) ;
#4612 = ORIENTED_EDGE ( 'NONE', *, *, #955, .F. ) ;
#4613 = CARTESIAN_POINT ( 'NONE',  ( -0.9699999999999986411, 0.6999999999999999556, 3.710000000000000409 ) ) ;
#4614 = CARTESIAN_POINT ( 'NONE',  ( 2.540000000000000036, 0.6999999999999999556, 0.000000000000000000 ) ) ;
#4615 = AXIS2_PLACEMENT_3D ( 'NONE', #2117, #4920, #5929 ) ;
#4616 = MECHANICAL_DESIGN_GEOMETRIC_PRESENTATION_REPRESENTATION (  '', ( #3208 ), #5974 ) ;
#4617 = DIRECTION ( 'NONE',  ( 0.000000000000000000, 0.000000000000000000, -1.000000000000000000 ) ) ;
#4618 = EDGE_CURVE ( 'NONE', #4564, #5521, #2044, .T. ) ;
#4619 = ORIENTED_EDGE ( 'NONE', *, *, #2640, .F. ) ;
#4620 = SURFACE_SIDE_STYLE ('',( #918 ) ) ;
#4621 = EDGE_LOOP ( 'NONE', ( #1374, #1177, #686, #1436 ) ) ;
#4622 = VERTEX_POINT ( 'NONE', #3163 ) ;
#4623 = ADVANCED_FACE ( 'NONE', ( #89 ), #2150, .F. ) ;
#4624 = FACE_OUTER_BOUND ( 'NONE', #3894, .T. ) ;
#4625 = PLANE ( 'NONE',  #3419 ) ;
#4626 = CARTESIAN_POINT ( 'NONE',  ( 5.380000000000000782, 0.000000000000000000, 0.000000000000000000 ) ) ;
#4627 =( GEOMETRIC_REPRESENTATION_CONTEXT ( 3 ) GLOBAL_UNCERTAINTY_ASSIGNED_CONTEXT ( ( #4505 ) ) GLOBAL_UNIT_ASSIGNED_CONTEXT ( ( #5077, #5163, #5662 ) ) REPRESENTATION_CONTEXT ( 'NONE', 'WORKASPACE' ) );
#4628 = AXIS2_PLACEMENT_3D ( 'NONE', #2527, #4435, #155 ) ;
#4629 = FILL_AREA_STYLE ('',( #1784 ) ) ;
#4630 = ORIENTED_EDGE ( 'NONE', *, *, #370, .F. ) ;
#4631 = SURFACE_STYLE_USAGE ( .BOTH. , #829 ) ;
#4632 = LINE ( 'NONE', #573, #4699 ) ;
#4633 = SURFACE_STYLE_USAGE ( .BOTH. , #1786 ) ;
#4634 = VERTEX_POINT ( 'NONE', #5494 ) ;
#4635 = ORIENTED_EDGE ( 'NONE', *, *, #1961, .T. ) ;
#4636 = DIRECTION ( 'NONE',  ( 1.000000000000000000, 0.000000000000000000, 7.228014483236692611E-16 ) ) ;
#4637 = EDGE_CURVE ( 'NONE', #591, #6000, #2083, .T. ) ;
#4638 = ORIENTED_EDGE ( 'NONE', *, *, #4540, .T. ) ;
#4639 =( LENGTH_UNIT ( ) NAMED_UNIT ( * ) SI_UNIT ( .MILLI., .METRE. ) );
#4640 = FILL_AREA_STYLE_COLOUR ( '', #4188 ) ;
#4641 = EDGE_CURVE ( 'NONE', #1489, #1100, #4250, .T. ) ;
#4642 =( GEOMETRIC_REPRESENTATION_CONTEXT ( 3 ) GLOBAL_UNCERTAINTY_ASSIGNED_CONTEXT ( ( #1210 ) ) GLOBAL_UNIT_ASSIGNED_CONTEXT ( ( #1909, #2692, #1272 ) ) REPRESENTATION_CONTEXT ( 'NONE', 'WORKASPACE' ) );
#4643 = SURFACE_STYLE_USAGE ( .BOTH. , #4160 ) ;
#4644 = DIRECTION ( 'NONE',  ( -0.000000000000000000, -0.000000000000000000, 1.000000000000000000 ) ) ;
#4645 = CARTESIAN_POINT ( 'NONE',  ( -5.580000000000000959, 4.000000000000000000, -2.199999999999999734 ) ) ;
#4646 = ORIENTED_EDGE ( 'NONE', *, *, #3920, .F. ) ;
#4647 = ORIENTED_EDGE ( 'NONE', *, *, #1313, .T. ) ;
#4648 = SURFACE_STYLE_FILL_AREA ( #1149 ) ;
#4649 = MANIFOLD_SOLID_BREP ( 'Boss-Extrude4', #4609 ) ;
#4650 = VERTEX_POINT ( 'NONE', #4117 ) ;
#4651 = VECTOR ( 'NONE', #5383, 1000.000000000000114 ) ;
#4652 = MECHANICAL_DESIGN_GEOMETRIC_PRESENTATION_REPRESENTATION (  '', ( #4418 ), #320 ) ;
#4653 = PRESENTATION_STYLE_ASSIGNMENT (( #5753 ) ) ;
#4654 = CARTESIAN_POINT ( 'NONE',  ( -1.569999999999998064, -3.399999999999996803, -3.910000000000000142 ) ) ;
#4655 = SURFACE_SIDE_STYLE ('',( #4844 ) ) ;
#4656 = VERTEX_POINT ( 'NONE', #4587 ) ;
#4657 = DIRECTION ( 'NONE',  ( 0.000000000000000000, 0.000000000000000000, -1.000000000000000000 ) ) ;
#4658 = DIRECTION ( 'NONE',  ( 0.000000000000000000, 0.000000000000000000, -1.000000000000000000 ) ) ;
#4659 = UNCERTAINTY_MEASURE_WITH_UNIT (LENGTH_MEASURE( 1.000000000000000082E-05 ), #3036, 'distance_accuracy_value', 'NONE');
#4660 = STYLED_ITEM ( 'NONE', ( #763 ), #5092 ) ;
#4661 = VECTOR ( 'NONE', #4059, 1000.000000000000000 ) ;
#4662 = ADVANCED_FACE ( 'NONE', ( #2121 ), #5499, .F. ) ;
#4663 = EDGE_LOOP ( 'NONE', ( #4413, #2984, #258, #2332 ) ) ;
#4664 = CARTESIAN_POINT ( 'NONE',  ( 3.510000000000001119, -8.432455532033678480, -3.710000000000000409 ) ) ;
#4665 = VERTEX_POINT ( 'NONE', #766 ) ;
#4666 = PRESENTATION_STYLE_ASSIGNMENT (( #5246 ) ) ;
#4667 = CARTESIAN_POINT ( 'NONE',  ( -5.580000000000000959, 0.2000000000000078937, -2.700000000000001510 ) ) ;
#4668 = SURFACE_STYLE_FILL_AREA ( #2577 ) ;
#4669 = DIRECTION ( 'NONE',  ( 0.000000000000000000, 1.000000000000000000, 0.000000000000000000 ) ) ;
#4670 = ORIENTED_EDGE ( 'NONE', *, *, #5508, .T. ) ;
#4671 = PLANE ( 'NONE',  #4984 ) ;
#4672 = COLOUR_RGB ( '',0.7921568627450980005, 0.8196078431372548767, 0.9333333333333333481 ) ;
#4673 = EDGE_CURVE ( 'NONE', #2196, #5666, #285, .T. ) ;
#4674 = ORIENTED_EDGE ( 'NONE', *, *, #2367, .F. ) ;
#4675 = VERTEX_POINT ( 'NONE', #4811 ) ;
#4676 =( LENGTH_UNIT ( ) NAMED_UNIT ( * ) SI_UNIT ( .MILLI., .METRE. ) );
#4677 = ADVANCED_FACE ( 'NONE', ( #2381 ), #139, .F. ) ;
#4678 = VECTOR ( 'NONE', #1826, 1000.000000000000000 ) ;
#4679 =( NAMED_UNIT ( * ) PLANE_ANGLE_UNIT ( ) SI_UNIT ( $, .RADIAN. ) );
#4680 = ORIENTED_EDGE ( 'NONE', *, *, #5572, .F. ) ;
#4681 =( GEOMETRIC_REPRESENTATION_CONTEXT ( 3 ) GLOBAL_UNCERTAINTY_ASSIGNED_CONTEXT ( ( #1864 ) ) GLOBAL_UNIT_ASSIGNED_CONTEXT ( ( #3305, #326, #773 ) ) REPRESENTATION_CONTEXT ( 'NONE', 'WORKASPACE' ) );
#4682 = SURFACE_STYLE_USAGE ( .BOTH. , #873 ) ;
#4683 = FILL_AREA_STYLE ('',( #4206 ) ) ;
#4684 = EDGE_CURVE ( 'NONE', #273, #1100, #2273, .T. ) ;
#4685 = SURFACE_STYLE_USAGE ( .BOTH. , #2200 ) ;
#4686 = ORIENTED_EDGE ( 'NONE', *, *, #1548, .F. ) ;
#4687 = EDGE_LOOP ( 'NONE', ( #1608, #5712, #314, #3610 ) ) ;
#4688 = VECTOR ( 'NONE', #2243, 1000.000000000000000 ) ;
#4689 = VECTOR ( 'NONE', #1198, 1000.000000000000000 ) ;
#4690 = DIRECTION ( 'NONE',  ( -1.000000000000000000, 0.000000000000000000, 0.000000000000000000 ) ) ;
#4691 = STYLED_ITEM ( 'NONE', ( #3874 ), #2652 ) ;
#4692 = CARTESIAN_POINT ( 'NONE',  ( 0.9700000000000011946, 0.6999999999999999556, 3.910000000000000142 ) ) ;
#4693 = CARTESIAN_POINT ( 'NONE',  ( 1.920000000000001483, 5.700000000000000178, 1.800000000000000044 ) ) ;
#4694 = ORIENTED_EDGE ( 'NONE', *, *, #1961, .F. ) ;
#4695 =( NAMED_UNIT ( * ) SI_UNIT ( $, .STERADIAN. ) SOLID_ANGLE_UNIT ( ) );
#4696 = SURFACE_STYLE_FILL_AREA ( #5123 ) ;
#4697 =( NAMED_UNIT ( * ) PLANE_ANGLE_UNIT ( ) SI_UNIT ( $, .RADIAN. ) );
#4698 = VERTEX_POINT ( 'NONE', #4014 ) ;
#4699 = VECTOR ( 'NONE', #1944, 1000.000000000000000 ) ;
#4700 = DIRECTION ( 'NONE',  ( -0.000000000000000000, 1.000000000000000000, 0.000000000000000000 ) ) ;
#4701 =( GEOMETRIC_REPRESENTATION_CONTEXT ( 3 ) GLOBAL_UNCERTAINTY_ASSIGNED_CONTEXT ( ( #2282 ) ) GLOBAL_UNIT_ASSIGNED_CONTEXT ( ( #367, #6056, #5589 ) ) REPRESENTATION_CONTEXT ( 'NONE', 'WORKASPACE' ) );
#4702 = MECHANICAL_DESIGN_GEOMETRIC_PRESENTATION_REPRESENTATION (  '', ( #2372 ), #1344 ) ;
#4703 = ORIENTED_EDGE ( 'NONE', *, *, #4112, .T. ) ;
#4704 = CARTESIAN_POINT ( 'NONE',  ( 1.570000000000001616, 0.6999999999999999556, 3.909999999999999254 ) ) ;
#4705 = ORIENTED_EDGE ( 'NONE', *, *, #2309, .T. ) ;
#4706 = CARTESIAN_POINT ( 'NONE',  ( 0.6200000000000016609, 5.200000000000000178, 1.800000000000000044 ) ) ;
#4707 = SURFACE_STYLE_FILL_AREA ( #954 ) ;
#4708 = PLANE ( 'NONE',  #2794 ) ;
#4709 = CARTESIAN_POINT ( 'NONE',  ( -3.509999999999998899, 0.6999999999999999556, -3.710000000000000409 ) ) ;
#4710 = LINE ( 'NONE', #730, #4661 ) ;
#4711 = CARTESIAN_POINT ( 'NONE',  ( -1.919999999999998597, 5.099999999999999645, 1.799999999999999600 ) ) ;
#4712 = EDGE_CURVE ( 'NONE', #4589, #981, #2265, .T. ) ;
#4713 = ADVANCED_FACE ( 'NONE', ( #316 ), #1506, .F. ) ;
#4714 = ORIENTED_EDGE ( 'NONE', *, *, #121, .T. ) ;
#4715 = EDGE_LOOP ( 'NONE', ( #3579, #480, #3656, #3713 ) ) ;
#4716 = CARTESIAN_POINT ( 'NONE',  ( 0.6200000000000016609, 5.700000000000000178, 1.800000000000000044 ) ) ;
#4717 = EDGE_CURVE ( 'NONE', #5358, #4, #2426, .T. ) ;
#4718 = VECTOR ( 'NONE', #332, 1000.000000000000000 ) ;
#4719 = AXIS2_PLACEMENT_3D ( 'NONE', #2734, #5622, #3162 ) ;
#4720 = CARTESIAN_POINT ( 'NONE',  ( -5.080000000000000959, 0.6999999999999999556, 4.450000000000001066 ) ) ;
#4721 = ORIENTED_EDGE ( 'NONE', *, *, #1395, .F. ) ;
#4722 = CARTESIAN_POINT ( 'NONE',  ( 1.920000000000001483, 5.099999999999999645, -1.800000000000000044 ) ) ;
#4723 = CARTESIAN_POINT ( 'NONE',  ( -5.080000000000000959, 0.2000000000000091982, -2.300000000000000711 ) ) ;
#4724 = DIRECTION ( 'NONE',  ( 0.000000000000000000, -1.000000000000000000, 1.858632295689434031E-15 ) ) ;
#4725 = STYLED_ITEM ( 'NONE', ( #531 ), #4904 ) ;
#4726 = CARTESIAN_POINT ( 'NONE',  ( 1.120000000000002105, -3.900000000000000799, -3.910000000000000142 ) ) ;
#4727 = DIRECTION ( 'NONE',  ( 1.000000000000000000, -0.000000000000000000, 0.000000000000000000 ) ) ;
#4728 = ORIENTED_EDGE ( 'NONE', *, *, #4911, .F. ) ;
#4729 = ORIENTED_EDGE ( 'NONE', *, *, #1666, .F. ) ;
#4730 = VECTOR ( 'NONE', #3487, 1000.000000000000000 ) ;
#4731 = UNCERTAINTY_MEASURE_WITH_UNIT (LENGTH_MEASURE( 1.000000000000000082E-05 ), #43, 'distance_accuracy_value', 'NONE');
#4732 = ORIENTED_EDGE ( 'NONE', *, *, #3315, .T. ) ;
#4733 = CARTESIAN_POINT ( 'NONE',  ( -3.159999999999998810, 5.200000000000000178, -1.800000000000000044 ) ) ;
#4734 = PLANE ( 'NONE',  #2098 ) ;
#4735 = UNCERTAINTY_MEASURE_WITH_UNIT (LENGTH_MEASURE( 1.000000000000000082E-05 ), #4115, 'distance_accuracy_value', 'NONE');
#4736 = UNCERTAINTY_MEASURE_WITH_UNIT (LENGTH_MEASURE( 1.000000000000000082E-05 ), #6028, 'distance_accuracy_value', 'NONE');
#4737 =( LENGTH_UNIT ( ) NAMED_UNIT ( * ) SI_UNIT ( .MILLI., .METRE. ) );
#4738 = DIRECTION ( 'NONE',  ( 0.000000000000000000, 0.000000000000000000, 1.000000000000000000 ) ) ;
#4739 = EDGE_LOOP ( 'NONE', ( #557, #3242, #5170, #5634, #4372, #3353 ) ) ;
#4740 = ORIENTED_EDGE ( 'NONE', *, *, #1118, .T. ) ;
#4741 = PLANE ( 'NONE',  #5638 ) ;
#4742 = CARTESIAN_POINT ( 'NONE',  ( 3.160000000000001030, 5.200000000000000178, -1.800000000000000044 ) ) ;
#4743 = FACE_OUTER_BOUND ( 'NONE', #5848, .T. ) ;
#4744 = ORIENTED_EDGE ( 'NONE', *, *, #755, .T. ) ;
#4745 = DIRECTION ( 'NONE',  ( -1.000000000000000000, 0.000000000000000000, 0.000000000000000000 ) ) ;
#4746 = VERTEX_POINT ( 'NONE', #869 ) ;
#4747 =( GEOMETRIC_REPRESENTATION_CONTEXT ( 3 ) GLOBAL_UNCERTAINTY_ASSIGNED_CONTEXT ( ( #691 ) ) GLOBAL_UNIT_ASSIGNED_CONTEXT ( ( #265, #4583, #3007 ) ) REPRESENTATION_CONTEXT ( 'NONE', 'WORKASPACE' ) );
#4748 = LINE ( 'NONE', #2943, #2857 ) ;
#4749 = DIRECTION ( 'NONE',  ( 0.000000000000000000, -0.000000000000000000, 1.000000000000000000 ) ) ;
#4750 = VECTOR ( 'NONE', #3995, 1000.000000000000000 ) ;
#4751 = PRESENTATION_LAYER_ASSIGNMENT (  '', '', ( #1078 ) ) ;
#4752 = DIRECTION ( 'NONE',  ( 0.000000000000000000, 0.000000000000000000, 1.000000000000000000 ) ) ;
#4753 = ORIENTED_EDGE ( 'NONE', *, *, #1323, .T. ) ;
#4754 = CARTESIAN_POINT ( 'NONE',  ( 1.920000000000001483, 1.272468158199071553, -1.800000000000000044 ) ) ;
#4755 =( LENGTH_UNIT ( ) NAMED_UNIT ( * ) SI_UNIT ( .MILLI., .METRE. ) );
#4756 = ORIENTED_EDGE ( 'NONE', *, *, #3496, .T. ) ;
#4757 = DIRECTION ( 'NONE',  ( -0.000000000000000000, -0.000000000000000000, 1.000000000000000000 ) ) ;
#4758 = VECTOR ( 'NONE', #122, 1000.000000000000000 ) ;
#4759 =( GEOMETRIC_REPRESENTATION_CONTEXT ( 3 ) GLOBAL_UNCERTAINTY_ASSIGNED_CONTEXT ( ( #3687 ) ) GLOBAL_UNIT_ASSIGNED_CONTEXT ( ( #2551, #178, #5452 ) ) REPRESENTATION_CONTEXT ( 'NONE', 'WORKASPACE' ) );
#4760 =( NAMED_UNIT ( * ) SI_UNIT ( $, .STERADIAN. ) SOLID_ANGLE_UNIT ( ) );
#4761 = EDGE_CURVE ( 'NONE', #1375, #4429, #2336, .T. ) ;
#4762 = CARTESIAN_POINT ( 'NONE',  ( 0.9700000000000011946, -3.399999999999995026, 3.910000000000000142 ) ) ;
#4763 = FACE_OUTER_BOUND ( 'NONE', #5210, .T. ) ;
#4764 = EDGE_CURVE ( 'NONE', #4362, #1815, #4467, .T. ) ;
#4765 = FILL_AREA_STYLE_COLOUR ( '', #3738 ) ;
#4766 = VECTOR ( 'NONE', #3875, 1000.000000000000000 ) ;
#4767 = VECTOR ( 'NONE', #4210, 1000.000000000000000 ) ;
#4768 = MECHANICAL_DESIGN_GEOMETRIC_PRESENTATION_REPRESENTATION (  '', ( #441 ), #1886 ) ;
#4769 = SURFACE_STYLE_USAGE ( .BOTH. , #1367 ) ;
#4770 =( NAMED_UNIT ( * ) SI_UNIT ( $, .STERADIAN. ) SOLID_ANGLE_UNIT ( ) );
#4771 = DIRECTION ( 'NONE',  ( 1.000000000000000000, 0.000000000000000000, 0.000000000000000000 ) ) ;
#4772 = EDGE_CURVE ( 'NONE', #4592, #3593, #4319, .T. ) ;
#4773 = SURFACE_SIDE_STYLE ('',( #1707 ) ) ;
#4774 = CARTESIAN_POINT ( 'NONE',  ( 0.6200000000000016609, 5.099999999999999645, -1.800000000000000044 ) ) ;
#4775 = LINE ( 'NONE', #3291, #4766 ) ;
#4776 = DIRECTION ( 'NONE',  ( -1.000000000000000000, -0.000000000000000000, 0.000000000000000000 ) ) ;
#4777 = VERTEX_POINT ( 'NONE', #2308 ) ;
#4778 = STYLED_ITEM ( 'NONE', ( #577 ), #3345 ) ;
#4779 = EDGE_CURVE ( 'NONE', #1145, #1502, #208, .T. ) ;
#4780 = PRESENTATION_LAYER_ASSIGNMENT (  '', '', ( #3389 ) ) ;
#4781 = SURFACE_SIDE_STYLE ('',( #4648 ) ) ;
#4782 = SURFACE_STYLE_USAGE ( .BOTH. , #3412 ) ;
#4783 = VERTEX_POINT ( 'NONE', #4722 ) ;
#4784 = FILL_AREA_STYLE_COLOUR ( '', #4672 ) ;
#4785 =( NAMED_UNIT ( * ) SI_UNIT ( $, .STERADIAN. ) SOLID_ANGLE_UNIT ( ) );
#4786 = FACE_OUTER_BOUND ( 'NONE', #2775, .T. ) ;
#4787 = CARTESIAN_POINT ( 'NONE',  ( -5.080000000000000959, 0.4000000000000019096, -4.450000000000001066 ) ) ;
#4788 = EDGE_CURVE ( 'NONE', #2525, #1677, #327, .T. ) ;
#4789 =( GEOMETRIC_REPRESENTATION_CONTEXT ( 3 ) GLOBAL_UNCERTAINTY_ASSIGNED_CONTEXT ( ( #824 ) ) GLOBAL_UNIT_ASSIGNED_CONTEXT ( ( #1166, #4938, #1625 ) ) REPRESENTATION_CONTEXT ( 'NONE', 'WORKASPACE' ) );
#4790 = VECTOR ( 'NONE', #1386, 1000.000000000000000 ) ;
#4791 = FACE_OUTER_BOUND ( 'NONE', #541, .T. ) ;
#4792 = DIRECTION ( 'NONE',  ( 0.000000000000000000, 0.000000000000000000, 1.000000000000000000 ) ) ;
#4793 = AXIS2_PLACEMENT_3D ( 'NONE', #3227, #2823, #3273 ) ;
#4794 = CARTESIAN_POINT ( 'NONE',  ( 3.510000000000001119, -3.399999999999996803, -3.710000000000000409 ) ) ;
#4795 = SURFACE_STYLE_FILL_AREA ( #3351 ) ;
#4796 = UNCERTAINTY_MEASURE_WITH_UNIT (LENGTH_MEASURE( 1.000000000000000082E-05 ), #5319, 'distance_accuracy_value', 'NONE');
#4797 = DIRECTION ( 'NONE',  ( -7.228014483236692611E-16, 0.000000000000000000, -1.000000000000000000 ) ) ;
#4798 = FACE_OUTER_BOUND ( 'NONE', #5761, .T. ) ;
#4799 = ORIENTED_EDGE ( 'NONE', *, *, #4839, .T. ) ;
#4800 = AXIS2_PLACEMENT_3D ( 'NONE', #4667, #5658, #1735 ) ;
#4801 = CARTESIAN_POINT ( 'NONE',  ( 3.660000000000001030, -3.900000000000000799, 3.910000000000000142 ) ) ;
#4802 = DIRECTION ( 'NONE',  ( -4.336808689942016158E-15, 0.000000000000000000, 1.000000000000000000 ) ) ;
#4803 = DIRECTION ( 'NONE',  ( 0.000000000000000000, 0.000000000000000000, 1.000000000000000000 ) ) ;
#4804 = DIRECTION ( 'NONE',  ( -0.000000000000000000, 0.000000000000000000, 1.000000000000000000 ) ) ;
#4805 = COLOUR_RGB ( '',1.000000000000000000, 0.8117647058823529438, 0.5019607843137254832 ) ;
#4806 = PRESENTATION_STYLE_ASSIGNMENT (( #2764 ) ) ;
#4807 =( GEOMETRIC_REPRESENTATION_CONTEXT ( 3 ) GLOBAL_UNCERTAINTY_ASSIGNED_CONTEXT ( ( #1520 ) ) GLOBAL_UNIT_ASSIGNED_CONTEXT ( ( #4284, #420, #2408 ) ) REPRESENTATION_CONTEXT ( 'NONE', 'WORKASPACE' ) );
#4808 =( NAMED_UNIT ( * ) PLANE_ANGLE_UNIT ( ) SI_UNIT ( $, .RADIAN. ) );
#4809 = CARTESIAN_POINT ( 'NONE',  ( 3.160000000000001474, 10.26155281280883003, 0.1999999999999998723 ) ) ;
#4810 = MECHANICAL_DESIGN_GEOMETRIC_PRESENTATION_REPRESENTATION (  '', ( #5640 ), #3015 ) ;
#4811 = CARTESIAN_POINT ( 'NONE',  ( -4.459999999999999076, 5.700000000000000178, 1.800000000000000044 ) ) ;
#4812 = CARTESIAN_POINT ( 'NONE',  ( -3.159999999999998810, 5.700000000000000178, 1.800000000000000044 ) ) ;
#4813 = LINE ( 'NONE', #2805, #4871 ) ;
#4814 = PLANE ( 'NONE',  #2401 ) ;
#4815 = FACE_OUTER_BOUND ( 'NONE', #5467, .T. ) ;
#4816 = ORIENTED_EDGE ( 'NONE', *, *, #688, .F. ) ;
#4817 = CARTESIAN_POINT ( 'NONE',  ( -5.580000000000000959, 5.700000000000000178, 4.950000000000000178 ) ) ;
#4818 = SURFACE_SIDE_STYLE ('',( #5344 ) ) ;
#4819 = ORIENTED_EDGE ( 'NONE', *, *, #1663, .T. ) ;
#4820 = SURFACE_SIDE_STYLE ('',( #2579 ) ) ;
#4821 = ADVANCED_FACE ( 'NONE', ( #2291 ), #6119, .F. ) ;
#4822 = STYLED_ITEM ( 'NONE', ( #6072 ), #4311 ) ;
#4823 = EDGE_CURVE ( 'NONE', #3835, #4486, #4478, .T. ) ;
#4824 = DIRECTION ( 'NONE',  ( 0.000000000000000000, 0.000000000000000000, -1.000000000000000000 ) ) ;
#4825 = FACE_OUTER_BOUND ( 'NONE', #1314, .T. ) ;
#4826 = SURFACE_STYLE_FILL_AREA ( #2284 ) ;
#4827 = CARTESIAN_POINT ( 'NONE',  ( 1.420000000000001039, -3.900000000000000799, 3.710000000000000409 ) ) ;
#4828 = ORIENTED_EDGE ( 'NONE', *, *, #1903, .T. ) ;
#4829 = CARTESIAN_POINT ( 'NONE',  ( -1.569999999999998064, -3.900000000000000799, -3.910000000000000142 ) ) ;
#4830 =( LENGTH_UNIT ( ) NAMED_UNIT ( * ) SI_UNIT ( .MILLI., .METRE. ) );
#4831 =( GEOMETRIC_REPRESENTATION_CONTEXT ( 3 ) GLOBAL_UNCERTAINTY_ASSIGNED_CONTEXT ( ( #2138 ) ) GLOBAL_UNIT_ASSIGNED_CONTEXT ( ( #1899, #4808, #5326 ) ) REPRESENTATION_CONTEXT ( 'NONE', 'WORKASPACE' ) );
#4832 = DIRECTION ( 'NONE',  ( -0.9578262852211519851, 0.2873478855663433862, 0.000000000000000000 ) ) ;
#4833 = STYLED_ITEM ( 'NONE', ( #5784 ), #5884 ) ;
#4834 = ORIENTED_EDGE ( 'NONE', *, *, #4684, .T. ) ;
#4835 = EDGE_CURVE ( 'NONE', #3654, #5221, #4364, .T. ) ;
#4836 = DIRECTION ( 'NONE',  ( 0.000000000000000000, 0.000000000000000000, -1.000000000000000000 ) ) ;
#4837 = DIRECTION ( 'NONE',  ( 0.000000000000000000, 0.000000000000000000, -1.000000000000000000 ) ) ;
#4838 = DIRECTION ( 'NONE',  ( 1.000000000000000000, 0.000000000000000000, 7.228014483236692611E-16 ) ) ;
#4839 = EDGE_CURVE ( 'NONE', #5763, #3286, #255, .T. ) ;
#4840 = DIRECTION ( 'NONE',  ( 1.000000000000000000, 0.000000000000000000, -0.000000000000000000 ) ) ;
#4841 = MECHANICAL_DESIGN_GEOMETRIC_PRESENTATION_REPRESENTATION (  '', ( #3239 ), #4642 ) ;
#4842 = ORIENTED_EDGE ( 'NONE', *, *, #1953, .F. ) ;
#4843 = VECTOR ( 'NONE', #4567, 1000.000000000000000 ) ;
#4844 = SURFACE_STYLE_FILL_AREA ( #6032 ) ;
#4845 = CARTESIAN_POINT ( 'NONE',  ( -1.420000000000015472, -3.900000000000000355, -1.717376241217045334E-14 ) ) ;
#4846 = CARTESIAN_POINT ( 'NONE',  ( 5.580000000000000959, 0.2000000000000083655, -2.500000000000001332 ) ) ;
#4848 = EDGE_LOOP ( 'NONE', ( #230, #4169, #1037, #4278 ) ) ;
#4847 = CARTESIAN_POINT ( 'NONE',  ( -1.919999999999998597, 6.950000000000000178, 1.800000000000000044 ) ) ;
#4849 = PLANE ( 'NONE',  #3139 ) ;
#4850 = FILL_AREA_STYLE_COLOUR ( '', #4398 ) ;
#4851 = ORIENTED_EDGE ( 'NONE', *, *, #3111, .F. ) ;
#4852 = PRESENTATION_LAYER_ASSIGNMENT (  '', '', ( #1217 ) ) ;
#4853 = FILL_AREA_STYLE ('',( #6141 ) ) ;
#4854 = ORIENTED_EDGE ( 'NONE', *, *, #1395, .T. ) ;
#4855 = SURFACE_STYLE_FILL_AREA ( #4438 ) ;
#4856 = DIRECTION ( 'NONE',  ( -1.000000000000000000, 0.000000000000000000, 0.000000000000000000 ) ) ;
#4857 = LINE ( 'NONE', #4809, #4874 ) ;
#4858 = DIRECTION ( 'NONE',  ( 0.000000000000000000, 0.000000000000000000, -1.000000000000000000 ) ) ;
#4859 = ADVANCED_FACE ( 'NONE', ( #2328 ), #2023, .F. ) ;
#4860 = MECHANICAL_DESIGN_GEOMETRIC_PRESENTATION_REPRESENTATION (  '', ( #4350 ), #2569 ) ;
#4861 = VECTOR ( 'NONE', #1866, 1000.000000000000000 ) ;
#4862 = LINE ( 'NONE', #1962, #662 ) ;
#4863 = ORIENTED_EDGE ( 'NONE', *, *, #4941, .T. ) ;
#4864 = FILL_AREA_STYLE_COLOUR ( '', #4021 ) ;
#4865 = UNCERTAINTY_MEASURE_WITH_UNIT (LENGTH_MEASURE( 1.000000000000000082E-05 ), #2384, 'distance_accuracy_value', 'NONE');
#4866 = CARTESIAN_POINT ( 'NONE',  ( 4.110000000000001208, 0.6999999999999999556, 3.909999999999999254 ) ) ;
#4867 = VECTOR ( 'NONE', #5328, 1000.000000000000000 ) ;
#4868 = CARTESIAN_POINT ( 'NONE',  ( 4.460000000000000853, 10.26155281280883003, 0.1999999999999998723 ) ) ;
#4869 = FILL_AREA_STYLE_COLOUR ( '', #1600 ) ;
#4870 = UNCERTAINTY_MEASURE_WITH_UNIT (LENGTH_MEASURE( 1.000000000000000082E-05 ), #2064, 'distance_accuracy_value', 'NONE');
#4871 = VECTOR ( 'NONE', #6143, 1000.000000000000000 ) ;
#4872 = VERTEX_POINT ( 'NONE', #4794 ) ;
#4873 = VECTOR ( 'NONE', #3805, 1000.000000000000000 ) ;
#4874 = VECTOR ( 'NONE', #5796, 1000.000000000000000 ) ;
#4875 = CARTESIAN_POINT ( 'NONE',  ( 0.9700000000000020828, 0.6999999999999999556, -3.910000000000000142 ) ) ;
#4876 = CARTESIAN_POINT ( 'NONE',  ( -0.6199999999999985523, 1.272468158199071553, -1.800000000000000044 ) ) ;
#4877 = CARTESIAN_POINT ( 'NONE',  ( 0.6200000000000016609, 5.099999999999999645, 1.800000000000000044 ) ) ;
#4878 = DIRECTION ( 'NONE',  ( 0.000000000000000000, 0.000000000000000000, -1.000000000000000000 ) ) ;
#4879 = CARTESIAN_POINT ( 'NONE',  ( 0.000000000000000000, 6.950000000000000178, 0.000000000000000000 ) ) ;
#4880 = VECTOR ( 'NONE', #3347, 1000.000000000000000 ) ;
#4881 = AXIS2_PLACEMENT_3D ( 'NONE', #3499, #3341, #5817 ) ;
#4882 = ORIENTED_EDGE ( 'NONE', *, *, #4603, .F. ) ;
#4883 = EDGE_CURVE ( 'NONE', #1336, #1549, #2457, .T. ) ;
#4884 = VECTOR ( 'NONE', #3629, 1000.000000000000000 ) ;
#4885 = SURFACE_SIDE_STYLE ('',( #2195 ) ) ;
#4886 = DIRECTION ( 'NONE',  ( 1.000000000000000000, 0.000000000000000000, 0.000000000000000000 ) ) ;
#4887 =( NAMED_UNIT ( * ) SI_UNIT ( $, .STERADIAN. ) SOLID_ANGLE_UNIT ( ) );
#4888 = COLOUR_RGB ( '',1.000000000000000000, 0.8117647058823529438, 0.5019607843137254832 ) ;
#4889 = ORIENTED_EDGE ( 'NONE', *, *, #2968, .F. ) ;
#4890 = AXIS2_PLACEMENT_3D ( 'NONE', #5066, #3240, #709 ) ;
#4891 = DIRECTION ( 'NONE',  ( 0.000000000000000000, 0.000000000000000000, -1.000000000000000000 ) ) ;
#4892 =( NAMED_UNIT ( * ) SI_UNIT ( $, .STERADIAN. ) SOLID_ANGLE_UNIT ( ) );
#4893 = CARTESIAN_POINT ( 'NONE',  ( 0.9700000000000011946, -3.399999999999995026, 3.710000000000000409 ) ) ;
#4894 = DIRECTION ( 'NONE',  ( -0.000000000000000000, 1.000000000000000000, -0.000000000000000000 ) ) ;
#4895 = ADVANCED_FACE ( 'NONE', ( #417 ), #5224, .F. ) ;
#4896 = FILL_AREA_STYLE ('',( #117 ) ) ;
#4897 = EDGE_CURVE ( 'NONE', #2112, #4257, #2495, .T. ) ;
#4898 = VECTOR ( 'NONE', #5575, 1000.000000000000000 ) ;
#4899 = SURFACE_SIDE_STYLE ('',( #3812 ) ) ;
#4900 = SURFACE_SIDE_STYLE ('',( #4523 ) ) ;
#4901 = PRESENTATION_STYLE_ASSIGNMENT (( #36 ) ) ;
#4902 = STYLED_ITEM ( 'NONE', ( #2317 ), #3283 ) ;
#4903 = MECHANICAL_DESIGN_GEOMETRIC_PRESENTATION_REPRESENTATION (  '', ( #4050 ), #2902 ) ;
#4904 = ADVANCED_FACE ( 'NONE', ( #427 ), #159, .F. ) ;
#4905 = CARTESIAN_POINT ( 'NONE',  ( -5.580000000000000959, 9.107298248878237246E-15, -2.300000000000000266 ) ) ;
#4906 = FILL_AREA_STYLE ('',( #4869 ) ) ;
#4907 = PRESENTATION_STYLE_ASSIGNMENT (( #1111 ) ) ;
#4908 = EDGE_CURVE ( 'NONE', #3379, #2452, #464, .T. ) ;
#4909 = ORIENTED_EDGE ( 'NONE', *, *, #428, .T. ) ;
#4910 = PRODUCT_DEFINITION ( 'UNKNOWN', '', #6071, #1408 ) ;
#4911 = EDGE_CURVE ( 'NONE', #3723, #3047, #578, .T. ) ;
#4912 = SURFACE_SIDE_STYLE ('',( #4995 ) ) ;
#4913 = PRESENTATION_LAYER_ASSIGNMENT (  '', '', ( #153 ) ) ;
#4914 = DIRECTION ( 'NONE',  ( 0.000000000000000000, 1.239088197126291261E-15, 1.000000000000000000 ) ) ;
#4915 = SURFACE_STYLE_USAGE ( .BOTH. , #2502 ) ;
#4916 = CARTESIAN_POINT ( 'NONE',  ( -1.419999999999999041, -3.900000000000000799, 3.910000000000000142 ) ) ;
#4917 = CARTESIAN_POINT ( 'NONE',  ( -1.569999999999998064, 0.6999999999999999556, -3.910000000000000142 ) ) ;
#4918 = VECTOR ( 'NONE', #4690, 1000.000000000000000 ) ;
#4919 = LINE ( 'NONE', #3144, #4884 ) ;
#4920 = DIRECTION ( 'NONE',  ( -1.000000000000000000, -0.000000000000000000, -0.000000000000000000 ) ) ;
#4921 =( GEOMETRIC_REPRESENTATION_CONTEXT ( 3 ) GLOBAL_UNCERTAINTY_ASSIGNED_CONTEXT ( ( #5159 ) ) GLOBAL_UNIT_ASSIGNED_CONTEXT ( ( #2377, #2421, #4887 ) ) REPRESENTATION_CONTEXT ( 'NONE', 'WORKASPACE' ) );
#4922 = PLANE ( 'NONE',  #2625 ) ;
#4923 = CARTESIAN_POINT ( 'NONE',  ( 1.570000000000001616, 0.6999999999999999556, 3.909999999999999254 ) ) ;
#4924 = SURFACE_STYLE_USAGE ( .BOTH. , #5250 ) ;
#4925 = EDGE_LOOP ( 'NONE', ( #5214, #5412, #1624, #5094 ) ) ;
#4926 = CARTESIAN_POINT ( 'NONE',  ( -3.960000000000015508, -3.900000000000000355, -1.717376241217045334E-14 ) ) ;
#4927 = DIRECTION ( 'NONE',  ( -0.000000000000000000, 1.000000000000000000, -0.000000000000000000 ) ) ;
#4928 =( GEOMETRIC_REPRESENTATION_CONTEXT ( 3 ) GLOBAL_UNCERTAINTY_ASSIGNED_CONTEXT ( ( #3301 ) ) GLOBAL_UNIT_ASSIGNED_CONTEXT ( ( #5750, #1105, #2009 ) ) REPRESENTATION_CONTEXT ( 'NONE', 'WORKASPACE' ) );
#4929 = DIRECTION ( 'NONE',  ( -1.000000000000000000, 0.000000000000000000, 0.000000000000000000 ) ) ;
#4930 = VERTEX_POINT ( 'NONE', #1165 ) ;
#4931 = MANIFOLD_SOLID_BREP ( 'LPattern2[3]', #11 ) ;
#4932 = SURFACE_SIDE_STYLE ('',( #2272 ) ) ;
#4933 = LINE ( 'NONE', #2498, #1003 ) ;
#4934 = ORIENTED_EDGE ( 'NONE', *, *, #2166, .F. ) ;
#4935 =( LENGTH_UNIT ( ) NAMED_UNIT ( * ) SI_UNIT ( .MILLI., .METRE. ) );
#4936 =( NAMED_UNIT ( * ) SI_UNIT ( $, .STERADIAN. ) SOLID_ANGLE_UNIT ( ) );
#4937 = SURFACE_STYLE_FILL_AREA ( #4629 ) ;
#4938 =( NAMED_UNIT ( * ) PLANE_ANGLE_UNIT ( ) SI_UNIT ( $, .RADIAN. ) );
#4939 = STYLED_ITEM ( 'NONE', ( #1965 ), #4258 ) ;
#4940 = ADVANCED_FACE ( 'NONE', ( #519 ), #205, .F. ) ;
#4941 = EDGE_CURVE ( 'NONE', #3205, #1551, #545, .T. ) ;
#4942 = FILL_AREA_STYLE_COLOUR ( '', #581 ) ;
#4943 = LINE ( 'NONE', #5546, #2922 ) ;
#4944 = LINE ( 'NONE', #4136, #855 ) ;
#4945 = FACE_OUTER_BOUND ( 'NONE', #5373, .T. ) ;
#4946 = FACE_OUTER_BOUND ( 'NONE', #5253, .T. ) ;
#4947 = PRESENTATION_STYLE_ASSIGNMENT (( #4608 ) ) ;
#4948 = DIRECTION ( 'NONE',  ( 0.000000000000000000, 0.000000000000000000, 1.000000000000000000 ) ) ;
#4949 =( GEOMETRIC_REPRESENTATION_CONTEXT ( 3 ) GLOBAL_UNCERTAINTY_ASSIGNED_CONTEXT ( ( #1612 ) ) GLOBAL_UNIT_ASSIGNED_CONTEXT ( ( #2693, #228, #758 ) ) REPRESENTATION_CONTEXT ( 'NONE', 'WORKASPACE' ) );
#4950 = ADVANCED_FACE ( 'NONE', ( #4602 ), #1767, .F. ) ;
#4951 = DIRECTION ( 'NONE',  ( -1.000000000000000000, -0.000000000000000000, -0.000000000000000000 ) ) ;
#4952 = EDGE_CURVE ( 'NONE', #919, #4488, #506, .T. ) ;
#4953 = PLANE ( 'NONE',  #2206 ) ;
#4954 = CARTESIAN_POINT ( 'NONE',  ( 3.510000000000001119, -3.399999999999995026, 3.710000000000000409 ) ) ;
#4955 = CARTESIAN_POINT ( 'NONE',  ( -3.509999999999998899, -8.432455532033678480, 3.909999999999999254 ) ) ;
#4956 = SURFACE_SIDE_STYLE ('',( #123 ) ) ;
#4957 = COLOUR_RGB ( '',1.000000000000000000, 0.8117647058823529438, 0.5019607843137254832 ) ;
#4958 = COLOUR_RGB ( '',1.000000000000000000, 0.8117647058823529438, 0.5019607843137254832 ) ;
#4959 = SURFACE_STYLE_FILL_AREA ( #2100 ) ;
#4960 = CARTESIAN_POINT ( 'NONE',  ( -5.380000000000000782, 2.600000000000000533, -2.199999999999999734 ) ) ;
#4961 = PRESENTATION_LAYER_ASSIGNMENT (  '', '', ( #3044 ) ) ;
#4962 = DIRECTION ( 'NONE',  ( 0.000000000000000000, -1.000000000000000000, 1.703746271048650163E-15 ) ) ;
#4963 =( LENGTH_UNIT ( ) NAMED_UNIT ( * ) SI_UNIT ( .MILLI., .METRE. ) );
#4964 = DIRECTION ( 'NONE',  ( 0.000000000000000000, 0.000000000000000000, 1.000000000000000000 ) ) ;
#4965 = CARTESIAN_POINT ( 'NONE',  ( -5.380000000000000782, 4.000000000000001776, 2.199999999999997069 ) ) ;
#4966 = PLANE ( 'NONE',  #4563 ) ;
#4967 = PLANE ( 'NONE',  #2459 ) ;
#4968 = PLANE ( 'NONE',  #5345 ) ;
#4969 = EDGE_CURVE ( 'NONE', #4315, #3542, #4511, .T. ) ;
#4970 =( LENGTH_UNIT ( ) NAMED_UNIT ( * ) SI_UNIT ( .MILLI., .METRE. ) );
#4971 = PRESENTATION_LAYER_ASSIGNMENT (  '', '', ( #5593 ) ) ;
#4972 = EDGE_CURVE ( 'NONE', #2538, #1065, #2447, .T. ) ;
#4973 = PRESENTATION_LAYER_ASSIGNMENT (  '', '', ( #225 ) ) ;
#4974 = LINE ( 'NONE', #3917, #5121 ) ;
#4975 = FACE_OUTER_BOUND ( 'NONE', #5420, .T. ) ;
#4976 = ORIENTED_EDGE ( 'NONE', *, *, #5445, .T. ) ;
#4977 = FILL_AREA_STYLE ('',( #3581 ) ) ;
#4978 =( NAMED_UNIT ( * ) PLANE_ANGLE_UNIT ( ) SI_UNIT ( $, .RADIAN. ) );
#4979 = EDGE_CURVE ( 'NONE', #3493, #2607, #2747, .T. ) ;
#4980 = DIRECTION ( 'NONE',  ( -1.000000000000000000, 0.000000000000000000, 1.445602896647338522E-15 ) ) ;
#4981 = CARTESIAN_POINT ( 'NONE',  ( -4.109999999999999432, -3.399999999999997247, -3.710000000000000409 ) ) ;
#4982 = EDGE_CURVE ( 'NONE', #2538, #1336, #2868, .T. ) ;
#4983 = PRESENTATION_STYLE_ASSIGNMENT (( #1589 ) ) ;
#4984 = AXIS2_PLACEMENT_3D ( 'NONE', #5535, #2840, #5661 ) ;
#4985 = CARTESIAN_POINT ( 'NONE',  ( 3.510000000000002007, -3.399999999999996803, -3.910000000000000142 ) ) ;
#4986 = ADVANCED_FACE ( 'NONE', ( #4791 ), #2057, .F. ) ;
#4987 = ORIENTED_EDGE ( 'NONE', *, *, #1113, .T. ) ;
#4988 = CARTESIAN_POINT ( 'NONE',  ( 5.580000000000000959, 0.2000000000000091982, 2.300000000000004263 ) ) ;
#4989 = STYLED_ITEM ( 'NONE', ( #1454 ), #5571 ) ;
#4990 = SURFACE_STYLE_USAGE ( .BOTH. , #5919 ) ;
#4991 =( NAMED_UNIT ( * ) PLANE_ANGLE_UNIT ( ) SI_UNIT ( $, .RADIAN. ) );
#4992 = SURFACE_STYLE_FILL_AREA ( #1240 ) ;
#4993 = CARTESIAN_POINT ( 'NONE',  ( -4.109999999999999432, -3.399999999999995026, 3.910000000000000142 ) ) ;
#4994 = CARTESIAN_POINT ( 'NONE',  ( 0.9700000000000020828, -8.432455532033678480, -3.910000000000000142 ) ) ;
#4995 = SURFACE_STYLE_FILL_AREA ( #4450 ) ;
#4996 = ORIENTED_EDGE ( 'NONE', *, *, #4369, .F. ) ;
#4997 = CIRCLE ( 'NONE', #1355, 0.2000000000000000944 ) ;
#4998 = FACE_BOUND ( 'NONE', #3903, .T. ) ;
#4999 = CARTESIAN_POINT ( 'NONE',  ( -1.569999999999998952, -3.900000000000000799, 3.710000000000000409 ) ) ;
#5000 = EDGE_LOOP ( 'NONE', ( #5810, #5182, #3855, #2399 ) ) ;
#5001 = ADVANCED_FACE ( 'NONE', ( #4815 ), #505, .F. ) ;
#5002 = SURFACE_SIDE_STYLE ('',( #5590 ) ) ;
#5003 = CARTESIAN_POINT ( 'NONE',  ( -1.569999999999998064, -3.399999999999996803, -3.910000000000000142 ) ) ;
#5004 = VECTOR ( 'NONE', #593, 1000.000000000000000 ) ;
#5005 = UNCERTAINTY_MEASURE_WITH_UNIT (LENGTH_MEASURE( 1.000000000000000082E-05 ), #1345, 'distance_accuracy_value', 'NONE');
#5006 = COLOUR_RGB ( '',1.000000000000000000, 0.8117647058823529438, 0.5019607843137254832 ) ;
#5007 = PLANE ( 'NONE',  #4368 ) ;
#5008 = ORIENTED_EDGE ( 'NONE', *, *, #4177, .T. ) ;
#5009 = VECTOR ( 'NONE', #3895, 1000.000000000000000 ) ;
#5010 = MECHANICAL_DESIGN_GEOMETRIC_PRESENTATION_REPRESENTATION (  '', ( #3647 ), #426 ) ;
#5011 = STYLED_ITEM ( 'NONE', ( #5200 ), #288 ) ;
#5012 = DIRECTION ( 'NONE',  ( 0.000000000000000000, 0.000000000000000000, 1.000000000000000000 ) ) ;
#5013 = VECTOR ( 'NONE', #1271, 1000.000000000000000 ) ;
#5014 = PLANE ( 'NONE',  #6084 ) ;
#5015 = VECTOR ( 'NONE', #812, 1000.000000000000114 ) ;
#5016 = CARTESIAN_POINT ( 'NONE',  ( 5.380000000000000782, 2.600000000000000533, 2.199999999999999734 ) ) ;
#5017 = DIRECTION ( 'NONE',  ( 0.000000000000000000, 0.000000000000000000, -1.000000000000000000 ) ) ;
#5018 = DIRECTION ( 'NONE',  ( -1.000000000000000000, -0.000000000000000000, 1.445602896647338522E-15 ) ) ;
#5019 = ORIENTED_EDGE ( 'NONE', *, *, #4234, .T. ) ;
#5020 = MECHANICAL_DESIGN_GEOMETRIC_PRESENTATION_REPRESENTATION (  '', ( #2437 ), #4949 ) ;
#5021 = DIRECTION ( 'NONE',  ( 0.000000000000000000, 0.000000000000000000, 1.000000000000000000 ) ) ;
#5022 = VECTOR ( 'NONE', #3555, 1000.000000000000000 ) ;
#5023 = EDGE_CURVE ( 'NONE', #2704, #2585, #2726, .T. ) ;
#5024 =( LENGTH_UNIT ( ) NAMED_UNIT ( * ) SI_UNIT ( .MILLI., .METRE. ) );
#5025 = ORIENTED_EDGE ( 'NONE', *, *, #286, .F. ) ;
#5026 = CARTESIAN_POINT ( 'NONE',  ( 5.080000000000000959, 0.6999999999999999556, -4.450000000000001066 ) ) ;
#5027 = EDGE_CURVE ( 'NONE', #3538, #3549, #4862, .T. ) ;
#5028 = SURFACE_STYLE_USAGE ( .BOTH. , #598 ) ;
#5029 = CARTESIAN_POINT ( 'NONE',  ( 0.000000000000000000, -3.900000000000000355, 0.000000000000000000 ) ) ;
#5030 = DIRECTION ( 'NONE',  ( 0.000000000000000000, -1.000000000000000000, 0.000000000000000000 ) ) ;
#5031 = CARTESIAN_POINT ( 'NONE',  ( -0.6199999999999985523, 5.099999999999999645, 1.800000000000000044 ) ) ;
#5032 = VECTOR ( 'NONE', #434, 1000.000000000000000 ) ;
#5033 =( GEOMETRIC_REPRESENTATION_CONTEXT ( 3 ) GLOBAL_UNCERTAINTY_ASSIGNED_CONTEXT ( ( #5416 ) ) GLOBAL_UNIT_ASSIGNED_CONTEXT ( ( #55, #1038, #546 ) ) REPRESENTATION_CONTEXT ( 'NONE', 'WORKASPACE' ) );
#5034 = DIRECTION ( 'NONE',  ( 0.000000000000000000, 0.000000000000000000, 1.000000000000000000 ) ) ;
#5035 = ADVANCED_FACE ( 'NONE', ( #4743 ), #846, .F. ) ;
#5036 = EDGE_LOOP ( 'NONE', ( #2357, #4448, #1265, #5165 ) ) ;
#5037 = FILL_AREA_STYLE ('',( #3170 ) ) ;
#5038 = FACE_OUTER_BOUND ( 'NONE', #3800, .T. ) ;
#5039 = SURFACE_SIDE_STYLE ('',( #6127 ) ) ;
#5040 = EDGE_CURVE ( 'NONE', #4930, #1006, #654, .T. ) ;
#5041 = FACE_OUTER_BOUND ( 'NONE', #5587, .T. ) ;
#5042 = VECTOR ( 'NONE', #1646, 1000.000000000000000 ) ;
#5043 = DIRECTION ( 'NONE',  ( -0.000000000000000000, 1.000000000000000000, 0.000000000000000000 ) ) ;
#5044 = EDGE_CURVE ( 'NONE', #2672, #5708, #2741, .T. ) ;
#5045 = SURFACE_STYLE_FILL_AREA ( #5477 ) ;
#5046 = DIRECTION ( 'NONE',  ( -1.000000000000000000, 0.000000000000000000, 1.445602896647338522E-15 ) ) ;
#5047 = MECHANICAL_DESIGN_GEOMETRIC_PRESENTATION_REPRESENTATION (  '', ( #1761 ), #2552 ) ;
#5048 = ADVANCED_FACE ( 'NONE', ( #814 ), #672, .T. ) ;
#5049 = ORIENTED_EDGE ( 'NONE', *, *, #755, .F. ) ;
#5050 = CARTESIAN_POINT ( 'NONE',  ( 0.6200000000000016609, 5.099999999999999645, 1.800000000000000044 ) ) ;
#5051 = LINE ( 'NONE', #112, #2953 ) ;
#5052 = VECTOR ( 'NONE', #2404, 1000.000000000000000 ) ;
#5053 = ORIENTED_EDGE ( 'NONE', *, *, #2705, .T. ) ;
#5054 = SURFACE_STYLE_USAGE ( .BOTH. , #1887 ) ;
#5055 = SURFACE_SIDE_STYLE ('',( #806 ) ) ;
#5056 = VECTOR ( 'NONE', #5450, 1000.000000000000114 ) ;
#5057 = DIRECTION ( 'NONE',  ( 0.000000000000000000, 0.000000000000000000, -1.000000000000000000 ) ) ;
#5058 =( NAMED_UNIT ( * ) SI_UNIT ( $, .STERADIAN. ) SOLID_ANGLE_UNIT ( ) );
#5059 = CARTESIAN_POINT ( 'NONE',  ( 3.660000000000001030, -3.900000000000000355, 0.000000000000000000 ) ) ;
#5060 = ORIENTED_EDGE ( 'NONE', *, *, #6105, .T. ) ;
#5061 = ORIENTED_EDGE ( 'NONE', *, *, #5023, .F. ) ;
#5062 = AXIS2_PLACEMENT_3D ( 'NONE', #1770, #781, #4566 ) ;
#5063 = PRESENTATION_STYLE_ASSIGNMENT (( #3527 ) ) ;
#5064 = COLOUR_RGB ( '',1.000000000000000000, 0.8117647058823529438, 0.5019607843137254832 ) ;
#5065 = VERTEX_POINT ( 'NONE', #5729 ) ;
#5066 = CARTESIAN_POINT ( 'NONE',  ( -5.080000000000000959, 0.2000000000000078937, 2.700000000000005063 ) ) ;
#5067 = LINE ( 'NONE', #2337, #1211 ) ;
#5068 = PRESENTATION_LAYER_ASSIGNMENT (  '', '', ( #1433 ) ) ;
#5069 = FACE_OUTER_BOUND ( 'NONE', #1582, .T. ) ;
#5070 = DIRECTION ( 'NONE',  ( 1.000000000000000000, -0.000000000000000000, 0.000000000000000000 ) ) ;
#5071 = ORIENTED_EDGE ( 'NONE', *, *, #4197, .F. ) ;
#5072 = CARTESIAN_POINT ( 'NONE',  ( -5.580000000000000959, 2.600000000000000533, -2.199999999999999734 ) ) ;
#5073 = ORIENTED_EDGE ( 'NONE', *, *, #3763, .F. ) ;
#5074 = DIRECTION ( 'NONE',  ( 0.000000000000000000, 0.000000000000000000, 1.000000000000000000 ) ) ;
#5075 = CARTESIAN_POINT ( 'NONE',  ( 5.580000000000000959, 2.600000000000000533, 0.7999999999999999334 ) ) ;
#5076 = DIRECTION ( 'NONE',  ( 0.000000000000000000, -1.000000000000000000, 0.000000000000000000 ) ) ;
#5077 =( LENGTH_UNIT ( ) NAMED_UNIT ( * ) SI_UNIT ( .MILLI., .METRE. ) );
#5078 = VECTOR ( 'NONE', #5825, 1000.000000000000000 ) ;
#5079 = FACE_OUTER_BOUND ( 'NONE', #4610, .T. ) ;
#5080 = DIRECTION ( 'NONE',  ( 0.000000000000000000, 0.000000000000000000, 1.000000000000000000 ) ) ;
#5081 = ORIENTED_EDGE ( 'NONE', *, *, #2774, .F. ) ;
#5082 = EDGE_LOOP ( 'NONE', ( #3082, #1161, #5463, #211 ) ) ;
#5083 =( NAMED_UNIT ( * ) PLANE_ANGLE_UNIT ( ) SI_UNIT ( $, .RADIAN. ) );
#5084 = UNCERTAINTY_MEASURE_WITH_UNIT (LENGTH_MEASURE( 1.000000000000000082E-05 ), #5797, 'distance_accuracy_value', 'NONE');
#5085 = DIRECTION ( 'NONE',  ( -0.2873478855663427756, 0.9578262852211522071, -4.153909357201937291E-16 ) ) ;
#5086 = FACE_OUTER_BOUND ( 'NONE', #915, .T. ) ;
#5087 = LINE ( 'NONE', #2068, #2882 ) ;
#5088 = ORIENTED_EDGE ( 'NONE', *, *, #4397, .F. ) ;
#5089 =( NAMED_UNIT ( * ) SI_UNIT ( $, .STERADIAN. ) SOLID_ANGLE_UNIT ( ) );
#5090 = VECTOR ( 'NONE', #3072, 1000.000000000000000 ) ;
#5091 = DIRECTION ( 'NONE',  ( -0.000000000000000000, -0.000000000000000000, -1.000000000000000000 ) ) ;
#5092 = ADVANCED_FACE ( 'NONE', ( #4798 ), #463, .T. ) ;
#5093 = STYLED_ITEM ( 'NONE', ( #848 ), #3756 ) ;
#5094 = ORIENTED_EDGE ( 'NONE', *, *, #2173, .T. ) ;
#5095 =( GEOMETRIC_REPRESENTATION_CONTEXT ( 3 ) GLOBAL_UNCERTAINTY_ASSIGNED_CONTEXT ( ( #5639 ) ) GLOBAL_UNIT_ASSIGNED_CONTEXT ( ( #3188, #743, #5992 ) ) REPRESENTATION_CONTEXT ( 'NONE', 'WORKASPACE' ) );
#5096 = FACE_OUTER_BOUND ( 'NONE', #4584, .T. ) ;
#5097 = LINE ( 'NONE', #3052, #898 ) ;
#5098 = EDGE_LOOP ( 'NONE', ( #87, #76, #5142, #5483 ) ) ;
#5099 = SURFACE_SIDE_STYLE ('',( #4826 ) ) ;
#5100 = LINE ( 'NONE', #6081, #2999 ) ;
#5101 = FILL_AREA_STYLE_COLOUR ( '', #3049 ) ;
#5102 = PLANE ( 'NONE',  #4342 ) ;
#5103 = SURFACE_STYLE_USAGE ( .BOTH. , #703 ) ;
#5104 = CARTESIAN_POINT ( 'NONE',  ( -3.509999999999998899, 0.6999999999999999556, -3.909999999999999254 ) ) ;
#5105 = MECHANICAL_DESIGN_GEOMETRIC_PRESENTATION_REPRESENTATION (  '', ( #946 ), #2612 ) ;
#5106 = ORIENTED_EDGE ( 'NONE', *, *, #224, .T. ) ;
#5107 = MECHANICAL_DESIGN_GEOMETRIC_PRESENTATION_REPRESENTATION (  '', ( #1640 ), #4759 ) ;
#5108 = SURFACE_STYLE_FILL_AREA ( #6147 ) ;
#5109 = EDGE_CURVE ( 'NONE', #3027, #963, #2702, .T. ) ;
#5110 = LINE ( 'NONE', #5488, #3080 ) ;
#5111 = PRESENTATION_STYLE_ASSIGNMENT (( #3287 ) ) ;
#5112 = ORIENTED_EDGE ( 'NONE', *, *, #5606, .F. ) ;
#5113 = SURFACE_STYLE_USAGE ( .BOTH. , #1175 ) ;
#5114 = EDGE_CURVE ( 'NONE', #3734, #3456, #4944, .T. ) ;
#5115 = ORIENTED_EDGE ( 'NONE', *, *, #1035, .T. ) ;
#5116 =( NAMED_UNIT ( * ) SI_UNIT ( $, .STERADIAN. ) SOLID_ANGLE_UNIT ( ) );
#5117 = ORIENTED_EDGE ( 'NONE', *, *, #4788, .F. ) ;
#5118 = AXIS2_PLACEMENT_3D ( 'NONE', #993, #1986, #4824 ) ;
#5119 = PRESENTATION_LAYER_ASSIGNMENT (  '', '', ( #958 ) ) ;
#5120 = CARTESIAN_POINT ( 'NONE',  ( 0.6200000000000016609, 5.099999999999999645, -1.800000000000000044 ) ) ;
#5121 = VECTOR ( 'NONE', #3986, 1000.000000000000000 ) ;
#5122 = CARTESIAN_POINT ( 'NONE',  ( 5.080000000000000071, 6.950000000000000178, 0.000000000000000000 ) ) ;
#5123 = FILL_AREA_STYLE ('',( #4151 ) ) ;
#5124 = LINE ( 'NONE', #1686, #842 ) ;
#5125 = ORIENTED_EDGE ( 'NONE', *, *, #2636, .F. ) ;
#5126 = VECTOR ( 'NONE', #4669, 1000.000000000000000 ) ;
#5127 = VECTOR ( 'NONE', #5438, 1000.000000000000000 ) ;
#5128 = SURFACE_STYLE_USAGE ( .BOTH. , #3880 ) ;
#5129 = EDGE_CURVE ( 'NONE', #3286, #1489, #980, .T. ) ;
#5130 = ORIENTED_EDGE ( 'NONE', *, *, #2759, .T. ) ;
#5131 = ORIENTED_EDGE ( 'NONE', *, *, #4788, .T. ) ;
#5132 = PLANE ( 'NONE',  #4628 ) ;
#5133 = AXIS2_PLACEMENT_3D ( 'NONE', #4291, #3371, #4305 ) ;
#5134 = COLOUR_RGB ( '',1.000000000000000000, 0.8117647058823529438, 0.5019607843137254832 ) ;
#5135 = DIRECTION ( 'NONE',  ( 0.000000000000000000, 0.000000000000000000, -1.000000000000000000 ) ) ;
#5136 = FACE_OUTER_BOUND ( 'NONE', #6026, .T. ) ;
#5137 = EDGE_CURVE ( 'NONE', #2347, #564, #3039, .T. ) ;
#5138 = ORIENTED_EDGE ( 'NONE', *, *, #5813, .F. ) ;
#5139 =( GEOMETRIC_REPRESENTATION_CONTEXT ( 3 ) GLOBAL_UNCERTAINTY_ASSIGNED_CONTEXT ( ( #1126 ) ) GLOBAL_UNIT_ASSIGNED_CONTEXT ( ( #2212, #2721, #344 ) ) REPRESENTATION_CONTEXT ( 'NONE', 'WORKASPACE' ) );
#5140 = DIRECTION ( 'NONE',  ( -0.000000000000000000, 0.000000000000000000, 1.000000000000000000 ) ) ;
#5141 = CARTESIAN_POINT ( 'NONE',  ( -3.159999999999998810, 5.099999999999999645, 1.800000000000000044 ) ) ;
#5142 = ORIENTED_EDGE ( 'NONE', *, *, #2542, .F. ) ;
#5143 = ORIENTED_EDGE ( 'NONE', *, *, #2542, .T. ) ;
#5144 =( LENGTH_UNIT ( ) NAMED_UNIT ( * ) SI_UNIT ( .MILLI., .METRE. ) );
#5145 = LINE ( 'NONE', #2564, #1033 ) ;
#5146 =( GEOMETRIC_REPRESENTATION_CONTEXT ( 3 ) GLOBAL_UNCERTAINTY_ASSIGNED_CONTEXT ( ( #372 ) ) GLOBAL_UNIT_ASSIGNED_CONTEXT ( ( #4010, #132, #5451 ) ) REPRESENTATION_CONTEXT ( 'NONE', 'WORKASPACE' ) );
#5147 = COLOUR_RGB ( '',0.7921568627450980005, 0.8196078431372548767, 0.9333333333333333481 ) ;
#5148 = PLANE ( 'NONE',  #3857 ) ;
#5149 = SURFACE_STYLE_USAGE ( .BOTH. , #968 ) ;
#5150 = ORIENTED_EDGE ( 'NONE', *, *, #5998, .F. ) ;
#5151 = DIRECTION ( 'NONE',  ( 0.000000000000000000, 0.000000000000000000, 1.000000000000000000 ) ) ;
#5152 = ORIENTED_EDGE ( 'NONE', *, *, #3217, .F. ) ;
#5153 =( GEOMETRIC_REPRESENTATION_CONTEXT ( 3 ) GLOBAL_UNCERTAINTY_ASSIGNED_CONTEXT ( ( #896 ) ) GLOBAL_UNIT_ASSIGNED_CONTEXT ( ( #1806, #1885, #3317 ) ) REPRESENTATION_CONTEXT ( 'NONE', 'WORKASPACE' ) );
#5154 = VECTOR ( 'NONE', #2883, 1000.000000000000000 ) ;
#5155 = EDGE_LOOP ( 'NONE', ( #3292, #4729, #2698, #2634 ) ) ;
#5156 = DIRECTION ( 'NONE',  ( -0.000000000000000000, 1.000000000000000000, 0.000000000000000000 ) ) ;
#5157 = LINE ( 'NONE', #3022, #1043 ) ;
#5158 = FILL_AREA_STYLE ('',( #4220 ) ) ;
#5159 = UNCERTAINTY_MEASURE_WITH_UNIT (LENGTH_MEASURE( 1.000000000000000082E-05 ), #2377, 'distance_accuracy_value', 'NONE');
#5160 = DIRECTION ( 'NONE',  ( -0.000000000000000000, 1.000000000000000000, -0.000000000000000000 ) ) ;
#5161 = ORIENTED_EDGE ( 'NONE', *, *, #2019, .F. ) ;
#5162 = DIRECTION ( 'NONE',  ( -1.000000000000000000, -0.000000000000000000, 7.228014483236692611E-16 ) ) ;
#5163 =( NAMED_UNIT ( * ) PLANE_ANGLE_UNIT ( ) SI_UNIT ( $, .RADIAN. ) );
#5164 = COLOUR_RGB ( '',0.7921568627450980005, 0.8196078431372548767, 0.9333333333333333481 ) ;
#5165 = ORIENTED_EDGE ( 'NONE', *, *, #936, .F. ) ;
#5166 = COLOUR_RGB ( '',0.7921568627450980005, 0.8196078431372548767, 0.9333333333333333481 ) ;
#5167 = VECTOR ( 'NONE', #2123, 1000.000000000000000 ) ;
#5168 = FILL_AREA_STYLE_COLOUR ( '', #4248 ) ;
#5169 = ORIENTED_EDGE ( 'NONE', *, *, #1817, .T. ) ;
#5170 = ORIENTED_EDGE ( 'NONE', *, *, #2951, .T. ) ;
#5171 = SURFACE_STYLE_USAGE ( .BOTH. , #3300 ) ;
#5172 = DIRECTION ( 'NONE',  ( 0.000000000000000000, 0.000000000000000000, 1.000000000000000000 ) ) ;
#5173 = LINE ( 'NONE', #4704, #3166 ) ;
#5174 = VERTEX_POINT ( 'NONE', #59 ) ;
#5175 = DIRECTION ( 'NONE',  ( 0.000000000000000000, 0.000000000000000000, 1.000000000000000000 ) ) ;
#5176 = STYLED_ITEM ( 'NONE', ( #1172 ), #3806 ) ;
#5177 = SURFACE_STYLE_FILL_AREA ( #3950 ) ;
#5178 = CARTESIAN_POINT ( 'NONE',  ( 1.570000000000001616, -8.432455532033678480, 3.909999999999999254 ) ) ;
#5179 = FILL_AREA_STYLE ('',( #3718 ) ) ;
#5180 = EDGE_CURVE ( 'NONE', #405, #4592, #3081, .T. ) ;
#5181 = FILL_AREA_STYLE_COLOUR ( '', #5485 ) ;
#5182 = ORIENTED_EDGE ( 'NONE', *, *, #2832, .T. ) ;
#5183 = VECTOR ( 'NONE', #4724, 1000.000000000000000 ) ;
#5184 = LINE ( 'NONE', #3730, #1069 ) ;
#5185 = FACE_OUTER_BOUND ( 'NONE', #3844, .T. ) ;
#5186 = ORIENTED_EDGE ( 'NONE', *, *, #3308, .F. ) ;
#5187 = FILL_AREA_STYLE_COLOUR ( '', #2843 ) ;
#5188 = STYLED_ITEM ( 'NONE', ( #2142 ), #2865 ) ;
#5189 = SURFACE_STYLE_USAGE ( .BOTH. , #1368 ) ;
#5190 = SURFACE_SIDE_STYLE ('',( #1082 ) ) ;
#5191 =( NAMED_UNIT ( * ) PLANE_ANGLE_UNIT ( ) SI_UNIT ( $, .RADIAN. ) );
#5192 = EDGE_CURVE ( 'NONE', #458, #4930, #1019, .T. ) ;
#5193 = DIRECTION ( 'NONE',  ( 1.000000000000000000, -0.000000000000000000, -0.000000000000000000 ) ) ;
#5194 = CLOSED_SHELL ( 'NONE', ( #1699, #2368, #5571, #3650, #4041, #3490, #1380, #4950 ) ) ;
#5195 = CARTESIAN_POINT ( 'NONE',  ( -3.159999999999998810, 6.950000000000000178, 1.800000000000000044 ) ) ;
#5196 = ORIENTED_EDGE ( 'NONE', *, *, #1334, .F. ) ;
#5197 = EDGE_LOOP ( 'NONE', ( #1745, #5060, #990, #5755, #1671, #1402 ) ) ;
#5198 = VECTOR ( 'NONE', #3390, 1000.000000000000000 ) ;
#5199 = EDGE_CURVE ( 'NONE', #2305, #405, #2926, .T. ) ;
#5200 = PRESENTATION_STYLE_ASSIGNMENT (( #5786 ) ) ;
#5201 = ORIENTED_EDGE ( 'NONE', *, *, #3303, .F. ) ;
#5202 = FILL_AREA_STYLE ('',( #1016 ) ) ;
#5203 =( GEOMETRIC_REPRESENTATION_CONTEXT ( 3 ) GLOBAL_UNCERTAINTY_ASSIGNED_CONTEXT ( ( #901 ) ) GLOBAL_UNIT_ASSIGNED_CONTEXT ( ( #3085, #5430, #5944 ) ) REPRESENTATION_CONTEXT ( 'NONE', 'WORKASPACE' ) );
#5204 = EDGE_CURVE ( 'NONE', #1115, #3525, #5124, .T. ) ;
#5205 =( GEOMETRIC_REPRESENTATION_CONTEXT ( 3 ) GLOBAL_UNCERTAINTY_ASSIGNED_CONTEXT ( ( #1219 ) ) GLOBAL_UNIT_ASSIGNED_CONTEXT ( ( #2157, #4201, #800 ) ) REPRESENTATION_CONTEXT ( 'NONE', 'WORKASPACE' ) );
#5206 = DIRECTION ( 'NONE',  ( 0.000000000000000000, 0.000000000000000000, -1.000000000000000000 ) ) ;
#5207 = EDGE_LOOP ( 'NONE', ( #2501, #1493, #518, #2914 ) ) ;
#5208 = DIRECTION ( 'NONE',  ( 0.000000000000000000, 1.000000000000000000, 0.000000000000000000 ) ) ;
#5209 = ORIENTED_EDGE ( 'NONE', *, *, #4544, .F. ) ;
#5210 = EDGE_LOOP ( 'NONE', ( #3377, #5362, #1338, #4495 ) ) ;
#5211 = SURFACE_SIDE_STYLE ('',( #5177 ) ) ;
#5212 = DIRECTION ( 'NONE',  ( 0.000000000000000000, -0.000000000000000000, -1.000000000000000000 ) ) ;
#5213 = CARTESIAN_POINT ( 'NONE',  ( 4.110000000000001208, 0.6999999999999999556, 3.710000000000000409 ) ) ;
#5214 = ORIENTED_EDGE ( 'NONE', *, *, #3376, .T. ) ;
#5215 = FILL_AREA_STYLE_COLOUR ( '', #1893 ) ;
#5216 = EDGE_CURVE ( 'NONE', #1083, #5708, #5097, .T. ) ;
#5217 = VECTOR ( 'NONE', #3454, 1000.000000000000000 ) ;
#5218 = PRESENTATION_LAYER_ASSIGNMENT (  '', '', ( #3070 ) ) ;
#5219 = CARTESIAN_POINT ( 'NONE',  ( 0.9700000000000011946, 0.6999999999999999556, 3.710000000000000409 ) ) ;
#5220 = EDGE_CURVE ( 'NONE', #5752, #4634, #5087, .T. ) ;
#5221 = VERTEX_POINT ( 'NONE', #3506 ) ;
#5222 = STYLED_ITEM ( 'NONE', ( #549 ), #1579 ) ;
#5223 = EDGE_LOOP ( 'NONE', ( #2656, #475, #2608, #2391 ) ) ;
#5224 = PLANE ( 'NONE',  #2188 ) ;
#5225 = EDGE_LOOP ( 'NONE', ( #383, #2069, #4987, #438 ) ) ;
#5226 = CARTESIAN_POINT ( 'NONE',  ( -1.119999999999998996, -3.900000000000000355, 0.000000000000000000 ) ) ;
#5227 = CARTESIAN_POINT ( 'NONE',  ( -3.509999999999998899, -3.399999999999995026, 3.909999999999999254 ) ) ;
#5228 = ORIENTED_EDGE ( 'NONE', *, *, #1651, .T. ) ;
#5229 = VERTEX_POINT ( 'NONE', #1639 ) ;
#5230 = AXIS2_PLACEMENT_3D ( 'NONE', #2598, #5369, #4502 ) ;
#5231 = VECTOR ( 'NONE', #2853, 1000.000000000000000 ) ;
#5232 = ORIENTED_EDGE ( 'NONE', *, *, #5429, .T. ) ;
#5233 = DIRECTION ( 'NONE',  ( -0.000000000000000000, 0.000000000000000000, 1.000000000000000000 ) ) ;
#5234 = LINE ( 'NONE', #4225, #3326 ) ;
#5235 = CARTESIAN_POINT ( 'NONE',  ( 5.080000000000000071, 0.6999999999999999556, 0.000000000000000000 ) ) ;
#5236 = CARTESIAN_POINT ( 'NONE',  ( -5.580000000000000959, 0.4000000000000080158, -2.700000000000001954 ) ) ;
#5237 =( NAMED_UNIT ( * ) PLANE_ANGLE_UNIT ( ) SI_UNIT ( $, .RADIAN. ) );
#5238 = DIRECTION ( 'NONE',  ( 1.000000000000000000, -0.000000000000000000, -0.000000000000000000 ) ) ;
#5239 = ORIENTED_EDGE ( 'NONE', *, *, #1832, .T. ) ;
#5240 = ORIENTED_EDGE ( 'NONE', *, *, #5204, .F. ) ;
#5241 = VECTOR ( 'NONE', #4203, 1000.000000000000000 ) ;
#5242 = ORIENTED_EDGE ( 'NONE', *, *, #3272, .T. ) ;
#5243 = UNCERTAINTY_MEASURE_WITH_UNIT (LENGTH_MEASURE( 1.000000000000000082E-05 ), #4737, 'distance_accuracy_value', 'NONE');
#5244 = PRESENTATION_STYLE_ASSIGNMENT (( #3873 ) ) ;
#5245 = ADVANCED_FACE ( 'NONE', ( #4975 ), #3969, .T. ) ;
#5246 = SURFACE_STYLE_USAGE ( .BOTH. , #4781 ) ;
#5247 = FILL_AREA_STYLE_COLOUR ( '', #5164 ) ;
#5248 = ORIENTED_EDGE ( 'NONE', *, *, #624, .F. ) ;
#5249 = AXIS2_PLACEMENT_3D ( 'NONE', #5877, #4545, #3160 ) ;
#5250 = SURFACE_SIDE_STYLE ('',( #4493 ) ) ;
#5251 = ORIENTED_EDGE ( 'NONE', *, *, #1472, .T. ) ;
#5252 = DIRECTION ( 'NONE',  ( 0.000000000000000000, 0.000000000000000000, -1.000000000000000000 ) ) ;
#5253 = EDGE_LOOP ( 'NONE', ( #3867, #1654, #3559, #5862, #1828, #5071, #3465, #1498 ) ) ;
#5254 =( GEOMETRIC_REPRESENTATION_CONTEXT ( 3 ) GLOBAL_UNCERTAINTY_ASSIGNED_CONTEXT ( ( #1996 ) ) GLOBAL_UNIT_ASSIGNED_CONTEXT ( ( #221, #4498, #595 ) ) REPRESENTATION_CONTEXT ( 'NONE', 'WORKASPACE' ) );
#5255 = UNCERTAINTY_MEASURE_WITH_UNIT (LENGTH_MEASURE( 1.000000000000000082E-05 ), #2469, 'distance_accuracy_value', 'NONE');
#5256 = SURFACE_STYLE_USAGE ( .BOTH. , #4820 ) ;
#5257 = DIRECTION ( 'NONE',  ( -0.000000000000000000, -1.000000000000000000, -0.000000000000000000 ) ) ;
#5258 = LINE ( 'NONE', #3947, #3204 ) ;
#5259 = ORIENTED_EDGE ( 'NONE', *, *, #4461, .F. ) ;
#5260 = CARTESIAN_POINT ( 'NONE',  ( -1.919999999999998597, 5.700000000000000178, 1.800000000000000044 ) ) ;
#5261 = VERTEX_POINT ( 'NONE', #2140 ) ;
#5262 =( GEOMETRIC_REPRESENTATION_CONTEXT ( 3 ) GLOBAL_UNCERTAINTY_ASSIGNED_CONTEXT ( ( #5975 ) ) GLOBAL_UNIT_ASSIGNED_CONTEXT ( ( #1468, #5759, #5343 ) ) REPRESENTATION_CONTEXT ( 'NONE', 'WORKASPACE' ) );
#5263 = DIRECTION ( 'NONE',  ( 1.000000000000000000, 0.000000000000000000, 1.445602896647340692E-15 ) ) ;
#5264 = FACE_OUTER_BOUND ( 'NONE', #574, .T. ) ;
#5265 = EDGE_CURVE ( 'NONE', #959, #2525, #2954, .T. ) ;
#5266 = ORIENTED_EDGE ( 'NONE', *, *, #2389, .T. ) ;
#5267 = CARTESIAN_POINT ( 'NONE',  ( -5.080000000000000959, 0.6999999999999999556, -4.450000000000001066 ) ) ;
#5268 = EDGE_CURVE ( 'NONE', #5324, #1065, #970, .T. ) ;
#5269 =( NAMED_UNIT ( * ) PLANE_ANGLE_UNIT ( ) SI_UNIT ( $, .RADIAN. ) );
#5270 = AXIS2_PLACEMENT_3D ( 'NONE', #6035, #1683, #4179 ) ;
#5271 = VECTOR ( 'NONE', #1075, 1000.000000000000000 ) ;
#5272 = ORIENTED_EDGE ( 'NONE', *, *, #2687, .F. ) ;
#5273 =( NAMED_UNIT ( * ) PLANE_ANGLE_UNIT ( ) SI_UNIT ( $, .RADIAN. ) );
#5274 = DIRECTION ( 'NONE',  ( 0.9578262852211522071, 0.2873478855663428311, 4.153909357201973283E-15 ) ) ;
#5275 = CARTESIAN_POINT ( 'NONE',  ( -4.459999999999999076, 10.26155281280883003, 1.800000000000000044 ) ) ;
#5276 = VERTEX_POINT ( 'NONE', #4360 ) ;
#5277 = CARTESIAN_POINT ( 'NONE',  ( -5.580000000000000959, 5.700000000000000178, -4.950000000000000178 ) ) ;
#5278 = EDGE_LOOP ( 'NONE', ( #3262, #995, #5476, #2778 ) ) ;
#5279 = LINE ( 'NONE', #802, #5241 ) ;
#5280 = LINE ( 'NONE', #2143, #3218 ) ;
#5281 =( GEOMETRIC_REPRESENTATION_CONTEXT ( 3 ) GLOBAL_UNCERTAINTY_ASSIGNED_CONTEXT ( ( #1703 ) ) GLOBAL_UNIT_ASSIGNED_CONTEXT ( ( #1159, #4068, #1567 ) ) REPRESENTATION_CONTEXT ( 'NONE', 'WORKASPACE' ) );
#5282 = EDGE_CURVE ( 'NONE', #2390, #2538, #3026, .T. ) ;
#5283 = AXIS2_PLACEMENT_3D ( 'NONE', #582, #4352, #5812 ) ;
#5284 = ORIENTED_EDGE ( 'NONE', *, *, #539, .T. ) ;
#5285 =( NAMED_UNIT ( * ) PLANE_ANGLE_UNIT ( ) SI_UNIT ( $, .RADIAN. ) );
#5286 = FACE_OUTER_BOUND ( 'NONE', #256, .T. ) ;
#5287 = DIRECTION ( 'NONE',  ( 0.000000000000000000, -0.000000000000000000, -1.000000000000000000 ) ) ;
#5288 = ORIENTED_EDGE ( 'NONE', *, *, #3523, .T. ) ;
#5289 = DIRECTION ( 'NONE',  ( 0.000000000000000000, 0.000000000000000000, 1.000000000000000000 ) ) ;
#5290 = ORIENTED_EDGE ( 'NONE', *, *, #602, .T. ) ;
#5291 = ORIENTED_EDGE ( 'NONE', *, *, #121, .F. ) ;
#5292 = DIRECTION ( 'NONE',  ( 1.000000000000000000, 0.000000000000000000, 0.000000000000000000 ) ) ;
#5293 =( NAMED_UNIT ( * ) SI_UNIT ( $, .STERADIAN. ) SOLID_ANGLE_UNIT ( ) );
#5294 =( NAMED_UNIT ( * ) SI_UNIT ( $, .STERADIAN. ) SOLID_ANGLE_UNIT ( ) );
#5295 = COLOUR_RGB ( '',1.000000000000000000, 0.8117647058823529438, 0.5019607843137254832 ) ;
#5296 = VERTEX_POINT ( 'NONE', #2592 ) ;
#5297 = CARTESIAN_POINT ( 'NONE',  ( 5.080000000000001847, 0.2000000000000083655, -2.500000000000001332 ) ) ;
#5298 = EDGE_CURVE ( 'NONE', #5932, #2830, #2888, .T. ) ;
#5299 = ADVANCED_FACE ( 'NONE', ( #928 ), #172, .F. ) ;
#5300 = AXIS2_PLACEMENT_3D ( 'NONE', #2942, #3455, #3526 ) ;
#5301 = DIRECTION ( 'NONE',  ( 1.000000000000000000, -0.000000000000000000, -0.000000000000000000 ) ) ;
#5302 = VERTEX_POINT ( 'NONE', #1538 ) ;
#5303 = ORIENTED_EDGE ( 'NONE', *, *, #6039, .F. ) ;
#5304 =( NAMED_UNIT ( * ) SI_UNIT ( $, .STERADIAN. ) SOLID_ANGLE_UNIT ( ) );
#5305 = MECHANICAL_DESIGN_GEOMETRIC_PRESENTATION_REPRESENTATION (  '', ( #1779 ), #4928 ) ;
#5306 = FACE_OUTER_BOUND ( 'NONE', #5442, .T. ) ;
#5307 = FILL_AREA_STYLE_COLOUR ( '', #4394 ) ;
#5308 = ORIENTED_EDGE ( 'NONE', *, *, #2523, .F. ) ;
#5309 = CARTESIAN_POINT ( 'NONE',  ( 0.6200000000000016609, 5.200000000000000178, -1.800000000000000044 ) ) ;
#5310 = CARTESIAN_POINT ( 'NONE',  ( 0.6200000000000016609, 5.200000000000000178, 1.800000000000000044 ) ) ;
#5311 = VERTEX_POINT ( 'NONE', #3103 ) ;
#5312 = ORIENTED_EDGE ( 'NONE', *, *, #5572, .T. ) ;
#5313 = ORIENTED_EDGE ( 'NONE', *, *, #4839, .F. ) ;
#5314 = VECTOR ( 'NONE', #2923, 1000.000000000000114 ) ;
#5315 = ORIENTED_EDGE ( 'NONE', *, *, #4121, .T. ) ;
#5316 = CARTESIAN_POINT ( 'NONE',  ( 5.080000000000000959, 0.4000000000000019096, 4.450000000000001066 ) ) ;
#5317 = CARTESIAN_POINT ( 'NONE',  ( 1.570000000000001616, -3.399999999999995026, -3.710000000000000409 ) ) ;
#5318 = FILL_AREA_STYLE_COLOUR ( '', #5824 ) ;
#5319 =( LENGTH_UNIT ( ) NAMED_UNIT ( * ) SI_UNIT ( .MILLI., .METRE. ) );
#5320 = UNCERTAINTY_MEASURE_WITH_UNIT (LENGTH_MEASURE( 1.000000000000000082E-05 ), #5144, 'distance_accuracy_value', 'NONE');
#5321 = COLOUR_RGB ( '',1.000000000000000000, 0.8117647058823529438, 0.5019607843137254832 ) ;
#5322 = PRESENTATION_STYLE_ASSIGNMENT (( #1049 ) ) ;
#5323 = LINE ( 'NONE', #3197, #3267 ) ;
#5324 = VERTEX_POINT ( 'NONE', #2033 ) ;
#5325 = MECHANICAL_DESIGN_GEOMETRIC_PRESENTATION_REPRESENTATION (  '', ( #1162 ), #1379 ) ;
#5326 =( NAMED_UNIT ( * ) SI_UNIT ( $, .STERADIAN. ) SOLID_ANGLE_UNIT ( ) );
#5327 = PRESENTATION_STYLE_ASSIGNMENT (( #2839 ) ) ;
#5328 = DIRECTION ( 'NONE',  ( 0.000000000000000000, 0.000000000000000000, -1.000000000000000000 ) ) ;
#5329 = MECHANICAL_DESIGN_GEOMETRIC_PRESENTATION_REPRESENTATION (  '', ( #2884 ), #271 ) ;
#5330 = CARTESIAN_POINT ( 'NONE',  ( 5.580000000000000959, 2.600000000000000533, -0.7999999999999999334 ) ) ;
#5331 = UNCERTAINTY_MEASURE_WITH_UNIT (LENGTH_MEASURE( 1.000000000000000082E-05 ), #2733, 'distance_accuracy_value', 'NONE');
#5332 = ORIENTED_EDGE ( 'NONE', *, *, #5220, .T. ) ;
#5333 = SURFACE_SIDE_STYLE ('',( #2584 ) ) ;
#5334 = ORIENTED_EDGE ( 'NONE', *, *, #152, .T. ) ;
#5335 = CARTESIAN_POINT ( 'NONE',  ( 2.540000000000000036, -3.900000000000000355, 0.000000000000000000 ) ) ;
#5336 = CARTESIAN_POINT ( 'NONE',  ( 3.510000000000001119, -8.432455532033678480, 3.910000000000000142 ) ) ;
#5337 = LINE ( 'NONE', #3123, #5183 ) ;
#5338 = FILL_AREA_STYLE ('',( #987 ) ) ;
#5339 = FACE_OUTER_BOUND ( 'NONE', #2521, .T. ) ;
#5340 = CARTESIAN_POINT ( 'NONE',  ( 3.510000000000002007, -3.900000000000000799, -3.910000000000000142 ) ) ;
#5341 = VECTOR ( 'NONE', #2294, 1000.000000000000000 ) ;
#5342 = ORIENTED_EDGE ( 'NONE', *, *, #2036, .T. ) ;
#5343 =( NAMED_UNIT ( * ) SI_UNIT ( $, .STERADIAN. ) SOLID_ANGLE_UNIT ( ) );
#5344 = SURFACE_STYLE_FILL_AREA ( #4853 ) ;
#5345 = AXIS2_PLACEMENT_3D ( 'NONE', #1241, #4062, #6023 ) ;
#5346 = EDGE_CURVE ( 'NONE', #4650, #1192, #994, .T. ) ;
#5347 = SURFACE_SIDE_STYLE ('',( #195 ) ) ;
#5348 = EDGE_LOOP ( 'NONE', ( #3173, #2530, #2800, #2080 ) ) ;
#5349 = CARTESIAN_POINT ( 'NONE',  ( 5.380000000000000782, 0.000000000000000000, 0.000000000000000000 ) ) ;
#5350 = LINE ( 'NONE', #4868, #1228 ) ;
#5351 = EDGE_CURVE ( 'NONE', #3337, #1751, #4933, .T. ) ;
#5352 = VECTOR ( 'NONE', #2111, 1000.000000000000000 ) ;
#5353 = ORIENTED_EDGE ( 'NONE', *, *, #936, .T. ) ;
#5354 = CARTESIAN_POINT ( 'NONE',  ( 1.570000000000001616, -3.399999999999995026, -3.909999999999999254 ) ) ;
#5355 = FILL_AREA_STYLE ('',( #4441 ) ) ;
#5356 = AXIS2_PLACEMENT_3D ( 'NONE', #5417, #3707, #2078 ) ;
#5357 = PRESENTATION_LAYER_ASSIGNMENT (  '', '', ( #1743 ) ) ;
#5358 = VERTEX_POINT ( 'NONE', #4801 ) ;
#5359 = VECTOR ( 'NONE', #5905, 1000.000000000000000 ) ;
#5360 = LINE ( 'NONE', #4876, #5352 ) ;
#5361 = FACE_OUTER_BOUND ( 'NONE', #1771, .T. ) ;
#5362 = ORIENTED_EDGE ( 'NONE', *, *, #3988, .F. ) ;
#5363 = EDGE_CURVE ( 'NONE', #5302, #3568, #3062, .T. ) ;
#5364 = PLANE ( 'NONE',  #2054 ) ;
#5365 = ADVANCED_FACE ( 'NONE', ( #5041 ), #5364, .F. ) ;
#5366 = DIRECTION ( 'NONE',  ( 0.2873478855663425535, -0.9578262852211523182, -4.153909357201927924E-16 ) ) ;
#5367 = EDGE_CURVE ( 'NONE', #3670, #1073, #833, .T. ) ;
#5368 = ORIENTED_EDGE ( 'NONE', *, *, #1354, .F. ) ;
#5369 = DIRECTION ( 'NONE',  ( 0.000000000000000000, 0.000000000000000000, 1.000000000000000000 ) ) ;
#5370 = SURFACE_SIDE_STYLE ('',( #1744 ) ) ;
#5371 = AXIS2_PLACEMENT_3D ( 'NONE', #3792, #4261, #4752 ) ;
#5372 = PRESENTATION_STYLE_ASSIGNMENT (( #5149 ) ) ;
#5373 = EDGE_LOOP ( 'NONE', ( #1858, #4459, #5954, #5138 ) ) ;
#5374 = VECTOR ( 'NONE', #371, 1000.000000000000000 ) ;
#5375 = FILL_AREA_STYLE ('',( #5247 ) ) ;
#5376 = ORIENTED_EDGE ( 'NONE', *, *, #4183, .T. ) ;
#5377 = ADVANCED_FACE ( 'NONE', ( #2913 ), #2683, .F. ) ;
#5378 = PLANE ( 'NONE',  #5380 ) ;
#5379 = CARTESIAN_POINT ( 'NONE',  ( 3.160000000000001030, 5.700000000000000178, -1.800000000000000044 ) ) ;
#5380 = AXIS2_PLACEMENT_3D ( 'NONE', #38, #2983, #5289 ) ;
#5381 = FILL_AREA_STYLE ('',( #805 ) ) ;
#5382 = LINE ( 'NONE', #4611, #5577 ) ;
#5383 = DIRECTION ( 'NONE',  ( -0.2873478855663427756, 0.9578262852211522071, -4.153909357201937291E-16 ) ) ;
#5384 = FILL_AREA_STYLE_COLOUR ( '', #3010 ) ;
#5385 = VECTOR ( 'NONE', #2418, 1000.000000000000114 ) ;
#5386 = ORIENTED_EDGE ( 'NONE', *, *, #3859, .T. ) ;
#5387 = CARTESIAN_POINT ( 'NONE',  ( -4.459999999999999076, 5.099999999999999645, 1.800000000000000044 ) ) ;
#5388 = PRESENTATION_LAYER_ASSIGNMENT (  '', '', ( #1989 ) ) ;
#5389 = DIRECTION ( 'NONE',  ( -0.9578262852211519851, 0.2873478855663433862, 0.000000000000000000 ) ) ;
#5390 = ORIENTED_EDGE ( 'NONE', *, *, #3030, .T. ) ;
#5391 = CARTESIAN_POINT ( 'NONE',  ( 0.9700000000000020828, -3.399999999999996803, -3.910000000000000142 ) ) ;
#5392 = VERTEX_POINT ( 'NONE', #1859 ) ;
#5393 =( NAMED_UNIT ( * ) PLANE_ANGLE_UNIT ( ) SI_UNIT ( $, .RADIAN. ) );
#5394 = COLOUR_RGB ( '',1.000000000000000000, 0.8117647058823529438, 0.5019607843137254832 ) ;
#5395 = ORIENTED_EDGE ( 'NONE', *, *, #1133, .F. ) ;
#5396 = SURFACE_STYLE_USAGE ( .BOTH. , #2629 ) ;
#5397 =( NAMED_UNIT ( * ) PLANE_ANGLE_UNIT ( ) SI_UNIT ( $, .RADIAN. ) );
#5398 = LINE ( 'NONE', #4425, #3479 ) ;
#5399 = CARTESIAN_POINT ( 'NONE',  ( -5.580000000000000959, 0.4000000000000080158, 2.700000000000005507 ) ) ;
#5400 = VERTEX_POINT ( 'NONE', #4985 ) ;
#5401 = ORIENTED_EDGE ( 'NONE', *, *, #302, .F. ) ;
#5402 = VECTOR ( 'NONE', #742, 1000.000000000000000 ) ;
#5403 = SURFACE_STYLE_FILL_AREA ( #321 ) ;
#5404 = ORIENTED_EDGE ( 'NONE', *, *, #5109, .T. ) ;
#5405 = SURFACE_STYLE_FILL_AREA ( #2782 ) ;
#5406 = ADVANCED_FACE ( 'NONE', ( #5185 ), #3692, .F. ) ;
#5407 = CARTESIAN_POINT ( 'NONE',  ( -3.509999999999998899, -8.432455532033678480, -3.909999999999999254 ) ) ;
#5408 = CARTESIAN_POINT ( 'NONE',  ( -0.6199999999999985523, 5.700000000000000178, 1.800000000000000044 ) ) ;
#5409 = ORIENTED_EDGE ( 'NONE', *, *, #6105, .F. ) ;
#5410 = CARTESIAN_POINT ( 'NONE',  ( -5.580000000000000959, 0.2000000000000091982, -2.300000000000000711 ) ) ;
#5411 = FILL_AREA_STYLE_COLOUR ( '', #2065 ) ;
#5412 = ORIENTED_EDGE ( 'NONE', *, *, #4673, .T. ) ;
#5413 = AXIS2_PLACEMENT_3D ( 'NONE', #5236, #4280, #6133 ) ;
#5414 = SURFACE_STYLE_FILL_AREA ( #3333 ) ;
#5415 = ORIENTED_EDGE ( 'NONE', *, *, #4392, .F. ) ;
#5416 = UNCERTAINTY_MEASURE_WITH_UNIT (LENGTH_MEASURE( 1.000000000000000082E-05 ), #55, 'distance_accuracy_value', 'NONE');
#5417 = CARTESIAN_POINT ( 'NONE',  ( -5.080000000000000959, 0.6999999999999999556, 4.450000000000001066 ) ) ;
#5418 = DIRECTION ( 'NONE',  ( -0.000000000000000000, 0.000000000000000000, 1.000000000000000000 ) ) ;
#5419 = CARTESIAN_POINT ( 'NONE',  ( -5.380000000000000782, 2.600000000000000533, 2.199999999999999734 ) ) ;
#5420 = EDGE_LOOP ( 'NONE', ( #2376, #4474, #5025, #323 ) ) ;
#5421 = SURFACE_STYLE_USAGE ( .BOTH. , #5039 ) ;
#5422 =( GEOMETRIC_REPRESENTATION_CONTEXT ( 3 ) GLOBAL_UNCERTAINTY_ASSIGNED_CONTEXT ( ( #830 ) ) GLOBAL_UNIT_ASSIGNED_CONTEXT ( ( #4676, #1948, #950 ) ) REPRESENTATION_CONTEXT ( 'NONE', 'WORKASPACE' ) );
#5423 = PRESENTATION_LAYER_ASSIGNMENT (  '', '', ( #5733 ) ) ;
#5424 = ORIENTED_EDGE ( 'NONE', *, *, #4397, .T. ) ;
#5425 = FILL_AREA_STYLE ('',( #4019 ) ) ;
#5426 =( NAMED_UNIT ( * ) PLANE_ANGLE_UNIT ( ) SI_UNIT ( $, .RADIAN. ) );
#5427 = ORIENTED_EDGE ( 'NONE', *, *, #4712, .T. ) ;
#5428 = CARTESIAN_POINT ( 'NONE',  ( 5.380000000000000782, 4.000000000000000000, 0.7999999999999974909 ) ) ;
#5429 = EDGE_CURVE ( 'NONE', #1056, #5669, #5173, .T. ) ;
#5430 =( NAMED_UNIT ( * ) PLANE_ANGLE_UNIT ( ) SI_UNIT ( $, .RADIAN. ) );
#5431 = EDGE_CURVE ( 'NONE', #2548, #2354, #3154, .T. ) ;
#5432 = ORIENTED_EDGE ( 'NONE', *, *, #819, .T. ) ;
#5433 = EDGE_LOOP ( 'NONE', ( #5599, #1700, #1775, #1766, #1888, #5610 ) ) ;
#5434 = FACE_BOUND ( 'NONE', #4621, .T. ) ;
#5435 = STYLED_ITEM ( 'NONE', ( #2669 ), #3490 ) ;
#5436 = STYLED_ITEM ( 'NONE', ( #5915 ), #6049 ) ;
#5437 = ORIENTED_EDGE ( 'NONE', *, *, #3902, .F. ) ;
#5438 = DIRECTION ( 'NONE',  ( 1.000000000000000000, 0.000000000000000000, -7.228014483236692611E-16 ) ) ;
#5439 = FACE_OUTER_BOUND ( 'NONE', #2369, .T. ) ;
#5440 = DIRECTION ( 'NONE',  ( -0.000000000000000000, 1.000000000000000000, -0.000000000000000000 ) ) ;
#5441 = ORIENTED_EDGE ( 'NONE', *, *, #5760, .F. ) ;
#5442 = EDGE_LOOP ( 'NONE', ( #1064, #2283, #2276, #298 ) ) ;
#5443 = LINE ( 'NONE', #5059, #5402 ) ;
#5444 = ORIENTED_EDGE ( 'NONE', *, *, #2724, .F. ) ;
#5445 = EDGE_CURVE ( 'NONE', #2341, #603, #5323, .T. ) ;
#5446 = LINE ( 'NONE', #5549, #1274 ) ;
#5447 = ORIENTED_EDGE ( 'NONE', *, *, #5040, .T. ) ;
#5448 = MECHANICAL_DESIGN_GEOMETRIC_PRESENTATION_REPRESENTATION (  '', ( #1840 ), #4198 ) ;
#5449 = VERTEX_POINT ( 'NONE', #5568 ) ;
#5450 = DIRECTION ( 'NONE',  ( -0.2873478855663425535, 0.9578262852211523182, -2.076954678600963962E-16 ) ) ;
#5451 =( NAMED_UNIT ( * ) SI_UNIT ( $, .STERADIAN. ) SOLID_ANGLE_UNIT ( ) );
#5452 =( NAMED_UNIT ( * ) SI_UNIT ( $, .STERADIAN. ) SOLID_ANGLE_UNIT ( ) );
#5453 = ORIENTED_EDGE ( 'NONE', *, *, #141, .T. ) ;
#5454 = COLOUR_RGB ( '',0.7921568627450980005, 0.8196078431372548767, 0.9333333333333333481 ) ;
#5455 = EDGE_LOOP ( 'NONE', ( #2635, #2597, #1519, #2689 ) ) ;
#5456 = FILL_AREA_STYLE ('',( #761 ) ) ;
#5457 = ADVANCED_FACE ( 'NONE', ( #5361 ), #5484, .F. ) ;
#5458 = PRESENTATION_LAYER_ASSIGNMENT (  '', '', ( #835 ) ) ;
#5459 = SURFACE_STYLE_USAGE ( .BOTH. , #2038 ) ;
#5460 = DIRECTION ( 'NONE',  ( 0.000000000000000000, 0.000000000000000000, -1.000000000000000000 ) ) ;
#5461 = ORIENTED_EDGE ( 'NONE', *, *, #3971, .T. ) ;
#5462 = DIRECTION ( 'NONE',  ( 0.000000000000000000, 1.239088197126291458E-15, 1.000000000000000000 ) ) ;
#5463 = ORIENTED_EDGE ( 'NONE', *, *, #2791, .T. ) ;
#5464 = CARTESIAN_POINT ( 'NONE',  ( 3.510000000000001119, -3.399999999999995026, 3.710000000000000409 ) ) ;
#5465 = CARTESIAN_POINT ( 'NONE',  ( -1.569999999999998952, -8.432455532033678480, 3.910000000000000142 ) ) ;
#5466 = STYLED_ITEM ( 'NONE', ( #2877 ), #5035 ) ;
#5467 = EDGE_LOOP ( 'NONE', ( #3476, #4289, #1046, #1347, #3726, #4476 ) ) ;
#5468 = CARTESIAN_POINT ( 'NONE',  ( 3.160000000000001474, 5.099999999999999645, 1.799999999999999600 ) ) ;
#5469 = COLOUR_RGB ( '',1.000000000000000000, 0.8117647058823529438, 0.5019607843137254832 ) ;
#5470 = EDGE_LOOP ( 'NONE', ( #2179, #1203, #3179, #1293 ) ) ;
#5471 = ADVANCED_FACE ( 'NONE', ( #1220 ), #1554, .T. ) ;
#5472 = FILL_AREA_STYLE ('',( #698 ) ) ;
#5473 = VERTEX_POINT ( 'NONE', #3366 ) ;
#5474 = DIRECTION ( 'NONE',  ( 0.000000000000000000, 0.000000000000000000, -1.000000000000000000 ) ) ;
#5475 = FILL_AREA_STYLE_COLOUR ( '', #2589 ) ;
#5476 = ORIENTED_EDGE ( 'NONE', *, *, #3902, .T. ) ;
#5477 = FILL_AREA_STYLE ('',( #3185 ) ) ;
#5478 = LINE ( 'NONE', #4645, #1416 ) ;
#5479 = CARTESIAN_POINT ( 'NONE',  ( 4.460000000000000853, 5.099999999999999645, -1.800000000000000044 ) ) ;
#5480 = DIRECTION ( 'NONE',  ( 0.2873478855663427756, -0.9578262852211522071, -2.076954678600965687E-16 ) ) ;
#5481 = ORIENTED_EDGE ( 'NONE', *, *, #2545, .T. ) ;
#5482 = UNCERTAINTY_MEASURE_WITH_UNIT (LENGTH_MEASURE( 1.000000000000000082E-05 ), #292, 'distance_accuracy_value', 'NONE');
#5483 = ORIENTED_EDGE ( 'NONE', *, *, #3385, .F. ) ;
#5484 = PLANE ( 'NONE',  #839 ) ;
#5485 = COLOUR_RGB ( '',1.000000000000000000, 0.8117647058823529438, 0.5019607843137254832 ) ;
#5486 = ORIENTED_EDGE ( 'NONE', *, *, #1492, .F. ) ;
#5487 =( GEOMETRIC_REPRESENTATION_CONTEXT ( 3 ) GLOBAL_UNCERTAINTY_ASSIGNED_CONTEXT ( ( #1934 ) ) GLOBAL_UNIT_ASSIGNED_CONTEXT ( ( #3187, #299, #4569 ) ) REPRESENTATION_CONTEXT ( 'NONE', 'WORKASPACE' ) );
#5488 = CARTESIAN_POINT ( 'NONE',  ( -0.6199999999999985523, 5.200000000000000178, -1.800000000000000044 ) ) ;
#5489 = EDGE_CURVE ( 'NONE', #3906, #5547, #1040, .T. ) ;
#5490 =( NAMED_UNIT ( * ) PLANE_ANGLE_UNIT ( ) SI_UNIT ( $, .RADIAN. ) );
#5491 = EDGE_LOOP ( 'NONE', ( #3314, #1157, #291, #3359 ) ) ;
#5492 = PLANE ( 'NONE',  #4403 ) ;
#5493 = PLANE ( 'NONE',  #5540 ) ;
#5494 = CARTESIAN_POINT ( 'NONE',  ( 5.580000000000000959, 4.000000000000000000, -0.7999999999999999334 ) ) ;
#5495 = VECTOR ( 'NONE', #727, 1000.000000000000000 ) ;
#5496 = ORIENTED_EDGE ( 'NONE', *, *, #3030, .F. ) ;
#5497 = CARTESIAN_POINT ( 'NONE',  ( 0.9700000000000020828, -3.399999999999996803, -3.910000000000000142 ) ) ;
#5498 = MECHANICAL_DESIGN_GEOMETRIC_PRESENTATION_REPRESENTATION (  '', ( #3044 ), #2960 ) ;
#5499 = PLANE ( 'NONE',  #3122 ) ;
#5500 = SURFACE_STYLE_USAGE ( .BOTH. , #6018 ) ;
#5501 = ORIENTED_EDGE ( 'NONE', *, *, #2785, .T. ) ;
#5502 = CARTESIAN_POINT ( 'NONE',  ( 3.160000000000001030, 5.700000000000000178, 1.800000000000000044 ) ) ;
#5503 = LINE ( 'NONE', #5277, #3572 ) ;
#5504 = SURFACE_STYLE_FILL_AREA ( #2674 ) ;
#5505 = VECTOR ( 'NONE', #2557, 1000.000000000000000 ) ;
#5506 = ORIENTED_EDGE ( 'NONE', *, *, #2699, .F. ) ;
#5507 = CARTESIAN_POINT ( 'NONE',  ( 3.510000000000001119, -3.399999999999995026, 3.910000000000000142 ) ) ;
#5508 = EDGE_CURVE ( 'NONE', #1089, #1056, #5258, .T. ) ;
#5509 = ORIENTED_EDGE ( 'NONE', *, *, #2561, .T. ) ;
#5510 = ADVANCED_FACE ( 'NONE', ( #1144 ), #3980, .F. ) ;
#5511 = CARTESIAN_POINT ( 'NONE',  ( 1.920000000000001483, 5.200000000000000178, -1.800000000000000044 ) ) ;
#5512 = MECHANICAL_DESIGN_GEOMETRIC_PRESENTATION_REPRESENTATION (  '', ( #5593 ), #4627 ) ;
#5513 = EDGE_CURVE ( 'NONE', #490, #1517, #3508, .T. ) ;
#5514 = ORIENTED_EDGE ( 'NONE', *, *, #2218, .F. ) ;
#5515 = PRESENTATION_LAYER_ASSIGNMENT (  '', '', ( #4833 ) ) ;
#5516 = SURFACE_STYLE_FILL_AREA ( #209 ) ;
#5517 = FILL_AREA_STYLE ('',( #4864 ) ) ;
#5518 = FACE_OUTER_BOUND ( 'NONE', #3399, .T. ) ;
#5519 = CARTESIAN_POINT ( 'NONE',  ( 4.460000000000000853, 5.200000000000000178, -1.800000000000000044 ) ) ;
#5520 = LINE ( 'NONE', #2465, #3432 ) ;
#5521 = VERTEX_POINT ( 'NONE', #4420 ) ;
#5522 =( NAMED_UNIT ( * ) PLANE_ANGLE_UNIT ( ) SI_UNIT ( $, .RADIAN. ) );
#5523 = EDGE_LOOP ( 'NONE', ( #1456, #3485, #2806, #2667, #4816, #529 ) ) ;
#5524 = ADVANCED_FACE ( 'NONE', ( #3438 ), #4338, .F. ) ;
#5525 = EDGE_CURVE ( 'NONE', #1017, #2672, #5520, .T. ) ;
#5526 = MECHANICAL_DESIGN_GEOMETRIC_PRESENTATION_REPRESENTATION (  '', ( #6005 ), #5139 ) ;
#5527 = SURFACE_STYLE_FILL_AREA ( #927 ) ;
#5528 = CARTESIAN_POINT ( 'NONE',  ( -5.380000000000000782, 2.600000000000000533, 0.7999999999999999334 ) ) ;
#5529 = VERTEX_POINT ( 'NONE', #5330 ) ;
#5530 = CARTESIAN_POINT ( 'NONE',  ( -4.459999999999999076, 10.26155281280883003, 1.800000000000000044 ) ) ;
#5531 = PRESENTATION_STYLE_ASSIGNMENT (( #4685 ) ) ;
#5532 = CARTESIAN_POINT ( 'NONE',  ( -5.580000000000000959, 0.4000000000000080158, -2.700000000000001954 ) ) ;
#5533 = FILL_AREA_STYLE_COLOUR ( '', #4958 ) ;
#5534 = DIRECTION ( 'NONE',  ( 1.000000000000000000, -0.000000000000000000, -0.000000000000000000 ) ) ;
#5535 = CARTESIAN_POINT ( 'NONE',  ( -1.919999999999998597, 5.200000000000000178, 1.800000000000000044 ) ) ;
#5536 = VECTOR ( 'NONE', #4891, 1000.000000000000000 ) ;
#5537 = PRESENTATION_STYLE_ASSIGNMENT (( #5103 ) ) ;
#5538 = LINE ( 'NONE', #362, #1268 ) ;
#5539 = ORIENTED_EDGE ( 'NONE', *, *, #4322, .T. ) ;
#5540 = AXIS2_PLACEMENT_3D ( 'NONE', #720, #2504, #3513 ) ;
#5541 = DIRECTION ( 'NONE',  ( -1.000000000000000000, -0.000000000000000000, -0.000000000000000000 ) ) ;
#5542 = DIRECTION ( 'NONE',  ( -7.228014483236692611E-16, 0.000000000000000000, 1.000000000000000000 ) ) ;
#5543 = SURFACE_STYLE_USAGE ( .BOTH. , #3071 ) ;
#5544 = FACE_OUTER_BOUND ( 'NONE', #5000, .T. ) ;
#5545 = LINE ( 'NONE', #5016, #1279 ) ;
#5546 = CARTESIAN_POINT ( 'NONE',  ( -4.459999999999999076, 5.200000000000000178, -1.800000000000000044 ) ) ;
#5547 = VERTEX_POINT ( 'NONE', #4812 ) ;
#5548 = DIRECTION ( 'NONE',  ( -0.000000000000000000, -1.000000000000000000, -0.000000000000000000 ) ) ;
#5549 = CARTESIAN_POINT ( 'NONE',  ( -5.380000000000000782, 4.000000000000000000, -0.7999999999999999334 ) ) ;
#5550 = SURFACE_SIDE_STYLE ('',( #2611 ) ) ;
#5551 = PRESENTATION_LAYER_ASSIGNMENT (  '', '', ( #4439 ) ) ;
#5552 =( NAMED_UNIT ( * ) PLANE_ANGLE_UNIT ( ) SI_UNIT ( $, .RADIAN. ) );
#5553 = EDGE_CURVE ( 'NONE', #1549, #5174, #3422, .T. ) ;
#5554 = SURFACE_STYLE_USAGE ( .BOTH. , #5055 ) ;
#5555 = ORIENTED_EDGE ( 'NONE', *, *, #4469, .T. ) ;
#5556 = DIRECTION ( 'NONE',  ( 0.000000000000000000, 0.000000000000000000, -1.000000000000000000 ) ) ;
#5557 = DIRECTION ( 'NONE',  ( 1.000000000000000000, 0.000000000000000000, 0.000000000000000000 ) ) ;
#5558 = ORIENTED_EDGE ( 'NONE', *, *, #1680, .F. ) ;
#5559 = ADVANCED_FACE ( 'NONE', ( #3468 ), #4374, .F. ) ;
#5560 = SURFACE_SIDE_STYLE ('',( #769 ) ) ;
#5561 = UNCERTAINTY_MEASURE_WITH_UNIT (LENGTH_MEASURE( 1.000000000000000082E-05 ), #741, 'distance_accuracy_value', 'NONE');
#5562 = VECTOR ( 'NONE', #5556, 1000.000000000000000 ) ;
#5563 =( GEOMETRIC_REPRESENTATION_CONTEXT ( 3 ) GLOBAL_UNCERTAINTY_ASSIGNED_CONTEXT ( ( #3214 ) ) GLOBAL_UNIT_ASSIGNED_CONTEXT ( ( #1615, #3528, #3025 ) ) REPRESENTATION_CONTEXT ( 'NONE', 'WORKASPACE' ) );
#5564 = FACE_OUTER_BOUND ( 'NONE', #1469, .T. ) ;
#5565 = FILL_AREA_STYLE ('',( #853 ) ) ;
#5566 = EDGE_CURVE ( 'NONE', #2462, #2347, #1393, .T. ) ;
#5567 = ORIENTED_EDGE ( 'NONE', *, *, #4761, .F. ) ;
#5568 = CARTESIAN_POINT ( 'NONE',  ( -4.109999999999999432, -3.399999999999996803, -3.710000000000000409 ) ) ;
#5569 = PRESENTATION_STYLE_ASSIGNMENT (( #194 ) ) ;
#5570 = EDGE_LOOP ( 'NONE', ( #3155, #674, #5290, #991, #597, #533 ) ) ;
#5571 = ADVANCED_FACE ( 'NONE', ( #5579 ), #4849, .F. ) ;
#5572 = EDGE_CURVE ( 'NONE', #448, #2607, #1442, .T. ) ;
#5573 = CARTESIAN_POINT ( 'NONE',  ( 5.380000000000000782, 2.600000000000000533, -0.7999999999999999334 ) ) ;
#5574 = DIRECTION ( 'NONE',  ( -0.000000000000000000, 1.000000000000000000, -0.000000000000000000 ) ) ;
#5575 = DIRECTION ( 'NONE',  ( 0.000000000000000000, 1.239088197126291261E-15, 1.000000000000000000 ) ) ;
#5576 = VECTOR ( 'NONE', #2827, 1000.000000000000000 ) ;
#5577 = VECTOR ( 'NONE', #2174, 1000.000000000000000 ) ;
#5578 = PRESENTATION_LAYER_ASSIGNMENT (  '', '', ( #744 ) ) ;
#5579 = FACE_OUTER_BOUND ( 'NONE', #3212, .T. ) ;
#5580 = ORIENTED_EDGE ( 'NONE', *, *, #955, .T. ) ;
#5581 = ORIENTED_EDGE ( 'NONE', *, *, #3303, .T. ) ;
#5582 = CARTESIAN_POINT ( 'NONE',  ( 4.460000000000000853, 5.700000000000000178, 1.800000000000000044 ) ) ;
#5583 = LINE ( 'NONE', #3268, #3368 ) ;
#5584 = ORIENTED_EDGE ( 'NONE', *, *, #5044, .T. ) ;
#5585 = FILL_AREA_STYLE_COLOUR ( '', #1981 ) ;
#5586 = EDGE_CURVE ( 'NONE', #2858, #4746, #1382, .T. ) ;
#5587 = EDGE_LOOP ( 'NONE', ( #1259, #2760, #4274, #1649 ) ) ;
#5588 = VECTOR ( 'NONE', #5991, 1000.000000000000000 ) ;
#5589 =( NAMED_UNIT ( * ) SI_UNIT ( $, .STERADIAN. ) SOLID_ANGLE_UNIT ( ) );
#5590 = SURFACE_STYLE_FILL_AREA ( #4122 ) ;
#5591 = ORIENTED_EDGE ( 'NONE', *, *, #969, .T. ) ;
#5592 = CARTESIAN_POINT ( 'NONE',  ( -0.6199999999999985523, 5.200000000000000178, -1.800000000000000044 ) ) ;
#5593 = STYLED_ITEM ( 'NONE', ( #661 ), #3594 ) ;
#5594 = EDGE_CURVE ( 'NONE', #2363, #4, #3541, .T. ) ;
#5595 = VERTEX_POINT ( 'NONE', #4092 ) ;
#5596 =( NAMED_UNIT ( * ) PLANE_ANGLE_UNIT ( ) SI_UNIT ( $, .RADIAN. ) );
#5597 = PRESENTATION_LAYER_ASSIGNMENT (  '', '', ( #1972 ) ) ;
#5598 = ORIENTED_EDGE ( 'NONE', *, *, #382, .T. ) ;
#5599 = ORIENTED_EDGE ( 'NONE', *, *, #3396, .T. ) ;
#5600 = DIRECTION ( 'NONE',  ( -0.000000000000000000, 1.000000000000000000, -0.000000000000000000 ) ) ;
#5601 = VECTOR ( 'NONE', #2810, 1000.000000000000114 ) ;
#5602 = EDGE_LOOP ( 'NONE', ( #4414, #324, #5248, #4328 ) ) ;
#5603 = FILL_AREA_STYLE ('',( #5101 ) ) ;
#5604 = FACE_OUTER_BOUND ( 'NONE', #1533, .T. ) ;
#5605 = CARTESIAN_POINT ( 'NONE',  ( 5.580000000000000959, 5.700000000000000178, 4.950000000000000178 ) ) ;
#5606 = EDGE_CURVE ( 'NONE', #4119, #3286, #5538, .T. ) ;
#5607 = FILL_AREA_STYLE_COLOUR ( '', #3618 ) ;
#5608 = PRESENTATION_LAYER_ASSIGNMENT (  '', '', ( #1840 ) ) ;
#5609 = VECTOR ( 'NONE', #3820, 1000.000000000000000 ) ;
#5610 = ORIENTED_EDGE ( 'NONE', *, *, #1276, .T. ) ;
#5611 = DIRECTION ( 'NONE',  ( -1.000000000000000000, 0.000000000000000000, 0.000000000000000000 ) ) ;
#5612 = SURFACE_STYLE_FILL_AREA ( #1476 ) ;
#5613 = PRESENTATION_LAYER_ASSIGNMENT (  '', '', ( #328 ) ) ;
#5614 = VERTEX_POINT ( 'NONE', #2197 ) ;
#5615 = VERTEX_POINT ( 'NONE', #1280 ) ;
#5616 = CARTESIAN_POINT ( 'NONE',  ( -3.159999999999998810, 6.950000000000000178, 1.800000000000000044 ) ) ;
#5617 = VERTEX_POINT ( 'NONE', #3655 ) ;
#5618 = ADVANCED_FACE ( 'NONE', ( #1308 ), #4156, .F. ) ;
#5619 =( LENGTH_UNIT ( ) NAMED_UNIT ( * ) SI_UNIT ( .MILLI., .METRE. ) );
#5620 = MANIFOLD_SOLID_BREP ( 'LPattern2[6]', #2481 ) ;
#5621 =( NAMED_UNIT ( * ) PLANE_ANGLE_UNIT ( ) SI_UNIT ( $, .RADIAN. ) );
#5622 = DIRECTION ( 'NONE',  ( -0.9578262852211519851, 0.2873478855663433862, 0.000000000000000000 ) ) ;
#5623 =( NAMED_UNIT ( * ) PLANE_ANGLE_UNIT ( ) SI_UNIT ( $, .RADIAN. ) );
#5624 = ORIENTED_EDGE ( 'NONE', *, *, #3907, .F. ) ;
#5625 = COLOUR_RGB ( '',1.000000000000000000, 0.8117647058823529438, 0.5019607843137254832 ) ;
#5626 = ORIENTED_EDGE ( 'NONE', *, *, #5760, .T. ) ;
#5627 = VERTEX_POINT ( 'NONE', #2120 ) ;
#5628 = SURFACE_STYLE_USAGE ( .BOTH. , #5668 ) ;
#5629 = ORIENTED_EDGE ( 'NONE', *, *, #3111, .T. ) ;
#5630 = CARTESIAN_POINT ( 'NONE',  ( 5.380000000000000782, 4.000000000000000000, -2.199999999999999734 ) ) ;
#5631 = SURFACE_STYLE_USAGE ( .BOTH. , #1875 ) ;
#5632 = VERTEX_POINT ( 'NONE', #836 ) ;
#5633 = SURFACE_STYLE_FILL_AREA ( #5830 ) ;
#5634 = ORIENTED_EDGE ( 'NONE', *, *, #5180, .F. ) ;
#5635 = CARTESIAN_POINT ( 'NONE',  ( -3.509999999999998899, 0.6999999999999999556, 3.909999999999999254 ) ) ;
#5636 = EDGE_LOOP ( 'NONE', ( #4996, #1757, #5777, #1790 ) ) ;
#5637 = VECTOR ( 'NONE', #454, 1000.000000000000000 ) ;
#5638 = AXIS2_PLACEMENT_3D ( 'NONE', #5275, #4321, #5788 ) ;
#5639 = UNCERTAINTY_MEASURE_WITH_UNIT (LENGTH_MEASURE( 1.000000000000000082E-05 ), #3188, 'distance_accuracy_value', 'NONE');
#5640 = STYLED_ITEM ( 'NONE', ( #827 ), #164 ) ;
#5641 = VECTOR ( 'NONE', #3899, 1000.000000000000000 ) ;
#5642 = VECTOR ( 'NONE', #2455, 1000.000000000000000 ) ;
#5643 = ORIENTED_EDGE ( 'NONE', *, *, #4163, .F. ) ;
#5644 = CARTESIAN_POINT ( 'NONE',  ( -5.580000000000000959, 0.2000000000000091982, 2.300000000000004263 ) ) ;
#5645 = ORIENTED_EDGE ( 'NONE', *, *, #2785, .F. ) ;
#5646 = UNCERTAINTY_MEASURE_WITH_UNIT (LENGTH_MEASURE( 1.000000000000000082E-05 ), #4755, 'distance_accuracy_value', 'NONE');
#5647 = ORIENTED_EDGE ( 'NONE', *, *, #5346, .T. ) ;
#5648 = CARTESIAN_POINT ( 'NONE',  ( -0.9699999999999986411, -8.432455532033678480, -3.909999999999999254 ) ) ;
#5649 = LINE ( 'NONE', #664, #5751 ) ;
#5650 = SURFACE_STYLE_USAGE ( .BOTH. , #4773 ) ;
#5651 = MECHANICAL_DESIGN_GEOMETRIC_PRESENTATION_REPRESENTATION (  '', ( #865 ), #2828 ) ;
#5652 = EDGE_CURVE ( 'NONE', #1077, #3047, #1546, .T. ) ;
#5653 = COLOUR_RGB ( '',1.000000000000000000, 0.8117647058823529438, 0.5019607843137254832 ) ;
#5654 = CARTESIAN_POINT ( 'NONE',  ( -5.580000000000000959, 2.600000000000000533, -2.199999999999999734 ) ) ;
#5655 = ORIENTED_EDGE ( 'NONE', *, *, #2895, .T. ) ;
#5656 = ORIENTED_EDGE ( 'NONE', *, *, #350, .F. ) ;
#5657 =( NAMED_UNIT ( * ) PLANE_ANGLE_UNIT ( ) SI_UNIT ( $, .RADIAN. ) );
#5658 = DIRECTION ( 'NONE',  ( 1.000000000000000000, -0.000000000000000000, -0.000000000000000000 ) ) ;
#5659 = PRESENTATION_LAYER_ASSIGNMENT (  '', '', ( #2227 ) ) ;
#5660 = MECHANICAL_DESIGN_GEOMETRIC_PRESENTATION_REPRESENTATION (  '', ( #1743 ), #4550 ) ;
#5661 = DIRECTION ( 'NONE',  ( -0.000000000000000000, 0.000000000000000000, 1.000000000000000000 ) ) ;
#5662 =( NAMED_UNIT ( * ) SI_UNIT ( $, .STERADIAN. ) SOLID_ANGLE_UNIT ( ) );
#5663 = STYLED_ITEM ( 'NONE', ( #4653 ), #684 ) ;
#5664 = ORIENTED_EDGE ( 'NONE', *, *, #4982, .F. ) ;
#5665 = LINE ( 'NONE', #444, #5601 ) ;
#5666 = VERTEX_POINT ( 'NONE', #277 ) ;
#5667 = ORIENTED_EDGE ( 'NONE', *, *, #2765, .F. ) ;
#5668 = SURFACE_SIDE_STYLE ('',( #2203 ) ) ;
#5669 = VERTEX_POINT ( 'NONE', #4923 ) ;
#5670 = CARTESIAN_POINT ( 'NONE',  ( 5.580000000000000959, 4.000000000000000000, -2.199999999999999734 ) ) ;
#5671 = DIRECTION ( 'NONE',  ( 0.000000000000000000, -0.000000000000000000, 1.000000000000000000 ) ) ;
#5672 = EDGE_CURVE ( 'NONE', #4490, #3918, #3772, .T. ) ;
#5673 = ORIENTED_EDGE ( 'NONE', *, *, #1201, .T. ) ;
#5674 = AXIS2_PLACEMENT_3D ( 'NONE', #3569, #5976, #2616 ) ;
#5675 = LINE ( 'NONE', #1449, #5782 ) ;
#5676 = COLOUR_RGB ( '',0.7921568627450980005, 0.8196078431372548767, 0.9333333333333333481 ) ;
#5677 = DIRECTION ( 'NONE',  ( -1.000000000000000000, 0.000000000000000000, 0.000000000000000000 ) ) ;
#5678 = ORIENTED_EDGE ( 'NONE', *, *, #3708, .F. ) ;
#5679 = CLOSED_SHELL ( 'NONE', ( #1226, #3244, #5510, #4311, #1579, #2131, #4258, #164 ) ) ;
#5680 = PRESENTATION_STYLE_ASSIGNMENT (( #917 ) ) ;
#5681 = ORIENTED_EDGE ( 'NONE', *, *, #382, .F. ) ;
#5682 = ADVANCED_FACE ( 'NONE', ( #1477 ), #3564, .F. ) ;
#5683 = VECTOR ( 'NONE', #649, 1000.000000000000000 ) ;
#5684 = ORIENTED_EDGE ( 'NONE', *, *, #2105, .F. ) ;
#5685 = PLANE ( 'NONE',  #4113 ) ;
#5686 = ORIENTED_EDGE ( 'NONE', *, *, #4491, .T. ) ;
#5687 =( GEOMETRIC_REPRESENTATION_CONTEXT ( 3 ) GLOBAL_UNCERTAINTY_ASSIGNED_CONTEXT ( ( #2955 ) ) GLOBAL_UNIT_ASSIGNED_CONTEXT ( ( #1452, #4697, #2793 ) ) REPRESENTATION_CONTEXT ( 'NONE', 'WORKASPACE' ) );
#5688 = SURFACE_STYLE_USAGE ( .BOTH. , #5190 ) ;
#5689 = VERTEX_POINT ( 'NONE', #3521 ) ;
#5690 = CARTESIAN_POINT ( 'NONE',  ( -5.580000000000000959, 0.4000000000000001887, 4.950000000000006395 ) ) ;
#5691 = DIRECTION ( 'NONE',  ( 0.000000000000000000, 0.000000000000000000, -1.000000000000000000 ) ) ;
#5692 = ORIENTED_EDGE ( 'NONE', *, *, #5298, .F. ) ;
#5693 = CARTESIAN_POINT ( 'NONE',  ( -3.959999999999999076, -3.900000000000000355, 0.000000000000000000 ) ) ;
#5694 = STYLED_ITEM ( 'NONE', ( #3195 ), #5457 ) ;
#5695 = LINE ( 'NONE', #3862, #3537 ) ;
#5696 = VERTEX_POINT ( 'NONE', #5419 ) ;
#5697 =( NAMED_UNIT ( * ) SI_UNIT ( $, .STERADIAN. ) SOLID_ANGLE_UNIT ( ) );
#5698 = VECTOR ( 'NONE', #85, 1000.000000000000000 ) ;
#5699 = VERTEX_POINT ( 'NONE', #4513 ) ;
#5700 = ORIENTED_EDGE ( 'NONE', *, *, #4641, .F. ) ;
#5701 = SURFACE_STYLE_FILL_AREA ( #3310 ) ;
#5702 = DIRECTION ( 'NONE',  ( 1.000000000000000000, 0.000000000000000000, 0.000000000000000000 ) ) ;
#5703 = CARTESIAN_POINT ( 'NONE',  ( 5.380000000000000782, 2.600000000000000533, 2.199999999999999734 ) ) ;
#5704 = FILL_AREA_STYLE_COLOUR ( '', #360 ) ;
#5705 = DIRECTION ( 'NONE',  ( 1.000000000000000000, 0.000000000000000000, 0.000000000000000000 ) ) ;
#5706 = FACE_OUTER_BOUND ( 'NONE', #750, .T. ) ;
#5707 = PLANE ( 'NONE',  #6160 ) ;
#5708 = VERTEX_POINT ( 'NONE', #4199 ) ;
#5709 = PRESENTATION_LAYER_ASSIGNMENT (  '', '', ( #922 ) ) ;
#5710 = VECTOR ( 'NONE', #536, 1000.000000000000000 ) ;
#5711 = ADVANCED_FACE ( 'NONE', ( #1511 ), #3340, .F. ) ;
#5712 = ORIENTED_EDGE ( 'NONE', *, *, #4491, .F. ) ;
#5713 = CARTESIAN_POINT ( 'NONE',  ( -0.9699999999999986411, -3.399999999999995026, -3.909999999999999254 ) ) ;
#5714 = FACE_OUTER_BOUND ( 'NONE', #5957, .T. ) ;
#5715 = DIRECTION ( 'NONE',  ( -0.000000000000000000, 1.000000000000000000, -0.000000000000000000 ) ) ;
#5716 = ORIENTED_EDGE ( 'NONE', *, *, #3132, .T. ) ;
#5717 = DIRECTION ( 'NONE',  ( 1.000000000000000000, -0.000000000000000000, -0.000000000000000000 ) ) ;
#5718 = PRESENTATION_STYLE_ASSIGNMENT (( #930 ) ) ;
#5719 = ORIENTED_EDGE ( 'NONE', *, *, #748, .F. ) ;
#5720 = PRESENTATION_LAYER_ASSIGNMENT (  '', '', ( #2076 ) ) ;
#5721 = PLANE ( 'NONE',  #1244 ) ;
#5722 = ORIENTED_EDGE ( 'NONE', *, *, #4106, .F. ) ;
#5723 = EDGE_CURVE ( 'NONE', #1626, #4675, #5795, .T. ) ;
#5724 = VERTEX_POINT ( 'NONE', #4720 ) ;
#5725 = DIRECTION ( 'NONE',  ( 0.000000000000000000, 0.000000000000000000, -1.000000000000000000 ) ) ;
#5726 = LINE ( 'NONE', #914, #1616 ) ;
#5727 = UNCERTAINTY_MEASURE_WITH_UNIT (LENGTH_MEASURE( 1.000000000000000082E-05 ), #2388, 'distance_accuracy_value', 'NONE');
#5728 = ADVANCED_FACE ( 'NONE', ( #3653 ), #6116, .F. ) ;
#5729 = CARTESIAN_POINT ( 'NONE',  ( 3.160000000000001474, 6.950000000000000178, 1.800000000000000044 ) ) ;
#5730 = AXIS2_PLACEMENT_3D ( 'NONE', #2738, #1747, #4636 ) ;
#5731 = DIRECTION ( 'NONE',  ( 0.000000000000000000, 1.000000000000000000, 0.000000000000000000 ) ) ;
#5732 = VERTEX_POINT ( 'NONE', #3801 ) ;
#5733 = STYLED_ITEM ( 'NONE', ( #1860 ), #4464 ) ;
#5734 = CARTESIAN_POINT ( 'NONE',  ( 0.9700000000000011946, 0.6999999999999999556, 3.910000000000000142 ) ) ;
#5735 = ORIENTED_EDGE ( 'NONE', *, *, #3779, .F. ) ;
#5736 =( NAMED_UNIT ( * ) SI_UNIT ( $, .STERADIAN. ) SOLID_ANGLE_UNIT ( ) );
#5737 = EDGE_CURVE ( 'NONE', #3788, #4564, #3551, .T. ) ;
#5738 = DIRECTION ( 'NONE',  ( -0.000000000000000000, 1.000000000000000000, -0.000000000000000000 ) ) ;
#5739 = CARTESIAN_POINT ( 'NONE',  ( -5.380000000000000782, 2.600000000000000533, 2.199999999999999734 ) ) ;
#5740 = CARTESIAN_POINT ( 'NONE',  ( -4.459999999999999076, 6.950000000000000178, 1.800000000000000044 ) ) ;
#5741 = EDGE_LOOP ( 'NONE', ( #1383, #5342, #4238, #4228 ) ) ;
#5742 = EDGE_CURVE ( 'NONE', #4388, #5358, #5665, .T. ) ;
#5743 = ORIENTED_EDGE ( 'NONE', *, *, #4908, .F. ) ;
#5744 =( NAMED_UNIT ( * ) PLANE_ANGLE_UNIT ( ) SI_UNIT ( $, .RADIAN. ) );
#5745 = ORIENTED_EDGE ( 'NONE', *, *, #6002, .T. ) ;
#5746 =( GEOMETRIC_REPRESENTATION_CONTEXT ( 3 ) GLOBAL_UNCERTAINTY_ASSIGNED_CONTEXT ( ( #2210 ) ) GLOBAL_UNIT_ASSIGNED_CONTEXT ( ( #2429, #5426, #3078 ) ) REPRESENTATION_CONTEXT ( 'NONE', 'WORKASPACE' ) );
#5747 = ORIENTED_EDGE ( 'NONE', *, *, #552, .T. ) ;
#5748 = AXIS2_PLACEMENT_3D ( 'NONE', #5235, #5731, #964 ) ;
#5749 = DIRECTION ( 'NONE',  ( 0.000000000000000000, 0.000000000000000000, -1.000000000000000000 ) ) ;
#5750 =( LENGTH_UNIT ( ) NAMED_UNIT ( * ) SI_UNIT ( .MILLI., .METRE. ) );
#5751 = VECTOR ( 'NONE', #5909, 1000.000000000000000 ) ;
#5752 = VERTEX_POINT ( 'NONE', #5670 ) ;
#5753 = SURFACE_STYLE_USAGE ( .BOTH. , #5333 ) ;
#5754 = CARTESIAN_POINT ( 'NONE',  ( -0.9699999999999986411, 0.6999999999999999556, -3.909999999999999254 ) ) ;
#5755 = ORIENTED_EDGE ( 'NONE', *, *, #4618, .T. ) ;
#5756 = PLANE ( 'NONE',  #2239 ) ;
#5757 = DIRECTION ( 'NONE',  ( 0.000000000000000000, 0.000000000000000000, -1.000000000000000000 ) ) ;
#5758 = VECTOR ( 'NONE', #601, 1000.000000000000000 ) ;
#5759 =( NAMED_UNIT ( * ) PLANE_ANGLE_UNIT ( ) SI_UNIT ( $, .RADIAN. ) );
#5760 = EDGE_CURVE ( 'NONE', #3542, #890, #3725, .T. ) ;
#5761 = EDGE_LOOP ( 'NONE', ( #1031, #4339, #5424, #3962 ) ) ;
#5762 = COLOUR_RGB ( '',1.000000000000000000, 0.8117647058823529438, 0.5019607843137254832 ) ;
#5763 = VERTEX_POINT ( 'NONE', #4827 ) ;
#5764 = DIRECTION ( 'NONE',  ( 1.000000000000000000, 0.000000000000000000, 0.000000000000000000 ) ) ;
#5765 = EDGE_CURVE ( 'NONE', #1375, #5261, #1584, .T. ) ;
#5766 = MECHANICAL_DESIGN_GEOMETRIC_PRESENTATION_REPRESENTATION (  '', ( #3937 ), #6075 ) ;
#5767 =( LENGTH_UNIT ( ) NAMED_UNIT ( * ) SI_UNIT ( .MILLI., .METRE. ) );
#5768 = CIRCLE ( 'NONE', #1802, 0.2000000000000005107 ) ;
#5769 =( NAMED_UNIT ( * ) SI_UNIT ( $, .STERADIAN. ) SOLID_ANGLE_UNIT ( ) );
#5770 = FACE_OUTER_BOUND ( 'NONE', #5278, .T. ) ;
#5771 = ORIENTED_EDGE ( 'NONE', *, *, #737, .T. ) ;
#5772 = VECTOR ( 'NONE', #4838, 1000.000000000000000 ) ;
#5773 = CARTESIAN_POINT ( 'NONE',  ( 5.580000000000000959, 5.700000000000000178, 4.950000000000000178 ) ) ;
#5774 = VERTEX_POINT ( 'NONE', #952 ) ;
#5775 = SURFACE_STYLE_USAGE ( .BOTH. , #3469 ) ;
#5776 = VECTOR ( 'NONE', #1992, 1000.000000000000000 ) ;
#5777 = ORIENTED_EDGE ( 'NONE', *, *, #3609, .F. ) ;
#5778 = ORIENTED_EDGE ( 'NONE', *, *, #2699, .T. ) ;
#5779 = MECHANICAL_DESIGN_GEOMETRIC_PRESENTATION_REPRESENTATION (  '', ( #3471 ), #4003 ) ;
#5780 = CYLINDRICAL_SURFACE ( 'NONE', #400, 0.2000000000000000944 ) ;
#5781 = ORIENTED_EDGE ( 'NONE', *, *, #1869, .T. ) ;
#5782 = VECTOR ( 'NONE', #2451, 1000.000000000000000 ) ;
#5783 = CARTESIAN_POINT ( 'NONE',  ( -5.580000000000000959, 9.107298248878237246E-15, -2.300000000000000266 ) ) ;
#5784 = PRESENTATION_STYLE_ASSIGNMENT (( #2773 ) ) ;
#5785 = ORIENTED_EDGE ( 'NONE', *, *, #737, .F. ) ;
#5786 = SURFACE_STYLE_USAGE ( .BOTH. , #2862 ) ;
#5787 = MECHANICAL_DESIGN_GEOMETRIC_PRESENTATION_REPRESENTATION (  '', ( #1433 ), #3259 ) ;
#5788 = DIRECTION ( 'NONE',  ( -1.000000000000000000, 0.000000000000000000, -0.000000000000000000 ) ) ;
#5789 = CARTESIAN_POINT ( 'NONE',  ( -3.509999999999998899, -3.399999999999995026, -3.909999999999999254 ) ) ;
#5790 = DIRECTION ( 'NONE',  ( 1.000000000000000000, 0.000000000000000000, 0.000000000000000000 ) ) ;
#5791 = FACE_OUTER_BOUND ( 'NONE', #1535, .T. ) ;
#5792 = ORIENTED_EDGE ( 'NONE', *, *, #1092, .T. ) ;
#5793 = VECTOR ( 'NONE', #1966, 1000.000000000000000 ) ;
#5794 = DIRECTION ( 'NONE',  ( -0.9578262852211519851, 0.2873478855663433862, 0.000000000000000000 ) ) ;
#5795 = LINE ( 'NONE', #49, #1559 ) ;
#5796 = DIRECTION ( 'NONE',  ( -0.000000000000000000, -1.000000000000000000, -0.000000000000000000 ) ) ;
#5797 =( LENGTH_UNIT ( ) NAMED_UNIT ( * ) SI_UNIT ( .MILLI., .METRE. ) );
#5798 = ORIENTED_EDGE ( 'NONE', *, *, #1261, .F. ) ;
#5799 = CARTESIAN_POINT ( 'NONE',  ( 7.620000000000000107, 0.6999999999999999556, 0.000000000000000000 ) ) ;
#5800 = DIRECTION ( 'NONE',  ( 0.000000000000000000, 1.000000000000000000, 3.469446951953613006E-15 ) ) ;
#5801 = AXIS2_PLACEMENT_3D ( 'NONE', #3777, #3320, #62 ) ;
#5802 = ORIENTED_EDGE ( 'NONE', *, *, #3233, .F. ) ;
#5803 = CARTESIAN_POINT ( 'NONE',  ( -3.509999999999998899, -8.432455532033678480, 3.710000000000000409 ) ) ;
#5804 = DIRECTION ( 'NONE',  ( 0.000000000000000000, 0.000000000000000000, -1.000000000000000000 ) ) ;
#5805 = DIRECTION ( 'NONE',  ( -1.000000000000000000, 0.000000000000000000, -1.445602896647340692E-15 ) ) ;
#5806 = FACE_OUTER_BOUND ( 'NONE', #5845, .T. ) ;
#5807 = DIRECTION ( 'NONE',  ( 1.000000000000000000, 0.000000000000000000, 0.000000000000000000 ) ) ;
#5808 = FACE_OUTER_BOUND ( 'NONE', #3115, .T. ) ;
#5809 = SURFACE_STYLE_FILL_AREA ( #5037 ) ;
#5810 = ORIENTED_EDGE ( 'NONE', *, *, #5513, .F. ) ;
#5811 = PRESENTATION_LAYER_ASSIGNMENT (  '', '', ( #1013 ) ) ;
#5812 = DIRECTION ( 'NONE',  ( 0.000000000000000000, 0.000000000000000000, -1.000000000000000000 ) ) ;
#5813 = EDGE_CURVE ( 'NONE', #3568, #193, #3575, .T. ) ;
#5814 = DIRECTION ( 'NONE',  ( -1.000000000000000000, -0.000000000000000000, 0.000000000000000000 ) ) ;
#5815 = COLOUR_RGB ( '',0.7921568627450980005, 0.8196078431372548767, 0.9333333333333333481 ) ;
#5816 = ORIENTED_EDGE ( 'NONE', *, *, #6131, .F. ) ;
#5817 = DIRECTION ( 'NONE',  ( 1.000000000000000000, 0.000000000000000000, 7.228014483236692611E-16 ) ) ;
#5818 = LINE ( 'NONE', #1526, #1708 ) ;
#5819 = FILL_AREA_STYLE ('',( #3967 ) ) ;
#5820 = ORIENTED_EDGE ( 'NONE', *, *, #5489, .F. ) ;
#5821 =( GEOMETRIC_REPRESENTATION_CONTEXT ( 3 ) GLOBAL_UNCERTAINTY_ASSIGNED_CONTEXT ( ( #978 ) ) GLOBAL_UNIT_ASSIGNED_CONTEXT ( ( #1505, #5285, #3944 ) ) REPRESENTATION_CONTEXT ( 'NONE', 'WORKASPACE' ) );
#5822 = ORIENTED_EDGE ( 'NONE', *, *, #442, .F. ) ;
#5823 = ORIENTED_EDGE ( 'NONE', *, *, #3385, .T. ) ;
#5824 = COLOUR_RGB ( '',0.7921568627450980005, 0.8196078431372548767, 0.9333333333333333481 ) ;
#5825 = DIRECTION ( 'NONE',  ( 0.000000000000000000, 0.000000000000000000, -1.000000000000000000 ) ) ;
#5826 = EDGE_LOOP ( 'NONE', ( #4732, #2578, #5506, #5735 ) ) ;
#5827 = DIRECTION ( 'NONE',  ( -0.000000000000000000, 1.000000000000000000, -0.000000000000000000 ) ) ;
#5828 = EDGE_LOOP ( 'NONE', ( #1740, #3683, #2327, #5161 ) ) ;
#5829 = EDGE_CURVE ( 'NONE', #5174, #5449, #3666, .T. ) ;
#5830 = FILL_AREA_STYLE ('',( #5318 ) ) ;
#5831 = EDGE_LOOP ( 'NONE', ( #1426, #4753, #3544, #4828, #1586, #4574 ) ) ;
#5832 = DIRECTION ( 'NONE',  ( 1.000000000000000000, -0.000000000000000000, -0.000000000000000000 ) ) ;
#5833 = FILL_AREA_STYLE ('',( #1543 ) ) ;
#5834 = ORIENTED_EDGE ( 'NONE', *, *, #4557, .T. ) ;
#5835 = MECHANICAL_DESIGN_GEOMETRIC_PRESENTATION_REPRESENTATION (  '', ( #3516 ), #5203 ) ;
#5836 = EDGE_CURVE ( 'NONE', #4634, #5529, #1597, .T. ) ;
#5837 = MECHANICAL_DESIGN_GEOMETRIC_PRESENTATION_REPRESENTATION (  '', ( #455 ), #3311 ) ;
#5838 = ORIENTED_EDGE ( 'NONE', *, *, #4772, .T. ) ;
#5839 = VECTOR ( 'NONE', #2544, 1000.000000000000000 ) ;
#5840 = PRESENTATION_STYLE_ASSIGNMENT (( #5860 ) ) ;
#5841 = CARTESIAN_POINT ( 'NONE',  ( -4.109999999999999432, 0.6999999999999999556, 3.710000000000000409 ) ) ;
#5842 = CARTESIAN_POINT ( 'NONE',  ( -0.6199999999999985523, 5.200000000000000178, 1.800000000000000044 ) ) ;
#5843 = CARTESIAN_POINT ( 'NONE',  ( 3.160000000000001474, 10.26155281280883003, 1.800000000000000044 ) ) ;
#5844 = VECTOR ( 'NONE', #6076, 1000.000000000000000 ) ;
#5845 = EDGE_LOOP ( 'NONE', ( #5272, #4547, #1004, #3679 ) ) ;
#5846 = EDGE_CURVE ( 'NONE', #3181, #4362, #5818, .T. ) ;
#5847 = SURFACE_STYLE_USAGE ( .BOTH. , #1422 ) ;
#5848 = EDGE_LOOP ( 'NONE', ( #86, #2526, #4400, #3225, #303, #2355 ) ) ;
#5849 =( LENGTH_UNIT ( ) NAMED_UNIT ( * ) SI_UNIT ( .MILLI., .METRE. ) );
#5850 =( NAMED_UNIT ( * ) SI_UNIT ( $, .STERADIAN. ) SOLID_ANGLE_UNIT ( ) );
#5851 = CARTESIAN_POINT ( 'NONE',  ( -1.569999999999998952, 0.6999999999999999556, 3.710000000000000409 ) ) ;
#5852 = VECTOR ( 'NONE', #972, 1000.000000000000000 ) ;
#5853 = DIRECTION ( 'NONE',  ( 0.000000000000000000, -0.000000000000000000, 1.000000000000000000 ) ) ;
#5854 = EDGE_CURVE ( 'NONE', #4036, #2341, #1609, .T. ) ;
#5855 = PRESENTATION_STYLE_ASSIGNMENT (( #626 ) ) ;
#5856 = VERTEX_POINT ( 'NONE', #5630 ) ;
#5857 = PRESENTATION_LAYER_ASSIGNMENT (  '', '', ( #555 ) ) ;
#5858 = COLOUR_RGB ( '',1.000000000000000000, 0.8117647058823529438, 0.5019607843137254832 ) ;
#5859 = VERTEX_POINT ( 'NONE', #1919 ) ;
#5860 = SURFACE_STYLE_USAGE ( .BOTH. , #1121 ) ;
#5861 = PRESENTATION_LAYER_ASSIGNMENT (  '', '', ( #4725 ) ) ;
#5862 = ORIENTED_EDGE ( 'NONE', *, *, #3577, .F. ) ;
#5863 = CARTESIAN_POINT ( 'NONE',  ( -3.509999999999998899, -3.399999999999995026, -3.909999999999999254 ) ) ;
#5864 = VERTEX_POINT ( 'NONE', #1032 ) ;
#5865 = PRESENTATION_STYLE_ASSIGNMENT (( #5054 ) ) ;
#5866 = PRESENTATION_STYLE_ASSIGNMENT (( #5028 ) ) ;
#5867 = SURFACE_STYLE_USAGE ( .BOTH. , #1399 ) ;
#5868 = ORIENTED_EDGE ( 'NONE', *, *, #1410, .F. ) ;
#5869 = COLOUR_RGB ( '',1.000000000000000000, 0.8117647058823529438, 0.5019607843137254832 ) ;
#5870 = CARTESIAN_POINT ( 'NONE',  ( 0.9700000000000020828, 0.6999999999999999556, -3.910000000000000142 ) ) ;
#5871 = LINE ( 'NONE', #2326, #3770 ) ;
#5872 = LINE ( 'NONE', #4955, #5642 ) ;
#5873 = EDGE_LOOP ( 'NONE', ( #1833, #5966, #5927, #1807 ) ) ;
#5874 = ORIENTED_EDGE ( 'NONE', *, *, #2619, .T. ) ;
#5875 = SURFACE_STYLE_FILL_AREA ( #247 ) ;
#5876 = CARTESIAN_POINT ( 'NONE',  ( -5.380000000000000782, 2.600000000000000533, -2.199999999999999734 ) ) ;
#5877 = CARTESIAN_POINT ( 'NONE',  ( -3.509999999999998899, -3.399999999999995026, -3.909999999999999254 ) ) ;
#5878 = ORIENTED_EDGE ( 'NONE', *, *, #2968, .T. ) ;
#5879 = CARTESIAN_POINT ( 'NONE',  ( 3.510000000000002007, 0.6999999999999999556, -3.910000000000000142 ) ) ;
#5880 = CARTESIAN_POINT ( 'NONE',  ( -5.080000000000000959, 0.4000000000000080158, -2.700000000000001954 ) ) ;
#5881 = VECTOR ( 'NONE', #4776, 1000.000000000000000 ) ;
#5882 =( GEOMETRIC_REPRESENTATION_CONTEXT ( 3 ) GLOBAL_UNCERTAINTY_ASSIGNED_CONTEXT ( ( #4865 ) ) GLOBAL_UNIT_ASSIGNED_CONTEXT ( ( #2384, #1518, #2732 ) ) REPRESENTATION_CONTEXT ( 'NONE', 'WORKASPACE' ) );
#5883 = VECTOR ( 'NONE', #2688, 1000.000000000000000 ) ;
#5884 = ADVANCED_FACE ( 'NONE', ( #1621 ), #5132, .T. ) ;
#5885 = ORIENTED_EDGE ( 'NONE', *, *, #2304, .F. ) ;
#5886 = PRESENTATION_LAYER_ASSIGNMENT (  '', '', ( #2884 ) ) ;
#5887 = LINE ( 'NONE', #1104, #3850 ) ;
#5888 = ORIENTED_EDGE ( 'NONE', *, *, #2438, .T. ) ;
#5889 = CARTESIAN_POINT ( 'NONE',  ( 0.000000000000000000, 5.099999999999999645, 0.000000000000000000 ) ) ;
#5890 = DIRECTION ( 'NONE',  ( 0.000000000000000000, -0.000000000000000000, 1.000000000000000000 ) ) ;
#5891 = DIRECTION ( 'NONE',  ( 1.000000000000000000, 0.000000000000000000, 7.228014483236692611E-16 ) ) ;
#5892 = DIRECTION ( 'NONE',  ( 0.000000000000000000, 0.000000000000000000, -1.000000000000000000 ) ) ;
#5893 = LINE ( 'NONE', #3058, #1633 ) ;
#5894 = CARTESIAN_POINT ( 'NONE',  ( -5.580000000000000959, 0.2000000000000078937, -2.700000000000001510 ) ) ;
#5895 = VECTOR ( 'NONE', #4565, 1000.000000000000000 ) ;
#5896 = ADVANCED_FACE ( 'NONE', ( #1838 ), #3495, .F. ) ;
#5897 = UNCERTAINTY_MEASURE_WITH_UNIT (LENGTH_MEASURE( 1.000000000000000082E-05 ), #1050, 'distance_accuracy_value', 'NONE');
#5898 = EDGE_CURVE ( 'NONE', #3643, #1006, #5993, .T. ) ;
#5899 = DIRECTION ( 'NONE',  ( -0.000000000000000000, -1.000000000000000000, -0.000000000000000000 ) ) ;
#5900 = VECTOR ( 'NONE', #3151, 1000.000000000000000 ) ;
#5901 = CARTESIAN_POINT ( 'NONE',  ( 5.380000000000000782, 2.600000000000000533, -0.7999999999999999334 ) ) ;
#5902 = EDGE_CURVE ( 'NONE', #5311, #4665, #1844, .T. ) ;
#5903 = VECTOR ( 'NONE', #2891, 1000.000000000000114 ) ;
#5904 = LINE ( 'NONE', #716, #1795 ) ;
#5905 = DIRECTION ( 'NONE',  ( 1.000000000000000000, 0.000000000000000000, 7.228014483236692611E-16 ) ) ;
#5906 = LINE ( 'NONE', #2575, #1796 ) ;
#5907 = SURFACE_STYLE_USAGE ( .BOTH. , #1728 ) ;
#5908 = MECHANICAL_DESIGN_GEOMETRIC_PRESENTATION_REPRESENTATION (  '', ( #4691 ), #4243 ) ;
#5909 = DIRECTION ( 'NONE',  ( -0.000000000000000000, 1.000000000000000000, -0.000000000000000000 ) ) ;
#5910 = VECTOR ( 'NONE', #2547, 1000.000000000000000 ) ;
#5911 = ORIENTED_EDGE ( 'NONE', *, *, #54, .T. ) ;
#5912 = MANIFOLD_SOLID_BREP ( 'Cut-Extrude5', #3945 ) ;
#5913 = SURFACE_STYLE_FILL_AREA ( #5456 ) ;
#5914 = EDGE_CURVE ( 'NONE', #3102, #3096, #5906, .T. ) ;
#5915 = PRESENTATION_STYLE_ASSIGNMENT (( #5543 ) ) ;
#5916 = DIRECTION ( 'NONE',  ( 1.000000000000000000, 0.000000000000000000, 1.445602896647340692E-15 ) ) ;
#5917 = LINE ( 'NONE', #3034, #1814 ) ;
#5918 = VECTOR ( 'NONE', #512, 1000.000000000000000 ) ;
#5919 = SURFACE_SIDE_STYLE ('',( #1843 ) ) ;
#5920 = EDGE_LOOP ( 'NONE', ( #5453, #3420, #1094, #411, #2568, #3565, #3051, #2737, #1891, #3281 ) ) ;
#5921 = EDGE_CURVE ( 'NONE', #724, #4570, #1805, .T. ) ;
#5922 = AXIS2_PLACEMENT_3D ( 'NONE', #3171, #3764, #1152 ) ;
#5923 = CARTESIAN_POINT ( 'NONE',  ( 5.580000000000000959, 0.2000000000000078937, 2.700000000000005063 ) ) ;
#5924 = DIRECTION ( 'NONE',  ( 0.2873478855663425535, -0.9578262852211523182, -4.153909357201927924E-16 ) ) ;
#5925 = SURFACE_SIDE_STYLE ('',( #4219 ) ) ;
#5926 =( GEOMETRIC_REPRESENTATION_CONTEXT ( 3 ) GLOBAL_UNCERTAINTY_ASSIGNED_CONTEXT ( ( #1439 ) ) GLOBAL_UNIT_ASSIGNED_CONTEXT ( ( #5849, #5596, #6093 ) ) REPRESENTATION_CONTEXT ( 'NONE', 'WORKASPACE' ) );
#5927 = ORIENTED_EDGE ( 'NONE', *, *, #5737, .F. ) ;
#5928 = COLOUR_RGB ( '',1.000000000000000000, 0.8117647058823529438, 0.5019607843137254832 ) ;
#5929 = DIRECTION ( 'NONE',  ( 0.000000000000000000, -4.472333961502694746E-15, -1.000000000000000000 ) ) ;
#5930 = ORIENTED_EDGE ( 'NONE', *, *, #4761, .T. ) ;
#5931 = FILL_AREA_STYLE_COLOUR ( '', #1461 ) ;
#5932 = VERTEX_POINT ( 'NONE', #1620 ) ;
#5933 =( LENGTH_UNIT ( ) NAMED_UNIT ( * ) SI_UNIT ( .MILLI., .METRE. ) );
#5934 = DIRECTION ( 'NONE',  ( 0.000000000000000000, -0.000000000000000000, 1.000000000000000000 ) ) ;
#5935 = EDGE_CURVE ( 'NONE', #4442, #1598, #5917, .T. ) ;
#5936 = CARTESIAN_POINT ( 'NONE',  ( -3.159999999999998810, 5.200000000000000178, 1.800000000000000044 ) ) ;
#5937 = STYLED_ITEM ( 'NONE', ( #1421 ), #905 ) ;
#5938 = SURFACE_SIDE_STYLE ('',( #1352 ) ) ;
#5939 = CARTESIAN_POINT ( 'NONE',  ( -5.380000000000000782, 4.000000000000000000, 0.7999999999999974909 ) ) ;
#5940 = DIRECTION ( 'NONE',  ( 1.000000000000000000, 0.000000000000000000, 0.000000000000000000 ) ) ;
#5941 = FACE_OUTER_BOUND ( 'NONE', #5491, .T. ) ;
#5942 = ADVANCED_FACE ( 'NONE', ( #5941 ), #2483, .T. ) ;
#5943 = MECHANICAL_DESIGN_GEOMETRIC_PRESENTATION_REPRESENTATION (  '', ( #328 ), #3802 ) ;
#5944 =( NAMED_UNIT ( * ) SI_UNIT ( $, .STERADIAN. ) SOLID_ANGLE_UNIT ( ) );
#5945 = ORIENTED_EDGE ( 'NONE', *, *, #3971, .F. ) ;
#5946 = FACE_OUTER_BOUND ( 'NONE', #3172, .T. ) ;
#5947 = EDGE_LOOP ( 'NONE', ( #317, #2474, #5960, #4375 ) ) ;
#5948 = CARTESIAN_POINT ( 'NONE',  ( -1.569999999999998952, -3.399999999999995026, 3.910000000000000142 ) ) ;
#5949 = FILL_AREA_STYLE_COLOUR ( '', #1474 ) ;
#5950 = COLOUR_RGB ( '',1.000000000000000000, 0.8117647058823529438, 0.5019607843137254832 ) ;
#5951 = ORIENTED_EDGE ( 'NONE', *, *, #1480, .T. ) ;
#5952 = FILL_AREA_STYLE ('',( #4942 ) ) ;
#5953 = VECTOR ( 'NONE', #101, 1000.000000000000000 ) ;
#5954 = ORIENTED_EDGE ( 'NONE', *, *, #3358, .T. ) ;
#5955 = LINE ( 'NONE', #4044, #1837 ) ;
#5956 = DIRECTION ( 'NONE',  ( 0.000000000000000000, -1.703746271048650557E-15, -1.000000000000000000 ) ) ;
#5957 = EDGE_LOOP ( 'NONE', ( #939, #1601, #5447, #4756 ) ) ;
#5958 = DIRECTION ( 'NONE',  ( 0.000000000000000000, 1.000000000000000000, -0.000000000000000000 ) ) ;
#5959 = PLANE ( 'NONE',  #5249 ) ;
#5960 = ORIENTED_EDGE ( 'NONE', *, *, #1181, .F. ) ;
#5961 = DIRECTION ( 'NONE',  ( 0.000000000000000000, -0.000000000000000000, 1.000000000000000000 ) ) ;
#5962 =( LENGTH_UNIT ( ) NAMED_UNIT ( * ) SI_UNIT ( .MILLI., .METRE. ) );
#5963 = DIRECTION ( 'NONE',  ( 0.000000000000000000, -0.000000000000000000, -1.000000000000000000 ) ) ;
#5964 = LINE ( 'NONE', #6057, #4025 ) ;
#5965 = PRESENTATION_LAYER_ASSIGNMENT (  '', '', ( #3429 ) ) ;
#5966 = ORIENTED_EDGE ( 'NONE', *, *, #4618, .F. ) ;
#5967 = CARTESIAN_POINT ( 'NONE',  ( -4.109999999999999432, 0.6999999999999999556, -3.710000000000000409 ) ) ;
#5968 = DIRECTION ( 'NONE',  ( -1.000000000000000000, 0.000000000000000000, 0.000000000000000000 ) ) ;
#5969 = SURFACE_STYLE_FILL_AREA ( #5565 ) ;
#5970 = EDGE_LOOP ( 'NONE', ( #355, #50, #4507, #4382 ) ) ;
#5971 = PLANE ( 'NONE',  #166 ) ;
#5972 = LINE ( 'NONE', #5387, #3989 ) ;
#5973 = ORIENTED_EDGE ( 'NONE', *, *, #3037, .T. ) ;
#5974 =( GEOMETRIC_REPRESENTATION_CONTEXT ( 3 ) GLOBAL_UNCERTAINTY_ASSIGNED_CONTEXT ( ( #2757 ) ) GLOBAL_UNIT_ASSIGNED_CONTEXT ( ( #4162, #3216, #5089 ) ) REPRESENTATION_CONTEXT ( 'NONE', 'WORKASPACE' ) );
#5975 = UNCERTAINTY_MEASURE_WITH_UNIT (LENGTH_MEASURE( 1.000000000000000082E-05 ), #1468, 'distance_accuracy_value', 'NONE');
#5976 = DIRECTION ( 'NONE',  ( 0.000000000000000000, -1.000000000000000000, 0.000000000000000000 ) ) ;
#5977 = CARTESIAN_POINT ( 'NONE',  ( -4.109999999999999432, 0.6999999999999999556, 3.910000000000000142 ) ) ;
#5978 = DIRECTION ( 'NONE',  ( 1.000000000000000000, 0.000000000000000000, 0.000000000000000000 ) ) ;
#5979 = DIRECTION ( 'NONE',  ( 0.000000000000000000, 0.000000000000000000, -1.000000000000000000 ) ) ;
#5980 = ORIENTED_EDGE ( 'NONE', *, *, #5513, .T. ) ;
#5981 = EDGE_CURVE ( 'NONE', #4486, #3269, #3860, .T. ) ;
#5982 = EDGE_LOOP ( 'NONE', ( #5376, #5716, #1913, #4487 ) ) ;
#5983 = UNCERTAINTY_MEASURE_WITH_UNIT (LENGTH_MEASURE( 1.000000000000000082E-05 ), #1976, 'distance_accuracy_value', 'NONE');
#5984 =( NAMED_UNIT ( * ) SI_UNIT ( $, .STERADIAN. ) SOLID_ANGLE_UNIT ( ) );
#5985 = ORIENTED_EDGE ( 'NONE', *, *, #3749, .F. ) ;
#5986 =( NAMED_UNIT ( * ) SI_UNIT ( $, .STERADIAN. ) SOLID_ANGLE_UNIT ( ) );
#5987 = AXIS2_PLACEMENT_3D ( 'NONE', #1002, #2855, #1486 ) ;
#5988 = PRESENTATION_LAYER_ASSIGNMENT (  '', '', ( #682 ) ) ;
#5989 =( NAMED_UNIT ( * ) SI_UNIT ( $, .STERADIAN. ) SOLID_ANGLE_UNIT ( ) );
#5990 = SURFACE_STYLE_FILL_AREA ( #2594 ) ;
#5991 = DIRECTION ( 'NONE',  ( -1.000000000000000000, 0.000000000000000000, 0.000000000000000000 ) ) ;
#5992 =( NAMED_UNIT ( * ) SI_UNIT ( $, .STERADIAN. ) SOLID_ANGLE_UNIT ( ) );
#5993 = LINE ( 'NONE', #2096, #3912 ) ;
#5994 = ADVANCED_FACE ( 'NONE', ( #3958 ), #4734, .F. ) ;
#5995 = DIRECTION ( 'NONE',  ( 0.000000000000000000, -1.000000000000000000, 0.000000000000000000 ) ) ;
#5996 = VECTOR ( 'NONE', #2042, 1000.000000000000000 ) ;
#5997 = EDGE_LOOP ( 'NONE', ( #4532, #40, #1286, #2324 ) ) ;
#5998 = EDGE_CURVE ( 'NONE', #3624, #490, #3993, .T. ) ;
#5999 = VECTOR ( 'NONE', #5548, 1000.000000000000000 ) ;
#6000 = VERTEX_POINT ( 'NONE', #3854 ) ;
#6001 = PLANE ( 'NONE',  #3370 ) ;
#6002 = EDGE_CURVE ( 'NONE', #2452, #439, #3981, .T. ) ;
#6003 = FACE_OUTER_BOUND ( 'NONE', #5982, .T. ) ;
#6004 =( LENGTH_UNIT ( ) NAMED_UNIT ( * ) SI_UNIT ( .MILLI., .METRE. ) );
#6005 = STYLED_ITEM ( 'NONE', ( #666 ), #1714 ) ;
#6006 = ADVANCED_FACE ( 'NONE', ( #1867 ), #23, .T. ) ;
#6007 = CARTESIAN_POINT ( 'NONE',  ( -4.109999999999999432, -3.399999999999995026, 3.710000000000000409 ) ) ;
#6008 = LINE ( 'NONE', #5879, #1889 ) ;
#6009 =( NAMED_UNIT ( * ) SI_UNIT ( $, .STERADIAN. ) SOLID_ANGLE_UNIT ( ) );
#6010 = SURFACE_SIDE_STYLE ('',( #4937 ) ) ;
#6011 = LINE ( 'NONE', #4346, #4038 ) ;
#6012 = CARTESIAN_POINT ( 'NONE',  ( 5.080000000000000959, 0.6999999999999999556, 4.450000000000001066 ) ) ;
#6013 = SURFACE_STYLE_USAGE ( .BOTH. , #4956 ) ;
#6014 = SURFACE_STYLE_FILL_AREA ( #222 ) ;
#6015 = DIRECTION ( 'NONE',  ( -0.000000000000000000, 1.000000000000000000, -0.000000000000000000 ) ) ;
#6016 = STYLED_ITEM ( 'NONE', ( #4947 ), #871 ) ;
#6017 = CARTESIAN_POINT ( 'NONE',  ( -4.109999999999999432, -3.399999999999995026, 3.910000000000000142 ) ) ;
#6018 = SURFACE_SIDE_STYLE ('',( #5403 ) ) ;
#6019 = FACE_OUTER_BOUND ( 'NONE', #1307, .T. ) ;
#6020 = LINE ( 'NONE', #4787, #4063 ) ;
#6021 = CARTESIAN_POINT ( 'NONE',  ( 3.510000000000001119, -3.399999999999995026, 3.910000000000000142 ) ) ;
#6022 =( GEOMETRIC_REPRESENTATION_CONTEXT ( 3 ) GLOBAL_UNCERTAINTY_ASSIGNED_CONTEXT ( ( #5005 ) ) GLOBAL_UNIT_ASSIGNED_CONTEXT ( ( #1345, #2219, #1225 ) ) REPRESENTATION_CONTEXT ( 'NONE', 'WORKASPACE' ) );
#6023 = DIRECTION ( 'NONE',  ( -1.000000000000000000, 0.000000000000000000, -0.000000000000000000 ) ) ;
#6024 = FACE_OUTER_BOUND ( 'NONE', #1524, .T. ) ;
#6025 = CARTESIAN_POINT ( 'NONE',  ( 5.580000000000000959, 2.600000000000000533, 2.199999999999999734 ) ) ;
#6026 = EDGE_LOOP ( 'NONE', ( #752, #3196, #3684, #2729 ) ) ;
#6027 = LINE ( 'NONE', #653, #1851 ) ;
#6028 =( LENGTH_UNIT ( ) NAMED_UNIT ( * ) SI_UNIT ( .MILLI., .METRE. ) );
#6029 =( NAMED_UNIT ( * ) SI_UNIT ( $, .STERADIAN. ) SOLID_ANGLE_UNIT ( ) );
#6030 = CARTESIAN_POINT ( 'NONE',  ( 5.580000000000000959, 0.2000000000000078937, -2.700000000000001510 ) ) ;
#6031 = DIRECTION ( 'NONE',  ( 0.000000000000000000, 0.000000000000000000, 1.000000000000000000 ) ) ;
#6032 = FILL_AREA_STYLE ('',( #4103 ) ) ;
#6033 =( GEOMETRIC_REPRESENTATION_CONTEXT ( 3 ) GLOBAL_UNCERTAINTY_ASSIGNED_CONTEXT ( ( #3784 ) ) GLOBAL_UNIT_ASSIGNED_CONTEXT ( ( #3831, #1820, #2261 ) ) REPRESENTATION_CONTEXT ( 'NONE', 'WORKASPACE' ) );
#6034 = SURFACE_STYLE_FILL_AREA ( #28 ) ;
#6035 = CARTESIAN_POINT ( 'NONE',  ( 3.160000000000001030, 5.200000000000000178, -1.800000000000000044 ) ) ;
#6036 =( NAMED_UNIT ( * ) PLANE_ANGLE_UNIT ( ) SI_UNIT ( $, .RADIAN. ) );
#6037 = ADVANCED_FACE ( 'NONE', ( #1911 ), #5685, .T. ) ;
#6038 = MECHANICAL_DESIGN_GEOMETRIC_PRESENTATION_REPRESENTATION (  '', ( #4098 ), #5487 ) ;
#6039 = EDGE_CURVE ( 'NONE', #2574, #5615, #6047, .T. ) ;
#6040 = VECTOR ( 'NONE', #3972, 1000.000000000000000 ) ;
#6041 = DIRECTION ( 'NONE',  ( 0.000000000000000000, -0.000000000000000000, -1.000000000000000000 ) ) ;
#6042 = FILL_AREA_STYLE ('',( #2766 ) ) ;
#6043 = CIRCLE ( 'NONE', #2086, 0.2000000000000000944 ) ;
#6044 =( NAMED_UNIT ( * ) PLANE_ANGLE_UNIT ( ) SI_UNIT ( $, .RADIAN. ) );
#6045 = DIRECTION ( 'NONE',  ( -0.000000000000000000, 1.000000000000000000, -0.000000000000000000 ) ) ;
#6046 = UNCERTAINTY_MEASURE_WITH_UNIT (LENGTH_MEASURE( 1.000000000000000082E-05 ), #3091, 'distance_accuracy_value', 'NONE');
#6047 = LINE ( 'NONE', #6090, #1935 ) ;
#6048 = CARTESIAN_POINT ( 'NONE',  ( 3.510000000000001119, 0.6999999999999999556, 3.910000000000000142 ) ) ;
#6049 = ADVANCED_FACE ( 'NONE', ( #6058 ), #238, .F. ) ;
#6050 = MECHANICAL_DESIGN_GEOMETRIC_PRESENTATION_REPRESENTATION (  '', ( #5188 ), #4831 ) ;
#6051 =( GEOMETRIC_REPRESENTATION_CONTEXT ( 3 ) GLOBAL_UNCERTAINTY_ASSIGNED_CONTEXT ( ( #2962 ) ) GLOBAL_UNIT_ASSIGNED_CONTEXT ( ( #4353, #2848, #5769 ) ) REPRESENTATION_CONTEXT ( 'NONE', 'WORKASPACE' ) );
#6052 = CARTESIAN_POINT ( 'NONE',  ( 3.510000000000001119, -8.432455532033678480, 3.910000000000000142 ) ) ;
#6053 = PRESENTATION_STYLE_ASSIGNMENT (( #4915 ) ) ;
#6054 = DIRECTION ( 'NONE',  ( -0.000000000000000000, 1.000000000000000000, 0.000000000000000000 ) ) ;
#6055 = PRESENTATION_STYLE_ASSIGNMENT (( #4460 ) ) ;
#6056 =( NAMED_UNIT ( * ) PLANE_ANGLE_UNIT ( ) SI_UNIT ( $, .RADIAN. ) );
#6057 = CARTESIAN_POINT ( 'NONE',  ( 5.380000000000000782, 2.600000000000000533, -2.199999999999999734 ) ) ;
#6058 = FACE_OUTER_BOUND ( 'NONE', #3395, .T. ) ;
#6059 =( LENGTH_UNIT ( ) NAMED_UNIT ( * ) SI_UNIT ( .MILLI., .METRE. ) );
#6060 = LINE ( 'NONE', #3484, #5844 ) ;
#6061 = STYLED_ITEM ( 'NONE', ( #4430 ), #3244 ) ;
#6062 = STYLED_ITEM ( 'NONE', ( #5865 ), #6006 ) ;
#6063 =( LENGTH_UNIT ( ) NAMED_UNIT ( * ) SI_UNIT ( .MILLI., .METRE. ) );
#6064 = DIRECTION ( 'NONE',  ( 0.000000000000000000, 0.000000000000000000, 1.000000000000000000 ) ) ;
#6065 = SURFACE_STYLE_FILL_AREA ( #4977 ) ;
#6066 = EDGE_CURVE ( 'NONE', #1073, #4506, #2016, .T. ) ;
#6067 = DIRECTION ( 'NONE',  ( -0.2873478855663425535, 0.9578262852211523182, -2.076954678600963962E-16 ) ) ;
#6068 = DIRECTION ( 'NONE',  ( -0.000000000000000000, 1.000000000000000000, 0.000000000000000000 ) ) ;
#6069 = SURFACE_SIDE_STYLE ('',( #2682 ) ) ;
#6070 = LINE ( 'NONE', #2758, #2006 ) ;
#6071 = PRODUCT_DEFINITION_FORMATION_WITH_SPECIFIED_SOURCE ( 'ANY', '', #1952, .NOT_KNOWN. ) ;
#6072 = PRESENTATION_STYLE_ASSIGNMENT (( #989 ) ) ;
#6073 = EDGE_CURVE ( 'NONE', #3488, #5065, #2058, .T. ) ;
#6074 = FACE_OUTER_BOUND ( 'NONE', #5455, .T. ) ;
#6075 =( GEOMETRIC_REPRESENTATION_CONTEXT ( 3 ) GLOBAL_UNCERTAINTY_ASSIGNED_CONTEXT ( ( #2961 ) ) GLOBAL_UNIT_ASSIGNED_CONTEXT ( ( #1580, #783, #257 ) ) REPRESENTATION_CONTEXT ( 'NONE', 'WORKASPACE' ) );
#6076 = DIRECTION ( 'NONE',  ( -0.000000000000000000, 1.000000000000000000, -0.000000000000000000 ) ) ;
#6077 =( LENGTH_UNIT ( ) NAMED_UNIT ( * ) SI_UNIT ( .MILLI., .METRE. ) );
#6078 = SURFACE_SIDE_STYLE ('',( #718 ) ) ;
#6079 = VECTOR ( 'NONE', #5021, 1000.000000000000000 ) ;
#6080 = FILL_AREA_STYLE ('',( #5215 ) ) ;
#6081 = CARTESIAN_POINT ( 'NONE',  ( 3.510000000000001119, -3.399999999999997247, -3.710000000000000409 ) ) ;
#6082 = CARTESIAN_POINT ( 'NONE',  ( -3.159999999999998810, 5.099999999999999645, -1.800000000000000044 ) ) ;
#6083 = SURFACE_SIDE_STYLE ('',( #4696 ) ) ;
#6084 = AXIS2_PLACEMENT_3D ( 'NONE', #4531, #2532, #162 ) ;
#6085 = LINE ( 'NONE', #3260, #6151 ) ;
#6086 = CARTESIAN_POINT ( 'NONE',  ( 5.580000000000000959, 4.000000000000000000, 0.7999999999999974909 ) ) ;
#6087 = ADVANCED_FACE ( 'NONE', ( #4134 ), #4056, .T. ) ;
#6088 = DIRECTION ( 'NONE',  ( 0.000000000000000000, 0.000000000000000000, -1.000000000000000000 ) ) ;
#6089 = MECHANICAL_DESIGN_GEOMETRIC_PRESENTATION_REPRESENTATION (  '', ( #4989 ), #992 ) ;
#6090 = CARTESIAN_POINT ( 'NONE',  ( -1.569999999999998952, -3.399999999999995026, 3.710000000000000409 ) ) ;
#6091 = LINE ( 'NONE', #619, #1949 ) ;
#6092 = DIRECTION ( 'NONE',  ( -0.9578262852211519851, 0.2873478855663433862, 0.000000000000000000 ) ) ;
#6093 =( NAMED_UNIT ( * ) SI_UNIT ( $, .STERADIAN. ) SOLID_ANGLE_UNIT ( ) );
#6094 = PRODUCT_DEFINITION_SHAPE ( 'NONE', 'NONE',  #4910 ) ;
#6095 = LINE ( 'NONE', #1564, #1883 ) ;
#6096 = EDGE_CURVE ( 'NONE', #3430, #3727, #6085, .T. ) ;
#6097 = FILL_AREA_STYLE_COLOUR ( '', #4888 ) ;
#6098 = DIRECTION ( 'NONE',  ( -1.000000000000000000, -0.000000000000000000, -0.000000000000000000 ) ) ;
#6099 = SURFACE_STYLE_USAGE ( .BOTH. , #3732 ) ;
#6100 = CARTESIAN_POINT ( 'NONE',  ( -4.109999999999999432, -3.399999999999995026, 3.710000000000000409 ) ) ;
#6101 = PLANE ( 'NONE',  #2925 ) ;
#6102 = LINE ( 'NONE', #3589, #1975 ) ;
#6103 = PRESENTATION_LAYER_ASSIGNMENT (  '', '', ( #865 ) ) ;
#6104 = PLANE ( 'NONE',  #5270 ) ;
#6105 = EDGE_CURVE ( 'NONE', #1815, #713, #4077, .T. ) ;
#6106 = PRESENTATION_STYLE_ASSIGNMENT (( #6099 ) ) ;
#6107 = SURFACE_STYLE_USAGE ( .BOTH. , #1781 ) ;
#6108 = UNCERTAINTY_MEASURE_WITH_UNIT (LENGTH_MEASURE( 1.000000000000000082E-05 ), #5962, 'distance_accuracy_value', 'NONE');
#6109 = FILL_AREA_STYLE_COLOUR ( '', #1072 ) ;
#6110 = LINE ( 'NONE', #5260, #3813 ) ;
#6111 = DIRECTION ( 'NONE',  ( -0.000000000000000000, 1.000000000000000000, -0.000000000000000000 ) ) ;
#6112 = PLANE ( 'NONE',  #1341 ) ;
#6113 = MECHANICAL_DESIGN_GEOMETRIC_PRESENTATION_REPRESENTATION (  '', ( #4168 ), #1960 ) ;
#6114 = UNCERTAINTY_MEASURE_WITH_UNIT (LENGTH_MEASURE( 1.000000000000000082E-05 ), #1473, 'distance_accuracy_value', 'NONE');
#6115 =( NAMED_UNIT ( * ) PLANE_ANGLE_UNIT ( ) SI_UNIT ( $, .RADIAN. ) );
#6116 = PLANE ( 'NONE',  #3848 ) ;
#6117 = SURFACE_STYLE_FILL_AREA ( #5202 ) ;
#6118 = VECTOR ( 'NONE', #2430, 1000.000000000000000 ) ;
#6119 = PLANE ( 'NONE',  #668 ) ;
#6120 = EDGE_CURVE ( 'NONE', #1551, #3211, #4141, .T. ) ;
#6121 = DIRECTION ( 'NONE',  ( 0.000000000000000000, 0.000000000000000000, -1.000000000000000000 ) ) ;
#6122 = CARTESIAN_POINT ( 'NONE',  ( -0.6199999999999985523, 5.099999999999999645, 1.800000000000000044 ) ) ;
#6123 = STYLED_ITEM ( 'NONE', ( #5063 ), #3709 ) ;
#6124 = EDGE_CURVE ( 'NONE', #1603, #4388, #6168, .T. ) ;
#6125 = PLANE ( 'NONE',  #5987 ) ;
#6126 =( GEOMETRIC_REPRESENTATION_CONTEXT ( 3 ) GLOBAL_UNCERTAINTY_ASSIGNED_CONTEXT ( ( #4412 ) ) GLOBAL_UNIT_ASSIGNED_CONTEXT ( ( #5767, #1874, #5304 ) ) REPRESENTATION_CONTEXT ( 'NONE', 'WORKASPACE' ) );
#6127 = SURFACE_STYLE_FILL_AREA ( #838 ) ;
#6128 = FACE_OUTER_BOUND ( 'NONE', #4204, .T. ) ;
#6129 = VECTOR ( 'NONE', #2278, 1000.000000000000000 ) ;
#6130 = ADVANCED_FACE ( 'NONE', ( #4166 ), #4514, .F. ) ;
#6131 = EDGE_CURVE ( 'NONE', #517, #2390, #2129, .T. ) ;
#6132 = DIRECTION ( 'NONE',  ( 1.000000000000000000, -0.000000000000000000, -0.000000000000000000 ) ) ;
#6133 = DIRECTION ( 'NONE',  ( 0.000000000000000000, 3.469446951953613006E-15, 1.000000000000000000 ) ) ;
#6134 =( NAMED_UNIT ( * ) PLANE_ANGLE_UNIT ( ) SI_UNIT ( $, .RADIAN. ) );
#6135 = CARTESIAN_POINT ( 'NONE',  ( -4.109999999999999432, -8.432455532033678480, 3.910000000000000142 ) ) ;
#6136 = EDGE_CURVE ( 'NONE', #3654, #2858, #18, .T. ) ;
#6137 = MECHANICAL_DESIGN_GEOMETRIC_PRESENTATION_REPRESENTATION (  '', ( #4066 ), #2311 ) ;
#6138 = CARTESIAN_POINT ( 'NONE',  ( -5.080000000000000959, 0.6999999999999999556, 4.450000000000001066 ) ) ;
#6139 = STYLED_ITEM ( 'NONE', ( #2660 ), #4931 ) ;
#6140 = DIRECTION ( 'NONE',  ( -0.000000000000000000, -0.000000000000000000, 1.000000000000000000 ) ) ;
#6141 = FILL_AREA_STYLE_COLOUR ( '', #3245 ) ;
#6142 =( NAMED_UNIT ( * ) SI_UNIT ( $, .STERADIAN. ) SOLID_ANGLE_UNIT ( ) );
#6143 = DIRECTION ( 'NONE',  ( 0.000000000000000000, 1.000000000000000000, 0.000000000000000000 ) ) ;
#6144 = PLANE ( 'NONE',  #2084 ) ;
#6145 = CARTESIAN_POINT ( 'NONE',  ( 3.510000000000002007, 0.6999999999999999556, -3.910000000000000142 ) ) ;
#6146 = LINE ( 'NONE', #4845, #19 ) ;
#6147 = FILL_AREA_STYLE ('',( #4237 ) ) ;
#6148 = ADVANCED_FACE ( 'NONE', ( #4045 ), #2614, .T. ) ;
#6149 = DIRECTION ( 'NONE',  ( -4.336808689942016158E-15, 0.000000000000000000, 1.000000000000000000 ) ) ;
#6150 = SURFACE_STYLE_USAGE ( .BOTH. , #1364 ) ;
#6151 = VECTOR ( 'NONE', #4157, 1000.000000000000000 ) ;
#6152 = PRESENTATION_LAYER_ASSIGNMENT (  '', '', ( #4287 ) ) ;
#6153 = MECHANICAL_DESIGN_GEOMETRIC_PRESENTATION_REPRESENTATION (  '', ( #5011 ), #3648 ) ;
#6154 = VECTOR ( 'NONE', #1260, 1000.000000000000000 ) ;
#6155 =( LENGTH_UNIT ( ) NAMED_UNIT ( * ) SI_UNIT ( .MILLI., .METRE. ) );
#6156 =( LENGTH_UNIT ( ) NAMED_UNIT ( * ) SI_UNIT ( .MILLI., .METRE. ) );
#6157 = PRESENTATION_STYLE_ASSIGNMENT (( #5421 ) ) ;
#6158 = CARTESIAN_POINT ( 'NONE',  ( -1.919999999999998597, 6.950000000000000178, 0.1999999999999998723 ) ) ;
#6159 = CARTESIAN_POINT ( 'NONE',  ( -5.080000000000000959, 0.2000000000000083655, -2.500000000000001332 ) ) ;
#6160 = AXIS2_PLACEMENT_3D ( 'NONE', #1783, #7, #3200 ) ;
#6161 = LINE ( 'NONE', #6138, #2052 ) ;
#6162 = EDGE_CURVE ( 'NONE', #3312, #3538, #47, .T. ) ;
#6163 = VECTOR ( 'NONE', #721, 1000.000000000000000 ) ;
#6164 = ADVANCED_FACE ( 'NONE', ( #2025 ), #5148, .F. ) ;
#6165 = UNCERTAINTY_MEASURE_WITH_UNIT (LENGTH_MEASURE( 1.000000000000000082E-05 ), #2169, 'distance_accuracy_value', 'NONE');
#6166 = CARTESIAN_POINT ( 'NONE',  ( 4.110000000000001208, -3.399999999999995026, -3.909999999999999254 ) ) ;
#6167 = EDGE_CURVE ( 'NONE', #1262, #3488, #2217, .T. ) ;
#6168 = LINE ( 'NONE', #6021, #4114 ) ;
#6169 = CARTESIAN_POINT ( 'NONE',  ( -1.569999999999998952, -8.432455532033678480, 3.710000000000000409 ) ) ;
ENDSEC;
END-ISO-10303-21;
