ISO-10303-21;
HEADER;
FILE_DESCRIPTION( ( 'STEP AP214' ), '1' );
FILE_NAME( 'C:/Users/KMIROS~1/AppData/Local/Temp/psolqas1358448323.stp', '2019-01-28T12:58:44', ( '' ), ( '' ), ' ', 'PARTsolutions', ' ' );
FILE_SCHEMA( ( 'AUTOMOTIVE_DESIGN { 1 0 10303 214 1 1 1 1 }' ) );
ENDSEC;
DATA;
#1 = PRODUCT_DEFINITION_CONTEXT( '', #9, 'design' );
#2 = APPLICATION_PROTOCOL_DEFINITION( 'international standard', 'automotive_design', 2001, #9 );
#3 = PRODUCT_CATEGORY_RELATIONSHIP( 'NONE', 'NONE', #10, #11 );
#4 = SHAPE_DEFINITION_REPRESENTATION( #12, #13 );
#5 =  ( GEOMETRIC_REPRESENTATION_CONTEXT( 3 )GLOBAL_UNCERTAINTY_ASSIGNED_CONTEXT( ( #16 ) )GLOBAL_UNIT_ASSIGNED_CONTEXT( ( #18, #19, #20 ) )REPRESENTATION_CONTEXT( 'NONE', 'WORKSPACE' ) );
#9 = APPLICATION_CONTEXT( 'core data for automotive mechanical design processes' );
#10 = PRODUCT_CATEGORY( 'part', 'NONE' );
#11 = PRODUCT_RELATED_PRODUCT_CATEGORY( 'detail', ' ', ( #22 ) );
#12 = PRODUCT_DEFINITION_SHAPE( 'NONE', 'NONE', #23 );
#13 = ADVANCED_BREP_SHAPE_REPRESENTATION( '1', ( #24, #25 ), #5 );
#16 = UNCERTAINTY_MEASURE_WITH_UNIT( LENGTH_MEASURE( 1.00000000000000E-06 ), #18, '', '' );
#18 =  ( CONVERSION_BASED_UNIT( 'METRE', #28 )LENGTH_UNIT(  )NAMED_UNIT( #31 ) );
#19 =  ( NAMED_UNIT( #33 )PLANE_ANGLE_UNIT(  )SI_UNIT( $, .RADIAN. ) );
#20 =  ( NAMED_UNIT( #33 )SI_UNIT( $, .STERADIAN. )SOLID_ANGLE_UNIT(  ) );
#22 = PRODUCT( '1', '1', 'PART-1-DESC', ( #39 ) );
#23 = PRODUCT_DEFINITION( 'NONE', 'NONE', #40, #1 );
#24 = MANIFOLD_SOLID_BREP( '1', #41 );
#25 = AXIS2_PLACEMENT_3D( '', #42, #43, #44 );
#28 = LENGTH_MEASURE_WITH_UNIT( LENGTH_MEASURE( 1.00000000000000 ), #45 );
#31 = DIMENSIONAL_EXPONENTS( 1.00000000000000, 0.000000000000000, 0.000000000000000, 0.000000000000000, 0.000000000000000, 0.000000000000000, 0.000000000000000 );
#33 = DIMENSIONAL_EXPONENTS( 0.000000000000000, 0.000000000000000, 0.000000000000000, 0.000000000000000, 0.000000000000000, 0.000000000000000, 0.000000000000000 );
#39 = PRODUCT_CONTEXT( '', #9, 'mechanical' );
#40 = PRODUCT_DEFINITION_FORMATION_WITH_SPECIFIED_SOURCE( ' ', 'NONE', #22, .NOT_KNOWN. );
#41 = CLOSED_SHELL( '', ( #46, #47, #48, #49, #50, #51, #52, #53, #54, #55, #56, #57, #58, #59, #60, #61, #62, #63, #64, #65, #66, #67, #68, #69, #70, #71, #72, #73, #74, #75, #76, #77, #78, #79, #80, #81, #82, #83, #84, #85, #86, #87, #88, #89, #90, #91, #92, #93, #94, #95, #96, #97, #98, #99, #100, #101, #102, #103, #104, #105, #106, #107, #108, #109, #110, #111, #112, #113, #114, #115, #116, #117, #118, #119, #120, #121, #122, #123, #124, #125, #126, #127, #128, #129, #130, #131, #132, #133, #134, #135, #136, #137, #138, #139, #140, #141, #142, #143, #144, #145, #146, #147, #148, #149, #150, #151, #152, #153, #154, #155, #156, #157, #158, #159, #160, #161, #162, #163, #164, #165, #166, #167, #168, #169, #170, #171, #172, #173, #174, #175, #176, #177, #178, #179, #180, #181, #182, #183, #184, #185, #186, #187, #188, #189, #190, #191, #192, #193, #194, #195, #196, #197, #198, #199, #200, #201, #202, #203, #204, #205, #206, #207, #208, #209, #210, #211 ) );
#42 = CARTESIAN_POINT( '', ( 0.000000000000000, 0.000000000000000, 0.000000000000000 ) );
#43 = DIRECTION( '', ( 0.000000000000000, 0.000000000000000, 1.00000000000000 ) );
#44 = DIRECTION( '', ( 1.00000000000000, 0.000000000000000, 0.000000000000000 ) );
#45 =  ( LENGTH_UNIT(  )NAMED_UNIT( #31 )SI_UNIT( $, .METRE. ) );
#46 = ADVANCED_FACE( '', ( #213, #214, #215, #216, #217, #218, #219, #220, #221, #222, #223, #224, #225, #226 ), #227, .F. );
#47 = ADVANCED_FACE( '', ( #228 ), #229, .T. );
#48 = ADVANCED_FACE( '', ( #230 ), #231, .T. );
#49 = ADVANCED_FACE( '', ( #232 ), #233, .T. );
#50 = ADVANCED_FACE( '', ( #234, #235 ), #236, .T. );
#51 = ADVANCED_FACE( '', ( #237 ), #238, .T. );
#52 = ADVANCED_FACE( '', ( #239 ), #240, .T. );
#53 = ADVANCED_FACE( '', ( #241 ), #242, .T. );
#54 = ADVANCED_FACE( '', ( #243 ), #244, .T. );
#55 = ADVANCED_FACE( '', ( #245 ), #246, .F. );
#56 = ADVANCED_FACE( '', ( #247 ), #248, .T. );
#57 = ADVANCED_FACE( '', ( #249 ), #250, .T. );
#58 = ADVANCED_FACE( '', ( #251 ), #252, .F. );
#59 = ADVANCED_FACE( '', ( #253 ), #254, .T. );
#60 = ADVANCED_FACE( '', ( #255, #256 ), #257, .F. );
#61 = ADVANCED_FACE( '', ( #258 ), #259, .T. );
#62 = ADVANCED_FACE( '', ( #260, #261 ), #262, .F. );
#63 = ADVANCED_FACE( '', ( #263 ), #264, .T. );
#64 = ADVANCED_FACE( '', ( #265, #266 ), #267, .F. );
#65 = ADVANCED_FACE( '', ( #268 ), #269, .F. );
#66 = ADVANCED_FACE( '', ( #270 ), #271, .F. );
#67 = ADVANCED_FACE( '', ( #272 ), #273, .F. );
#68 = ADVANCED_FACE( '', ( #274 ), #275, .T. );
#69 = ADVANCED_FACE( '', ( #276 ), #277, .T. );
#70 = ADVANCED_FACE( '', ( #278 ), #279, .F. );
#71 = ADVANCED_FACE( '', ( #280 ), #281, .T. );
#72 = ADVANCED_FACE( '', ( #282 ), #283, .T. );
#73 = ADVANCED_FACE( '', ( #284 ), #285, .T. );
#74 = ADVANCED_FACE( '', ( #286, #287 ), #288, .F. );
#75 = ADVANCED_FACE( '', ( #289 ), #290, .F. );
#76 = ADVANCED_FACE( '', ( #291, #292 ), #293, .T. );
#77 = ADVANCED_FACE( '', ( #294 ), #295, .T. );
#78 = ADVANCED_FACE( '', ( #296 ), #297, .T. );
#79 = ADVANCED_FACE( '', ( #298 ), #299, .T. );
#80 = ADVANCED_FACE( '', ( #300 ), #301, .F. );
#81 = ADVANCED_FACE( '', ( #302 ), #303, .F. );
#82 = ADVANCED_FACE( '', ( #304 ), #305, .F. );
#83 = ADVANCED_FACE( '', ( #306, #307, #308, #309, #310, #311, #312, #313, #314, #315 ), #316, .T. );
#84 = ADVANCED_FACE( '', ( #317, #318 ), #319, .T. );
#85 = ADVANCED_FACE( '', ( #320 ), #321, .F. );
#86 = ADVANCED_FACE( '', ( #322 ), #323, .T. );
#87 = ADVANCED_FACE( '', ( #324 ), #325, .T. );
#88 = ADVANCED_FACE( '', ( #326, #327 ), #328, .T. );
#89 = ADVANCED_FACE( '', ( #329 ), #330, .T. );
#90 = ADVANCED_FACE( '', ( #331 ), #332, .T. );
#91 = ADVANCED_FACE( '', ( #333 ), #334, .T. );
#92 = ADVANCED_FACE( '', ( #335 ), #336, .F. );
#93 = ADVANCED_FACE( '', ( #337 ), #338, .T. );
#94 = ADVANCED_FACE( '', ( #339 ), #340, .T. );
#95 = ADVANCED_FACE( '', ( #341 ), #342, .T. );
#96 = ADVANCED_FACE( '', ( #343 ), #344, .T. );
#97 = ADVANCED_FACE( '', ( #345 ), #346, .T. );
#98 = ADVANCED_FACE( '', ( #347 ), #348, .T. );
#99 = ADVANCED_FACE( '', ( #349 ), #350, .T. );
#100 = ADVANCED_FACE( '', ( #351 ), #352, .T. );
#101 = ADVANCED_FACE( '', ( #353 ), #354, .T. );
#102 = ADVANCED_FACE( '', ( #355 ), #356, .T. );
#103 = ADVANCED_FACE( '', ( #357 ), #358, .T. );
#104 = ADVANCED_FACE( '', ( #359 ), #360, .F. );
#105 = ADVANCED_FACE( '', ( #361 ), #362, .T. );
#106 = ADVANCED_FACE( '', ( #363 ), #364, .T. );
#107 = ADVANCED_FACE( '', ( #365 ), #366, .T. );
#108 = ADVANCED_FACE( '', ( #367 ), #368, .T. );
#109 = ADVANCED_FACE( '', ( #369 ), #370, .T. );
#110 = ADVANCED_FACE( '', ( #371 ), #372, .F. );
#111 = ADVANCED_FACE( '', ( #373 ), #374, .T. );
#112 = ADVANCED_FACE( '', ( #375 ), #376, .T. );
#113 = ADVANCED_FACE( '', ( #377, #378 ), #379, .F. );
#114 = ADVANCED_FACE( '', ( #380 ), #381, .T. );
#115 = ADVANCED_FACE( '', ( #382 ), #383, .F. );
#116 = ADVANCED_FACE( '', ( #384 ), #385, .T. );
#117 = ADVANCED_FACE( '', ( #386 ), #387, .T. );
#118 = ADVANCED_FACE( '', ( #388 ), #389, .T. );
#119 = ADVANCED_FACE( '', ( #390 ), #391, .T. );
#120 = ADVANCED_FACE( '', ( #392 ), #393, .T. );
#121 = ADVANCED_FACE( '', ( #394 ), #395, .T. );
#122 = ADVANCED_FACE( '', ( #396 ), #397, .F. );
#123 = ADVANCED_FACE( '', ( #398 ), #399, .F. );
#124 = ADVANCED_FACE( '', ( #400 ), #401, .T. );
#125 = ADVANCED_FACE( '', ( #402 ), #403, .F. );
#126 = ADVANCED_FACE( '', ( #404 ), #405, .T. );
#127 = ADVANCED_FACE( '', ( #406 ), #407, .F. );
#128 = ADVANCED_FACE( '', ( #408 ), #409, .F. );
#129 = ADVANCED_FACE( '', ( #410 ), #411, .T. );
#130 = ADVANCED_FACE( '', ( #412, #413, #414, #415 ), #416, .T. );
#131 = ADVANCED_FACE( '', ( #417 ), #418, .F. );
#132 = ADVANCED_FACE( '', ( #419 ), #420, .F. );
#133 = ADVANCED_FACE( '', ( #421 ), #422, .T. );
#134 = ADVANCED_FACE( '', ( #423 ), #424, .T. );
#135 = ADVANCED_FACE( '', ( #425 ), #426, .T. );
#136 = ADVANCED_FACE( '', ( #427 ), #428, .T. );
#137 = ADVANCED_FACE( '', ( #429 ), #430, .T. );
#138 = ADVANCED_FACE( '', ( #431 ), #432, .T. );
#139 = ADVANCED_FACE( '', ( #433 ), #434, .T. );
#140 = ADVANCED_FACE( '', ( #435 ), #436, .T. );
#141 = ADVANCED_FACE( '', ( #437 ), #438, .T. );
#142 = ADVANCED_FACE( '', ( #439 ), #440, .T. );
#143 = ADVANCED_FACE( '', ( #441 ), #442, .T. );
#144 = ADVANCED_FACE( '', ( #443 ), #444, .T. );
#145 = ADVANCED_FACE( '', ( #445 ), #446, .T. );
#146 = ADVANCED_FACE( '', ( #447 ), #448, .T. );
#147 = ADVANCED_FACE( '', ( #449, #450 ), #451, .T. );
#148 = ADVANCED_FACE( '', ( #452, #453 ), #454, .T. );
#149 = ADVANCED_FACE( '', ( #455, #456, #457, #458 ), #459, .T. );
#150 = ADVANCED_FACE( '', ( #460 ), #461, .T. );
#151 = ADVANCED_FACE( '', ( #462 ), #463, .T. );
#152 = ADVANCED_FACE( '', ( #464 ), #465, .T. );
#153 = ADVANCED_FACE( '', ( #466 ), #467, .T. );
#154 = ADVANCED_FACE( '', ( #468 ), #469, .T. );
#155 = ADVANCED_FACE( '', ( #470 ), #471, .F. );
#156 = ADVANCED_FACE( '', ( #472 ), #473, .F. );
#157 = ADVANCED_FACE( '', ( #474 ), #475, .T. );
#158 = ADVANCED_FACE( '', ( #476 ), #477, .T. );
#159 = ADVANCED_FACE( '', ( #478 ), #479, .T. );
#160 = ADVANCED_FACE( '', ( #480 ), #481, .F. );
#161 = ADVANCED_FACE( '', ( #482, #483 ), #484, .T. );
#162 = ADVANCED_FACE( '', ( #485, #486 ), #487, .T. );
#163 = ADVANCED_FACE( '', ( #488 ), #489, .T. );
#164 = ADVANCED_FACE( '', ( #490 ), #491, .T. );
#165 = ADVANCED_FACE( '', ( #492 ), #493, .T. );
#166 = ADVANCED_FACE( '', ( #494 ), #495, .T. );
#167 = ADVANCED_FACE( '', ( #496, #497 ), #498, .F. );
#168 = ADVANCED_FACE( '', ( #499 ), #500, .T. );
#169 = ADVANCED_FACE( '', ( #501 ), #502, .T. );
#170 = ADVANCED_FACE( '', ( #503 ), #504, .T. );
#171 = ADVANCED_FACE( '', ( #505 ), #506, .T. );
#172 = ADVANCED_FACE( '', ( #507 ), #508, .F. );
#173 = ADVANCED_FACE( '', ( #509 ), #510, .F. );
#174 = ADVANCED_FACE( '', ( #511 ), #512, .T. );
#175 = ADVANCED_FACE( '', ( #513 ), #514, .T. );
#176 = ADVANCED_FACE( '', ( #515 ), #516, .F. );
#177 = ADVANCED_FACE( '', ( #517 ), #518, .T. );
#178 = ADVANCED_FACE( '', ( #519 ), #520, .T. );
#179 = ADVANCED_FACE( '', ( #521 ), #522, .T. );
#180 = ADVANCED_FACE( '', ( #523, #524 ), #525, .T. );
#181 = ADVANCED_FACE( '', ( #526 ), #527, .T. );
#182 = ADVANCED_FACE( '', ( #528 ), #529, .T. );
#183 = ADVANCED_FACE( '', ( #530 ), #531, .T. );
#184 = ADVANCED_FACE( '', ( #532 ), #533, .T. );
#185 = ADVANCED_FACE( '', ( #534 ), #535, .F. );
#186 = ADVANCED_FACE( '', ( #536 ), #537, .T. );
#187 = ADVANCED_FACE( '', ( #538 ), #539, .T. );
#188 = ADVANCED_FACE( '', ( #540 ), #541, .T. );
#189 = ADVANCED_FACE( '', ( #542 ), #543, .T. );
#190 = ADVANCED_FACE( '', ( #544 ), #545, .T. );
#191 = ADVANCED_FACE( '', ( #546 ), #547, .T. );
#192 = ADVANCED_FACE( '', ( #548 ), #549, .T. );
#193 = ADVANCED_FACE( '', ( #550 ), #551, .F. );
#194 = ADVANCED_FACE( '', ( #552 ), #553, .F. );
#195 = ADVANCED_FACE( '', ( #554 ), #555, .F. );
#196 = ADVANCED_FACE( '', ( #556 ), #557, .T. );
#197 = ADVANCED_FACE( '', ( #558 ), #559, .T. );
#198 = ADVANCED_FACE( '', ( #560 ), #561, .T. );
#199 = ADVANCED_FACE( '', ( #562 ), #563, .T. );
#200 = ADVANCED_FACE( '', ( #564 ), #565, .T. );
#201 = ADVANCED_FACE( '', ( #566 ), #567, .T. );
#202 = ADVANCED_FACE( '', ( #568 ), #569, .F. );
#203 = ADVANCED_FACE( '', ( #570 ), #571, .T. );
#204 = ADVANCED_FACE( '', ( #572 ), #573, .T. );
#205 = ADVANCED_FACE( '', ( #574, #575 ), #576, .F. );
#206 = ADVANCED_FACE( '', ( #577 ), #578, .T. );
#207 = ADVANCED_FACE( '', ( #579, #580 ), #581, .F. );
#208 = ADVANCED_FACE( '', ( #582, #583 ), #584, .F. );
#209 = ADVANCED_FACE( '', ( #585 ), #586, .T. );
#210 = ADVANCED_FACE( '', ( #587 ), #588, .T. );
#211 = ADVANCED_FACE( '', ( #589 ), #590, .T. );
#213 = FACE_OUTER_BOUND( '', #591, .T. );
#214 = FACE_BOUND( '', #592, .T. );
#215 = FACE_BOUND( '', #593, .T. );
#216 = FACE_BOUND( '', #594, .T. );
#217 = FACE_BOUND( '', #595, .T. );
#218 = FACE_BOUND( '', #596, .T. );
#219 = FACE_BOUND( '', #597, .T. );
#220 = FACE_BOUND( '', #598, .T. );
#221 = FACE_BOUND( '', #599, .T. );
#222 = FACE_BOUND( '', #600, .T. );
#223 = FACE_BOUND( '', #601, .T. );
#224 = FACE_BOUND( '', #602, .T. );
#225 = FACE_BOUND( '', #603, .T. );
#226 = FACE_BOUND( '', #604, .T. );
#227 = PLANE( '', #605 );
#228 = FACE_OUTER_BOUND( '', #606, .T. );
#229 = SURFACE_OF_LINEAR_EXTRUSION( '', #607, #608 );
#230 = FACE_OUTER_BOUND( '', #609, .T. );
#231 = SURFACE_OF_LINEAR_EXTRUSION( '', #610, #611 );
#232 = FACE_OUTER_BOUND( '', #612, .T. );
#233 = CYLINDRICAL_SURFACE( '', #613, 0.00435000000000000 );
#234 = FACE_OUTER_BOUND( '', #614, .T. );
#235 = FACE_OUTER_BOUND( '', #615, .T. );
#236 = CYLINDRICAL_SURFACE( '', #616, 0.000400000000000000 );
#237 = FACE_OUTER_BOUND( '', #617, .T. );
#238 = SURFACE_OF_LINEAR_EXTRUSION( '', #618, #619 );
#239 = FACE_OUTER_BOUND( '', #620, .T. );
#240 = SURFACE_OF_LINEAR_EXTRUSION( '', #621, #622 );
#241 = FACE_OUTER_BOUND( '', #623, .T. );
#242 = SURFACE_OF_LINEAR_EXTRUSION( '', #624, #625 );
#243 = FACE_OUTER_BOUND( '', #626, .T. );
#244 = SURFACE_OF_LINEAR_EXTRUSION( '', #627, #628 );
#245 = FACE_OUTER_BOUND( '', #629, .T. );
#246 = PLANE( '', #630 );
#247 = FACE_OUTER_BOUND( '', #631, .T. );
#248 = SURFACE_OF_LINEAR_EXTRUSION( '', #632, #633 );
#249 = FACE_OUTER_BOUND( '', #634, .T. );
#250 = SURFACE_OF_LINEAR_EXTRUSION( '', #635, #636 );
#251 = FACE_OUTER_BOUND( '', #637, .T. );
#252 = PLANE( '', #638 );
#253 = FACE_OUTER_BOUND( '', #639, .T. );
#254 = PLANE( '', #640 );
#255 = FACE_OUTER_BOUND( '', #641, .T. );
#256 = FACE_BOUND( '', #642, .T. );
#257 = PLANE( '', #643 );
#258 = FACE_OUTER_BOUND( '', #644, .T. );
#259 = PLANE( '', #645 );
#260 = FACE_OUTER_BOUND( '', #646, .T. );
#261 = FACE_OUTER_BOUND( '', #647, .T. );
#262 = CYLINDRICAL_SURFACE( '', #648, 0.000500000000000000 );
#263 = FACE_OUTER_BOUND( '', #649, .T. );
#264 = SURFACE_OF_LINEAR_EXTRUSION( '', #650, #651 );
#265 = FACE_OUTER_BOUND( '', #652, .T. );
#266 = FACE_OUTER_BOUND( '', #653, .T. );
#267 = CYLINDRICAL_SURFACE( '', #654, 0.000500000000000000 );
#268 = FACE_OUTER_BOUND( '', #655, .T. );
#269 = PLANE( '', #656 );
#270 = FACE_OUTER_BOUND( '', #657, .T. );
#271 = PLANE( '', #658 );
#272 = FACE_OUTER_BOUND( '', #659, .T. );
#273 = PLANE( '', #660 );
#274 = FACE_OUTER_BOUND( '', #661, .T. );
#275 = PLANE( '', #662 );
#276 = FACE_OUTER_BOUND( '', #663, .T. );
#277 = CYLINDRICAL_SURFACE( '', #664, 0.000300000000000000 );
#278 = FACE_OUTER_BOUND( '', #665, .T. );
#279 = PLANE( '', #666 );
#280 = FACE_OUTER_BOUND( '', #667, .T. );
#281 = SURFACE_OF_LINEAR_EXTRUSION( '', #668, #669 );
#282 = FACE_OUTER_BOUND( '', #670, .T. );
#283 = SURFACE_OF_LINEAR_EXTRUSION( '', #671, #672 );
#284 = FACE_OUTER_BOUND( '', #673, .T. );
#285 = SURFACE_OF_LINEAR_EXTRUSION( '', #674, #675 );
#286 = FACE_OUTER_BOUND( '', #676, .T. );
#287 = FACE_OUTER_BOUND( '', #677, .T. );
#288 = CYLINDRICAL_SURFACE( '', #678, 0.000500000000000000 );
#289 = FACE_OUTER_BOUND( '', #679, .T. );
#290 = PLANE( '', #680 );
#291 = FACE_OUTER_BOUND( '', #681, .T. );
#292 = FACE_OUTER_BOUND( '', #682, .T. );
#293 = CYLINDRICAL_SURFACE( '', #683, 0.00455000000000000 );
#294 = FACE_OUTER_BOUND( '', #684, .T. );
#295 = PLANE( '', #685 );
#296 = FACE_OUTER_BOUND( '', #686, .T. );
#297 = SURFACE_OF_LINEAR_EXTRUSION( '', #687, #688 );
#298 = FACE_OUTER_BOUND( '', #689, .T. );
#299 = SURFACE_OF_LINEAR_EXTRUSION( '', #690, #691 );
#300 = FACE_OUTER_BOUND( '', #692, .T. );
#301 = PLANE( '', #693 );
#302 = FACE_OUTER_BOUND( '', #694, .T. );
#303 = PLANE( '', #695 );
#304 = FACE_OUTER_BOUND( '', #696, .T. );
#305 = PLANE( '', #697 );
#306 = FACE_OUTER_BOUND( '', #698, .T. );
#307 = FACE_BOUND( '', #699, .T. );
#308 = FACE_BOUND( '', #700, .T. );
#309 = FACE_BOUND( '', #701, .T. );
#310 = FACE_BOUND( '', #702, .T. );
#311 = FACE_BOUND( '', #703, .T. );
#312 = FACE_BOUND( '', #704, .T. );
#313 = FACE_BOUND( '', #705, .T. );
#314 = FACE_BOUND( '', #706, .T. );
#315 = FACE_BOUND( '', #707, .T. );
#316 = PLANE( '', #708 );
#317 = FACE_OUTER_BOUND( '', #709, .T. );
#318 = FACE_OUTER_BOUND( '', #710, .T. );
#319 = TOROIDAL_SURFACE( '', #711, 0.00410000000000000, 0.000500000000000000 );
#320 = FACE_OUTER_BOUND( '', #712, .T. );
#321 = PLANE( '', #713 );
#322 = FACE_OUTER_BOUND( '', #714, .T. );
#323 = SURFACE_OF_LINEAR_EXTRUSION( '', #715, #716 );
#324 = FACE_OUTER_BOUND( '', #717, .T. );
#325 = SURFACE_OF_LINEAR_EXTRUSION( '', #718, #719 );
#326 = FACE_OUTER_BOUND( '', #720, .T. );
#327 = FACE_OUTER_BOUND( '', #721, .T. );
#328 = CYLINDRICAL_SURFACE( '', #722, 0.000400000000000000 );
#329 = FACE_OUTER_BOUND( '', #723, .T. );
#330 = SURFACE_OF_LINEAR_EXTRUSION( '', #724, #725 );
#331 = FACE_OUTER_BOUND( '', #726, .T. );
#332 = SURFACE_OF_LINEAR_EXTRUSION( '', #727, #728 );
#333 = FACE_OUTER_BOUND( '', #729, .T. );
#334 = SURFACE_OF_LINEAR_EXTRUSION( '', #730, #731 );
#335 = FACE_OUTER_BOUND( '', #732, .T. );
#336 = PLANE( '', #733 );
#337 = FACE_OUTER_BOUND( '', #734, .T. );
#338 = SURFACE_OF_LINEAR_EXTRUSION( '', #735, #736 );
#339 = FACE_OUTER_BOUND( '', #737, .T. );
#340 = PLANE( '', #738 );
#341 = FACE_OUTER_BOUND( '', #739, .T. );
#342 = CYLINDRICAL_SURFACE( '', #740, 0.000300000000000000 );
#343 = FACE_OUTER_BOUND( '', #741, .T. );
#344 = PLANE( '', #742 );
#345 = FACE_OUTER_BOUND( '', #743, .T. );
#346 = PLANE( '', #744 );
#347 = FACE_OUTER_BOUND( '', #745, .T. );
#348 = CYLINDRICAL_SURFACE( '', #746, 0.000300000000000000 );
#349 = FACE_OUTER_BOUND( '', #747, .T. );
#350 = CYLINDRICAL_SURFACE( '', #748, 0.000300000000000000 );
#351 = FACE_OUTER_BOUND( '', #749, .T. );
#352 = TOROIDAL_SURFACE( '', #750, 0.00180000000000000, 0.000300000000000000 );
#353 = FACE_OUTER_BOUND( '', #751, .T. );
#354 = PLANE( '', #752 );
#355 = FACE_OUTER_BOUND( '', #753, .T. );
#356 = CONICAL_SURFACE( '', #754, 0.00445000000000000, 0.321750554400000 );
#357 = FACE_OUTER_BOUND( '', #755, .T. );
#358 = PLANE( '', #756 );
#359 = FACE_OUTER_BOUND( '', #757, .T. );
#360 = PLANE( '', #758 );
#361 = FACE_OUTER_BOUND( '', #759, .T. );
#362 = SURFACE_OF_LINEAR_EXTRUSION( '', #760, #761 );
#363 = FACE_OUTER_BOUND( '', #762, .T. );
#364 = SURFACE_OF_LINEAR_EXTRUSION( '', #763, #764 );
#365 = FACE_OUTER_BOUND( '', #765, .T. );
#366 = SURFACE_OF_LINEAR_EXTRUSION( '', #766, #767 );
#367 = FACE_OUTER_BOUND( '', #768, .T. );
#368 = SURFACE_OF_LINEAR_EXTRUSION( '', #769, #770 );
#369 = FACE_OUTER_BOUND( '', #771, .T. );
#370 = SURFACE_OF_LINEAR_EXTRUSION( '', #772, #773 );
#371 = FACE_OUTER_BOUND( '', #774, .T. );
#372 = PLANE( '', #775 );
#373 = FACE_OUTER_BOUND( '', #776, .T. );
#374 = PLANE( '', #777 );
#375 = FACE_OUTER_BOUND( '', #778, .T. );
#376 = CYLINDRICAL_SURFACE( '', #779, 0.000300000000000000 );
#377 = FACE_OUTER_BOUND( '', #780, .T. );
#378 = FACE_OUTER_BOUND( '', #781, .T. );
#379 = CYLINDRICAL_SURFACE( '', #782, 0.00220000000000000 );
#380 = FACE_OUTER_BOUND( '', #783, .T. );
#381 = CONICAL_SURFACE( '', #784, 0.00445000000000000, 0.321750554400000 );
#382 = FACE_OUTER_BOUND( '', #785, .T. );
#383 = CYLINDRICAL_SURFACE( '', #786, 0.000200000000000000 );
#384 = FACE_OUTER_BOUND( '', #787, .T. );
#385 = SURFACE_OF_LINEAR_EXTRUSION( '', #788, #789 );
#386 = FACE_OUTER_BOUND( '', #790, .T. );
#387 = SURFACE_OF_LINEAR_EXTRUSION( '', #791, #792 );
#388 = FACE_OUTER_BOUND( '', #793, .T. );
#389 = PLANE( '', #794 );
#390 = FACE_OUTER_BOUND( '', #795, .T. );
#391 = PLANE( '', #796 );
#392 = FACE_OUTER_BOUND( '', #797, .T. );
#393 = PLANE( '', #798 );
#394 = FACE_OUTER_BOUND( '', #799, .T. );
#395 = SURFACE_OF_LINEAR_EXTRUSION( '', #800, #801 );
#396 = FACE_OUTER_BOUND( '', #802, .T. );
#397 = PLANE( '', #803 );
#398 = FACE_OUTER_BOUND( '', #804, .T. );
#399 = PLANE( '', #805 );
#400 = FACE_OUTER_BOUND( '', #806, .T. );
#401 = SURFACE_OF_LINEAR_EXTRUSION( '', #807, #808 );
#402 = FACE_OUTER_BOUND( '', #809, .T. );
#403 = PLANE( '', #810 );
#404 = FACE_OUTER_BOUND( '', #811, .T. );
#405 = CYLINDRICAL_SURFACE( '', #812, 0.00435000000000000 );
#406 = FACE_OUTER_BOUND( '', #813, .T. );
#407 = PLANE( '', #814 );
#408 = FACE_OUTER_BOUND( '', #815, .T. );
#409 = CYLINDRICAL_SURFACE( '', #816, 0.000100000000000000 );
#410 = FACE_OUTER_BOUND( '', #817, .T. );
#411 = SURFACE_OF_LINEAR_EXTRUSION( '', #818, #819 );
#412 = FACE_OUTER_BOUND( '', #820, .T. );
#413 = FACE_BOUND( '', #821, .T. );
#414 = FACE_BOUND( '', #822, .T. );
#415 = FACE_BOUND( '', #823, .T. );
#416 = PLANE( '', #824 );
#417 = FACE_OUTER_BOUND( '', #825, .T. );
#418 = PLANE( '', #826 );
#419 = FACE_OUTER_BOUND( '', #827, .T. );
#420 = PLANE( '', #828 );
#421 = FACE_OUTER_BOUND( '', #829, .T. );
#422 = TOROIDAL_SURFACE( '', #830, 0.00180000000000000, 0.000300000000000000 );
#423 = FACE_OUTER_BOUND( '', #831, .T. );
#424 = PLANE( '', #832 );
#425 = FACE_OUTER_BOUND( '', #833, .T. );
#426 = PLANE( '', #834 );
#427 = FACE_OUTER_BOUND( '', #835, .T. );
#428 = PLANE( '', #836 );
#429 = FACE_OUTER_BOUND( '', #837, .T. );
#430 = SURFACE_OF_LINEAR_EXTRUSION( '', #838, #839 );
#431 = FACE_OUTER_BOUND( '', #840, .T. );
#432 = PLANE( '', #841 );
#433 = FACE_OUTER_BOUND( '', #842, .T. );
#434 = PLANE( '', #843 );
#435 = FACE_OUTER_BOUND( '', #844, .T. );
#436 = SURFACE_OF_LINEAR_EXTRUSION( '', #845, #846 );
#437 = FACE_OUTER_BOUND( '', #847, .T. );
#438 = SURFACE_OF_LINEAR_EXTRUSION( '', #848, #849 );
#439 = FACE_OUTER_BOUND( '', #850, .T. );
#440 = SURFACE_OF_LINEAR_EXTRUSION( '', #851, #852 );
#441 = FACE_OUTER_BOUND( '', #853, .T. );
#442 = PLANE( '', #854 );
#443 = FACE_OUTER_BOUND( '', #855, .T. );
#444 = SURFACE_OF_LINEAR_EXTRUSION( '', #856, #857 );
#445 = FACE_OUTER_BOUND( '', #858, .T. );
#446 = SURFACE_OF_LINEAR_EXTRUSION( '', #859, #860 );
#447 = FACE_OUTER_BOUND( '', #861, .T. );
#448 = PLANE( '', #862 );
#449 = FACE_OUTER_BOUND( '', #863, .T. );
#450 = FACE_BOUND( '', #864, .T. );
#451 = PLANE( '', #865 );
#452 = FACE_OUTER_BOUND( '', #866, .T. );
#453 = FACE_OUTER_BOUND( '', #867, .T. );
#454 = CYLINDRICAL_SURFACE( '', #868, 0.00460000000000000 );
#455 = FACE_OUTER_BOUND( '', #869, .T. );
#456 = FACE_BOUND( '', #870, .T. );
#457 = FACE_OUTER_BOUND( '', #871, .T. );
#458 = FACE_BOUND( '', #872, .T. );
#459 = CYLINDRICAL_SURFACE( '', #873, 0.00460000000000000 );
#460 = FACE_OUTER_BOUND( '', #874, .T. );
#461 = SURFACE_OF_LINEAR_EXTRUSION( '', #875, #876 );
#462 = FACE_OUTER_BOUND( '', #877, .T. );
#463 = SURFACE_OF_LINEAR_EXTRUSION( '', #878, #879 );
#464 = FACE_OUTER_BOUND( '', #880, .T. );
#465 = SURFACE_OF_LINEAR_EXTRUSION( '', #881, #882 );
#466 = FACE_OUTER_BOUND( '', #883, .T. );
#467 = SURFACE_OF_LINEAR_EXTRUSION( '', #884, #885 );
#468 = FACE_OUTER_BOUND( '', #886, .T. );
#469 = PLANE( '', #887 );
#470 = FACE_OUTER_BOUND( '', #888, .T. );
#471 = CYLINDRICAL_SURFACE( '', #889, 0.000100000000000000 );
#472 = FACE_OUTER_BOUND( '', #890, .T. );
#473 = PLANE( '', #891 );
#474 = FACE_OUTER_BOUND( '', #892, .T. );
#475 = PLANE( '', #893 );
#476 = FACE_OUTER_BOUND( '', #894, .T. );
#477 = CYLINDRICAL_SURFACE( '', #895, 0.000300000000000000 );
#478 = FACE_OUTER_BOUND( '', #896, .T. );
#479 = TOROIDAL_SURFACE( '', #897, 0.00180000000000000, 0.000300000000000000 );
#480 = FACE_OUTER_BOUND( '', #898, .T. );
#481 = PLANE( '', #899 );
#482 = FACE_OUTER_BOUND( '', #900, .T. );
#483 = FACE_BOUND( '', #901, .T. );
#484 = PLANE( '', #902 );
#485 = FACE_OUTER_BOUND( '', #903, .T. );
#486 = FACE_BOUND( '', #904, .T. );
#487 = PLANE( '', #905 );
#488 = FACE_OUTER_BOUND( '', #906, .T. );
#489 = CYLINDRICAL_SURFACE( '', #907, 0.00210000000000000 );
#490 = FACE_OUTER_BOUND( '', #908, .T. );
#491 = PLANE( '', #909 );
#492 = FACE_OUTER_BOUND( '', #910, .T. );
#493 = PLANE( '', #911 );
#494 = FACE_OUTER_BOUND( '', #912, .T. );
#495 = PLANE( '', #913 );
#496 = FACE_OUTER_BOUND( '', #914, .T. );
#497 = FACE_OUTER_BOUND( '', #915, .T. );
#498 = CYLINDRICAL_SURFACE( '', #916, 0.000500000000000000 );
#499 = FACE_OUTER_BOUND( '', #917, .T. );
#500 = PLANE( '', #918 );
#501 = FACE_OUTER_BOUND( '', #919, .T. );
#502 = PLANE( '', #920 );
#503 = FACE_OUTER_BOUND( '', #921, .T. );
#504 = SURFACE_OF_LINEAR_EXTRUSION( '', #922, #923 );
#505 = FACE_OUTER_BOUND( '', #924, .T. );
#506 = SURFACE_OF_LINEAR_EXTRUSION( '', #925, #926 );
#507 = FACE_OUTER_BOUND( '', #927, .T. );
#508 = PLANE( '', #928 );
#509 = FACE_OUTER_BOUND( '', #929, .T. );
#510 = PLANE( '', #930 );
#511 = FACE_OUTER_BOUND( '', #931, .T. );
#512 = CYLINDRICAL_SURFACE( '', #932, 0.00455000000000000 );
#513 = FACE_OUTER_BOUND( '', #933, .T. );
#514 = PLANE( '', #934 );
#515 = FACE_OUTER_BOUND( '', #935, .T. );
#516 = PLANE( '', #936 );
#517 = FACE_OUTER_BOUND( '', #937, .T. );
#518 = PLANE( '', #938 );
#519 = FACE_OUTER_BOUND( '', #939, .T. );
#520 = PLANE( '', #940 );
#521 = FACE_OUTER_BOUND( '', #941, .T. );
#522 = PLANE( '', #942 );
#523 = FACE_OUTER_BOUND( '', #943, .T. );
#524 = FACE_OUTER_BOUND( '', #944, .T. );
#525 = CYLINDRICAL_SURFACE( '', #945, 0.000400000000000000 );
#526 = FACE_OUTER_BOUND( '', #946, .T. );
#527 = PLANE( '', #947 );
#528 = FACE_OUTER_BOUND( '', #948, .T. );
#529 = PLANE( '', #949 );
#530 = FACE_OUTER_BOUND( '', #950, .T. );
#531 = CYLINDRICAL_SURFACE( '', #951, 0.000300000000000000 );
#532 = FACE_OUTER_BOUND( '', #952, .T. );
#533 = PLANE( '', #953 );
#534 = FACE_OUTER_BOUND( '', #954, .T. );
#535 = PLANE( '', #955 );
#536 = FACE_OUTER_BOUND( '', #956, .T. );
#537 = PLANE( '', #957 );
#538 = FACE_OUTER_BOUND( '', #958, .T. );
#539 = PLANE( '', #959 );
#540 = FACE_OUTER_BOUND( '', #960, .T. );
#541 = PLANE( '', #961 );
#542 = FACE_OUTER_BOUND( '', #962, .T. );
#543 = CYLINDRICAL_SURFACE( '', #963, 0.00455000000000000 );
#544 = FACE_OUTER_BOUND( '', #964, .T. );
#545 = PLANE( '', #965 );
#546 = FACE_OUTER_BOUND( '', #966, .T. );
#547 = PLANE( '', #967 );
#548 = FACE_OUTER_BOUND( '', #968, .T. );
#549 = SURFACE_OF_LINEAR_EXTRUSION( '', #969, #970 );
#550 = FACE_OUTER_BOUND( '', #971, .T. );
#551 = PLANE( '', #972 );
#552 = FACE_OUTER_BOUND( '', #973, .T. );
#553 = PLANE( '', #974 );
#554 = FACE_OUTER_BOUND( '', #975, .T. );
#555 = PLANE( '', #976 );
#556 = FACE_OUTER_BOUND( '', #977, .T. );
#557 = SURFACE_OF_LINEAR_EXTRUSION( '', #978, #979 );
#558 = FACE_OUTER_BOUND( '', #980, .T. );
#559 = PLANE( '', #981 );
#560 = FACE_OUTER_BOUND( '', #982, .T. );
#561 = CYLINDRICAL_SURFACE( '', #983, 0.000300000000000000 );
#562 = FACE_OUTER_BOUND( '', #984, .T. );
#563 = SURFACE_OF_LINEAR_EXTRUSION( '', #985, #986 );
#564 = FACE_OUTER_BOUND( '', #987, .T. );
#565 = PLANE( '', #988 );
#566 = FACE_OUTER_BOUND( '', #989, .T. );
#567 = PLANE( '', #990 );
#568 = FACE_OUTER_BOUND( '', #991, .T. );
#569 = PLANE( '', #992 );
#570 = FACE_OUTER_BOUND( '', #993, .T. );
#571 = PLANE( '', #994 );
#572 = FACE_OUTER_BOUND( '', #995, .T. );
#573 = PLANE( '', #996 );
#574 = FACE_OUTER_BOUND( '', #997, .T. );
#575 = FACE_OUTER_BOUND( '', #998, .T. );
#576 = CYLINDRICAL_SURFACE( '', #999, 0.000500000000000000 );
#577 = FACE_OUTER_BOUND( '', #1000, .T. );
#578 = PLANE( '', #1001 );
#579 = FACE_OUTER_BOUND( '', #1002, .T. );
#580 = FACE_OUTER_BOUND( '', #1003, .T. );
#581 = CYLINDRICAL_SURFACE( '', #1004, 0.000500000000000000 );
#582 = FACE_OUTER_BOUND( '', #1005, .T. );
#583 = FACE_OUTER_BOUND( '', #1006, .T. );
#584 = CYLINDRICAL_SURFACE( '', #1007, 0.000500000000000000 );
#585 = FACE_OUTER_BOUND( '', #1008, .T. );
#586 = SURFACE_OF_LINEAR_EXTRUSION( '', #1009, #1010 );
#587 = FACE_OUTER_BOUND( '', #1011, .T. );
#588 = PLANE( '', #1012 );
#589 = FACE_OUTER_BOUND( '', #1013, .T. );
#590 = SURFACE_OF_LINEAR_EXTRUSION( '', #1014, #1015 );
#591 = EDGE_LOOP( '', ( #1016, #1017, #1018, #1019 ) );
#592 = EDGE_LOOP( '', ( #1020 ) );
#593 = EDGE_LOOP( '', ( #1021 ) );
#594 = EDGE_LOOP( '', ( #1022 ) );
#595 = EDGE_LOOP( '', ( #1023, #1024, #1025, #1026, #1027, #1028, #1029, #1030, #1031, #1032, #1033, #1034 ) );
#596 = EDGE_LOOP( '', ( #1035, #1036, #1037, #1038, #1039, #1040, #1041, #1042, #1043, #1044, #1045, #1046, #1047, #1048, #1049, #1050, #1051, #1052, #1053, #1054, #1055, #1056, #1057 ) );
#597 = EDGE_LOOP( '', ( #1058, #1059, #1060, #1061 ) );
#598 = EDGE_LOOP( '', ( #1062, #1063, #1064, #1065 ) );
#599 = EDGE_LOOP( '', ( #1066, #1067, #1068, #1069 ) );
#600 = EDGE_LOOP( '', ( #1070, #1071, #1072, #1073 ) );
#601 = EDGE_LOOP( '', ( #1074, #1075, #1076, #1077 ) );
#602 = EDGE_LOOP( '', ( #1078, #1079, #1080, #1081 ) );
#603 = EDGE_LOOP( '', ( #1082, #1083, #1084, #1085 ) );
#604 = EDGE_LOOP( '', ( #1086, #1087, #1088, #1089 ) );
#605 = AXIS2_PLACEMENT_3D( '', #1090, #1091, #1092 );
#606 = EDGE_LOOP( '', ( #1093, #1094, #1095, #1096 ) );
#607 = B_SPLINE_CURVE_WITH_KNOTS( '', 3, ( #1097, #1098, #1099, #1100, #1101, #1102, #1103, #1104, #1105 ), .UNSPECIFIED., .F., .F., ( 4, 1, 1, 1, 1, 1, 4 ), ( 0.000000000000000, 0.0193678584629400, 0.0694408466038900, 0.169586822885800, 0.710375094808100, 0.980769230769200, 1.00000000000000 ), .UNSPECIFIED. );
#608 = VECTOR( '', #1106, 1.00000000000000 );
#609 = EDGE_LOOP( '', ( #1107, #1108, #1109, #1110 ) );
#610 = B_SPLINE_CURVE_WITH_KNOTS( '', 3, ( #1111, #1112, #1113, #1114, #1115, #1116, #1117, #1118, #1119 ), .UNSPECIFIED., .F., .F., ( 4, 1, 1, 1, 1, 1, 4 ), ( 0.000000000000000, 0.0192307692307700, 0.0693108974359000, 0.169471153846200, 0.710336538461500, 0.980769230769200, 1.00000000000000 ), .UNSPECIFIED. );
#611 = VECTOR( '', #1120, 1.00000000000000 );
#612 = EDGE_LOOP( '', ( #1121, #1122, #1123, #1124, #1125, #1126, #1127, #1128 ) );
#613 = AXIS2_PLACEMENT_3D( '', #1129, #1130, #1131 );
#614 = EDGE_LOOP( '', ( #1132 ) );
#615 = EDGE_LOOP( '', ( #1133 ) );
#616 = AXIS2_PLACEMENT_3D( '', #1134, #1135, #1136 );
#617 = EDGE_LOOP( '', ( #1137, #1138, #1139, #1140 ) );
#618 = B_SPLINE_CURVE_WITH_KNOTS( '', 3, ( #1141, #1142, #1143, #1144, #1145, #1146, #1147, #1148, #1149 ), .UNSPECIFIED., .F., .F., ( 4, 1, 1, 1, 1, 1, 4 ), ( 0.000000000000000, 0.0220534214686500, 0.0718395233989900, 0.171411727259700, 0.709101628107500, 0.977946578531300, 1.00000000000000 ), .UNSPECIFIED. );
#619 = VECTOR( '', #1150, 1.00000000000000 );
#620 = EDGE_LOOP( '', ( #1151, #1152, #1153, #1154 ) );
#621 = B_SPLINE_CURVE_WITH_KNOTS( '', 3, ( #1155, #1156, #1157, #1158, #1159, #1160 ), .UNSPECIFIED., .F., .F., ( 4, 1, 1, 4 ), ( 0.000000000000000, 0.0184471916315100, 0.971900633641500, 1.00000000000000 ), .UNSPECIFIED. );
#622 = VECTOR( '', #1161, 1.00000000000000 );
#623 = EDGE_LOOP( '', ( #1162, #1163, #1164, #1165 ) );
#624 = B_SPLINE_CURVE_WITH_KNOTS( '', 3, ( #1166, #1167, #1168, #1169, #1170, #1171, #1172, #1173, #1174 ), .UNSPECIFIED., .F., .F., ( 4, 1, 1, 1, 1, 1, 4 ), ( 0.000000000000000, 0.0192307692307700, 0.0693108974359000, 0.169471153846200, 0.710336538461500, 0.980769230769200, 1.00000000000000 ), .UNSPECIFIED. );
#625 = VECTOR( '', #1175, 1.00000000000000 );
#626 = EDGE_LOOP( '', ( #1176, #1177, #1178, #1179 ) );
#627 = B_SPLINE_CURVE_WITH_KNOTS( '', 3, ( #1180, #1181, #1182, #1183, #1184, #1185, #1186, #1187, #1188, #1189, #1190, #1191, #1192, #1193, #1194, #1195, #1196 ), .UNSPECIFIED., .F., .F., ( 4, 1, 1, 1, 1, 1, 1, 1, 1, 1, 1, 1, 1, 1, 4 ), ( 0.000000000000000, 0.00821534599790900, 0.148535283741300, 0.288855221484800, 0.359015190356500, 0.429175159228200, 0.499335128099900, 0.534415112535800, 0.569495096971700, 0.622245302852200, 0.674995508732800, 0.780495920494000, 0.885996332255100, 0.991496744016300, 1.00000000000000 ), .UNSPECIFIED. );
#628 = VECTOR( '', #1197, 1.00000000000000 );
#629 = EDGE_LOOP( '', ( #1198, #1199, #1200, #1201 ) );
#630 = AXIS2_PLACEMENT_3D( '', #1202, #1203, #1204 );
#631 = EDGE_LOOP( '', ( #1205, #1206, #1207, #1208 ) );
#632 = B_SPLINE_CURVE_WITH_KNOTS( '', 3, ( #1209, #1210, #1211, #1212, #1213, #1214, #1215, #1216, #1217 ), .UNSPECIFIED., .F., .F., ( 4, 1, 1, 1, 1, 1, 4 ), ( 0.000000000000000, 0.0192307692307700, 0.0693108974359000, 0.169471153846200, 0.710336538461500, 0.980769230769200, 1.00000000000000 ), .UNSPECIFIED. );
#633 = VECTOR( '', #1218, 1.00000000000000 );
#634 = EDGE_LOOP( '', ( #1219, #1220, #1221, #1222 ) );
#635 = B_SPLINE_CURVE_WITH_KNOTS( '', 3, ( #1223, #1224, #1225, #1226, #1227, #1228 ), .UNSPECIFIED., .F., .F., ( 4, 1, 1, 4 ), ( 0.000000000000000, 0.0515297213461300, 0.978791433952100, 1.00000000000000 ), .UNSPECIFIED. );
#636 = VECTOR( '', #1229, 1.00000000000000 );
#637 = EDGE_LOOP( '', ( #1230, #1231, #1232, #1233, #1234, #1235 ) );
#638 = AXIS2_PLACEMENT_3D( '', #1236, #1237, #1238 );
#639 = EDGE_LOOP( '', ( #1239 ) );
#640 = AXIS2_PLACEMENT_3D( '', #1240, #1241, #1242 );
#641 = EDGE_LOOP( '', ( #1243 ) );
#642 = EDGE_LOOP( '', ( #1244 ) );
#643 = AXIS2_PLACEMENT_3D( '', #1245, #1246, #1247 );
#644 = EDGE_LOOP( '', ( #1248, #1249, #1250, #1251 ) );
#645 = AXIS2_PLACEMENT_3D( '', #1252, #1253, #1254 );
#646 = EDGE_LOOP( '', ( #1255 ) );
#647 = EDGE_LOOP( '', ( #1256 ) );
#648 = AXIS2_PLACEMENT_3D( '', #1257, #1258, #1259 );
#649 = EDGE_LOOP( '', ( #1260, #1261, #1262, #1263 ) );
#650 = B_SPLINE_CURVE_WITH_KNOTS( '', 3, ( #1264, #1265, #1266, #1267, #1268, #1269, #1270, #1271, #1272 ), .UNSPECIFIED., .F., .F., ( 4, 1, 1, 1, 1, 1, 4 ), ( 0.000000000000000, 0.0591865676058200, 0.105104633480200, 0.196940765229000, 0.692855876672400, 0.940813432394200, 1.00000000000000 ), .UNSPECIFIED. );
#651 = VECTOR( '', #1273, 1.00000000000000 );
#652 = EDGE_LOOP( '', ( #1274 ) );
#653 = EDGE_LOOP( '', ( #1275 ) );
#654 = AXIS2_PLACEMENT_3D( '', #1276, #1277, #1278 );
#655 = EDGE_LOOP( '', ( #1279, #1280, #1281, #1282 ) );
#656 = AXIS2_PLACEMENT_3D( '', #1283, #1284, #1285 );
#657 = EDGE_LOOP( '', ( #1286, #1287, #1288, #1289, #1290, #1291 ) );
#658 = AXIS2_PLACEMENT_3D( '', #1292, #1293, #1294 );
#659 = EDGE_LOOP( '', ( #1295, #1296, #1297, #1298 ) );
#660 = AXIS2_PLACEMENT_3D( '', #1299, #1300, #1301 );
#661 = EDGE_LOOP( '', ( #1302, #1303, #1304, #1305 ) );
#662 = AXIS2_PLACEMENT_3D( '', #1306, #1307, #1308 );
#663 = EDGE_LOOP( '', ( #1309, #1310, #1311, #1312 ) );
#664 = AXIS2_PLACEMENT_3D( '', #1313, #1314, #1315 );
#665 = EDGE_LOOP( '', ( #1316, #1317, #1318, #1319 ) );
#666 = AXIS2_PLACEMENT_3D( '', #1320, #1321, #1322 );
#667 = EDGE_LOOP( '', ( #1323, #1324, #1325, #1326 ) );
#668 = B_SPLINE_CURVE_WITH_KNOTS( '', 3, ( #1327, #1328, #1329, #1330, #1331, #1332, #1333, #1334, #1335 ), .UNSPECIFIED., .F., .F., ( 4, 1, 1, 1, 1, 1, 4 ), ( 0.000000000000000, 0.0264775507706600, 0.0758028058987100, 0.174453316154800, 0.707166071537800, 0.973522449229300, 1.00000000000000 ), .UNSPECIFIED. );
#669 = VECTOR( '', #1336, 1.00000000000000 );
#670 = EDGE_LOOP( '', ( #1337, #1338, #1339, #1340 ) );
#671 = B_SPLINE_CURVE_WITH_KNOTS( '', 3, ( #1341, #1342, #1343, #1344, #1345, #1346 ), .UNSPECIFIED., .F., .F., ( 4, 1, 1, 4 ), ( 0.000000000000000, 0.0839252933424200, 0.690057420801900, 1.00000000000000 ), .UNSPECIFIED. );
#672 = VECTOR( '', #1347, 1.00000000000000 );
#673 = EDGE_LOOP( '', ( #1348, #1349, #1350, #1351 ) );
#674 = B_SPLINE_CURVE_WITH_KNOTS( '', 3, ( #1352, #1353, #1354, #1355, #1356, #1357, #1358, #1359, #1360 ), .UNSPECIFIED., .F., .F., ( 4, 1, 1, 1, 1, 1, 4 ), ( 0.000000000000000, 0.0192307692307700, 0.0693108974359000, 0.169471153846200, 0.710336538461500, 0.980769230769200, 1.00000000000000 ), .UNSPECIFIED. );
#675 = VECTOR( '', #1361, 1.00000000000000 );
#676 = EDGE_LOOP( '', ( #1362 ) );
#677 = EDGE_LOOP( '', ( #1363 ) );
#678 = AXIS2_PLACEMENT_3D( '', #1364, #1365, #1366 );
#679 = EDGE_LOOP( '', ( #1367, #1368, #1369, #1370 ) );
#680 = AXIS2_PLACEMENT_3D( '', #1371, #1372, #1373 );
#681 = EDGE_LOOP( '', ( #1374 ) );
#682 = EDGE_LOOP( '', ( #1375 ) );
#683 = AXIS2_PLACEMENT_3D( '', #1376, #1377, #1378 );
#684 = EDGE_LOOP( '', ( #1379, #1380, #1381, #1382 ) );
#685 = AXIS2_PLACEMENT_3D( '', #1383, #1384, #1385 );
#686 = EDGE_LOOP( '', ( #1386, #1387, #1388, #1389 ) );
#687 = B_SPLINE_CURVE_WITH_KNOTS( '', 3, ( #1390, #1391, #1392, #1393, #1394, #1395, #1396, #1397, #1398 ), .UNSPECIFIED., .F., .F., ( 4, 1, 1, 1, 1, 1, 4 ), ( 0.000000000000000, 0.0597120514007100, 0.105575379379800, 0.197302035338000, 0.692625977512200, 0.940287948599300, 1.00000000000000 ), .UNSPECIFIED. );
#688 = VECTOR( '', #1399, 1.00000000000000 );
#689 = EDGE_LOOP( '', ( #1400, #1401, #1402, #1403 ) );
#690 = B_SPLINE_CURVE_WITH_KNOTS( '', 3, ( #1404, #1405, #1406, #1407, #1408, #1409 ), .UNSPECIFIED., .F., .F., ( 4, 1, 1, 4 ), ( 0.000000000000000, 0.588313857271900, 0.980769230769200, 1.00000000000000 ), .UNSPECIFIED. );
#691 = VECTOR( '', #1410, 1.00000000000000 );
#692 = EDGE_LOOP( '', ( #1411, #1412, #1413, #1414 ) );
#693 = AXIS2_PLACEMENT_3D( '', #1415, #1416, #1417 );
#694 = EDGE_LOOP( '', ( #1418, #1419, #1420, #1421 ) );
#695 = AXIS2_PLACEMENT_3D( '', #1422, #1423, #1424 );
#696 = EDGE_LOOP( '', ( #1425, #1426, #1427, #1428 ) );
#697 = AXIS2_PLACEMENT_3D( '', #1429, #1430, #1431 );
#698 = EDGE_LOOP( '', ( #1432 ) );
#699 = EDGE_LOOP( '', ( #1433 ) );
#700 = EDGE_LOOP( '', ( #1434 ) );
#701 = EDGE_LOOP( '', ( #1435 ) );
#702 = EDGE_LOOP( '', ( #1436 ) );
#703 = EDGE_LOOP( '', ( #1437 ) );
#704 = EDGE_LOOP( '', ( #1438 ) );
#705 = EDGE_LOOP( '', ( #1439 ) );
#706 = EDGE_LOOP( '', ( #1440 ) );
#707 = EDGE_LOOP( '', ( #1441, #1442, #1443, #1444 ) );
#708 = AXIS2_PLACEMENT_3D( '', #1445, #1446, #1447 );
#709 = EDGE_LOOP( '', ( #1448 ) );
#710 = EDGE_LOOP( '', ( #1449 ) );
#711 = AXIS2_PLACEMENT_3D( '', #1450, #1451, #1452 );
#712 = EDGE_LOOP( '', ( #1453, #1454, #1455, #1456 ) );
#713 = AXIS2_PLACEMENT_3D( '', #1457, #1458, #1459 );
#714 = EDGE_LOOP( '', ( #1460, #1461, #1462, #1463 ) );
#715 = B_SPLINE_CURVE_WITH_KNOTS( '', 3, ( #1464, #1465, #1466, #1467 ), .UNSPECIFIED., .F., .F., ( 4, 4 ), ( 0.000000000000000, 1.00000000000000 ), .UNSPECIFIED. );
#716 = VECTOR( '', #1468, 1.00000000000000 );
#717 = EDGE_LOOP( '', ( #1469, #1470, #1471, #1472 ) );
#718 = B_SPLINE_CURVE_WITH_KNOTS( '', 3, ( #1473, #1474, #1475, #1476 ), .UNSPECIFIED., .F., .F., ( 4, 4 ), ( 0.000000000000000, 1.00000000000000 ), .UNSPECIFIED. );
#719 = VECTOR( '', #1477, 1.00000000000000 );
#720 = EDGE_LOOP( '', ( #1478 ) );
#721 = EDGE_LOOP( '', ( #1479 ) );
#722 = AXIS2_PLACEMENT_3D( '', #1480, #1481, #1482 );
#723 = EDGE_LOOP( '', ( #1483, #1484, #1485, #1486 ) );
#724 = B_SPLINE_CURVE_WITH_KNOTS( '', 3, ( #1487, #1488, #1489, #1490, #1491, #1492, #1493, #1494, #1495 ), .UNSPECIFIED., .F., .F., ( 4, 1, 1, 1, 1, 1, 4 ), ( 0.000000000000000, 0.0192307692307700, 0.0693108974359000, 0.169471153846200, 0.710336538461500, 0.980769230769200, 1.00000000000000 ), .UNSPECIFIED. );
#725 = VECTOR( '', #1496, 1.00000000000000 );
#726 = EDGE_LOOP( '', ( #1497, #1498, #1499, #1500 ) );
#727 = B_SPLINE_CURVE_WITH_KNOTS( '', 3, ( #1501, #1502, #1503, #1504, #1505, #1506 ), .UNSPECIFIED., .F., .F., ( 4, 1, 1, 4 ), ( 0.000000000000000, 0.0160544857639800, 0.978918177932600, 1.00000000000000 ), .UNSPECIFIED. );
#728 = VECTOR( '', #1507, 1.00000000000000 );
#729 = EDGE_LOOP( '', ( #1508, #1509, #1510, #1511 ) );
#730 = B_SPLINE_CURVE_WITH_KNOTS( '', 3, ( #1512, #1513, #1514, #1515, #1516, #1517, #1518, #1519, #1520, #1521, #1522, #1523, #1524, #1525, #1526, #1527, #1528, #1529, #1530, #1531, #1532, #1533, #1534, #1535, #1536, #1537, #1538, #1539, #1540, #1541, #1542, #1543, #1544 ), .UNSPECIFIED., .F., .F., ( 4, 1, 1, 1, 1, 1, 1, 1, 1, 1, 1, 1, 1, 1, 1, 1, 1, 1, 1, 1, 1, 1, 1, 1, 1, 1, 1, 1, 1, 1, 4 ), ( 0.000000000000000, 0.00651355838241400, 0.0949980382384500, 0.183482518094500, 0.227724758022500, 0.271966997950500, 0.316209237878500, 0.338330357842600, 0.360451477806600, 0.381894388815300, 0.403337299824000, 0.446223121841400, 0.489108943858800, 0.531994765876200, 0.574880587893600, 0.617766409911000, 0.639209320919700, 0.660652231928400, 0.682095142937100, 0.692816598441400, 0.703538053945800, 0.721308891071200, 0.739079728196700, 0.756850565322100, 0.774621402447600, 0.810163076698500, 0.845704750949400, 0.881246425200300, 0.916788099451200, 0.987871447953000, 1.00000000000000 ), .UNSPECIFIED. );
#731 = VECTOR( '', #1545, 1.00000000000000 );
#732 = EDGE_LOOP( '', ( #1546, #1547, #1548, #1549 ) );
#733 = AXIS2_PLACEMENT_3D( '', #1550, #1551, #1552 );
#734 = EDGE_LOOP( '', ( #1553, #1554, #1555, #1556 ) );
#735 = B_SPLINE_CURVE_WITH_KNOTS( '', 3, ( #1557, #1558, #1559, #1560, #1561, #1562, #1563, #1564, #1565 ), .UNSPECIFIED., .F., .F., ( 4, 1, 1, 1, 1, 1, 4 ), ( 0.000000000000000, 0.0192307692307700, 0.0693108974359000, 0.169471153846200, 0.710336538461500, 0.980769230769200, 1.00000000000000 ), .UNSPECIFIED. );
#736 = VECTOR( '', #1566, 1.00000000000000 );
#737 = EDGE_LOOP( '', ( #1567, #1568, #1569, #1570 ) );
#738 = AXIS2_PLACEMENT_3D( '', #1571, #1572, #1573 );
#739 = EDGE_LOOP( '', ( #1574, #1575, #1576, #1577 ) );
#740 = AXIS2_PLACEMENT_3D( '', #1578, #1579, #1580 );
#741 = EDGE_LOOP( '', ( #1581, #1582, #1583, #1584 ) );
#742 = AXIS2_PLACEMENT_3D( '', #1585, #1586, #1587 );
#743 = EDGE_LOOP( '', ( #1588, #1589, #1590, #1591 ) );
#744 = AXIS2_PLACEMENT_3D( '', #1592, #1593, #1594 );
#745 = EDGE_LOOP( '', ( #1595, #1596, #1597, #1598 ) );
#746 = AXIS2_PLACEMENT_3D( '', #1599, #1600, #1601 );
#747 = EDGE_LOOP( '', ( #1602, #1603, #1604, #1605 ) );
#748 = AXIS2_PLACEMENT_3D( '', #1606, #1607, #1608 );
#749 = EDGE_LOOP( '', ( #1609, #1610, #1611, #1612 ) );
#750 = AXIS2_PLACEMENT_3D( '', #1613, #1614, #1615 );
#751 = EDGE_LOOP( '', ( #1616, #1617, #1618, #1619 ) );
#752 = AXIS2_PLACEMENT_3D( '', #1620, #1621, #1622 );
#753 = EDGE_LOOP( '', ( #1623, #1624, #1625, #1626 ) );
#754 = AXIS2_PLACEMENT_3D( '', #1627, #1628, #1629 );
#755 = EDGE_LOOP( '', ( #1630, #1631, #1632, #1633 ) );
#756 = AXIS2_PLACEMENT_3D( '', #1634, #1635, #1636 );
#757 = EDGE_LOOP( '', ( #1637, #1638, #1639, #1640 ) );
#758 = AXIS2_PLACEMENT_3D( '', #1641, #1642, #1643 );
#759 = EDGE_LOOP( '', ( #1644, #1645, #1646, #1647 ) );
#760 = B_SPLINE_CURVE_WITH_KNOTS( '', 3, ( #1648, #1649, #1650, #1651, #1652, #1653, #1654, #1655, #1656 ), .UNSPECIFIED., .F., .F., ( 4, 1, 1, 1, 1, 1, 4 ), ( 0.000000000000000, 0.0303025055173100, 0.0792293278592600, 0.177082972543100, 0.705492653836200, 0.969697494482700, 1.00000000000000 ), .UNSPECIFIED. );
#761 = VECTOR( '', #1657, 1.00000000000000 );
#762 = EDGE_LOOP( '', ( #1658, #1659, #1660, #1661 ) );
#763 = B_SPLINE_CURVE_WITH_KNOTS( '', 3, ( #1662, #1663, #1664, #1665, #1666, #1667 ), .UNSPECIFIED., .F., .F., ( 4, 1, 1, 4 ), ( 0.000000000000000, 0.0323905837330300, 0.982798961397100, 1.00000000000000 ), .UNSPECIFIED. );
#764 = VECTOR( '', #1668, 1.00000000000000 );
#765 = EDGE_LOOP( '', ( #1669, #1670, #1671, #1672 ) );
#766 = B_SPLINE_CURVE_WITH_KNOTS( '', 3, ( #1673, #1674, #1675, #1676, #1677, #1678, #1679, #1680 ), .UNSPECIFIED., .F., .F., ( 4, 1, 1, 1, 1, 4 ), ( 0.000000000000000, 0.0203591603852300, 0.0801200065336200, 0.199641698830400, 0.845058837233000, 1.00000000000000 ), .UNSPECIFIED. );
#767 = VECTOR( '', #1681, 1.00000000000000 );
#768 = EDGE_LOOP( '', ( #1682, #1683, #1684, #1685 ) );
#769 = B_SPLINE_CURVE_WITH_KNOTS( '', 3, ( #1686, #1687, #1688, #1689, #1690, #1691, #1692, #1693, #1694 ), .UNSPECIFIED., .F., .F., ( 4, 1, 1, 1, 1, 1, 4 ), ( 0.000000000000000, 0.0262552086876800, 0.0756036244493700, 0.174300455972800, 0.707263346199100, 0.973744791312300, 1.00000000000000 ), .UNSPECIFIED. );
#770 = VECTOR( '', #1695, 1.00000000000000 );
#771 = EDGE_LOOP( '', ( #1696, #1697, #1698, #1699 ) );
#772 = B_SPLINE_CURVE_WITH_KNOTS( '', 3, ( #1700, #1701, #1702, #1703, #1704 ), .UNSPECIFIED., .F., .F., ( 4, 1, 4 ), ( 0.000000000000000, 0.0152261251639200, 1.00000000000000 ), .UNSPECIFIED. );
#773 = VECTOR( '', #1705, 1.00000000000000 );
#774 = EDGE_LOOP( '', ( #1706, #1707, #1708, #1709 ) );
#775 = AXIS2_PLACEMENT_3D( '', #1710, #1711, #1712 );
#776 = EDGE_LOOP( '', ( #1713, #1714, #1715, #1716 ) );
#777 = AXIS2_PLACEMENT_3D( '', #1717, #1718, #1719 );
#778 = EDGE_LOOP( '', ( #1720, #1721, #1722, #1723 ) );
#779 = AXIS2_PLACEMENT_3D( '', #1724, #1725, #1726 );
#780 = EDGE_LOOP( '', ( #1727 ) );
#781 = EDGE_LOOP( '', ( #1728 ) );
#782 = AXIS2_PLACEMENT_3D( '', #1729, #1730, #1731 );
#783 = EDGE_LOOP( '', ( #1732, #1733, #1734, #1735 ) );
#784 = AXIS2_PLACEMENT_3D( '', #1736, #1737, #1738 );
#785 = EDGE_LOOP( '', ( #1739, #1740, #1741, #1742 ) );
#786 = AXIS2_PLACEMENT_3D( '', #1743, #1744, #1745 );
#787 = EDGE_LOOP( '', ( #1746, #1747, #1748, #1749 ) );
#788 = B_SPLINE_CURVE_WITH_KNOTS( '', 3, ( #1750, #1751, #1752, #1753, #1754, #1755, #1756, #1757 ), .UNSPECIFIED., .F., .F., ( 4, 1, 1, 1, 1, 4 ), ( 0.000000000000000, 0.0192307692307700, 0.0753450303952900, 0.187573552724300, 0.793607573301100, 1.00000000000000 ), .UNSPECIFIED. );
#789 = VECTOR( '', #1758, 1.00000000000000 );
#790 = EDGE_LOOP( '', ( #1759, #1760, #1761, #1762 ) );
#791 = B_SPLINE_CURVE_WITH_KNOTS( '', 3, ( #1763, #1764, #1765, #1766, #1767 ), .UNSPECIFIED., .F., .F., ( 4, 1, 4 ), ( 0.000000000000000, 0.0110267044250300, 1.00000000000000 ), .UNSPECIFIED. );
#792 = VECTOR( '', #1768, 1.00000000000000 );
#793 = EDGE_LOOP( '', ( #1769, #1770, #1771, #1772 ) );
#794 = AXIS2_PLACEMENT_3D( '', #1773, #1774, #1775 );
#795 = EDGE_LOOP( '', ( #1776, #1777, #1778, #1779 ) );
#796 = AXIS2_PLACEMENT_3D( '', #1780, #1781, #1782 );
#797 = EDGE_LOOP( '', ( #1783, #1784, #1785, #1786 ) );
#798 = AXIS2_PLACEMENT_3D( '', #1787, #1788, #1789 );
#799 = EDGE_LOOP( '', ( #1790, #1791, #1792, #1793 ) );
#800 = B_SPLINE_CURVE_WITH_KNOTS( '', 3, ( #1794, #1795, #1796, #1797, #1798, #1799 ), .UNSPECIFIED., .F., .F., ( 4, 1, 1, 4 ), ( 0.000000000000000, 0.0532287195897300, 0.974191998277100, 1.00000000000000 ), .UNSPECIFIED. );
#801 = VECTOR( '', #1800, 1.00000000000000 );
#802 = EDGE_LOOP( '', ( #1801, #1802, #1803, #1804 ) );
#803 = AXIS2_PLACEMENT_3D( '', #1805, #1806, #1807 );
#804 = EDGE_LOOP( '', ( #1808, #1809, #1810, #1811 ) );
#805 = AXIS2_PLACEMENT_3D( '', #1812, #1813, #1814 );
#806 = EDGE_LOOP( '', ( #1815, #1816, #1817, #1818 ) );
#807 = B_SPLINE_CURVE_WITH_KNOTS( '', 3, ( #1819, #1820, #1821, #1822, #1823, #1824, #1825, #1826, #1827 ), .UNSPECIFIED., .F., .F., ( 4, 1, 1, 1, 1, 1, 4 ), ( 0.000000000000000, 0.0192307692307700, 0.0693108974359000, 0.169471153846200, 0.710336538461500, 0.980769230769200, 1.00000000000000 ), .UNSPECIFIED. );
#808 = VECTOR( '', #1828, 1.00000000000000 );
#809 = EDGE_LOOP( '', ( #1829, #1830, #1831, #1832 ) );
#810 = AXIS2_PLACEMENT_3D( '', #1833, #1834, #1835 );
#811 = EDGE_LOOP( '', ( #1836, #1837, #1838, #1839, #1840, #1841, #1842, #1843 ) );
#812 = AXIS2_PLACEMENT_3D( '', #1844, #1845, #1846 );
#813 = EDGE_LOOP( '', ( #1847, #1848, #1849, #1850 ) );
#814 = AXIS2_PLACEMENT_3D( '', #1851, #1852, #1853 );
#815 = EDGE_LOOP( '', ( #1854, #1855, #1856, #1857 ) );
#816 = AXIS2_PLACEMENT_3D( '', #1858, #1859, #1860 );
#817 = EDGE_LOOP( '', ( #1861, #1862, #1863, #1864 ) );
#818 = B_SPLINE_CURVE_WITH_KNOTS( '', 3, ( #1865, #1866, #1867, #1868, #1869, #1870 ), .UNSPECIFIED., .F., .F., ( 4, 1, 1, 4 ), ( 0.000000000000000, 0.0147820248223900, 0.982525126977500, 1.00000000000000 ), .UNSPECIFIED. );
#819 = VECTOR( '', #1871, 1.00000000000000 );
#820 = EDGE_LOOP( '', ( #1872, #1873, #1874, #1875, #1876, #1877, #1878, #1879, #1880, #1881, #1882, #1883, #1884, #1885, #1886, #1887, #1888, #1889, #1890, #1891, #1892, #1893, #1894 ) );
#821 = EDGE_LOOP( '', ( #1895, #1896, #1897, #1898, #1899 ) );
#822 = EDGE_LOOP( '', ( #1900, #1901, #1902, #1903 ) );
#823 = EDGE_LOOP( '', ( #1904, #1905, #1906 ) );
#824 = AXIS2_PLACEMENT_3D( '', #1907, #1908, #1909 );
#825 = EDGE_LOOP( '', ( #1910, #1911, #1912, #1913 ) );
#826 = AXIS2_PLACEMENT_3D( '', #1914, #1915, #1916 );
#827 = EDGE_LOOP( '', ( #1917, #1918, #1919, #1920 ) );
#828 = AXIS2_PLACEMENT_3D( '', #1921, #1922, #1923 );
#829 = EDGE_LOOP( '', ( #1924, #1925, #1926, #1927 ) );
#830 = AXIS2_PLACEMENT_3D( '', #1928, #1929, #1930 );
#831 = EDGE_LOOP( '', ( #1931, #1932, #1933, #1934 ) );
#832 = AXIS2_PLACEMENT_3D( '', #1935, #1936, #1937 );
#833 = EDGE_LOOP( '', ( #1938, #1939, #1940, #1941 ) );
#834 = AXIS2_PLACEMENT_3D( '', #1942, #1943, #1944 );
#835 = EDGE_LOOP( '', ( #1945 ) );
#836 = AXIS2_PLACEMENT_3D( '', #1946, #1947, #1948 );
#837 = EDGE_LOOP( '', ( #1949, #1950, #1951, #1952 ) );
#838 = B_SPLINE_CURVE_WITH_KNOTS( '', 3, ( #1953, #1954, #1955, #1956, #1957, #1958, #1959, #1960, #1961 ), .UNSPECIFIED., .F., .F., ( 4, 1, 1, 1, 1, 1, 4 ), ( 0.000000000000000, 0.0318574175650800, 0.0806222699020400, 0.178151974576000, 0.704812379815300, 0.968142582434900, 1.00000000000000 ), .UNSPECIFIED. );
#839 = VECTOR( '', #1962, 1.00000000000000 );
#840 = EDGE_LOOP( '', ( #1963, #1964, #1965, #1966 ) );
#841 = AXIS2_PLACEMENT_3D( '', #1967, #1968, #1969 );
#842 = EDGE_LOOP( '', ( #1970, #1971, #1972, #1973 ) );
#843 = AXIS2_PLACEMENT_3D( '', #1974, #1975, #1976 );
#844 = EDGE_LOOP( '', ( #1977, #1978, #1979, #1980 ) );
#845 = B_SPLINE_CURVE_WITH_KNOTS( '', 3, ( #1981, #1982, #1983, #1984, #1985, #1986, #1987, #1988, #1989, #1990, #1991, #1992, #1993 ), .UNSPECIFIED., .F., .F., ( 4, 1, 1, 1, 1, 1, 1, 1, 1, 1, 4 ), ( 0.000000000000000, 0.00500989001953900, 0.226894913351900, 0.337837425018000, 0.393308680851100, 0.448779936684200, 0.516326796533100, 0.583873656382000, 0.718967376079900, 0.989154815475700, 1.00000000000000 ), .UNSPECIFIED. );
#846 = VECTOR( '', #1994, 1.00000000000000 );
#847 = EDGE_LOOP( '', ( #1995, #1996, #1997, #1998 ) );
#848 = B_SPLINE_CURVE_WITH_KNOTS( '', 3, ( #1999, #2000, #2001, #2002, #2003, #2004 ), .UNSPECIFIED., .F., .F., ( 4, 1, 1, 4 ), ( 0.000000000000000, 0.0101712180504100, 0.988866638200200, 1.00000000000000 ), .UNSPECIFIED. );
#849 = VECTOR( '', #2005, 1.00000000000000 );
#850 = EDGE_LOOP( '', ( #2006, #2007, #2008, #2009 ) );
#851 = B_SPLINE_CURVE_WITH_KNOTS( '', 3, ( #2010, #2011, #2012, #2013, #2014 ), .UNSPECIFIED., .F., .F., ( 4, 1, 4 ), ( 0.000000000000000, 0.988526071168300, 1.00000000000000 ), .UNSPECIFIED. );
#852 = VECTOR( '', #2015, 1.00000000000000 );
#853 = EDGE_LOOP( '', ( #2016, #2017, #2018, #2019, #2020, #2021, #2022, #2023, #2024, #2025, #2026, #2027 ) );
#854 = AXIS2_PLACEMENT_3D( '', #2028, #2029, #2030 );
#855 = EDGE_LOOP( '', ( #2031, #2032, #2033, #2034 ) );
#856 = B_SPLINE_CURVE_WITH_KNOTS( '', 3, ( #2035, #2036, #2037, #2038, #2039, #2040, #2041, #2042, #2043 ), .UNSPECIFIED., .F., .F., ( 4, 1, 1, 1, 1, 1, 4 ), ( 0.000000000000000, 0.0192307692307700, 0.0693108974359000, 0.169471153846200, 0.710336538461500, 0.980769230769200, 1.00000000000000 ), .UNSPECIFIED. );
#857 = VECTOR( '', #2044, 1.00000000000000 );
#858 = EDGE_LOOP( '', ( #2045, #2046, #2047, #2048 ) );
#859 = B_SPLINE_CURVE_WITH_KNOTS( '', 3, ( #2049, #2050, #2051, #2052, #2053, #2054, #2055, #2056, #2057 ), .UNSPECIFIED., .F., .F., ( 4, 1, 1, 1, 1, 1, 4 ), ( 0.000000000000000, 0.0192307692307700, 0.0693108974359000, 0.169471153846200, 0.710336538461500, 0.980769230769200, 1.00000000000000 ), .UNSPECIFIED. );
#860 = VECTOR( '', #2058, 1.00000000000000 );
#861 = EDGE_LOOP( '', ( #2059, #2060, #2061, #2062, #2063, #2064 ) );
#862 = AXIS2_PLACEMENT_3D( '', #2065, #2066, #2067 );
#863 = EDGE_LOOP( '', ( #2068 ) );
#864 = EDGE_LOOP( '', ( #2069 ) );
#865 = AXIS2_PLACEMENT_3D( '', #2070, #2071, #2072 );
#866 = EDGE_LOOP( '', ( #2073, #2074, #2075, #2076 ) );
#867 = EDGE_LOOP( '', ( #2077 ) );
#868 = AXIS2_PLACEMENT_3D( '', #2078, #2079, #2080 );
#869 = EDGE_LOOP( '', ( #2081 ) );
#870 = EDGE_LOOP( '', ( #2082, #2083, #2084, #2085 ) );
#871 = EDGE_LOOP( '', ( #2086 ) );
#872 = EDGE_LOOP( '', ( #2087, #2088, #2089, #2090 ) );
#873 = AXIS2_PLACEMENT_3D( '', #2091, #2092, #2093 );
#874 = EDGE_LOOP( '', ( #2094, #2095, #2096, #2097 ) );
#875 = B_SPLINE_CURVE_WITH_KNOTS( '', 3, ( #2098, #2099, #2100, #2101, #2102, #2103, #2104, #2105, #2106 ), .UNSPECIFIED., .F., .F., ( 4, 1, 1, 1, 1, 1, 4 ), ( 0.000000000000000, 0.0383860378513500, 0.0864708255751700, 0.182640401022800, 0.701956108440000, 0.961613962148700, 1.00000000000000 ), .UNSPECIFIED. );
#876 = VECTOR( '', #2107, 1.00000000000000 );
#877 = EDGE_LOOP( '', ( #2108, #2109, #2110, #2111 ) );
#878 = B_SPLINE_CURVE_WITH_KNOTS( '', 3, ( #2112, #2113, #2114, #2115, #2116, #2117 ), .UNSPECIFIED., .F., .F., ( 4, 1, 1, 4 ), ( 0.000000000000000, 0.0275364571937200, 0.973086935751600, 1.00000000000000 ), .UNSPECIFIED. );
#879 = VECTOR( '', #2118, 1.00000000000000 );
#880 = EDGE_LOOP( '', ( #2119, #2120, #2121, #2122 ) );
#881 = B_SPLINE_CURVE_WITH_KNOTS( '', 3, ( #2123, #2124, #2125, #2126, #2127, #2128, #2129, #2130 ), .UNSPECIFIED., .F., .F., ( 4, 1, 1, 1, 1, 4 ), ( 0.000000000000000, 0.0192307692308300, 0.339743589743500, 0.660256410256200, 0.980769230768800, 1.00000000000000 ), .UNSPECIFIED. );
#882 = VECTOR( '', #2131, 1.00000000000000 );
#883 = EDGE_LOOP( '', ( #2132, #2133, #2134, #2135 ) );
#884 = B_SPLINE_CURVE_WITH_KNOTS( '', 3, ( #2136, #2137, #2138, #2139 ), .UNSPECIFIED., .F., .F., ( 4, 4 ), ( 0.000000000000000, 1.00000000000000 ), .UNSPECIFIED. );
#885 = VECTOR( '', #2140, 1.00000000000000 );
#886 = EDGE_LOOP( '', ( #2141, #2142, #2143, #2144 ) );
#887 = AXIS2_PLACEMENT_3D( '', #2145, #2146, #2147 );
#888 = EDGE_LOOP( '', ( #2148, #2149, #2150, #2151 ) );
#889 = AXIS2_PLACEMENT_3D( '', #2152, #2153, #2154 );
#890 = EDGE_LOOP( '', ( #2155, #2156, #2157, #2158 ) );
#891 = AXIS2_PLACEMENT_3D( '', #2159, #2160, #2161 );
#892 = EDGE_LOOP( '', ( #2162, #2163, #2164, #2165 ) );
#893 = AXIS2_PLACEMENT_3D( '', #2166, #2167, #2168 );
#894 = EDGE_LOOP( '', ( #2169, #2170, #2171, #2172 ) );
#895 = AXIS2_PLACEMENT_3D( '', #2173, #2174, #2175 );
#896 = EDGE_LOOP( '', ( #2176, #2177, #2178, #2179 ) );
#897 = AXIS2_PLACEMENT_3D( '', #2180, #2181, #2182 );
#898 = EDGE_LOOP( '', ( #2183, #2184, #2185, #2186 ) );
#899 = AXIS2_PLACEMENT_3D( '', #2187, #2188, #2189 );
#900 = EDGE_LOOP( '', ( #2190, #2191 ) );
#901 = EDGE_LOOP( '', ( #2192, #2193, #2194, #2195, #2196, #2197 ) );
#902 = AXIS2_PLACEMENT_3D( '', #2198, #2199, #2200 );
#903 = EDGE_LOOP( '', ( #2201 ) );
#904 = EDGE_LOOP( '', ( #2202, #2203 ) );
#905 = AXIS2_PLACEMENT_3D( '', #2204, #2205, #2206 );
#906 = EDGE_LOOP( '', ( #2207, #2208, #2209, #2210, #2211, #2212, #2213, #2214, #2215, #2216, #2217, #2218 ) );
#907 = AXIS2_PLACEMENT_3D( '', #2219, #2220, #2221 );
#908 = EDGE_LOOP( '', ( #2222 ) );
#909 = AXIS2_PLACEMENT_3D( '', #2223, #2224, #2225 );
#910 = EDGE_LOOP( '', ( #2226, #2227, #2228, #2229 ) );
#911 = AXIS2_PLACEMENT_3D( '', #2230, #2231, #2232 );
#912 = EDGE_LOOP( '', ( #2233 ) );
#913 = AXIS2_PLACEMENT_3D( '', #2234, #2235, #2236 );
#914 = EDGE_LOOP( '', ( #2237 ) );
#915 = EDGE_LOOP( '', ( #2238 ) );
#916 = AXIS2_PLACEMENT_3D( '', #2239, #2240, #2241 );
#917 = EDGE_LOOP( '', ( #2242 ) );
#918 = AXIS2_PLACEMENT_3D( '', #2243, #2244, #2245 );
#919 = EDGE_LOOP( '', ( #2246, #2247, #2248, #2249 ) );
#920 = AXIS2_PLACEMENT_3D( '', #2250, #2251, #2252 );
#921 = EDGE_LOOP( '', ( #2253, #2254, #2255, #2256 ) );
#922 = B_SPLINE_CURVE_WITH_KNOTS( '', 3, ( #2257, #2258, #2259, #2260, #2261, #2262, #2263, #2264, #2265 ), .UNSPECIFIED., .F., .F., ( 4, 1, 1, 1, 1, 1, 4 ), ( 0.000000000000000, 0.0335573803184100, 0.0821451532019100, 0.179320698968900, 0.704068646110700, 0.966442619681600, 1.00000000000000 ), .UNSPECIFIED. );
#923 = VECTOR( '', #2266, 1.00000000000000 );
#924 = EDGE_LOOP( '', ( #2267, #2268, #2269, #2270 ) );
#925 = B_SPLINE_CURVE_WITH_KNOTS( '', 3, ( #2271, #2272, #2273, #2274, #2275 ), .UNSPECIFIED., .F., .F., ( 4, 1, 4 ), ( 0.000000000000000, 0.0172022231523000, 1.00000000000000 ), .UNSPECIFIED. );
#926 = VECTOR( '', #2276, 1.00000000000000 );
#927 = EDGE_LOOP( '', ( #2277, #2278, #2279, #2280 ) );
#928 = AXIS2_PLACEMENT_3D( '', #2281, #2282, #2283 );
#929 = EDGE_LOOP( '', ( #2284, #2285, #2286, #2287 ) );
#930 = AXIS2_PLACEMENT_3D( '', #2288, #2289, #2290 );
#931 = EDGE_LOOP( '', ( #2291, #2292, #2293, #2294 ) );
#932 = AXIS2_PLACEMENT_3D( '', #2295, #2296, #2297 );
#933 = EDGE_LOOP( '', ( #2298, #2299, #2300, #2301 ) );
#934 = AXIS2_PLACEMENT_3D( '', #2302, #2303, #2304 );
#935 = EDGE_LOOP( '', ( #2305, #2306, #2307, #2308 ) );
#936 = AXIS2_PLACEMENT_3D( '', #2309, #2310, #2311 );
#937 = EDGE_LOOP( '', ( #2312, #2313, #2314, #2315 ) );
#938 = AXIS2_PLACEMENT_3D( '', #2316, #2317, #2318 );
#939 = EDGE_LOOP( '', ( #2319, #2320, #2321, #2322 ) );
#940 = AXIS2_PLACEMENT_3D( '', #2323, #2324, #2325 );
#941 = EDGE_LOOP( '', ( #2326 ) );
#942 = AXIS2_PLACEMENT_3D( '', #2327, #2328, #2329 );
#943 = EDGE_LOOP( '', ( #2330 ) );
#944 = EDGE_LOOP( '', ( #2331 ) );
#945 = AXIS2_PLACEMENT_3D( '', #2332, #2333, #2334 );
#946 = EDGE_LOOP( '', ( #2335 ) );
#947 = AXIS2_PLACEMENT_3D( '', #2336, #2337, #2338 );
#948 = EDGE_LOOP( '', ( #2339 ) );
#949 = AXIS2_PLACEMENT_3D( '', #2340, #2341, #2342 );
#950 = EDGE_LOOP( '', ( #2343, #2344, #2345, #2346 ) );
#951 = AXIS2_PLACEMENT_3D( '', #2347, #2348, #2349 );
#952 = EDGE_LOOP( '', ( #2350, #2351, #2352, #2353 ) );
#953 = AXIS2_PLACEMENT_3D( '', #2354, #2355, #2356 );
#954 = EDGE_LOOP( '', ( #2357, #2358, #2359, #2360, #2361, #2362 ) );
#955 = AXIS2_PLACEMENT_3D( '', #2363, #2364, #2365 );
#956 = EDGE_LOOP( '', ( #2366, #2367, #2368, #2369 ) );
#957 = AXIS2_PLACEMENT_3D( '', #2370, #2371, #2372 );
#958 = EDGE_LOOP( '', ( #2373, #2374, #2375, #2376 ) );
#959 = AXIS2_PLACEMENT_3D( '', #2377, #2378, #2379 );
#960 = EDGE_LOOP( '', ( #2380, #2381, #2382, #2383 ) );
#961 = AXIS2_PLACEMENT_3D( '', #2384, #2385, #2386 );
#962 = EDGE_LOOP( '', ( #2387, #2388, #2389, #2390 ) );
#963 = AXIS2_PLACEMENT_3D( '', #2391, #2392, #2393 );
#964 = EDGE_LOOP( '', ( #2394, #2395, #2396, #2397 ) );
#965 = AXIS2_PLACEMENT_3D( '', #2398, #2399, #2400 );
#966 = EDGE_LOOP( '', ( #2401, #2402, #2403, #2404 ) );
#967 = AXIS2_PLACEMENT_3D( '', #2405, #2406, #2407 );
#968 = EDGE_LOOP( '', ( #2408, #2409, #2410, #2411 ) );
#969 = B_SPLINE_CURVE_WITH_KNOTS( '', 3, ( #2412, #2413, #2414, #2415, #2416, #2417, #2418 ), .UNSPECIFIED., .F., .F., ( 4, 1, 1, 1, 4 ), ( 0.000000000000000, 0.0280611039417000, 0.102403686530700, 0.251088851708700, 1.00000000000000 ), .UNSPECIFIED. );
#970 = VECTOR( '', #2419, 1.00000000000000 );
#971 = EDGE_LOOP( '', ( #2420, #2421, #2422 ) );
#972 = AXIS2_PLACEMENT_3D( '', #2423, #2424, #2425 );
#973 = EDGE_LOOP( '', ( #2426, #2427, #2428, #2429, #2430 ) );
#974 = AXIS2_PLACEMENT_3D( '', #2431, #2432, #2433 );
#975 = EDGE_LOOP( '', ( #2434, #2435, #2436, #2437 ) );
#976 = AXIS2_PLACEMENT_3D( '', #2438, #2439, #2440 );
#977 = EDGE_LOOP( '', ( #2441, #2442, #2443, #2444 ) );
#978 = B_SPLINE_CURVE_WITH_KNOTS( '', 3, ( #2445, #2446, #2447, #2448, #2449, #2450 ), .UNSPECIFIED., .F., .F., ( 4, 1, 1, 4 ), ( 0.000000000000000, 0.0135789700682600, 0.985981903411500, 1.00000000000000 ), .UNSPECIFIED. );
#979 = VECTOR( '', #2451, 1.00000000000000 );
#980 = EDGE_LOOP( '', ( #2452, #2453, #2454, #2455 ) );
#981 = AXIS2_PLACEMENT_3D( '', #2456, #2457, #2458 );
#982 = EDGE_LOOP( '', ( #2459, #2460, #2461, #2462 ) );
#983 = AXIS2_PLACEMENT_3D( '', #2463, #2464, #2465 );
#984 = EDGE_LOOP( '', ( #2466, #2467, #2468, #2469 ) );
#985 = B_SPLINE_CURVE_WITH_KNOTS( '', 3, ( #2470, #2471, #2472, #2473, #2474 ), .UNSPECIFIED., .F., .F., ( 4, 1, 4 ), ( 0.000000000000000, 0.981992407455900, 1.00000000000000 ), .UNSPECIFIED. );
#986 = VECTOR( '', #2475, 1.00000000000000 );
#987 = EDGE_LOOP( '', ( #2476, #2477, #2478, #2479, #2480, #2481, #2482, #2483 ) );
#988 = AXIS2_PLACEMENT_3D( '', #2484, #2485, #2486 );
#989 = EDGE_LOOP( '', ( #2487, #2488, #2489, #2490, #2491, #2492, #2493, #2494 ) );
#990 = AXIS2_PLACEMENT_3D( '', #2495, #2496, #2497 );
#991 = EDGE_LOOP( '', ( #2498, #2499, #2500, #2501 ) );
#992 = AXIS2_PLACEMENT_3D( '', #2502, #2503, #2504 );
#993 = EDGE_LOOP( '', ( #2505 ) );
#994 = AXIS2_PLACEMENT_3D( '', #2506, #2507, #2508 );
#995 = EDGE_LOOP( '', ( #2509 ) );
#996 = AXIS2_PLACEMENT_3D( '', #2510, #2511, #2512 );
#997 = EDGE_LOOP( '', ( #2513 ) );
#998 = EDGE_LOOP( '', ( #2514 ) );
#999 = AXIS2_PLACEMENT_3D( '', #2515, #2516, #2517 );
#1000 = EDGE_LOOP( '', ( #2518, #2519, #2520, #2521 ) );
#1001 = AXIS2_PLACEMENT_3D( '', #2522, #2523, #2524 );
#1002 = EDGE_LOOP( '', ( #2525 ) );
#1003 = EDGE_LOOP( '', ( #2526 ) );
#1004 = AXIS2_PLACEMENT_3D( '', #2527, #2528, #2529 );
#1005 = EDGE_LOOP( '', ( #2530 ) );
#1006 = EDGE_LOOP( '', ( #2531 ) );
#1007 = AXIS2_PLACEMENT_3D( '', #2532, #2533, #2534 );
#1008 = EDGE_LOOP( '', ( #2535, #2536, #2537, #2538 ) );
#1009 = B_SPLINE_CURVE_WITH_KNOTS( '', 3, ( #2539, #2540, #2541, #2542, #2543, #2544, #2545, #2546, #2547 ), .UNSPECIFIED., .F., .F., ( 4, 1, 1, 1, 1, 1, 4 ), ( 0.000000000000000, 0.0192307692307700, 0.0693108974359000, 0.169471153846100, 0.710336538461500, 0.980769230769200, 1.00000000000000 ), .UNSPECIFIED. );
#1010 = VECTOR( '', #2548, 1.00000000000000 );
#1011 = EDGE_LOOP( '', ( #2549, #2550, #2551, #2552 ) );
#1012 = AXIS2_PLACEMENT_3D( '', #2553, #2554, #2555 );
#1013 = EDGE_LOOP( '', ( #2556, #2557, #2558, #2559 ) );
#1014 = B_SPLINE_CURVE_WITH_KNOTS( '', 3, ( #2560, #2561, #2562, #2563, #2564, #2565, #2566, #2567, #2568 ), .UNSPECIFIED., .F., .F., ( 4, 1, 1, 1, 1, 1, 4 ), ( 0.000000000000000, 0.0192307692307700, 0.0693108974359000, 0.169471153846200, 0.710336538461500, 0.980769230769200, 1.00000000000000 ), .UNSPECIFIED. );
#1015 = VECTOR( '', #2569, 1.00000000000000 );
#1016 = ORIENTED_EDGE( '', *, *, #2570, .F. );
#1017 = ORIENTED_EDGE( '', *, *, #2571, .T. );
#1018 = ORIENTED_EDGE( '', *, *, #2572, .T. );
#1019 = ORIENTED_EDGE( '', *, *, #2573, .T. );
#1020 = ORIENTED_EDGE( '', *, *, #2574, .F. );
#1021 = ORIENTED_EDGE( '', *, *, #2575, .F. );
#1022 = ORIENTED_EDGE( '', *, *, #2576, .F. );
#1023 = ORIENTED_EDGE( '', *, *, #2577, .T. );
#1024 = ORIENTED_EDGE( '', *, *, #2578, .T. );
#1025 = ORIENTED_EDGE( '', *, *, #2579, .T. );
#1026 = ORIENTED_EDGE( '', *, *, #2580, .T. );
#1027 = ORIENTED_EDGE( '', *, *, #2581, .T. );
#1028 = ORIENTED_EDGE( '', *, *, #2582, .T. );
#1029 = ORIENTED_EDGE( '', *, *, #2583, .T. );
#1030 = ORIENTED_EDGE( '', *, *, #2584, .T. );
#1031 = ORIENTED_EDGE( '', *, *, #2585, .T. );
#1032 = ORIENTED_EDGE( '', *, *, #2586, .T. );
#1033 = ORIENTED_EDGE( '', *, *, #2587, .T. );
#1034 = ORIENTED_EDGE( '', *, *, #2588, .T. );
#1035 = ORIENTED_EDGE( '', *, *, #2589, .T. );
#1036 = ORIENTED_EDGE( '', *, *, #2590, .T. );
#1037 = ORIENTED_EDGE( '', *, *, #2591, .T. );
#1038 = ORIENTED_EDGE( '', *, *, #2592, .T. );
#1039 = ORIENTED_EDGE( '', *, *, #2593, .T. );
#1040 = ORIENTED_EDGE( '', *, *, #2594, .T. );
#1041 = ORIENTED_EDGE( '', *, *, #2595, .T. );
#1042 = ORIENTED_EDGE( '', *, *, #2596, .T. );
#1043 = ORIENTED_EDGE( '', *, *, #2597, .T. );
#1044 = ORIENTED_EDGE( '', *, *, #2598, .T. );
#1045 = ORIENTED_EDGE( '', *, *, #2599, .T. );
#1046 = ORIENTED_EDGE( '', *, *, #2600, .T. );
#1047 = ORIENTED_EDGE( '', *, *, #2601, .T. );
#1048 = ORIENTED_EDGE( '', *, *, #2602, .T. );
#1049 = ORIENTED_EDGE( '', *, *, #2603, .T. );
#1050 = ORIENTED_EDGE( '', *, *, #2604, .T. );
#1051 = ORIENTED_EDGE( '', *, *, #2605, .T. );
#1052 = ORIENTED_EDGE( '', *, *, #2606, .T. );
#1053 = ORIENTED_EDGE( '', *, *, #2607, .T. );
#1054 = ORIENTED_EDGE( '', *, *, #2608, .T. );
#1055 = ORIENTED_EDGE( '', *, *, #2609, .T. );
#1056 = ORIENTED_EDGE( '', *, *, #2610, .T. );
#1057 = ORIENTED_EDGE( '', *, *, #2611, .T. );
#1058 = ORIENTED_EDGE( '', *, *, #2612, .T. );
#1059 = ORIENTED_EDGE( '', *, *, #2613, .T. );
#1060 = ORIENTED_EDGE( '', *, *, #2614, .F. );
#1061 = ORIENTED_EDGE( '', *, *, #2615, .F. );
#1062 = ORIENTED_EDGE( '', *, *, #2616, .T. );
#1063 = ORIENTED_EDGE( '', *, *, #2617, .T. );
#1064 = ORIENTED_EDGE( '', *, *, #2618, .F. );
#1065 = ORIENTED_EDGE( '', *, *, #2619, .F. );
#1066 = ORIENTED_EDGE( '', *, *, #2620, .T. );
#1067 = ORIENTED_EDGE( '', *, *, #2621, .T. );
#1068 = ORIENTED_EDGE( '', *, *, #2622, .F. );
#1069 = ORIENTED_EDGE( '', *, *, #2623, .F. );
#1070 = ORIENTED_EDGE( '', *, *, #2624, .T. );
#1071 = ORIENTED_EDGE( '', *, *, #2625, .T. );
#1072 = ORIENTED_EDGE( '', *, *, #2626, .F. );
#1073 = ORIENTED_EDGE( '', *, *, #2627, .F. );
#1074 = ORIENTED_EDGE( '', *, *, #2628, .T. );
#1075 = ORIENTED_EDGE( '', *, *, #2629, .T. );
#1076 = ORIENTED_EDGE( '', *, *, #2630, .F. );
#1077 = ORIENTED_EDGE( '', *, *, #2631, .F. );
#1078 = ORIENTED_EDGE( '', *, *, #2632, .T. );
#1079 = ORIENTED_EDGE( '', *, *, #2633, .T. );
#1080 = ORIENTED_EDGE( '', *, *, #2634, .F. );
#1081 = ORIENTED_EDGE( '', *, *, #2635, .F. );
#1082 = ORIENTED_EDGE( '', *, *, #2636, .T. );
#1083 = ORIENTED_EDGE( '', *, *, #2637, .T. );
#1084 = ORIENTED_EDGE( '', *, *, #2638, .F. );
#1085 = ORIENTED_EDGE( '', *, *, #2639, .F. );
#1086 = ORIENTED_EDGE( '', *, *, #2640, .T. );
#1087 = ORIENTED_EDGE( '', *, *, #2641, .T. );
#1088 = ORIENTED_EDGE( '', *, *, #2642, .F. );
#1089 = ORIENTED_EDGE( '', *, *, #2643, .F. );
#1090 = CARTESIAN_POINT( '', ( 0.000000000000000, -0.00646999999999952, 0.000000000000000 ) );
#1091 = DIRECTION( '', ( 0.000000000000000, 1.00000000000000, 0.000000000000000 ) );
#1092 = DIRECTION( '', ( 1.00000000000000, 0.000000000000000, -0.000000000000000 ) );
#1093 = ORIENTED_EDGE( '', *, *, #2644, .F. );
#1094 = ORIENTED_EDGE( '', *, *, #2645, .F. );
#1095 = ORIENTED_EDGE( '', *, *, #2597, .F. );
#1096 = ORIENTED_EDGE( '', *, *, #2646, .T. );
#1097 = CARTESIAN_POINT( '', ( -0.000196836520057897, -0.00647000000025352, 0.000765441746802802 ) );
#1098 = CARTESIAN_POINT( '', ( -0.000194941707102039, -0.00647000000025352, 0.000765441746802802 ) );
#1099 = CARTESIAN_POINT( '', ( -0.000188148110584306, -0.00647000000025352, 0.000765441746802802 ) );
#1100 = CARTESIAN_POINT( '', ( -0.000171556946942748, -0.00647000000025352, 0.000765441746802802 ) );
#1101 = CARTESIAN_POINT( '', ( -0.000103953733788510, -0.00647000000025352, 0.000765441746802802 ) );
#1102 = CARTESIAN_POINT( '', ( -1.47958729619109E-05, -0.00647000000025352, 0.000765441746802802 ) );
#1103 = CARTESIAN_POINT( '', ( 6.64458223732914E-05, -0.00647000000025352, 0.000765441746802802 ) );
#1104 = CARTESIAN_POINT( '', ( 9.47806547319614E-05, -0.00647000000025352, 0.000765441746802802 ) );
#1105 = CARTESIAN_POINT( '', ( 9.66620558563500E-05, -0.00647000000025352, 0.000765441746802802 ) );
#1106 = DIRECTION( '', ( 0.000000000000000, -1.00000000000000, 0.000000000000000 ) );
#1107 = ORIENTED_EDGE( '', *, *, #2647, .T. );
#1108 = ORIENTED_EDGE( '', *, *, #2648, .F. );
#1109 = ORIENTED_EDGE( '', *, *, #2649, .F. );
#1110 = ORIENTED_EDGE( '', *, *, #2587, .F. );
#1111 = CARTESIAN_POINT( '', ( 0.000430314303694284, -0.00647000000025352, -0.000197022309465871 ) );
#1112 = CARTESIAN_POINT( '', ( 0.000433054415429188, -0.00647000000025352, -0.000197022309465871 ) );
#1113 = CARTESIAN_POINT( '', ( 0.000442930234807558, -0.00647000000025352, -0.000197022309465871 ) );
#1114 = CARTESIAN_POINT( '', ( 0.000467077469472860, -0.00647000000025352, -0.000197022309465871 ) );
#1115 = CARTESIAN_POINT( '', ( 0.000565550234951116, -0.00647000000025352, -0.000197022309465871 ) );
#1116 = CARTESIAN_POINT( '', ( 0.000695420114060216, -0.00647000000025352, -0.000197022309465871 ) );
#1117 = CARTESIAN_POINT( '', ( 0.000813758689617796, -0.00647000000025352, -0.000197022309465871 ) );
#1118 = CARTESIAN_POINT( '', ( 0.000855031622626756, -0.00647000000025352, -0.000197022309465871 ) );
#1119 = CARTESIAN_POINT( '', ( 0.000857771734361914, -0.00647000000025352, -0.000197022309465871 ) );
#1120 = DIRECTION( '', ( 0.000000000000000, -1.00000000000000, 0.000000000000000 ) );
#1121 = ORIENTED_EDGE( '', *, *, #2650, .F. );
#1122 = ORIENTED_EDGE( '', *, *, #2651, .F. );
#1123 = ORIENTED_EDGE( '', *, *, #2652, .T. );
#1124 = ORIENTED_EDGE( '', *, *, #2653, .T. );
#1125 = ORIENTED_EDGE( '', *, *, #2654, .F. );
#1126 = ORIENTED_EDGE( '', *, *, #2655, .T. );
#1127 = ORIENTED_EDGE( '', *, *, #2656, .T. );
#1128 = ORIENTED_EDGE( '', *, *, #2657, .F. );
#1129 = CARTESIAN_POINT( '', ( 0.000000000000000, -0.00199999999999987, 0.000000000000000 ) );
#1130 = DIRECTION( '', ( 0.000000000000000, -1.00000000000000, -0.000000000000000 ) );
#1131 = DIRECTION( '', ( 0.000000000000000, 0.000000000000000, 1.00000000000000 ) );
#1132 = ORIENTED_EDGE( '', *, *, #2658, .F. );
#1133 = ORIENTED_EDGE( '', *, *, #2575, .T. );
#1134 = CARTESIAN_POINT( '', ( 0.000000000000000, -0.00646999999999952, 0.00399999999999924 ) );
#1135 = DIRECTION( '', ( 0.000000000000000, 1.00000000000000, -0.000000000000000 ) );
#1136 = DIRECTION( '', ( -1.00000000000000, 0.000000000000000, 0.000000000000000 ) );
#1137 = ORIENTED_EDGE( '', *, *, #2659, .T. );
#1138 = ORIENTED_EDGE( '', *, *, #2660, .F. );
#1139 = ORIENTED_EDGE( '', *, *, #2661, .F. );
#1140 = ORIENTED_EDGE( '', *, *, #2662, .F. );
#1141 = CARTESIAN_POINT( '', ( 0.000189707647895071, -0.00647000000025352, 0.000559449906063914 ) );
#1142 = CARTESIAN_POINT( '', ( 0.000190331236520332, -0.00647000000025352, 0.000558251266323784 ) );
#1143 = CARTESIAN_POINT( '', ( 0.000192362590689111, -0.00647000000025352, 0.000554346670033678 ) );
#1144 = CARTESIAN_POINT( '', ( 0.000197209475944852, -0.00647000000025352, 0.000545030160643112 ) );
#1145 = CARTESIAN_POINT( '', ( 0.000216636640445131, -0.00647000000025352, 0.000507687960250954 ) );
#1146 = CARTESIAN_POINT( '', ( 0.000242257973336780, -0.00647000000025352, 0.000458439551038292 ) );
#1147 = CARTESIAN_POINT( '', ( 0.000265687363766704, -0.00647000000025352, 0.000413404415185960 ) );
#1148 = CARTESIAN_POINT( '', ( 0.000273912886326802, -0.00647000000025352, 0.000397593610075096 ) );
#1149 = CARTESIAN_POINT( '', ( 0.000274536474952114, -0.00647000000025352, 0.000396394970334966 ) );
#1150 = DIRECTION( '', ( 0.000000000000000, -1.00000000000000, 0.000000000000000 ) );
#1151 = ORIENTED_EDGE( '', *, *, #2663, .T. );
#1152 = ORIENTED_EDGE( '', *, *, #2664, .F. );
#1153 = ORIENTED_EDGE( '', *, *, #2659, .F. );
#1154 = ORIENTED_EDGE( '', *, *, #2665, .F. );
#1155 = CARTESIAN_POINT( '', ( 0.000281644122694880, -0.00647000000025352, 0.000582701137598442 ) );
#1156 = CARTESIAN_POINT( '', ( 0.000280851725981226, -0.00647000000025352, 0.000582711290410750 ) );
#1157 = CARTESIAN_POINT( '', ( 0.000239424425879248, -0.00647000000025352, 0.000582976181194658 ) );
#1158 = CARTESIAN_POINT( '', ( 0.000213874332123099, -0.00647000000025352, 0.000568889320656218 ) );
#1159 = CARTESIAN_POINT( '', ( 0.000190223093994174, -0.00647000000025352, 0.000555062323133484 ) );
#1160 = CARTESIAN_POINT( '', ( 0.000189546814625323, -0.00647000000025352, 0.000554666835077624 ) );
#1161 = DIRECTION( '', ( 0.000000000000000, -1.00000000000000, 0.000000000000000 ) );
#1162 = ORIENTED_EDGE( '', *, *, #2666, .T. );
#1163 = ORIENTED_EDGE( '', *, *, #2667, .F. );
#1164 = ORIENTED_EDGE( '', *, *, #2668, .F. );
#1165 = ORIENTED_EDGE( '', *, *, #2593, .F. );
#1166 = CARTESIAN_POINT( '', ( -0.000849119102486110, -0.00647000000025352, 0.000775562457253238 ) );
#1167 = CARTESIAN_POINT( '', ( -0.000848389945412042, -0.00647000000025352, 0.000772214543580016 ) );
#1168 = CARTESIAN_POINT( '', ( -0.000845761941790996, -0.00647000000025352, 0.000760148104715990 ) );
#1169 = CARTESIAN_POINT( '', ( -0.000839336245075740, -0.00647000000025352, 0.000730644615470102 ) );
#1170 = CARTESIAN_POINT( '', ( -0.000813132162726580, -0.00647000000025352, 0.000610328967836448 ) );
#1171 = CARTESIAN_POINT( '', ( -0.000778573155570412, -0.00647000000025352, 0.000451651809363104 ) );
#1172 = CARTESIAN_POINT( '', ( -0.000747082684434386, -0.00647000000025352, 0.000307063787598400 ) );
#1173 = CARTESIAN_POINT( '', ( -0.000736099756006078, -0.00647000000025352, 0.000256635837894430 ) );
#1174 = CARTESIAN_POINT( '', ( -0.000735370598932010, -0.00647000000025352, 0.000253287924221183 ) );
#1175 = DIRECTION( '', ( 0.000000000000000, -1.00000000000000, 0.000000000000000 ) );
#1176 = ORIENTED_EDGE( '', *, *, #2669, .T. );
#1177 = ORIENTED_EDGE( '', *, *, #2670, .F. );
#1178 = ORIENTED_EDGE( '', *, *, #2671, .F. );
#1179 = ORIENTED_EDGE( '', *, *, #2603, .F. );
#1180 = CARTESIAN_POINT( '', ( 0.000107298956643542, -0.00647000000025352, -0.000204682432261520 ) );
#1181 = CARTESIAN_POINT( '', ( 0.000104798817921071, -0.00647000000025352, -0.000204707057590400 ) );
#1182 = CARTESIAN_POINT( '', ( 5.97885725530450E-05, -0.00647000000025352, -0.000204931001523588 ) );
#1183 = CARTESIAN_POINT( '', ( -2.07607434611174E-05, -0.00647000000025352, -0.000197492534906698 ) );
#1184 = CARTESIAN_POINT( '', ( -9.46433535779130E-05, -0.00647000000025352, -0.000166731072049584 ) );
#1185 = CARTESIAN_POINT( '', ( -0.000134628222619928, -0.00647000000025352, -0.000126863609800746 ) );
#1186 = CARTESIAN_POINT( '', ( -0.000153876686940296, -0.00647000000025352, -8.88305730373048E-05 ) );
#1187 = CARTESIAN_POINT( '', ( -0.000159946831226958, -0.00647000000025352, -4.97399321040618E-05 ) );
#1188 = CARTESIAN_POINT( '', ( -0.000158293699711459, -0.00647000000025352, -1.41157983122611E-05 ) );
#1189 = CARTESIAN_POINT( '', ( -0.000152671303500775, -0.00647000000025352, 2.07868321173143E-05 ) );
#1190 = CARTESIAN_POINT( '', ( -0.000141180080357436, -0.00647000000025352, 5.98391333610926E-05 ) );
#1191 = CARTESIAN_POINT( '', ( -0.000116889086214273, -0.00647000000025352, 0.000110397341131572 ) );
#1192 = CARTESIAN_POINT( '', ( -7.43326199969468E-05, -0.00647000000025352, 0.000163979975593673 ) );
#1193 = CARTESIAN_POINT( '', ( -9.00091943404842E-06, -0.00647000000025352, 0.000218226144062257 ) );
#1194 = CARTESIAN_POINT( '', ( 4.27219970003868E-05, -0.00647000000025352, 0.000253539066995426 ) );
#1195 = CARTESIAN_POINT( '', ( 7.03959337422680E-05, -0.00647000000025352, 0.000272462874607832 ) );
#1196 = CARTESIAN_POINT( '', ( 7.24641316982692E-05, -0.00647000000025352, 0.000273878152818926 ) );
#1197 = DIRECTION( '', ( 0.000000000000000, -1.00000000000000, 0.000000000000000 ) );
#1198 = ORIENTED_EDGE( '', *, *, #2672, .F. );
#1199 = ORIENTED_EDGE( '', *, *, #2673, .F. );
#1200 = ORIENTED_EDGE( '', *, *, #2674, .F. );
#1201 = ORIENTED_EDGE( '', *, *, #2675, .F. );
#1202 = CARTESIAN_POINT( '', ( 0.000000000000000, -0.00199999999999987, 0.000000000000000 ) );
#1203 = DIRECTION( '', ( 0.000000000000000, 1.00000000000000, 0.000000000000000 ) );
#1204 = DIRECTION( '', ( 1.00000000000000, 0.000000000000000, -0.000000000000000 ) );
#1205 = ORIENTED_EDGE( '', *, *, #2676, .T. );
#1206 = ORIENTED_EDGE( '', *, *, #2677, .F. );
#1207 = ORIENTED_EDGE( '', *, *, #2678, .F. );
#1208 = ORIENTED_EDGE( '', *, *, #2582, .F. );
#1209 = CARTESIAN_POINT( '', ( 0.000919578956956264, -0.00647000000025352, 0.000133484426724796 ) );
#1210 = CARTESIAN_POINT( '', ( 0.000916838588656468, -0.00647000000025352, 0.000133484426724796 ) );
#1211 = CARTESIAN_POINT( '', ( 0.000906961844575858, -0.00647000000025352, 0.000133484426724796 ) );
#1212 = CARTESIAN_POINT( '', ( 0.000882812348933874, -0.00647000000025352, 0.000133484426724796 ) );
#1213 = CARTESIAN_POINT( '', ( 0.000784330363159098, -0.00647000000025352, 0.000133484426724796 ) );
#1214 = CARTESIAN_POINT( '', ( 0.000654448323948842, -0.00647000000025352, 0.000133484426724796 ) );
#1215 = CARTESIAN_POINT( '', ( 0.000536098668000418, -0.00647000000025352, 0.000133484426724796 ) );
#1216 = CARTESIAN_POINT( '', ( 0.000494821870484328, -0.00647000000025352, 0.000133484426724796 ) );
#1217 = CARTESIAN_POINT( '', ( 0.000492081502184532, -0.00647000000025352, 0.000133484426724796 ) );
#1218 = DIRECTION( '', ( 0.000000000000000, -1.00000000000000, 0.000000000000000 ) );
#1219 = ORIENTED_EDGE( '', *, *, #2661, .T. );
#1220 = ORIENTED_EDGE( '', *, *, #2679, .F. );
#1221 = ORIENTED_EDGE( '', *, *, #2680, .F. );
#1222 = ORIENTED_EDGE( '', *, *, #2681, .F. );
#1223 = CARTESIAN_POINT( '', ( 0.000269197113825422, -0.00647000000025352, 0.000398688801675158 ) );
#1224 = CARTESIAN_POINT( '', ( 0.000270274341073554, -0.00647000000025352, 0.000399034335727802 ) );
#1225 = CARTESIAN_POINT( '', ( 0.000292298581373474, -0.00647000000025352, 0.000407291679673076 ) );
#1226 = CARTESIAN_POINT( '', ( 0.000341480368031040, -0.00647000000025352, 0.000447840713904538 ) );
#1227 = CARTESIAN_POINT( '', ( 0.000352372233250822, -0.00647000000025352, 0.000503211699034838 ) );
#1228 = CARTESIAN_POINT( '', ( 0.000352597216849876, -0.00647000000025352, 0.000504458150934614 ) );
#1229 = DIRECTION( '', ( 0.000000000000000, -1.00000000000000, 0.000000000000000 ) );
#1230 = ORIENTED_EDGE( '', *, *, #2682, .F. );
#1231 = ORIENTED_EDGE( '', *, *, #2683, .F. );
#1232 = ORIENTED_EDGE( '', *, *, #2684, .F. );
#1233 = ORIENTED_EDGE( '', *, *, #2685, .T. );
#1234 = ORIENTED_EDGE( '', *, *, #2686, .F. );
#1235 = ORIENTED_EDGE( '', *, *, #2687, .T. );
#1236 = CARTESIAN_POINT( '', ( -0.00174058068618600, 0.00772999999999956, -0.00117489526123678 ) );
#1237 = DIRECTION( '', ( -0.707106781186548, 0.000000000000000, 0.707106781186548 ) );
#1238 = DIRECTION( '', ( 0.000000000000000, 1.00000000000000, 0.000000000000000 ) );
#1239 = ORIENTED_EDGE( '', *, *, #2688, .T. );
#1240 = CARTESIAN_POINT( '', ( 0.000000000000000, -0.000199999999999987, 0.000000000000000 ) );
#1241 = DIRECTION( '', ( 0.000000000000000, 1.00000000000000, 0.000000000000000 ) );
#1242 = DIRECTION( '', ( 1.00000000000000, 0.000000000000000, -0.000000000000000 ) );
#1243 = ORIENTED_EDGE( '', *, *, #2689, .F. );
#1244 = ORIENTED_EDGE( '', *, *, #2690, .T. );
#1245 = CARTESIAN_POINT( '', ( 0.000000000000000, -0.00396999999999936, 0.000000000000000 ) );
#1246 = DIRECTION( '', ( 0.000000000000000, 1.00000000000000, 0.000000000000000 ) );
#1247 = DIRECTION( '', ( 1.00000000000000, 0.000000000000000, -0.000000000000000 ) );
#1248 = ORIENTED_EDGE( '', *, *, #2691, .T. );
#1249 = ORIENTED_EDGE( '', *, *, #2692, .T. );
#1250 = ORIENTED_EDGE( '', *, *, #2693, .T. );
#1251 = ORIENTED_EDGE( '', *, *, #2629, .F. );
#1252 = CARTESIAN_POINT( '', ( 0.000000000000000, -0.00646999999999952, 0.00283999999999880 ) );
#1253 = DIRECTION( '', ( 0.000000000000000, 0.000000000000000, 1.00000000000000 ) );
#1254 = DIRECTION( '', ( 1.00000000000000, -0.000000000000000, 0.000000000000000 ) );
#1255 = ORIENTED_EDGE( '', *, *, #2694, .F. );
#1256 = ORIENTED_EDGE( '', *, *, #2695, .T. );
#1257 = CARTESIAN_POINT( '', ( 0.00324999999999970, 0.000000000000000, 0.000000000000000 ) );
#1258 = DIRECTION( '', ( 0.000000000000000, -1.00000000000000, -0.000000000000000 ) );
#1259 = DIRECTION( '', ( 1.00000000000000, 0.000000000000000, 0.000000000000000 ) );
#1260 = ORIENTED_EDGE( '', *, *, #2645, .T. );
#1261 = ORIENTED_EDGE( '', *, *, #2696, .F. );
#1262 = ORIENTED_EDGE( '', *, *, #2697, .F. );
#1263 = ORIENTED_EDGE( '', *, *, #2598, .F. );
#1264 = CARTESIAN_POINT( '', ( 8.91679891651128E-05, -0.00647000000025352, 0.000769048463551254 ) );
#1265 = CARTESIAN_POINT( '', ( 8.97846102711112E-05, -0.00647000000025352, 0.000767846224635188 ) );
#1266 = CARTESIAN_POINT( '', ( 9.08796177697126E-05, -0.00647000000025352, 0.000765711265880984 ) );
#1267 = CARTESIAN_POINT( '', ( 9.29313980534438E-05, -0.00647000000025352, 0.000761710867450758 ) );
#1268 = CARTESIAN_POINT( '', ( 9.95331302709080E-05, -0.00647000000025352, 0.000748839333685876 ) );
#1269 = CARTESIAN_POINT( '', ( 0.000108239762615673, -0.00647000000025352, 0.000731863832633898 ) );
#1270 = CARTESIAN_POINT( '', ( 0.000116606243281307, -0.00647000000025352, 0.000715551532341622 ) );
#1271 = CARTESIAN_POINT( '', ( 0.000119806150907209, -0.00647000000025352, 0.000709312606300068 ) );
#1272 = CARTESIAN_POINT( '', ( 0.000120422772013207, -0.00647000000025352, 0.000708110367383748 ) );
#1273 = DIRECTION( '', ( 0.000000000000000, -1.00000000000000, 0.000000000000000 ) );
#1274 = ORIENTED_EDGE( '', *, *, #2698, .F. );
#1275 = ORIENTED_EDGE( '', *, *, #2699, .T. );
#1276 = CARTESIAN_POINT( '', ( 0.000000000000000, 0.000000000000000, 0.00324999999999970 ) );
#1277 = DIRECTION( '', ( 0.000000000000000, -1.00000000000000, -0.000000000000000 ) );
#1278 = DIRECTION( '', ( 1.00000000000000, 0.000000000000000, 0.000000000000000 ) );
#1279 = ORIENTED_EDGE( '', *, *, #2700, .F. );
#1280 = ORIENTED_EDGE( '', *, *, #2701, .F. );
#1281 = ORIENTED_EDGE( '', *, *, #2702, .F. );
#1282 = ORIENTED_EDGE( '', *, *, #2635, .T. );
#1283 = CARTESIAN_POINT( '', ( -0.00158391918985785, -0.00646999999999952, 0.00158391918985785 ) );
#1284 = DIRECTION( '', ( -0.707106781186548, 0.000000000000000, 0.707106781186548 ) );
#1285 = DIRECTION( '', ( 0.000000000000000, 1.00000000000000, 0.000000000000000 ) );
#1286 = ORIENTED_EDGE( '', *, *, #2703, .F. );
#1287 = ORIENTED_EDGE( '', *, *, #2704, .F. );
#1288 = ORIENTED_EDGE( '', *, *, #2705, .F. );
#1289 = ORIENTED_EDGE( '', *, *, #2706, .T. );
#1290 = ORIENTED_EDGE( '', *, *, #2707, .F. );
#1291 = ORIENTED_EDGE( '', *, *, #2708, .T. );
#1292 = CARTESIAN_POINT( '', ( 0.00168182588002579, 0.00772999999999956, 0.00125756181131407 ) );
#1293 = DIRECTION( '', ( 0.707106781186548, 0.000000000000000, -0.707106781186548 ) );
#1294 = DIRECTION( '', ( 0.000000000000000, -1.00000000000000, 0.000000000000000 ) );
#1295 = ORIENTED_EDGE( '', *, *, #2709, .T. );
#1296 = ORIENTED_EDGE( '', *, *, #2710, .F. );
#1297 = ORIENTED_EDGE( '', *, *, #2711, .F. );
#1298 = ORIENTED_EDGE( '', *, *, #2712, .T. );
#1299 = CARTESIAN_POINT( '', ( -0.000500000000000032, 0.000000000000000, -0.00274999999999916 ) );
#1300 = DIRECTION( '', ( 0.000000000000000, 0.000000000000000, 1.00000000000000 ) );
#1301 = DIRECTION( '', ( 1.00000000000000, -0.000000000000000, 0.000000000000000 ) );
#1302 = ORIENTED_EDGE( '', *, *, #2713, .F. );
#1303 = ORIENTED_EDGE( '', *, *, #2714, .F. );
#1304 = ORIENTED_EDGE( '', *, *, #2715, .T. );
#1305 = ORIENTED_EDGE( '', *, *, #2614, .T. );
#1306 = CARTESIAN_POINT( '', ( -0.000300000000000070, -0.00906999999999928, -0.00223999999999993 ) );
#1307 = DIRECTION( '', ( -1.00000000000000, 0.000000000000000, 0.000000000000000 ) );
#1308 = DIRECTION( '', ( 0.000000000000000, 0.000000000000000, 1.00000000000000 ) );
#1309 = ORIENTED_EDGE( '', *, *, #2716, .T. );
#1310 = ORIENTED_EDGE( '', *, *, #2692, .F. );
#1311 = ORIENTED_EDGE( '', *, *, #2717, .F. );
#1312 = ORIENTED_EDGE( '', *, *, #2718, .T. );
#1313 = CARTESIAN_POINT( '', ( 0.000000000000000, -0.00906999999999928, 0.00223999999999993 ) );
#1314 = DIRECTION( '', ( -0.000000000000000, 0.000000000000000, -1.00000000000000 ) );
#1315 = DIRECTION( '', ( 1.00000000000000, 0.000000000000000, 0.000000000000000 ) );
#1316 = ORIENTED_EDGE( '', *, *, #2719, .F. );
#1317 = ORIENTED_EDGE( '', *, *, #2720, .F. );
#1318 = ORIENTED_EDGE( '', *, *, #2721, .F. );
#1319 = ORIENTED_EDGE( '', *, *, #2722, .F. );
#1320 = CARTESIAN_POINT( '', ( 0.000000000000000, -0.00399999999999924, 0.000000000000000 ) );
#1321 = DIRECTION( '', ( 0.266660490043692, 0.000000000000000, -0.963790528615870 ) );
#1322 = DIRECTION( '', ( 0.000000000000000, -1.00000000000000, 0.000000000000000 ) );
#1323 = ORIENTED_EDGE( '', *, *, #2668, .T. );
#1324 = ORIENTED_EDGE( '', *, *, #2723, .F. );
#1325 = ORIENTED_EDGE( '', *, *, #2724, .F. );
#1326 = ORIENTED_EDGE( '', *, *, #2594, .F. );
#1327 = CARTESIAN_POINT( '', ( -0.000739968217187098, -0.00647000000025352, 0.000260072586954116 ) );
#1328 = CARTESIAN_POINT( '', ( -0.000739164834842888, -0.00647000000025352, 0.000261158946383120 ) );
#1329 = CARTESIAN_POINT( '', ( -0.000736864824678376, -0.00647000000025352, 0.000264269094056640 ) );
#1330 = CARTESIAN_POINT( '', ( -0.000731571558873006, -0.00647000000025352, 0.000271426818219192 ) );
#1331 = CARTESIAN_POINT( '', ( -0.000710918094952432, -0.00647000000025352, 0.000299355095993970 ) );
#1332 = CARTESIAN_POINT( '', ( -0.000683679468622326, -0.00647000000025352, 0.000336188042044720 ) );
#1333 = CARTESIAN_POINT( '', ( -0.000658630715588868, -0.00647000000025352, 0.000370059771035188 ) );
#1334 = CARTESIAN_POINT( '', ( -0.000649745543014824, -0.00647000000025352, 0.000382074586984680 ) );
#1335 = CARTESIAN_POINT( '', ( -0.000648942160670360, -0.00647000000025352, 0.000383160946413684 ) );
#1336 = DIRECTION( '', ( 0.000000000000000, -1.00000000000000, 0.000000000000000 ) );
#1337 = ORIENTED_EDGE( '', *, *, #2725, .F. );
#1338 = ORIENTED_EDGE( '', *, *, #2726, .F. );
#1339 = ORIENTED_EDGE( '', *, *, #2727, .F. );
#1340 = ORIENTED_EDGE( '', *, *, #2728, .F. );
#1341 = CARTESIAN_POINT( '', ( -0.000157733972420553, -0.00647000000025352, 0.000708546262839870 ) );
#1342 = CARTESIAN_POINT( '', ( -0.000159279824054675, -0.00647000000025352, 0.000701273266803214 ) );
#1343 = CARTESIAN_POINT( '', ( -0.000171990251973520, -0.00647000000025352, 0.000641472643097614 ) );
#1344 = CARTESIAN_POINT( '', ( -0.000190409629166874, -0.00647000000025352, 0.000554812284259166 ) );
#1345 = CARTESIAN_POINT( '', ( -0.000207283154726105, -0.00647000000025352, 0.000475424921457628 ) );
#1346 = CARTESIAN_POINT( '', ( -0.000212992104000640, -0.00647000000025352, 0.000448565186325034 ) );
#1347 = DIRECTION( '', ( 0.000000000000000, -1.00000000000000, 0.000000000000000 ) );
#1348 = ORIENTED_EDGE( '', *, *, #2729, .T. );
#1349 = ORIENTED_EDGE( '', *, *, #2730, .F. );
#1350 = ORIENTED_EDGE( '', *, *, #2731, .F. );
#1351 = ORIENTED_EDGE( '', *, *, #2590, .F. );
#1352 = CARTESIAN_POINT( '', ( -0.00160886280207594, -0.00647000000025352, -0.000760582666638838 ) );
#1353 = CARTESIAN_POINT( '', ( -0.00160543407050034, -0.00647000000025352, -0.000756147431473766 ) );
#1354 = CARTESIAN_POINT( '', ( -0.00159307635044646, -0.00647000000025352, -0.000740162104732774 ) );
#1355 = CARTESIAN_POINT( '', ( -0.00156286065343678, -0.00647000000025352, -0.000701076594839688 ) );
#1356 = CARTESIAN_POINT( '', ( -0.00143964061243946, -0.00647000000025352, -0.000541685331092246 ) );
#1357 = CARTESIAN_POINT( '', ( -0.00127713302213830, -0.00647000000025352, -0.000331473664410502 ) );
#1358 = CARTESIAN_POINT( '', ( -0.00112905467721785, -0.00647000000025352, -0.000139926945715678 ) );
#1359 = CARTESIAN_POINT( '', ( -0.00107740940786090, -0.00647000000025352, -7.31212160405876E-05 ) );
#1360 = CARTESIAN_POINT( '', ( -0.00107398067628530, -0.00647000000025352, -6.86859808754394E-05 ) );
#1361 = DIRECTION( '', ( 0.000000000000000, -1.00000000000000, 0.000000000000000 ) );
#1362 = ORIENTED_EDGE( '', *, *, #2732, .F. );
#1363 = ORIENTED_EDGE( '', *, *, #2733, .T. );
#1364 = CARTESIAN_POINT( '', ( -0.00229809703885617, 0.000000000000000, 0.00229809703885642 ) );
#1365 = DIRECTION( '', ( 0.000000000000000, -1.00000000000000, -0.000000000000000 ) );
#1366 = DIRECTION( '', ( 1.00000000000000, 0.000000000000000, 0.000000000000000 ) );
#1367 = ORIENTED_EDGE( '', *, *, #2734, .T. );
#1368 = ORIENTED_EDGE( '', *, *, #2651, .T. );
#1369 = ORIENTED_EDGE( '', *, *, #2735, .F. );
#1370 = ORIENTED_EDGE( '', *, *, #2736, .T. );
#1371 = CARTESIAN_POINT( '', ( -0.00442690636901182, -0.00199999999999987, 0.00125000000000008 ) );
#1372 = DIRECTION( '', ( 0.000000000000000, 0.000000000000000, 1.00000000000000 ) );
#1373 = DIRECTION( '', ( 1.00000000000000, -0.000000000000000, 0.000000000000000 ) );
#1374 = ORIENTED_EDGE( '', *, *, #2737, .F. );
#1375 = ORIENTED_EDGE( '', *, *, #2690, .F. );
#1376 = CARTESIAN_POINT( '', ( 0.000000000000000, 0.000000000000000, 0.000000000000000 ) );
#1377 = DIRECTION( '', ( 0.000000000000000, -1.00000000000000, -0.000000000000000 ) );
#1378 = DIRECTION( '', ( 1.00000000000000, 0.000000000000000, 0.000000000000000 ) );
#1379 = ORIENTED_EDGE( '', *, *, #2738, .T. );
#1380 = ORIENTED_EDGE( '', *, *, #2739, .T. );
#1381 = ORIENTED_EDGE( '', *, *, #2657, .T. );
#1382 = ORIENTED_EDGE( '', *, *, #2740, .T. );
#1383 = CARTESIAN_POINT( '', ( 0.000000000000000, -0.00399999999999924, 0.000000000000000 ) );
#1384 = DIRECTION( '', ( 0.266660490043692, 0.000000000000000, 0.963790528615870 ) );
#1385 = DIRECTION( '', ( 0.000000000000000, -1.00000000000000, 0.000000000000000 ) );
#1386 = ORIENTED_EDGE( '', *, *, #2741, .T. );
#1387 = ORIENTED_EDGE( '', *, *, #2742, .F. );
#1388 = ORIENTED_EDGE( '', *, *, #2743, .F. );
#1389 = ORIENTED_EDGE( '', *, *, #2744, .F. );
#1390 = CARTESIAN_POINT( '', ( 0.000186928642911791, -0.00647000000025352, 6.04147274375374E-05 ) );
#1391 = CARTESIAN_POINT( '', ( 0.000186336250708668, -0.00647000000025352, 6.16290879596370E-05 ) );
#1392 = CARTESIAN_POINT( '', ( 0.000185288856922663, -0.00647000000025352, 6.37761683197730E-05 ) );
#1393 = CARTESIAN_POINT( '', ( 0.000183331459970916, -0.00647000000025352, 6.77886883559818E-05 ) );
#1394 = CARTESIAN_POINT( '', ( 0.000177052438127207, -0.00647000000025352, 8.06602221207368E-05 ) );
#1395 = CARTESIAN_POINT( '', ( 0.000168771409318838, -0.00647000000025352, 9.76357231728418E-05 ) );
#1396 = CARTESIAN_POINT( '', ( 0.000160807991473112, -0.00647000000025352, 0.000113960145070999 ) );
#1397 = CARTESIAN_POINT( '', ( 0.000157758590722447, -0.00647000000025352, 0.000120211192718460 ) );
#1398 = CARTESIAN_POINT( '', ( 0.000157166198519324, -0.00647000000025352, 0.000121425553240585 ) );
#1399 = DIRECTION( '', ( 0.000000000000000, -1.00000000000000, 0.000000000000000 ) );
#1400 = ORIENTED_EDGE( '', *, *, #2745, .F. );
#1401 = ORIENTED_EDGE( '', *, *, #2746, .F. );
#1402 = ORIENTED_EDGE( '', *, *, #2747, .F. );
#1403 = ORIENTED_EDGE( '', *, *, #2607, .F. );
#1404 = CARTESIAN_POINT( '', ( -0.000241166865172671, -0.00647000000025352, 0.000316007234570246 ) );
#1405 = CARTESIAN_POINT( '', ( -0.000286355040778232, -0.00647000000025352, 0.000103403764208085 ) );
#1406 = CARTESIAN_POINT( '', ( -0.000361687572352390, -0.00647000000025352, -0.000251024301368453 ) );
#1407 = CARTESIAN_POINT( '', ( -0.000438497212388632, -0.00647000000025352, -0.000612401936340236 ) );
#1408 = CARTESIAN_POINT( '', ( -0.000470118676819440, -0.00647000000025352, -0.000761176100950062 ) );
#1409 = CARTESIAN_POINT( '', ( -0.000471595785281778, -0.00647000000025352, -0.000768125670853282 ) );
#1410 = DIRECTION( '', ( 0.000000000000000, -1.00000000000000, 0.000000000000000 ) );
#1411 = ORIENTED_EDGE( '', *, *, #2748, .T. );
#1412 = ORIENTED_EDGE( '', *, *, #2749, .F. );
#1413 = ORIENTED_EDGE( '', *, *, #2750, .F. );
#1414 = ORIENTED_EDGE( '', *, *, #2751, .T. );
#1415 = CARTESIAN_POINT( '', ( 0.000500000000000032, 0.000000000000000, -0.00375000000000024 ) );
#1416 = DIRECTION( '', ( 0.000000000000000, 0.000000000000000, -1.00000000000000 ) );
#1417 = DIRECTION( '', ( 0.000000000000000, -1.00000000000000, 0.000000000000000 ) );
#1418 = ORIENTED_EDGE( '', *, *, #2750, .T. );
#1419 = ORIENTED_EDGE( '', *, *, #2752, .F. );
#1420 = ORIENTED_EDGE( '', *, *, #2709, .F. );
#1421 = ORIENTED_EDGE( '', *, *, #2753, .T. );
#1422 = CARTESIAN_POINT( '', ( 0.000500000000000032, 0.000000000000000, -0.00274999999999916 ) );
#1423 = DIRECTION( '', ( 1.00000000000000, 0.000000000000000, 0.000000000000000 ) );
#1424 = DIRECTION( '', ( 0.000000000000000, 1.00000000000000, -0.000000000000000 ) );
#1425 = ORIENTED_EDGE( '', *, *, #2711, .T. );
#1426 = ORIENTED_EDGE( '', *, *, #2754, .F. );
#1427 = ORIENTED_EDGE( '', *, *, #2748, .F. );
#1428 = ORIENTED_EDGE( '', *, *, #2755, .T. );
#1429 = CARTESIAN_POINT( '', ( -0.000500000000000032, 0.000000000000000, -0.00375000000000024 ) );
#1430 = DIRECTION( '', ( -1.00000000000000, 0.000000000000000, 0.000000000000000 ) );
#1431 = DIRECTION( '', ( 0.000000000000000, 0.000000000000000, 1.00000000000000 ) );
#1432 = ORIENTED_EDGE( '', *, *, #2756, .T. );
#1433 = ORIENTED_EDGE( '', *, *, #2757, .F. );
#1434 = ORIENTED_EDGE( '', *, *, #2758, .F. );
#1435 = ORIENTED_EDGE( '', *, *, #2759, .F. );
#1436 = ORIENTED_EDGE( '', *, *, #2733, .F. );
#1437 = ORIENTED_EDGE( '', *, *, #2760, .F. );
#1438 = ORIENTED_EDGE( '', *, *, #2695, .F. );
#1439 = ORIENTED_EDGE( '', *, *, #2761, .F. );
#1440 = ORIENTED_EDGE( '', *, *, #2699, .F. );
#1441 = ORIENTED_EDGE( '', *, *, #2751, .F. );
#1442 = ORIENTED_EDGE( '', *, *, #2753, .F. );
#1443 = ORIENTED_EDGE( '', *, *, #2712, .F. );
#1444 = ORIENTED_EDGE( '', *, *, #2755, .F. );
#1445 = CARTESIAN_POINT( '', ( 0.000000000000000, 0.000000000000000, 0.000000000000000 ) );
#1446 = DIRECTION( '', ( 0.000000000000000, 1.00000000000000, 0.000000000000000 ) );
#1447 = DIRECTION( '', ( 1.00000000000000, 0.000000000000000, -0.000000000000000 ) );
#1448 = ORIENTED_EDGE( '', *, *, #2762, .T. );
#1449 = ORIENTED_EDGE( '', *, *, #2756, .F. );
#1450 = CARTESIAN_POINT( '', ( 0.000000000000000, -0.000500000000000032, 0.000000000000000 ) );
#1451 = DIRECTION( '', ( -0.000000000000000, 1.00000000000000, 0.000000000000000 ) );
#1452 = DIRECTION( '', ( 0.999986855927548, 0.000000000000000, 0.00512717974497125 ) );
#1453 = ORIENTED_EDGE( '', *, *, #2763, .F. );
#1454 = ORIENTED_EDGE( '', *, *, #2764, .F. );
#1455 = ORIENTED_EDGE( '', *, *, #2765, .F. );
#1456 = ORIENTED_EDGE( '', *, *, #2766, .F. );
#1457 = CARTESIAN_POINT( '', ( 0.000000000000000, -0.00507000000000004, 0.000000000000000 ) );
#1458 = DIRECTION( '', ( 0.000000000000000, -1.00000000000000, 0.000000000000000 ) );
#1459 = DIRECTION( '', ( 0.000000000000000, 0.000000000000000, -1.00000000000000 ) );
#1460 = ORIENTED_EDGE( '', *, *, #2767, .T. );
#1461 = ORIENTED_EDGE( '', *, *, #2768, .F. );
#1462 = ORIENTED_EDGE( '', *, *, #2669, .F. );
#1463 = ORIENTED_EDGE( '', *, *, #2602, .F. );
#1464 = CARTESIAN_POINT( '', ( 0.000418260536599428, -0.00647000000025352, 2.92360453546910E-05 ) );
#1465 = CARTESIAN_POINT( '', ( 0.000389117902786768, -0.00647000000025352, -0.000118385715497133 ) );
#1466 = CARTESIAN_POINT( '', ( 0.000251989203080174, -0.00647000000025352, -0.000206322709223860 ) );
#1467 = CARTESIAN_POINT( '', ( 9.55711339580864E-05, -0.00647000000025352, -0.000204697297409565 ) );
#1468 = DIRECTION( '', ( 0.000000000000000, -1.00000000000000, 0.000000000000000 ) );
#1469 = ORIENTED_EDGE( '', *, *, #2769, .F. );
#1470 = ORIENTED_EDGE( '', *, *, #2770, .F. );
#1471 = ORIENTED_EDGE( '', *, *, #2771, .F. );
#1472 = ORIENTED_EDGE( '', *, *, #2727, .T. );
#1473 = CARTESIAN_POINT( '', ( -0.000213200537970461, -0.00647000000025352, 0.000451557744436680 ) );
#1474 = CARTESIAN_POINT( '', ( -0.000179530555200656, -0.00647000000025352, 0.000504954838517818 ) );
#1475 = CARTESIAN_POINT( '', ( -0.000138220467008069, -0.00647000000025352, 0.000551973221250232 ) );
#1476 = CARTESIAN_POINT( '', ( -9.38178700840268E-05, -0.00647000000025352, 0.000584036627463144 ) );
#1477 = DIRECTION( '', ( 0.000000000000000, -1.00000000000000, 0.000000000000000 ) );
#1478 = ORIENTED_EDGE( '', *, *, #2772, .F. );
#1479 = ORIENTED_EDGE( '', *, *, #2574, .T. );
#1480 = CARTESIAN_POINT( '', ( -0.00346410161513826, -0.00646999999999952, -0.00199999999999987 ) );
#1481 = DIRECTION( '', ( 0.000000000000000, 1.00000000000000, -0.000000000000000 ) );
#1482 = DIRECTION( '', ( -1.00000000000000, 0.000000000000000, 0.000000000000000 ) );
#1483 = ORIENTED_EDGE( '', *, *, #2773, .T. );
#1484 = ORIENTED_EDGE( '', *, *, #2774, .F. );
#1485 = ORIENTED_EDGE( '', *, *, #2775, .F. );
#1486 = ORIENTED_EDGE( '', *, *, #2611, .F. );
#1487 = CARTESIAN_POINT( '', ( -0.000765372513347924, -0.00647000000025352, -0.000159442176072973 ) );
#1488 = CARTESIAN_POINT( '', ( -0.000767813213997374, -0.00647000000025352, -0.000163284233491738 ) );
#1489 = CARTESIAN_POINT( '', ( -0.000776609905921354, -0.00647000000025352, -0.000177131648771859 ) );
#1490 = CARTESIAN_POINT( '', ( -0.000798118580394140, -0.00647000000025352, -0.000210989779774664 ) );
#1491 = CARTESIAN_POINT( '', ( -0.000885831259981638, -0.00647000000025352, -0.000349063718261312 ) );
#1492 = CARTESIAN_POINT( '', ( -0.00100151030117681, -0.00647000000025352, -0.000531161231338100 ) );
#1493 = CARTESIAN_POINT( '', ( -0.00110691806047263, -0.00647000000025352, -0.000697090086110918 ) );
#1494 = CARTESIAN_POINT( '', ( -0.00114368111400404, -0.00647000000025352, -0.000754961075980848 ) );
#1495 = CARTESIAN_POINT( '', ( -0.00114612181465349, -0.00647000000025352, -0.000758803133399588 ) );
#1496 = DIRECTION( '', ( 0.000000000000000, -1.00000000000000, 0.000000000000000 ) );
#1497 = ORIENTED_EDGE( '', *, *, #2776, .T. );
#1498 = ORIENTED_EDGE( '', *, *, #2777, .F. );
#1499 = ORIENTED_EDGE( '', *, *, #2778, .F. );
#1500 = ORIENTED_EDGE( '', *, *, #2779, .F. );
#1501 = CARTESIAN_POINT( '', ( 0.000113716472114404, -0.00647000000025352, -5.95337295313884E-05 ) );
#1502 = CARTESIAN_POINT( '', ( 0.000114441373898837, -0.00647000000025352, -5.95480037323548E-05 ) );
#1503 = CARTESIAN_POINT( '', ( 0.000158394769416127, -0.00647000000025352, -5.99805324810624E-05 ) );
#1504 = CARTESIAN_POINT( '', ( 0.000187771996986649, -0.00647000000025352, -3.34810741419342E-05 ) );
#1505 = CARTESIAN_POINT( '', ( 0.000194292647312379, -0.00647000000025352, 0.000000000000000 ) );
#1506 = CARTESIAN_POINT( '', ( 0.000194422010644406, -0.00647000000025352, 0.000000000000000 ) );
#1507 = DIRECTION( '', ( 0.000000000000000, -1.00000000000000, 0.000000000000000 ) );
#1508 = ORIENTED_EDGE( '', *, *, #2780, .T. );
#1509 = ORIENTED_EDGE( '', *, *, #2781, .F. );
#1510 = ORIENTED_EDGE( '', *, *, #2782, .F. );
#1511 = ORIENTED_EDGE( '', *, *, #2585, .F. );
#1512 = CARTESIAN_POINT( '', ( 0.00112104856549402, -0.00647000000025352, 0.000785761118059076 ) );
#1513 = CARTESIAN_POINT( '', ( 0.00113148543122527, -0.00647000000025352, 0.000785967125377058 ) );
#1514 = CARTESIAN_POINT( '', ( 0.00128064402955823, -0.00647000000025352, 0.000787463803901094 ) );
#1515 = CARTESIAN_POINT( '', ( 0.00148401002799052, -0.00647000000025352, 0.000748194122862254 ) );
#1516 = CARTESIAN_POINT( '', ( 0.00158349146907702, -0.00647000000025352, 0.000615777567671002 ) );
#1517 = CARTESIAN_POINT( '', ( 0.00160239777655389, -0.00647000000025352, 0.000464537988313326 ) );
#1518 = CARTESIAN_POINT( '', ( 0.00159293808012407, -0.00647000000025352, 0.000329958113288702 ) );
#1519 = CARTESIAN_POINT( '', ( 0.00157088338593154, -0.00647000000025352, 0.000201171624417186 ) );
#1520 = CARTESIAN_POINT( '', ( 0.00154818029246050, -0.00647000000025352, 8.93578438014810E-05 ) );
#1521 = CARTESIAN_POINT( '', ( 0.00152939757627137, -0.00647000000025352, 0.000000000000000 ) );
#1522 = CARTESIAN_POINT( '', ( 0.00151073836819718, -0.00647000000025352, -8.67672326796910E-05 ) );
#1523 = CARTESIAN_POINT( '', ( 0.00148641155082805, -0.00647000000025352, -0.000196189327429273 ) );
#1524 = CARTESIAN_POINT( '', ( 0.00145405300837509, -0.00647000000025352, -0.000323383802493992 ) );
#1525 = CARTESIAN_POINT( '', ( 0.00140633678150115, -0.00647000000025352, -0.000457797444954460 ) );
#1526 = CARTESIAN_POINT( '', ( 0.00134371737566859, -0.00647000000025352, -0.000572276767796474 ) );
#1527 = CARTESIAN_POINT( '', ( 0.00126024056440156, -0.00647000000025352, -0.000664793220295330 ) );
#1528 = CARTESIAN_POINT( '', ( 0.00116833299015002, -0.00647000000025352, -0.000721967187051816 ) );
#1529 = CARTESIAN_POINT( '', ( 0.00107839315920378, -0.00647000000025352, -0.000754769625244624 ) );
#1530 = CARTESIAN_POINT( '', ( 0.00100205141043165, -0.00647000000025352, -0.000772656084050756 ) );
#1531 = CARTESIAN_POINT( '', ( 0.000930183290668560, -0.00647000000025352, -0.000781768102240196 ) );
#1532 = CARTESIAN_POINT( '', ( 0.000867868219710686, -0.00647000000025352, -0.000785442682639052 ) );
#1533 = CARTESIAN_POINT( '', ( 0.000806275162330118, -0.00647000000025352, -0.000786612540311778 ) );
#1534 = CARTESIAN_POINT( '', ( 0.000736166469414434, -0.00647000000025352, -0.000784175588618762 ) );
#1535 = CARTESIAN_POINT( '', ( 0.000667180795823192, -0.00647000000025352, -0.000775965310104884 ) );
#1536 = CARTESIAN_POINT( '', ( 0.000607082570599512, -0.00647000000025352, -0.000762798688423194 ) );
#1537 = CARTESIAN_POINT( '', ( 0.000538851380312102, -0.00647000000025352, -0.000739100316944746 ) );
#1538 = CARTESIAN_POINT( '', ( 0.000474031968558754, -0.00647000000025352, -0.000698895607186432 ) );
#1539 = CARTESIAN_POINT( '', ( 0.000424445250835004, -0.00647000000025352, -0.000636671059796304 ) );
#1540 = CARTESIAN_POINT( '', ( 0.000398348481725370, -0.00647000000025352, -0.000563424470468084 ) );
#1541 = CARTESIAN_POINT( '', ( 0.000388651410148508, -0.00647000000025352, -0.000455006998491930 ) );
#1542 = CARTESIAN_POINT( '', ( 0.000404186129425210, -0.00647000000025352, -0.000355906605779726 ) );
#1543 = CARTESIAN_POINT( '', ( 0.000419455480034784, -0.00647000000025352, -0.000287197634226392 ) );
#1544 = CARTESIAN_POINT( '', ( 0.000421743242421912, -0.00647000000025352, -0.000277218078769490 ) );
#1545 = DIRECTION( '', ( 0.000000000000000, -1.00000000000000, 0.000000000000000 ) );
#1546 = ORIENTED_EDGE( '', *, *, #2715, .F. );
#1547 = ORIENTED_EDGE( '', *, *, #2783, .F. );
#1548 = ORIENTED_EDGE( '', *, *, #2784, .F. );
#1549 = ORIENTED_EDGE( '', *, *, #2615, .T. );
#1550 = CARTESIAN_POINT( '', ( 0.000000000000000, -0.00646999999999952, -0.00223999999999993 ) );
#1551 = DIRECTION( '', ( 0.000000000000000, 0.000000000000000, -1.00000000000000 ) );
#1552 = DIRECTION( '', ( 0.000000000000000, -1.00000000000000, 0.000000000000000 ) );
#1553 = ORIENTED_EDGE( '', *, *, #2747, .T. );
#1554 = ORIENTED_EDGE( '', *, *, #2785, .F. );
#1555 = ORIENTED_EDGE( '', *, *, #2786, .F. );
#1556 = ORIENTED_EDGE( '', *, *, #2608, .F. );
#1557 = CARTESIAN_POINT( '', ( -0.000458689355874216, -0.00647000000025352, -0.000747276961143368 ) );
#1558 = CARTESIAN_POINT( '', ( -0.000461514390547732, -0.00647000000025352, -0.000747276961143368 ) );
#1559 = CARTESIAN_POINT( '', ( -0.000471696286350778, -0.00647000000025352, -0.000747276961143368 ) );
#1560 = CARTESIAN_POINT( '', ( -0.000496591904412376, -0.00647000000025352, -0.000747276961143368 ) );
#1561 = CARTESIAN_POINT( '', ( -0.000598116587996842, -0.00647000000025352, -0.000747276961143368 ) );
#1562 = CARTESIAN_POINT( '', ( -0.000732011460550224, -0.00647000000025352, -0.000747276961143368 ) );
#1563 = CARTESIAN_POINT( '', ( -0.000854017645518570, -0.00647000000025352, -0.000747276961143368 ) );
#1564 = CARTESIAN_POINT( '', ( -0.000896569730290532, -0.00647000000025352, -0.000747276961143368 ) );
#1565 = CARTESIAN_POINT( '', ( -0.000899394764964302, -0.00647000000025352, -0.000747276961143368 ) );
#1566 = DIRECTION( '', ( 0.000000000000000, -1.00000000000000, 0.000000000000000 ) );
#1567 = ORIENTED_EDGE( '', *, *, #2787, .T. );
#1568 = ORIENTED_EDGE( '', *, *, #2788, .T. );
#1569 = ORIENTED_EDGE( '', *, *, #2789, .T. );
#1570 = ORIENTED_EDGE( '', *, *, #2617, .F. );
#1571 = CARTESIAN_POINT( '', ( 0.00200818325856982, -0.00646999999999952, -0.00200818325856982 ) );
#1572 = DIRECTION( '', ( 0.707106781186548, 0.000000000000000, -0.707106781186548 ) );
#1573 = DIRECTION( '', ( 0.000000000000000, -1.00000000000000, 0.000000000000000 ) );
#1574 = ORIENTED_EDGE( '', *, *, #2790, .T. );
#1575 = ORIENTED_EDGE( '', *, *, #2791, .F. );
#1576 = ORIENTED_EDGE( '', *, *, #2792, .F. );
#1577 = ORIENTED_EDGE( '', *, *, #2701, .T. );
#1578 = CARTESIAN_POINT( '', ( -0.00158391918985785, -0.00906999999999928, 0.00158391918985785 ) );
#1579 = DIRECTION( '', ( 0.707106781186548, -0.000000000000000, -0.707106781186548 ) );
#1580 = DIRECTION( '', ( 0.707106781186547, 0.000000000000000, 0.707106781186547 ) );
#1581 = ORIENTED_EDGE( '', *, *, #2793, .T. );
#1582 = ORIENTED_EDGE( '', *, *, #2794, .T. );
#1583 = ORIENTED_EDGE( '', *, *, #2795, .T. );
#1584 = ORIENTED_EDGE( '', *, *, #2637, .F. );
#1585 = CARTESIAN_POINT( '', ( -0.00283999999999880, -0.00646999999999952, 0.000000000000000 ) );
#1586 = DIRECTION( '', ( -1.00000000000000, 0.000000000000000, 0.000000000000000 ) );
#1587 = DIRECTION( '', ( 0.000000000000000, 0.000000000000000, 1.00000000000000 ) );
#1588 = ORIENTED_EDGE( '', *, *, #2795, .F. );
#1589 = ORIENTED_EDGE( '', *, *, #2796, .F. );
#1590 = ORIENTED_EDGE( '', *, *, #2797, .T. );
#1591 = ORIENTED_EDGE( '', *, *, #2638, .T. );
#1592 = CARTESIAN_POINT( '', ( -0.00223999999999993, -0.00906999999999928, 0.000300000000000070 ) );
#1593 = DIRECTION( '', ( 0.000000000000000, 0.000000000000000, 1.00000000000000 ) );
#1594 = DIRECTION( '', ( 1.00000000000000, -0.000000000000000, 0.000000000000000 ) );
#1595 = ORIENTED_EDGE( '', *, *, #2796, .T. );
#1596 = ORIENTED_EDGE( '', *, *, #2794, .F. );
#1597 = ORIENTED_EDGE( '', *, *, #2798, .F. );
#1598 = ORIENTED_EDGE( '', *, *, #2799, .T. );
#1599 = CARTESIAN_POINT( '', ( -0.00223999999999993, -0.00906999999999928, 0.000000000000000 ) );
#1600 = DIRECTION( '', ( 1.00000000000000, -0.000000000000000, -0.000000000000000 ) );
#1601 = DIRECTION( '', ( 0.000000000000000, 0.000000000000000, 1.00000000000000 ) );
#1602 = ORIENTED_EDGE( '', *, *, #2800, .T. );
#1603 = ORIENTED_EDGE( '', *, *, #2788, .F. );
#1604 = ORIENTED_EDGE( '', *, *, #2801, .F. );
#1605 = ORIENTED_EDGE( '', *, *, #2802, .T. );
#1606 = CARTESIAN_POINT( '', ( 0.00158391918985785, -0.00906999999999928, -0.00158391918985785 ) );
#1607 = DIRECTION( '', ( -0.707106781186548, -0.000000000000000, 0.707106781186548 ) );
#1608 = DIRECTION( '', ( -0.707106781186547, 0.000000000000000, -0.707106781186547 ) );
#1609 = ORIENTED_EDGE( '', *, *, #2803, .T. );
#1610 = ORIENTED_EDGE( '', *, *, #2682, .T. );
#1611 = ORIENTED_EDGE( '', *, *, #2804, .F. );
#1612 = ORIENTED_EDGE( '', *, *, #2805, .T. );
#1613 = CARTESIAN_POINT( '', ( 0.000000000000000, 0.00743000000000076, 0.000000000000000 ) );
#1614 = DIRECTION( '', ( 0.000000000000000, 1.00000000000000, 0.000000000000000 ) );
#1615 = DIRECTION( '', ( -0.999936492395852, 0.000000000000000, -0.0112699234727295 ) );
#1616 = ORIENTED_EDGE( '', *, *, #2684, .T. );
#1617 = ORIENTED_EDGE( '', *, *, #2806, .T. );
#1618 = ORIENTED_EDGE( '', *, *, #2705, .T. );
#1619 = ORIENTED_EDGE( '', *, *, #2807, .T. );
#1620 = CARTESIAN_POINT( '', ( 0.000000000000000, 0.00652999999999928, 0.000000000000000 ) );
#1621 = DIRECTION( '', ( 0.000000000000000, 1.00000000000000, 0.000000000000000 ) );
#1622 = DIRECTION( '', ( 1.00000000000000, 0.000000000000000, -0.000000000000000 ) );
#1623 = ORIENTED_EDGE( '', *, *, #2720, .T. );
#1624 = ORIENTED_EDGE( '', *, *, #2808, .T. );
#1625 = ORIENTED_EDGE( '', *, *, #2809, .F. );
#1626 = ORIENTED_EDGE( '', *, *, #2810, .F. );
#1627 = CARTESIAN_POINT( '', ( 0.000000000000000, -0.00235000000000000, 0.000000000000000 ) );
#1628 = DIRECTION( '', ( -0.000000000000000, -1.00000000000000, 0.000000000000000 ) );
#1629 = DIRECTION( '', ( 0.963790528615870, 0.000000000000000, 0.266660490043692 ) );
#1630 = ORIENTED_EDGE( '', *, *, #2811, .F. );
#1631 = ORIENTED_EDGE( '', *, *, #2812, .F. );
#1632 = ORIENTED_EDGE( '', *, *, #2813, .T. );
#1633 = ORIENTED_EDGE( '', *, *, #2642, .T. );
#1634 = CARTESIAN_POINT( '', ( -0.00179605122421371, -0.00906999999999928, -0.00137178715550199 ) );
#1635 = DIRECTION( '', ( -0.707106781186548, 0.000000000000000, 0.707106781186548 ) );
#1636 = DIRECTION( '', ( 0.000000000000000, 1.00000000000000, 0.000000000000000 ) );
#1637 = ORIENTED_EDGE( '', *, *, #2814, .T. );
#1638 = ORIENTED_EDGE( '', *, *, #2815, .F. );
#1639 = ORIENTED_EDGE( '', *, *, #2816, .F. );
#1640 = ORIENTED_EDGE( '', *, *, #2817, .T. );
#1641 = CARTESIAN_POINT( '', ( 0.00112212074928310, 0.00772999999999956, -0.00129430448311408 ) );
#1642 = DIRECTION( '', ( 0.130526192220101, 0.000000000000000, -0.991444861373804 ) );
#1643 = DIRECTION( '', ( 0.000000000000000, -1.00000000000000, 0.000000000000000 ) );
#1644 = ORIENTED_EDGE( '', *, *, #2649, .T. );
#1645 = ORIENTED_EDGE( '', *, *, #2818, .F. );
#1646 = ORIENTED_EDGE( '', *, *, #2819, .F. );
#1647 = ORIENTED_EDGE( '', *, *, #2588, .F. );
#1648 = CARTESIAN_POINT( '', ( 0.000850393081608454, -0.00647000000025352, -0.000193057215437934 ) );
#1649 = CARTESIAN_POINT( '', ( 0.000850112520791370, -0.00647000000025352, -0.000194378913447238 ) );
#1650 = CARTESIAN_POINT( '', ( 0.000849378962803320, -0.00647000000025352, -0.000197834642375365 ) );
#1651 = CARTESIAN_POINT( '', ( 0.000847739410474354, -0.00647000000025352, -0.000205558433141113 ) );
#1652 = CARTESIAN_POINT( '', ( 0.000841488049519900, -0.00647000000025352, -0.000235008059820659 ) );
#1653 = CARTESIAN_POINT( '', ( 0.000833243501014618, -0.00647000000025352, -0.000273847422543074 ) );
#1654 = CARTESIAN_POINT( '', ( 0.000825624386033168, -0.00647000000025352, -0.000309740421437146 ) );
#1655 = CARTESIAN_POINT( '', ( 0.000822897640494798, -0.00647000000025352, -0.000322585886407836 ) );
#1656 = CARTESIAN_POINT( '', ( 0.000822617079677460, -0.00647000000025352, -0.000323907584417216 ) );
#1657 = DIRECTION( '', ( 0.000000000000000, -1.00000000000000, 0.000000000000000 ) );
#1658 = ORIENTED_EDGE( '', *, *, #2820, .T. );
#1659 = ORIENTED_EDGE( '', *, *, #2821, .F. );
#1660 = ORIENTED_EDGE( '', *, *, #2822, .F. );
#1661 = ORIENTED_EDGE( '', *, *, #2605, .F. );
#1662 = CARTESIAN_POINT( '', ( 2.26203716947211E-06, -0.00647000000025352, 0.000403426093448714 ) );
#1663 = CARTESIAN_POINT( '', ( 1.47044244498350E-06, -0.00647000000025352, 0.000402280918846256 ) );
#1664 = CARTESIAN_POINT( '', ( -2.25665241432115E-05, -0.00647000000025352, 0.000367538747673892 ) );
#1665 = CARTESIAN_POINT( '', ( -4.70241874338094E-05, -0.00647000000025352, 0.000332188515798678 ) );
#1666 = CARTESIAN_POINT( '', ( -5.48930707697222E-05, -0.00647000000025352, 0.000293794810926856 ) );
#1667 = CARTESIAN_POINT( '', ( -5.50278723351198E-05, -0.00647000000025352, 0.000293110944560276 ) );
#1668 = DIRECTION( '', ( 0.000000000000000, -1.00000000000000, 0.000000000000000 ) );
#1669 = ORIENTED_EDGE( '', *, *, #2606, .F. );
#1670 = ORIENTED_EDGE( '', *, *, #2822, .T. );
#1671 = ORIENTED_EDGE( '', *, *, #2823, .F. );
#1672 = ORIENTED_EDGE( '', *, *, #2745, .T. );
#1673 = CARTESIAN_POINT( '', ( -5.05548680414460E-05, -0.00647000000025352, 0.000295158524860332 ) );
#1674 = CARTESIAN_POINT( '', ( -5.19060157017818E-05, -0.00647000000025352, 0.000295158524860332 ) );
#1675 = CARTESIAN_POINT( '', ( -5.72232270859814E-05, -0.00647000000025352, 0.000295158524860332 ) );
#1676 = CARTESIAN_POINT( '', ( -7.04725659179340E-05, -0.00647000000025352, 0.000295158524860332 ) );
#1677 = CARTESIAN_POINT( '', ( -0.000125204245307392, -0.00647000000025352, 0.000295158524860332 ) );
#1678 = CARTESIAN_POINT( '', ( -0.000186252622422839, -0.00647000000025352, 0.000295158524860332 ) );
#1679 = CARTESIAN_POINT( '', ( -0.000239368872090508, -0.00647000000025352, 0.000295158524860332 ) );
#1680 = CARTESIAN_POINT( '', ( -0.000249651633540362, -0.00647000000025352, 0.000295158524860332 ) );
#1681 = DIRECTION( '', ( 0.000000000000000, -1.00000000000000, 0.000000000000000 ) );
#1682 = ORIENTED_EDGE( '', *, *, #2671, .T. );
#1683 = ORIENTED_EDGE( '', *, *, #2824, .F. );
#1684 = ORIENTED_EDGE( '', *, *, #2820, .F. );
#1685 = ORIENTED_EDGE( '', *, *, #2604, .F. );
#1686 = CARTESIAN_POINT( '', ( 6.81117593503516E-05, -0.00647000000025352, 0.000266031185469458 ) );
#1687 = CARTESIAN_POINT( '', ( 6.74985663982030E-05, -0.00647000000025352, 0.000267235176500892 ) );
#1688 = CARTESIAN_POINT( '', ( 6.57328363969040E-05, -0.00647000000025352, 0.000270702148972826 ) );
#1689 = CARTESIAN_POINT( '', ( 6.16620322973296E-05, -0.00647000000025352, 0.000278695084326776 ) );
#1690 = CARTESIAN_POINT( '', ( 4.57570210192268E-05, -0.00647000000025352, 0.000309924228209994 ) );
#1691 = CARTESIAN_POINT( '', ( 2.47808467249080E-05, -0.00647000000025352, 0.000351110490433190 ) );
#1692 = CARTESIAN_POINT( '', ( 5.49655357671084E-06, -0.00647000000025352, 0.000388974780805804 ) );
#1693 = CARTESIAN_POINT( '', ( -1.34033994879556E-06, -0.00647000000025352, 0.000402398871617716 ) );
#1694 = CARTESIAN_POINT( '', ( -1.95353290095661E-06, -0.00647000000025352, 0.000403602862648896 ) );
#1695 = DIRECTION( '', ( 0.000000000000000, -1.00000000000000, 0.000000000000000 ) );
#1696 = ORIENTED_EDGE( '', *, *, #2825, .T. );
#1697 = ORIENTED_EDGE( '', *, *, #2826, .F. );
#1698 = ORIENTED_EDGE( '', *, *, #2827, .F. );
#1699 = ORIENTED_EDGE( '', *, *, #2580, .F. );
#1700 = CARTESIAN_POINT( '', ( 0.00108914576777929, -0.00647000000025352, 0.000506313853104584 ) );
#1701 = CARTESIAN_POINT( '', ( 0.00108807854069074, -0.00647000000025352, 0.000506346440557570 ) );
#1702 = CARTESIAN_POINT( '', ( 0.00101840285503045, -0.00647000000025352, 0.000507423108660516 ) );
#1703 = CARTESIAN_POINT( '', ( 0.000975670768954788, -0.00647000000025352, 0.000437787885752932 ) );
#1704 = CARTESIAN_POINT( '', ( 0.000935393466328198, -0.00647000000025352, 0.000246660301353620 ) );
#1705 = DIRECTION( '', ( 0.000000000000000, -1.00000000000000, 0.000000000000000 ) );
#1706 = ORIENTED_EDGE( '', *, *, #2797, .F. );
#1707 = ORIENTED_EDGE( '', *, *, #2799, .F. );
#1708 = ORIENTED_EDGE( '', *, *, #2828, .F. );
#1709 = ORIENTED_EDGE( '', *, *, #2639, .T. );
#1710 = CARTESIAN_POINT( '', ( -0.00223999999999993, -0.00646999999999952, 0.000000000000000 ) );
#1711 = DIRECTION( '', ( -1.00000000000000, 0.000000000000000, 0.000000000000000 ) );
#1712 = DIRECTION( '', ( 0.000000000000000, 0.000000000000000, 1.00000000000000 ) );
#1713 = ORIENTED_EDGE( '', *, *, #2828, .T. );
#1714 = ORIENTED_EDGE( '', *, *, #2798, .T. );
#1715 = ORIENTED_EDGE( '', *, *, #2793, .F. );
#1716 = ORIENTED_EDGE( '', *, *, #2636, .F. );
#1717 = CARTESIAN_POINT( '', ( -0.00223999999999993, -0.00646999999999952, -0.000300000000000070 ) );
#1718 = DIRECTION( '', ( 0.000000000000000, 0.000000000000000, -1.00000000000000 ) );
#1719 = DIRECTION( '', ( 0.000000000000000, -1.00000000000000, 0.000000000000000 ) );
#1720 = ORIENTED_EDGE( '', *, *, #2812, .T. );
#1721 = ORIENTED_EDGE( '', *, *, #2829, .F. );
#1722 = ORIENTED_EDGE( '', *, *, #2830, .F. );
#1723 = ORIENTED_EDGE( '', *, *, #2831, .T. );
#1724 = CARTESIAN_POINT( '', ( -0.00158391918985785, -0.00906999999999928, -0.00158391918985785 ) );
#1725 = DIRECTION( '', ( 0.707106781186548, -0.000000000000000, 0.707106781186548 ) );
#1726 = DIRECTION( '', ( -0.707106781186547, 0.000000000000000, 0.707106781186547 ) );
#1727 = ORIENTED_EDGE( '', *, *, #2832, .F. );
#1728 = ORIENTED_EDGE( '', *, *, #2757, .T. );
#1729 = CARTESIAN_POINT( '', ( 0.000000000000000, 0.000000000000000, 0.000000000000000 ) );
#1730 = DIRECTION( '', ( 0.000000000000000, -1.00000000000000, -0.000000000000000 ) );
#1731 = DIRECTION( '', ( 1.00000000000000, 0.000000000000000, 0.000000000000000 ) );
#1732 = ORIENTED_EDGE( '', *, *, #2656, .F. );
#1733 = ORIENTED_EDGE( '', *, *, #2833, .T. );
#1734 = ORIENTED_EDGE( '', *, *, #2834, .F. );
#1735 = ORIENTED_EDGE( '', *, *, #2740, .F. );
#1736 = CARTESIAN_POINT( '', ( 0.000000000000000, -0.00235000000000000, 0.000000000000000 ) );
#1737 = DIRECTION( '', ( 0.000000000000000, -1.00000000000000, -0.000000000000000 ) );
#1738 = DIRECTION( '', ( 0.963790528615870, 0.000000000000000, -0.266660490043692 ) );
#1739 = ORIENTED_EDGE( '', *, *, #2816, .T. );
#1740 = ORIENTED_EDGE( '', *, *, #2835, .F. );
#1741 = ORIENTED_EDGE( '', *, *, #2836, .F. );
#1742 = ORIENTED_EDGE( '', *, *, #2837, .T. );
#1743 = CARTESIAN_POINT( '', ( 0.00109601551083912, 0.00772999999999956, -0.00109601551083912 ) );
#1744 = DIRECTION( '', ( 0.000000000000000, -1.00000000000000, -0.000000000000000 ) );
#1745 = DIRECTION( '', ( 1.00000000000000, 0.000000000000000, 0.000000000000000 ) );
#1746 = ORIENTED_EDGE( '', *, *, #2838, .T. );
#1747 = ORIENTED_EDGE( '', *, *, #2839, .F. );
#1748 = ORIENTED_EDGE( '', *, *, #2646, .F. );
#1749 = ORIENTED_EDGE( '', *, *, #2596, .F. );
#1750 = CARTESIAN_POINT( '', ( -0.000576943614889228, -0.00647000000025352, 0.000765518716233572 ) );
#1751 = CARTESIAN_POINT( '', ( -0.000574422364574360, -0.00647000000025352, 0.000765518716233572 ) );
#1752 = CARTESIAN_POINT( '', ( -0.000564544253129962, -0.00647000000025352, 0.000765518716233572 ) );
#1753 = CARTESIAN_POINT( '', ( -0.000539952419426758, -0.00647000000025352, 0.000765518716233572 ) );
#1754 = CARTESIAN_POINT( '', ( -0.000438427735842292, -0.00647000000025352, 0.000765518716233572 ) );
#1755 = CARTESIAN_POINT( '', ( -0.000317200830903648, -0.00647000000025352, 0.000765518716233572 ) );
#1756 = CARTESIAN_POINT( '', ( -0.000210687648223251, -0.00647000000025352, 0.000765518716233572 ) );
#1757 = CARTESIAN_POINT( '', ( -0.000183628565739518, -0.00647000000025352, 0.000765518716233572 ) );
#1758 = DIRECTION( '', ( 0.000000000000000, -1.00000000000000, 0.000000000000000 ) );
#1759 = ORIENTED_EDGE( '', *, *, #2819, .T. );
#1760 = ORIENTED_EDGE( '', *, *, #2840, .F. );
#1761 = ORIENTED_EDGE( '', *, *, #2841, .F. );
#1762 = ORIENTED_EDGE( '', *, *, #2577, .F. );
#1763 = CARTESIAN_POINT( '', ( 0.000823925478339804, -0.00647000000025352, -0.000317748450961060 ) );
#1764 = CARTESIAN_POINT( '', ( 0.000823771508891584, -0.00647000000025352, -0.000318472659869510 ) );
#1765 = CARTESIAN_POINT( '', ( 0.000809657497395508, -0.00647000000025352, -0.000384805250842366 ) );
#1766 = CARTESIAN_POINT( '', ( 0.000783332628053226, -0.00647000000025352, -0.000508468820293498 ) );
#1767 = CARTESIAN_POINT( '', ( 0.000872974183560206, -0.00647000000025352, -0.000506334890582956 ) );
#1768 = DIRECTION( '', ( 0.000000000000000, -1.00000000000000, 0.000000000000000 ) );
#1769 = ORIENTED_EDGE( '', *, *, #2842, .F. );
#1770 = ORIENTED_EDGE( '', *, *, #2843, .F. );
#1771 = ORIENTED_EDGE( '', *, *, #2844, .T. );
#1772 = ORIENTED_EDGE( '', *, *, #2622, .T. );
#1773 = CARTESIAN_POINT( '', ( 0.00223999999999993, -0.00906999999999928, -0.000300000000000070 ) );
#1774 = DIRECTION( '', ( 0.000000000000000, 0.000000000000000, -1.00000000000000 ) );
#1775 = DIRECTION( '', ( 0.000000000000000, -1.00000000000000, 0.000000000000000 ) );
#1776 = ORIENTED_EDGE( '', *, *, #2845, .F. );
#1777 = ORIENTED_EDGE( '', *, *, #2846, .F. );
#1778 = ORIENTED_EDGE( '', *, *, #2847, .T. );
#1779 = ORIENTED_EDGE( '', *, *, #2626, .T. );
#1780 = CARTESIAN_POINT( '', ( 0.00179605122421371, -0.00906999999999928, 0.00137178715550199 ) );
#1781 = DIRECTION( '', ( 0.707106781186548, 0.000000000000000, -0.707106781186548 ) );
#1782 = DIRECTION( '', ( 0.000000000000000, -1.00000000000000, 0.000000000000000 ) );
#1783 = ORIENTED_EDGE( '', *, *, #2848, .T. );
#1784 = ORIENTED_EDGE( '', *, *, #2830, .T. );
#1785 = ORIENTED_EDGE( '', *, *, #2849, .F. );
#1786 = ORIENTED_EDGE( '', *, *, #2640, .F. );
#1787 = CARTESIAN_POINT( '', ( -0.00137178715550199, -0.00646999999999952, -0.00179605122421371 ) );
#1788 = DIRECTION( '', ( 0.707106781186548, 0.000000000000000, -0.707106781186548 ) );
#1789 = DIRECTION( '', ( 0.000000000000000, -1.00000000000000, 0.000000000000000 ) );
#1790 = ORIENTED_EDGE( '', *, *, #2743, .T. );
#1791 = ORIENTED_EDGE( '', *, *, #2850, .F. );
#1792 = ORIENTED_EDGE( '', *, *, #2851, .F. );
#1793 = ORIENTED_EDGE( '', *, *, #2852, .F. );
#1794 = CARTESIAN_POINT( '', ( 0.000161933269335455, -0.00647000000025352, 0.000119479952129102 ) );
#1795 = CARTESIAN_POINT( '', ( 0.000161103142747502, -0.00647000000025352, 0.000119049227971553 ) );
#1796 = CARTESIAN_POINT( '', ( 0.000142743761238983, -0.00647000000025352, 0.000108647683490076 ) );
#1797 = CARTESIAN_POINT( '', ( 7.11200562686962E-05, -0.00647000000025352, 5.32375126671036E-05 ) );
#1798 = CARTESIAN_POINT( '', ( 6.15508618002908E-05, -0.00647000000025352, 0.000000000000000 ) );
#1799 = CARTESIAN_POINT( '', ( 6.13355162470356E-05, -0.00647000000025352, 0.000000000000000 ) );
#1800 = DIRECTION( '', ( 0.000000000000000, -1.00000000000000, 0.000000000000000 ) );
#1801 = ORIENTED_EDGE( '', *, *, #2844, .F. );
#1802 = ORIENTED_EDGE( '', *, *, #2853, .F. );
#1803 = ORIENTED_EDGE( '', *, *, #2854, .F. );
#1804 = ORIENTED_EDGE( '', *, *, #2623, .T. );
#1805 = CARTESIAN_POINT( '', ( 0.00223999999999993, -0.00646999999999952, 0.000000000000000 ) );
#1806 = DIRECTION( '', ( 1.00000000000000, 0.000000000000000, 0.000000000000000 ) );
#1807 = DIRECTION( '', ( 0.000000000000000, 1.00000000000000, -0.000000000000000 ) );
#1808 = ORIENTED_EDGE( '', *, *, #2813, .F. );
#1809 = ORIENTED_EDGE( '', *, *, #2831, .F. );
#1810 = ORIENTED_EDGE( '', *, *, #2848, .F. );
#1811 = ORIENTED_EDGE( '', *, *, #2643, .T. );
#1812 = CARTESIAN_POINT( '', ( -0.00158391918985785, -0.00646999999999952, -0.00158391918985785 ) );
#1813 = DIRECTION( '', ( -0.707106781186548, 0.000000000000000, -0.707106781186548 ) );
#1814 = DIRECTION( '', ( -0.707106781186548, 0.000000000000000, 0.707106781186548 ) );
#1815 = ORIENTED_EDGE( '', *, *, #2775, .T. );
#1816 = ORIENTED_EDGE( '', *, *, #2855, .F. );
#1817 = ORIENTED_EDGE( '', *, *, #2729, .F. );
#1818 = ORIENTED_EDGE( '', *, *, #2589, .F. );
#1819 = CARTESIAN_POINT( '', ( -0.00112960417481228, -0.00647000000025352, -0.000747276961143368 ) );
#1820 = CARTESIAN_POINT( '', ( -0.00113266935411015, -0.00647000000025352, -0.000747276961143368 ) );
#1821 = CARTESIAN_POINT( '', ( -0.00114371677116183, -0.00647000000025352, -0.000747276961143368 ) );
#1822 = CARTESIAN_POINT( '', ( -0.00117072866372214, -0.00647000000025352, -0.000747276961143368 ) );
#1823 = CARTESIAN_POINT( '', ( -0.00128088354473071, -0.00647000000025352, -0.000747276961143368 ) );
#1824 = CARTESIAN_POINT( '', ( -0.00142616027185765, -0.00647000000025352, -0.000747276961143368 ) );
#1825 = CARTESIAN_POINT( '', ( -0.00155853770277383, -0.00647000000025352, -0.000747276961143368 ) );
#1826 = CARTESIAN_POINT( '', ( -0.00160470696594439, -0.00647000000025352, -0.000747276961143368 ) );
#1827 = CARTESIAN_POINT( '', ( -0.00160777214524201, -0.00647000000025352, -0.000747276961143368 ) );
#1828 = DIRECTION( '', ( 0.000000000000000, -1.00000000000000, 0.000000000000000 ) );
#1829 = ORIENTED_EDGE( '', *, *, #2856, .F. );
#1830 = ORIENTED_EDGE( '', *, *, #2857, .F. );
#1831 = ORIENTED_EDGE( '', *, *, #2673, .T. );
#1832 = ORIENTED_EDGE( '', *, *, #2858, .F. );
#1833 = CARTESIAN_POINT( '', ( 0.00416653333119912, -0.00199999999999987, 0.00125000000000008 ) );
#1834 = DIRECTION( '', ( 0.000000000000000, 0.000000000000000, 1.00000000000000 ) );
#1835 = DIRECTION( '', ( 1.00000000000000, -0.000000000000000, 0.000000000000000 ) );
#1836 = ORIENTED_EDGE( '', *, *, #2810, .T. );
#1837 = ORIENTED_EDGE( '', *, *, #2859, .F. );
#1838 = ORIENTED_EDGE( '', *, *, #2860, .F. );
#1839 = ORIENTED_EDGE( '', *, *, #2861, .F. );
#1840 = ORIENTED_EDGE( '', *, *, #2674, .T. );
#1841 = ORIENTED_EDGE( '', *, *, #2857, .T. );
#1842 = ORIENTED_EDGE( '', *, *, #2862, .F. );
#1843 = ORIENTED_EDGE( '', *, *, #2721, .T. );
#1844 = CARTESIAN_POINT( '', ( 0.000000000000000, -0.00199999999999987, 0.000000000000000 ) );
#1845 = DIRECTION( '', ( 0.000000000000000, -1.00000000000000, -0.000000000000000 ) );
#1846 = DIRECTION( '', ( 0.000000000000000, 0.000000000000000, 1.00000000000000 ) );
#1847 = ORIENTED_EDGE( '', *, *, #2675, .T. );
#1848 = ORIENTED_EDGE( '', *, *, #2861, .T. );
#1849 = ORIENTED_EDGE( '', *, *, #2863, .F. );
#1850 = ORIENTED_EDGE( '', *, *, #2864, .T. );
#1851 = CARTESIAN_POINT( '', ( 0.00442690636901182, -0.00199999999999987, -0.00125000000000008 ) );
#1852 = DIRECTION( '', ( 0.000000000000000, 0.000000000000000, -1.00000000000000 ) );
#1853 = DIRECTION( '', ( 0.000000000000000, -1.00000000000000, 0.000000000000000 ) );
#1854 = ORIENTED_EDGE( '', *, *, #2865, .T. );
#1855 = ORIENTED_EDGE( '', *, *, #2866, .F. );
#1856 = ORIENTED_EDGE( '', *, *, #2814, .F. );
#1857 = ORIENTED_EDGE( '', *, *, #2867, .T. );
#1858 = CARTESIAN_POINT( '', ( -0.000567334445600366, 0.00772999999999956, -0.00141586258302431 ) );
#1859 = DIRECTION( '', ( 0.000000000000000, -1.00000000000000, -0.000000000000000 ) );
#1860 = DIRECTION( '', ( 1.00000000000000, 0.000000000000000, 0.000000000000000 ) );
#1861 = ORIENTED_EDGE( '', *, *, #2851, .T. );
#1862 = ORIENTED_EDGE( '', *, *, #2868, .F. );
#1863 = ORIENTED_EDGE( '', *, *, #2776, .F. );
#1864 = ORIENTED_EDGE( '', *, *, #2869, .F. );
#1865 = CARTESIAN_POINT( '', ( 6.25579218465172E-05, -0.00647000000025352, 5.54389460754294E-06 ) );
#1866 = CARTESIAN_POINT( '', ( 6.24024877039190E-05, -0.00647000000025352, 4.87721999707720E-06 ) );
#1867 = CARTESIAN_POINT( '', ( 5.26093279954084E-05, -0.00647000000025352, -3.90810761666474E-05 ) );
#1868 = CARTESIAN_POINT( '', ( 7.86968022775818E-05, -0.00647000000025352, -5.99192415993772E-05 ) );
#1869 = CARTESIAN_POINT( '', ( 0.000117242305995412, -0.00647000000025352, -5.95485218245114E-05 ) );
#1870 = CARTESIAN_POINT( '', ( 0.000117929901284404, -0.00647000000025352, -5.95353862731600E-05 ) );
#1871 = DIRECTION( '', ( 0.000000000000000, -1.00000000000000, 0.000000000000000 ) );
#1872 = ORIENTED_EDGE( '', *, *, #2821, .T. );
#1873 = ORIENTED_EDGE( '', *, *, #2824, .T. );
#1874 = ORIENTED_EDGE( '', *, *, #2670, .T. );
#1875 = ORIENTED_EDGE( '', *, *, #2768, .T. );
#1876 = ORIENTED_EDGE( '', *, *, #2870, .T. );
#1877 = ORIENTED_EDGE( '', *, *, #2871, .T. );
#1878 = ORIENTED_EDGE( '', *, *, #2872, .T. );
#1879 = ORIENTED_EDGE( '', *, *, #2696, .T. );
#1880 = ORIENTED_EDGE( '', *, *, #2644, .T. );
#1881 = ORIENTED_EDGE( '', *, *, #2839, .T. );
#1882 = ORIENTED_EDGE( '', *, *, #2873, .T. );
#1883 = ORIENTED_EDGE( '', *, *, #2723, .T. );
#1884 = ORIENTED_EDGE( '', *, *, #2667, .T. );
#1885 = ORIENTED_EDGE( '', *, *, #2874, .T. );
#1886 = ORIENTED_EDGE( '', *, *, #2875, .T. );
#1887 = ORIENTED_EDGE( '', *, *, #2730, .T. );
#1888 = ORIENTED_EDGE( '', *, *, #2855, .T. );
#1889 = ORIENTED_EDGE( '', *, *, #2774, .T. );
#1890 = ORIENTED_EDGE( '', *, *, #2876, .T. );
#1891 = ORIENTED_EDGE( '', *, *, #2877, .T. );
#1892 = ORIENTED_EDGE( '', *, *, #2785, .T. );
#1893 = ORIENTED_EDGE( '', *, *, #2746, .T. );
#1894 = ORIENTED_EDGE( '', *, *, #2823, .T. );
#1895 = ORIENTED_EDGE( '', *, *, #2850, .T. );
#1896 = ORIENTED_EDGE( '', *, *, #2742, .T. );
#1897 = ORIENTED_EDGE( '', *, *, #2878, .T. );
#1898 = ORIENTED_EDGE( '', *, *, #2777, .T. );
#1899 = ORIENTED_EDGE( '', *, *, #2868, .T. );
#1900 = ORIENTED_EDGE( '', *, *, #2664, .T. );
#1901 = ORIENTED_EDGE( '', *, *, #2879, .T. );
#1902 = ORIENTED_EDGE( '', *, *, #2679, .T. );
#1903 = ORIENTED_EDGE( '', *, *, #2660, .T. );
#1904 = ORIENTED_EDGE( '', *, *, #2769, .T. );
#1905 = ORIENTED_EDGE( '', *, *, #2726, .T. );
#1906 = ORIENTED_EDGE( '', *, *, #2880, .T. );
#1907 = CARTESIAN_POINT( '', ( 0.000000000000000, -0.00641999999999972, 0.000000000000000 ) );
#1908 = DIRECTION( '', ( 0.000000000000000, -1.00000000000000, 0.000000000000000 ) );
#1909 = DIRECTION( '', ( 0.000000000000000, 0.000000000000000, -1.00000000000000 ) );
#1910 = ORIENTED_EDGE( '', *, *, #2881, .F. );
#1911 = ORIENTED_EDGE( '', *, *, #2802, .F. );
#1912 = ORIENTED_EDGE( '', *, *, #2882, .F. );
#1913 = ORIENTED_EDGE( '', *, *, #2619, .T. );
#1914 = CARTESIAN_POINT( '', ( 0.00158391918985785, -0.00646999999999952, -0.00158391918985785 ) );
#1915 = DIRECTION( '', ( 0.707106781186548, 0.000000000000000, -0.707106781186548 ) );
#1916 = DIRECTION( '', ( 0.000000000000000, -1.00000000000000, 0.000000000000000 ) );
#1917 = ORIENTED_EDGE( '', *, *, #2847, .F. );
#1918 = ORIENTED_EDGE( '', *, *, #2883, .F. );
#1919 = ORIENTED_EDGE( '', *, *, #2884, .F. );
#1920 = ORIENTED_EDGE( '', *, *, #2627, .T. );
#1921 = CARTESIAN_POINT( '', ( 0.00158391918985785, -0.00646999999999952, 0.00158391918985785 ) );
#1922 = DIRECTION( '', ( 0.707106781186548, 0.000000000000000, 0.707106781186548 ) );
#1923 = DIRECTION( '', ( 0.000000000000000, -1.00000000000000, 0.000000000000000 ) );
#1924 = ORIENTED_EDGE( '', *, *, #2885, .F. );
#1925 = ORIENTED_EDGE( '', *, *, #2686, .T. );
#1926 = ORIENTED_EDGE( '', *, *, #2886, .T. );
#1927 = ORIENTED_EDGE( '', *, *, #2887, .T. );
#1928 = CARTESIAN_POINT( '', ( 0.000000000000000, 0.00743000000000076, 0.000000000000000 ) );
#1929 = DIRECTION( '', ( 0.000000000000000, 1.00000000000000, 0.000000000000000 ) );
#1930 = DIRECTION( '', ( -0.999936492395852, 0.000000000000000, -0.0112699234727295 ) );
#1931 = ORIENTED_EDGE( '', *, *, #2849, .T. );
#1932 = ORIENTED_EDGE( '', *, *, #2829, .T. );
#1933 = ORIENTED_EDGE( '', *, *, #2811, .T. );
#1934 = ORIENTED_EDGE( '', *, *, #2641, .F. );
#1935 = CARTESIAN_POINT( '', ( -0.00200818325856982, -0.00646999999999952, -0.00200818325856982 ) );
#1936 = DIRECTION( '', ( -0.707106781186548, 0.000000000000000, -0.707106781186548 ) );
#1937 = DIRECTION( '', ( -0.707106781186548, 0.000000000000000, 0.707106781186548 ) );
#1938 = ORIENTED_EDGE( '', *, *, #2765, .T. );
#1939 = ORIENTED_EDGE( '', *, *, #2888, .F. );
#1940 = ORIENTED_EDGE( '', *, *, #2571, .F. );
#1941 = ORIENTED_EDGE( '', *, *, #2889, .T. );
#1942 = CARTESIAN_POINT( '', ( -0.000380000000000004, -0.00646999999999952, -0.00458427747851332 ) );
#1943 = DIRECTION( '', ( -1.00000000000000, 0.000000000000000, 0.000000000000000 ) );
#1944 = DIRECTION( '', ( 0.000000000000000, 0.000000000000000, 1.00000000000000 ) );
#1945 = ORIENTED_EDGE( '', *, *, #2890, .T. );
#1946 = CARTESIAN_POINT( '', ( 0.000000000000000, -0.000199999999999987, 0.000000000000000 ) );
#1947 = DIRECTION( '', ( 0.000000000000000, 1.00000000000000, 0.000000000000000 ) );
#1948 = DIRECTION( '', ( 1.00000000000000, 0.000000000000000, -0.000000000000000 ) );
#1949 = ORIENTED_EDGE( '', *, *, #2827, .T. );
#1950 = ORIENTED_EDGE( '', *, *, #2891, .F. );
#1951 = ORIENTED_EDGE( '', *, *, #2676, .F. );
#1952 = ORIENTED_EDGE( '', *, *, #2581, .F. );
#1953 = CARTESIAN_POINT( '', ( 0.000936945503856578, -0.00647000000025352, 0.000253981175790277 ) );
#1954 = CARTESIAN_POINT( '', ( 0.000936664843919804, -0.00647000000025352, 0.000252659498825229 ) );
#1955 = CARTESIAN_POINT( '', ( 0.000935954571622038, -0.00647000000025352, 0.000249314701753089 ) );
#1956 = CARTESIAN_POINT( '', ( 0.000934385074602542, -0.00647000000025352, 0.000241923664466664 ) );
#1957 = CARTESIAN_POINT( '', ( 0.000928456424021716, -0.00647000000025352, 0.000214004606988355 ) );
#1958 = CARTESIAN_POINT( '', ( 0.000920637479052830, -0.00647000000025352, 0.000177183821038685 ) );
#1959 = CARTESIAN_POINT( '', ( 0.000913397098869154, -0.00647000000025352, 0.000143087598338252 ) );
#1960 = CARTESIAN_POINT( '', ( 0.000910796532183328, -0.00647000000025352, 0.000130841072794750 ) );
#1961 = CARTESIAN_POINT( '', ( 0.000910515872246554, -0.00647000000025352, 0.000129519395829702 ) );
#1962 = DIRECTION( '', ( 0.000000000000000, -1.00000000000000, 0.000000000000000 ) );
#1963 = ORIENTED_EDGE( '', *, *, #2854, .T. );
#1964 = ORIENTED_EDGE( '', *, *, #2892, .T. );
#1965 = ORIENTED_EDGE( '', *, *, #2893, .F. );
#1966 = ORIENTED_EDGE( '', *, *, #2620, .F. );
#1967 = CARTESIAN_POINT( '', ( 0.00223999999999993, -0.00646999999999952, 0.000300000000000070 ) );
#1968 = DIRECTION( '', ( 0.000000000000000, 0.000000000000000, 1.00000000000000 ) );
#1969 = DIRECTION( '', ( 1.00000000000000, -0.000000000000000, 0.000000000000000 ) );
#1970 = ORIENTED_EDGE( '', *, *, #2693, .F. );
#1971 = ORIENTED_EDGE( '', *, *, #2716, .F. );
#1972 = ORIENTED_EDGE( '', *, *, #2894, .T. );
#1973 = ORIENTED_EDGE( '', *, *, #2630, .T. );
#1974 = CARTESIAN_POINT( '', ( 0.000300000000000070, -0.00906999999999928, 0.00223999999999993 ) );
#1975 = DIRECTION( '', ( 1.00000000000000, 0.000000000000000, 0.000000000000000 ) );
#1976 = DIRECTION( '', ( 0.000000000000000, 1.00000000000000, -0.000000000000000 ) );
#1977 = ORIENTED_EDGE( '', *, *, #2895, .T. );
#1978 = ORIENTED_EDGE( '', *, *, #2871, .F. );
#1979 = ORIENTED_EDGE( '', *, *, #2896, .F. );
#1980 = ORIENTED_EDGE( '', *, *, #2600, .F. );
#1981 = CARTESIAN_POINT( '', ( 0.000367795163836446, -0.00647000000025352, 0.000784197747383436 ) );
#1982 = CARTESIAN_POINT( '', ( 0.000370505587793286, -0.00647000000025352, 0.000784239871409678 ) );
#1983 = CARTESIAN_POINT( '', ( 0.000491999160793462, -0.00647000000025352, 0.000785186474849716 ) );
#1984 = CARTESIAN_POINT( '', ( 0.000588707621576052, -0.00647000000025352, 0.000722762578273070 ) );
#1985 = CARTESIAN_POINT( '', ( 0.000615395727750152, -0.00647000000025352, 0.000616733091746234 ) );
#1986 = CARTESIAN_POINT( '', ( 0.000614696053015138, -0.00647000000025352, 0.000556602521212086 ) );
#1987 = CARTESIAN_POINT( '', ( 0.000607854606781116, -0.00647000000025352, 0.000511869445990328 ) );
#1988 = CARTESIAN_POINT( '', ( 0.000595363631742542, -0.00647000000025352, 0.000468880501856628 ) );
#1989 = CARTESIAN_POINT( '', ( 0.000569773480899578, -0.00647000000025352, 0.000411646422322730 ) );
#1990 = CARTESIAN_POINT( '', ( 0.000506330802535760, -0.00647000000025352, 0.000323417974820364 ) );
#1991 = CARTESIAN_POINT( '', ( 0.000423641318414932, -0.00647000000025352, 0.000265438144242792 ) );
#1992 = CARTESIAN_POINT( '', ( 0.000360930369458620, -0.00647000000025352, 0.000235033254621933 ) );
#1993 = CARTESIAN_POINT( '', ( 0.000358500439596874, -0.00647000000025352, 0.000233872921578621 ) );
#1994 = DIRECTION( '', ( 0.000000000000000, -1.00000000000000, 0.000000000000000 ) );
#1995 = ORIENTED_EDGE( '', *, *, #2896, .T. );
#1996 = ORIENTED_EDGE( '', *, *, #2870, .F. );
#1997 = ORIENTED_EDGE( '', *, *, #2767, .F. );
#1998 = ORIENTED_EDGE( '', *, *, #2601, .F. );
#1999 = CARTESIAN_POINT( '', ( 0.000364523453104290, -0.00647000000025352, 0.000239274472983727 ) );
#2000 = CARTESIAN_POINT( '', ( 0.000364936805130518, -0.00647000000025352, 0.000238648469234543 ) );
#2001 = CARTESIAN_POINT( '', ( 0.000405018955358234, -0.00647000000025352, 0.000177673800277521 ) );
#2002 = CARTESIAN_POINT( '', ( 0.000434864705498720, -0.00647000000025352, 0.000104887919500323 ) );
#2003 = CARTESIAN_POINT( '', ( 0.000417011093288820, -0.00647000000025352, 2.32372319542976E-05 ) );
#2004 = CARTESIAN_POINT( '', ( 0.000416804230931146, -0.00647000000025352, 2.23176310598353E-05 ) );
#2005 = DIRECTION( '', ( 0.000000000000000, -1.00000000000000, 0.000000000000000 ) );
#2006 = ORIENTED_EDGE( '', *, *, #2697, .T. );
#2007 = ORIENTED_EDGE( '', *, *, #2872, .F. );
#2008 = ORIENTED_EDGE( '', *, *, #2895, .F. );
#2009 = ORIENTED_EDGE( '', *, *, #2599, .F. );
#2010 = CARTESIAN_POINT( '', ( 0.000116284611024649, -0.00647000000025352, 0.000710276351762718 ) );
#2011 = CARTESIAN_POINT( '', ( 0.000194000775276922, -0.00647000000025352, 0.000759612511186214 ) );
#2012 = CARTESIAN_POINT( '', ( 0.000299715054342886, -0.00647000000025352, 0.000784546867655222 ) );
#2013 = CARTESIAN_POINT( '', ( 0.000377634985657652, -0.00647000000025352, 0.000784257451887598 ) );
#2014 = CARTESIAN_POINT( '', ( 0.000378525289891264, -0.00647000000025352, 0.000784250810477716 ) );
#2015 = DIRECTION( '', ( 0.000000000000000, -1.00000000000000, 0.000000000000000 ) );
#2016 = ORIENTED_EDGE( '', *, *, #2648, .T. );
#2017 = ORIENTED_EDGE( '', *, *, #2897, .T. );
#2018 = ORIENTED_EDGE( '', *, *, #2781, .T. );
#2019 = ORIENTED_EDGE( '', *, *, #2898, .T. );
#2020 = ORIENTED_EDGE( '', *, *, #2899, .T. );
#2021 = ORIENTED_EDGE( '', *, *, #2677, .T. );
#2022 = ORIENTED_EDGE( '', *, *, #2891, .T. );
#2023 = ORIENTED_EDGE( '', *, *, #2826, .T. );
#2024 = ORIENTED_EDGE( '', *, *, #2900, .T. );
#2025 = ORIENTED_EDGE( '', *, *, #2901, .T. );
#2026 = ORIENTED_EDGE( '', *, *, #2840, .T. );
#2027 = ORIENTED_EDGE( '', *, *, #2818, .T. );
#2028 = CARTESIAN_POINT( '', ( 0.000000000000000, -0.00641999999999972, 0.000000000000000 ) );
#2029 = DIRECTION( '', ( 0.000000000000000, -1.00000000000000, 0.000000000000000 ) );
#2030 = DIRECTION( '', ( 0.000000000000000, 0.000000000000000, -1.00000000000000 ) );
#2031 = ORIENTED_EDGE( '', *, *, #2731, .T. );
#2032 = ORIENTED_EDGE( '', *, *, #2875, .F. );
#2033 = ORIENTED_EDGE( '', *, *, #2902, .F. );
#2034 = ORIENTED_EDGE( '', *, *, #2591, .F. );
#2035 = CARTESIAN_POINT( '', ( -0.00107947937241870, -0.00647000000025352, -9.89418944128182E-05 ) );
#2036 = CARTESIAN_POINT( '', ( -0.00108107520528316, -0.00647000000025352, -9.32918250655068E-05 ) );
#2037 = CARTESIAN_POINT( '', ( -0.00108682685289872, -0.00647000000025352, -7.29280334595926E-05 ) );
#2038 = CARTESIAN_POINT( '', ( -0.00110089013001620, -0.00647000000025352, -2.31367973364347E-05 ) );
#2039 = CARTESIAN_POINT( '', ( -0.00115824037358142, -0.00647000000025352, 0.000179912570340510 ) );
#2040 = CARTESIAN_POINT( '', ( -0.00123387620205140, -0.00647000000025352, 0.000447702315447274 ) );
#2041 = CARTESIAN_POINT( '', ( -0.00130279623388340, -0.00647000000025352, 0.000691714685384220 ) );
#2042 = CARTESIAN_POINT( '', ( -0.00132683346640371, -0.00647000000025352, 0.000776818854928144 ) );
#2043 = CARTESIAN_POINT( '', ( -0.00132842929926817, -0.00647000000025352, 0.000782468924275430 ) );
#2044 = DIRECTION( '', ( 0.000000000000000, -1.00000000000000, 0.000000000000000 ) );
#2045 = ORIENTED_EDGE( '', *, *, #2902, .T. );
#2046 = ORIENTED_EDGE( '', *, *, #2874, .F. );
#2047 = ORIENTED_EDGE( '', *, *, #2666, .F. );
#2048 = ORIENTED_EDGE( '', *, *, #2592, .F. );
#2049 = CARTESIAN_POINT( '', ( -0.00133317600406328, -0.00647000000025352, 0.000765518716233572 ) );
#2050 = CARTESIAN_POINT( '', ( -0.00132999793626703, -0.00647000000025352, 0.000765518716233572 ) );
#2051 = CARTESIAN_POINT( '', ( -0.00131854365025210, -0.00647000000025352, 0.000765518716233572 ) );
#2052 = CARTESIAN_POINT( '', ( -0.00129053692779932, -0.00647000000025352, 0.000765518716233572 ) );
#2053 = CARTESIAN_POINT( '', ( -0.00117632511637783, -0.00647000000025352, 0.000765518716233572 ) );
#2054 = CARTESIAN_POINT( '', ( -0.00102569794479305, -0.00647000000025352, 0.000765518716233572 ) );
#2055 = CARTESIAN_POINT( '', ( -0.000888445141850130, -0.00647000000025352, 0.000765518716233572 ) );
#2056 = CARTESIAN_POINT( '', ( -0.000840575495671910, -0.00647000000025352, 0.000765518716233572 ) );
#2057 = CARTESIAN_POINT( '', ( -0.000837397427875912, -0.00647000000025352, 0.000765518716233572 ) );
#2058 = DIRECTION( '', ( 0.000000000000000, -1.00000000000000, 0.000000000000000 ) );
#2059 = ORIENTED_EDGE( '', *, *, #2903, .T. );
#2060 = ORIENTED_EDGE( '', *, *, #2904, .T. );
#2061 = ORIENTED_EDGE( '', *, *, #2835, .T. );
#2062 = ORIENTED_EDGE( '', *, *, #2815, .T. );
#2063 = ORIENTED_EDGE( '', *, *, #2866, .T. );
#2064 = ORIENTED_EDGE( '', *, *, #2905, .T. );
#2065 = CARTESIAN_POINT( '', ( 0.000000000000000, 0.00762999999999996, 0.000000000000000 ) );
#2066 = DIRECTION( '', ( 0.000000000000000, 1.00000000000000, 0.000000000000000 ) );
#2067 = DIRECTION( '', ( 1.00000000000000, 0.000000000000000, -0.000000000000000 ) );
#2068 = ORIENTED_EDGE( '', *, *, #2906, .T. );
#2069 = ORIENTED_EDGE( '', *, *, #2737, .T. );
#2070 = CARTESIAN_POINT( '', ( 0.000000000000000, -0.00401999999999916, 0.000000000000000 ) );
#2071 = DIRECTION( '', ( 0.000000000000000, 1.00000000000000, 0.000000000000000 ) );
#2072 = DIRECTION( '', ( 1.00000000000000, 0.000000000000000, -0.000000000000000 ) );
#2073 = ORIENTED_EDGE( '', *, *, #2889, .F. );
#2074 = ORIENTED_EDGE( '', *, *, #2570, .T. );
#2075 = ORIENTED_EDGE( '', *, *, #2907, .T. );
#2076 = ORIENTED_EDGE( '', *, *, #2766, .T. );
#2077 = ORIENTED_EDGE( '', *, *, #2906, .F. );
#2078 = CARTESIAN_POINT( '', ( 0.000000000000000, 0.000000000000000, 0.000000000000000 ) );
#2079 = DIRECTION( '', ( 0.000000000000000, -1.00000000000000, -0.000000000000000 ) );
#2080 = DIRECTION( '', ( 1.00000000000000, 0.000000000000000, 0.000000000000000 ) );
#2081 = ORIENTED_EDGE( '', *, *, #2689, .T. );
#2082 = ORIENTED_EDGE( '', *, *, #2672, .T. );
#2083 = ORIENTED_EDGE( '', *, *, #2864, .F. );
#2084 = ORIENTED_EDGE( '', *, *, #2908, .F. );
#2085 = ORIENTED_EDGE( '', *, *, #2858, .T. );
#2086 = ORIENTED_EDGE( '', *, *, #2762, .F. );
#2087 = ORIENTED_EDGE( '', *, *, #2909, .F. );
#2088 = ORIENTED_EDGE( '', *, *, #2910, .T. );
#2089 = ORIENTED_EDGE( '', *, *, #2911, .T. );
#2090 = ORIENTED_EDGE( '', *, *, #2736, .F. );
#2091 = CARTESIAN_POINT( '', ( 0.000000000000000, 0.000000000000000, 0.000000000000000 ) );
#2092 = DIRECTION( '', ( 0.000000000000000, -1.00000000000000, -0.000000000000000 ) );
#2093 = DIRECTION( '', ( 1.00000000000000, 0.000000000000000, 0.000000000000000 ) );
#2094 = ORIENTED_EDGE( '', *, *, #2678, .T. );
#2095 = ORIENTED_EDGE( '', *, *, #2899, .F. );
#2096 = ORIENTED_EDGE( '', *, *, #2912, .F. );
#2097 = ORIENTED_EDGE( '', *, *, #2583, .F. );
#2098 = CARTESIAN_POINT( '', ( 0.000499460943807382, -0.00647000000025352, 0.000129519328626560 ) );
#2099 = CARTESIAN_POINT( '', ( 0.000499741498233064, -0.00647000000025352, 0.000130841027992656 ) );
#2100 = CARTESIAN_POINT( '', ( 0.000500373492941386, -0.00647000000025352, 0.000133818371884971 ) );
#2101 = CARTESIAN_POINT( '', ( 0.000501708368215242, -0.00647000000025352, 0.000140107004829753 ) );
#2102 = CARTESIAN_POINT( '', ( 0.000506558244118214, -0.00647000000025352, 0.000162954899291886 ) );
#2103 = CARTESIAN_POINT( '', ( 0.000512954457265310, -0.00647000000025352, 0.000193087629669434 ) );
#2104 = CARTESIAN_POINT( '', ( 0.000518928344272300, -0.00647000000025352, 0.000221230770360612 ) );
#2105 = CARTESIAN_POINT( '', ( 0.000521106676225000, -0.00647000000025352, 0.000231492950168393 ) );
#2106 = CARTESIAN_POINT( '', ( 0.000521387230650682, -0.00647000000025352, 0.000232814649534464 ) );
#2107 = DIRECTION( '', ( 0.000000000000000, -1.00000000000000, 0.000000000000000 ) );
#2108 = ORIENTED_EDGE( '', *, *, #2778, .T. );
#2109 = ORIENTED_EDGE( '', *, *, #2878, .F. );
#2110 = ORIENTED_EDGE( '', *, *, #2741, .F. );
#2111 = ORIENTED_EDGE( '', *, *, #2913, .F. );
#2112 = CARTESIAN_POINT( '', ( 0.000193558116532701, -0.00647000000025352, -3.78672845577864E-06 ) );
#2113 = CARTESIAN_POINT( '', ( 0.000193713469975638, -0.00647000000025352, -3.11986754405990E-06 ) );
#2114 = CARTESIAN_POINT( '', ( 0.000198952893145742, -0.00647000000025352, 2.04053938096642E-05 ) );
#2115 = CARTESIAN_POINT( '', ( 0.000195289815961878, -0.00647000000025352, 4.31571732071726E-05 ) );
#2116 = CARTESIAN_POINT( '', ( 0.000184563234302562, -0.00647000000025352, 6.52824492052494E-05 ) );
#2117 = CARTESIAN_POINT( '', ( 0.000184260922866013, -0.00647000000025352, 6.58947994778286E-05 ) );
#2118 = DIRECTION( '', ( 0.000000000000000, -1.00000000000000, 0.000000000000000 ) );
#2119 = ORIENTED_EDGE( '', *, *, #2914, .T. );
#2120 = ORIENTED_EDGE( '', *, *, #2876, .F. );
#2121 = ORIENTED_EDGE( '', *, *, #2773, .F. );
#2122 = ORIENTED_EDGE( '', *, *, #2610, .F. );
#2123 = CARTESIAN_POINT( '', ( -0.000768376630230458, -0.00647000000025352, -0.000170968348329244 ) );
#2124 = CARTESIAN_POINT( '', ( -0.000768754852355116, -0.00647000000025352, -0.000170968348329244 ) );
#2125 = CARTESIAN_POINT( '', ( -0.000769603443223312, -0.00647000000025352, -0.000170968348329244 ) );
#2126 = CARTESIAN_POINT( '', ( -0.000769872402835046, -0.00647000000025352, -0.000170968348329244 ) );
#2127 = CARTESIAN_POINT( '', ( -0.000771283509065660, -0.00647000000025352, -0.000170968348329244 ) );
#2128 = CARTESIAN_POINT( '', ( -0.000771552468677140, -0.00647000000025352, -0.000170968348329244 ) );
#2129 = CARTESIAN_POINT( '', ( -0.000772401059545336, -0.00647000000025352, -0.000170968348329244 ) );
#2130 = CARTESIAN_POINT( '', ( -0.000772779281669994, -0.00647000000025352, -0.000170968348329244 ) );
#2131 = DIRECTION( '', ( 0.000000000000000, -1.00000000000000, 0.000000000000000 ) );
#2132 = ORIENTED_EDGE( '', *, *, #2912, .T. );
#2133 = ORIENTED_EDGE( '', *, *, #2898, .F. );
#2134 = ORIENTED_EDGE( '', *, *, #2780, .F. );
#2135 = ORIENTED_EDGE( '', *, *, #2584, .F. );
#2136 = CARTESIAN_POINT( '', ( 0.000518516914732956, -0.00647000000025352, 0.000219144406501725 ) );
#2137 = CARTESIAN_POINT( '', ( 0.000593039309339888, -0.00647000000025352, 0.000581907465422772 ) );
#2138 = CARTESIAN_POINT( '', ( 0.000780680785455220, -0.00647000000025352, 0.000789503335944958 ) );
#2139 = CARTESIAN_POINT( '', ( 0.00116110328490512, -0.00647000000025352, 0.000786026767290540 ) );
#2140 = DIRECTION( '', ( 0.000000000000000, -1.00000000000000, 0.000000000000000 ) );
#2141 = ORIENTED_EDGE( '', *, *, #2893, .T. );
#2142 = ORIENTED_EDGE( '', *, *, #2915, .T. );
#2143 = ORIENTED_EDGE( '', *, *, #2842, .T. );
#2144 = ORIENTED_EDGE( '', *, *, #2621, .F. );
#2145 = CARTESIAN_POINT( '', ( 0.00283999999999880, -0.00646999999999952, 0.000000000000000 ) );
#2146 = DIRECTION( '', ( 1.00000000000000, 0.000000000000000, 0.000000000000000 ) );
#2147 = DIRECTION( '', ( 0.000000000000000, 1.00000000000000, -0.000000000000000 ) );
#2148 = ORIENTED_EDGE( '', *, *, #2916, .T. );
#2149 = ORIENTED_EDGE( '', *, *, #2903, .F. );
#2150 = ORIENTED_EDGE( '', *, *, #2917, .F. );
#2151 = ORIENTED_EDGE( '', *, *, #2918, .T. );
#2152 = CARTESIAN_POINT( '', ( 0.00141586258302431, 0.00772999999999956, 0.000567334445600366 ) );
#2153 = DIRECTION( '', ( 0.000000000000000, -1.00000000000000, -0.000000000000000 ) );
#2154 = DIRECTION( '', ( 1.00000000000000, 0.000000000000000, 0.000000000000000 ) );
#2155 = ORIENTED_EDGE( '', *, *, #2836, .T. );
#2156 = ORIENTED_EDGE( '', *, *, #2904, .F. );
#2157 = ORIENTED_EDGE( '', *, *, #2916, .F. );
#2158 = ORIENTED_EDGE( '', *, *, #2919, .T. );
#2159 = CARTESIAN_POINT( '', ( 0.00151500706916167, 0.00772999999999956, 0.000554281826378504 ) );
#2160 = DIRECTION( '', ( 0.991444861373804, 0.000000000000000, -0.130526192220101 ) );
#2161 = DIRECTION( '', ( 0.000000000000000, -1.00000000000000, 0.000000000000000 ) );
#2162 = ORIENTED_EDGE( '', *, *, #2784, .T. );
#2163 = ORIENTED_EDGE( '', *, *, #2920, .T. );
#2164 = ORIENTED_EDGE( '', *, *, #2921, .F. );
#2165 = ORIENTED_EDGE( '', *, *, #2612, .F. );
#2166 = CARTESIAN_POINT( '', ( 0.000300000000000070, -0.00646999999999952, -0.00223999999999993 ) );
#2167 = DIRECTION( '', ( 1.00000000000000, 0.000000000000000, 0.000000000000000 ) );
#2168 = DIRECTION( '', ( 0.000000000000000, 1.00000000000000, -0.000000000000000 ) );
#2169 = ORIENTED_EDGE( '', *, *, #2846, .T. );
#2170 = ORIENTED_EDGE( '', *, *, #2922, .F. );
#2171 = ORIENTED_EDGE( '', *, *, #2923, .F. );
#2172 = ORIENTED_EDGE( '', *, *, #2883, .T. );
#2173 = CARTESIAN_POINT( '', ( 0.00158391918985785, -0.00906999999999928, 0.00158391918985785 ) );
#2174 = DIRECTION( '', ( -0.707106781186548, 0.000000000000000, -0.707106781186548 ) );
#2175 = DIRECTION( '', ( 0.707106781186547, 0.000000000000000, -0.707106781186547 ) );
#2176 = ORIENTED_EDGE( '', *, *, #2707, .T. );
#2177 = ORIENTED_EDGE( '', *, *, #2924, .T. );
#2178 = ORIENTED_EDGE( '', *, *, #2703, .T. );
#2179 = ORIENTED_EDGE( '', *, *, #2925, .F. );
#2180 = CARTESIAN_POINT( '', ( 0.000000000000000, 0.00743000000000076, 0.000000000000000 ) );
#2181 = DIRECTION( '', ( 0.000000000000000, 1.00000000000000, 0.000000000000000 ) );
#2182 = DIRECTION( '', ( -0.999936492395852, 0.000000000000000, -0.0112699234727295 ) );
#2183 = ORIENTED_EDGE( '', *, *, #2917, .T. );
#2184 = ORIENTED_EDGE( '', *, *, #2905, .F. );
#2185 = ORIENTED_EDGE( '', *, *, #2865, .F. );
#2186 = ORIENTED_EDGE( '', *, *, #2926, .T. );
#2187 = CARTESIAN_POINT( '', ( -0.000638045123718986, 0.00772999999999956, -0.00134515190490569 ) );
#2188 = DIRECTION( '', ( -0.707106781186548, 0.000000000000000, 0.707106781186548 ) );
#2189 = DIRECTION( '', ( 0.000000000000000, 1.00000000000000, 0.000000000000000 ) );
#2190 = ORIENTED_EDGE( '', *, *, #2925, .T. );
#2191 = ORIENTED_EDGE( '', *, *, #2708, .F. );
#2192 = ORIENTED_EDGE( '', *, *, #2867, .F. );
#2193 = ORIENTED_EDGE( '', *, *, #2817, .F. );
#2194 = ORIENTED_EDGE( '', *, *, #2837, .F. );
#2195 = ORIENTED_EDGE( '', *, *, #2919, .F. );
#2196 = ORIENTED_EDGE( '', *, *, #2918, .F. );
#2197 = ORIENTED_EDGE( '', *, *, #2926, .F. );
#2198 = CARTESIAN_POINT( '', ( 0.000000000000000, 0.00772999999999956, 0.000000000000000 ) );
#2199 = DIRECTION( '', ( 0.000000000000000, 1.00000000000000, 0.000000000000000 ) );
#2200 = DIRECTION( '', ( 1.00000000000000, 0.000000000000000, -0.000000000000000 ) );
#2201 = ORIENTED_EDGE( '', *, *, #2832, .T. );
#2202 = ORIENTED_EDGE( '', *, *, #2927, .T. );
#2203 = ORIENTED_EDGE( '', *, *, #2928, .F. );
#2204 = CARTESIAN_POINT( '', ( 0.000000000000000, -0.000199999999999987, 0.000000000000000 ) );
#2205 = DIRECTION( '', ( 0.000000000000000, 1.00000000000000, 0.000000000000000 ) );
#2206 = DIRECTION( '', ( 1.00000000000000, 0.000000000000000, -0.000000000000000 ) );
#2207 = ORIENTED_EDGE( '', *, *, #2929, .T. );
#2208 = ORIENTED_EDGE( '', *, *, #2886, .F. );
#2209 = ORIENTED_EDGE( '', *, *, #2685, .F. );
#2210 = ORIENTED_EDGE( '', *, *, #2807, .F. );
#2211 = ORIENTED_EDGE( '', *, *, #2704, .T. );
#2212 = ORIENTED_EDGE( '', *, *, #2924, .F. );
#2213 = ORIENTED_EDGE( '', *, *, #2706, .F. );
#2214 = ORIENTED_EDGE( '', *, *, #2806, .F. );
#2215 = ORIENTED_EDGE( '', *, *, #2683, .T. );
#2216 = ORIENTED_EDGE( '', *, *, #2803, .F. );
#2217 = ORIENTED_EDGE( '', *, *, #2930, .F. );
#2218 = ORIENTED_EDGE( '', *, *, #2928, .T. );
#2219 = CARTESIAN_POINT( '', ( 0.000000000000000, -0.00646999999999952, 0.000000000000000 ) );
#2220 = DIRECTION( '', ( 0.000000000000000, -1.00000000000000, -0.000000000000000 ) );
#2221 = DIRECTION( '', ( 1.00000000000000, 0.000000000000000, 0.000000000000000 ) );
#2222 = ORIENTED_EDGE( '', *, *, #2931, .T. );
#2223 = CARTESIAN_POINT( '', ( 0.000000000000000, -0.000199999999999987, 0.000000000000000 ) );
#2224 = DIRECTION( '', ( 0.000000000000000, 1.00000000000000, 0.000000000000000 ) );
#2225 = DIRECTION( '', ( 1.00000000000000, 0.000000000000000, -0.000000000000000 ) );
#2226 = ORIENTED_EDGE( '', *, *, #2710, .T. );
#2227 = ORIENTED_EDGE( '', *, *, #2752, .T. );
#2228 = ORIENTED_EDGE( '', *, *, #2749, .T. );
#2229 = ORIENTED_EDGE( '', *, *, #2754, .T. );
#2230 = CARTESIAN_POINT( '', ( 0.000000000000000, -0.000199999999999987, 0.000000000000000 ) );
#2231 = DIRECTION( '', ( 0.000000000000000, 1.00000000000000, 0.000000000000000 ) );
#2232 = DIRECTION( '', ( 1.00000000000000, 0.000000000000000, -0.000000000000000 ) );
#2233 = ORIENTED_EDGE( '', *, *, #2932, .T. );
#2234 = CARTESIAN_POINT( '', ( 0.000000000000000, -0.000199999999999987, 0.000000000000000 ) );
#2235 = DIRECTION( '', ( 0.000000000000000, 1.00000000000000, 0.000000000000000 ) );
#2236 = DIRECTION( '', ( 1.00000000000000, 0.000000000000000, -0.000000000000000 ) );
#2237 = ORIENTED_EDGE( '', *, *, #2932, .F. );
#2238 = ORIENTED_EDGE( '', *, *, #2761, .T. );
#2239 = CARTESIAN_POINT( '', ( 0.00229809703885617, 0.000000000000000, -0.00229809703885617 ) );
#2240 = DIRECTION( '', ( 0.000000000000000, -1.00000000000000, -0.000000000000000 ) );
#2241 = DIRECTION( '', ( 1.00000000000000, 0.000000000000000, 0.000000000000000 ) );
#2242 = ORIENTED_EDGE( '', *, *, #2698, .T. );
#2243 = CARTESIAN_POINT( '', ( 0.000000000000000, -0.000199999999999987, 0.000000000000000 ) );
#2244 = DIRECTION( '', ( 0.000000000000000, 1.00000000000000, 0.000000000000000 ) );
#2245 = DIRECTION( '', ( 1.00000000000000, 0.000000000000000, -0.000000000000000 ) );
#2246 = ORIENTED_EDGE( '', *, *, #2933, .T. );
#2247 = ORIENTED_EDGE( '', *, *, #2791, .T. );
#2248 = ORIENTED_EDGE( '', *, *, #2934, .T. );
#2249 = ORIENTED_EDGE( '', *, *, #2633, .F. );
#2250 = CARTESIAN_POINT( '', ( -0.00200818325856982, -0.00646999999999952, 0.00200818325856982 ) );
#2251 = DIRECTION( '', ( -0.707106781186548, 0.000000000000000, 0.707106781186548 ) );
#2252 = DIRECTION( '', ( 0.000000000000000, 1.00000000000000, 0.000000000000000 ) );
#2253 = ORIENTED_EDGE( '', *, *, #2782, .T. );
#2254 = ORIENTED_EDGE( '', *, *, #2897, .F. );
#2255 = ORIENTED_EDGE( '', *, *, #2647, .F. );
#2256 = ORIENTED_EDGE( '', *, *, #2586, .F. );
#2257 = CARTESIAN_POINT( '', ( 0.000414254373807350, -0.00647000000025352, -0.000311207332820818 ) );
#2258 = CARTESIAN_POINT( '', ( 0.000414535398282638, -0.00647000000025352, -0.000309885733318480 ) );
#2259 = CARTESIAN_POINT( '', ( 0.000415223318446546, -0.00647000000025352, -0.000306650588245984 ) );
#2260 = CARTESIAN_POINT( '', ( 0.000416725029987694, -0.00647000000025352, -0.000299588352032918 ) );
#2261 = CARTESIAN_POINT( '', ( 0.000422340190490904, -0.00647000000025352, -0.000273181423162858 ) );
#2262 = CARTESIAN_POINT( '', ( 0.000429745692024550, -0.00647000000025352, -0.000238354893783900 ) );
#2263 = CARTESIAN_POINT( '', ( 0.000436618426655736, -0.00647000000025352, -0.000206033856043122 ) );
#2264 = CARTESIAN_POINT( '', ( 0.000439096687849572, -0.00647000000025352, -0.000194379110461372 ) );
#2265 = CARTESIAN_POINT( '', ( 0.000439377712324860, -0.00647000000025352, -0.000193057510959111 ) );
#2266 = DIRECTION( '', ( 0.000000000000000, -1.00000000000000, 0.000000000000000 ) );
#2267 = ORIENTED_EDGE( '', *, *, #2841, .T. );
#2268 = ORIENTED_EDGE( '', *, *, #2901, .F. );
#2269 = ORIENTED_EDGE( '', *, *, #2935, .F. );
#2270 = ORIENTED_EDGE( '', *, *, #2578, .F. );
#2271 = CARTESIAN_POINT( '', ( 0.000864783821289706, -0.00647000000025352, -0.000506293260436600 ) );
#2272 = CARTESIAN_POINT( '', ( 0.000866777375022682, -0.00647000000025352, -0.000506338884907708 ) );
#2273 = CARTESIAN_POINT( '', ( 0.000981003171988716, -0.00647000000025352, -0.000507708869568800 ) );
#2274 = CARTESIAN_POINT( '', ( 0.00100147812239484, -0.00647000000025352, -0.000429438876942220 ) );
#2275 = CARTESIAN_POINT( '', ( 0.00109397086949585, -0.00647000000025352, 5.82808603974822E-06 ) );
#2276 = DIRECTION( '', ( 0.000000000000000, -1.00000000000000, 0.000000000000000 ) );
#2277 = ORIENTED_EDGE( '', *, *, #2936, .F. );
#2278 = ORIENTED_EDGE( '', *, *, #2653, .F. );
#2279 = ORIENTED_EDGE( '', *, *, #2937, .T. );
#2280 = ORIENTED_EDGE( '', *, *, #2910, .F. );
#2281 = CARTESIAN_POINT( '', ( -0.00416653333119912, -0.00199999999999987, -0.00125000000000008 ) );
#2282 = DIRECTION( '', ( 0.000000000000000, 0.000000000000000, -1.00000000000000 ) );
#2283 = DIRECTION( '', ( 0.000000000000000, -1.00000000000000, 0.000000000000000 ) );
#2284 = ORIENTED_EDGE( '', *, *, #2655, .F. );
#2285 = ORIENTED_EDGE( '', *, *, #2938, .F. );
#2286 = ORIENTED_EDGE( '', *, *, #2939, .F. );
#2287 = ORIENTED_EDGE( '', *, *, #2833, .F. );
#2288 = CARTESIAN_POINT( '', ( 0.000000000000000, -0.00399999999999924, 0.000000000000000 ) );
#2289 = DIRECTION( '', ( -0.266660490043692, 0.000000000000000, 0.963790528615870 ) );
#2290 = DIRECTION( '', ( 0.000000000000000, 1.00000000000000, 0.000000000000000 ) );
#2291 = ORIENTED_EDGE( '', *, *, #2834, .T. );
#2292 = ORIENTED_EDGE( '', *, *, #2939, .T. );
#2293 = ORIENTED_EDGE( '', *, *, #2940, .F. );
#2294 = ORIENTED_EDGE( '', *, *, #2738, .F. );
#2295 = CARTESIAN_POINT( '', ( 0.000000000000000, -0.00399999999999924, 0.000000000000000 ) );
#2296 = DIRECTION( '', ( -0.000000000000000, 1.00000000000000, -0.000000000000000 ) );
#2297 = DIRECTION( '', ( 0.963790528615870, 0.000000000000000, -0.266660490043692 ) );
#2298 = ORIENTED_EDGE( '', *, *, #2941, .T. );
#2299 = ORIENTED_EDGE( '', *, *, #2717, .T. );
#2300 = ORIENTED_EDGE( '', *, *, #2691, .F. );
#2301 = ORIENTED_EDGE( '', *, *, #2628, .F. );
#2302 = CARTESIAN_POINT( '', ( -0.000300000000000070, -0.00646999999999952, 0.00223999999999993 ) );
#2303 = DIRECTION( '', ( -1.00000000000000, 0.000000000000000, 0.000000000000000 ) );
#2304 = DIRECTION( '', ( 0.000000000000000, 0.000000000000000, 1.00000000000000 ) );
#2305 = ORIENTED_EDGE( '', *, *, #2894, .F. );
#2306 = ORIENTED_EDGE( '', *, *, #2718, .F. );
#2307 = ORIENTED_EDGE( '', *, *, #2941, .F. );
#2308 = ORIENTED_EDGE( '', *, *, #2631, .T. );
#2309 = CARTESIAN_POINT( '', ( 0.000000000000000, -0.00646999999999952, 0.00223999999999993 ) );
#2310 = DIRECTION( '', ( 0.000000000000000, 0.000000000000000, 1.00000000000000 ) );
#2311 = DIRECTION( '', ( 1.00000000000000, -0.000000000000000, 0.000000000000000 ) );
#2312 = ORIENTED_EDGE( '', *, *, #2884, .T. );
#2313 = ORIENTED_EDGE( '', *, *, #2923, .T. );
#2314 = ORIENTED_EDGE( '', *, *, #2942, .F. );
#2315 = ORIENTED_EDGE( '', *, *, #2624, .F. );
#2316 = CARTESIAN_POINT( '', ( 0.00137178715550199, -0.00646999999999952, 0.00179605122421371 ) );
#2317 = DIRECTION( '', ( -0.707106781186548, 0.000000000000000, 0.707106781186548 ) );
#2318 = DIRECTION( '', ( 0.000000000000000, 1.00000000000000, 0.000000000000000 ) );
#2319 = ORIENTED_EDGE( '', *, *, #2942, .T. );
#2320 = ORIENTED_EDGE( '', *, *, #2922, .T. );
#2321 = ORIENTED_EDGE( '', *, *, #2845, .T. );
#2322 = ORIENTED_EDGE( '', *, *, #2625, .F. );
#2323 = CARTESIAN_POINT( '', ( 0.00200818325856982, -0.00646999999999952, 0.00200818325856982 ) );
#2324 = DIRECTION( '', ( 0.707106781186548, 0.000000000000000, 0.707106781186548 ) );
#2325 = DIRECTION( '', ( 0.000000000000000, -1.00000000000000, 0.000000000000000 ) );
#2326 = ORIENTED_EDGE( '', *, *, #2658, .T. );
#2327 = CARTESIAN_POINT( '', ( 0.000000000000000, -0.00737000000000100, 0.000000000000000 ) );
#2328 = DIRECTION( '', ( 0.000000000000000, -1.00000000000000, 0.000000000000000 ) );
#2329 = DIRECTION( '', ( 0.000000000000000, 0.000000000000000, -1.00000000000000 ) );
#2330 = ORIENTED_EDGE( '', *, *, #2943, .F. );
#2331 = ORIENTED_EDGE( '', *, *, #2576, .T. );
#2332 = CARTESIAN_POINT( '', ( 0.00346410161513826, -0.00646999999999952, -0.00199999999999987 ) );
#2333 = DIRECTION( '', ( 0.000000000000000, 1.00000000000000, -0.000000000000000 ) );
#2334 = DIRECTION( '', ( -1.00000000000000, 0.000000000000000, 0.000000000000000 ) );
#2335 = ORIENTED_EDGE( '', *, *, #2772, .T. );
#2336 = CARTESIAN_POINT( '', ( 0.000000000000000, -0.00737000000000100, 0.000000000000000 ) );
#2337 = DIRECTION( '', ( 0.000000000000000, -1.00000000000000, 0.000000000000000 ) );
#2338 = DIRECTION( '', ( 0.000000000000000, 0.000000000000000, -1.00000000000000 ) );
#2339 = ORIENTED_EDGE( '', *, *, #2943, .T. );
#2340 = CARTESIAN_POINT( '', ( 0.000000000000000, -0.00737000000000100, 0.000000000000000 ) );
#2341 = DIRECTION( '', ( 0.000000000000000, -1.00000000000000, 0.000000000000000 ) );
#2342 = DIRECTION( '', ( 0.000000000000000, 0.000000000000000, -1.00000000000000 ) );
#2343 = ORIENTED_EDGE( '', *, *, #2843, .T. );
#2344 = ORIENTED_EDGE( '', *, *, #2915, .F. );
#2345 = ORIENTED_EDGE( '', *, *, #2892, .F. );
#2346 = ORIENTED_EDGE( '', *, *, #2853, .T. );
#2347 = CARTESIAN_POINT( '', ( 0.00223999999999993, -0.00906999999999928, 0.000000000000000 ) );
#2348 = DIRECTION( '', ( -1.00000000000000, 0.000000000000000, -0.000000000000000 ) );
#2349 = DIRECTION( '', ( 0.000000000000000, 0.000000000000000, -1.00000000000000 ) );
#2350 = ORIENTED_EDGE( '', *, *, #2859, .T. );
#2351 = ORIENTED_EDGE( '', *, *, #2809, .T. );
#2352 = ORIENTED_EDGE( '', *, *, #2944, .T. );
#2353 = ORIENTED_EDGE( '', *, *, #2945, .T. );
#2354 = CARTESIAN_POINT( '', ( 0.000000000000000, -0.00399999999999924, 0.000000000000000 ) );
#2355 = DIRECTION( '', ( -0.266660490043692, 0.000000000000000, -0.963790528615870 ) );
#2356 = DIRECTION( '', ( -0.963790528615870, 0.000000000000000, 0.266660490043692 ) );
#2357 = ORIENTED_EDGE( '', *, *, #2930, .T. );
#2358 = ORIENTED_EDGE( '', *, *, #2805, .F. );
#2359 = ORIENTED_EDGE( '', *, *, #2946, .T. );
#2360 = ORIENTED_EDGE( '', *, *, #2887, .F. );
#2361 = ORIENTED_EDGE( '', *, *, #2929, .F. );
#2362 = ORIENTED_EDGE( '', *, *, #2927, .F. );
#2363 = CARTESIAN_POINT( '', ( 0.000116847687397782, 0.00772999999999956, 0.00209674667472001 ) );
#2364 = DIRECTION( '', ( 0.707106781186548, 0.000000000000000, -0.707106781186548 ) );
#2365 = DIRECTION( '', ( 0.000000000000000, -1.00000000000000, 0.000000000000000 ) );
#2366 = ORIENTED_EDGE( '', *, *, #2789, .F. );
#2367 = ORIENTED_EDGE( '', *, *, #2800, .F. );
#2368 = ORIENTED_EDGE( '', *, *, #2881, .T. );
#2369 = ORIENTED_EDGE( '', *, *, #2618, .T. );
#2370 = CARTESIAN_POINT( '', ( 0.00137178715550199, -0.00906999999999928, -0.00179605122421371 ) );
#2371 = DIRECTION( '', ( -0.707106781186548, 0.000000000000000, -0.707106781186548 ) );
#2372 = DIRECTION( '', ( -0.707106781186548, 0.000000000000000, 0.707106781186548 ) );
#2373 = ORIENTED_EDGE( '', *, *, #2573, .F. );
#2374 = ORIENTED_EDGE( '', *, *, #2947, .T. );
#2375 = ORIENTED_EDGE( '', *, *, #2763, .T. );
#2376 = ORIENTED_EDGE( '', *, *, #2907, .F. );
#2377 = CARTESIAN_POINT( '', ( 0.000380000000000004, -0.00646999999999952, -0.00521427747851334 ) );
#2378 = DIRECTION( '', ( 1.00000000000000, 0.000000000000000, 0.000000000000000 ) );
#2379 = DIRECTION( '', ( 0.000000000000000, 1.00000000000000, -0.000000000000000 ) );
#2380 = ORIENTED_EDGE( '', *, *, #2888, .T. );
#2381 = ORIENTED_EDGE( '', *, *, #2764, .T. );
#2382 = ORIENTED_EDGE( '', *, *, #2947, .F. );
#2383 = ORIENTED_EDGE( '', *, *, #2572, .F. );
#2384 = CARTESIAN_POINT( '', ( -0.000380000000000004, -0.00646999999999952, -0.00521427747851334 ) );
#2385 = DIRECTION( '', ( 0.000000000000000, 0.000000000000000, -1.00000000000000 ) );
#2386 = DIRECTION( '', ( 0.000000000000000, -1.00000000000000, 0.000000000000000 ) );
#2387 = ORIENTED_EDGE( '', *, *, #2944, .F. );
#2388 = ORIENTED_EDGE( '', *, *, #2808, .F. );
#2389 = ORIENTED_EDGE( '', *, *, #2719, .T. );
#2390 = ORIENTED_EDGE( '', *, *, #2948, .T. );
#2391 = CARTESIAN_POINT( '', ( 0.000000000000000, -0.00399999999999924, 0.000000000000000 ) );
#2392 = DIRECTION( '', ( -0.000000000000000, -1.00000000000000, -0.000000000000000 ) );
#2393 = DIRECTION( '', ( -0.963790528615870, 0.000000000000000, -0.266660490043692 ) );
#2394 = ORIENTED_EDGE( '', *, *, #2934, .F. );
#2395 = ORIENTED_EDGE( '', *, *, #2790, .F. );
#2396 = ORIENTED_EDGE( '', *, *, #2700, .T. );
#2397 = ORIENTED_EDGE( '', *, *, #2634, .T. );
#2398 = CARTESIAN_POINT( '', ( -0.00137178715550199, -0.00906999999999928, 0.00179605122421371 ) );
#2399 = DIRECTION( '', ( 0.707106781186548, 0.000000000000000, 0.707106781186548 ) );
#2400 = DIRECTION( '', ( 0.000000000000000, -1.00000000000000, 0.000000000000000 ) );
#2401 = ORIENTED_EDGE( '', *, *, #2882, .T. );
#2402 = ORIENTED_EDGE( '', *, *, #2801, .T. );
#2403 = ORIENTED_EDGE( '', *, *, #2787, .F. );
#2404 = ORIENTED_EDGE( '', *, *, #2616, .F. );
#2405 = CARTESIAN_POINT( '', ( 0.00179605122421371, -0.00646999999999952, -0.00137178715550199 ) );
#2406 = DIRECTION( '', ( 0.707106781186548, 0.000000000000000, 0.707106781186548 ) );
#2407 = DIRECTION( '', ( 0.000000000000000, -1.00000000000000, 0.000000000000000 ) );
#2408 = ORIENTED_EDGE( '', *, *, #2949, .F. );
#2409 = ORIENTED_EDGE( '', *, *, #2770, .T. );
#2410 = ORIENTED_EDGE( '', *, *, #2880, .F. );
#2411 = ORIENTED_EDGE( '', *, *, #2725, .T. );
#2412 = CARTESIAN_POINT( '', ( -9.37551890749466E-05, -0.00647000000025352, 0.000579124082111470 ) );
#2413 = CARTESIAN_POINT( '', ( -9.43811319224234E-05, -0.00647000000025352, 0.000580321494133964 ) );
#2414 = CARTESIAN_POINT( '', ( -9.66653918458426E-05, -0.00647000000025352, 0.000584691222625630 ) );
#2415 = CARTESIAN_POINT( '', ( -0.000102266285921096, -0.00647000000025352, 0.000595405584055640 ) );
#2416 = CARTESIAN_POINT( '', ( -0.000123946765828477, -0.00647000000025352, 0.000636879765602920 ) );
#2417 = CARTESIAN_POINT( '', ( -0.000143968928659941, -0.00647000000025352, 0.000675181630680774 ) );
#2418 = CARTESIAN_POINT( '', ( -0.000160674457339571, -0.00647000000025352, 0.000707138862820538 ) );
#2419 = DIRECTION( '', ( 0.000000000000000, -1.00000000000000, 0.000000000000000 ) );
#2420 = ORIENTED_EDGE( '', *, *, #2771, .T. );
#2421 = ORIENTED_EDGE( '', *, *, #2949, .T. );
#2422 = ORIENTED_EDGE( '', *, *, #2728, .T. );
#2423 = CARTESIAN_POINT( '', ( 0.000000000000000, -0.00646999999999952, 0.000000000000000 ) );
#2424 = DIRECTION( '', ( 0.000000000000000, 1.00000000000000, 0.000000000000000 ) );
#2425 = DIRECTION( '', ( 1.00000000000000, 0.000000000000000, -0.000000000000000 ) );
#2426 = ORIENTED_EDGE( '', *, *, #2779, .T. );
#2427 = ORIENTED_EDGE( '', *, *, #2913, .T. );
#2428 = ORIENTED_EDGE( '', *, *, #2744, .T. );
#2429 = ORIENTED_EDGE( '', *, *, #2852, .T. );
#2430 = ORIENTED_EDGE( '', *, *, #2869, .T. );
#2431 = CARTESIAN_POINT( '', ( 0.000000000000000, -0.00646999999999952, 0.000000000000000 ) );
#2432 = DIRECTION( '', ( 0.000000000000000, 1.00000000000000, 0.000000000000000 ) );
#2433 = DIRECTION( '', ( 1.00000000000000, 0.000000000000000, -0.000000000000000 ) );
#2434 = ORIENTED_EDGE( '', *, *, #2681, .T. );
#2435 = ORIENTED_EDGE( '', *, *, #2950, .T. );
#2436 = ORIENTED_EDGE( '', *, *, #2665, .T. );
#2437 = ORIENTED_EDGE( '', *, *, #2662, .T. );
#2438 = CARTESIAN_POINT( '', ( 0.000000000000000, -0.00646999999999952, 0.000000000000000 ) );
#2439 = DIRECTION( '', ( 0.000000000000000, 1.00000000000000, 0.000000000000000 ) );
#2440 = DIRECTION( '', ( 1.00000000000000, 0.000000000000000, -0.000000000000000 ) );
#2441 = ORIENTED_EDGE( '', *, *, #2680, .T. );
#2442 = ORIENTED_EDGE( '', *, *, #2879, .F. );
#2443 = ORIENTED_EDGE( '', *, *, #2663, .F. );
#2444 = ORIENTED_EDGE( '', *, *, #2950, .F. );
#2445 = CARTESIAN_POINT( '', ( 0.000351421321225548, -0.00647000000025352, 0.000498766708153946 ) );
#2446 = CARTESIAN_POINT( '', ( 0.000351578912644680, -0.00647000000025352, 0.000499428078530720 ) );
#2447 = CARTESIAN_POINT( '', ( 0.000362369849718846, -0.00647000000025352, 0.000547284224843636 ) );
#2448 = CARTESIAN_POINT( '', ( 0.000325800773472842, -0.00647000000025352, 0.000583220070331974 ) );
#2449 = CARTESIAN_POINT( '', ( 0.000277926782373670, -0.00647000000025352, 0.000582709056121086 ) );
#2450 = CARTESIAN_POINT( '', ( 0.000277244160608360, -0.00647000000025352, 0.000582694463519334 ) );
#2451 = DIRECTION( '', ( 0.000000000000000, -1.00000000000000, 0.000000000000000 ) );
#2452 = ORIENTED_EDGE( '', *, *, #2921, .T. );
#2453 = ORIENTED_EDGE( '', *, *, #2951, .T. );
#2454 = ORIENTED_EDGE( '', *, *, #2713, .T. );
#2455 = ORIENTED_EDGE( '', *, *, #2613, .F. );
#2456 = CARTESIAN_POINT( '', ( 0.000000000000000, -0.00646999999999952, -0.00283999999999880 ) );
#2457 = DIRECTION( '', ( 0.000000000000000, 0.000000000000000, -1.00000000000000 ) );
#2458 = DIRECTION( '', ( 0.000000000000000, -1.00000000000000, 0.000000000000000 ) );
#2459 = ORIENTED_EDGE( '', *, *, #2714, .T. );
#2460 = ORIENTED_EDGE( '', *, *, #2951, .F. );
#2461 = ORIENTED_EDGE( '', *, *, #2920, .F. );
#2462 = ORIENTED_EDGE( '', *, *, #2783, .T. );
#2463 = CARTESIAN_POINT( '', ( 0.000000000000000, -0.00906999999999928, -0.00223999999999993 ) );
#2464 = DIRECTION( '', ( -0.000000000000000, -0.000000000000000, 1.00000000000000 ) );
#2465 = DIRECTION( '', ( -1.00000000000000, 0.000000000000000, 0.000000000000000 ) );
#2466 = ORIENTED_EDGE( '', *, *, #2935, .T. );
#2467 = ORIENTED_EDGE( '', *, *, #2900, .F. );
#2468 = ORIENTED_EDGE( '', *, *, #2825, .F. );
#2469 = ORIENTED_EDGE( '', *, *, #2579, .F. );
#2470 = CARTESIAN_POINT( '', ( 0.00109156659698004, -0.00647000000025352, -5.48266517546052E-06 ) );
#2471 = CARTESIAN_POINT( '', ( 0.00118680548385012, -0.00647000000025352, 0.000442299010754540 ) );
#2472 = CARTESIAN_POINT( '', ( 0.00119024663007805, -0.00647000000025352, 0.000507537624413704 ) );
#2473 = CARTESIAN_POINT( '', ( 0.00108210442781577, -0.00647000000025352, 0.000506341290955220 ) );
#2474 = CARTESIAN_POINT( '', ( 0.00108012076652148, -0.00647000000025352, 0.000506300175948296 ) );
#2475 = DIRECTION( '', ( 0.000000000000000, -1.00000000000000, 0.000000000000000 ) );
#2476 = ORIENTED_EDGE( '', *, *, #2862, .T. );
#2477 = ORIENTED_EDGE( '', *, *, #2856, .T. );
#2478 = ORIENTED_EDGE( '', *, *, #2908, .T. );
#2479 = ORIENTED_EDGE( '', *, *, #2863, .T. );
#2480 = ORIENTED_EDGE( '', *, *, #2860, .T. );
#2481 = ORIENTED_EDGE( '', *, *, #2945, .F. );
#2482 = ORIENTED_EDGE( '', *, *, #2948, .F. );
#2483 = ORIENTED_EDGE( '', *, *, #2722, .T. );
#2484 = CARTESIAN_POINT( '', ( 0.000000000000000, -0.00300000000000070, 0.000000000000000 ) );
#2485 = DIRECTION( '', ( 0.000000000000000, 1.00000000000000, 0.000000000000000 ) );
#2486 = DIRECTION( '', ( 1.00000000000000, 0.000000000000000, -0.000000000000000 ) );
#2487 = ORIENTED_EDGE( '', *, *, #2940, .T. );
#2488 = ORIENTED_EDGE( '', *, *, #2938, .T. );
#2489 = ORIENTED_EDGE( '', *, *, #2654, .T. );
#2490 = ORIENTED_EDGE( '', *, *, #2936, .T. );
#2491 = ORIENTED_EDGE( '', *, *, #2909, .T. );
#2492 = ORIENTED_EDGE( '', *, *, #2735, .T. );
#2493 = ORIENTED_EDGE( '', *, *, #2650, .T. );
#2494 = ORIENTED_EDGE( '', *, *, #2739, .F. );
#2495 = CARTESIAN_POINT( '', ( 0.000000000000000, -0.00300000000000070, 0.000000000000000 ) );
#2496 = DIRECTION( '', ( 0.000000000000000, 1.00000000000000, 0.000000000000000 ) );
#2497 = DIRECTION( '', ( 1.00000000000000, 0.000000000000000, -0.000000000000000 ) );
#2498 = ORIENTED_EDGE( '', *, *, #2937, .F. );
#2499 = ORIENTED_EDGE( '', *, *, #2652, .F. );
#2500 = ORIENTED_EDGE( '', *, *, #2734, .F. );
#2501 = ORIENTED_EDGE( '', *, *, #2911, .F. );
#2502 = CARTESIAN_POINT( '', ( 0.000000000000000, -0.00199999999999987, 0.000000000000000 ) );
#2503 = DIRECTION( '', ( 0.000000000000000, 1.00000000000000, 0.000000000000000 ) );
#2504 = DIRECTION( '', ( 1.00000000000000, 0.000000000000000, -0.000000000000000 ) );
#2505 = ORIENTED_EDGE( '', *, *, #2732, .T. );
#2506 = CARTESIAN_POINT( '', ( 0.000000000000000, -0.000199999999999987, 0.000000000000000 ) );
#2507 = DIRECTION( '', ( 0.000000000000000, 1.00000000000000, 0.000000000000000 ) );
#2508 = DIRECTION( '', ( 1.00000000000000, 0.000000000000000, -0.000000000000000 ) );
#2509 = ORIENTED_EDGE( '', *, *, #2694, .T. );
#2510 = CARTESIAN_POINT( '', ( 0.000000000000000, -0.000199999999999987, 0.000000000000000 ) );
#2511 = DIRECTION( '', ( 0.000000000000000, 1.00000000000000, 0.000000000000000 ) );
#2512 = DIRECTION( '', ( 1.00000000000000, 0.000000000000000, -0.000000000000000 ) );
#2513 = ORIENTED_EDGE( '', *, *, #2688, .F. );
#2514 = ORIENTED_EDGE( '', *, *, #2760, .T. );
#2515 = CARTESIAN_POINT( '', ( 0.00229809703885617, 0.000000000000000, 0.00229809703885642 ) );
#2516 = DIRECTION( '', ( 0.000000000000000, -1.00000000000000, -0.000000000000000 ) );
#2517 = DIRECTION( '', ( 1.00000000000000, 0.000000000000000, 0.000000000000000 ) );
#2518 = ORIENTED_EDGE( '', *, *, #2702, .T. );
#2519 = ORIENTED_EDGE( '', *, *, #2792, .T. );
#2520 = ORIENTED_EDGE( '', *, *, #2933, .F. );
#2521 = ORIENTED_EDGE( '', *, *, #2632, .F. );
#2522 = CARTESIAN_POINT( '', ( -0.00179605122421371, -0.00646999999999952, 0.00137178715550199 ) );
#2523 = DIRECTION( '', ( -0.707106781186548, 0.000000000000000, -0.707106781186548 ) );
#2524 = DIRECTION( '', ( -0.707106781186548, 0.000000000000000, 0.707106781186548 ) );
#2525 = ORIENTED_EDGE( '', *, *, #2931, .F. );
#2526 = ORIENTED_EDGE( '', *, *, #2759, .T. );
#2527 = CARTESIAN_POINT( '', ( -0.00324999999999970, 0.000000000000000, 0.000000000000000 ) );
#2528 = DIRECTION( '', ( 0.000000000000000, -1.00000000000000, -0.000000000000000 ) );
#2529 = DIRECTION( '', ( 1.00000000000000, 0.000000000000000, 0.000000000000000 ) );
#2530 = ORIENTED_EDGE( '', *, *, #2890, .F. );
#2531 = ORIENTED_EDGE( '', *, *, #2758, .T. );
#2532 = CARTESIAN_POINT( '', ( -0.00229809703885617, 0.000000000000000, -0.00229809703885617 ) );
#2533 = DIRECTION( '', ( 0.000000000000000, -1.00000000000000, -0.000000000000000 ) );
#2534 = DIRECTION( '', ( 1.00000000000000, 0.000000000000000, 0.000000000000000 ) );
#2535 = ORIENTED_EDGE( '', *, *, #2724, .T. );
#2536 = ORIENTED_EDGE( '', *, *, #2873, .F. );
#2537 = ORIENTED_EDGE( '', *, *, #2838, .F. );
#2538 = ORIENTED_EDGE( '', *, *, #2595, .F. );
#2539 = CARTESIAN_POINT( '', ( -0.000652991756578518, -0.00647000000025352, 0.000372189531164534 ) );
#2540 = CARTESIAN_POINT( '', ( -0.000652445273620178, -0.00647000000025352, 0.000374760310151998 ) );
#2541 = CARTESIAN_POINT( '', ( -0.000650475657957690, -0.00647000000025352, 0.000384025826085750 ) );
#2542 = CARTESIAN_POINT( '', ( -0.000645659776886652, -0.00647000000025352, 0.000406680815912078 ) );
#2543 = CARTESIAN_POINT( '', ( -0.000626020545569308, -0.00647000000025352, 0.000499068185770954 ) );
#2544 = CARTESIAN_POINT( '', ( -0.000600119530353916, -0.00647000000025352, 0.000620912398193548 ) );
#2545 = CARTESIAN_POINT( '', ( -0.000576518297588226, -0.00647000000025352, 0.000731937915710776 ) );
#2546 = CARTESIAN_POINT( '', ( -0.000568286898027436, -0.00647000000025352, 0.000770660274208246 ) );
#2547 = CARTESIAN_POINT( '', ( -0.000567740415068842, -0.00647000000025352, 0.000773231053195710 ) );
#2548 = DIRECTION( '', ( 0.000000000000000, -1.00000000000000, 0.000000000000000 ) );
#2549 = ORIENTED_EDGE( '', *, *, #2804, .T. );
#2550 = ORIENTED_EDGE( '', *, *, #2687, .F. );
#2551 = ORIENTED_EDGE( '', *, *, #2885, .T. );
#2552 = ORIENTED_EDGE( '', *, *, #2946, .F. );
#2553 = CARTESIAN_POINT( '', ( 0.000000000000000, 0.00772999999999956, 0.000000000000000 ) );
#2554 = DIRECTION( '', ( 0.000000000000000, 1.00000000000000, 0.000000000000000 ) );
#2555 = DIRECTION( '', ( 1.00000000000000, 0.000000000000000, -0.000000000000000 ) );
#2556 = ORIENTED_EDGE( '', *, *, #2786, .T. );
#2557 = ORIENTED_EDGE( '', *, *, #2877, .F. );
#2558 = ORIENTED_EDGE( '', *, *, #2914, .F. );
#2559 = ORIENTED_EDGE( '', *, *, #2609, .F. );
#2560 = CARTESIAN_POINT( '', ( -0.000893368828230068, -0.00647000000025352, -0.000758803133399588 ) );
#2561 = CARTESIAN_POINT( '', ( -0.000892552439134376, -0.00647000000025352, -0.000754961075980848 ) );
#2562 = CARTESIAN_POINT( '', ( -0.000889610036769002, -0.00647000000025352, -0.000741113660700880 ) );
#2563 = CARTESIAN_POINT( '', ( -0.000882415607864264, -0.00647000000025352, -0.000707255529697948 ) );
#2564 = CARTESIAN_POINT( '', ( -0.000853076624741230, -0.00647000000025352, -0.000569181591211376 ) );
#2565 = CARTESIAN_POINT( '', ( -0.000814383183231392, -0.00647000000025352, -0.000387084078134588 ) );
#2566 = CARTESIAN_POINT( '', ( -0.000779125379165480, -0.00647000000025352, -0.000221155223361821 ) );
#2567 = CARTESIAN_POINT( '', ( -0.000766828518413302, -0.00647000000025352, -0.000163284233491738 ) );
#2568 = CARTESIAN_POINT( '', ( -0.000766012129317610, -0.00647000000025352, -0.000159442176072973 ) );
#2569 = DIRECTION( '', ( 0.000000000000000, -1.00000000000000, 0.000000000000000 ) );
#2570 = EDGE_CURVE( '', #2952, #2953, #2954, .T. );
#2571 = EDGE_CURVE( '', #2952, #2955, #2956, .T. );
#2572 = EDGE_CURVE( '', #2955, #2957, #2958, .T. );
#2573 = EDGE_CURVE( '', #2957, #2953, #2959, .T. );
#2574 = EDGE_CURVE( '', #2960, #2960, #2961, .T. );
#2575 = EDGE_CURVE( '', #2962, #2962, #2963, .T. );
#2576 = EDGE_CURVE( '', #2964, #2964, #2965, .T. );
#2577 = EDGE_CURVE( '', #2966, #2967, #2968, .T. );
#2578 = EDGE_CURVE( '', #2967, #2969, #2970, .T. );
#2579 = EDGE_CURVE( '', #2969, #2971, #2972, .T. );
#2580 = EDGE_CURVE( '', #2971, #2973, #2974, .T. );
#2581 = EDGE_CURVE( '', #2973, #2975, #2976, .T. );
#2582 = EDGE_CURVE( '', #2975, #2977, #2978, .T. );
#2583 = EDGE_CURVE( '', #2977, #2979, #2980, .T. );
#2584 = EDGE_CURVE( '', #2979, #2981, #2982, .T. );
#2585 = EDGE_CURVE( '', #2981, #2983, #2984, .T. );
#2586 = EDGE_CURVE( '', #2983, #2985, #2986, .T. );
#2587 = EDGE_CURVE( '', #2985, #2987, #2988, .T. );
#2588 = EDGE_CURVE( '', #2987, #2966, #2989, .T. );
#2589 = EDGE_CURVE( '', #2990, #2991, #2992, .T. );
#2590 = EDGE_CURVE( '', #2991, #2993, #2994, .T. );
#2591 = EDGE_CURVE( '', #2993, #2995, #2996, .T. );
#2592 = EDGE_CURVE( '', #2995, #2997, #2998, .T. );
#2593 = EDGE_CURVE( '', #2997, #2999, #3000, .T. );
#2594 = EDGE_CURVE( '', #2999, #3001, #3002, .T. );
#2595 = EDGE_CURVE( '', #3001, #3003, #3004, .T. );
#2596 = EDGE_CURVE( '', #3003, #3005, #3006, .T. );
#2597 = EDGE_CURVE( '', #3005, #3007, #3008, .T. );
#2598 = EDGE_CURVE( '', #3007, #3009, #3010, .T. );
#2599 = EDGE_CURVE( '', #3009, #3011, #3012, .T. );
#2600 = EDGE_CURVE( '', #3011, #3013, #3014, .T. );
#2601 = EDGE_CURVE( '', #3013, #3015, #3016, .T. );
#2602 = EDGE_CURVE( '', #3015, #3017, #3018, .T. );
#2603 = EDGE_CURVE( '', #3017, #3019, #3020, .T. );
#2604 = EDGE_CURVE( '', #3019, #3021, #3022, .T. );
#2605 = EDGE_CURVE( '', #3021, #3023, #3024, .T. );
#2606 = EDGE_CURVE( '', #3023, #3025, #3026, .T. );
#2607 = EDGE_CURVE( '', #3025, #3027, #3028, .T. );
#2608 = EDGE_CURVE( '', #3027, #3029, #3030, .T. );
#2609 = EDGE_CURVE( '', #3029, #3031, #3032, .T. );
#2610 = EDGE_CURVE( '', #3031, #3033, #3034, .T. );
#2611 = EDGE_CURVE( '', #3033, #2990, #3035, .T. );
#2612 = EDGE_CURVE( '', #3036, #3037, #3038, .T. );
#2613 = EDGE_CURVE( '', #3037, #3039, #3040, .T. );
#2614 = EDGE_CURVE( '', #3041, #3039, #3042, .T. );
#2615 = EDGE_CURVE( '', #3036, #3041, #3043, .T. );
#2616 = EDGE_CURVE( '', #3044, #3045, #3046, .T. );
#2617 = EDGE_CURVE( '', #3045, #3047, #3048, .T. );
#2618 = EDGE_CURVE( '', #3049, #3047, #3050, .T. );
#2619 = EDGE_CURVE( '', #3044, #3049, #3051, .T. );
#2620 = EDGE_CURVE( '', #3052, #3053, #3054, .T. );
#2621 = EDGE_CURVE( '', #3053, #3055, #3056, .T. );
#2622 = EDGE_CURVE( '', #3057, #3055, #3058, .T. );
#2623 = EDGE_CURVE( '', #3052, #3057, #3059, .T. );
#2624 = EDGE_CURVE( '', #3060, #3061, #3062, .T. );
#2625 = EDGE_CURVE( '', #3061, #3063, #3064, .T. );
#2626 = EDGE_CURVE( '', #3065, #3063, #3066, .T. );
#2627 = EDGE_CURVE( '', #3060, #3065, #3067, .T. );
#2628 = EDGE_CURVE( '', #3068, #3069, #3070, .T. );
#2629 = EDGE_CURVE( '', #3069, #3071, #3072, .T. );
#2630 = EDGE_CURVE( '', #3073, #3071, #3074, .T. );
#2631 = EDGE_CURVE( '', #3068, #3073, #3075, .T. );
#2632 = EDGE_CURVE( '', #3076, #3077, #3078, .T. );
#2633 = EDGE_CURVE( '', #3077, #3079, #3080, .T. );
#2634 = EDGE_CURVE( '', #3081, #3079, #3082, .T. );
#2635 = EDGE_CURVE( '', #3076, #3081, #3083, .T. );
#2636 = EDGE_CURVE( '', #3084, #3085, #3086, .T. );
#2637 = EDGE_CURVE( '', #3085, #3087, #3088, .T. );
#2638 = EDGE_CURVE( '', #3089, #3087, #3090, .T. );
#2639 = EDGE_CURVE( '', #3084, #3089, #3091, .T. );
#2640 = EDGE_CURVE( '', #3092, #3093, #3094, .T. );
#2641 = EDGE_CURVE( '', #3093, #3095, #3096, .T. );
#2642 = EDGE_CURVE( '', #3097, #3095, #3098, .T. );
#2643 = EDGE_CURVE( '', #3092, #3097, #3099, .T. );
#2644 = EDGE_CURVE( '', #3100, #3101, #3102, .T. );
#2645 = EDGE_CURVE( '', #3007, #3100, #3103, .T. );
#2646 = EDGE_CURVE( '', #3005, #3101, #3104, .T. );
#2647 = EDGE_CURVE( '', #2985, #3105, #3106, .T. );
#2648 = EDGE_CURVE( '', #3107, #3105, #3108, .T. );
#2649 = EDGE_CURVE( '', #2987, #3107, #3109, .T. );
#2650 = EDGE_CURVE( '', #3110, #3111, #3112, .T. );
#2651 = EDGE_CURVE( '', #3113, #3110, #3114, .T. );
#2652 = EDGE_CURVE( '', #3113, #3115, #3116, .T. );
#2653 = EDGE_CURVE( '', #3115, #3117, #3118, .T. );
#2654 = EDGE_CURVE( '', #3119, #3117, #3120, .T. );
#2655 = EDGE_CURVE( '', #3119, #3121, #3122, .T. );
#2656 = EDGE_CURVE( '', #3121, #3123, #3124, .T. );
#2657 = EDGE_CURVE( '', #3111, #3123, #3125, .T. );
#2658 = EDGE_CURVE( '', #3126, #3126, #3127, .T. );
#2659 = EDGE_CURVE( '', #3128, #3129, #3130, .T. );
#2660 = EDGE_CURVE( '', #3131, #3129, #3132, .T. );
#2661 = EDGE_CURVE( '', #3133, #3131, #3134, .T. );
#2662 = EDGE_CURVE( '', #3128, #3133, #3135, .T. );
#2663 = EDGE_CURVE( '', #3136, #3137, #3138, .T. );
#2664 = EDGE_CURVE( '', #3129, #3137, #3139, .T. );
#2665 = EDGE_CURVE( '', #3136, #3128, #3140, .T. );
#2666 = EDGE_CURVE( '', #2997, #3141, #3142, .T. );
#2667 = EDGE_CURVE( '', #3143, #3141, #3144, .T. );
#2668 = EDGE_CURVE( '', #2999, #3143, #3145, .T. );
#2669 = EDGE_CURVE( '', #3017, #3146, #3147, .T. );
#2670 = EDGE_CURVE( '', #3148, #3146, #3149, .T. );
#2671 = EDGE_CURVE( '', #3019, #3148, #3150, .T. );
#2672 = EDGE_CURVE( '', #3151, #3152, #3153, .T. );
#2673 = EDGE_CURVE( '', #3154, #3151, #3155, .T. );
#2674 = EDGE_CURVE( '', #3156, #3154, #3157, .T. );
#2675 = EDGE_CURVE( '', #3152, #3156, #3158, .T. );
#2676 = EDGE_CURVE( '', #2975, #3159, #3160, .T. );
#2677 = EDGE_CURVE( '', #3161, #3159, #3162, .T. );
#2678 = EDGE_CURVE( '', #2977, #3161, #3163, .T. );
#2679 = EDGE_CURVE( '', #3164, #3131, #3165, .T. );
#2680 = EDGE_CURVE( '', #3166, #3164, #3167, .T. );
#2681 = EDGE_CURVE( '', #3133, #3166, #3168, .T. );
#2682 = EDGE_CURVE( '', #3169, #3170, #3171, .T. );
#2683 = EDGE_CURVE( '', #3172, #3169, #3173, .T. );
#2684 = EDGE_CURVE( '', #3174, #3172, #3175, .T. );
#2685 = EDGE_CURVE( '', #3174, #3176, #3177, .T. );
#2686 = EDGE_CURVE( '', #3178, #3176, #3179, .T. );
#2687 = EDGE_CURVE( '', #3178, #3170, #3180, .T. );
#2688 = EDGE_CURVE( '', #3181, #3181, #3182, .T. );
#2689 = EDGE_CURVE( '', #3183, #3183, #3184, .T. );
#2690 = EDGE_CURVE( '', #3185, #3185, #3186, .T. );
#2691 = EDGE_CURVE( '', #3069, #3187, #3188, .T. );
#2692 = EDGE_CURVE( '', #3187, #3189, #3190, .T. );
#2693 = EDGE_CURVE( '', #3189, #3071, #3191, .T. );
#2694 = EDGE_CURVE( '', #3192, #3192, #3193, .T. );
#2695 = EDGE_CURVE( '', #3194, #3194, #3195, .T. );
#2696 = EDGE_CURVE( '', #3196, #3100, #3197, .T. );
#2697 = EDGE_CURVE( '', #3009, #3196, #3198, .T. );
#2698 = EDGE_CURVE( '', #3199, #3199, #3200, .T. );
#2699 = EDGE_CURVE( '', #3201, #3201, #3202, .T. );
#2700 = EDGE_CURVE( '', #3203, #3081, #3204, .T. );
#2701 = EDGE_CURVE( '', #3205, #3203, #3206, .T. );
#2702 = EDGE_CURVE( '', #3076, #3205, #3207, .T. );
#2703 = EDGE_CURVE( '', #3208, #3209, #3210, .T. );
#2704 = EDGE_CURVE( '', #3211, #3208, #3212, .T. );
#2705 = EDGE_CURVE( '', #3213, #3211, #3214, .T. );
#2706 = EDGE_CURVE( '', #3213, #3215, #3216, .T. );
#2707 = EDGE_CURVE( '', #3217, #3215, #3218, .T. );
#2708 = EDGE_CURVE( '', #3217, #3209, #3219, .T. );
#2709 = EDGE_CURVE( '', #3220, #3221, #3222, .T. );
#2710 = EDGE_CURVE( '', #3223, #3221, #3224, .T. );
#2711 = EDGE_CURVE( '', #3225, #3223, #3226, .T. );
#2712 = EDGE_CURVE( '', #3225, #3220, #3227, .T. );
#2713 = EDGE_CURVE( '', #3228, #3039, #3229, .T. );
#2714 = EDGE_CURVE( '', #3230, #3228, #3231, .T. );
#2715 = EDGE_CURVE( '', #3230, #3041, #3232, .T. );
#2716 = EDGE_CURVE( '', #3233, #3189, #3234, .T. );
#2717 = EDGE_CURVE( '', #3235, #3187, #3236, .T. );
#2718 = EDGE_CURVE( '', #3235, #3233, #3237, .T. );
#2719 = EDGE_CURVE( '', #3238, #3239, #3240, .T. );
#2720 = EDGE_CURVE( '', #3241, #3238, #3242, .T. );
#2721 = EDGE_CURVE( '', #3243, #3241, #3244, .T. );
#2722 = EDGE_CURVE( '', #3239, #3243, #3245, .T. );
#2723 = EDGE_CURVE( '', #3246, #3143, #3247, .T. );
#2724 = EDGE_CURVE( '', #3001, #3246, #3248, .T. );
#2725 = EDGE_CURVE( '', #3249, #3250, #3251, .T. );
#2726 = EDGE_CURVE( '', #3252, #3249, #3253, .T. );
#2727 = EDGE_CURVE( '', #3254, #3252, #3255, .T. );
#2728 = EDGE_CURVE( '', #3250, #3254, #3256, .T. );
#2729 = EDGE_CURVE( '', #2991, #3257, #3258, .T. );
#2730 = EDGE_CURVE( '', #3259, #3257, #3260, .T. );
#2731 = EDGE_CURVE( '', #2993, #3259, #3261, .T. );
#2732 = EDGE_CURVE( '', #3262, #3262, #3263, .T. );
#2733 = EDGE_CURVE( '', #3264, #3264, #3265, .T. );
#2734 = EDGE_CURVE( '', #3266, #3113, #3267, .T. );
#2735 = EDGE_CURVE( '', #3268, #3110, #3269, .T. );
#2736 = EDGE_CURVE( '', #3268, #3266, #3270, .T. );
#2737 = EDGE_CURVE( '', #3271, #3271, #3272, .T. );
#2738 = EDGE_CURVE( '', #3273, #3274, #3275, .T. );
#2739 = EDGE_CURVE( '', #3274, #3111, #3276, .T. );
#2740 = EDGE_CURVE( '', #3123, #3273, #3277, .T. );
#2741 = EDGE_CURVE( '', #3278, #3279, #3280, .T. );
#2742 = EDGE_CURVE( '', #3281, #3279, #3282, .T. );
#2743 = EDGE_CURVE( '', #3283, #3281, #3284, .T. );
#2744 = EDGE_CURVE( '', #3278, #3283, #3285, .T. );
#2745 = EDGE_CURVE( '', #3286, #3025, #3287, .T. );
#2746 = EDGE_CURVE( '', #3288, #3286, #3289, .T. );
#2747 = EDGE_CURVE( '', #3027, #3288, #3290, .T. );
#2748 = EDGE_CURVE( '', #3291, #3292, #3293, .T. );
#2749 = EDGE_CURVE( '', #3294, #3292, #3295, .T. );
#2750 = EDGE_CURVE( '', #3296, #3294, #3297, .T. );
#2751 = EDGE_CURVE( '', #3296, #3291, #3298, .T. );
#2752 = EDGE_CURVE( '', #3221, #3294, #3299, .T. );
#2753 = EDGE_CURVE( '', #3220, #3296, #3300, .T. );
#2754 = EDGE_CURVE( '', #3292, #3223, #3301, .T. );
#2755 = EDGE_CURVE( '', #3291, #3225, #3302, .T. );
#2756 = EDGE_CURVE( '', #3303, #3303, #3304, .T. );
#2757 = EDGE_CURVE( '', #3305, #3305, #3306, .T. );
#2758 = EDGE_CURVE( '', #3307, #3307, #3308, .T. );
#2759 = EDGE_CURVE( '', #3309, #3309, #3310, .T. );
#2760 = EDGE_CURVE( '', #3311, #3311, #3312, .T. );
#2761 = EDGE_CURVE( '', #3313, #3313, #3314, .T. );
#2762 = EDGE_CURVE( '', #3315, #3315, #3316, .T. );
#2763 = EDGE_CURVE( '', #3317, #3318, #3319, .T. );
#2764 = EDGE_CURVE( '', #3320, #3317, #3321, .T. );
#2765 = EDGE_CURVE( '', #3322, #3320, #3323, .T. );
#2766 = EDGE_CURVE( '', #3318, #3322, #3324, .T. );
#2767 = EDGE_CURVE( '', #3015, #3325, #3326, .T. );
#2768 = EDGE_CURVE( '', #3146, #3325, #3327, .T. );
#2769 = EDGE_CURVE( '', #3328, #3252, #3329, .T. );
#2770 = EDGE_CURVE( '', #3330, #3328, #3331, .T. );
#2771 = EDGE_CURVE( '', #3254, #3330, #3332, .T. );
#2772 = EDGE_CURVE( '', #3333, #3333, #3334, .T. );
#2773 = EDGE_CURVE( '', #3033, #3335, #3336, .T. );
#2774 = EDGE_CURVE( '', #3337, #3335, #3338, .T. );
#2775 = EDGE_CURVE( '', #2990, #3337, #3339, .T. );
#2776 = EDGE_CURVE( '', #3340, #3341, #3342, .T. );
#2777 = EDGE_CURVE( '', #3343, #3341, #3344, .T. );
#2778 = EDGE_CURVE( '', #3345, #3343, #3346, .T. );
#2779 = EDGE_CURVE( '', #3340, #3345, #3347, .T. );
#2780 = EDGE_CURVE( '', #2981, #3348, #3349, .T. );
#2781 = EDGE_CURVE( '', #3350, #3348, #3351, .T. );
#2782 = EDGE_CURVE( '', #2983, #3350, #3352, .T. );
#2783 = EDGE_CURVE( '', #3353, #3230, #3354, .T. );
#2784 = EDGE_CURVE( '', #3036, #3353, #3355, .T. );
#2785 = EDGE_CURVE( '', #3356, #3288, #3357, .T. );
#2786 = EDGE_CURVE( '', #3029, #3356, #3358, .T. );
#2787 = EDGE_CURVE( '', #3045, #3359, #3360, .T. );
#2788 = EDGE_CURVE( '', #3359, #3361, #3362, .T. );
#2789 = EDGE_CURVE( '', #3361, #3047, #3363, .T. );
#2790 = EDGE_CURVE( '', #3203, #3364, #3365, .T. );
#2791 = EDGE_CURVE( '', #3366, #3364, #3367, .T. );
#2792 = EDGE_CURVE( '', #3205, #3366, #3368, .T. );
#2793 = EDGE_CURVE( '', #3085, #3369, #3370, .T. );
#2794 = EDGE_CURVE( '', #3369, #3371, #3372, .T. );
#2795 = EDGE_CURVE( '', #3371, #3087, #3373, .T. );
#2796 = EDGE_CURVE( '', #3374, #3371, #3375, .T. );
#2797 = EDGE_CURVE( '', #3374, #3089, #3376, .T. );
#2798 = EDGE_CURVE( '', #3377, #3369, #3378, .T. );
#2799 = EDGE_CURVE( '', #3377, #3374, #3379, .T. );
#2800 = EDGE_CURVE( '', #3380, #3361, #3381, .T. );
#2801 = EDGE_CURVE( '', #3382, #3359, #3383, .T. );
#2802 = EDGE_CURVE( '', #3382, #3380, #3384, .T. );
#2803 = EDGE_CURVE( '', #3385, #3169, #3386, .T. );
#2804 = EDGE_CURVE( '', #3387, #3170, #3388, .T. );
#2805 = EDGE_CURVE( '', #3387, #3385, #3389, .T. );
#2806 = EDGE_CURVE( '', #3172, #3213, #3390, .T. );
#2807 = EDGE_CURVE( '', #3211, #3174, #3391, .T. );
#2808 = EDGE_CURVE( '', #3238, #3392, #3393, .T. );
#2809 = EDGE_CURVE( '', #3394, #3392, #3395, .T. );
#2810 = EDGE_CURVE( '', #3241, #3394, #3396, .T. );
#2811 = EDGE_CURVE( '', #3397, #3095, #3398, .T. );
#2812 = EDGE_CURVE( '', #3399, #3397, #3400, .T. );
#2813 = EDGE_CURVE( '', #3399, #3097, #3401, .T. );
#2814 = EDGE_CURVE( '', #3402, #3403, #3404, .T. );
#2815 = EDGE_CURVE( '', #3405, #3403, #3406, .T. );
#2816 = EDGE_CURVE( '', #3407, #3405, #3408, .T. );
#2817 = EDGE_CURVE( '', #3407, #3402, #3409, .T. );
#2818 = EDGE_CURVE( '', #3410, #3107, #3411, .T. );
#2819 = EDGE_CURVE( '', #2966, #3410, #3412, .T. );
#2820 = EDGE_CURVE( '', #3021, #3413, #3414, .T. );
#2821 = EDGE_CURVE( '', #3415, #3413, #3416, .T. );
#2822 = EDGE_CURVE( '', #3023, #3415, #3417, .T. );
#2823 = EDGE_CURVE( '', #3286, #3415, #3418, .T. );
#2824 = EDGE_CURVE( '', #3413, #3148, #3419, .T. );
#2825 = EDGE_CURVE( '', #2971, #3420, #3421, .T. );
#2826 = EDGE_CURVE( '', #3422, #3420, #3423, .T. );
#2827 = EDGE_CURVE( '', #2973, #3422, #3424, .T. );
#2828 = EDGE_CURVE( '', #3084, #3377, #3425, .T. );
#2829 = EDGE_CURVE( '', #3426, #3397, #3427, .T. );
#2830 = EDGE_CURVE( '', #3428, #3426, #3429, .T. );
#2831 = EDGE_CURVE( '', #3428, #3399, #3430, .T. );
#2832 = EDGE_CURVE( '', #3431, #3431, #3432, .T. );
#2833 = EDGE_CURVE( '', #3121, #3433, #3434, .T. );
#2834 = EDGE_CURVE( '', #3273, #3433, #3435, .T. );
#2835 = EDGE_CURVE( '', #3436, #3405, #3437, .T. );
#2836 = EDGE_CURVE( '', #3438, #3436, #3439, .T. );
#2837 = EDGE_CURVE( '', #3438, #3407, #3440, .T. );
#2838 = EDGE_CURVE( '', #3003, #3441, #3442, .T. );
#2839 = EDGE_CURVE( '', #3101, #3441, #3443, .T. );
#2840 = EDGE_CURVE( '', #3444, #3410, #3445, .T. );
#2841 = EDGE_CURVE( '', #2967, #3444, #3446, .T. );
#2842 = EDGE_CURVE( '', #3447, #3055, #3448, .T. );
#2843 = EDGE_CURVE( '', #3449, #3447, #3450, .T. );
#2844 = EDGE_CURVE( '', #3449, #3057, #3451, .T. );
#2845 = EDGE_CURVE( '', #3452, #3063, #3453, .T. );
#2846 = EDGE_CURVE( '', #3454, #3452, #3455, .T. );
#2847 = EDGE_CURVE( '', #3454, #3065, #3456, .T. );
#2848 = EDGE_CURVE( '', #3092, #3428, #3457, .T. );
#2849 = EDGE_CURVE( '', #3093, #3426, #3458, .T. );
#2850 = EDGE_CURVE( '', #3459, #3281, #3460, .T. );
#2851 = EDGE_CURVE( '', #3461, #3459, #3462, .T. );
#2852 = EDGE_CURVE( '', #3283, #3461, #3463, .T. );
#2853 = EDGE_CURVE( '', #3464, #3449, #3465, .T. );
#2854 = EDGE_CURVE( '', #3052, #3464, #3466, .T. );
#2855 = EDGE_CURVE( '', #3257, #3337, #3467, .T. );
#2856 = EDGE_CURVE( '', #3468, #3469, #3470, .T. );
#2857 = EDGE_CURVE( '', #3154, #3468, #3471, .T. );
#2858 = EDGE_CURVE( '', #3469, #3151, #3472, .T. );
#2859 = EDGE_CURVE( '', #3473, #3394, #3474, .T. );
#2860 = EDGE_CURVE( '', #3475, #3473, #3476, .T. );
#2861 = EDGE_CURVE( '', #3156, #3475, #3477, .T. );
#2862 = EDGE_CURVE( '', #3243, #3468, #3478, .T. );
#2863 = EDGE_CURVE( '', #3479, #3475, #3480, .T. );
#2864 = EDGE_CURVE( '', #3479, #3152, #3481, .T. );
#2865 = EDGE_CURVE( '', #3482, #3483, #3484, .T. );
#2866 = EDGE_CURVE( '', #3403, #3483, #3485, .T. );
#2867 = EDGE_CURVE( '', #3402, #3482, #3486, .T. );
#2868 = EDGE_CURVE( '', #3341, #3459, #3487, .T. );
#2869 = EDGE_CURVE( '', #3461, #3340, #3488, .T. );
#2870 = EDGE_CURVE( '', #3325, #3489, #3490, .T. );
#2871 = EDGE_CURVE( '', #3489, #3491, #3492, .T. );
#2872 = EDGE_CURVE( '', #3491, #3196, #3493, .T. );
#2873 = EDGE_CURVE( '', #3441, #3246, #3494, .T. );
#2874 = EDGE_CURVE( '', #3141, #3495, #3496, .T. );
#2875 = EDGE_CURVE( '', #3495, #3259, #3497, .T. );
#2876 = EDGE_CURVE( '', #3335, #3498, #3499, .T. );
#2877 = EDGE_CURVE( '', #3498, #3356, #3500, .T. );
#2878 = EDGE_CURVE( '', #3279, #3343, #3501, .T. );
#2879 = EDGE_CURVE( '', #3137, #3164, #3502, .T. );
#2880 = EDGE_CURVE( '', #3249, #3328, #3503, .T. );
#2881 = EDGE_CURVE( '', #3380, #3049, #3504, .T. );
#2882 = EDGE_CURVE( '', #3044, #3382, #3505, .T. );
#2883 = EDGE_CURVE( '', #3506, #3454, #3507, .T. );
#2884 = EDGE_CURVE( '', #3060, #3506, #3508, .T. );
#2885 = EDGE_CURVE( '', #3178, #3509, #3510, .T. );
#2886 = EDGE_CURVE( '', #3176, #3511, #3512, .T. );
#2887 = EDGE_CURVE( '', #3511, #3509, #3513, .T. );
#2888 = EDGE_CURVE( '', #2955, #3320, #3514, .T. );
#2889 = EDGE_CURVE( '', #2952, #3322, #3515, .T. );
#2890 = EDGE_CURVE( '', #3516, #3516, #3517, .T. );
#2891 = EDGE_CURVE( '', #3159, #3422, #3518, .T. );
#2892 = EDGE_CURVE( '', #3464, #3519, #3520, .T. );
#2893 = EDGE_CURVE( '', #3053, #3519, #3521, .T. );
#2894 = EDGE_CURVE( '', #3233, #3073, #3522, .T. );
#2895 = EDGE_CURVE( '', #3011, #3491, #3523, .T. );
#2896 = EDGE_CURVE( '', #3013, #3489, #3524, .T. );
#2897 = EDGE_CURVE( '', #3105, #3350, #3525, .T. );
#2898 = EDGE_CURVE( '', #3348, #3526, #3527, .T. );
#2899 = EDGE_CURVE( '', #3526, #3161, #3528, .T. );
#2900 = EDGE_CURVE( '', #3420, #3529, #3530, .T. );
#2901 = EDGE_CURVE( '', #3529, #3444, #3531, .T. );
#2902 = EDGE_CURVE( '', #2995, #3495, #3532, .T. );
#2903 = EDGE_CURVE( '', #3533, #3534, #3535, .T. );
#2904 = EDGE_CURVE( '', #3534, #3436, #3536, .T. );
#2905 = EDGE_CURVE( '', #3483, #3533, #3537, .T. );
#2906 = EDGE_CURVE( '', #3538, #3538, #3539, .T. );
#2907 = EDGE_CURVE( '', #2953, #3318, #3540, .T. );
#2908 = EDGE_CURVE( '', #3469, #3479, #3541, .T. );
#2909 = EDGE_CURVE( '', #3542, #3268, #3543, .T. );
#2910 = EDGE_CURVE( '', #3542, #3544, #3545, .T. );
#2911 = EDGE_CURVE( '', #3544, #3266, #3546, .T. );
#2912 = EDGE_CURVE( '', #2979, #3526, #3547, .T. );
#2913 = EDGE_CURVE( '', #3345, #3278, #3548, .T. );
#2914 = EDGE_CURVE( '', #3031, #3498, #3549, .T. );
#2915 = EDGE_CURVE( '', #3519, #3447, #3550, .T. );
#2916 = EDGE_CURVE( '', #3551, #3534, #3552, .T. );
#2917 = EDGE_CURVE( '', #3553, #3533, #3554, .T. );
#2918 = EDGE_CURVE( '', #3553, #3551, #3555, .T. );
#2919 = EDGE_CURVE( '', #3551, #3438, #3556, .T. );
#2920 = EDGE_CURVE( '', #3353, #3557, #3558, .T. );
#2921 = EDGE_CURVE( '', #3037, #3557, #3559, .T. );
#2922 = EDGE_CURVE( '', #3560, #3452, #3561, .T. );
#2923 = EDGE_CURVE( '', #3506, #3560, #3562, .T. );
#2924 = EDGE_CURVE( '', #3215, #3208, #3563, .T. );
#2925 = EDGE_CURVE( '', #3217, #3209, #3564, .T. );
#2926 = EDGE_CURVE( '', #3482, #3553, #3565, .T. );
#2927 = EDGE_CURVE( '', #3566, #3567, #3568, .T. );
#2928 = EDGE_CURVE( '', #3566, #3567, #3569, .T. );
#2929 = EDGE_CURVE( '', #3567, #3511, #3570, .T. );
#2930 = EDGE_CURVE( '', #3566, #3385, #3571, .T. );
#2931 = EDGE_CURVE( '', #3572, #3572, #3573, .T. );
#2932 = EDGE_CURVE( '', #3574, #3574, #3575, .T. );
#2933 = EDGE_CURVE( '', #3077, #3366, #3576, .T. );
#2934 = EDGE_CURVE( '', #3364, #3079, #3577, .T. );
#2935 = EDGE_CURVE( '', #2969, #3529, #3578, .T. );
#2936 = EDGE_CURVE( '', #3117, #3542, #3579, .T. );
#2937 = EDGE_CURVE( '', #3115, #3544, #3580, .T. );
#2938 = EDGE_CURVE( '', #3581, #3119, #3582, .T. );
#2939 = EDGE_CURVE( '', #3433, #3581, #3583, .T. );
#2940 = EDGE_CURVE( '', #3274, #3581, #3584, .T. );
#2941 = EDGE_CURVE( '', #3068, #3235, #3585, .T. );
#2942 = EDGE_CURVE( '', #3061, #3560, #3586, .T. );
#2943 = EDGE_CURVE( '', #3587, #3587, #3588, .T. );
#2944 = EDGE_CURVE( '', #3392, #3589, #3590, .T. );
#2945 = EDGE_CURVE( '', #3589, #3473, #3591, .T. );
#2946 = EDGE_CURVE( '', #3387, #3509, #3592, .T. );
#2947 = EDGE_CURVE( '', #2957, #3317, #3593, .T. );
#2948 = EDGE_CURVE( '', #3239, #3589, #3594, .T. );
#2949 = EDGE_CURVE( '', #3330, #3250, #3595, .T. );
#2950 = EDGE_CURVE( '', #3166, #3136, #3596, .T. );
#2951 = EDGE_CURVE( '', #3557, #3228, #3597, .T. );
#2952 = VERTEX_POINT( '', #3598 );
#2953 = VERTEX_POINT( '', #3599 );
#2954 = CIRCLE( '', #3600, 0.00460000000000000 );
#2955 = VERTEX_POINT( '', #3601 );
#2956 = LINE( '', #3602, #3603 );
#2957 = VERTEX_POINT( '', #3604 );
#2958 = LINE( '', #3605, #3606 );
#2959 = LINE( '', #3607, #3608 );
#2960 = VERTEX_POINT( '', #3609 );
#2961 = CIRCLE( '', #3610, 0.000400000000000000 );
#2962 = VERTEX_POINT( '', #3611 );
#2963 = CIRCLE( '', #3612, 0.000400000000000000 );
#2964 = VERTEX_POINT( '', #3613 );
#2965 = CIRCLE( '', #3614, 0.000400000000000000 );
#2966 = VERTEX_POINT( '', #3615 );
#2967 = VERTEX_POINT( '', #3616 );
#2968 = B_SPLINE_CURVE_WITH_KNOTS( '', 3, ( #3617, #3618, #3619, #3620 ), .UNSPECIFIED., .F., .F., ( 4, 4 ), ( 0.000000000000000, 1.00000000000000 ), .UNSPECIFIED. );
#2969 = VERTEX_POINT( '', #3621 );
#2970 = B_SPLINE_CURVE_WITH_KNOTS( '', 3, ( #3622, #3623, #3624, #3625 ), .UNSPECIFIED., .F., .F., ( 4, 4 ), ( 0.000000000000000, 1.00000000000000 ), .UNSPECIFIED. );
#2971 = VERTEX_POINT( '', #3626 );
#2972 = B_SPLINE_CURVE_WITH_KNOTS( '', 3, ( #3627, #3628, #3629, #3630 ), .UNSPECIFIED., .F., .F., ( 4, 4 ), ( 0.000000000000000, 1.00000000000000 ), .UNSPECIFIED. );
#2973 = VERTEX_POINT( '', #3631 );
#2974 = B_SPLINE_CURVE_WITH_KNOTS( '', 3, ( #3632, #3633, #3634, #3635 ), .UNSPECIFIED., .F., .F., ( 4, 4 ), ( 0.000000000000000, 1.00000000000000 ), .UNSPECIFIED. );
#2975 = VERTEX_POINT( '', #3636 );
#2976 = B_SPLINE_CURVE_WITH_KNOTS( '', 3, ( #3637, #3638, #3639, #3640 ), .UNSPECIFIED., .F., .F., ( 4, 4 ), ( 0.000000000000000, 1.00000000000000 ), .UNSPECIFIED. );
#2977 = VERTEX_POINT( '', #3641 );
#2978 = B_SPLINE_CURVE_WITH_KNOTS( '', 3, ( #3642, #3643, #3644, #3645 ), .UNSPECIFIED., .F., .F., ( 4, 4 ), ( 0.000000000000000, 1.00000000000000 ), .UNSPECIFIED. );
#2979 = VERTEX_POINT( '', #3646 );
#2980 = B_SPLINE_CURVE_WITH_KNOTS( '', 3, ( #3647, #3648, #3649, #3650 ), .UNSPECIFIED., .F., .F., ( 4, 4 ), ( 0.000000000000000, 1.00000000000000 ), .UNSPECIFIED. );
#2981 = VERTEX_POINT( '', #3651 );
#2982 = B_SPLINE_CURVE_WITH_KNOTS( '', 3, ( #3652, #3653, #3654, #3655 ), .UNSPECIFIED., .F., .F., ( 4, 4 ), ( 0.000000000000000, 1.00000000000000 ), .UNSPECIFIED. );
#2983 = VERTEX_POINT( '', #3656 );
#2984 = B_SPLINE_CURVE_WITH_KNOTS( '', 3, ( #3657, #3658, #3659, #3660, #3661, #3662, #3663, #3664, #3665, #3666, #3667, #3668, #3669, #3670, #3671, #3672, #3673, #3674, #3675, #3676, #3677, #3678, #3679, #3680, #3681, #3682, #3683, #3684, #3685, #3686, #3687 ), .UNSPECIFIED., .F., .F., ( 4, 1, 1, 1, 1, 1, 1, 1, 1, 1, 1, 1, 1, 1, 1, 1, 1, 1, 1, 1, 1, 1, 1, 1, 1, 1, 1, 1, 4 ), ( 0.000000000000000, 0.0901653523107200, 0.180330704621400, 0.225413380776800, 0.270496056932200, 0.315578733087500, 0.338120071165200, 0.360661409242900, 0.382511654944900, 0.404361900646900, 0.448062392050800, 0.491762883454800, 0.535463374858800, 0.579163866262800, 0.622864357666700, 0.644714603368700, 0.666564849070700, 0.688415094772700, 0.699340217623700, 0.710265340474700, 0.728373756695000, 0.746482172915300, 0.764590589135700, 0.782699005356000, 0.818915837796700, 0.855132670237300, 0.891349502678000, 0.927566335118700, 1.00000000000000 ), .UNSPECIFIED. );
#2985 = VERTEX_POINT( '', #3688 );
#2986 = B_SPLINE_CURVE_WITH_KNOTS( '', 3, ( #3689, #3690, #3691, #3692 ), .UNSPECIFIED., .F., .F., ( 4, 4 ), ( 0.000000000000000, 1.00000000000000 ), .UNSPECIFIED. );
#2987 = VERTEX_POINT( '', #3693 );
#2988 = B_SPLINE_CURVE_WITH_KNOTS( '', 3, ( #3694, #3695, #3696, #3697 ), .UNSPECIFIED., .F., .F., ( 4, 4 ), ( 0.000000000000000, 1.00000000000000 ), .UNSPECIFIED. );
#2989 = B_SPLINE_CURVE_WITH_KNOTS( '', 3, ( #3698, #3699, #3700, #3701 ), .UNSPECIFIED., .F., .F., ( 4, 4 ), ( 0.000000000000000, 1.00000000000000 ), .UNSPECIFIED. );
#2990 = VERTEX_POINT( '', #3702 );
#2991 = VERTEX_POINT( '', #3703 );
#2992 = B_SPLINE_CURVE_WITH_KNOTS( '', 3, ( #3704, #3705, #3706, #3707 ), .UNSPECIFIED., .F., .F., ( 4, 4 ), ( 0.000000000000000, 1.00000000000000 ), .UNSPECIFIED. );
#2993 = VERTEX_POINT( '', #3708 );
#2994 = B_SPLINE_CURVE_WITH_KNOTS( '', 3, ( #3709, #3710, #3711, #3712 ), .UNSPECIFIED., .F., .F., ( 4, 4 ), ( 0.000000000000000, 1.00000000000000 ), .UNSPECIFIED. );
#2995 = VERTEX_POINT( '', #3713 );
#2996 = B_SPLINE_CURVE_WITH_KNOTS( '', 3, ( #3714, #3715, #3716, #3717 ), .UNSPECIFIED., .F., .F., ( 4, 4 ), ( 0.000000000000000, 1.00000000000000 ), .UNSPECIFIED. );
#2997 = VERTEX_POINT( '', #3718 );
#2998 = B_SPLINE_CURVE_WITH_KNOTS( '', 3, ( #3719, #3720, #3721, #3722 ), .UNSPECIFIED., .F., .F., ( 4, 4 ), ( 0.000000000000000, 1.00000000000000 ), .UNSPECIFIED. );
#2999 = VERTEX_POINT( '', #3723 );
#3000 = B_SPLINE_CURVE_WITH_KNOTS( '', 3, ( #3724, #3725, #3726, #3727 ), .UNSPECIFIED., .F., .F., ( 4, 4 ), ( 0.000000000000000, 1.00000000000000 ), .UNSPECIFIED. );
#3001 = VERTEX_POINT( '', #3728 );
#3002 = B_SPLINE_CURVE_WITH_KNOTS( '', 3, ( #3729, #3730, #3731, #3732 ), .UNSPECIFIED., .F., .F., ( 4, 4 ), ( 0.000000000000000, 1.00000000000000 ), .UNSPECIFIED. );
#3003 = VERTEX_POINT( '', #3733 );
#3004 = B_SPLINE_CURVE_WITH_KNOTS( '', 3, ( #3734, #3735, #3736, #3737 ), .UNSPECIFIED., .F., .F., ( 4, 4 ), ( 0.000000000000000, 1.00000000000000 ), .UNSPECIFIED. );
#3005 = VERTEX_POINT( '', #3738 );
#3006 = B_SPLINE_CURVE_WITH_KNOTS( '', 1, ( #3739, #3740 ), .UNSPECIFIED., .F., .F., ( 2, 2 ), ( 0.000000000000000, 1.00000000000000 ), .UNSPECIFIED. );
#3007 = VERTEX_POINT( '', #3741 );
#3008 = B_SPLINE_CURVE_WITH_KNOTS( '', 1, ( #3742, #3743 ), .UNSPECIFIED., .F., .F., ( 2, 2 ), ( 0.000000000000000, 1.00000000000000 ), .UNSPECIFIED. );
#3009 = VERTEX_POINT( '', #3744 );
#3010 = B_SPLINE_CURVE_WITH_KNOTS( '', 3, ( #3745, #3746, #3747, #3748 ), .UNSPECIFIED., .F., .F., ( 4, 4 ), ( 0.000000000000000, 1.00000000000000 ), .UNSPECIFIED. );
#3011 = VERTEX_POINT( '', #3749 );
#3012 = B_SPLINE_CURVE_WITH_KNOTS( '', 3, ( #3750, #3751, #3752, #3753 ), .UNSPECIFIED., .F., .F., ( 4, 4 ), ( 0.000000000000000, 1.00000000000000 ), .UNSPECIFIED. );
#3013 = VERTEX_POINT( '', #3754 );
#3014 = B_SPLINE_CURVE_WITH_KNOTS( '', 3, ( #3755, #3756, #3757, #3758, #3759, #3760, #3761, #3762, #3763, #3764, #3765 ), .UNSPECIFIED., .F., .F., ( 4, 1, 1, 1, 1, 1, 1, 1, 4 ), ( 0.000000000000000, 0.225459703741800, 0.338189555612700, 0.394554481548100, 0.450919407483600, 0.519554481548100, 0.588189555612700, 0.725459703741800, 1.00000000000000 ), .UNSPECIFIED. );
#3015 = VERTEX_POINT( '', #3766 );
#3016 = B_SPLINE_CURVE_WITH_KNOTS( '', 3, ( #3767, #3768, #3769, #3770 ), .UNSPECIFIED., .F., .F., ( 4, 4 ), ( 0.000000000000000, 1.00000000000000 ), .UNSPECIFIED. );
#3017 = VERTEX_POINT( '', #3771 );
#3018 = B_SPLINE_CURVE_WITH_KNOTS( '', 3, ( #3772, #3773, #3774, #3775 ), .UNSPECIFIED., .F., .F., ( 4, 4 ), ( 0.000000000000000, 1.00000000000000 ), .UNSPECIFIED. );
#3019 = VERTEX_POINT( '', #3776 );
#3020 = B_SPLINE_CURVE_WITH_KNOTS( '', 3, ( #3777, #3778, #3779, #3780, #3781, #3782, #3783, #3784, #3785, #3786, #3787, #3788, #3789, #3790, #3791 ), .UNSPECIFIED., .F., .F., ( 4, 1, 1, 1, 1, 1, 1, 1, 1, 1, 1, 1, 4 ), ( 0.000000000000000, 0.142705778860700, 0.285411557721400, 0.356764447151700, 0.428117336582100, 0.499470226012400, 0.535146670727600, 0.570823115442700, 0.624470226012400, 0.678117336582100, 0.785411557721400, 0.892705778860700, 1.00000000000000 ), .UNSPECIFIED. );
#3021 = VERTEX_POINT( '', #3792 );
#3022 = B_SPLINE_CURVE_WITH_KNOTS( '', 3, ( #3793, #3794, #3795, #3796 ), .UNSPECIFIED., .F., .F., ( 4, 4 ), ( 0.000000000000000, 1.00000000000000 ), .UNSPECIFIED. );
#3023 = VERTEX_POINT( '', #3797 );
#3024 = B_SPLINE_CURVE_WITH_KNOTS( '', 3, ( #3798, #3799, #3800, #3801 ), .UNSPECIFIED., .F., .F., ( 4, 4 ), ( 0.000000000000000, 1.00000000000000 ), .UNSPECIFIED. );
#3025 = VERTEX_POINT( '', #3802 );
#3026 = B_SPLINE_CURVE_WITH_KNOTS( '', 3, ( #3803, #3804, #3805, #3806 ), .UNSPECIFIED., .F., .F., ( 4, 4 ), ( 0.000000000000000, 1.00000000000000 ), .UNSPECIFIED. );
#3027 = VERTEX_POINT( '', #3807 );
#3028 = B_SPLINE_CURVE_WITH_KNOTS( '', 3, ( #3808, #3809, #3810, #3811 ), .UNSPECIFIED., .F., .F., ( 4, 4 ), ( 0.000000000000000, 1.00000000000000 ), .UNSPECIFIED. );
#3029 = VERTEX_POINT( '', #3812 );
#3030 = B_SPLINE_CURVE_WITH_KNOTS( '', 3, ( #3813, #3814, #3815, #3816 ), .UNSPECIFIED., .F., .F., ( 4, 4 ), ( 0.000000000000000, 1.00000000000000 ), .UNSPECIFIED. );
#3031 = VERTEX_POINT( '', #3817 );
#3032 = B_SPLINE_CURVE_WITH_KNOTS( '', 3, ( #3818, #3819, #3820, #3821 ), .UNSPECIFIED., .F., .F., ( 4, 4 ), ( 0.000000000000000, 1.00000000000000 ), .UNSPECIFIED. );
#3033 = VERTEX_POINT( '', #3822 );
#3034 = B_SPLINE_CURVE_WITH_KNOTS( '', 3, ( #3823, #3824, #3825, #3826 ), .UNSPECIFIED., .F., .F., ( 4, 4 ), ( 0.000000000000000, 1.00000000000000 ), .UNSPECIFIED. );
#3035 = B_SPLINE_CURVE_WITH_KNOTS( '', 3, ( #3827, #3828, #3829, #3830 ), .UNSPECIFIED., .F., .F., ( 4, 4 ), ( 0.000000000000000, 1.00000000000000 ), .UNSPECIFIED. );
#3036 = VERTEX_POINT( '', #3831 );
#3037 = VERTEX_POINT( '', #3832 );
#3038 = LINE( '', #3833, #3834 );
#3039 = VERTEX_POINT( '', #3835 );
#3040 = LINE( '', #3836, #3837 );
#3041 = VERTEX_POINT( '', #3838 );
#3042 = LINE( '', #3839, #3840 );
#3043 = LINE( '', #3841, #3842 );
#3044 = VERTEX_POINT( '', #3843 );
#3045 = VERTEX_POINT( '', #3844 );
#3046 = LINE( '', #3845, #3846 );
#3047 = VERTEX_POINT( '', #3847 );
#3048 = LINE( '', #3848, #3849 );
#3049 = VERTEX_POINT( '', #3850 );
#3050 = LINE( '', #3851, #3852 );
#3051 = LINE( '', #3853, #3854 );
#3052 = VERTEX_POINT( '', #3855 );
#3053 = VERTEX_POINT( '', #3856 );
#3054 = LINE( '', #3857, #3858 );
#3055 = VERTEX_POINT( '', #3859 );
#3056 = LINE( '', #3860, #3861 );
#3057 = VERTEX_POINT( '', #3862 );
#3058 = LINE( '', #3863, #3864 );
#3059 = LINE( '', #3865, #3866 );
#3060 = VERTEX_POINT( '', #3867 );
#3061 = VERTEX_POINT( '', #3868 );
#3062 = LINE( '', #3869, #3870 );
#3063 = VERTEX_POINT( '', #3871 );
#3064 = LINE( '', #3872, #3873 );
#3065 = VERTEX_POINT( '', #3874 );
#3066 = LINE( '', #3875, #3876 );
#3067 = LINE( '', #3877, #3878 );
#3068 = VERTEX_POINT( '', #3879 );
#3069 = VERTEX_POINT( '', #3880 );
#3070 = LINE( '', #3881, #3882 );
#3071 = VERTEX_POINT( '', #3883 );
#3072 = LINE( '', #3884, #3885 );
#3073 = VERTEX_POINT( '', #3886 );
#3074 = LINE( '', #3887, #3888 );
#3075 = LINE( '', #3889, #3890 );
#3076 = VERTEX_POINT( '', #3891 );
#3077 = VERTEX_POINT( '', #3892 );
#3078 = LINE( '', #3893, #3894 );
#3079 = VERTEX_POINT( '', #3895 );
#3080 = LINE( '', #3896, #3897 );
#3081 = VERTEX_POINT( '', #3898 );
#3082 = LINE( '', #3899, #3900 );
#3083 = LINE( '', #3901, #3902 );
#3084 = VERTEX_POINT( '', #3903 );
#3085 = VERTEX_POINT( '', #3904 );
#3086 = LINE( '', #3905, #3906 );
#3087 = VERTEX_POINT( '', #3907 );
#3088 = LINE( '', #3908, #3909 );
#3089 = VERTEX_POINT( '', #3910 );
#3090 = LINE( '', #3911, #3912 );
#3091 = LINE( '', #3913, #3914 );
#3092 = VERTEX_POINT( '', #3915 );
#3093 = VERTEX_POINT( '', #3916 );
#3094 = LINE( '', #3917, #3918 );
#3095 = VERTEX_POINT( '', #3919 );
#3096 = LINE( '', #3920, #3921 );
#3097 = VERTEX_POINT( '', #3922 );
#3098 = LINE( '', #3923, #3924 );
#3099 = LINE( '', #3925, #3926 );
#3100 = VERTEX_POINT( '', #3927 );
#3101 = VERTEX_POINT( '', #3928 );
#3102 = B_SPLINE_CURVE_WITH_KNOTS( '', 1, ( #3929, #3930 ), .UNSPECIFIED., .F., .F., ( 2, 2 ), ( 0.000000000000000, 1.00000000000000 ), .UNSPECIFIED. );
#3103 = LINE( '', #3931, #3932 );
#3104 = B_SPLINE_CURVE_WITH_KNOTS( '', 1, ( #3933, #3934 ), .UNSPECIFIED., .F., .F., ( 2, 2 ), ( 0.000000000000000, 1.00000000000000 ), .UNSPECIFIED. );
#3105 = VERTEX_POINT( '', #3935 );
#3106 = LINE( '', #3936, #3937 );
#3107 = VERTEX_POINT( '', #3938 );
#3108 = B_SPLINE_CURVE_WITH_KNOTS( '', 3, ( #3939, #3940, #3941, #3942 ), .UNSPECIFIED., .F., .F., ( 4, 4 ), ( 0.000000000000000, 1.00000000000000 ), .UNSPECIFIED. );
#3109 = LINE( '', #3943, #3944 );
#3110 = VERTEX_POINT( '', #3945 );
#3111 = VERTEX_POINT( '', #3946 );
#3112 = CIRCLE( '', #3947, 0.00435000000000000 );
#3113 = VERTEX_POINT( '', #3948 );
#3114 = LINE( '', #3949, #3950 );
#3115 = VERTEX_POINT( '', #3951 );
#3116 = CIRCLE( '', #3952, 0.00435000000000000 );
#3117 = VERTEX_POINT( '', #3953 );
#3118 = LINE( '', #3954, #3955 );
#3119 = VERTEX_POINT( '', #3956 );
#3120 = CIRCLE( '', #3957, 0.00435000000000000 );
#3121 = VERTEX_POINT( '', #3958 );
#3122 = LINE( '', #3959, #3960 );
#3123 = VERTEX_POINT( '', #3961 );
#3124 = CIRCLE( '', #3962, 0.00435000000000000 );
#3125 = LINE( '', #3963, #3964 );
#3126 = VERTEX_POINT( '', #3965 );
#3127 = CIRCLE( '', #3966, 0.000400000000000000 );
#3128 = VERTEX_POINT( '', #3967 );
#3129 = VERTEX_POINT( '', #3968 );
#3130 = LINE( '', #3969, #3970 );
#3131 = VERTEX_POINT( '', #3971 );
#3132 = B_SPLINE_CURVE_WITH_KNOTS( '', 3, ( #3972, #3973, #3974, #3975 ), .UNSPECIFIED., .F., .F., ( 4, 4 ), ( 0.000000000000000, 1.00000000000000 ), .UNSPECIFIED. );
#3133 = VERTEX_POINT( '', #3976 );
#3134 = LINE( '', #3977, #3978 );
#3135 = B_SPLINE_CURVE_WITH_KNOTS( '', 3, ( #3979, #3980, #3981, #3982 ), .UNSPECIFIED., .F., .F., ( 4, 4 ), ( 0.000000000000000, 1.00000000000000 ), .UNSPECIFIED. );
#3136 = VERTEX_POINT( '', #3983 );
#3137 = VERTEX_POINT( '', #3984 );
#3138 = LINE( '', #3985, #3986 );
#3139 = B_SPLINE_CURVE_WITH_KNOTS( '', 3, ( #3987, #3988, #3989, #3990 ), .UNSPECIFIED., .F., .F., ( 4, 4 ), ( 0.000000000000000, 1.00000000000000 ), .UNSPECIFIED. );
#3140 = B_SPLINE_CURVE_WITH_KNOTS( '', 3, ( #3991, #3992, #3993, #3994 ), .UNSPECIFIED., .F., .F., ( 4, 4 ), ( 0.000000000000000, 1.00000000000000 ), .UNSPECIFIED. );
#3141 = VERTEX_POINT( '', #3995 );
#3142 = LINE( '', #3996, #3997 );
#3143 = VERTEX_POINT( '', #3998 );
#3144 = B_SPLINE_CURVE_WITH_KNOTS( '', 3, ( #3999, #4000, #4001, #4002 ), .UNSPECIFIED., .F., .F., ( 4, 4 ), ( 0.000000000000000, 1.00000000000000 ), .UNSPECIFIED. );
#3145 = LINE( '', #4003, #4004 );
#3146 = VERTEX_POINT( '', #4005 );
#3147 = LINE( '', #4006, #4007 );
#3148 = VERTEX_POINT( '', #4008 );
#3149 = B_SPLINE_CURVE_WITH_KNOTS( '', 3, ( #4009, #4010, #4011, #4012, #4013, #4014, #4015, #4016, #4017, #4018, #4019, #4020, #4021, #4022, #4023 ), .UNSPECIFIED., .F., .F., ( 4, 1, 1, 1, 1, 1, 1, 1, 1, 1, 1, 1, 4 ), ( 0.000000000000000, 0.107294221139300, 0.214588442278600, 0.321882663417900, 0.375529773987600, 0.429176884557300, 0.464853329272400, 0.500529773987600, 0.571882663417900, 0.643235552848300, 0.714588442278600, 0.857294221139300, 1.00000000000000 ), .UNSPECIFIED. );
#3150 = LINE( '', #4024, #4025 );
#3151 = VERTEX_POINT( '', #4026 );
#3152 = VERTEX_POINT( '', #4027 );
#3153 = CIRCLE( '', #4028, 0.00460000000000000 );
#3154 = VERTEX_POINT( '', #4029 );
#3155 = LINE( '', #4030, #4031 );
#3156 = VERTEX_POINT( '', #4032 );
#3157 = CIRCLE( '', #4033, 0.00435000000000000 );
#3158 = LINE( '', #4034, #4035 );
#3159 = VERTEX_POINT( '', #4036 );
#3160 = LINE( '', #4037, #4038 );
#3161 = VERTEX_POINT( '', #4039 );
#3162 = B_SPLINE_CURVE_WITH_KNOTS( '', 3, ( #4040, #4041, #4042, #4043 ), .UNSPECIFIED., .F., .F., ( 4, 4 ), ( 0.000000000000000, 1.00000000000000 ), .UNSPECIFIED. );
#3163 = LINE( '', #4044, #4045 );
#3164 = VERTEX_POINT( '', #4046 );
#3165 = B_SPLINE_CURVE_WITH_KNOTS( '', 3, ( #4047, #4048, #4049, #4050 ), .UNSPECIFIED., .F., .F., ( 4, 4 ), ( 0.000000000000000, 1.00000000000000 ), .UNSPECIFIED. );
#3166 = VERTEX_POINT( '', #4051 );
#3167 = LINE( '', #4052, #4053 );
#3168 = B_SPLINE_CURVE_WITH_KNOTS( '', 3, ( #4054, #4055, #4056, #4057 ), .UNSPECIFIED., .F., .F., ( 4, 4 ), ( 0.000000000000000, 1.00000000000000 ), .UNSPECIFIED. );
#3169 = VERTEX_POINT( '', #4058 );
#3170 = VERTEX_POINT( '', #4059 );
#3171 = B_SPLINE_CURVE_WITH_KNOTS( '', 3, ( #4060, #4061, #4062, #4063, #4064, #4065, #4066, #4067, #4068, #4069, #4070, #4071, #4072, #4073, #4074, #4075 ), .UNSPECIFIED., .F., .F., ( 4, 1, 1, 1, 1, 1, 1, 1, 1, 1, 1, 1, 1, 4 ), ( 0.000000000000000, 0.0769230769230800, 0.153846153846200, 0.230769230769200, 0.307692307692300, 0.384615384615400, 0.461538461538500, 0.538461538461500, 0.615384615384600, 0.692307692307700, 0.769230769230800, 0.846153846153800, 0.923076923076900, 1.00000000000000 ), .UNSPECIFIED. );
#3172 = VERTEX_POINT( '', #4076 );
#3173 = LINE( '', #4077, #4078 );
#3174 = VERTEX_POINT( '', #4079 );
#3175 = LINE( '', #4080, #4081 );
#3176 = VERTEX_POINT( '', #4082 );
#3177 = LINE( '', #4083, #4084 );
#3178 = VERTEX_POINT( '', #4085 );
#3179 = B_SPLINE_CURVE_WITH_KNOTS( '', 3, ( #4086, #4087, #4088, #4089, #4090, #4091, #4092, #4093, #4094, #4095, #4096, #4097, #4098, #4099, #4100, #4101 ), .UNSPECIFIED., .F., .F., ( 4, 1, 1, 1, 1, 1, 1, 1, 1, 1, 1, 1, 1, 4 ), ( 0.000000000000000, 0.0769230769230800, 0.153846153846200, 0.230769230769200, 0.307692307692300, 0.384615384615400, 0.461538461538500, 0.538461538461500, 0.615384615384600, 0.692307692307700, 0.769230769230800, 0.846153846153800, 0.923076923076900, 1.00000000000000 ), .UNSPECIFIED. );
#3180 = LINE( '', #4102, #4103 );
#3181 = VERTEX_POINT( '', #4104 );
#3182 = CIRCLE( '', #4105, 0.000500000000000000 );
#3183 = VERTEX_POINT( '', #4106 );
#3184 = CIRCLE( '', #4107, 0.00460000000000000 );
#3185 = VERTEX_POINT( '', #4108 );
#3186 = CIRCLE( '', #4109, 0.00455000000000000 );
#3187 = VERTEX_POINT( '', #4110 );
#3188 = LINE( '', #4111, #4112 );
#3189 = VERTEX_POINT( '', #4113 );
#3190 = CIRCLE( '', #4114, 0.000300000000000000 );
#3191 = LINE( '', #4115, #4116 );
#3192 = VERTEX_POINT( '', #4117 );
#3193 = CIRCLE( '', #4118, 0.000500000000000000 );
#3194 = VERTEX_POINT( '', #4119 );
#3195 = CIRCLE( '', #4120, 0.000500000000000000 );
#3196 = VERTEX_POINT( '', #4121 );
#3197 = B_SPLINE_CURVE_WITH_KNOTS( '', 3, ( #4122, #4123, #4124, #4125 ), .UNSPECIFIED., .F., .F., ( 4, 4 ), ( 0.000000000000000, 1.00000000000000 ), .UNSPECIFIED. );
#3198 = LINE( '', #4126, #4127 );
#3199 = VERTEX_POINT( '', #4128 );
#3200 = CIRCLE( '', #4129, 0.000500000000000000 );
#3201 = VERTEX_POINT( '', #4130 );
#3202 = CIRCLE( '', #4131, 0.000500000000000000 );
#3203 = VERTEX_POINT( '', #4132 );
#3204 = LINE( '', #4133, #4134 );
#3205 = VERTEX_POINT( '', #4135 );
#3206 = CIRCLE( '', #4136, 0.000300000000000000 );
#3207 = LINE( '', #4137, #4138 );
#3208 = VERTEX_POINT( '', #4139 );
#3209 = VERTEX_POINT( '', #4140 );
#3210 = B_SPLINE_CURVE_WITH_KNOTS( '', 3, ( #4141, #4142, #4143, #4144, #4145, #4146, #4147, #4148, #4149, #4150, #4151, #4152, #4153, #4154, #4155, #4156 ), .UNSPECIFIED., .F., .F., ( 4, 1, 1, 1, 1, 1, 1, 1, 1, 1, 1, 1, 1, 4 ), ( 0.000000000000000, 0.0769230769230800, 0.153846153846200, 0.230769230769200, 0.307692307692300, 0.384615384615400, 0.461538461538500, 0.538461538461500, 0.615384615384600, 0.692307692307700, 0.769230769230800, 0.846153846153800, 0.923076923076900, 1.00000000000000 ), .UNSPECIFIED. );
#3211 = VERTEX_POINT( '', #4157 );
#3212 = LINE( '', #4158, #4159 );
#3213 = VERTEX_POINT( '', #4160 );
#3214 = LINE( '', #4161, #4162 );
#3215 = VERTEX_POINT( '', #4163 );
#3216 = LINE( '', #4164, #4165 );
#3217 = VERTEX_POINT( '', #4166 );
#3218 = B_SPLINE_CURVE_WITH_KNOTS( '', 3, ( #4167, #4168, #4169, #4170, #4171, #4172, #4173, #4174, #4175, #4176, #4177, #4178, #4179, #4180, #4181, #4182 ), .UNSPECIFIED., .F., .F., ( 4, 1, 1, 1, 1, 1, 1, 1, 1, 1, 1, 1, 1, 4 ), ( 0.000000000000000, 0.0769230769230800, 0.153846153846200, 0.230769230769200, 0.307692307692300, 0.384615384615400, 0.461538461538500, 0.538461538461500, 0.615384615384600, 0.692307692307700, 0.769230769230800, 0.846153846153800, 0.923076923076900, 1.00000000000000 ), .UNSPECIFIED. );
#3219 = LINE( '', #4183, #4184 );
#3220 = VERTEX_POINT( '', #4185 );
#3221 = VERTEX_POINT( '', #4186 );
#3222 = LINE( '', #4187, #4188 );
#3223 = VERTEX_POINT( '', #4189 );
#3224 = LINE( '', #4190, #4191 );
#3225 = VERTEX_POINT( '', #4192 );
#3226 = LINE( '', #4193, #4194 );
#3227 = LINE( '', #4195, #4196 );
#3228 = VERTEX_POINT( '', #4197 );
#3229 = LINE( '', #4198, #4199 );
#3230 = VERTEX_POINT( '', #4200 );
#3231 = LINE( '', #4201, #4202 );
#3232 = LINE( '', #4203, #4204 );
#3233 = VERTEX_POINT( '', #4205 );
#3234 = LINE( '', #4206, #4207 );
#3235 = VERTEX_POINT( '', #4208 );
#3236 = LINE( '', #4209, #4210 );
#3237 = CIRCLE( '', #4211, 0.000300000000000000 );
#3238 = VERTEX_POINT( '', #4212 );
#3239 = VERTEX_POINT( '', #4213 );
#3240 = LINE( '', #4214, #4215 );
#3241 = VERTEX_POINT( '', #4216 );
#3242 = LINE( '', #4217, #4218 );
#3243 = VERTEX_POINT( '', #4219 );
#3244 = LINE( '', #4220, #4221 );
#3245 = LINE( '', #4222, #4223 );
#3246 = VERTEX_POINT( '', #4224 );
#3247 = B_SPLINE_CURVE_WITH_KNOTS( '', 3, ( #4225, #4226, #4227, #4228 ), .UNSPECIFIED., .F., .F., ( 4, 4 ), ( 0.000000000000000, 1.00000000000000 ), .UNSPECIFIED. );
#3248 = LINE( '', #4229, #4230 );
#3249 = VERTEX_POINT( '', #4231 );
#3250 = VERTEX_POINT( '', #4232 );
#3251 = LINE( '', #4233, #4234 );
#3252 = VERTEX_POINT( '', #4235 );
#3253 = B_SPLINE_CURVE_WITH_KNOTS( '', 3, ( #4236, #4237, #4238, #4239 ), .UNSPECIFIED., .F., .F., ( 4, 4 ), ( 0.000000000000000, 1.00000000000000 ), .UNSPECIFIED. );
#3254 = VERTEX_POINT( '', #4240 );
#3255 = LINE( '', #4241, #4242 );
#3256 = B_SPLINE_CURVE_WITH_KNOTS( '', 3, ( #4243, #4244, #4245, #4246 ), .UNSPECIFIED., .F., .F., ( 4, 4 ), ( 0.000000000000000, 1.00000000000000 ), .UNSPECIFIED. );
#3257 = VERTEX_POINT( '', #4247 );
#3258 = LINE( '', #4248, #4249 );
#3259 = VERTEX_POINT( '', #4250 );
#3260 = B_SPLINE_CURVE_WITH_KNOTS( '', 3, ( #4251, #4252, #4253, #4254 ), .UNSPECIFIED., .F., .F., ( 4, 4 ), ( 0.000000000000000, 1.00000000000000 ), .UNSPECIFIED. );
#3261 = LINE( '', #4255, #4256 );
#3262 = VERTEX_POINT( '', #4257 );
#3263 = CIRCLE( '', #4258, 0.000500000000000000 );
#3264 = VERTEX_POINT( '', #4259 );
#3265 = CIRCLE( '', #4260, 0.000500000000000000 );
#3266 = VERTEX_POINT( '', #4261 );
#3267 = LINE( '', #4262, #4263 );
#3268 = VERTEX_POINT( '', #4264 );
#3269 = LINE( '', #4265, #4266 );
#3270 = LINE( '', #4267, #4268 );
#3271 = VERTEX_POINT( '', #4269 );
#3272 = CIRCLE( '', #4270, 0.00455000000000000 );
#3273 = VERTEX_POINT( '', #4271 );
#3274 = VERTEX_POINT( '', #4272 );
#3275 = LINE( '', #4273, #4274 );
#3276 = LINE( '', #4275, #4276 );
#3277 = LINE( '', #4277, #4278 );
#3278 = VERTEX_POINT( '', #4279 );
#3279 = VERTEX_POINT( '', #4280 );
#3280 = LINE( '', #4281, #4282 );
#3281 = VERTEX_POINT( '', #4283 );
#3282 = B_SPLINE_CURVE_WITH_KNOTS( '', 3, ( #4284, #4285, #4286, #4287 ), .UNSPECIFIED., .F., .F., ( 4, 4 ), ( 0.000000000000000, 1.00000000000000 ), .UNSPECIFIED. );
#3283 = VERTEX_POINT( '', #4288 );
#3284 = LINE( '', #4289, #4290 );
#3285 = B_SPLINE_CURVE_WITH_KNOTS( '', 3, ( #4291, #4292, #4293, #4294 ), .UNSPECIFIED., .F., .F., ( 4, 4 ), ( 0.000000000000000, 1.00000000000000 ), .UNSPECIFIED. );
#3286 = VERTEX_POINT( '', #4295 );
#3287 = LINE( '', #4296, #4297 );
#3288 = VERTEX_POINT( '', #4298 );
#3289 = B_SPLINE_CURVE_WITH_KNOTS( '', 3, ( #4299, #4300, #4301, #4302 ), .UNSPECIFIED., .F., .F., ( 4, 4 ), ( 0.000000000000000, 1.00000000000000 ), .UNSPECIFIED. );
#3290 = LINE( '', #4303, #4304 );
#3291 = VERTEX_POINT( '', #4305 );
#3292 = VERTEX_POINT( '', #4306 );
#3293 = LINE( '', #4307, #4308 );
#3294 = VERTEX_POINT( '', #4309 );
#3295 = LINE( '', #4310, #4311 );
#3296 = VERTEX_POINT( '', #4312 );
#3297 = LINE( '', #4313, #4314 );
#3298 = LINE( '', #4315, #4316 );
#3299 = LINE( '', #4317, #4318 );
#3300 = LINE( '', #4319, #4320 );
#3301 = LINE( '', #4321, #4322 );
#3302 = LINE( '', #4323, #4324 );
#3303 = VERTEX_POINT( '', #4325 );
#3304 = CIRCLE( '', #4326, 0.00410000000000000 );
#3305 = VERTEX_POINT( '', #4327 );
#3306 = CIRCLE( '', #4328, 0.00220000000000000 );
#3307 = VERTEX_POINT( '', #4329 );
#3308 = CIRCLE( '', #4330, 0.000500000000000000 );
#3309 = VERTEX_POINT( '', #4331 );
#3310 = CIRCLE( '', #4332, 0.000500000000000000 );
#3311 = VERTEX_POINT( '', #4333 );
#3312 = CIRCLE( '', #4334, 0.000500000000000000 );
#3313 = VERTEX_POINT( '', #4335 );
#3314 = CIRCLE( '', #4336, 0.000500000000000000 );
#3315 = VERTEX_POINT( '', #4337 );
#3316 = CIRCLE( '', #4338, 0.00460000000000000 );
#3317 = VERTEX_POINT( '', #4339 );
#3318 = VERTEX_POINT( '', #4340 );
#3319 = LINE( '', #4341, #4342 );
#3320 = VERTEX_POINT( '', #4343 );
#3321 = LINE( '', #4344, #4345 );
#3322 = VERTEX_POINT( '', #4346 );
#3323 = LINE( '', #4347, #4348 );
#3324 = CIRCLE( '', #4349, 0.00460000000000000 );
#3325 = VERTEX_POINT( '', #4350 );
#3326 = B_SPLINE_CURVE_WITH_KNOTS( '', 3, ( #4351, #4352, #4353, #4354, #4355, #4356 ), .UNSPECIFIED., .F., .F., ( 4, 1, 1, 4 ), ( 0.000000000000000, 0.333333333333300, 0.666666666666700, 1.00000000000000 ), .UNSPECIFIED. );
#3327 = B_SPLINE_CURVE_WITH_KNOTS( '', 3, ( #4357, #4358, #4359, #4360 ), .UNSPECIFIED., .F., .F., ( 4, 4 ), ( 0.000000000000000, 1.00000000000000 ), .UNSPECIFIED. );
#3328 = VERTEX_POINT( '', #4361 );
#3329 = B_SPLINE_CURVE_WITH_KNOTS( '', 3, ( #4362, #4363, #4364, #4365 ), .UNSPECIFIED., .F., .F., ( 4, 4 ), ( 0.000000000000000, 1.00000000000000 ), .UNSPECIFIED. );
#3330 = VERTEX_POINT( '', #4366 );
#3331 = LINE( '', #4367, #4368 );
#3332 = B_SPLINE_CURVE_WITH_KNOTS( '', 3, ( #4369, #4370, #4371, #4372 ), .UNSPECIFIED., .F., .F., ( 4, 4 ), ( 0.000000000000000, 1.00000000000000 ), .UNSPECIFIED. );
#3333 = VERTEX_POINT( '', #4373 );
#3334 = CIRCLE( '', #4374, 0.000400000000000000 );
#3335 = VERTEX_POINT( '', #4375 );
#3336 = LINE( '', #4376, #4377 );
#3337 = VERTEX_POINT( '', #4378 );
#3338 = B_SPLINE_CURVE_WITH_KNOTS( '', 3, ( #4379, #4380, #4381, #4382 ), .UNSPECIFIED., .F., .F., ( 4, 4 ), ( 0.000000000000000, 1.00000000000000 ), .UNSPECIFIED. );
#3339 = LINE( '', #4383, #4384 );
#3340 = VERTEX_POINT( '', #4385 );
#3341 = VERTEX_POINT( '', #4386 );
#3342 = LINE( '', #4387, #4388 );
#3343 = VERTEX_POINT( '', #4389 );
#3344 = B_SPLINE_CURVE_WITH_KNOTS( '', 3, ( #4390, #4391, #4392, #4393 ), .UNSPECIFIED., .F., .F., ( 4, 4 ), ( 0.000000000000000, 1.00000000000000 ), .UNSPECIFIED. );
#3345 = VERTEX_POINT( '', #4394 );
#3346 = LINE( '', #4395, #4396 );
#3347 = B_SPLINE_CURVE_WITH_KNOTS( '', 3, ( #4397, #4398, #4399, #4400 ), .UNSPECIFIED., .F., .F., ( 4, 4 ), ( 0.000000000000000, 1.00000000000000 ), .UNSPECIFIED. );
#3348 = VERTEX_POINT( '', #4401 );
#3349 = LINE( '', #4402, #4403 );
#3350 = VERTEX_POINT( '', #4404 );
#3351 = B_SPLINE_CURVE_WITH_KNOTS( '', 3, ( #4405, #4406, #4407, #4408, #4409, #4410, #4411, #4412, #4413, #4414, #4415, #4416, #4417, #4418, #4419, #4420, #4421, #4422, #4423, #4424, #4425, #4426, #4427, #4428, #4429, #4430, #4431, #4432, #4433, #4434, #4435 ), .UNSPECIFIED., .F., .F., ( 4, 1, 1, 1, 1, 1, 1, 1, 1, 1, 1, 1, 1, 1, 1, 1, 1, 1, 1, 1, 1, 1, 1, 1, 1, 1, 1, 1, 4 ), ( 0.000000000000000, 0.0724336648813300, 0.108650497322000, 0.144867329762700, 0.181084162203300, 0.217300994644000, 0.235409410864300, 0.253517827084700, 0.271626243305000, 0.289734659525300, 0.300659782376300, 0.311584905227300, 0.333435150929300, 0.355285396631300, 0.377135642333300, 0.420836133737200, 0.464536625141200, 0.508237116545200, 0.551937607949200, 0.595638099353100, 0.617488345055100, 0.639338590757100, 0.661879928834800, 0.684421266912500, 0.729503943067800, 0.774586619223200, 0.819669295378600, 0.909834647689300, 1.00000000000000 ), .UNSPECIFIED. );
#3352 = LINE( '', #4436, #4437 );
#3353 = VERTEX_POINT( '', #4438 );
#3354 = CIRCLE( '', #4439, 0.000300000000000000 );
#3355 = LINE( '', #4440, #4441 );
#3356 = VERTEX_POINT( '', #4442 );
#3357 = B_SPLINE_CURVE_WITH_KNOTS( '', 3, ( #4443, #4444, #4445, #4446 ), .UNSPECIFIED., .F., .F., ( 4, 4 ), ( 0.000000000000000, 1.00000000000000 ), .UNSPECIFIED. );
#3358 = LINE( '', #4447, #4448 );
#3359 = VERTEX_POINT( '', #4449 );
#3360 = LINE( '', #4450, #4451 );
#3361 = VERTEX_POINT( '', #4452 );
#3362 = CIRCLE( '', #4453, 0.000300000000000000 );
#3363 = LINE( '', #4454, #4455 );
#3364 = VERTEX_POINT( '', #4456 );
#3365 = LINE( '', #4457, #4458 );
#3366 = VERTEX_POINT( '', #4459 );
#3367 = CIRCLE( '', #4460, 0.000300000000000000 );
#3368 = LINE( '', #4461, #4462 );
#3369 = VERTEX_POINT( '', #4463 );
#3370 = LINE( '', #4464, #4465 );
#3371 = VERTEX_POINT( '', #4466 );
#3372 = CIRCLE( '', #4467, 0.000300000000000000 );
#3373 = LINE( '', #4468, #4469 );
#3374 = VERTEX_POINT( '', #4470 );
#3375 = LINE( '', #4471, #4472 );
#3376 = LINE( '', #4473, #4474 );
#3377 = VERTEX_POINT( '', #4475 );
#3378 = LINE( '', #4476, #4477 );
#3379 = CIRCLE( '', #4478, 0.000300000000000000 );
#3380 = VERTEX_POINT( '', #4479 );
#3381 = LINE( '', #4480, #4481 );
#3382 = VERTEX_POINT( '', #4482 );
#3383 = LINE( '', #4483, #4484 );
#3384 = CIRCLE( '', #4485, 0.000300000000000000 );
#3385 = VERTEX_POINT( '', #4486 );
#3386 = CIRCLE( '', #4487, 0.00210000000000000 );
#3387 = VERTEX_POINT( '', #4488 );
#3388 = CIRCLE( '', #4489, 0.00180000000000000 );
#3389 = B_SPLINE_CURVE_WITH_KNOTS( '', 3, ( #4490, #4491, #4492, #4493, #4494, #4495, #4496, #4497, #4498, #4499, #4500, #4501, #4502, #4503, #4504, #4505, #4506 ), .UNSPECIFIED., .F., .F., ( 4, 1, 1, 1, 1, 1, 1, 1, 1, 1, 1, 1, 1, 1, 4 ), ( 0.000000000000000, 0.0714285714285700, 0.142857142857100, 0.214285714285700, 0.285714285714300, 0.357142857142900, 0.428571428571400, 0.500000000000000, 0.571428571428600, 0.642857142857100, 0.714285714285700, 0.785714285714300, 0.857142857142900, 0.928571428571400, 1.00000000000000 ), .UNSPECIFIED. );
#3390 = CIRCLE( '', #4507, 0.00210000000000000 );
#3391 = CIRCLE( '', #4508, 0.00210000000000000 );
#3392 = VERTEX_POINT( '', #4509 );
#3393 = CIRCLE( '', #4510, 0.00455000000000000 );
#3394 = VERTEX_POINT( '', #4511 );
#3395 = LINE( '', #4512, #4513 );
#3396 = CIRCLE( '', #4514, 0.00435000000000000 );
#3397 = VERTEX_POINT( '', #4515 );
#3398 = LINE( '', #4516, #4517 );
#3399 = VERTEX_POINT( '', #4518 );
#3400 = LINE( '', #4519, #4520 );
#3401 = LINE( '', #4521, #4522 );
#3402 = VERTEX_POINT( '', #4523 );
#3403 = VERTEX_POINT( '', #4524 );
#3404 = LINE( '', #4525, #4526 );
#3405 = VERTEX_POINT( '', #4527 );
#3406 = LINE( '', #4528, #4529 );
#3407 = VERTEX_POINT( '', #4530 );
#3408 = LINE( '', #4531, #4532 );
#3409 = LINE( '', #4533, #4534 );
#3410 = VERTEX_POINT( '', #4535 );
#3411 = B_SPLINE_CURVE_WITH_KNOTS( '', 3, ( #4536, #4537, #4538, #4539 ), .UNSPECIFIED., .F., .F., ( 4, 4 ), ( 0.000000000000000, 1.00000000000000 ), .UNSPECIFIED. );
#3412 = LINE( '', #4540, #4541 );
#3413 = VERTEX_POINT( '', #4542 );
#3414 = LINE( '', #4543, #4544 );
#3415 = VERTEX_POINT( '', #4545 );
#3416 = B_SPLINE_CURVE_WITH_KNOTS( '', 3, ( #4546, #4547, #4548, #4549 ), .UNSPECIFIED., .F., .F., ( 4, 4 ), ( 0.000000000000000, 1.00000000000000 ), .UNSPECIFIED. );
#3417 = LINE( '', #4550, #4551 );
#3418 = B_SPLINE_CURVE_WITH_KNOTS( '', 3, ( #4552, #4553, #4554, #4555 ), .UNSPECIFIED., .F., .F., ( 4, 4 ), ( 0.000000000000000, 1.00000000000000 ), .UNSPECIFIED. );
#3419 = B_SPLINE_CURVE_WITH_KNOTS( '', 3, ( #4556, #4557, #4558, #4559 ), .UNSPECIFIED., .F., .F., ( 4, 4 ), ( 0.000000000000000, 1.00000000000000 ), .UNSPECIFIED. );
#3420 = VERTEX_POINT( '', #4560 );
#3421 = LINE( '', #4561, #4562 );
#3422 = VERTEX_POINT( '', #4563 );
#3423 = B_SPLINE_CURVE_WITH_KNOTS( '', 3, ( #4564, #4565, #4566, #4567 ), .UNSPECIFIED., .F., .F., ( 4, 4 ), ( 0.000000000000000, 1.00000000000000 ), .UNSPECIFIED. );
#3424 = B_SPLINE_CURVE_WITH_KNOTS( '', 3, ( #4568, #4569, #4570, #4571, #4572, #4573 ), .UNSPECIFIED., .F., .F., ( 4, 1, 1, 4 ), ( 0.000000000000000, 0.333333333333300, 0.666666666666700, 1.00000000000000 ), .UNSPECIFIED. );
#3425 = LINE( '', #4574, #4575 );
#3426 = VERTEX_POINT( '', #4576 );
#3427 = CIRCLE( '', #4577, 0.000300000000000000 );
#3428 = VERTEX_POINT( '', #4578 );
#3429 = LINE( '', #4579, #4580 );
#3430 = CIRCLE( '', #4581, 0.000300000000000000 );
#3431 = VERTEX_POINT( '', #4582 );
#3432 = CIRCLE( '', #4583, 0.00220000000000000 );
#3433 = VERTEX_POINT( '', #4584 );
#3434 = LINE( '', #4585, #4586 );
#3435 = CIRCLE( '', #4587, 0.00455000000000000 );
#3436 = VERTEX_POINT( '', #4588 );
#3437 = CIRCLE( '', #4589, 0.000200000000000000 );
#3438 = VERTEX_POINT( '', #4590 );
#3439 = LINE( '', #4591, #4592 );
#3440 = CIRCLE( '', #4593, 0.000200000000000000 );
#3441 = VERTEX_POINT( '', #4594 );
#3442 = LINE( '', #4595, #4596 );
#3443 = B_SPLINE_CURVE_WITH_KNOTS( '', 1, ( #4597, #4598 ), .UNSPECIFIED., .F., .F., ( 2, 2 ), ( 0.000000000000000, 1.00000000000000 ), .UNSPECIFIED. );
#3444 = VERTEX_POINT( '', #4599 );
#3445 = B_SPLINE_CURVE_WITH_KNOTS( '', 3, ( #4600, #4601, #4602, #4603 ), .UNSPECIFIED., .F., .F., ( 4, 4 ), ( 0.000000000000000, 1.00000000000000 ), .UNSPECIFIED. );
#3446 = LINE( '', #4604, #4605 );
#3447 = VERTEX_POINT( '', #4606 );
#3448 = LINE( '', #4607, #4608 );
#3449 = VERTEX_POINT( '', #4609 );
#3450 = LINE( '', #4610, #4611 );
#3451 = LINE( '', #4612, #4613 );
#3452 = VERTEX_POINT( '', #4614 );
#3453 = LINE( '', #4615, #4616 );
#3454 = VERTEX_POINT( '', #4617 );
#3455 = LINE( '', #4618, #4619 );
#3456 = LINE( '', #4620, #4621 );
#3457 = LINE( '', #4622, #4623 );
#3458 = LINE( '', #4624, #4625 );
#3459 = VERTEX_POINT( '', #4626 );
#3460 = B_SPLINE_CURVE_WITH_KNOTS( '', 3, ( #4627, #4628, #4629, #4630 ), .UNSPECIFIED., .F., .F., ( 4, 4 ), ( 0.000000000000000, 1.00000000000000 ), .UNSPECIFIED. );
#3461 = VERTEX_POINT( '', #4631 );
#3462 = LINE( '', #4632, #4633 );
#3463 = B_SPLINE_CURVE_WITH_KNOTS( '', 3, ( #4634, #4635, #4636, #4637 ), .UNSPECIFIED., .F., .F., ( 4, 4 ), ( 0.000000000000000, 1.00000000000000 ), .UNSPECIFIED. );
#3464 = VERTEX_POINT( '', #4638 );
#3465 = CIRCLE( '', #4639, 0.000300000000000000 );
#3466 = LINE( '', #4640, #4641 );
#3467 = B_SPLINE_CURVE_WITH_KNOTS( '', 3, ( #4642, #4643, #4644, #4645 ), .UNSPECIFIED., .F., .F., ( 4, 4 ), ( 0.000000000000000, 1.00000000000000 ), .UNSPECIFIED. );
#3468 = VERTEX_POINT( '', #4646 );
#3469 = VERTEX_POINT( '', #4647 );
#3470 = LINE( '', #4648, #4649 );
#3471 = LINE( '', #4650, #4651 );
#3472 = LINE( '', #4652, #4653 );
#3473 = VERTEX_POINT( '', #4654 );
#3474 = LINE( '', #4655, #4656 );
#3475 = VERTEX_POINT( '', #4657 );
#3476 = CIRCLE( '', #4658, 0.00435000000000000 );
#3477 = LINE( '', #4659, #4660 );
#3478 = CIRCLE( '', #4661, 0.00435000000000000 );
#3479 = VERTEX_POINT( '', #4662 );
#3480 = LINE( '', #4663, #4664 );
#3481 = LINE( '', #4665, #4666 );
#3482 = VERTEX_POINT( '', #4667 );
#3483 = VERTEX_POINT( '', #4668 );
#3484 = LINE( '', #4669, #4670 );
#3485 = CIRCLE( '', #4671, 0.000100000000000000 );
#3486 = CIRCLE( '', #4672, 0.000100000000000000 );
#3487 = B_SPLINE_CURVE_WITH_KNOTS( '', 3, ( #4673, #4674, #4675, #4676 ), .UNSPECIFIED., .F., .F., ( 4, 4 ), ( 0.000000000000000, 1.00000000000000 ), .UNSPECIFIED. );
#3488 = B_SPLINE_CURVE_WITH_KNOTS( '', 3, ( #4677, #4678, #4679, #4680 ), .UNSPECIFIED., .F., .F., ( 4, 4 ), ( 0.000000000000000, 1.00000000000000 ), .UNSPECIFIED. );
#3489 = VERTEX_POINT( '', #4681 );
#3490 = B_SPLINE_CURVE_WITH_KNOTS( '', 3, ( #4682, #4683, #4684, #4685 ), .UNSPECIFIED., .F., .F., ( 4, 4 ), ( 0.000000000000000, 1.00000000000000 ), .UNSPECIFIED. );
#3491 = VERTEX_POINT( '', #4686 );
#3492 = B_SPLINE_CURVE_WITH_KNOTS( '', 3, ( #4687, #4688, #4689, #4690, #4691, #4692, #4693, #4694, #4695, #4696, #4697 ), .UNSPECIFIED., .F., .F., ( 4, 1, 1, 1, 1, 1, 1, 1, 4 ), ( 0.000000000000000, 0.274540296258200, 0.411810444387300, 0.480445518451900, 0.549080592516400, 0.605445518451900, 0.661810444387300, 0.774540296258200, 1.00000000000000 ), .UNSPECIFIED. );
#3493 = B_SPLINE_CURVE_WITH_KNOTS( '', 3, ( #4698, #4699, #4700, #4701 ), .UNSPECIFIED., .F., .F., ( 4, 4 ), ( 0.000000000000000, 1.00000000000000 ), .UNSPECIFIED. );
#3494 = B_SPLINE_CURVE_WITH_KNOTS( '', 3, ( #4702, #4703, #4704, #4705 ), .UNSPECIFIED., .F., .F., ( 4, 4 ), ( 0.000000000000000, 1.00000000000000 ), .UNSPECIFIED. );
#3495 = VERTEX_POINT( '', #4706 );
#3496 = B_SPLINE_CURVE_WITH_KNOTS( '', 3, ( #4707, #4708, #4709, #4710 ), .UNSPECIFIED., .F., .F., ( 4, 4 ), ( 0.000000000000000, 1.00000000000000 ), .UNSPECIFIED. );
#3497 = B_SPLINE_CURVE_WITH_KNOTS( '', 3, ( #4711, #4712, #4713, #4714 ), .UNSPECIFIED., .F., .F., ( 4, 4 ), ( 0.000000000000000, 1.00000000000000 ), .UNSPECIFIED. );
#3498 = VERTEX_POINT( '', #4715 );
#3499 = B_SPLINE_CURVE_WITH_KNOTS( '', 3, ( #4716, #4717, #4718, #4719 ), .UNSPECIFIED., .F., .F., ( 4, 4 ), ( 0.000000000000000, 1.00000000000000 ), .UNSPECIFIED. );
#3500 = B_SPLINE_CURVE_WITH_KNOTS( '', 3, ( #4720, #4721, #4722, #4723 ), .UNSPECIFIED., .F., .F., ( 4, 4 ), ( 0.000000000000000, 1.00000000000000 ), .UNSPECIFIED. );
#3501 = B_SPLINE_CURVE_WITH_KNOTS( '', 3, ( #4724, #4725, #4726, #4727 ), .UNSPECIFIED., .F., .F., ( 4, 4 ), ( 0.000000000000000, 1.00000000000000 ), .UNSPECIFIED. );
#3502 = B_SPLINE_CURVE_WITH_KNOTS( '', 3, ( #4728, #4729, #4730, #4731 ), .UNSPECIFIED., .F., .F., ( 4, 4 ), ( 0.000000000000000, 1.00000000000000 ), .UNSPECIFIED. );
#3503 = B_SPLINE_CURVE_WITH_KNOTS( '', 3, ( #4732, #4733, #4734, #4735 ), .UNSPECIFIED., .F., .F., ( 4, 4 ), ( 0.000000000000000, 1.00000000000000 ), .UNSPECIFIED. );
#3504 = LINE( '', #4736, #4737 );
#3505 = LINE( '', #4738, #4739 );
#3506 = VERTEX_POINT( '', #4740 );
#3507 = CIRCLE( '', #4741, 0.000300000000000000 );
#3508 = LINE( '', #4742, #4743 );
#3509 = VERTEX_POINT( '', #4744 );
#3510 = CIRCLE( '', #4745, 0.00180000000000000 );
#3511 = VERTEX_POINT( '', #4746 );
#3512 = CIRCLE( '', #4747, 0.00210000000000000 );
#3513 = B_SPLINE_CURVE_WITH_KNOTS( '', 3, ( #4748, #4749, #4750, #4751, #4752, #4753, #4754, #4755, #4756, #4757, #4758, #4759, #4760, #4761, #4762, #4763, #4764 ), .UNSPECIFIED., .F., .F., ( 4, 1, 1, 1, 1, 1, 1, 1, 1, 1, 1, 1, 1, 1, 4 ), ( 0.000000000000000, 0.0714285714285700, 0.142857142857100, 0.214285714285700, 0.285714285714300, 0.357142857142900, 0.428571428571400, 0.500000000000000, 0.571428571428600, 0.642857142857100, 0.714285714285700, 0.785714285714300, 0.857142857142900, 0.928571428571400, 1.00000000000000 ), .UNSPECIFIED. );
#3514 = LINE( '', #4765, #4766 );
#3515 = LINE( '', #4767, #4768 );
#3516 = VERTEX_POINT( '', #4769 );
#3517 = CIRCLE( '', #4770, 0.000500000000000000 );
#3518 = B_SPLINE_CURVE_WITH_KNOTS( '', 3, ( #4771, #4772, #4773, #4774 ), .UNSPECIFIED., .F., .F., ( 4, 4 ), ( 0.000000000000000, 1.00000000000000 ), .UNSPECIFIED. );
#3519 = VERTEX_POINT( '', #4775 );
#3520 = LINE( '', #4776, #4777 );
#3521 = LINE( '', #4778, #4779 );
#3522 = LINE( '', #4780, #4781 );
#3523 = LINE( '', #4782, #4783 );
#3524 = LINE( '', #4784, #4785 );
#3525 = B_SPLINE_CURVE_WITH_KNOTS( '', 3, ( #4786, #4787, #4788, #4789 ), .UNSPECIFIED., .F., .F., ( 4, 4 ), ( 0.000000000000000, 1.00000000000000 ), .UNSPECIFIED. );
#3526 = VERTEX_POINT( '', #4790 );
#3527 = B_SPLINE_CURVE_WITH_KNOTS( '', 3, ( #4791, #4792, #4793, #4794 ), .UNSPECIFIED., .F., .F., ( 4, 4 ), ( 0.000000000000000, 1.00000000000000 ), .UNSPECIFIED. );
#3528 = B_SPLINE_CURVE_WITH_KNOTS( '', 3, ( #4795, #4796, #4797, #4798 ), .UNSPECIFIED., .F., .F., ( 4, 4 ), ( 0.000000000000000, 1.00000000000000 ), .UNSPECIFIED. );
#3529 = VERTEX_POINT( '', #4799 );
#3530 = B_SPLINE_CURVE_WITH_KNOTS( '', 3, ( #4800, #4801, #4802, #4803 ), .UNSPECIFIED., .F., .F., ( 4, 4 ), ( 0.000000000000000, 1.00000000000000 ), .UNSPECIFIED. );
#3531 = B_SPLINE_CURVE_WITH_KNOTS( '', 3, ( #4804, #4805, #4806, #4807 ), .UNSPECIFIED., .F., .F., ( 4, 4 ), ( 0.000000000000000, 1.00000000000000 ), .UNSPECIFIED. );
#3532 = LINE( '', #4808, #4809 );
#3533 = VERTEX_POINT( '', #4810 );
#3534 = VERTEX_POINT( '', #4811 );
#3535 = CIRCLE( '', #4812, 0.000100000000000000 );
#3536 = LINE( '', #4813, #4814 );
#3537 = LINE( '', #4815, #4816 );
#3538 = VERTEX_POINT( '', #4817 );
#3539 = CIRCLE( '', #4818, 0.00460000000000000 );
#3540 = LINE( '', #4819, #4820 );
#3541 = CIRCLE( '', #4821, 0.00460000000000000 );
#3542 = VERTEX_POINT( '', #4822 );
#3543 = CIRCLE( '', #4823, 0.00460000000000000 );
#3544 = VERTEX_POINT( '', #4824 );
#3545 = LINE( '', #4825, #4826 );
#3546 = CIRCLE( '', #4827, 0.00460000000000000 );
#3547 = B_SPLINE_CURVE_WITH_KNOTS( '', 3, ( #4828, #4829, #4830, #4831, #4832, #4833 ), .UNSPECIFIED., .F., .F., ( 4, 1, 1, 4 ), ( 0.000000000000000, 0.333333333333300, 0.666666666666700, 1.00000000000000 ), .UNSPECIFIED. );
#3548 = B_SPLINE_CURVE_WITH_KNOTS( '', 3, ( #4834, #4835, #4836, #4837 ), .UNSPECIFIED., .F., .F., ( 4, 4 ), ( 0.000000000000000, 1.00000000000000 ), .UNSPECIFIED. );
#3549 = LINE( '', #4838, #4839 );
#3550 = CIRCLE( '', #4840, 0.000300000000000000 );
#3551 = VERTEX_POINT( '', #4841 );
#3552 = LINE( '', #4842, #4843 );
#3553 = VERTEX_POINT( '', #4844 );
#3554 = LINE( '', #4845, #4846 );
#3555 = CIRCLE( '', #4847, 0.000100000000000000 );
#3556 = LINE( '', #4848, #4849 );
#3557 = VERTEX_POINT( '', #4850 );
#3558 = LINE( '', #4851, #4852 );
#3559 = LINE( '', #4853, #4854 );
#3560 = VERTEX_POINT( '', #4855 );
#3561 = CIRCLE( '', #4856, 0.000300000000000000 );
#3562 = LINE( '', #4857, #4858 );
#3563 = CIRCLE( '', #4859, 0.00210000000000000 );
#3564 = CIRCLE( '', #4860, 0.00180000000000000 );
#3565 = LINE( '', #4861, #4862 );
#3566 = VERTEX_POINT( '', #4863 );
#3567 = VERTEX_POINT( '', #4864 );
#3568 = LINE( '', #4865, #4866 );
#3569 = CIRCLE( '', #4867, 0.00210000000000000 );
#3570 = LINE( '', #4868, #4869 );
#3571 = LINE( '', #4870, #4871 );
#3572 = VERTEX_POINT( '', #4872 );
#3573 = CIRCLE( '', #4873, 0.000500000000000000 );
#3574 = VERTEX_POINT( '', #4874 );
#3575 = CIRCLE( '', #4875, 0.000500000000000000 );
#3576 = LINE( '', #4876, #4877 );
#3577 = LINE( '', #4878, #4879 );
#3578 = LINE( '', #4880, #4881 );
#3579 = LINE( '', #4882, #4883 );
#3580 = LINE( '', #4884, #4885 );
#3581 = VERTEX_POINT( '', #4886 );
#3582 = LINE( '', #4887, #4888 );
#3583 = LINE( '', #4889, #4890 );
#3584 = CIRCLE( '', #4891, 0.00455000000000000 );
#3585 = LINE( '', #4892, #4893 );
#3586 = LINE( '', #4894, #4895 );
#3587 = VERTEX_POINT( '', #4896 );
#3588 = CIRCLE( '', #4897, 0.000400000000000000 );
#3589 = VERTEX_POINT( '', #4898 );
#3590 = LINE( '', #4899, #4900 );
#3591 = LINE( '', #4901, #4902 );
#3592 = LINE( '', #4903, #4904 );
#3593 = LINE( '', #4905, #4906 );
#3594 = CIRCLE( '', #4907, 0.00455000000000000 );
#3595 = B_SPLINE_CURVE_WITH_KNOTS( '', 3, ( #4908, #4909, #4910, #4911 ), .UNSPECIFIED., .F., .F., ( 4, 4 ), ( 0.000000000000000, 1.00000000000000 ), .UNSPECIFIED. );
#3596 = B_SPLINE_CURVE_WITH_KNOTS( '', 3, ( #4912, #4913, #4914, #4915 ), .UNSPECIFIED., .F., .F., ( 4, 4 ), ( 0.000000000000000, 1.00000000000000 ), .UNSPECIFIED. );
#3597 = CIRCLE( '', #4916, 0.000300000000000000 );
#3598 = CARTESIAN_POINT( '', ( -0.000380000000000004, -0.00646999999999952, -0.00458427747851332 ) );
#3599 = CARTESIAN_POINT( '', ( 0.000380000000000004, -0.00646999999999952, -0.00458427747851332 ) );
#3600 = AXIS2_PLACEMENT_3D( '', #4917, #4918, #4919 );
#3601 = CARTESIAN_POINT( '', ( -0.000380000000000004, -0.00646999999999952, -0.00521427747851334 ) );
#3602 = CARTESIAN_POINT( '', ( -0.000380000000254004, -0.00647000000025352, -0.00458427747876732 ) );
#3603 = VECTOR( '', #4920, 1.00000000000000 );
#3604 = CARTESIAN_POINT( '', ( 0.000380000000000004, -0.00646999999999952, -0.00521427747851334 ) );
#3605 = CARTESIAN_POINT( '', ( -0.000380000000254004, -0.00647000000025352, -0.00521427747876734 ) );
#3606 = VECTOR( '', #4921, 1.00000000000000 );
#3607 = CARTESIAN_POINT( '', ( 0.000380000000254004, -0.00647000000025352, -0.00521427747876734 ) );
#3608 = VECTOR( '', #4922, 1.00000000000000 );
#3609 = CARTESIAN_POINT( '', ( -0.00306410161513834, -0.00647000000025352, -0.00200000000025387 ) );
#3610 = AXIS2_PLACEMENT_3D( '', #4923, #4924, #4925 );
#3611 = CARTESIAN_POINT( '', ( 0.000400000000253924, -0.00647000000025352, 0.00400000000025324 ) );
#3612 = AXIS2_PLACEMENT_3D( '', #4926, #4927, #4928 );
#3613 = CARTESIAN_POINT( '', ( 0.00386410161564618, -0.00647000000025352, -0.00200000000025387 ) );
#3614 = AXIS2_PLACEMENT_3D( '', #4929, #4930, #4931 );
#3615 = CARTESIAN_POINT( '', ( 0.000823458761875220, -0.00646999999999952, -0.000319942490135330 ) );
#3616 = CARTESIAN_POINT( '', ( 0.000870679507646392, -0.00646999999999952, -0.000506362451435632 ) );
#3617 = CARTESIAN_POINT( '', ( 0.000823458762129220, -0.00647000000025352, -0.000319942490389330 ) );
#3618 = CARTESIAN_POINT( '', ( 0.000809488810446370, -0.00647000000025352, -0.000385597414827504 ) );
#3619 = CARTESIAN_POINT( '', ( 0.000783781020572492, -0.00647000000025352, -0.000506362451689632 ) );
#3620 = CARTESIAN_POINT( '', ( 0.000870679507900392, -0.00647000000025352, -0.000506362451689632 ) );
#3621 = CARTESIAN_POINT( '', ( 0.00109273631538838, -0.00646999999999952, 0.000000000000000 ) );
#3622 = CARTESIAN_POINT( '', ( 0.000870679507900392, -0.00647000000025352, -0.000506362451689632 ) );
#3623 = CARTESIAN_POINT( '', ( 0.000980861248033042, -0.00647000000025352, -0.000506362451689632 ) );
#3624 = CARTESIAN_POINT( '', ( 0.00100129663189981, -0.00647000000025352, -0.000430124230521980 ) );
#3625 = CARTESIAN_POINT( '', ( 0.00109273631564238, -0.00647000000025352, 0.000000000000000 ) );
#3626 = CARTESIAN_POINT( '', ( 0.00108596300548163, -0.00646999999999952, 0.000506362833786658 ) );
#3627 = CARTESIAN_POINT( '', ( 0.00109273631564238, -0.00647000000025352, 0.000000000000000 ) );
#3628 = CARTESIAN_POINT( '', ( 0.00118683144474638, -0.00647000000025352, 0.000442824568948532 ) );
#3629 = CARTESIAN_POINT( '', ( 0.00118975628311514, -0.00647000000025352, 0.000506362834040658 ) );
#3630 = CARTESIAN_POINT( '', ( 0.00108596300573563, -0.00647000000025352, 0.000506362834040658 ) );
#3631 = CARTESIAN_POINT( '', ( 0.000936103523792256, -0.00646999999999952, 0.000250016144641184 ) );
#3632 = CARTESIAN_POINT( '', ( 0.00108596300573563, -0.00647000000025352, 0.000506362834040658 ) );
#3633 = CARTESIAN_POINT( '', ( 0.00101815293723615, -0.00647000000025352, 0.000506362834040658 ) );
#3634 = CARTESIAN_POINT( '', ( 0.000976166112756580, -0.00647000000025352, 0.000438591250256690 ) );
#3635 = CARTESIAN_POINT( '', ( 0.000936103524046256, -0.00647000000025352, 0.000250016144895184 ) );
#3636 = CARTESIAN_POINT( '', ( 0.000911357851802876, -0.00646999999999952, 0.000133484426470796 ) );
#3637 = CARTESIAN_POINT( '', ( 0.000936103524046256, -0.00647000000025352, 0.000250016144895184 ) );
#3638 = CARTESIAN_POINT( '', ( 0.000927854966716378, -0.00647000000025352, 0.000211172238838396 ) );
#3639 = CARTESIAN_POINT( '', ( 0.000919606409386754, -0.00647000000025352, 0.000172328332781583 ) );
#3640 = CARTESIAN_POINT( '', ( 0.000911357852056876, -0.00647000000025352, 0.000133484426724796 ) );
#3641 = CARTESIAN_POINT( '', ( 0.000500302606830174, -0.00646999999999952, 0.000133484426470796 ) );
#3642 = CARTESIAN_POINT( '', ( 0.000911357852056876, -0.00647000000025352, 0.000133484426724796 ) );
#3643 = CARTESIAN_POINT( '', ( 0.000774339437066060, -0.00647000000025352, 0.000133484426724796 ) );
#3644 = CARTESIAN_POINT( '', ( 0.000637321022074990, -0.00647000000025352, 0.000133484426724796 ) );
#3645 = CARTESIAN_POINT( '', ( 0.000500302607084174, -0.00647000000025352, 0.000133484426724796 ) );
#3646 = CARTESIAN_POINT( '', ( 0.000520545567119890, -0.00646999999999952, 0.000228849551182228 ) );
#3647 = CARTESIAN_POINT( '', ( 0.000500302607084174, -0.00647000000025352, 0.000133484426724796 ) );
#3648 = CARTESIAN_POINT( '', ( 0.000507050260513910, -0.00647000000025352, 0.000165272801628615 ) );
#3649 = CARTESIAN_POINT( '', ( 0.000513797913943900, -0.00647000000025352, 0.000197061176532409 ) );
#3650 = CARTESIAN_POINT( '', ( 0.000520545567373890, -0.00647000000025352, 0.000228849551436228 ) );
#3651 = CARTESIAN_POINT( '', ( 0.00115173338406584, -0.00646999999999952, 0.000786069745168008 ) );
#3652 = CARTESIAN_POINT( '', ( 0.000520545567373890, -0.00647000000025352, 0.000228849551436228 ) );
#3653 = CARTESIAN_POINT( '', ( 0.000595783185941532, -0.00647000000025352, 0.000582639539923822 ) );
#3654 = CARTESIAN_POINT( '', ( 0.000780971636349768, -0.00647000000025352, 0.000786069745422008 ) );
#3655 = CARTESIAN_POINT( '', ( 0.00115173338431984, -0.00647000000025352, 0.000786069745422008 ) );
#3656 = CARTESIAN_POINT( '', ( 0.000415097446978960, -0.00646999999999952, -0.000307242534060058 ) );
#3657 = CARTESIAN_POINT( '', ( 0.00115173338431984, -0.00647000000025352, 0.000786069745422008 ) );
#3658 = CARTESIAN_POINT( '', ( 0.00128786344379755, -0.00647000000025352, 0.000786069745422008 ) );
#3659 = CARTESIAN_POINT( '', ( 0.00148401002799052, -0.00647000000025352, 0.000748194122862254 ) );
#3660 = CARTESIAN_POINT( '', ( 0.00158349146907702, -0.00647000000025352, 0.000615777567671002 ) );
#3661 = CARTESIAN_POINT( '', ( 0.00160239777655389, -0.00647000000025352, 0.000464537988313326 ) );
#3662 = CARTESIAN_POINT( '', ( 0.00159293808012407, -0.00647000000025352, 0.000329958113288702 ) );
#3663 = CARTESIAN_POINT( '', ( 0.00157088338593154, -0.00647000000025352, 0.000201171624417186 ) );
#3664 = CARTESIAN_POINT( '', ( 0.00154818029246050, -0.00647000000025352, 8.93578438014810E-05 ) );
#3665 = CARTESIAN_POINT( '', ( 0.00152939757627137, -0.00647000000025352, 0.000000000000000 ) );
#3666 = CARTESIAN_POINT( '', ( 0.00151073836819718, -0.00647000000025352, -8.67672326796910E-05 ) );
#3667 = CARTESIAN_POINT( '', ( 0.00148641155082805, -0.00647000000025352, -0.000196189327429273 ) );
#3668 = CARTESIAN_POINT( '', ( 0.00145405300837509, -0.00647000000025352, -0.000323383802493992 ) );
#3669 = CARTESIAN_POINT( '', ( 0.00140633678150115, -0.00647000000025352, -0.000457797444954460 ) );
#3670 = CARTESIAN_POINT( '', ( 0.00134371737566859, -0.00647000000025352, -0.000572276767796474 ) );
#3671 = CARTESIAN_POINT( '', ( 0.00126024056440156, -0.00647000000025352, -0.000664793220295330 ) );
#3672 = CARTESIAN_POINT( '', ( 0.00116833299015002, -0.00647000000025352, -0.000721967187051816 ) );
#3673 = CARTESIAN_POINT( '', ( 0.00107839315920378, -0.00647000000025352, -0.000754769625244624 ) );
#3674 = CARTESIAN_POINT( '', ( 0.00100205141043165, -0.00647000000025352, -0.000772656084050756 ) );
#3675 = CARTESIAN_POINT( '', ( 0.000930183290668560, -0.00647000000025352, -0.000781768102240196 ) );
#3676 = CARTESIAN_POINT( '', ( 0.000867868219710686, -0.00647000000025352, -0.000785442682639052 ) );
#3677 = CARTESIAN_POINT( '', ( 0.000806275162330118, -0.00647000000025352, -0.000786612540311778 ) );
#3678 = CARTESIAN_POINT( '', ( 0.000736166469414434, -0.00647000000025352, -0.000784175588618762 ) );
#3679 = CARTESIAN_POINT( '', ( 0.000667180795823192, -0.00647000000025352, -0.000775965310104884 ) );
#3680 = CARTESIAN_POINT( '', ( 0.000607082570599512, -0.00647000000025352, -0.000762798688423194 ) );
#3681 = CARTESIAN_POINT( '', ( 0.000538851380312102, -0.00647000000025352, -0.000739100316944746 ) );
#3682 = CARTESIAN_POINT( '', ( 0.000474031968558754, -0.00647000000025352, -0.000698895607186432 ) );
#3683 = CARTESIAN_POINT( '', ( 0.000424445250835004, -0.00647000000025352, -0.000636671059796304 ) );
#3684 = CARTESIAN_POINT( '', ( 0.000398348481725370, -0.00647000000025352, -0.000563424470468084 ) );
#3685 = CARTESIAN_POINT( '', ( 0.000388651410148508, -0.00647000000025352, -0.000455006998491930 ) );
#3686 = CARTESIAN_POINT( '', ( 0.000402599535913364, -0.00647000000025352, -0.000366027937056708 ) );
#3687 = CARTESIAN_POINT( '', ( 0.000415097447232960, -0.00647000000025352, -0.000307242534314058 ) );
#3688 = CARTESIAN_POINT( '', ( 0.000438534638645250, -0.00646999999999952, -0.000197022309211871 ) );
#3689 = CARTESIAN_POINT( '', ( 0.000415097447232960, -0.00647000000025352, -0.000307242534314058 ) );
#3690 = CARTESIAN_POINT( '', ( 0.000422909844454972, -0.00647000000025352, -0.000270502459364586 ) );
#3691 = CARTESIAN_POINT( '', ( 0.000430722241677238, -0.00647000000025352, -0.000233762384415216 ) );
#3692 = CARTESIAN_POINT( '', ( 0.000438534638899250, -0.00647000000025352, -0.000197022309465871 ) );
#3693 = CARTESIAN_POINT( '', ( 0.000849551398902694, -0.00646999999999952, -0.000197022309211871 ) );
#3694 = CARTESIAN_POINT( '', ( 0.000438534638899250, -0.00647000000025352, -0.000197022309465871 ) );
#3695 = CARTESIAN_POINT( '', ( 0.000575540225651816, -0.00647000000025352, -0.000197022309465871 ) );
#3696 = CARTESIAN_POINT( '', ( 0.000712545812404382, -0.00647000000025352, -0.000197022309465871 ) );
#3697 = CARTESIAN_POINT( '', ( 0.000849551399156694, -0.00647000000025352, -0.000197022309465871 ) );
#3698 = CARTESIAN_POINT( '', ( 0.000849551399156694, -0.00647000000025352, -0.000197022309465871 ) );
#3699 = CARTESIAN_POINT( '', ( 0.000840853853480954, -0.00647000000025352, -0.000237995703107007 ) );
#3700 = CARTESIAN_POINT( '', ( 0.000832156307804960, -0.00647000000025352, -0.000278969096748270 ) );
#3701 = CARTESIAN_POINT( '', ( 0.000823458762129220, -0.00647000000025352, -0.000319942490389330 ) );
#3702 = CARTESIAN_POINT( '', ( -0.00113879971245139, -0.00646999999999952, -0.000747276960889368 ) );
#3703 = CARTESIAN_POINT( '', ( -0.00159857660709515, -0.00646999999999952, -0.000747276960889368 ) );
#3704 = CARTESIAN_POINT( '', ( -0.00113879971270539, -0.00647000000025352, -0.000747276961143368 ) );
#3705 = CARTESIAN_POINT( '', ( -0.00129205867758665, -0.00647000000025352, -0.000747276961143368 ) );
#3706 = CARTESIAN_POINT( '', ( -0.00144531764246790, -0.00647000000025352, -0.000747276961143368 ) );
#3707 = CARTESIAN_POINT( '', ( -0.00159857660734915, -0.00647000000025352, -0.000747276961143368 ) );
#3708 = CARTESIAN_POINT( '', ( -0.00108426687075783, -0.00646999999999952, -8.19916861169094E-05 ) );
#3709 = CARTESIAN_POINT( '', ( -0.00159857660734915, -0.00647000000025352, -0.000747276961143368 ) );
#3710 = CARTESIAN_POINT( '', ( -0.00142714002856996, -0.00647000000025352, -0.000525515202885958 ) );
#3711 = CARTESIAN_POINT( '', ( -0.00125570344979102, -0.00647000000025352, -0.000303753444628294 ) );
#3712 = CARTESIAN_POINT( '', ( -0.00108426687101183, -0.00647000000025352, -8.19916863709094E-05 ) );
#3713 = CARTESIAN_POINT( '', ( -0.00132364180042104, -0.00646999999999952, 0.000765518715979572 ) );
#3714 = CARTESIAN_POINT( '', ( -0.00108426687101183, -0.00647000000025352, -8.19916863709094E-05 ) );
#3715 = CARTESIAN_POINT( '', ( -0.00116405851423290, -0.00647000000025352, 0.000200511781502559 ) );
#3716 = CARTESIAN_POINT( '', ( -0.00124385015745397, -0.00647000000025352, 0.000483015248868002 ) );
#3717 = CARTESIAN_POINT( '', ( -0.00132364180067504, -0.00647000000025352, 0.000765518716233572 ) );
#3718 = CARTESIAN_POINT( '', ( -0.000846931631010160, -0.00646999999999952, 0.000765518715979572 ) );
#3719 = CARTESIAN_POINT( '', ( -0.00132364180067504, -0.00647000000025352, 0.000765518716233572 ) );
#3720 = CARTESIAN_POINT( '', ( -0.00116473841087133, -0.00647000000025352, 0.000765518716233572 ) );
#3721 = CARTESIAN_POINT( '', ( -0.00100583502106762, -0.00647000000025352, 0.000765518716233572 ) );
#3722 = CARTESIAN_POINT( '', ( -0.000846931631264160, -0.00647000000025352, 0.000765518716233572 ) );
#3723 = CARTESIAN_POINT( '', ( -0.000737558069900214, -0.00646999999999952, 0.000263331664987128 ) );
#3724 = CARTESIAN_POINT( '', ( -0.000846931631264160, -0.00647000000025352, 0.000765518716233572 ) );
#3725 = CARTESIAN_POINT( '', ( -0.000810473777560760, -0.00647000000025352, 0.000598123032569424 ) );
#3726 = CARTESIAN_POINT( '', ( -0.000774015923857614, -0.00647000000025352, 0.000430727348905276 ) );
#3727 = CARTESIAN_POINT( '', ( -0.000737558070154214, -0.00647000000025352, 0.000263331665241128 ) );
#3728 = CARTESIAN_POINT( '', ( -0.000651352307449244, -0.00646999999999952, 0.000379901867872672 ) );
#3729 = CARTESIAN_POINT( '', ( -0.000737558070154214, -0.00647000000025352, 0.000263331665241128 ) );
#3730 = CARTESIAN_POINT( '', ( -0.000708822816004060, -0.00647000000025352, 0.000302188399536394 ) );
#3731 = CARTESIAN_POINT( '', ( -0.000680087561853652, -0.00647000000025352, 0.000341045133831660 ) );
#3732 = CARTESIAN_POINT( '', ( -0.000651352307703244, -0.00647000000025352, 0.000379901868126672 ) );
#3733 = CARTESIAN_POINT( '', ( -0.000569379863690116, -0.00646999999999952, 0.000765518715979572 ) );
#3734 = CARTESIAN_POINT( '', ( -0.000651352307703244, -0.00647000000025352, 0.000379901868126672 ) );
#3735 = CARTESIAN_POINT( '', ( -0.000624028159783704, -0.00647000000025352, 0.000508440817495808 ) );
#3736 = CARTESIAN_POINT( '', ( -0.000596704011863910, -0.00647000000025352, 0.000636979766864690 ) );
#3737 = CARTESIAN_POINT( '', ( -0.000569379863944116, -0.00647000000025352, 0.000765518716233572 ) );
#3738 = CARTESIAN_POINT( '', ( -0.000191188963472845, -0.00646999999999952, 0.000765480231264060 ) );
#3739 = CARTESIAN_POINT( '', ( -0.000569379863944116, -0.00646999999999952, 0.000765518716233572 ) );
#3740 = CARTESIAN_POINT( '', ( -0.000191188963726845, -0.00646999999999952, 0.000765480231518060 ) );
#3741 = CARTESIAN_POINT( '', ( 9.10178522291588E-05, -0.00646999999999952, 0.000765441746548802 ) );
#3742 = CARTESIAN_POINT( '', ( -0.000191188963726845, -0.00646999999999952, 0.000765480231518060 ) );
#3743 = CARTESIAN_POINT( '', ( 9.10178524831588E-05, -0.00646999999999952, 0.000765441746802802 ) );
#3744 = CARTESIAN_POINT( '', ( 0.000118572908441161, -0.00646999999999952, 0.000711717083878454 ) );
#3745 = CARTESIAN_POINT( '', ( 9.10178524831588E-05, -0.00647000000025352, 0.000765441746802802 ) );
#3746 = CARTESIAN_POINT( '', ( 0.000100202871220501, -0.00647000000025352, 0.000747533525912686 ) );
#3747 = CARTESIAN_POINT( '', ( 0.000109387889957819, -0.00647000000025352, 0.000729625305022570 ) );
#3748 = CARTESIAN_POINT( '', ( 0.000118572908695161, -0.00647000000025352, 0.000711717084132454 ) );
#3749 = CARTESIAN_POINT( '', ( 0.000375843230755774, -0.00646999999999952, 0.000784260772369400 ) );
#3750 = CARTESIAN_POINT( '', ( 0.000118572908695161, -0.00647000000025352, 0.000711717084132454 ) );
#3751 = CARTESIAN_POINT( '', ( 0.000196042640754930, -0.00647000000025352, 0.000760092371364922 ) );
#3752 = CARTESIAN_POINT( '', ( 0.000299258647403784, -0.00647000000025352, 0.000784260772623400 ) );
#3753 = CARTESIAN_POINT( '', ( 0.000375843231009774, -0.00647000000025352, 0.000784260772623400 ) );
#3754 = CARTESIAN_POINT( '', ( 0.000365760235326428, -0.00646999999999952, 0.000237392966820991 ) );
#3755 = CARTESIAN_POINT( '', ( 0.000375843231009774, -0.00647000000025352, 0.000784260772623400 ) );
#3756 = CARTESIAN_POINT( '', ( 0.000493433278853084, -0.00647000000025352, 0.000784260772623400 ) );
#3757 = CARTESIAN_POINT( '', ( 0.000588707621576052, -0.00647000000025352, 0.000722762578273070 ) );
#3758 = CARTESIAN_POINT( '', ( 0.000615395727750152, -0.00647000000025352, 0.000616733091746234 ) );
#3759 = CARTESIAN_POINT( '', ( 0.000614696053015138, -0.00647000000025352, 0.000556602521212086 ) );
#3760 = CARTESIAN_POINT( '', ( 0.000607854606781116, -0.00647000000025352, 0.000511869445990328 ) );
#3761 = CARTESIAN_POINT( '', ( 0.000595363631742542, -0.00647000000025352, 0.000468880501856628 ) );
#3762 = CARTESIAN_POINT( '', ( 0.000569773480899578, -0.00647000000025352, 0.000411646422322730 ) );
#3763 = CARTESIAN_POINT( '', ( 0.000506330802535760, -0.00647000000025352, 0.000323417974820364 ) );
#3764 = CARTESIAN_POINT( '', ( 0.000425796391572900, -0.00647000000025352, 0.000266949228486810 ) );
#3765 = CARTESIAN_POINT( '', ( 0.000365760235580428, -0.00647000000025352, 0.000237392967074991 ) );
#3766 = CARTESIAN_POINT( '', ( 0.000417406723366240, -0.00646999999999952, 2.50727920700128E-05 ) );
#3767 = CARTESIAN_POINT( '', ( 0.000365760235580428, -0.00647000000025352, 0.000237392967074991 ) );
#3768 = CARTESIAN_POINT( '', ( 0.000405322522990874, -0.00647000000025352, 0.000176933479213131 ) );
#3769 = CARTESIAN_POINT( '', ( 0.000434532421964152, -0.00647000000025352, 0.000105698271044920 ) );
#3770 = CARTESIAN_POINT( '', ( 0.000417406723620240, -0.00647000000025352, 2.50727923240128E-05 ) );
#3771 = CARTESIAN_POINT( '', ( 9.98308520511554E-05, -0.00646999999999952, -0.000204719443463444 ) );
#3772 = CARTESIAN_POINT( '', ( 0.000417406723620240, -0.00647000000025352, 2.50727923240128E-05 ) );
#3773 = CARTESIAN_POINT( '', ( 0.000386811374893102, -0.00647000000025352, -0.000118706104843323 ) );
#3774 = CARTESIAN_POINT( '', ( 0.000253000019517212, -0.00647000000025352, -0.000204719443717444 ) );
#3775 = CARTESIAN_POINT( '', ( 9.98308523051554E-05, -0.00647000000025352, -0.000204719443717444 ) );
#3776 = CARTESIAN_POINT( '', ( 6.62721802398804E-05, -0.00646999999999952, 0.000269643158309252 ) );
#3777 = CARTESIAN_POINT( '', ( 9.98308523051554E-05, -0.00647000000025352, -0.000204719443717444 ) );
#3778 = CARTESIAN_POINT( '', ( 5.74976653872434E-05, -0.00647000000025352, -0.000204719443717444 ) );
#3779 = CARTESIAN_POINT( '', ( -2.07607434611174E-05, -0.00647000000025352, -0.000197492534906698 ) );
#3780 = CARTESIAN_POINT( '', ( -9.46433535779130E-05, -0.00647000000025352, -0.000166731072049584 ) );
#3781 = CARTESIAN_POINT( '', ( -0.000134628222619928, -0.00647000000025352, -0.000126863609800746 ) );
#3782 = CARTESIAN_POINT( '', ( -0.000153876686940296, -0.00647000000025352, -8.88305730373048E-05 ) );
#3783 = CARTESIAN_POINT( '', ( -0.000159946831226958, -0.00647000000025352, -4.97399321040618E-05 ) );
#3784 = CARTESIAN_POINT( '', ( -0.000158293699711459, -0.00647000000025352, -1.41157983122611E-05 ) );
#3785 = CARTESIAN_POINT( '', ( -0.000152671303500775, -0.00647000000025352, 2.07868321173143E-05 ) );
#3786 = CARTESIAN_POINT( '', ( -0.000141180080357436, -0.00647000000025352, 5.98391333610926E-05 ) );
#3787 = CARTESIAN_POINT( '', ( -0.000116889086214273, -0.00647000000025352, 0.000110397341131572 ) );
#3788 = CARTESIAN_POINT( '', ( -7.43326199969468E-05, -0.00647000000025352, 0.000163979975593673 ) );
#3789 = CARTESIAN_POINT( '', ( -9.00091943404842E-06, -0.00647000000025352, 0.000218226144062257 ) );
#3790 = CARTESIAN_POINT( '', ( 4.07183294816186E-05, -0.00647000000025352, 0.000252171097780875 ) );
#3791 = CARTESIAN_POINT( '', ( 6.62721804938804E-05, -0.00647000000025352, 0.000269643158563252 ) );
#3792 = CARTESIAN_POINT( '', ( 0.000000000000000, -0.00646999999999952, 0.000399990889301102 ) );
#3793 = CARTESIAN_POINT( '', ( 6.62721804938804E-05, -0.00647000000025352, 0.000269643158563252 ) );
#3794 = CARTESIAN_POINT( '', ( 4.41434691504264E-05, -0.00647000000025352, 0.000313092402227202 ) );
#3795 = CARTESIAN_POINT( '', ( 2.20147578069749E-05, -0.00647000000025352, 0.000356541645891152 ) );
#3796 = CARTESIAN_POINT( '', ( 0.000000000000000, -0.00647000000025352, 0.000399990889555102 ) );
#3797 = CARTESIAN_POINT( '', ( -5.46083107684280E-05, -0.00646999999999952, 0.000295158524606332 ) );
#3798 = CARTESIAN_POINT( '', ( 0.000000000000000, -0.00647000000025352, 0.000399990889555102 ) );
#3799 = CARTESIAN_POINT( '', ( -2.33587221339406E-05, -0.00647000000025352, 0.000366393733028442 ) );
#3800 = CARTESIAN_POINT( '', ( -4.66034902234148E-05, -0.00647000000025352, 0.000332796576501782 ) );
#3801 = CARTESIAN_POINT( '', ( -5.46083110224280E-05, -0.00647000000025352, 0.000295158524860332 ) );
#3802 = CARTESIAN_POINT( '', ( -0.000245598190305406, -0.00646999999999952, 0.000295158524606332 ) );
#3803 = CARTESIAN_POINT( '', ( -5.46083110224280E-05, -0.00647000000025352, 0.000295158524860332 ) );
#3804 = CARTESIAN_POINT( '', ( -0.000118271604201429, -0.00647000000025352, 0.000295158524860332 ) );
#3805 = CARTESIAN_POINT( '', ( -0.000181934897380405, -0.00647000000025352, 0.000295158524860332 ) );
#3806 = CARTESIAN_POINT( '', ( -0.000245598190559406, -0.00647000000025352, 0.000295158524860332 ) );
#3807 = CARTESIAN_POINT( '', ( -0.000467164459641018, -0.00646999999999952, -0.000747276960889368 ) );
#3808 = CARTESIAN_POINT( '', ( -0.000245598190559406, -0.00647000000025352, 0.000295158524860332 ) );
#3809 = CARTESIAN_POINT( '', ( -0.000319453613671378, -0.00647000000025352, -5.23199708129860E-05 ) );
#3810 = CARTESIAN_POINT( '', ( -0.000393309036783198, -0.00647000000025352, -0.000399798465978304 ) );
#3811 = CARTESIAN_POINT( '', ( -0.000467164459895018, -0.00647000000025352, -0.000747276961143368 ) );
#3812 = CARTESIAN_POINT( '', ( -0.000890919660689246, -0.00646999999999952, -0.000747276960889368 ) );
#3813 = CARTESIAN_POINT( '', ( -0.000467164459895018, -0.00647000000025352, -0.000747276961143368 ) );
#3814 = CARTESIAN_POINT( '', ( -0.000608416193577930, -0.00647000000025352, -0.000747276961143368 ) );
#3815 = CARTESIAN_POINT( '', ( -0.000749667927260588, -0.00647000000025352, -0.000747276961143368 ) );
#3816 = CARTESIAN_POINT( '', ( -0.000890919660943246, -0.00647000000025352, -0.000747276961143368 ) );
#3817 = CARTESIAN_POINT( '', ( -0.000768461296350432, -0.00646999999999952, -0.000170968348075244 ) );
#3818 = CARTESIAN_POINT( '', ( -0.000890919660943246, -0.00647000000025352, -0.000747276961143368 ) );
#3819 = CARTESIAN_POINT( '', ( -0.000850100206163726, -0.00647000000025352, -0.000555174090205352 ) );
#3820 = CARTESIAN_POINT( '', ( -0.000809280751383952, -0.00647000000025352, -0.000363071219267336 ) );
#3821 = CARTESIAN_POINT( '', ( -0.000768461296604432, -0.00647000000025352, -0.000170968348329244 ) );
#3822 = CARTESIAN_POINT( '', ( -0.000772694615042274, -0.00646999999999952, -0.000170968348075244 ) );
#3823 = CARTESIAN_POINT( '', ( -0.000768461296604432, -0.00647000000025352, -0.000170968348329244 ) );
#3824 = CARTESIAN_POINT( '', ( -0.000769872402835046, -0.00647000000025352, -0.000170968348329244 ) );
#3825 = CARTESIAN_POINT( '', ( -0.000771283509065660, -0.00647000000025352, -0.000170968348329244 ) );
#3826 = CARTESIAN_POINT( '', ( -0.000772694615296274, -0.00647000000025352, -0.000170968348329244 ) );
#3827 = CARTESIAN_POINT( '', ( -0.000772694615296274, -0.00647000000025352, -0.000170968348329244 ) );
#3828 = CARTESIAN_POINT( '', ( -0.000894729647765980, -0.00647000000025352, -0.000363071219267336 ) );
#3829 = CARTESIAN_POINT( '', ( -0.00101676468023569, -0.00647000000025352, -0.000555174090205352 ) );
#3830 = CARTESIAN_POINT( '', ( -0.00113879971270539, -0.00647000000025352, -0.000747276961143368 ) );
#3831 = CARTESIAN_POINT( '', ( 0.000300000000000070, -0.00646999999999952, -0.00223999999999993 ) );
#3832 = CARTESIAN_POINT( '', ( 0.000300000000000070, -0.00646999999999952, -0.00283999999999880 ) );
#3833 = CARTESIAN_POINT( '', ( 0.000300000000254070, -0.00647000000025352, -0.00224000000025393 ) );
#3834 = VECTOR( '', #4932, 1.00000000000000 );
#3835 = CARTESIAN_POINT( '', ( -0.000300000000000070, -0.00646999999999952, -0.00283999999999880 ) );
#3836 = CARTESIAN_POINT( '', ( 0.000300000000254070, -0.00647000000025352, -0.00284000000025280 ) );
#3837 = VECTOR( '', #4933, 1.00000000000000 );
#3838 = CARTESIAN_POINT( '', ( -0.000300000000000070, -0.00646999999999952, -0.00223999999999993 ) );
#3839 = CARTESIAN_POINT( '', ( -0.000300000000254070, -0.00647000000025352, -0.00224000000025393 ) );
#3840 = VECTOR( '', #4934, 1.00000000000000 );
#3841 = CARTESIAN_POINT( '', ( 0.000300000000254070, -0.00647000000025352, -0.00224000000025393 ) );
#3842 = VECTOR( '', #4935, 1.00000000000000 );
#3843 = CARTESIAN_POINT( '', ( 0.00179605122421371, -0.00646999999999952, -0.00137178715550199 ) );
#3844 = CARTESIAN_POINT( '', ( 0.00222031529292568, -0.00646999999999952, -0.00179605122421371 ) );
#3845 = CARTESIAN_POINT( '', ( 0.00179605122446771, -0.00647000000025352, -0.00137178715575599 ) );
#3846 = VECTOR( '', #4936, 1.00000000000000 );
#3847 = CARTESIAN_POINT( '', ( 0.00179605122421371, -0.00646999999999952, -0.00222031529292568 ) );
#3848 = CARTESIAN_POINT( '', ( 0.00222031529317968, -0.00647000000025352, -0.00179605122446771 ) );
#3849 = VECTOR( '', #4937, 1.00000000000000 );
#3850 = CARTESIAN_POINT( '', ( 0.00137178715550199, -0.00646999999999952, -0.00179605122421371 ) );
#3851 = CARTESIAN_POINT( '', ( 0.00137178715575599, -0.00647000000025352, -0.00179605122446771 ) );
#3852 = VECTOR( '', #4938, 1.00000000000000 );
#3853 = CARTESIAN_POINT( '', ( 0.00179605122446771, -0.00647000000025352, -0.00137178715575599 ) );
#3854 = VECTOR( '', #4939, 1.00000000000000 );
#3855 = CARTESIAN_POINT( '', ( 0.00223999999999993, -0.00646999999999952, 0.000300000000000070 ) );
#3856 = CARTESIAN_POINT( '', ( 0.00283999999999880, -0.00646999999999952, 0.000300000000000070 ) );
#3857 = CARTESIAN_POINT( '', ( 0.00224000000025393, -0.00647000000025352, 0.000300000000254070 ) );
#3858 = VECTOR( '', #4940, 1.00000000000000 );
#3859 = CARTESIAN_POINT( '', ( 0.00283999999999880, -0.00646999999999952, -0.000300000000000070 ) );
#3860 = CARTESIAN_POINT( '', ( 0.00284000000025280, -0.00647000000025352, 0.000300000000254070 ) );
#3861 = VECTOR( '', #4941, 1.00000000000000 );
#3862 = CARTESIAN_POINT( '', ( 0.00223999999999993, -0.00646999999999952, -0.000300000000000070 ) );
#3863 = CARTESIAN_POINT( '', ( 0.00224000000025393, -0.00647000000025352, -0.000300000000254070 ) );
#3864 = VECTOR( '', #4942, 1.00000000000000 );
#3865 = CARTESIAN_POINT( '', ( 0.00224000000025393, -0.00647000000025352, 0.000300000000254070 ) );
#3866 = VECTOR( '', #4943, 1.00000000000000 );
#3867 = CARTESIAN_POINT( '', ( 0.00137178715550199, -0.00646999999999952, 0.00179605122421371 ) );
#3868 = CARTESIAN_POINT( '', ( 0.00179605122421371, -0.00646999999999952, 0.00222031529292568 ) );
#3869 = CARTESIAN_POINT( '', ( 0.00137178715575599, -0.00647000000025352, 0.00179605122446771 ) );
#3870 = VECTOR( '', #4944, 1.00000000000000 );
#3871 = CARTESIAN_POINT( '', ( 0.00222031529292568, -0.00646999999999952, 0.00179605122421371 ) );
#3872 = CARTESIAN_POINT( '', ( 0.00179605122446771, -0.00647000000025352, 0.00222031529317968 ) );
#3873 = VECTOR( '', #4945, 1.00000000000000 );
#3874 = CARTESIAN_POINT( '', ( 0.00179605122421371, -0.00646999999999952, 0.00137178715550199 ) );
#3875 = CARTESIAN_POINT( '', ( 0.00179605122446771, -0.00647000000025352, 0.00137178715575599 ) );
#3876 = VECTOR( '', #4946, 1.00000000000000 );
#3877 = CARTESIAN_POINT( '', ( 0.00137178715575599, -0.00647000000025352, 0.00179605122446771 ) );
#3878 = VECTOR( '', #4947, 1.00000000000000 );
#3879 = CARTESIAN_POINT( '', ( -0.000300000000000070, -0.00646999999999952, 0.00223999999999993 ) );
#3880 = CARTESIAN_POINT( '', ( -0.000300000000000070, -0.00646999999999952, 0.00283999999999880 ) );
#3881 = CARTESIAN_POINT( '', ( -0.000300000000254070, -0.00647000000025352, 0.00224000000025393 ) );
#3882 = VECTOR( '', #4948, 1.00000000000000 );
#3883 = CARTESIAN_POINT( '', ( 0.000300000000000070, -0.00646999999999952, 0.00283999999999880 ) );
#3884 = CARTESIAN_POINT( '', ( -0.000300000000254070, -0.00647000000025352, 0.00284000000025280 ) );
#3885 = VECTOR( '', #4949, 1.00000000000000 );
#3886 = CARTESIAN_POINT( '', ( 0.000300000000000070, -0.00646999999999952, 0.00223999999999993 ) );
#3887 = CARTESIAN_POINT( '', ( 0.000300000000254070, -0.00647000000025352, 0.00224000000025393 ) );
#3888 = VECTOR( '', #4950, 1.00000000000000 );
#3889 = CARTESIAN_POINT( '', ( -0.000300000000254070, -0.00647000000025352, 0.00224000000025393 ) );
#3890 = VECTOR( '', #4951, 1.00000000000000 );
#3891 = CARTESIAN_POINT( '', ( -0.00179605122421371, -0.00646999999999952, 0.00137178715550199 ) );
#3892 = CARTESIAN_POINT( '', ( -0.00222031529292568, -0.00646999999999952, 0.00179605122421371 ) );
#3893 = CARTESIAN_POINT( '', ( -0.00179605122446771, -0.00647000000025352, 0.00137178715575599 ) );
#3894 = VECTOR( '', #4952, 1.00000000000000 );
#3895 = CARTESIAN_POINT( '', ( -0.00179605122421371, -0.00646999999999952, 0.00222031529292568 ) );
#3896 = CARTESIAN_POINT( '', ( -0.00222031529317968, -0.00647000000025352, 0.00179605122446771 ) );
#3897 = VECTOR( '', #4953, 1.00000000000000 );
#3898 = CARTESIAN_POINT( '', ( -0.00137178715550199, -0.00646999999999952, 0.00179605122421371 ) );
#3899 = CARTESIAN_POINT( '', ( -0.00137178715575599, -0.00647000000025352, 0.00179605122446771 ) );
#3900 = VECTOR( '', #4954, 1.00000000000000 );
#3901 = CARTESIAN_POINT( '', ( -0.00179605122446771, -0.00647000000025352, 0.00137178715575599 ) );
#3902 = VECTOR( '', #4955, 1.00000000000000 );
#3903 = CARTESIAN_POINT( '', ( -0.00223999999999993, -0.00646999999999952, -0.000300000000000070 ) );
#3904 = CARTESIAN_POINT( '', ( -0.00283999999999880, -0.00646999999999952, -0.000300000000000070 ) );
#3905 = CARTESIAN_POINT( '', ( -0.00224000000025393, -0.00647000000025352, -0.000300000000254070 ) );
#3906 = VECTOR( '', #4956, 1.00000000000000 );
#3907 = CARTESIAN_POINT( '', ( -0.00283999999999880, -0.00646999999999952, 0.000300000000000070 ) );
#3908 = CARTESIAN_POINT( '', ( -0.00284000000025280, -0.00647000000025352, -0.000300000000254070 ) );
#3909 = VECTOR( '', #4957, 1.00000000000000 );
#3910 = CARTESIAN_POINT( '', ( -0.00223999999999993, -0.00646999999999952, 0.000300000000000070 ) );
#3911 = CARTESIAN_POINT( '', ( -0.00224000000025393, -0.00647000000025352, 0.000300000000254070 ) );
#3912 = VECTOR( '', #4958, 1.00000000000000 );
#3913 = CARTESIAN_POINT( '', ( -0.00224000000025393, -0.00647000000025352, -0.000300000000254070 ) );
#3914 = VECTOR( '', #4959, 1.00000000000000 );
#3915 = CARTESIAN_POINT( '', ( -0.00137178715550199, -0.00646999999999952, -0.00179605122421371 ) );
#3916 = CARTESIAN_POINT( '', ( -0.00179605122421371, -0.00646999999999952, -0.00222031529292568 ) );
#3917 = CARTESIAN_POINT( '', ( -0.00137178715575599, -0.00647000000025352, -0.00179605122446771 ) );
#3918 = VECTOR( '', #4960, 1.00000000000000 );
#3919 = CARTESIAN_POINT( '', ( -0.00222031529292568, -0.00646999999999952, -0.00179605122421371 ) );
#3920 = CARTESIAN_POINT( '', ( -0.00179605122446771, -0.00647000000025352, -0.00222031529317968 ) );
#3921 = VECTOR( '', #4961, 1.00000000000000 );
#3922 = CARTESIAN_POINT( '', ( -0.00179605122421371, -0.00646999999999952, -0.00137178715550199 ) );
#3923 = CARTESIAN_POINT( '', ( -0.00179605122446771, -0.00647000000025352, -0.00137178715575599 ) );
#3924 = VECTOR( '', #4962, 1.00000000000000 );
#3925 = CARTESIAN_POINT( '', ( -0.00137178715575599, -0.00647000000025352, -0.00179605122446771 ) );
#3926 = VECTOR( '', #4963, 1.00000000000000 );
#3927 = CARTESIAN_POINT( '', ( 9.10178522291588E-05, -0.00641999999999972, 0.000765441746548802 ) );
#3928 = CARTESIAN_POINT( '', ( -0.000191188963472845, -0.00641999999999972, 0.000765480231264060 ) );
#3929 = CARTESIAN_POINT( '', ( 9.10178524831588E-05, -0.00641999999999972, 0.000765441746802802 ) );
#3930 = CARTESIAN_POINT( '', ( -0.000191188963726845, -0.00641999999999972, 0.000765480231518060 ) );
#3931 = CARTESIAN_POINT( '', ( 9.10178524831588E-05, -0.00647000000025352, 0.000765441746802802 ) );
#3932 = VECTOR( '', #4964, 1.00000000000000 );
#3933 = CARTESIAN_POINT( '', ( -0.000191188963726845, -0.00646999999999952, 0.000765441746802802 ) );
#3934 = CARTESIAN_POINT( '', ( -0.000191188963726845, -0.00641999999999972, 0.000765441746802802 ) );
#3935 = CARTESIAN_POINT( '', ( 0.000438534638645250, -0.00641999999999972, -0.000197022309211871 ) );
#3936 = CARTESIAN_POINT( '', ( 0.000438534638899250, -0.00647000000025352, -0.000197022309465871 ) );
#3937 = VECTOR( '', #4965, 1.00000000000000 );
#3938 = CARTESIAN_POINT( '', ( 0.000849551398902694, -0.00641999999999972, -0.000197022309211871 ) );
#3939 = CARTESIAN_POINT( '', ( 0.000849551399156694, -0.00642000000025372, -0.000197022309465871 ) );
#3940 = CARTESIAN_POINT( '', ( 0.000712545812404382, -0.00642000000025372, -0.000197022309465871 ) );
#3941 = CARTESIAN_POINT( '', ( 0.000575540225651816, -0.00642000000025372, -0.000197022309465871 ) );
#3942 = CARTESIAN_POINT( '', ( 0.000438534638899250, -0.00642000000025372, -0.000197022309465871 ) );
#3943 = CARTESIAN_POINT( '', ( 0.000849551399156694, -0.00647000000025352, -0.000197022309465871 ) );
#3944 = VECTOR( '', #4966, 1.00000000000000 );
#3945 = CARTESIAN_POINT( '', ( -0.00416653333119912, -0.00300000000000070, 0.00125000000000008 ) );
#3946 = CARTESIAN_POINT( '', ( -0.00419248879947858, -0.00300000000000070, 0.00115997313169019 ) );
#3947 = AXIS2_PLACEMENT_3D( '', #4967, #4968, #4969 );
#3948 = CARTESIAN_POINT( '', ( -0.00416653333119912, -0.00199999999999987, 0.00125000000000008 ) );
#3949 = CARTESIAN_POINT( '', ( -0.00416653333145312, -0.00200000000025387, 0.00125000000025408 ) );
#3950 = VECTOR( '', #4970, 1.00000000000000 );
#3951 = CARTESIAN_POINT( '', ( -0.00416653333119912, -0.00199999999999987, -0.00125000000000008 ) );
#3952 = AXIS2_PLACEMENT_3D( '', #4971, #4972, #4973 );
#3953 = CARTESIAN_POINT( '', ( -0.00416653333119912, -0.00300000000000070, -0.00125000000000008 ) );
#3954 = CARTESIAN_POINT( '', ( -0.00416653333145312, -0.00200000000025387, -0.00125000000025408 ) );
#3955 = VECTOR( '', #4974, 1.00000000000000 );
#3956 = CARTESIAN_POINT( '', ( -0.00419248879947858, -0.00300000000000070, -0.00115997313169019 ) );
#3957 = AXIS2_PLACEMENT_3D( '', #4975, #4976, #4977 );
#3958 = CARTESIAN_POINT( '', ( -0.00419248879947858, -0.00204999999999993, -0.00115997313169019 ) );
#3959 = CARTESIAN_POINT( '', ( -0.00419248879973258, -0.00300000000025470, -0.00115997313194419 ) );
#3960 = VECTOR( '', #4978, 1.00000000000000 );
#3961 = CARTESIAN_POINT( '', ( -0.00419248879947858, -0.00204999999999993, 0.00115997313169019 ) );
#3962 = AXIS2_PLACEMENT_3D( '', #4979, #4980, #4981 );
#3963 = CARTESIAN_POINT( '', ( -0.00419248879973258, -0.00300000000025470, 0.00115997313194419 ) );
#3964 = VECTOR( '', #4982, 1.00000000000000 );
#3965 = CARTESIAN_POINT( '', ( -0.000400000000253924, -0.00737000000025500, 0.00400000000025324 ) );
#3966 = AXIS2_PLACEMENT_3D( '', #4983, #4984, #4985 );
#3967 = CARTESIAN_POINT( '', ( 0.000191578413516854, -0.00646999999999952, 0.000555853986589778 ) );
#3968 = CARTESIAN_POINT( '', ( 0.000191578413516854, -0.00641999999999972, 0.000555853986589778 ) );
#3969 = CARTESIAN_POINT( '', ( 0.000191578413770854, -0.00647000000025352, 0.000555853986843778 ) );
#3970 = VECTOR( '', #4986, 1.00000000000000 );
#3971 = CARTESIAN_POINT( '', ( 0.000272665708822432, -0.00641999999999972, 0.000399990889301102 ) );
#3972 = CARTESIAN_POINT( '', ( 0.000272665709076432, -0.00642000000025372, 0.000399990889555102 ) );
#3973 = CARTESIAN_POINT( '', ( 0.000245636610641163, -0.00642000000025372, 0.000451945255317994 ) );
#3974 = CARTESIAN_POINT( '', ( 0.000218607512206021, -0.00642000000025372, 0.000503899621080886 ) );
#3975 = CARTESIAN_POINT( '', ( 0.000191578413770854, -0.00642000000025372, 0.000555853986843778 ) );
#3976 = CARTESIAN_POINT( '', ( 0.000272665708822432, -0.00646999999999952, 0.000399990889301102 ) );
#3977 = CARTESIAN_POINT( '', ( 0.000272665709076432, -0.00647000000025352, 0.000399990889555102 ) );
#3978 = VECTOR( '', #4987, 1.00000000000000 );
#3979 = CARTESIAN_POINT( '', ( 0.000191578413770854, -0.00647000000025352, 0.000555853986843778 ) );
#3980 = CARTESIAN_POINT( '', ( 0.000218607512206021, -0.00647000000025352, 0.000503899621080886 ) );
#3981 = CARTESIAN_POINT( '', ( 0.000245636610641189, -0.00647000000025352, 0.000451945255317994 ) );
#3982 = CARTESIAN_POINT( '', ( 0.000272665709076432, -0.00647000000025352, 0.000399990889555102 ) );
#3983 = CARTESIAN_POINT( '', ( 0.000279285079867636, -0.00646999999999952, 0.000582716317924952 ) );
#3984 = CARTESIAN_POINT( '', ( 0.000279285079867636, -0.00641999999999972, 0.000582716317924952 ) );
#3985 = CARTESIAN_POINT( '', ( 0.000279285080121636, -0.00647000000025352, 0.000582716318178952 ) );
#3986 = VECTOR( '', #4988, 1.00000000000000 );
#3987 = CARTESIAN_POINT( '', ( 0.000191578413770854, -0.00642000000025372, 0.000555853986843778 ) );
#3988 = CARTESIAN_POINT( '', ( 0.000214592273568036, -0.00642000000025372, 0.000569285152511238 ) );
#3989 = CARTESIAN_POINT( '', ( 0.000238953098403541, -0.00642000000025372, 0.000582716318178952 ) );
#3990 = CARTESIAN_POINT( '', ( 0.000279285080121636, -0.00642000000025372, 0.000582716318178952 ) );
#3991 = CARTESIAN_POINT( '', ( 0.000279285080121636, -0.00647000000025352, 0.000582716318178952 ) );
#3992 = CARTESIAN_POINT( '', ( 0.000238953098403541, -0.00647000000025352, 0.000582716318178952 ) );
#3993 = CARTESIAN_POINT( '', ( 0.000214592273568036, -0.00647000000025352, 0.000569285152511238 ) );
#3994 = CARTESIAN_POINT( '', ( 0.000191578413770854, -0.00647000000025352, 0.000555853986843778 ) );
#3995 = CARTESIAN_POINT( '', ( -0.000846931631010160, -0.00641999999999972, 0.000765518715979572 ) );
#3996 = CARTESIAN_POINT( '', ( -0.000846931631264160, -0.00647000000025352, 0.000765518716233572 ) );
#3997 = VECTOR( '', #4989, 1.00000000000000 );
#3998 = CARTESIAN_POINT( '', ( -0.000737558069900214, -0.00641999999999972, 0.000263331664987128 ) );
#3999 = CARTESIAN_POINT( '', ( -0.000737558070154214, -0.00642000000025372, 0.000263331665241128 ) );
#4000 = CARTESIAN_POINT( '', ( -0.000774015923857614, -0.00642000000025372, 0.000430727348905276 ) );
#4001 = CARTESIAN_POINT( '', ( -0.000810473777560760, -0.00642000000025372, 0.000598123032569424 ) );
#4002 = CARTESIAN_POINT( '', ( -0.000846931631264160, -0.00642000000025372, 0.000765518716233572 ) );
#4003 = CARTESIAN_POINT( '', ( -0.000737558070154214, -0.00647000000025352, 0.000263331665241128 ) );
#4004 = VECTOR( '', #4990, 1.00000000000000 );
#4005 = CARTESIAN_POINT( '', ( 9.98308520511554E-05, -0.00641999999999972, -0.000204719443463444 ) );
#4006 = CARTESIAN_POINT( '', ( 9.98308523051554E-05, -0.00647000000025352, -0.000204719443717444 ) );
#4007 = VECTOR( '', #4991, 1.00000000000000 );
#4008 = CARTESIAN_POINT( '', ( 6.62721802398804E-05, -0.00641999999999972, 0.000269643158309252 ) );
#4009 = CARTESIAN_POINT( '', ( 6.62721804938804E-05, -0.00642000000025372, 0.000269643158563252 ) );
#4010 = CARTESIAN_POINT( '', ( 4.07183294816186E-05, -0.00642000000025372, 0.000252171097780875 ) );
#4011 = CARTESIAN_POINT( '', ( -9.00091943404842E-06, -0.00642000000025372, 0.000218226144062257 ) );
#4012 = CARTESIAN_POINT( '', ( -7.43326199969468E-05, -0.00642000000025372, 0.000163979975593673 ) );
#4013 = CARTESIAN_POINT( '', ( -0.000116889086214273, -0.00642000000025372, 0.000110397341131572 ) );
#4014 = CARTESIAN_POINT( '', ( -0.000141180080357436, -0.00642000000025372, 5.98391333610926E-05 ) );
#4015 = CARTESIAN_POINT( '', ( -0.000152671303500775, -0.00642000000025372, 2.07868321173143E-05 ) );
#4016 = CARTESIAN_POINT( '', ( -0.000158293699711459, -0.00642000000025372, -1.41157983122611E-05 ) );
#4017 = CARTESIAN_POINT( '', ( -0.000159946831226958, -0.00642000000025372, -4.97399321040618E-05 ) );
#4018 = CARTESIAN_POINT( '', ( -0.000153876686940296, -0.00642000000025372, -8.88305730373048E-05 ) );
#4019 = CARTESIAN_POINT( '', ( -0.000134628222619928, -0.00642000000025372, -0.000126863609800746 ) );
#4020 = CARTESIAN_POINT( '', ( -9.46433535779130E-05, -0.00642000000025372, -0.000166731072049584 ) );
#4021 = CARTESIAN_POINT( '', ( -2.07607434611174E-05, -0.00642000000025372, -0.000197492534906698 ) );
#4022 = CARTESIAN_POINT( '', ( 5.74976653872434E-05, -0.00642000000025372, -0.000204719443717444 ) );
#4023 = CARTESIAN_POINT( '', ( 9.98308523051554E-05, -0.00642000000025372, -0.000204719443717444 ) );
#4024 = CARTESIAN_POINT( '', ( 6.62721804938804E-05, -0.00647000000025352, 0.000269643158563252 ) );
#4025 = VECTOR( '', #4992, 1.00000000000000 );
#4026 = CARTESIAN_POINT( '', ( 0.00442690636901182, -0.00199999999999987, 0.00125000000000008 ) );
#4027 = CARTESIAN_POINT( '', ( 0.00442690636901182, -0.00199999999999987, -0.00125000000000008 ) );
#4028 = AXIS2_PLACEMENT_3D( '', #4993, #4994, #4995 );
#4029 = CARTESIAN_POINT( '', ( 0.00416653333119912, -0.00199999999999987, 0.00125000000000008 ) );
#4030 = CARTESIAN_POINT( '', ( 0.00416653333145312, -0.00200000000025387, 0.00125000000025408 ) );
#4031 = VECTOR( '', #4996, 1.00000000000000 );
#4032 = CARTESIAN_POINT( '', ( 0.00416653333119912, -0.00199999999999987, -0.00125000000000008 ) );
#4033 = AXIS2_PLACEMENT_3D( '', #4997, #4998, #4999 );
#4034 = CARTESIAN_POINT( '', ( 0.00442690636926582, -0.00200000000025387, -0.00125000000025408 ) );
#4035 = VECTOR( '', #5000, 1.00000000000000 );
#4036 = CARTESIAN_POINT( '', ( 0.000911357851802876, -0.00641999999999972, 0.000133484426470796 ) );
#4037 = CARTESIAN_POINT( '', ( 0.000911357852056876, -0.00647000000025352, 0.000133484426724796 ) );
#4038 = VECTOR( '', #5001, 1.00000000000000 );
#4039 = CARTESIAN_POINT( '', ( 0.000500302606830174, -0.00641999999999972, 0.000133484426470796 ) );
#4040 = CARTESIAN_POINT( '', ( 0.000500302607084174, -0.00642000000025372, 0.000133484426724796 ) );
#4041 = CARTESIAN_POINT( '', ( 0.000637321022074990, -0.00642000000025372, 0.000133484426724796 ) );
#4042 = CARTESIAN_POINT( '', ( 0.000774339437066060, -0.00642000000025372, 0.000133484426724796 ) );
#4043 = CARTESIAN_POINT( '', ( 0.000911357852056876, -0.00642000000025372, 0.000133484426724796 ) );
#4044 = CARTESIAN_POINT( '', ( 0.000500302607084174, -0.00647000000025352, 0.000133484426724796 ) );
#4045 = VECTOR( '', #5002, 1.00000000000000 );
#4046 = CARTESIAN_POINT( '', ( 0.000351867253074348, -0.00641999999999972, 0.000500743874166078 ) );
#4047 = CARTESIAN_POINT( '', ( 0.000351867253328348, -0.00642000000025372, 0.000500743874420078 ) );
#4048 = CARTESIAN_POINT( '', ( 0.000340437292860400, -0.00642000000025372, 0.000446980727034218 ) );
#4049 = CARTESIAN_POINT( '', ( 0.000294832905135144, -0.00642000000025372, 0.000409381160107772 ) );
#4050 = CARTESIAN_POINT( '', ( 0.000272665709076432, -0.00642000000025372, 0.000399990889555102 ) );
#4051 = CARTESIAN_POINT( '', ( 0.000351867253074094, -0.00646999999999952, 0.000500743874165824 ) );
#4052 = CARTESIAN_POINT( '', ( 0.000351867253328094, -0.00647000000025352, 0.000500743874419824 ) );
#4053 = VECTOR( '', #5003, 1.00000000000000 );
#4054 = CARTESIAN_POINT( '', ( 0.000272665709076432, -0.00647000000025352, 0.000399990889555102 ) );
#4055 = CARTESIAN_POINT( '', ( 0.000294832905135144, -0.00647000000025352, 0.000409381160107772 ) );
#4056 = CARTESIAN_POINT( '', ( 0.000340437292860400, -0.00647000000025352, 0.000446980727033964 ) );
#4057 = CARTESIAN_POINT( '', ( 0.000351867253328094, -0.00647000000025352, 0.000500743874419824 ) );
#4058 = CARTESIAN_POINT( '', ( 0.00117489526123678, 0.00743000000000076, 0.00174058068618600 ) );
#4059 = CARTESIAN_POINT( '', ( 0.000958124652124562, 0.00772999999999956, 0.00152381007707378 ) );
#4060 = CARTESIAN_POINT( '', ( 0.00117489526149078, 0.00743000000025476, 0.00174058068644000 ) );
#4061 = CARTESIAN_POINT( '', ( 0.00117489526149078, 0.00744201220763746, 0.00174058068644000 ) );
#4062 = CARTESIAN_POINT( '', ( 0.00117386323394168, 0.00746584522952428, 0.00173954865889090 ) );
#4063 = CARTESIAN_POINT( '', ( 0.00116925263102575, 0.00750120635295480, 0.00173493805597522 ) );
#4064 = CARTESIAN_POINT( '', ( 0.00116161042628072, 0.00753562179927744, 0.00172729585122994 ) );
#4065 = CARTESIAN_POINT( '', ( 0.00115106361785013, 0.00756850722012064, 0.00171674904279934 ) );
#4066 = CARTESIAN_POINT( '', ( 0.00113771751607147, 0.00759949512287674, 0.00170340294102068 ) );
#4067 = CARTESIAN_POINT( '', ( 0.00112173694073194, 0.00762811137668806, 0.00168742236568116 ) );
#4068 = CARTESIAN_POINT( '', ( 0.00110336786275313, 0.00765388287588664, 0.00166905328770234 ) );
#4069 = CARTESIAN_POINT( '', ( 0.00108278040971882, 0.00767650733210576, 0.00164846583466804 ) );
#4070 = CARTESIAN_POINT( '', ( 0.00106032446486220, 0.00769554001853358, 0.00162600988981141 ) );
#4071 = CARTESIAN_POINT( '', ( 0.00103627693234166, 0.00771071593304580, 0.00160196235729087 ) );
#4072 = CARTESIAN_POINT( '', ( 0.00101095619492786, 0.00772177654499362, 0.00157664161987708 ) );
#4073 = CARTESIAN_POINT( '', ( 0.000984778902045064, 0.00772849049488294, 0.00155046432699428 ) );
#4074 = CARTESIAN_POINT( '', ( 0.000967069754218066, 0.00773000000025356, 0.00153275517916728 ) );
#4075 = CARTESIAN_POINT( '', ( 0.000958124652378562, 0.00773000000025356, 0.00152381007732778 ) );
#4076 = CARTESIAN_POINT( '', ( 0.00117489526123678, 0.00652999999999928, 0.00174058068618600 ) );
#4077 = CARTESIAN_POINT( '', ( 0.00117489526149078, 0.00653000000025328, 0.00174058068644000 ) );
#4078 = VECTOR( '', #5004, 1.00000000000000 );
#4079 = CARTESIAN_POINT( '', ( -0.00174058068618600, 0.00652999999999928, -0.00117489526123678 ) );
#4080 = CARTESIAN_POINT( '', ( -0.00174058068644000, 0.00653000000025328, -0.00117489526149078 ) );
#4081 = VECTOR( '', #5005, 1.00000000000000 );
#4082 = CARTESIAN_POINT( '', ( -0.00174058068618600, 0.00743000000000076, -0.00117489526123678 ) );
#4083 = CARTESIAN_POINT( '', ( -0.00174058068644000, 0.00653000000025328, -0.00117489526149078 ) );
#4084 = VECTOR( '', #5006, 1.00000000000000 );
#4085 = CARTESIAN_POINT( '', ( -0.00152381007707378, 0.00772999999999956, -0.000958124652124562 ) );
#4086 = CARTESIAN_POINT( '', ( -0.00152381007732778, 0.00773000000025356, -0.000958124652378562 ) );
#4087 = CARTESIAN_POINT( '', ( -0.00153275522730485, 0.00773000000025356, -0.000967069802355638 ) );
#4088 = CARTESIAN_POINT( '', ( -0.00155046449197591, 0.00772849045883780, -0.000984779067026700 ) );
#4089 = CARTESIAN_POINT( '', ( -0.00157664168715711, 0.00772177654924558, -0.00101095626220789 ) );
#4090 = CARTESIAN_POINT( '', ( -0.00160196305797502, 0.00771071556035668, -0.00103627763302581 ) );
#4091 = CARTESIAN_POINT( '', ( -0.00162601011086507, 0.00769553986229818, -0.00106032468591586 ) );
#4092 = CARTESIAN_POINT( '', ( -0.00164846674670888, 0.00767650649287706, -0.00108278132175942 ) );
#4093 = CARTESIAN_POINT( '', ( -0.00166905390859823, 0.00765388204394520, -0.00110336848364902 ) );
#4094 = CARTESIAN_POINT( '', ( -0.00168742271741553, 0.00762811088771774, -0.00112173729246632 ) );
#4095 = CARTESIAN_POINT( '', ( -0.00170340381566485, 0.00759949331547116, -0.00113771839071564 ) );
#4096 = CARTESIAN_POINT( '', ( -0.00171674909363592, 0.00756850700964608, -0.00115106366868670 ) );
#4097 = CARTESIAN_POINT( '', ( -0.00172729611635057, 0.00753562085780612, -0.00116161069140135 ) );
#4098 = CARTESIAN_POINT( '', ( -0.00173493806061275, 0.00750120620057258, -0.00116925263566353 ) );
#4099 = CARTESIAN_POINT( '', ( -0.00173954867784971, 0.00746584505720052, -0.00117386325290050 ) );
#4100 = CARTESIAN_POINT( '', ( -0.00174058068644000, 0.00744201216434570, -0.00117489526149078 ) );
#4101 = CARTESIAN_POINT( '', ( -0.00174058068644000, 0.00743000000025476, -0.00117489526149078 ) );
#4102 = CARTESIAN_POINT( '', ( -0.00152381007732778, 0.00773000000025356, -0.000958124652378562 ) );
#4103 = VECTOR( '', #5007, 1.00000000000000 );
#4104 = CARTESIAN_POINT( '', ( 0.00279809703936420, -0.000200000000253987, 0.00229809703911042 ) );
#4105 = AXIS2_PLACEMENT_3D( '', #5008, #5009, #5010 );
#4106 = CARTESIAN_POINT( '', ( -0.00460000000025338, -0.00397000000025336, 0.000000000000000 ) );
#4107 = AXIS2_PLACEMENT_3D( '', #5011, #5012, #5013 );
#4108 = CARTESIAN_POINT( '', ( 0.00455000000025358, -0.00397000000025336, 0.000000000000000 ) );
#4109 = AXIS2_PLACEMENT_3D( '', #5014, #5015, #5016 );
#4110 = CARTESIAN_POINT( '', ( -0.000300000000000070, -0.00906999999999928, 0.00283999999999880 ) );
#4111 = CARTESIAN_POINT( '', ( -0.000300000000254070, -0.00647000000025352, 0.00284000000025280 ) );
#4112 = VECTOR( '', #5017, 1.00000000000000 );
#4113 = CARTESIAN_POINT( '', ( 0.000300000000000070, -0.00906999999999928, 0.00283999999999880 ) );
#4114 = AXIS2_PLACEMENT_3D( '', #5018, #5019, #5020 );
#4115 = CARTESIAN_POINT( '', ( 0.000300000000254070, -0.00907000000025328, 0.00284000000025280 ) );
#4116 = VECTOR( '', #5021, 1.00000000000000 );
#4117 = CARTESIAN_POINT( '', ( 0.00375000000050773, -0.000200000000253987, 0.000000000000000 ) );
#4118 = AXIS2_PLACEMENT_3D( '', #5022, #5023, #5024 );
#4119 = CARTESIAN_POINT( '', ( 0.00274999999999967, 0.000000000000000, 0.000000000000000 ) );
#4120 = AXIS2_PLACEMENT_3D( '', #5025, #5026, #5027 );
#4121 = CARTESIAN_POINT( '', ( 0.000118572908441161, -0.00641999999999972, 0.000711717083878454 ) );
#4122 = CARTESIAN_POINT( '', ( 0.000118572908695161, -0.00642000000025372, 0.000711717084132454 ) );
#4123 = CARTESIAN_POINT( '', ( 0.000109387889957819, -0.00642000000025372, 0.000729625305022570 ) );
#4124 = CARTESIAN_POINT( '', ( 0.000100202871220501, -0.00642000000025372, 0.000747533525912686 ) );
#4125 = CARTESIAN_POINT( '', ( 9.10178524831588E-05, -0.00642000000025372, 0.000765441746802802 ) );
#4126 = CARTESIAN_POINT( '', ( 0.000118572908695161, -0.00647000000025352, 0.000711717084132454 ) );
#4127 = VECTOR( '', #5028, 1.00000000000000 );
#4128 = CARTESIAN_POINT( '', ( 0.000500000000254032, -0.000200000000253987, 0.00325000000025370 ) );
#4129 = AXIS2_PLACEMENT_3D( '', #5029, #5030, #5031 );
#4130 = CARTESIAN_POINT( '', ( -0.000500000000254032, 0.000000000000000, 0.00325000000025370 ) );
#4131 = AXIS2_PLACEMENT_3D( '', #5032, #5033, #5034 );
#4132 = CARTESIAN_POINT( '', ( -0.00137178715550199, -0.00906999999999928, 0.00179605122421371 ) );
#4133 = CARTESIAN_POINT( '', ( -0.00137178715575599, -0.00907000000025328, 0.00179605122446771 ) );
#4134 = VECTOR( '', #5035, 1.00000000000000 );
#4135 = CARTESIAN_POINT( '', ( -0.00179605122421371, -0.00906999999999928, 0.00137178715550199 ) );
#4136 = AXIS2_PLACEMENT_3D( '', #5036, #5037, #5038 );
#4137 = CARTESIAN_POINT( '', ( -0.00179605122446771, -0.00647000000025352, 0.00137178715575599 ) );
#4138 = VECTOR( '', #5039, 1.00000000000000 );
#4139 = CARTESIAN_POINT( '', ( -0.00125756181131407, 0.00743000000000076, -0.00168182588002579 ) );
#4140 = CARTESIAN_POINT( '', ( -0.00104285800544517, 0.00772999999999956, -0.00146712207415715 ) );
#4141 = CARTESIAN_POINT( '', ( -0.00125756181156807, 0.00743000000025476, -0.00168182588027979 ) );
#4142 = CARTESIAN_POINT( '', ( -0.00125756181156807, 0.00744207132853268, -0.00168182588027979 ) );
#4143 = CARTESIAN_POINT( '', ( -0.00125652825899789, 0.00746601678467012, -0.00168079232770987 ) );
#4144 = CARTESIAN_POINT( '', ( -0.00125191218871519, 0.00750153658050364, -0.00167617625742691 ) );
#4145 = CARTESIAN_POINT( '', ( -0.00124426751593523, 0.00753607839565406, -0.00166853158464720 ) );
#4146 = CARTESIAN_POINT( '', ( -0.00123372615512899, 0.00756905703451504, -0.00165799022384096 ) );
#4147 = CARTESIAN_POINT( '', ( -0.00122040956376680, 0.00760008235245666, -0.00164467363247877 ) );
#4148 = CARTESIAN_POINT( '', ( -0.00120448535851088, 0.00762869761941448, -0.00162874942722260 ) );
#4149 = CARTESIAN_POINT( '', ( -0.00118621865992065, 0.00765441604755334, -0.00161048272863262 ) );
#4150 = CARTESIAN_POINT( '', ( -0.00116578854319143, 0.00767695009082654, -0.00159005261190315 ) );
#4151 = CARTESIAN_POINT( '', ( -0.00114354782828687, 0.00769587092546384, -0.00156781189699859 ) );
#4152 = CARTESIAN_POINT( '', ( -0.00111978731701550, 0.00771092355734480, -0.00154405138572748 ) );
#4153 = CARTESIAN_POINT( '', ( -0.00109481584394534, 0.00772187520555068, -0.00151907991265731 ) );
#4154 = CARTESIAN_POINT( '', ( -0.00106904933257651, 0.00772851066711844, -0.00149331340128848 ) );
#4155 = CARTESIAN_POINT( '', ( -0.00105164327244077, 0.00773000000025356, -0.00147590734115249 ) );
#4156 = CARTESIAN_POINT( '', ( -0.00104285800569917, 0.00773000000025356, -0.00146712207441115 ) );
#4157 = CARTESIAN_POINT( '', ( -0.00125756181131407, 0.00652999999999928, -0.00168182588002579 ) );
#4158 = CARTESIAN_POINT( '', ( -0.00125756181156807, 0.00653000000025328, -0.00168182588027979 ) );
#4159 = VECTOR( '', #5040, 1.00000000000000 );
#4160 = CARTESIAN_POINT( '', ( 0.00168182588002579, 0.00652999999999928, 0.00125756181131407 ) );
#4161 = CARTESIAN_POINT( '', ( 0.00168182588027979, 0.00653000000025328, 0.00125756181156807 ) );
#4162 = VECTOR( '', #5041, 1.00000000000000 );
#4163 = CARTESIAN_POINT( '', ( 0.00168182588002579, 0.00743000000000076, 0.00125756181131407 ) );
#4164 = CARTESIAN_POINT( '', ( 0.00168182588027979, 0.00653000000025328, 0.00125756181156807 ) );
#4165 = VECTOR( '', #5042, 1.00000000000000 );
#4166 = CARTESIAN_POINT( '', ( 0.00146712207415715, 0.00772999999999956, 0.00104285800544517 ) );
#4167 = CARTESIAN_POINT( '', ( 0.00146712207441115, 0.00773000000025356, 0.00104285800569917 ) );
#4168 = CARTESIAN_POINT( '', ( 0.00147591034372103, 0.00773000000025356, 0.00105164627500906 ) );
#4169 = CARTESIAN_POINT( '', ( 0.00149332237728247, 0.00772850980808536, 0.00106905830857050 ) );
#4170 = CARTESIAN_POINT( '', ( 0.00151910287825197, 0.00772186815278856, 0.00109483880954025 ) );
#4171 = CARTESIAN_POINT( '', ( 0.00154407799480431, 0.00771090843511444, 0.00111981392609233 ) );
#4172 = CARTESIAN_POINT( '', ( 0.00156782433791147, 0.00769586276216546, 0.00114356026919950 ) );
#4173 = CARTESIAN_POINT( '', ( 0.00159008967268755, 0.00767691407962856, 0.00116582560397557 ) );
#4174 = CARTESIAN_POINT( '', ( 0.00161049017631013, 0.00765440490196730, 0.00118622610759816 ) );
#4175 = CARTESIAN_POINT( '', ( 0.00162876162991473, 0.00762867961692826, 0.00120449756120275 ) );
#4176 = CARTESIAN_POINT( '', ( 0.00164468461625995, 0.00760005865464020, 0.00122042054754798 ) );
#4177 = CARTESIAN_POINT( '', ( 0.00165799250756639, 0.00756905065309270, 0.00123372843885467 ) );
#4178 = CARTESIAN_POINT( '', ( 0.00166853643997531, 0.00753606061571756, 0.00124427237126359 ) );
#4179 = CARTESIAN_POINT( '', ( 0.00167617686162840, 0.00750153125280792, 0.00125191279291642 ) );
#4180 = CARTESIAN_POINT( '', ( 0.00168079278143946, 0.00746601172828704, 0.00125652871272749 ) );
#4181 = CARTESIAN_POINT( '', ( 0.00168182588027979, 0.00744206973007512, 0.00125756181156807 ) );
#4182 = CARTESIAN_POINT( '', ( 0.00168182588027979, 0.00743000000025476, 0.00125756181156807 ) );
#4183 = CARTESIAN_POINT( '', ( 0.00146712207441115, 0.00773000000025356, 0.00104285800569917 ) );
#4184 = VECTOR( '', #5043, 1.00000000000000 );
#4185 = CARTESIAN_POINT( '', ( 0.000500000000000032, 0.000000000000000, -0.00274999999999916 ) );
#4186 = CARTESIAN_POINT( '', ( 0.000500000000000032, -0.000199999999999987, -0.00274999999999916 ) );
#4187 = CARTESIAN_POINT( '', ( 0.000500000000254032, 0.000000000000000, -0.00275000000025316 ) );
#4188 = VECTOR( '', #5044, 1.00000000000000 );
#4189 = CARTESIAN_POINT( '', ( -0.000500000000000032, -0.000199999999999987, -0.00274999999999916 ) );
#4190 = CARTESIAN_POINT( '', ( -0.000500000000254032, -0.000200000000253987, -0.00275000000025316 ) );
#4191 = VECTOR( '', #5045, 1.00000000000000 );
#4192 = CARTESIAN_POINT( '', ( -0.000500000000000032, 0.000000000000000, -0.00274999999999916 ) );
#4193 = CARTESIAN_POINT( '', ( -0.000500000000254032, 0.000000000000000, -0.00275000000025316 ) );
#4194 = VECTOR( '', #5046, 1.00000000000000 );
#4195 = CARTESIAN_POINT( '', ( -0.000500000000254032, 0.000000000000000, -0.00275000000025316 ) );
#4196 = VECTOR( '', #5047, 1.00000000000000 );
#4197 = CARTESIAN_POINT( '', ( -0.000300000000000070, -0.00906999999999928, -0.00283999999999880 ) );
#4198 = CARTESIAN_POINT( '', ( -0.000300000000254070, -0.00907000000025328, -0.00284000000025280 ) );
#4199 = VECTOR( '', #5048, 1.00000000000000 );
#4200 = CARTESIAN_POINT( '', ( -0.000300000000000070, -0.00906999999999928, -0.00223999999999993 ) );
#4201 = CARTESIAN_POINT( '', ( -0.000300000000254070, -0.00907000000025328, -0.00224000000025393 ) );
#4202 = VECTOR( '', #5049, 1.00000000000000 );
#4203 = CARTESIAN_POINT( '', ( -0.000300000000254070, -0.00907000000025328, -0.00224000000025393 ) );
#4204 = VECTOR( '', #5050, 1.00000000000000 );
#4205 = CARTESIAN_POINT( '', ( 0.000300000000000070, -0.00906999999999928, 0.00223999999999993 ) );
#4206 = CARTESIAN_POINT( '', ( 0.000300000000254070, -0.00907000000025328, 0.00224000000025393 ) );
#4207 = VECTOR( '', #5051, 1.00000000000000 );
#4208 = CARTESIAN_POINT( '', ( -0.000300000000000070, -0.00906999999999928, 0.00223999999999993 ) );
#4209 = CARTESIAN_POINT( '', ( -0.000300000000254070, -0.00907000000025328, 0.00224000000025393 ) );
#4210 = VECTOR( '', #5052, 1.00000000000000 );
#4211 = AXIS2_PLACEMENT_3D( '', #5053, #5054, #5055 );
#4212 = CARTESIAN_POINT( '', ( 0.00438524690520112, -0.00264999999999956, 0.00121330522969889 ) );
#4213 = CARTESIAN_POINT( '', ( 0.00438524690520112, -0.00300000000000070, 0.00121330522969889 ) );
#4214 = CARTESIAN_POINT( '', ( 0.00438524690545512, -0.00265000000025356, 0.00121330522995289 ) );
#4215 = VECTOR( '', #5056, 1.00000000000000 );
#4216 = CARTESIAN_POINT( '', ( 0.00419248879947858, -0.00204999999999993, 0.00115997313169019 ) );
#4217 = CARTESIAN_POINT( '', ( 0.00419248879973258, -0.00205000000025393, 0.00115997313194419 ) );
#4218 = VECTOR( '', #5057, 1.00000000000000 );
#4219 = CARTESIAN_POINT( '', ( 0.00419248879947858, -0.00300000000000070, 0.00115997313169019 ) );
#4220 = CARTESIAN_POINT( '', ( 0.00419248879973258, -0.00300000000025470, 0.00115997313194419 ) );
#4221 = VECTOR( '', #5058, 1.00000000000000 );
#4222 = CARTESIAN_POINT( '', ( 0.00438524690545512, -0.00300000000025470, 0.00121330522995289 ) );
#4223 = VECTOR( '', #5059, 1.00000000000000 );
#4224 = CARTESIAN_POINT( '', ( -0.000651352307449244, -0.00641999999999972, 0.000379901867872672 ) );
#4225 = CARTESIAN_POINT( '', ( -0.000651352307703244, -0.00642000000025372, 0.000379901868126672 ) );
#4226 = CARTESIAN_POINT( '', ( -0.000680087561853652, -0.00642000000025372, 0.000341045133831660 ) );
#4227 = CARTESIAN_POINT( '', ( -0.000708822816004060, -0.00642000000025372, 0.000302188399536394 ) );
#4228 = CARTESIAN_POINT( '', ( -0.000737558070154214, -0.00642000000025372, 0.000263331665241128 ) );
#4229 = CARTESIAN_POINT( '', ( -0.000651352307703244, -0.00647000000025352, 0.000379901868126672 ) );
#4230 = VECTOR( '', #5060, 1.00000000000000 );
#4231 = CARTESIAN_POINT( '', ( -0.000158796628543090, -0.00641999999999972, 0.000703546626499056 ) );
#4232 = CARTESIAN_POINT( '', ( -0.000158796628543090, -0.00646999999999952, 0.000703546626499056 ) );
#4233 = CARTESIAN_POINT( '', ( -0.000158796628797090, -0.00642000000025372, 0.000703546626753056 ) );
#4234 = VECTOR( '', #5061, 1.00000000000000 );
#4235 = CARTESIAN_POINT( '', ( -0.000211929447370103, -0.00641999999999972, 0.000453564822157848 ) );
#4236 = CARTESIAN_POINT( '', ( -0.000211929447624103, -0.00642000000025372, 0.000453564822411848 ) );
#4237 = CARTESIAN_POINT( '', ( -0.000194218508015090, -0.00642000000025372, 0.000536892090525584 ) );
#4238 = CARTESIAN_POINT( '', ( -0.000176507568406077, -0.00642000000025372, 0.000620219358639320 ) );
#4239 = CARTESIAN_POINT( '', ( -0.000158796628797090, -0.00642000000025372, 0.000703546626753056 ) );
#4240 = CARTESIAN_POINT( '', ( -0.000211929447370103, -0.00646999999999952, 0.000453564822157848 ) );
#4241 = CARTESIAN_POINT( '', ( -0.000211929447624103, -0.00647000000025352, 0.000453564822411848 ) );
#4242 = VECTOR( '', #5062, 1.00000000000000 );
#4243 = CARTESIAN_POINT( '', ( -0.000158796628797090, -0.00647000000025352, 0.000703546626753056 ) );
#4244 = CARTESIAN_POINT( '', ( -0.000176507568406077, -0.00647000000025352, 0.000620219358639320 ) );
#4245 = CARTESIAN_POINT( '', ( -0.000194218508015090, -0.00647000000025352, 0.000536892090525584 ) );
#4246 = CARTESIAN_POINT( '', ( -0.000211929447624103, -0.00647000000025352, 0.000453564822411848 ) );
#4247 = CARTESIAN_POINT( '', ( -0.00159857660709515, -0.00641999999999972, -0.000747276960889368 ) );
#4248 = CARTESIAN_POINT( '', ( -0.00159857660734915, -0.00647000000025352, -0.000747276961143368 ) );
#4249 = VECTOR( '', #5063, 1.00000000000000 );
#4250 = CARTESIAN_POINT( '', ( -0.00108426687075783, -0.00641999999999972, -8.19916861169094E-05 ) );
#4251 = CARTESIAN_POINT( '', ( -0.00108426687101183, -0.00642000000025372, -8.19916863709094E-05 ) );
#4252 = CARTESIAN_POINT( '', ( -0.00125570344979102, -0.00642000000025372, -0.000303753444628294 ) );
#4253 = CARTESIAN_POINT( '', ( -0.00142714002856996, -0.00642000000025372, -0.000525515202885958 ) );
#4254 = CARTESIAN_POINT( '', ( -0.00159857660734915, -0.00642000000025372, -0.000747276961143368 ) );
#4255 = CARTESIAN_POINT( '', ( -0.00108426687101183, -0.00647000000025352, -8.19916863709094E-05 ) );
#4256 = VECTOR( '', #5064, 1.00000000000000 );
#4257 = CARTESIAN_POINT( '', ( -0.00179809703885613, -0.000200000000253987, 0.00229809703911042 ) );
#4258 = AXIS2_PLACEMENT_3D( '', #5065, #5066, #5067 );
#4259 = CARTESIAN_POINT( '', ( -0.00279809703936420, 0.000000000000000, 0.00229809703911042 ) );
#4260 = AXIS2_PLACEMENT_3D( '', #5068, #5069, #5070 );
#4261 = CARTESIAN_POINT( '', ( -0.00442690636901182, -0.00199999999999987, 0.00125000000000008 ) );
#4262 = CARTESIAN_POINT( '', ( -0.00442690636926582, -0.00200000000025387, 0.00125000000025408 ) );
#4263 = VECTOR( '', #5071, 1.00000000000000 );
#4264 = CARTESIAN_POINT( '', ( -0.00442690636901182, -0.00300000000000070, 0.00125000000000008 ) );
#4265 = CARTESIAN_POINT( '', ( -0.00442690636926582, -0.00300000000025470, 0.00125000000025408 ) );
#4266 = VECTOR( '', #5072, 1.00000000000000 );
#4267 = CARTESIAN_POINT( '', ( -0.00442690636926582, -0.00300000000025470, 0.00125000000025408 ) );
#4268 = VECTOR( '', #5073, 1.00000000000000 );
#4269 = CARTESIAN_POINT( '', ( 0.00455000000025358, -0.00402000000025316, 0.000000000000000 ) );
#4270 = AXIS2_PLACEMENT_3D( '', #5074, #5075, #5076 );
#4271 = CARTESIAN_POINT( '', ( -0.00438524690520112, -0.00264999999999956, 0.00121330522969889 ) );
#4272 = CARTESIAN_POINT( '', ( -0.00438524690520112, -0.00300000000000070, 0.00121330522969889 ) );
#4273 = CARTESIAN_POINT( '', ( -0.00438524690545512, -0.00265000000025356, 0.00121330522995289 ) );
#4274 = VECTOR( '', #5077, 1.00000000000000 );
#4275 = CARTESIAN_POINT( '', ( -0.00438524690545512, -0.00300000000025470, 0.00121330522995289 ) );
#4276 = VECTOR( '', #5078, 1.00000000000000 );
#4277 = CARTESIAN_POINT( '', ( -0.00419248879973258, -0.00205000000025393, 0.00115997313194419 ) );
#4278 = VECTOR( '', #5079, 1.00000000000000 );
#4279 = CARTESIAN_POINT( '', ( 0.000185151466048423, -0.00646999999999952, 6.40578087498616E-05 ) );
#4280 = CARTESIAN_POINT( '', ( 0.000185151466048423, -0.00641999999999972, 6.40578087498616E-05 ) );
#4281 = CARTESIAN_POINT( '', ( 0.000185151466302423, -0.00647000000025352, 6.40578090038616E-05 ) );
#4282 = VECTOR( '', #5080, 1.00000000000000 );
#4283 = CARTESIAN_POINT( '', ( 0.000158943374874692, -0.00641999999999972, 0.000117782471420210 ) );
#4284 = CARTESIAN_POINT( '', ( 0.000158943375128692, -0.00642000000025372, 0.000117782471674210 ) );
#4285 = CARTESIAN_POINT( '', ( 0.000167679405519944, -0.00642000000025372, 9.98742507840936E-05 ) );
#4286 = CARTESIAN_POINT( '', ( 0.000176415435911171, -0.00642000000025372, 8.19660298939776E-05 ) );
#4287 = CARTESIAN_POINT( '', ( 0.000185151466302423, -0.00642000000025372, 6.40578090038616E-05 ) );
#4288 = CARTESIAN_POINT( '', ( 0.000158943374874692, -0.00646999999999952, 0.000117782471420210 ) );
#4289 = CARTESIAN_POINT( '', ( 0.000158943375128692, -0.00647000000025352, 0.000117782471674210 ) );
#4290 = VECTOR( '', #5081, 1.00000000000000 );
#4291 = CARTESIAN_POINT( '', ( 0.000185151466302423, -0.00647000000025352, 6.40578090038616E-05 ) );
#4292 = CARTESIAN_POINT( '', ( 0.000176415435911171, -0.00647000000025352, 8.19660298939776E-05 ) );
#4293 = CARTESIAN_POINT( '', ( 0.000167679405519944, -0.00647000000025352, 9.98742507840936E-05 ) );
#4294 = CARTESIAN_POINT( '', ( 0.000158943375128692, -0.00647000000025352, 0.000117782471674210 ) );
#4295 = CARTESIAN_POINT( '', ( -0.000245598190305406, -0.00641999999999972, 0.000295158524606332 ) );
#4296 = CARTESIAN_POINT( '', ( -0.000245598190559406, -0.00642000000025372, 0.000295158524860332 ) );
#4297 = VECTOR( '', #5082, 1.00000000000000 );
#4298 = CARTESIAN_POINT( '', ( -0.000467164459641018, -0.00641999999999972, -0.000747276960889368 ) );
#4299 = CARTESIAN_POINT( '', ( -0.000467164459895018, -0.00642000000025372, -0.000747276961143368 ) );
#4300 = CARTESIAN_POINT( '', ( -0.000393309036783198, -0.00642000000025372, -0.000399798465978304 ) );
#4301 = CARTESIAN_POINT( '', ( -0.000319453613671378, -0.00642000000025372, -5.23199708129860E-05 ) );
#4302 = CARTESIAN_POINT( '', ( -0.000245598190559406, -0.00642000000025372, 0.000295158524860332 ) );
#4303 = CARTESIAN_POINT( '', ( -0.000467164459895018, -0.00647000000025352, -0.000747276961143368 ) );
#4304 = VECTOR( '', #5083, 1.00000000000000 );
#4305 = CARTESIAN_POINT( '', ( -0.000500000000000032, 0.000000000000000, -0.00375000000000024 ) );
#4306 = CARTESIAN_POINT( '', ( -0.000500000000000032, -0.000199999999999987, -0.00375000000000024 ) );
#4307 = CARTESIAN_POINT( '', ( -0.000500000000254032, 0.000000000000000, -0.00375000000025424 ) );
#4308 = VECTOR( '', #5084, 1.00000000000000 );
#4309 = CARTESIAN_POINT( '', ( 0.000500000000000032, -0.000199999999999987, -0.00375000000000024 ) );
#4310 = CARTESIAN_POINT( '', ( 0.000500000000254032, -0.000200000000253987, -0.00375000000025424 ) );
#4311 = VECTOR( '', #5085, 1.00000000000000 );
#4312 = CARTESIAN_POINT( '', ( 0.000500000000000032, 0.000000000000000, -0.00375000000000024 ) );
#4313 = CARTESIAN_POINT( '', ( 0.000500000000254032, 0.000000000000000, -0.00375000000025424 ) );
#4314 = VECTOR( '', #5086, 1.00000000000000 );
#4315 = CARTESIAN_POINT( '', ( 0.000500000000254032, 0.000000000000000, -0.00375000000025424 ) );
#4316 = VECTOR( '', #5087, 1.00000000000000 );
#4317 = CARTESIAN_POINT( '', ( 0.000500000000254032, -0.000200000000253987, -0.00275000000025316 ) );
#4318 = VECTOR( '', #5088, 1.00000000000000 );
#4319 = CARTESIAN_POINT( '', ( 0.000500000000254032, 0.000000000000000, -0.00275000000025316 ) );
#4320 = VECTOR( '', #5089, 1.00000000000000 );
#4321 = CARTESIAN_POINT( '', ( -0.000500000000254032, -0.000200000000253987, -0.00375000000025424 ) );
#4322 = VECTOR( '', #5090, 1.00000000000000 );
#4323 = CARTESIAN_POINT( '', ( -0.000500000000254032, 0.000000000000000, -0.00375000000025424 ) );
#4324 = VECTOR( '', #5091, 1.00000000000000 );
#4325 = CARTESIAN_POINT( '', ( -0.00410000000025284, 0.000000000000000, 0.000000000000000 ) );
#4326 = AXIS2_PLACEMENT_3D( '', #5092, #5093, #5094 );
#4327 = CARTESIAN_POINT( '', ( -0.00220000000025409, 0.000000000000000, 0.000000000000000 ) );
#4328 = AXIS2_PLACEMENT_3D( '', #5095, #5096, #5097 );
#4329 = CARTESIAN_POINT( '', ( -0.00279809703936420, 0.000000000000000, -0.00229809703911017 ) );
#4330 = AXIS2_PLACEMENT_3D( '', #5098, #5099, #5100 );
#4331 = CARTESIAN_POINT( '', ( -0.00375000000050773, 0.000000000000000, 0.000000000000000 ) );
#4332 = AXIS2_PLACEMENT_3D( '', #5101, #5102, #5103 );
#4333 = CARTESIAN_POINT( '', ( 0.00179809703885613, 0.000000000000000, 0.00229809703911042 ) );
#4334 = AXIS2_PLACEMENT_3D( '', #5104, #5105, #5106 );
#4335 = CARTESIAN_POINT( '', ( 0.00179809703885613, 0.000000000000000, -0.00229809703911017 ) );
#4336 = AXIS2_PLACEMENT_3D( '', #5107, #5108, #5109 );
#4337 = CARTESIAN_POINT( '', ( 0.00460000000025338, -0.000500000000254032, 0.000000000000000 ) );
#4338 = AXIS2_PLACEMENT_3D( '', #5110, #5111, #5112 );
#4339 = CARTESIAN_POINT( '', ( 0.000380000000000004, -0.00507000000000004, -0.00521427747851334 ) );
#4340 = CARTESIAN_POINT( '', ( 0.000380000000000004, -0.00507000000000004, -0.00458427747851332 ) );
#4341 = CARTESIAN_POINT( '', ( 0.000380000000254004, -0.00507000000025404, -0.00521427747876734 ) );
#4342 = VECTOR( '', #5113, 1.00000000000000 );
#4343 = CARTESIAN_POINT( '', ( -0.000380000000000004, -0.00507000000000004, -0.00521427747851334 ) );
#4344 = CARTESIAN_POINT( '', ( -0.000380000000254004, -0.00507000000025404, -0.00521427747876734 ) );
#4345 = VECTOR( '', #5114, 1.00000000000000 );
#4346 = CARTESIAN_POINT( '', ( -0.000380000000000004, -0.00507000000000004, -0.00458427747851332 ) );
#4347 = CARTESIAN_POINT( '', ( -0.000380000000254004, -0.00507000000025404, -0.00458427747876732 ) );
#4348 = VECTOR( '', #5115, 1.00000000000000 );
#4349 = AXIS2_PLACEMENT_3D( '', #5116, #5117, #5118 );
#4350 = CARTESIAN_POINT( '', ( 0.000417406723366240, -0.00641999999999972, 2.50727920698426E-05 ) );
#4351 = CARTESIAN_POINT( '', ( 0.000417406723620240, -0.00647000000025352, 2.50727923240128E-05 ) );
#4352 = CARTESIAN_POINT( '', ( 0.000417406723620240, -0.00646443985522448, 2.50727923240128E-05 ) );
#4353 = CARTESIAN_POINT( '', ( 0.000417273386762962, -0.00645333771913822, 2.44481926674005E-05 ) );
#4354 = CARTESIAN_POINT( '', ( 0.000417273386762962, -0.00643666228137156, 2.44481926675021E-05 ) );
#4355 = CARTESIAN_POINT( '', ( 0.000417406723620240, -0.00642556014528530, 2.50727923238426E-05 ) );
#4356 = CARTESIAN_POINT( '', ( 0.000417406723620240, -0.00642000000025372, 2.50727923238426E-05 ) );
#4357 = CARTESIAN_POINT( '', ( 9.98308523051554E-05, -0.00642000000025372, -0.000204719443717444 ) );
#4358 = CARTESIAN_POINT( '', ( 0.000253000019517212, -0.00642000000025372, -0.000204719443717444 ) );
#4359 = CARTESIAN_POINT( '', ( 0.000386811374893102, -0.00642000000025372, -0.000118706104843500 ) );
#4360 = CARTESIAN_POINT( '', ( 0.000417406723620240, -0.00642000000025372, 2.50727923238426E-05 ) );
#4361 = CARTESIAN_POINT( '', ( -9.56330173634024E-05, -0.00641999999999972, 0.000582716317924952 ) );
#4362 = CARTESIAN_POINT( '', ( -9.56330176174024E-05, -0.00642000000025372, 0.000582716318178952 ) );
#4363 = CARTESIAN_POINT( '', ( -0.000138789839622534, -0.00642000000025372, 0.000551096858261026 ) );
#4364 = CARTESIAN_POINT( '', ( -0.000178955182454223, -0.00642000000025372, 0.000505406366675212 ) );
#4365 = CARTESIAN_POINT( '', ( -0.000211929447624103, -0.00642000000025372, 0.000453564822411848 ) );
#4366 = CARTESIAN_POINT( '', ( -9.56330173634024E-05, -0.00646999999999952, 0.000582716317924952 ) );
#4367 = CARTESIAN_POINT( '', ( -9.56330176174024E-05, -0.00647000000025352, 0.000582716318178952 ) );
#4368 = VECTOR( '', #5119, 1.00000000000000 );
#4369 = CARTESIAN_POINT( '', ( -0.000211929447624103, -0.00647000000025352, 0.000453564822411848 ) );
#4370 = CARTESIAN_POINT( '', ( -0.000178955182454223, -0.00647000000025352, 0.000505406366675212 ) );
#4371 = CARTESIAN_POINT( '', ( -0.000138789839622534, -0.00647000000025352, 0.000551096858261026 ) );
#4372 = CARTESIAN_POINT( '', ( -9.56330176174024E-05, -0.00647000000025352, 0.000582716318178952 ) );
#4373 = CARTESIAN_POINT( '', ( -0.00386410161564618, -0.00737000000025500, -0.00200000000025387 ) );
#4374 = AXIS2_PLACEMENT_3D( '', #5120, #5121, #5122 );
#4375 = CARTESIAN_POINT( '', ( -0.000772694615042274, -0.00641999999999972, -0.000170968348075244 ) );
#4376 = CARTESIAN_POINT( '', ( -0.000772694615296274, -0.00647000000025352, -0.000170968348329244 ) );
#4377 = VECTOR( '', #5123, 1.00000000000000 );
#4378 = CARTESIAN_POINT( '', ( -0.00113879971245139, -0.00641999999999972, -0.000747276960889368 ) );
#4379 = CARTESIAN_POINT( '', ( -0.00113879971270539, -0.00642000000025372, -0.000747276961143368 ) );
#4380 = CARTESIAN_POINT( '', ( -0.00101676468023569, -0.00642000000025372, -0.000555174090205352 ) );
#4381 = CARTESIAN_POINT( '', ( -0.000894729647765980, -0.00642000000025372, -0.000363071219267336 ) );
#4382 = CARTESIAN_POINT( '', ( -0.000772694615296274, -0.00642000000025372, -0.000170968348329244 ) );
#4383 = CARTESIAN_POINT( '', ( -0.00113879971270539, -0.00647000000025352, -0.000747276961143368 ) );
#4384 = VECTOR( '', #5124, 1.00000000000000 );
#4385 = CARTESIAN_POINT( '', ( 0.000115878978364567, -0.00646999999999952, -5.95550970504008E-05 ) );
#4386 = CARTESIAN_POINT( '', ( 0.000115878978364592, -0.00641999999999972, -5.95550970504008E-05 ) );
#4387 = CARTESIAN_POINT( '', ( 0.000115878978618567, -0.00647000000025352, -5.95550973044008E-05 ) );
#4388 = VECTOR( '', #5125, 1.00000000000000 );
#4389 = CARTESIAN_POINT( '', ( 0.000194002950585881, -0.00641999999999972, -1.78953926482567E-06 ) );
#4390 = CARTESIAN_POINT( '', ( 0.000194002950839881, -0.00642000000025372, -1.78953951882567E-06 ) );
#4391 = CARTESIAN_POINT( '', ( 0.000187152671502240, -0.00642000000025372, -3.40397310071938E-05 ) );
#4392 = CARTESIAN_POINT( '', ( 0.000158866405697948, -0.00642000000025372, -5.95550973044008E-05 ) );
#4393 = CARTESIAN_POINT( '', ( 0.000115878978618592, -0.00642000000025372, -5.95550973044008E-05 ) );
#4394 = CARTESIAN_POINT( '', ( 0.000194002950585804, -0.00646999999999952, -1.78953926516476E-06 ) );
#4395 = CARTESIAN_POINT( '', ( 0.000194002950839804, -0.00647000000025352, -1.78953951916476E-06 ) );
#4396 = VECTOR( '', #5126, 1.00000000000000 );
#4397 = CARTESIAN_POINT( '', ( 0.000115878978618567, -0.00647000000025352, -5.95550973044008E-05 ) );
#4398 = CARTESIAN_POINT( '', ( 0.000158866405697948, -0.00647000000025352, -5.95550973044008E-05 ) );
#4399 = CARTESIAN_POINT( '', ( 0.000187152671502163, -0.00647000000025352, -3.40397310075240E-05 ) );
#4400 = CARTESIAN_POINT( '', ( 0.000194002950839804, -0.00647000000025352, -1.78953951916476E-06 ) );
#4401 = CARTESIAN_POINT( '', ( 0.00115173338406584, -0.00641999999999972, 0.000786069745168008 ) );
#4402 = CARTESIAN_POINT( '', ( 0.00115173338431984, -0.00647000000025352, 0.000786069745422008 ) );
#4403 = VECTOR( '', #5127, 1.00000000000000 );
#4404 = CARTESIAN_POINT( '', ( 0.000415097446978960, -0.00641999999999972, -0.000307242534060058 ) );
#4405 = CARTESIAN_POINT( '', ( 0.000415097447232960, -0.00642000000025372, -0.000307242534314058 ) );
#4406 = CARTESIAN_POINT( '', ( 0.000402599535913364, -0.00642000000025372, -0.000366027937056708 ) );
#4407 = CARTESIAN_POINT( '', ( 0.000388651410148508, -0.00642000000025372, -0.000455006998491930 ) );
#4408 = CARTESIAN_POINT( '', ( 0.000398348481725370, -0.00642000000025372, -0.000563424470468084 ) );
#4409 = CARTESIAN_POINT( '', ( 0.000424445250835004, -0.00642000000025372, -0.000636671059796304 ) );
#4410 = CARTESIAN_POINT( '', ( 0.000474031968558754, -0.00642000000025372, -0.000698895607186432 ) );
#4411 = CARTESIAN_POINT( '', ( 0.000538851380312102, -0.00642000000025372, -0.000739100316944746 ) );
#4412 = CARTESIAN_POINT( '', ( 0.000607082570599512, -0.00642000000025372, -0.000762798688423194 ) );
#4413 = CARTESIAN_POINT( '', ( 0.000667180795823192, -0.00642000000025372, -0.000775965310104884 ) );
#4414 = CARTESIAN_POINT( '', ( 0.000736166469414434, -0.00642000000025372, -0.000784175588618762 ) );
#4415 = CARTESIAN_POINT( '', ( 0.000806275162330118, -0.00642000000025372, -0.000786612540311778 ) );
#4416 = CARTESIAN_POINT( '', ( 0.000867868219710686, -0.00642000000025372, -0.000785442682639052 ) );
#4417 = CARTESIAN_POINT( '', ( 0.000930183290668560, -0.00642000000025372, -0.000781768102240196 ) );
#4418 = CARTESIAN_POINT( '', ( 0.00100205141043165, -0.00642000000025372, -0.000772656084050756 ) );
#4419 = CARTESIAN_POINT( '', ( 0.00107839315920378, -0.00642000000025372, -0.000754769625244624 ) );
#4420 = CARTESIAN_POINT( '', ( 0.00116833299015002, -0.00642000000025372, -0.000721967187051816 ) );
#4421 = CARTESIAN_POINT( '', ( 0.00126024056440156, -0.00642000000025372, -0.000664793220295330 ) );
#4422 = CARTESIAN_POINT( '', ( 0.00134371737566859, -0.00642000000025372, -0.000572276767796474 ) );
#4423 = CARTESIAN_POINT( '', ( 0.00140633678150115, -0.00642000000025372, -0.000457797444954460 ) );
#4424 = CARTESIAN_POINT( '', ( 0.00145405300837509, -0.00642000000025372, -0.000323383802493992 ) );
#4425 = CARTESIAN_POINT( '', ( 0.00148641155082805, -0.00642000000025372, -0.000196189327429273 ) );
#4426 = CARTESIAN_POINT( '', ( 0.00151073836819718, -0.00642000000025372, -8.67672326796910E-05 ) );
#4427 = CARTESIAN_POINT( '', ( 0.00152939757627137, -0.00642000000025372, 0.000000000000000 ) );
#4428 = CARTESIAN_POINT( '', ( 0.00154818029246050, -0.00642000000025372, 8.93578438014810E-05 ) );
#4429 = CARTESIAN_POINT( '', ( 0.00157088338593154, -0.00642000000025372, 0.000201171624417186 ) );
#4430 = CARTESIAN_POINT( '', ( 0.00159293808012407, -0.00642000000025372, 0.000329958113288702 ) );
#4431 = CARTESIAN_POINT( '', ( 0.00160239777655389, -0.00642000000025372, 0.000464537988313326 ) );
#4432 = CARTESIAN_POINT( '', ( 0.00158349146907702, -0.00642000000025372, 0.000615777567671002 ) );
#4433 = CARTESIAN_POINT( '', ( 0.00148401002799052, -0.00642000000025372, 0.000748194122862254 ) );
#4434 = CARTESIAN_POINT( '', ( 0.00128786344379755, -0.00642000000025372, 0.000786069745422008 ) );
#4435 = CARTESIAN_POINT( '', ( 0.00115173338431984, -0.00642000000025372, 0.000786069745422008 ) );
#4436 = CARTESIAN_POINT( '', ( 0.000415097447232960, -0.00647000000025352, -0.000307242534314058 ) );
#4437 = VECTOR( '', #5128, 1.00000000000000 );
#4438 = CARTESIAN_POINT( '', ( 0.000300000000000070, -0.00906999999999928, -0.00223999999999993 ) );
#4439 = AXIS2_PLACEMENT_3D( '', #5129, #5130, #5131 );
#4440 = CARTESIAN_POINT( '', ( 0.000300000000254070, -0.00647000000025352, -0.00224000000025393 ) );
#4441 = VECTOR( '', #5132, 1.00000000000000 );
#4442 = CARTESIAN_POINT( '', ( -0.000890919660689246, -0.00641999999999972, -0.000747276960889368 ) );
#4443 = CARTESIAN_POINT( '', ( -0.000890919660943246, -0.00642000000025372, -0.000747276961143368 ) );
#4444 = CARTESIAN_POINT( '', ( -0.000749667927260588, -0.00642000000025372, -0.000747276961143368 ) );
#4445 = CARTESIAN_POINT( '', ( -0.000608416193577930, -0.00642000000025372, -0.000747276961143368 ) );
#4446 = CARTESIAN_POINT( '', ( -0.000467164459895018, -0.00642000000025372, -0.000747276961143368 ) );
#4447 = CARTESIAN_POINT( '', ( -0.000890919660943246, -0.00647000000025352, -0.000747276961143368 ) );
#4448 = VECTOR( '', #5133, 1.00000000000000 );
#4449 = CARTESIAN_POINT( '', ( 0.00222031529292568, -0.00906999999999928, -0.00179605122421371 ) );
#4450 = CARTESIAN_POINT( '', ( 0.00222031529317968, -0.00647000000025352, -0.00179605122446771 ) );
#4451 = VECTOR( '', #5134, 1.00000000000000 );
#4452 = CARTESIAN_POINT( '', ( 0.00179605122421371, -0.00906999999999928, -0.00222031529292568 ) );
#4453 = AXIS2_PLACEMENT_3D( '', #5135, #5136, #5137 );
#4454 = CARTESIAN_POINT( '', ( 0.00179605122446771, -0.00907000000025328, -0.00222031529317968 ) );
#4455 = VECTOR( '', #5138, 1.00000000000000 );
#4456 = CARTESIAN_POINT( '', ( -0.00179605122421371, -0.00906999999999928, 0.00222031529292568 ) );
#4457 = CARTESIAN_POINT( '', ( -0.00137178715575599, -0.00907000000025328, 0.00179605122446771 ) );
#4458 = VECTOR( '', #5139, 1.00000000000000 );
#4459 = CARTESIAN_POINT( '', ( -0.00222031529292568, -0.00906999999999928, 0.00179605122421371 ) );
#4460 = AXIS2_PLACEMENT_3D( '', #5140, #5141, #5142 );
#4461 = CARTESIAN_POINT( '', ( -0.00179605122446771, -0.00907000000025328, 0.00137178715575599 ) );
#4462 = VECTOR( '', #5143, 1.00000000000000 );
#4463 = CARTESIAN_POINT( '', ( -0.00283999999999880, -0.00906999999999928, -0.000300000000000070 ) );
#4464 = CARTESIAN_POINT( '', ( -0.00284000000025280, -0.00647000000025352, -0.000300000000254070 ) );
#4465 = VECTOR( '', #5144, 1.00000000000000 );
#4466 = CARTESIAN_POINT( '', ( -0.00283999999999880, -0.00906999999999928, 0.000300000000000070 ) );
#4467 = AXIS2_PLACEMENT_3D( '', #5145, #5146, #5147 );
#4468 = CARTESIAN_POINT( '', ( -0.00284000000025280, -0.00907000000025328, 0.000300000000254070 ) );
#4469 = VECTOR( '', #5148, 1.00000000000000 );
#4470 = CARTESIAN_POINT( '', ( -0.00223999999999993, -0.00906999999999928, 0.000300000000000070 ) );
#4471 = CARTESIAN_POINT( '', ( -0.00224000000025393, -0.00907000000025328, 0.000300000000254070 ) );
#4472 = VECTOR( '', #5149, 1.00000000000000 );
#4473 = CARTESIAN_POINT( '', ( -0.00224000000025393, -0.00907000000025328, 0.000300000000254070 ) );
#4474 = VECTOR( '', #5150, 1.00000000000000 );
#4475 = CARTESIAN_POINT( '', ( -0.00223999999999993, -0.00906999999999928, -0.000300000000000070 ) );
#4476 = CARTESIAN_POINT( '', ( -0.00224000000025393, -0.00907000000025328, -0.000300000000254070 ) );
#4477 = VECTOR( '', #5151, 1.00000000000000 );
#4478 = AXIS2_PLACEMENT_3D( '', #5152, #5153, #5154 );
#4479 = CARTESIAN_POINT( '', ( 0.00137178715550199, -0.00906999999999928, -0.00179605122421371 ) );
#4480 = CARTESIAN_POINT( '', ( 0.00137178715575599, -0.00907000000025328, -0.00179605122446771 ) );
#4481 = VECTOR( '', #5155, 1.00000000000000 );
#4482 = CARTESIAN_POINT( '', ( 0.00179605122421371, -0.00906999999999928, -0.00137178715550199 ) );
#4483 = CARTESIAN_POINT( '', ( 0.00179605122446771, -0.00907000000025328, -0.00137178715575599 ) );
#4484 = VECTOR( '', #5156, 1.00000000000000 );
#4485 = AXIS2_PLACEMENT_3D( '', #5157, #5158, #5159 );
#4486 = CARTESIAN_POINT( '', ( 0.000116847687397782, 0.00743000000000076, 0.00209674667472001 ) );
#4487 = AXIS2_PLACEMENT_3D( '', #5160, #5161, #5162 );
#4488 = CARTESIAN_POINT( '', ( -0.000189949493661137, 0.00772999999999956, 0.00178994949366129 ) );
#4489 = AXIS2_PLACEMENT_3D( '', #5163, #5164, #5165 );
#4490 = CARTESIAN_POINT( '', ( -0.000189949493915137, 0.00773000000025356, 0.00178994949391529 ) );
#4491 = CARTESIAN_POINT( '', ( -0.000173410693605529, 0.00773000000025356, 0.00180648829422472 ) );
#4492 = CARTESIAN_POINT( '', ( -0.000141822979653042, 0.00772784338666738, 0.00183807600817718 ) );
#4493 = CARTESIAN_POINT( '', ( -9.88768001221790E-05, 0.00771908425006072, 0.00188102218770807 ) );
#4494 = CARTESIAN_POINT( '', ( -6.04628849014966E-05, 0.00770572296461418, 0.00191943610292885 ) );
#4495 = CARTESIAN_POINT( '', ( -2.64333134784286E-05, 0.00768858526468086, 0.00195346567435192 ) );
#4496 = CARTESIAN_POINT( '', ( 3.31765645355114E-06, 0.00766845882921880, 0.00198321664377595 ) );
#4497 = CARTESIAN_POINT( '', ( 2.90599053425826E-05, 0.00764597503995990, 0.00200895889266498 ) );
#4498 = CARTESIAN_POINT( '', ( 5.10280355105778E-05, 0.00762167812320204, 0.00203092702283303 ) );
#4499 = CARTESIAN_POINT( '', ( 6.94295458024544E-05, 0.00759608916937878, 0.00204932853312468 ) );
#4500 = CARTESIAN_POINT( '', ( 8.45732642352262E-05, 0.00756946503282020, 0.00206447225155753 ) );
#4501 = CARTESIAN_POINT( '', ( 9.65961087292402E-05, 0.00754225404136980, 0.00207649509605154 ) );
#4502 = CARTESIAN_POINT( '', ( 0.000105775522781958, 0.00751447067416804, 0.00208567451010416 ) );
#4503 = CARTESIAN_POINT( '', ( 0.000112191215971044, 0.00748649531988264, 0.00209209020329332 ) );
#4504 = CARTESIAN_POINT( '', ( 0.000116007130154364, 0.00745827070246102, 0.00209590611747656 ) );
#4505 = CARTESIAN_POINT( '', ( 0.000116847687651782, 0.00743943495080824, 0.00209674667497401 ) );
#4506 = CARTESIAN_POINT( '', ( 0.000116847687651782, 0.00743000000025476, 0.00209674667497401 ) );
#4507 = AXIS2_PLACEMENT_3D( '', #5166, #5167, #5168 );
#4508 = AXIS2_PLACEMENT_3D( '', #5169, #5170, #5171 );
#4509 = CARTESIAN_POINT( '', ( 0.00438524690520112, -0.00264999999999956, -0.00121330522969889 ) );
#4510 = AXIS2_PLACEMENT_3D( '', #5172, #5173, #5174 );
#4511 = CARTESIAN_POINT( '', ( 0.00419248879947858, -0.00204999999999993, -0.00115997313169019 ) );
#4512 = CARTESIAN_POINT( '', ( 0.00419248879973258, -0.00205000000025393, -0.00115997313194419 ) );
#4513 = VECTOR( '', #5175, 1.00000000000000 );
#4514 = AXIS2_PLACEMENT_3D( '', #5176, #5177, #5178 );
#4515 = CARTESIAN_POINT( '', ( -0.00222031529292568, -0.00906999999999928, -0.00179605122421371 ) );
#4516 = CARTESIAN_POINT( '', ( -0.00222031529317968, -0.00907000000025328, -0.00179605122446771 ) );
#4517 = VECTOR( '', #5179, 1.00000000000000 );
#4518 = CARTESIAN_POINT( '', ( -0.00179605122421371, -0.00906999999999928, -0.00137178715550199 ) );
#4519 = CARTESIAN_POINT( '', ( -0.00179605122446771, -0.00907000000025328, -0.00137178715575599 ) );
#4520 = VECTOR( '', #5180, 1.00000000000000 );
#4521 = CARTESIAN_POINT( '', ( -0.00179605122446771, -0.00907000000025328, -0.00137178715575599 ) );
#4522 = VECTOR( '', #5181, 1.00000000000000 );
#4523 = CARTESIAN_POINT( '', ( -0.000554281826378504, 0.00772999999999956, -0.00151500706916167 ) );
#4524 = CARTESIAN_POINT( '', ( -0.000554281826378504, 0.00762999999999996, -0.00151500706916167 ) );
#4525 = CARTESIAN_POINT( '', ( -0.000554281826632504, 0.00773000000025356, -0.00151500706941567 ) );
#4526 = VECTOR( '', #5182, 1.00000000000000 );
#4527 = CARTESIAN_POINT( '', ( 0.00112212074928310, 0.00762999999999996, -0.00129430448311408 ) );
#4528 = CARTESIAN_POINT( '', ( 0.00112212074953710, 0.00763000000025396, -0.00129430448336808 ) );
#4529 = VECTOR( '', #5183, 1.00000000000000 );
#4530 = CARTESIAN_POINT( '', ( 0.00112212074928310, 0.00772999999999956, -0.00129430448311408 ) );
#4531 = CARTESIAN_POINT( '', ( 0.00112212074953710, 0.00773000000025356, -0.00129430448336808 ) );
#4532 = VECTOR( '', #5184, 1.00000000000000 );
#4533 = CARTESIAN_POINT( '', ( 0.00112212074953710, 0.00773000000025356, -0.00129430448336808 ) );
#4534 = VECTOR( '', #5185, 1.00000000000000 );
#4535 = CARTESIAN_POINT( '', ( 0.000823458761875220, -0.00641999999999972, -0.000319942490135330 ) );
#4536 = CARTESIAN_POINT( '', ( 0.000823458762129220, -0.00642000000025372, -0.000319942490389330 ) );
#4537 = CARTESIAN_POINT( '', ( 0.000832156307804960, -0.00642000000025372, -0.000278969096748270 ) );
#4538 = CARTESIAN_POINT( '', ( 0.000840853853480954, -0.00642000000025372, -0.000237995703107007 ) );
#4539 = CARTESIAN_POINT( '', ( 0.000849551399156694, -0.00642000000025372, -0.000197022309465871 ) );
#4540 = CARTESIAN_POINT( '', ( 0.000823458762129220, -0.00647000000025352, -0.000319942490389330 ) );
#4541 = VECTOR( '', #5186, 1.00000000000000 );
#4542 = CARTESIAN_POINT( '', ( 0.000000000000000, -0.00641999999999972, 0.000399990889301102 ) );
#4543 = CARTESIAN_POINT( '', ( 0.000000000000000, -0.00647000000025352, 0.000399990889555102 ) );
#4544 = VECTOR( '', #5187, 1.00000000000000 );
#4545 = CARTESIAN_POINT( '', ( -5.46083107684280E-05, -0.00641999999999972, 0.000295158524606332 ) );
#4546 = CARTESIAN_POINT( '', ( -5.46083110224280E-05, -0.00642000000025372, 0.000295158524860332 ) );
#4547 = CARTESIAN_POINT( '', ( -4.66034902234148E-05, -0.00642000000025372, 0.000332796576501782 ) );
#4548 = CARTESIAN_POINT( '', ( -2.33587221339406E-05, -0.00642000000025372, 0.000366393733028442 ) );
#4549 = CARTESIAN_POINT( '', ( 0.000000000000000, -0.00642000000025372, 0.000399990889555102 ) );
#4550 = CARTESIAN_POINT( '', ( -5.46083110224280E-05, -0.00647000000025352, 0.000295158524860332 ) );
#4551 = VECTOR( '', #5188, 1.00000000000000 );
#4552 = CARTESIAN_POINT( '', ( -0.000245598190559406, -0.00642000000025372, 0.000295158524860332 ) );
#4553 = CARTESIAN_POINT( '', ( -0.000181934897380405, -0.00642000000025372, 0.000295158524860332 ) );
#4554 = CARTESIAN_POINT( '', ( -0.000118271604201429, -0.00642000000025372, 0.000295158524860332 ) );
#4555 = CARTESIAN_POINT( '', ( -5.46083110224280E-05, -0.00642000000025372, 0.000295158524860332 ) );
#4556 = CARTESIAN_POINT( '', ( 0.000000000000000, -0.00642000000025372, 0.000399990889555102 ) );
#4557 = CARTESIAN_POINT( '', ( 2.20147578069749E-05, -0.00642000000025372, 0.000356541645891152 ) );
#4558 = CARTESIAN_POINT( '', ( 4.41434691504264E-05, -0.00642000000025372, 0.000313092402227202 ) );
#4559 = CARTESIAN_POINT( '', ( 6.62721804938804E-05, -0.00642000000025372, 0.000269643158563252 ) );
#4560 = CARTESIAN_POINT( '', ( 0.00108596300548163, -0.00641999999999972, 0.000506362833786658 ) );
#4561 = CARTESIAN_POINT( '', ( 0.00108596300573563, -0.00647000000025352, 0.000506362834040658 ) );
#4562 = VECTOR( '', #5189, 1.00000000000000 );
#4563 = CARTESIAN_POINT( '', ( 0.000936103523792256, -0.00641999999999972, 0.000250016144641184 ) );
#4564 = CARTESIAN_POINT( '', ( 0.000936103524046256, -0.00642000000025372, 0.000250016144895184 ) );
#4565 = CARTESIAN_POINT( '', ( 0.000976166112756580, -0.00642000000025372, 0.000438591250256690 ) );
#4566 = CARTESIAN_POINT( '', ( 0.00101815293723615, -0.00642000000025372, 0.000506362834040658 ) );
#4567 = CARTESIAN_POINT( '', ( 0.00108596300573563, -0.00642000000025372, 0.000506362834040658 ) );
#4568 = CARTESIAN_POINT( '', ( 0.000936103524046256, -0.00647000000025352, 0.000250016144895184 ) );
#4569 = CARTESIAN_POINT( '', ( 0.000936103524046256, -0.00646444369870168, 0.000250016144895184 ) );
#4570 = CARTESIAN_POINT( '', ( 0.000936050049301288, -0.00645333404620932, 0.000249764380762899 ) );
#4571 = CARTESIAN_POINT( '', ( 0.000936050049301288, -0.00643666595429792, 0.000249764380762899 ) );
#4572 = CARTESIAN_POINT( '', ( 0.000936103524046256, -0.00642555630180556, 0.000250016144895184 ) );
#4573 = CARTESIAN_POINT( '', ( 0.000936103524046256, -0.00642000000025372, 0.000250016144895184 ) );
#4574 = CARTESIAN_POINT( '', ( -0.00224000000025393, -0.00647000000025352, -0.000300000000254070 ) );
#4575 = VECTOR( '', #5190, 1.00000000000000 );
#4576 = CARTESIAN_POINT( '', ( -0.00179605122421371, -0.00906999999999928, -0.00222031529292568 ) );
#4577 = AXIS2_PLACEMENT_3D( '', #5191, #5192, #5193 );
#4578 = CARTESIAN_POINT( '', ( -0.00137178715550199, -0.00906999999999928, -0.00179605122421371 ) );
#4579 = CARTESIAN_POINT( '', ( -0.00137178715575599, -0.00907000000025328, -0.00179605122446771 ) );
#4580 = VECTOR( '', #5194, 1.00000000000000 );
#4581 = AXIS2_PLACEMENT_3D( '', #5195, #5196, #5197 );
#4582 = CARTESIAN_POINT( '', ( 0.00220000000025409, -0.000200000000253987, 0.000000000000000 ) );
#4583 = AXIS2_PLACEMENT_3D( '', #5198, #5199, #5200 );
#4584 = CARTESIAN_POINT( '', ( -0.00438524690520112, -0.00264999999999956, -0.00121330522969889 ) );
#4585 = CARTESIAN_POINT( '', ( -0.00419248879973258, -0.00205000000025393, -0.00115997313194419 ) );
#4586 = VECTOR( '', #5201, 1.00000000000000 );
#4587 = AXIS2_PLACEMENT_3D( '', #5202, #5203, #5204 );
#4588 = CARTESIAN_POINT( '', ( 0.00129430448311408, 0.00762999999999996, -0.00112212074928310 ) );
#4589 = AXIS2_PLACEMENT_3D( '', #5205, #5206, #5207 );
#4590 = CARTESIAN_POINT( '', ( 0.00129430448311408, 0.00772999999999956, -0.00112212074928310 ) );
#4591 = CARTESIAN_POINT( '', ( 0.00129430448336808, 0.00773000000025356, -0.00112212074953710 ) );
#4592 = VECTOR( '', #5208, 1.00000000000000 );
#4593 = AXIS2_PLACEMENT_3D( '', #5209, #5210, #5211 );
#4594 = CARTESIAN_POINT( '', ( -0.000569379863690116, -0.00641999999999972, 0.000765518715979572 ) );
#4595 = CARTESIAN_POINT( '', ( -0.000569379863944116, -0.00647000000025352, 0.000765518716233572 ) );
#4596 = VECTOR( '', #5212, 1.00000000000000 );
#4597 = CARTESIAN_POINT( '', ( -0.000191188963726845, -0.00641999999999972, 0.000765480231518060 ) );
#4598 = CARTESIAN_POINT( '', ( -0.000569379863944116, -0.00641999999999972, 0.000765518716233572 ) );
#4599 = CARTESIAN_POINT( '', ( 0.000870679507646392, -0.00641999999999972, -0.000506362451435632 ) );
#4600 = CARTESIAN_POINT( '', ( 0.000870679507900392, -0.00642000000025372, -0.000506362451689632 ) );
#4601 = CARTESIAN_POINT( '', ( 0.000783781020572492, -0.00642000000025372, -0.000506362451689632 ) );
#4602 = CARTESIAN_POINT( '', ( 0.000809488810446370, -0.00642000000025372, -0.000385597414827504 ) );
#4603 = CARTESIAN_POINT( '', ( 0.000823458762129220, -0.00642000000025372, -0.000319942490389330 ) );
#4604 = CARTESIAN_POINT( '', ( 0.000870679507900392, -0.00647000000025352, -0.000506362451689632 ) );
#4605 = VECTOR( '', #5213, 1.00000000000000 );
#4606 = CARTESIAN_POINT( '', ( 0.00283999999999880, -0.00906999999999928, -0.000300000000000070 ) );
#4607 = CARTESIAN_POINT( '', ( 0.00284000000025280, -0.00907000000025328, -0.000300000000254070 ) );
#4608 = VECTOR( '', #5214, 1.00000000000000 );
#4609 = CARTESIAN_POINT( '', ( 0.00223999999999993, -0.00906999999999928, -0.000300000000000070 ) );
#4610 = CARTESIAN_POINT( '', ( 0.00224000000025393, -0.00907000000025328, -0.000300000000254070 ) );
#4611 = VECTOR( '', #5215, 1.00000000000000 );
#4612 = CARTESIAN_POINT( '', ( 0.00224000000025393, -0.00907000000025328, -0.000300000000254070 ) );
#4613 = VECTOR( '', #5216, 1.00000000000000 );
#4614 = CARTESIAN_POINT( '', ( 0.00222031529292568, -0.00906999999999928, 0.00179605122421371 ) );
#4615 = CARTESIAN_POINT( '', ( 0.00222031529317968, -0.00907000000025328, 0.00179605122446771 ) );
#4616 = VECTOR( '', #5217, 1.00000000000000 );
#4617 = CARTESIAN_POINT( '', ( 0.00179605122421371, -0.00906999999999928, 0.00137178715550199 ) );
#4618 = CARTESIAN_POINT( '', ( 0.00179605122446771, -0.00907000000025328, 0.00137178715575599 ) );
#4619 = VECTOR( '', #5218, 1.00000000000000 );
#4620 = CARTESIAN_POINT( '', ( 0.00179605122446771, -0.00907000000025328, 0.00137178715575599 ) );
#4621 = VECTOR( '', #5219, 1.00000000000000 );
#4622 = CARTESIAN_POINT( '', ( -0.00137178715575599, -0.00647000000025352, -0.00179605122446771 ) );
#4623 = VECTOR( '', #5220, 1.00000000000000 );
#4624 = CARTESIAN_POINT( '', ( -0.00179605122446771, -0.00647000000025352, -0.00222031529317968 ) );
#4625 = VECTOR( '', #5221, 1.00000000000000 );
#4626 = CARTESIAN_POINT( '', ( 6.21158309789100E-05, -0.00641999999999972, 3.55983617293978E-06 ) );
#4627 = CARTESIAN_POINT( '', ( 6.21158312329100E-05, -0.00642000000025372, 3.55983642693978E-06 ) );
#4628 = CARTESIAN_POINT( '', ( 7.29685209700322E-05, -0.00642000000025372, 5.46675384514710E-05 ) );
#4629 = CARTESIAN_POINT( '', ( 0.000138931323131134, -0.00642000000025372, 0.000105698271044920 ) );
#4630 = CARTESIAN_POINT( '', ( 0.000158943375128692, -0.00642000000025372, 0.000117782471674210 ) );
#4631 = CARTESIAN_POINT( '', ( 6.21158309788338E-05, -0.00646999999999952, 3.55983617264260E-06 ) );
#4632 = CARTESIAN_POINT( '', ( 6.21158312328338E-05, -0.00647000000025352, 3.55983642664260E-06 ) );
#4633 = VECTOR( '', #5222, 1.00000000000000 );
#4634 = CARTESIAN_POINT( '', ( 0.000158943375128692, -0.00647000000025352, 0.000117782471674210 ) );
#4635 = CARTESIAN_POINT( '', ( 0.000138931323131134, -0.00647000000025352, 0.000105698271044920 ) );
#4636 = CARTESIAN_POINT( '', ( 7.29685209699814E-05, -0.00647000000025352, 5.46675384511662E-05 ) );
#4637 = CARTESIAN_POINT( '', ( 6.21158312328338E-05, -0.00647000000025352, 3.55983642664260E-06 ) );
#4638 = CARTESIAN_POINT( '', ( 0.00223999999999993, -0.00906999999999928, 0.000300000000000070 ) );
#4639 = AXIS2_PLACEMENT_3D( '', #5223, #5224, #5225 );
#4640 = CARTESIAN_POINT( '', ( 0.00224000000025393, -0.00647000000025352, 0.000300000000254070 ) );
#4641 = VECTOR( '', #5226, 1.00000000000000 );
#4642 = CARTESIAN_POINT( '', ( -0.00159857660734915, -0.00642000000025372, -0.000747276961143368 ) );
#4643 = CARTESIAN_POINT( '', ( -0.00144531764246790, -0.00642000000025372, -0.000747276961143368 ) );
#4644 = CARTESIAN_POINT( '', ( -0.00129205867758665, -0.00642000000025372, -0.000747276961143368 ) );
#4645 = CARTESIAN_POINT( '', ( -0.00113879971270539, -0.00642000000025372, -0.000747276961143368 ) );
#4646 = CARTESIAN_POINT( '', ( 0.00416653333119912, -0.00300000000000070, 0.00125000000000008 ) );
#4647 = CARTESIAN_POINT( '', ( 0.00442690636901182, -0.00300000000000070, 0.00125000000000008 ) );
#4648 = CARTESIAN_POINT( '', ( 0.00416653333145312, -0.00300000000025470, 0.00125000000025408 ) );
#4649 = VECTOR( '', #5227, 1.00000000000000 );
#4650 = CARTESIAN_POINT( '', ( 0.00416653333145312, -0.00200000000025387, 0.00125000000025408 ) );
#4651 = VECTOR( '', #5228, 1.00000000000000 );
#4652 = CARTESIAN_POINT( '', ( 0.00442690636926582, -0.00300000000025470, 0.00125000000025408 ) );
#4653 = VECTOR( '', #5229, 1.00000000000000 );
#4654 = CARTESIAN_POINT( '', ( 0.00419248879947858, -0.00300000000000070, -0.00115997313169019 ) );
#4655 = CARTESIAN_POINT( '', ( 0.00419248879973258, -0.00300000000025470, -0.00115997313194419 ) );
#4656 = VECTOR( '', #5230, 1.00000000000000 );
#4657 = CARTESIAN_POINT( '', ( 0.00416653333119912, -0.00300000000000070, -0.00125000000000008 ) );
#4658 = AXIS2_PLACEMENT_3D( '', #5231, #5232, #5233 );
#4659 = CARTESIAN_POINT( '', ( 0.00416653333145312, -0.00200000000025387, -0.00125000000025408 ) );
#4660 = VECTOR( '', #5234, 1.00000000000000 );
#4661 = AXIS2_PLACEMENT_3D( '', #5235, #5236, #5237 );
#4662 = CARTESIAN_POINT( '', ( 0.00442690636901182, -0.00300000000000070, -0.00125000000000008 ) );
#4663 = CARTESIAN_POINT( '', ( 0.00442690636926582, -0.00300000000025470, -0.00125000000025408 ) );
#4664 = VECTOR( '', #5238, 1.00000000000000 );
#4665 = CARTESIAN_POINT( '', ( 0.00442690636926582, -0.00300000000025470, -0.00125000000025408 ) );
#4666 = VECTOR( '', #5239, 1.00000000000000 );
#4667 = CARTESIAN_POINT( '', ( -0.000638045123718986, 0.00772999999999956, -0.00134515190490569 ) );
#4668 = CARTESIAN_POINT( '', ( -0.000638045123718986, 0.00762999999999996, -0.00134515190490569 ) );
#4669 = CARTESIAN_POINT( '', ( -0.000638045123972986, 0.00773000000025356, -0.00134515190515969 ) );
#4670 = VECTOR( '', #5240, 1.00000000000000 );
#4671 = AXIS2_PLACEMENT_3D( '', #5241, #5242, #5243 );
#4672 = AXIS2_PLACEMENT_3D( '', #5244, #5245, #5246 );
#4673 = CARTESIAN_POINT( '', ( 0.000115878978618592, -0.00642000000025372, -5.95550973044008E-05 ) );
#4674 = CARTESIAN_POINT( '', ( 7.82409269770406E-05, -0.00642000000025372, -5.95550973044008E-05 ) );
#4675 = CARTESIAN_POINT( '', ( 5.29949536878588E-05, -0.00642000000025372, -3.93891064450484E-05 ) );
#4676 = CARTESIAN_POINT( '', ( 6.21158312329100E-05, -0.00642000000025372, 3.55983642693978E-06 ) );
#4677 = CARTESIAN_POINT( '', ( 6.21158312328338E-05, -0.00647000000025352, 3.55983642664260E-06 ) );
#4678 = CARTESIAN_POINT( '', ( 5.29949536878080E-05, -0.00647000000025352, -3.93891064453278E-05 ) );
#4679 = CARTESIAN_POINT( '', ( 7.82409269770152E-05, -0.00647000000025352, -5.95550973044008E-05 ) );
#4680 = CARTESIAN_POINT( '', ( 0.000115878978618567, -0.00647000000025352, -5.95550973044008E-05 ) );
#4681 = CARTESIAN_POINT( '', ( 0.000365760235326428, -0.00641999999999972, 0.000237392966820991 ) );
#4682 = CARTESIAN_POINT( '', ( 0.000417406723620240, -0.00642000000025372, 2.50727923238426E-05 ) );
#4683 = CARTESIAN_POINT( '', ( 0.000434532421964152, -0.00642000000025372, 0.000105698271044767 ) );
#4684 = CARTESIAN_POINT( '', ( 0.000405322522990874, -0.00642000000025372, 0.000176933479213131 ) );
#4685 = CARTESIAN_POINT( '', ( 0.000365760235580428, -0.00642000000025372, 0.000237392967074991 ) );
#4686 = CARTESIAN_POINT( '', ( 0.000375843230755774, -0.00641999999999972, 0.000784260772369400 ) );
#4687 = CARTESIAN_POINT( '', ( 0.000365760235580428, -0.00642000000025372, 0.000237392967074991 ) );
#4688 = CARTESIAN_POINT( '', ( 0.000425796391572900, -0.00642000000025372, 0.000266949228486810 ) );
#4689 = CARTESIAN_POINT( '', ( 0.000506330802535760, -0.00642000000025372, 0.000323417974820364 ) );
#4690 = CARTESIAN_POINT( '', ( 0.000569773480899578, -0.00642000000025372, 0.000411646422322730 ) );
#4691 = CARTESIAN_POINT( '', ( 0.000595363631742542, -0.00642000000025372, 0.000468880501856628 ) );
#4692 = CARTESIAN_POINT( '', ( 0.000607854606781116, -0.00642000000025372, 0.000511869445990328 ) );
#4693 = CARTESIAN_POINT( '', ( 0.000614696053015138, -0.00642000000025372, 0.000556602521212086 ) );
#4694 = CARTESIAN_POINT( '', ( 0.000615395727750152, -0.00642000000025372, 0.000616733091746234 ) );
#4695 = CARTESIAN_POINT( '', ( 0.000588707621576052, -0.00642000000025372, 0.000722762578273070 ) );
#4696 = CARTESIAN_POINT( '', ( 0.000493433278853084, -0.00642000000025372, 0.000784260772623400 ) );
#4697 = CARTESIAN_POINT( '', ( 0.000375843231009774, -0.00642000000025372, 0.000784260772623400 ) );
#4698 = CARTESIAN_POINT( '', ( 0.000375843231009774, -0.00642000000025372, 0.000784260772623400 ) );
#4699 = CARTESIAN_POINT( '', ( 0.000299258647403784, -0.00642000000025372, 0.000784260772623400 ) );
#4700 = CARTESIAN_POINT( '', ( 0.000196042640754930, -0.00642000000025372, 0.000760092371364922 ) );
#4701 = CARTESIAN_POINT( '', ( 0.000118572908695161, -0.00642000000025372, 0.000711717084132454 ) );
#4702 = CARTESIAN_POINT( '', ( -0.000569379863944116, -0.00642000000025372, 0.000765518716233572 ) );
#4703 = CARTESIAN_POINT( '', ( -0.000596704011863910, -0.00642000000025372, 0.000636979766864690 ) );
#4704 = CARTESIAN_POINT( '', ( -0.000624028159783704, -0.00642000000025372, 0.000508440817495808 ) );
#4705 = CARTESIAN_POINT( '', ( -0.000651352307703244, -0.00642000000025372, 0.000379901868126672 ) );
#4706 = CARTESIAN_POINT( '', ( -0.00132364180042104, -0.00641999999999972, 0.000765518715979572 ) );
#4707 = CARTESIAN_POINT( '', ( -0.000846931631264160, -0.00642000000025372, 0.000765518716233572 ) );
#4708 = CARTESIAN_POINT( '', ( -0.00100583502106762, -0.00642000000025372, 0.000765518716233572 ) );
#4709 = CARTESIAN_POINT( '', ( -0.00116473841087133, -0.00642000000025372, 0.000765518716233572 ) );
#4710 = CARTESIAN_POINT( '', ( -0.00132364180067504, -0.00642000000025372, 0.000765518716233572 ) );
#4711 = CARTESIAN_POINT( '', ( -0.00132364180067504, -0.00642000000025372, 0.000765518716233572 ) );
#4712 = CARTESIAN_POINT( '', ( -0.00124385015745397, -0.00642000000025372, 0.000483015248868002 ) );
#4713 = CARTESIAN_POINT( '', ( -0.00116405851423290, -0.00642000000025372, 0.000200511781502559 ) );
#4714 = CARTESIAN_POINT( '', ( -0.00108426687101183, -0.00642000000025372, -8.19916863709094E-05 ) );
#4715 = CARTESIAN_POINT( '', ( -0.000768461296350432, -0.00641999999999972, -0.000170968348075244 ) );
#4716 = CARTESIAN_POINT( '', ( -0.000772694615296274, -0.00642000000025372, -0.000170968348329244 ) );
#4717 = CARTESIAN_POINT( '', ( -0.000771283509065660, -0.00642000000025372, -0.000170968348329244 ) );
#4718 = CARTESIAN_POINT( '', ( -0.000769872402835046, -0.00642000000025372, -0.000170968348329244 ) );
#4719 = CARTESIAN_POINT( '', ( -0.000768461296604432, -0.00642000000025372, -0.000170968348329244 ) );
#4720 = CARTESIAN_POINT( '', ( -0.000768461296604432, -0.00642000000025372, -0.000170968348329244 ) );
#4721 = CARTESIAN_POINT( '', ( -0.000809280751383952, -0.00642000000025372, -0.000363071219267336 ) );
#4722 = CARTESIAN_POINT( '', ( -0.000850100206163726, -0.00642000000025372, -0.000555174090205352 ) );
#4723 = CARTESIAN_POINT( '', ( -0.000890919660943246, -0.00642000000025372, -0.000747276961143368 ) );
#4724 = CARTESIAN_POINT( '', ( 0.000185151466302423, -0.00642000000025372, 6.40578090038616E-05 ) );
#4725 = CARTESIAN_POINT( '', ( 0.000195388400593461, -0.00642000000025372, 4.25448531064914E-05 ) );
#4726 = CARTESIAN_POINT( '', ( 0.000198852024977730, -0.00642000000025372, 2.10318972094616E-05 ) );
#4727 = CARTESIAN_POINT( '', ( 0.000194002950839881, -0.00642000000025372, -1.78953951882567E-06 ) );
#4728 = CARTESIAN_POINT( '', ( 0.000279285080121636, -0.00642000000025372, 0.000582716318178952 ) );
#4729 = CARTESIAN_POINT( '', ( 0.000326313402316010, -0.00642000000025372, 0.000582716318178952 ) );
#4730 = CARTESIAN_POINT( '', ( 0.000361873279326924, -0.00642000000025372, 0.000547772196614198 ) );
#4731 = CARTESIAN_POINT( '', ( 0.000351867253328348, -0.00642000000025372, 0.000500743874420078 ) );
#4732 = CARTESIAN_POINT( '', ( -0.000158796628797090, -0.00642000000025372, 0.000703546626753056 ) );
#4733 = CARTESIAN_POINT( '', ( -0.000137742091737186, -0.00642000000025372, 0.000663269857228270 ) );
#4734 = CARTESIAN_POINT( '', ( -0.000116687554677307, -0.00642000000025372, 0.000622993087703738 ) );
#4735 = CARTESIAN_POINT( '', ( -9.56330176174024E-05, -0.00642000000025372, 0.000582716318178952 ) );
#4736 = CARTESIAN_POINT( '', ( 0.00137178715575599, -0.00907000000025328, -0.00179605122446771 ) );
#4737 = VECTOR( '', #5247, 1.00000000000000 );
#4738 = CARTESIAN_POINT( '', ( 0.00179605122446771, -0.00647000000025352, -0.00137178715575599 ) );
#4739 = VECTOR( '', #5248, 1.00000000000000 );
#4740 = CARTESIAN_POINT( '', ( 0.00137178715550199, -0.00906999999999928, 0.00179605122421371 ) );
#4741 = AXIS2_PLACEMENT_3D( '', #5249, #5250, #5251 );
#4742 = CARTESIAN_POINT( '', ( 0.00137178715575599, -0.00647000000025352, 0.00179605122446771 ) );
#4743 = VECTOR( '', #5252, 1.00000000000000 );
#4744 = CARTESIAN_POINT( '', ( -0.00178994949366104, 0.00772999999999956, 0.000189949493661162 ) );
#4745 = AXIS2_PLACEMENT_3D( '', #5253, #5254, #5255 );
#4746 = CARTESIAN_POINT( '', ( -0.00209674667472001, 0.00743000000000076, -0.000116847687397782 ) );
#4747 = AXIS2_PLACEMENT_3D( '', #5256, #5257, #5258 );
#4748 = CARTESIAN_POINT( '', ( -0.00209674667497401, 0.00743000000025476, -0.000116847687651782 ) );
#4749 = CARTESIAN_POINT( '', ( -0.00209674667497401, 0.00743943420406348, -0.000116847687651782 ) );
#4750 = CARTESIAN_POINT( '', ( -0.00209590577241121, 0.00745826828432260, -0.000116006785088836 ) );
#4751 = CARTESIAN_POINT( '', ( -0.00209209417804356, 0.00748647409767972, -0.000112195190721133 ) );
#4752 = CARTESIAN_POINT( '', ( -0.00208567650234985, 0.00751446163527324, -0.000105777515027503 ) );
#4753 = CARTESIAN_POINT( '', ( -0.00207650997231059, 0.00754221547767248, -9.66109849882862E-05 ) );
#4754 = CARTESIAN_POINT( '', ( -0.00206447827469432, 0.00756945322552352, -8.45792873721258E-05 ) );
#4755 = CARTESIAN_POINT( '', ( -0.00204934843880826, 0.00759605825097732, -6.94494514859094E-05 ) );
#4756 = CARTESIAN_POINT( '', ( -0.00203093239472805, 0.00762167194626748, -5.10334074056506E-05 ) );
#4757 = CARTESIAN_POINT( '', ( -0.00200897702873666, 0.00764595709149186, -2.90780414143876E-05 ) );
#4758 = CARTESIAN_POINT( '', ( -0.00198322165898385, 0.00766845548225826, -3.32267166151156E-06 ) );
#4759 = CARTESIAN_POINT( '', ( -0.00195347788690484, 0.00768857789361864, 2.64211009255868E-05 ) );
#4760 = CARTESIAN_POINT( '', ( -0.00191944222509162, 0.00770572074340704, 6.04567627387600E-05 ) );
#4761 = CARTESIAN_POINT( '', ( -0.00188102801421051, 0.00771908260258370, 9.88709736197350E-05 ) );
#4762 = CARTESIAN_POINT( '', ( -0.00183808078554050, 0.00772784289598002, 0.000141818202289724 ) );
#4763 = CARTESIAN_POINT( '', ( -0.00180649016075896, 0.00773000000025356, 0.000173408827071467 ) );
#4764 = CARTESIAN_POINT( '', ( -0.00178994949391529, 0.00773000000025356, 0.000189949493915162 ) );
#4765 = CARTESIAN_POINT( '', ( -0.000380000000254004, -0.00647000000025352, -0.00521427747876734 ) );
#4766 = VECTOR( '', #5259, 1.00000000000000 );
#4767 = CARTESIAN_POINT( '', ( -0.000380000000254004, -0.00647000000025352, -0.00458427747876732 ) );
#4768 = VECTOR( '', #5260, 1.00000000000000 );
#4769 = CARTESIAN_POINT( '', ( -0.00179809703885613, -0.000200000000253987, -0.00229809703911017 ) );
#4770 = AXIS2_PLACEMENT_3D( '', #5261, #5262, #5263 );
#4771 = CARTESIAN_POINT( '', ( 0.000911357852056876, -0.00642000000025372, 0.000133484426724796 ) );
#4772 = CARTESIAN_POINT( '', ( 0.000919606409386754, -0.00642000000025372, 0.000172328332781583 ) );
#4773 = CARTESIAN_POINT( '', ( 0.000927854966716378, -0.00642000000025372, 0.000211172238838396 ) );
#4774 = CARTESIAN_POINT( '', ( 0.000936103524046256, -0.00642000000025372, 0.000250016144895184 ) );
#4775 = CARTESIAN_POINT( '', ( 0.00283999999999880, -0.00906999999999928, 0.000300000000000070 ) );
#4776 = CARTESIAN_POINT( '', ( 0.00224000000025393, -0.00907000000025328, 0.000300000000254070 ) );
#4777 = VECTOR( '', #5264, 1.00000000000000 );
#4778 = CARTESIAN_POINT( '', ( 0.00284000000025280, -0.00647000000025352, 0.000300000000254070 ) );
#4779 = VECTOR( '', #5265, 1.00000000000000 );
#4780 = CARTESIAN_POINT( '', ( 0.000300000000254070, -0.00907000000025328, 0.00224000000025393 ) );
#4781 = VECTOR( '', #5266, 1.00000000000000 );
#4782 = CARTESIAN_POINT( '', ( 0.000375843231009774, -0.00647000000025352, 0.000784260772623400 ) );
#4783 = VECTOR( '', #5267, 1.00000000000000 );
#4784 = CARTESIAN_POINT( '', ( 0.000365760235580428, -0.00647000000025352, 0.000237392967074991 ) );
#4785 = VECTOR( '', #5268, 1.00000000000000 );
#4786 = CARTESIAN_POINT( '', ( 0.000438534638899250, -0.00642000000025372, -0.000197022309465871 ) );
#4787 = CARTESIAN_POINT( '', ( 0.000430722241677238, -0.00642000000025372, -0.000233762384415216 ) );
#4788 = CARTESIAN_POINT( '', ( 0.000422909844454972, -0.00642000000025372, -0.000270502459364586 ) );
#4789 = CARTESIAN_POINT( '', ( 0.000415097447232960, -0.00642000000025372, -0.000307242534314058 ) );
#4790 = CARTESIAN_POINT( '', ( 0.000520545567119890, -0.00641999999999972, 0.000228849551182228 ) );
#4791 = CARTESIAN_POINT( '', ( 0.00115173338431984, -0.00642000000025372, 0.000786069745422008 ) );
#4792 = CARTESIAN_POINT( '', ( 0.000780971636349768, -0.00642000000025372, 0.000786069745422008 ) );
#4793 = CARTESIAN_POINT( '', ( 0.000595783185941532, -0.00642000000025372, 0.000582639539923822 ) );
#4794 = CARTESIAN_POINT( '', ( 0.000520545567373890, -0.00642000000025372, 0.000228849551436228 ) );
#4795 = CARTESIAN_POINT( '', ( 0.000520545567373890, -0.00642000000025372, 0.000228849551436228 ) );
#4796 = CARTESIAN_POINT( '', ( 0.000513797913943900, -0.00642000000025372, 0.000197061176532409 ) );
#4797 = CARTESIAN_POINT( '', ( 0.000507050260513910, -0.00642000000025372, 0.000165272801628615 ) );
#4798 = CARTESIAN_POINT( '', ( 0.000500302607084174, -0.00642000000025372, 0.000133484426724796 ) );
#4799 = CARTESIAN_POINT( '', ( 0.00109273631538838, -0.00641999999999972, 0.000000000000000 ) );
#4800 = CARTESIAN_POINT( '', ( 0.00108596300573563, -0.00642000000025372, 0.000506362834040658 ) );
#4801 = CARTESIAN_POINT( '', ( 0.00118975628311514, -0.00642000000025372, 0.000506362834040658 ) );
#4802 = CARTESIAN_POINT( '', ( 0.00118683144474638, -0.00642000000025372, 0.000442824568948532 ) );
#4803 = CARTESIAN_POINT( '', ( 0.00109273631564238, -0.00642000000025372, 0.000000000000000 ) );
#4804 = CARTESIAN_POINT( '', ( 0.00109273631564238, -0.00642000000025372, 0.000000000000000 ) );
#4805 = CARTESIAN_POINT( '', ( 0.00100129663189981, -0.00642000000025372, -0.000430124230521980 ) );
#4806 = CARTESIAN_POINT( '', ( 0.000980861248033042, -0.00642000000025372, -0.000506362451689632 ) );
#4807 = CARTESIAN_POINT( '', ( 0.000870679507900392, -0.00642000000025372, -0.000506362451689632 ) );
#4808 = CARTESIAN_POINT( '', ( -0.00132364180067504, -0.00647000000025352, 0.000765518716233572 ) );
#4809 = VECTOR( '', #5269, 1.00000000000000 );
#4810 = CARTESIAN_POINT( '', ( 0.00134515190490569, 0.00762999999999996, 0.000638045123718986 ) );
#4811 = CARTESIAN_POINT( '', ( 0.00151500706916167, 0.00762999999999996, 0.000554281826378504 ) );
#4812 = AXIS2_PLACEMENT_3D( '', #5270, #5271, #5272 );
#4813 = CARTESIAN_POINT( '', ( 0.00151500706941567, 0.00763000000025396, 0.000554281826632504 ) );
#4814 = VECTOR( '', #5273, 1.00000000000000 );
#4815 = CARTESIAN_POINT( '', ( -0.000638045123972986, 0.00763000000025396, -0.00134515190515969 ) );
#4816 = VECTOR( '', #5274, 1.00000000000000 );
#4817 = CARTESIAN_POINT( '', ( -0.00460000000025338, -0.00402000000025316, 0.000000000000000 ) );
#4818 = AXIS2_PLACEMENT_3D( '', #5275, #5276, #5277 );
#4819 = CARTESIAN_POINT( '', ( 0.000380000000254004, -0.00647000000025352, -0.00458427747876732 ) );
#4820 = VECTOR( '', #5278, 1.00000000000000 );
#4821 = AXIS2_PLACEMENT_3D( '', #5279, #5280, #5281 );
#4822 = CARTESIAN_POINT( '', ( -0.00442690636901182, -0.00300000000000070, -0.00125000000000008 ) );
#4823 = AXIS2_PLACEMENT_3D( '', #5282, #5283, #5284 );
#4824 = CARTESIAN_POINT( '', ( -0.00442690636901182, -0.00199999999999987, -0.00125000000000008 ) );
#4825 = CARTESIAN_POINT( '', ( -0.00442690636926582, -0.00300000000025470, -0.00125000000025408 ) );
#4826 = VECTOR( '', #5285, 1.00000000000000 );
#4827 = AXIS2_PLACEMENT_3D( '', #5286, #5287, #5288 );
#4828 = CARTESIAN_POINT( '', ( 0.000520545567373890, -0.00647000000025352, 0.000228849551436228 ) );
#4829 = CARTESIAN_POINT( '', ( 0.000520545567373890, -0.00646443875589216, 0.000228849551436228 ) );
#4830 = CARTESIAN_POINT( '', ( 0.000520397987560592, -0.00645333876777722, 0.000228154299007584 ) );
#4831 = CARTESIAN_POINT( '', ( 0.000520397987560592, -0.00643666123273002, 0.000228154299007584 ) );
#4832 = CARTESIAN_POINT( '', ( 0.000520545567373890, -0.00642556124461508, 0.000228849551436228 ) );
#4833 = CARTESIAN_POINT( '', ( 0.000520545567373890, -0.00642000000025372, 0.000228849551436228 ) );
#4834 = CARTESIAN_POINT( '', ( 0.000194002950839804, -0.00647000000025352, -1.78953951916476E-06 ) );
#4835 = CARTESIAN_POINT( '', ( 0.000198852024977654, -0.00647000000025352, 2.10318972091237E-05 ) );
#4836 = CARTESIAN_POINT( '', ( 0.000195388400593461, -0.00647000000025352, 4.25448531064914E-05 ) );
#4837 = CARTESIAN_POINT( '', ( 0.000185151466302423, -0.00647000000025352, 6.40578090038616E-05 ) );
#4838 = CARTESIAN_POINT( '', ( -0.000768461296604432, -0.00647000000025352, -0.000170968348329244 ) );
#4839 = VECTOR( '', #5289, 1.00000000000000 );
#4840 = AXIS2_PLACEMENT_3D( '', #5290, #5291, #5292 );
#4841 = CARTESIAN_POINT( '', ( 0.00151500706916167, 0.00772999999999956, 0.000554281826378504 ) );
#4842 = CARTESIAN_POINT( '', ( 0.00151500706941567, 0.00773000000025356, 0.000554281826632504 ) );
#4843 = VECTOR( '', #5293, 1.00000000000000 );
#4844 = CARTESIAN_POINT( '', ( 0.00134515190490569, 0.00772999999999956, 0.000638045123718986 ) );
#4845 = CARTESIAN_POINT( '', ( 0.00134515190515969, 0.00773000000025356, 0.000638045123972986 ) );
#4846 = VECTOR( '', #5294, 1.00000000000000 );
#4847 = AXIS2_PLACEMENT_3D( '', #5295, #5296, #5297 );
#4848 = CARTESIAN_POINT( '', ( 0.00151500706941567, 0.00773000000025356, 0.000554281826632504 ) );
#4849 = VECTOR( '', #5298, 1.00000000000000 );
#4850 = CARTESIAN_POINT( '', ( 0.000300000000000070, -0.00906999999999928, -0.00283999999999880 ) );
#4851 = CARTESIAN_POINT( '', ( 0.000300000000254070, -0.00907000000025328, -0.00224000000025393 ) );
#4852 = VECTOR( '', #5299, 1.00000000000000 );
#4853 = CARTESIAN_POINT( '', ( 0.000300000000254070, -0.00647000000025352, -0.00284000000025280 ) );
#4854 = VECTOR( '', #5300, 1.00000000000000 );
#4855 = CARTESIAN_POINT( '', ( 0.00179605122421371, -0.00906999999999928, 0.00222031529292568 ) );
#4856 = AXIS2_PLACEMENT_3D( '', #5301, #5302, #5303 );
#4857 = CARTESIAN_POINT( '', ( 0.00137178715575599, -0.00907000000025328, 0.00179605122446771 ) );
#4858 = VECTOR( '', #5304, 1.00000000000000 );
#4859 = AXIS2_PLACEMENT_3D( '', #5305, #5306, #5307 );
#4860 = AXIS2_PLACEMENT_3D( '', #5308, #5309, #5310 );
#4861 = CARTESIAN_POINT( '', ( -0.000638045123972986, 0.00773000000025356, -0.00134515190515969 ) );
#4862 = VECTOR( '', #5311, 1.00000000000000 );
#4863 = CARTESIAN_POINT( '', ( 0.000116847687397782, -0.000199999999999987, 0.00209674667472001 ) );
#4864 = CARTESIAN_POINT( '', ( -0.00209674667472001, -0.000199999999999987, -0.000116847687397782 ) );
#4865 = CARTESIAN_POINT( '', ( 0.000116847687651782, -0.000200000000254013, 0.00209674667497401 ) );
#4866 = VECTOR( '', #5312, 1.00000000000000 );
#4867 = AXIS2_PLACEMENT_3D( '', #5313, #5314, #5315 );
#4868 = CARTESIAN_POINT( '', ( -0.00209674667497401, -0.000200000000254013, -0.000116847687651782 ) );
#4869 = VECTOR( '', #5316, 1.00000000000000 );
#4870 = CARTESIAN_POINT( '', ( 0.000116847687651782, -0.000200000000254013, 0.00209674667497401 ) );
#4871 = VECTOR( '', #5317, 1.00000000000000 );
#4872 = CARTESIAN_POINT( '', ( -0.00274999999999967, -0.000200000000253987, 0.000000000000000 ) );
#4873 = AXIS2_PLACEMENT_3D( '', #5318, #5319, #5320 );
#4874 = CARTESIAN_POINT( '', ( 0.00279809703936420, -0.000200000000253987, -0.00229809703911017 ) );
#4875 = AXIS2_PLACEMENT_3D( '', #5321, #5322, #5323 );
#4876 = CARTESIAN_POINT( '', ( -0.00222031529317968, -0.00647000000025352, 0.00179605122446771 ) );
#4877 = VECTOR( '', #5324, 1.00000000000000 );
#4878 = CARTESIAN_POINT( '', ( -0.00179605122446771, -0.00907000000025328, 0.00222031529317968 ) );
#4879 = VECTOR( '', #5325, 1.00000000000000 );
#4880 = CARTESIAN_POINT( '', ( 0.00109273631564238, -0.00647000000025352, 0.000000000000000 ) );
#4881 = VECTOR( '', #5326, 1.00000000000000 );
#4882 = CARTESIAN_POINT( '', ( -0.00416653333145312, -0.00300000000025470, -0.00125000000025408 ) );
#4883 = VECTOR( '', #5327, 1.00000000000000 );
#4884 = CARTESIAN_POINT( '', ( -0.00416653333145312, -0.00200000000025387, -0.00125000000025408 ) );
#4885 = VECTOR( '', #5328, 1.00000000000000 );
#4886 = CARTESIAN_POINT( '', ( -0.00438524690520112, -0.00300000000000070, -0.00121330522969889 ) );
#4887 = CARTESIAN_POINT( '', ( -0.00438524690545512, -0.00300000000025470, -0.00121330522995289 ) );
#4888 = VECTOR( '', #5329, 1.00000000000000 );
#4889 = CARTESIAN_POINT( '', ( -0.00438524690545512, -0.00265000000025356, -0.00121330522995289 ) );
#4890 = VECTOR( '', #5330, 1.00000000000000 );
#4891 = AXIS2_PLACEMENT_3D( '', #5331, #5332, #5333 );
#4892 = CARTESIAN_POINT( '', ( -0.000300000000254070, -0.00647000000025352, 0.00224000000025393 ) );
#4893 = VECTOR( '', #5334, 1.00000000000000 );
#4894 = CARTESIAN_POINT( '', ( 0.00179605122446771, -0.00647000000025352, 0.00222031529317968 ) );
#4895 = VECTOR( '', #5335, 1.00000000000000 );
#4896 = CARTESIAN_POINT( '', ( 0.00306410161513834, -0.00737000000025500, -0.00200000000025387 ) );
#4897 = AXIS2_PLACEMENT_3D( '', #5336, #5337, #5338 );
#4898 = CARTESIAN_POINT( '', ( 0.00438524690520112, -0.00300000000000070, -0.00121330522969889 ) );
#4899 = CARTESIAN_POINT( '', ( 0.00438524690545512, -0.00265000000025356, -0.00121330522995289 ) );
#4900 = VECTOR( '', #5339, 1.00000000000000 );
#4901 = CARTESIAN_POINT( '', ( 0.00438524690545512, -0.00300000000025470, -0.00121330522995289 ) );
#4902 = VECTOR( '', #5340, 1.00000000000000 );
#4903 = CARTESIAN_POINT( '', ( -0.000189949493915137, 0.00773000000025356, 0.00178994949391529 ) );
#4904 = VECTOR( '', #5341, 1.00000000000000 );
#4905 = CARTESIAN_POINT( '', ( 0.000380000000254004, -0.00647000000025352, -0.00521427747876734 ) );
#4906 = VECTOR( '', #5342, 1.00000000000000 );
#4907 = AXIS2_PLACEMENT_3D( '', #5343, #5344, #5345 );
#4908 = CARTESIAN_POINT( '', ( -9.56330176174024E-05, -0.00647000000025352, 0.000582716318178952 ) );
#4909 = CARTESIAN_POINT( '', ( -0.000116687554677307, -0.00647000000025352, 0.000622993087703738 ) );
#4910 = CARTESIAN_POINT( '', ( -0.000137742091737186, -0.00647000000025352, 0.000663269857228270 ) );
#4911 = CARTESIAN_POINT( '', ( -0.000158796628797090, -0.00647000000025352, 0.000703546626753056 ) );
#4912 = CARTESIAN_POINT( '', ( 0.000351867253328094, -0.00647000000025352, 0.000500743874419824 ) );
#4913 = CARTESIAN_POINT( '', ( 0.000361873279326924, -0.00647000000025352, 0.000547772196613944 ) );
#4914 = CARTESIAN_POINT( '', ( 0.000326313402316010, -0.00647000000025352, 0.000582716318178952 ) );
#4915 = CARTESIAN_POINT( '', ( 0.000279285080121636, -0.00647000000025352, 0.000582716318178952 ) );
#4916 = AXIS2_PLACEMENT_3D( '', #5346, #5347, #5348 );
#4917 = CARTESIAN_POINT( '', ( 0.000000000000000, -0.00647000000025352, 0.000000000000000 ) );
#4918 = DIRECTION( '', ( -0.000000000000000, 1.00000000000000, 0.000000000000000 ) );
#4919 = DIRECTION( '', ( 1.00000000000000, 0.000000000000000, 0.000000000000000 ) );
#4920 = DIRECTION( '', ( 0.000000000000000, 0.000000000000000, -1.00000000000000 ) );
#4921 = DIRECTION( '', ( 1.00000000000000, 0.000000000000000, 0.000000000000000 ) );
#4922 = DIRECTION( '', ( 0.000000000000000, 0.000000000000000, 1.00000000000000 ) );
#4923 = CARTESIAN_POINT( '', ( -0.00346410161539226, -0.00647000000025352, -0.00200000000025387 ) );
#4924 = DIRECTION( '', ( 0.000000000000000, -1.00000000000000, 0.000000000000000 ) );
#4925 = DIRECTION( '', ( 1.00000000000000, 0.000000000000000, 0.000000000000000 ) );
#4926 = CARTESIAN_POINT( '', ( 0.000000000000000, -0.00647000000025352, 0.00400000000025324 ) );
#4927 = DIRECTION( '', ( 0.000000000000000, -1.00000000000000, 0.000000000000000 ) );
#4928 = DIRECTION( '', ( 1.00000000000000, 0.000000000000000, 0.000000000000000 ) );
#4929 = CARTESIAN_POINT( '', ( 0.00346410161539226, -0.00647000000025352, -0.00200000000025387 ) );
#4930 = DIRECTION( '', ( 0.000000000000000, -1.00000000000000, 0.000000000000000 ) );
#4931 = DIRECTION( '', ( 1.00000000000000, 0.000000000000000, 0.000000000000000 ) );
#4932 = DIRECTION( '', ( 0.000000000000000, 0.000000000000000, -1.00000000000000 ) );
#4933 = DIRECTION( '', ( -1.00000000000000, 0.000000000000000, 0.000000000000000 ) );
#4934 = DIRECTION( '', ( 0.000000000000000, 0.000000000000000, -1.00000000000000 ) );
#4935 = DIRECTION( '', ( -1.00000000000000, 0.000000000000000, 0.000000000000000 ) );
#4936 = DIRECTION( '', ( 0.707106781186548, 0.000000000000000, -0.707106781186548 ) );
#4937 = DIRECTION( '', ( -0.707106781186548, 0.000000000000000, -0.707106781186548 ) );
#4938 = DIRECTION( '', ( 0.707106781186548, 0.000000000000000, -0.707106781186548 ) );
#4939 = DIRECTION( '', ( -0.707106781186548, 0.000000000000000, -0.707106781186548 ) );
#4940 = DIRECTION( '', ( 1.00000000000000, 0.000000000000000, 0.000000000000000 ) );
#4941 = DIRECTION( '', ( 0.000000000000000, 0.000000000000000, -1.00000000000000 ) );
#4942 = DIRECTION( '', ( 1.00000000000000, 0.000000000000000, 0.000000000000000 ) );
#4943 = DIRECTION( '', ( 0.000000000000000, 0.000000000000000, -1.00000000000000 ) );
#4944 = DIRECTION( '', ( 0.707106781186548, 0.000000000000000, 0.707106781186548 ) );
#4945 = DIRECTION( '', ( 0.707106781186548, 0.000000000000000, -0.707106781186548 ) );
#4946 = DIRECTION( '', ( 0.707106781186548, 0.000000000000000, 0.707106781186548 ) );
#4947 = DIRECTION( '', ( 0.707106781186548, 0.000000000000000, -0.707106781186548 ) );
#4948 = DIRECTION( '', ( 0.000000000000000, 0.000000000000000, 1.00000000000000 ) );
#4949 = DIRECTION( '', ( 1.00000000000000, 0.000000000000000, 0.000000000000000 ) );
#4950 = DIRECTION( '', ( 0.000000000000000, 0.000000000000000, 1.00000000000000 ) );
#4951 = DIRECTION( '', ( 1.00000000000000, 0.000000000000000, 0.000000000000000 ) );
#4952 = DIRECTION( '', ( -0.707106781186548, 0.000000000000000, 0.707106781186548 ) );
#4953 = DIRECTION( '', ( 0.707106781186548, 0.000000000000000, 0.707106781186548 ) );
#4954 = DIRECTION( '', ( -0.707106781186548, 0.000000000000000, 0.707106781186548 ) );
#4955 = DIRECTION( '', ( 0.707106781186548, 0.000000000000000, 0.707106781186548 ) );
#4956 = DIRECTION( '', ( -1.00000000000000, 0.000000000000000, 0.000000000000000 ) );
#4957 = DIRECTION( '', ( 0.000000000000000, 0.000000000000000, 1.00000000000000 ) );
#4958 = DIRECTION( '', ( -1.00000000000000, 0.000000000000000, 0.000000000000000 ) );
#4959 = DIRECTION( '', ( 0.000000000000000, 0.000000000000000, 1.00000000000000 ) );
#4960 = DIRECTION( '', ( -0.707106781186548, 0.000000000000000, -0.707106781186548 ) );
#4961 = DIRECTION( '', ( -0.707106781186548, 0.000000000000000, 0.707106781186548 ) );
#4962 = DIRECTION( '', ( -0.707106781186548, 0.000000000000000, -0.707106781186548 ) );
#4963 = DIRECTION( '', ( -0.707106781186548, 0.000000000000000, 0.707106781186548 ) );
#4964 = DIRECTION( '', ( 0.000000000000000, 1.00000000000000, 0.000000000000000 ) );
#4965 = DIRECTION( '', ( 0.000000000000000, 1.00000000000000, 0.000000000000000 ) );
#4966 = DIRECTION( '', ( 0.000000000000000, 1.00000000000000, 0.000000000000000 ) );
#4967 = CARTESIAN_POINT( '', ( 0.000000000000000, -0.00300000000025470, 0.000000000000000 ) );
#4968 = DIRECTION( '', ( -0.000000000000000, -1.00000000000000, 0.000000000000000 ) );
#4969 = DIRECTION( '', ( -0.957823754287577, 0.000000000000000, 0.287356321876606 ) );
#4970 = DIRECTION( '', ( 0.000000000000000, -1.00000000000000, 0.000000000000000 ) );
#4971 = CARTESIAN_POINT( '', ( 0.000000000000000, -0.00200000000025387, 0.000000000000000 ) );
#4972 = DIRECTION( '', ( -0.000000000000000, -1.00000000000000, 0.000000000000000 ) );
#4973 = DIRECTION( '', ( -0.957823754287577, 0.000000000000000, 0.287356321876606 ) );
#4974 = DIRECTION( '', ( 0.000000000000000, -1.00000000000000, 0.000000000000000 ) );
#4975 = CARTESIAN_POINT( '', ( 0.000000000000000, -0.00300000000025470, 0.000000000000000 ) );
#4976 = DIRECTION( '', ( 0.000000000000000, -1.00000000000000, -0.000000000000000 ) );
#4977 = DIRECTION( '', ( -0.963790528605015, 0.000000000000000, -0.266660490082924 ) );
#4978 = DIRECTION( '', ( 0.000000000000000, 1.00000000000000, 0.000000000000000 ) );
#4979 = CARTESIAN_POINT( '', ( 0.000000000000000, -0.00205000000025393, 0.000000000000000 ) );
#4980 = DIRECTION( '', ( 0.000000000000000, 1.00000000000000, 0.000000000000000 ) );
#4981 = DIRECTION( '', ( -0.963790528605015, 0.000000000000000, -0.266660490082924 ) );
#4982 = DIRECTION( '', ( 0.000000000000000, 1.00000000000000, 0.000000000000000 ) );
#4983 = CARTESIAN_POINT( '', ( 0.000000000000000, -0.00737000000025500, 0.00400000000025324 ) );
#4984 = DIRECTION( '', ( -0.000000000000000, -1.00000000000000, -0.000000000000000 ) );
#4985 = DIRECTION( '', ( -1.00000000000000, 0.000000000000000, 0.000000000000000 ) );
#4986 = DIRECTION( '', ( 0.000000000000000, 1.00000000000000, 0.000000000000000 ) );
#4987 = DIRECTION( '', ( 0.000000000000000, 1.00000000000000, 0.000000000000000 ) );
#4988 = DIRECTION( '', ( 0.000000000000000, 1.00000000000000, 0.000000000000000 ) );
#4989 = DIRECTION( '', ( 0.000000000000000, 1.00000000000000, 0.000000000000000 ) );
#4990 = DIRECTION( '', ( 0.000000000000000, 1.00000000000000, 0.000000000000000 ) );
#4991 = DIRECTION( '', ( 0.000000000000000, 1.00000000000000, 0.000000000000000 ) );
#4992 = DIRECTION( '', ( 0.000000000000000, 1.00000000000000, 0.000000000000000 ) );
#4993 = CARTESIAN_POINT( '', ( 0.000000000000000, -0.00200000000025387, 0.000000000000000 ) );
#4994 = DIRECTION( '', ( -0.000000000000000, 1.00000000000000, 0.000000000000000 ) );
#4995 = DIRECTION( '', ( 0.962370949774871, 0.000000000000000, 0.271739130471510 ) );
#4996 = DIRECTION( '', ( 1.00000000000000, 0.000000000000000, 0.000000000000000 ) );
#4997 = CARTESIAN_POINT( '', ( 0.000000000000000, -0.00200000000025387, 0.000000000000000 ) );
#4998 = DIRECTION( '', ( 0.000000000000000, -1.00000000000000, 0.000000000000000 ) );
#4999 = DIRECTION( '', ( 0.957823754287577, 0.000000000000000, -0.287356321876606 ) );
#5000 = DIRECTION( '', ( -1.00000000000000, 0.000000000000000, 0.000000000000000 ) );
#5001 = DIRECTION( '', ( 0.000000000000000, 1.00000000000000, 0.000000000000000 ) );
#5002 = DIRECTION( '', ( 0.000000000000000, 1.00000000000000, 0.000000000000000 ) );
#5003 = DIRECTION( '', ( 0.000000000000000, 1.00000000000000, 0.000000000000000 ) );
#5004 = DIRECTION( '', ( 0.000000000000000, 1.00000000000000, 0.000000000000000 ) );
#5005 = DIRECTION( '', ( 0.707106781186548, 0.000000000000000, 0.707106781186548 ) );
#5006 = DIRECTION( '', ( 0.000000000000000, 1.00000000000000, 0.000000000000000 ) );
#5007 = DIRECTION( '', ( 0.707106781186548, 0.000000000000000, 0.707106781186548 ) );
#5008 = CARTESIAN_POINT( '', ( 0.00229809703911017, -0.000200000000253987, 0.00229809703911042 ) );
#5009 = DIRECTION( '', ( -0.000000000000000, 1.00000000000000, 0.000000000000000 ) );
#5010 = DIRECTION( '', ( 1.00000000000000, 0.000000000000000, 0.000000000000000 ) );
#5011 = CARTESIAN_POINT( '', ( 0.000000000000000, -0.00397000000025336, 0.000000000000000 ) );
#5012 = DIRECTION( '', ( 0.000000000000000, 1.00000000000000, -0.000000000000000 ) );
#5013 = DIRECTION( '', ( -1.00000000000000, 0.000000000000000, 0.000000000000000 ) );
#5014 = CARTESIAN_POINT( '', ( 0.000000000000000, -0.00397000000025336, 0.000000000000000 ) );
#5015 = DIRECTION( '', ( -0.000000000000000, 1.00000000000000, 0.000000000000000 ) );
#5016 = DIRECTION( '', ( 1.00000000000000, 0.000000000000000, 0.000000000000000 ) );
#5017 = DIRECTION( '', ( 0.000000000000000, -1.00000000000000, 0.000000000000000 ) );
#5018 = CARTESIAN_POINT( '', ( 0.000000000000000, -0.00907000000025328, 0.00284000000025280 ) );
#5019 = DIRECTION( '', ( 0.000000000000000, 0.000000000000000, 1.00000000000000 ) );
#5020 = DIRECTION( '', ( -1.00000000000000, 0.000000000000000, 0.000000000000000 ) );
#5021 = DIRECTION( '', ( 0.000000000000000, 1.00000000000000, 0.000000000000000 ) );
#5022 = CARTESIAN_POINT( '', ( 0.00325000000025370, -0.000200000000253987, 0.000000000000000 ) );
#5023 = DIRECTION( '', ( -0.000000000000000, 1.00000000000000, 0.000000000000000 ) );
#5024 = DIRECTION( '', ( 1.00000000000000, 0.000000000000000, 0.000000000000000 ) );
#5025 = CARTESIAN_POINT( '', ( 0.00325000000025370, 0.000000000000000, 0.000000000000000 ) );
#5026 = DIRECTION( '', ( 0.000000000000000, 1.00000000000000, -0.000000000000000 ) );
#5027 = DIRECTION( '', ( -1.00000000000000, 0.000000000000000, 0.000000000000000 ) );
#5028 = DIRECTION( '', ( 0.000000000000000, 1.00000000000000, 0.000000000000000 ) );
#5029 = CARTESIAN_POINT( '', ( 0.000000000000000, -0.000200000000253987, 0.00325000000025370 ) );
#5030 = DIRECTION( '', ( -0.000000000000000, 1.00000000000000, 0.000000000000000 ) );
#5031 = DIRECTION( '', ( 1.00000000000000, 0.000000000000000, 0.000000000000000 ) );
#5032 = CARTESIAN_POINT( '', ( 0.000000000000000, 0.000000000000000, 0.00325000000025370 ) );
#5033 = DIRECTION( '', ( 0.000000000000000, 1.00000000000000, -0.000000000000000 ) );
#5034 = DIRECTION( '', ( -1.00000000000000, 0.000000000000000, 0.000000000000000 ) );
#5035 = DIRECTION( '', ( 0.000000000000000, 1.00000000000000, 0.000000000000000 ) );
#5036 = CARTESIAN_POINT( '', ( -0.00158391919011185, -0.00907000000025328, 0.00158391919011185 ) );
#5037 = DIRECTION( '', ( -0.707106781186548, 0.000000000000000, 0.707106781186548 ) );
#5038 = DIRECTION( '', ( -0.707106781186548, 0.000000000000000, -0.707106781186548 ) );
#5039 = DIRECTION( '', ( 0.000000000000000, -1.00000000000000, 0.000000000000000 ) );
#5040 = DIRECTION( '', ( 0.000000000000000, 1.00000000000000, 0.000000000000000 ) );
#5041 = DIRECTION( '', ( -0.707106781186548, 0.000000000000000, -0.707106781186548 ) );
#5042 = DIRECTION( '', ( 0.000000000000000, 1.00000000000000, 0.000000000000000 ) );
#5043 = DIRECTION( '', ( -0.707106781186548, 0.000000000000000, -0.707106781186548 ) );
#5044 = DIRECTION( '', ( 0.000000000000000, -1.00000000000000, 0.000000000000000 ) );
#5045 = DIRECTION( '', ( 1.00000000000000, 0.000000000000000, 0.000000000000000 ) );
#5046 = DIRECTION( '', ( 0.000000000000000, -1.00000000000000, 0.000000000000000 ) );
#5047 = DIRECTION( '', ( 1.00000000000000, 0.000000000000000, 0.000000000000000 ) );
#5048 = DIRECTION( '', ( 0.000000000000000, 1.00000000000000, 0.000000000000000 ) );
#5049 = DIRECTION( '', ( 0.000000000000000, 0.000000000000000, -1.00000000000000 ) );
#5050 = DIRECTION( '', ( 0.000000000000000, 1.00000000000000, 0.000000000000000 ) );
#5051 = DIRECTION( '', ( 0.000000000000000, 0.000000000000000, 1.00000000000000 ) );
#5052 = DIRECTION( '', ( 0.000000000000000, 0.000000000000000, 1.00000000000000 ) );
#5053 = CARTESIAN_POINT( '', ( 0.000000000000000, -0.00907000000025328, 0.00224000000025393 ) );
#5054 = DIRECTION( '', ( 0.000000000000000, 0.000000000000000, 1.00000000000000 ) );
#5055 = DIRECTION( '', ( -1.00000000000000, 0.000000000000000, 0.000000000000000 ) );
#5056 = DIRECTION( '', ( 0.000000000000000, -1.00000000000000, 0.000000000000000 ) );
#5057 = DIRECTION( '', ( 0.304777326010264, -0.948683297942419, 0.0843254514077945 ) );
#5058 = DIRECTION( '', ( 0.000000000000000, 1.00000000000000, 0.000000000000000 ) );
#5059 = DIRECTION( '', ( -0.963790528379781, 0.000000000000000, -0.266660490896989 ) );
#5060 = DIRECTION( '', ( 0.000000000000000, 1.00000000000000, 0.000000000000000 ) );
#5061 = DIRECTION( '', ( 0.000000000000000, -1.00000000000000, 0.000000000000000 ) );
#5062 = DIRECTION( '', ( 0.000000000000000, 1.00000000000000, 0.000000000000000 ) );
#5063 = DIRECTION( '', ( 0.000000000000000, 1.00000000000000, 0.000000000000000 ) );
#5064 = DIRECTION( '', ( 0.000000000000000, 1.00000000000000, 0.000000000000000 ) );
#5065 = CARTESIAN_POINT( '', ( -0.00229809703911017, -0.000200000000253987, 0.00229809703911042 ) );
#5066 = DIRECTION( '', ( -0.000000000000000, 1.00000000000000, 0.000000000000000 ) );
#5067 = DIRECTION( '', ( 1.00000000000000, 0.000000000000000, 0.000000000000000 ) );
#5068 = CARTESIAN_POINT( '', ( -0.00229809703911017, 0.000000000000000, 0.00229809703911042 ) );
#5069 = DIRECTION( '', ( 0.000000000000000, 1.00000000000000, -0.000000000000000 ) );
#5070 = DIRECTION( '', ( -1.00000000000000, 0.000000000000000, 0.000000000000000 ) );
#5071 = DIRECTION( '', ( 1.00000000000000, 0.000000000000000, 0.000000000000000 ) );
#5072 = DIRECTION( '', ( 1.00000000000000, 0.000000000000000, 0.000000000000000 ) );
#5073 = DIRECTION( '', ( 0.000000000000000, 1.00000000000000, 0.000000000000000 ) );
#5074 = CARTESIAN_POINT( '', ( 0.000000000000000, -0.00402000000025316, 0.000000000000000 ) );
#5075 = DIRECTION( '', ( 0.000000000000000, -1.00000000000000, 0.000000000000000 ) );
#5076 = DIRECTION( '', ( 1.00000000000000, 0.000000000000000, 0.000000000000000 ) );
#5077 = DIRECTION( '', ( 0.000000000000000, -1.00000000000000, 0.000000000000000 ) );
#5078 = DIRECTION( '', ( 0.963790528379781, 0.000000000000000, -0.266660490896989 ) );
#5079 = DIRECTION( '', ( -0.304777326010265, -0.948683297942419, 0.0843254514077945 ) );
#5080 = DIRECTION( '', ( 0.000000000000000, 1.00000000000000, 0.000000000000000 ) );
#5081 = DIRECTION( '', ( 0.000000000000000, 1.00000000000000, 0.000000000000000 ) );
#5082 = DIRECTION( '', ( 0.000000000000000, -1.00000000000000, 0.000000000000000 ) );
#5083 = DIRECTION( '', ( 0.000000000000000, 1.00000000000000, 0.000000000000000 ) );
#5084 = DIRECTION( '', ( 0.000000000000000, -1.00000000000000, 0.000000000000000 ) );
#5085 = DIRECTION( '', ( -1.00000000000000, 0.000000000000000, 0.000000000000000 ) );
#5086 = DIRECTION( '', ( 0.000000000000000, -1.00000000000000, 0.000000000000000 ) );
#5087 = DIRECTION( '', ( -1.00000000000000, 0.000000000000000, 0.000000000000000 ) );
#5088 = DIRECTION( '', ( 0.000000000000000, 0.000000000000000, -1.00000000000000 ) );
#5089 = DIRECTION( '', ( 0.000000000000000, 0.000000000000000, -1.00000000000000 ) );
#5090 = DIRECTION( '', ( 0.000000000000000, 0.000000000000000, 1.00000000000000 ) );
#5091 = DIRECTION( '', ( 0.000000000000000, 0.000000000000000, 1.00000000000000 ) );
#5092 = CARTESIAN_POINT( '', ( 0.000000000000000, 0.000000000000000, 0.000000000000000 ) );
#5093 = DIRECTION( '', ( 0.000000000000000, 1.00000000000000, -0.000000000000000 ) );
#5094 = DIRECTION( '', ( -1.00000000000000, 0.000000000000000, 0.000000000000000 ) );
#5095 = CARTESIAN_POINT( '', ( 0.000000000000000, 0.000000000000000, 0.000000000000000 ) );
#5096 = DIRECTION( '', ( 0.000000000000000, 1.00000000000000, -0.000000000000000 ) );
#5097 = DIRECTION( '', ( -1.00000000000000, 0.000000000000000, 0.000000000000000 ) );
#5098 = CARTESIAN_POINT( '', ( -0.00229809703911017, 0.000000000000000, -0.00229809703911017 ) );
#5099 = DIRECTION( '', ( 0.000000000000000, 1.00000000000000, -0.000000000000000 ) );
#5100 = DIRECTION( '', ( -1.00000000000000, 0.000000000000000, 0.000000000000000 ) );
#5101 = CARTESIAN_POINT( '', ( -0.00325000000025370, 0.000000000000000, 0.000000000000000 ) );
#5102 = DIRECTION( '', ( 0.000000000000000, 1.00000000000000, -0.000000000000000 ) );
#5103 = DIRECTION( '', ( -1.00000000000000, 0.000000000000000, 0.000000000000000 ) );
#5104 = CARTESIAN_POINT( '', ( 0.00229809703911017, 0.000000000000000, 0.00229809703911042 ) );
#5105 = DIRECTION( '', ( 0.000000000000000, 1.00000000000000, -0.000000000000000 ) );
#5106 = DIRECTION( '', ( -1.00000000000000, 0.000000000000000, 0.000000000000000 ) );
#5107 = CARTESIAN_POINT( '', ( 0.00229809703911017, 0.000000000000000, -0.00229809703911017 ) );
#5108 = DIRECTION( '', ( 0.000000000000000, 1.00000000000000, -0.000000000000000 ) );
#5109 = DIRECTION( '', ( -1.00000000000000, 0.000000000000000, 0.000000000000000 ) );
#5110 = CARTESIAN_POINT( '', ( 0.000000000000000, -0.000500000000254032, 0.000000000000000 ) );
#5111 = DIRECTION( '', ( -0.000000000000000, 1.00000000000000, 0.000000000000000 ) );
#5112 = DIRECTION( '', ( 1.00000000000000, 0.000000000000000, 0.000000000000000 ) );
#5113 = DIRECTION( '', ( 0.000000000000000, 0.000000000000000, 1.00000000000000 ) );
#5114 = DIRECTION( '', ( 1.00000000000000, 0.000000000000000, 0.000000000000000 ) );
#5115 = DIRECTION( '', ( 0.000000000000000, 0.000000000000000, -1.00000000000000 ) );
#5116 = CARTESIAN_POINT( '', ( 0.000000000000000, -0.00507000000025404, 0.000000000000000 ) );
#5117 = DIRECTION( '', ( 0.000000000000000, 1.00000000000000, 0.000000000000000 ) );
#5118 = DIRECTION( '', ( 0.0826086957024622, 0.000000000000000, -0.996582060542100 ) );
#5119 = DIRECTION( '', ( 0.000000000000000, 1.00000000000000, 0.000000000000000 ) );
#5120 = CARTESIAN_POINT( '', ( -0.00346410161539226, -0.00737000000025500, -0.00200000000025387 ) );
#5121 = DIRECTION( '', ( -0.000000000000000, -1.00000000000000, -0.000000000000000 ) );
#5122 = DIRECTION( '', ( -1.00000000000000, 0.000000000000000, 0.000000000000000 ) );
#5123 = DIRECTION( '', ( 0.000000000000000, 1.00000000000000, 0.000000000000000 ) );
#5124 = DIRECTION( '', ( 0.000000000000000, 1.00000000000000, 0.000000000000000 ) );
#5125 = DIRECTION( '', ( 0.000000000000000, 1.00000000000000, 0.000000000000000 ) );
#5126 = DIRECTION( '', ( 0.000000000000000, 1.00000000000000, 0.000000000000000 ) );
#5127 = DIRECTION( '', ( 0.000000000000000, 1.00000000000000, 0.000000000000000 ) );
#5128 = DIRECTION( '', ( 0.000000000000000, 1.00000000000000, 0.000000000000000 ) );
#5129 = CARTESIAN_POINT( '', ( 0.000000000000000, -0.00907000000025328, -0.00224000000025393 ) );
#5130 = DIRECTION( '', ( 0.000000000000000, 0.000000000000000, -1.00000000000000 ) );
#5131 = DIRECTION( '', ( 1.00000000000000, 0.000000000000000, 0.000000000000000 ) );
#5132 = DIRECTION( '', ( 0.000000000000000, -1.00000000000000, 0.000000000000000 ) );
#5133 = DIRECTION( '', ( 0.000000000000000, 1.00000000000000, 0.000000000000000 ) );
#5134 = DIRECTION( '', ( 0.000000000000000, -1.00000000000000, 0.000000000000000 ) );
#5135 = CARTESIAN_POINT( '', ( 0.00200818325882382, -0.00907000000025328, -0.00200818325882382 ) );
#5136 = DIRECTION( '', ( 0.707106781186548, 0.000000000000000, -0.707106781186548 ) );
#5137 = DIRECTION( '', ( 0.707106781186548, 0.000000000000000, 0.707106781186548 ) );
#5138 = DIRECTION( '', ( 0.000000000000000, 1.00000000000000, 0.000000000000000 ) );
#5139 = DIRECTION( '', ( -0.707106781186548, 0.000000000000000, 0.707106781186548 ) );
#5140 = CARTESIAN_POINT( '', ( -0.00200818325882382, -0.00907000000025328, 0.00200818325882382 ) );
#5141 = DIRECTION( '', ( -0.707106781186548, 0.000000000000000, 0.707106781186548 ) );
#5142 = DIRECTION( '', ( -0.707106781186548, 0.000000000000000, -0.707106781186548 ) );
#5143 = DIRECTION( '', ( -0.707106781186548, 0.000000000000000, 0.707106781186548 ) );
#5144 = DIRECTION( '', ( 0.000000000000000, -1.00000000000000, 0.000000000000000 ) );
#5145 = CARTESIAN_POINT( '', ( -0.00284000000025280, -0.00907000000025328, 0.000000000000000 ) );
#5146 = DIRECTION( '', ( -1.00000000000000, -0.000000000000000, -0.000000000000000 ) );
#5147 = DIRECTION( '', ( 0.000000000000000, 0.000000000000000, -1.00000000000000 ) );
#5148 = DIRECTION( '', ( 0.000000000000000, 1.00000000000000, 0.000000000000000 ) );
#5149 = DIRECTION( '', ( -1.00000000000000, 0.000000000000000, 0.000000000000000 ) );
#5150 = DIRECTION( '', ( 0.000000000000000, 1.00000000000000, 0.000000000000000 ) );
#5151 = DIRECTION( '', ( -1.00000000000000, 0.000000000000000, 0.000000000000000 ) );
#5152 = CARTESIAN_POINT( '', ( -0.00224000000025393, -0.00907000000025328, 0.000000000000000 ) );
#5153 = DIRECTION( '', ( -1.00000000000000, -0.000000000000000, -0.000000000000000 ) );
#5154 = DIRECTION( '', ( 0.000000000000000, 0.000000000000000, -1.00000000000000 ) );
#5155 = DIRECTION( '', ( 0.707106781186548, 0.000000000000000, -0.707106781186548 ) );
#5156 = DIRECTION( '', ( 0.707106781186548, 0.000000000000000, -0.707106781186548 ) );
#5157 = CARTESIAN_POINT( '', ( 0.00158391919011185, -0.00907000000025328, -0.00158391919011185 ) );
#5158 = DIRECTION( '', ( 0.707106781186548, 0.000000000000000, -0.707106781186548 ) );
#5159 = DIRECTION( '', ( 0.707106781186548, 0.000000000000000, 0.707106781186548 ) );
#5160 = CARTESIAN_POINT( '', ( 0.000000000000000, 0.00743000000025476, 0.000000000000000 ) );
#5161 = DIRECTION( '', ( -0.000000000000000, 1.00000000000000, 0.000000000000000 ) );
#5162 = DIRECTION( '', ( 0.0556417560175562, 0.000000000000000, 0.998450797479416 ) );
#5163 = CARTESIAN_POINT( '', ( 0.000000000000000, 0.00773000000025356, 0.000000000000000 ) );
#5164 = DIRECTION( '', ( 0.000000000000000, 1.00000000000000, -0.000000000000000 ) );
#5165 = DIRECTION( '', ( -0.105527496603134, 0.000000000000000, 0.994416385354081 ) );
#5166 = CARTESIAN_POINT( '', ( 0.000000000000000, 0.00653000000025328, 0.000000000000000 ) );
#5167 = DIRECTION( '', ( -0.000000000000000, 1.00000000000000, 0.000000000000000 ) );
#5168 = DIRECTION( '', ( 0.559473933949232, 0.000000000000000, 0.828847945784612 ) );
#5169 = CARTESIAN_POINT( '', ( 0.000000000000000, 0.00653000000025328, 0.000000000000000 ) );
#5170 = DIRECTION( '', ( 0.000000000000000, 1.00000000000000, 0.000000000000000 ) );
#5171 = DIRECTION( '', ( -0.598838957788079, 0.000000000000000, -0.800869466664379 ) );
#5172 = CARTESIAN_POINT( '', ( 0.000000000000000, -0.00265000000025356, 0.000000000000000 ) );
#5173 = DIRECTION( '', ( -0.000000000000000, 1.00000000000000, 0.000000000000000 ) );
#5174 = DIRECTION( '', ( 0.963790528605493, 0.000000000000000, 0.266660490081199 ) );
#5175 = DIRECTION( '', ( 0.304777326010264, -0.948683297942419, -0.0843254514077945 ) );
#5176 = CARTESIAN_POINT( '', ( 0.000000000000000, -0.00205000000025393, 0.000000000000000 ) );
#5177 = DIRECTION( '', ( -0.000000000000000, 1.00000000000000, 0.000000000000000 ) );
#5178 = DIRECTION( '', ( 0.963790528605015, 0.000000000000000, 0.266660490082924 ) );
#5179 = DIRECTION( '', ( 0.000000000000000, 1.00000000000000, 0.000000000000000 ) );
#5180 = DIRECTION( '', ( -0.707106781186548, 0.000000000000000, -0.707106781186548 ) );
#5181 = DIRECTION( '', ( 0.000000000000000, 1.00000000000000, 0.000000000000000 ) );
#5182 = DIRECTION( '', ( 0.000000000000000, -1.00000000000000, 0.000000000000000 ) );
#5183 = DIRECTION( '', ( -0.991444861356924, 0.000000000000000, -0.130526192348320 ) );
#5184 = DIRECTION( '', ( 0.000000000000000, -1.00000000000000, 0.000000000000000 ) );
#5185 = DIRECTION( '', ( -0.991444861356924, 0.000000000000000, -0.130526192348320 ) );
#5186 = DIRECTION( '', ( 0.000000000000000, 1.00000000000000, 0.000000000000000 ) );
#5187 = DIRECTION( '', ( 0.000000000000000, 1.00000000000000, 0.000000000000000 ) );
#5188 = DIRECTION( '', ( 0.000000000000000, 1.00000000000000, 0.000000000000000 ) );
#5189 = DIRECTION( '', ( 0.000000000000000, 1.00000000000000, 0.000000000000000 ) );
#5190 = DIRECTION( '', ( 0.000000000000000, -1.00000000000000, 0.000000000000000 ) );
#5191 = CARTESIAN_POINT( '', ( -0.00200818325882382, -0.00907000000025328, -0.00200818325882382 ) );
#5192 = DIRECTION( '', ( -0.707106781186548, -0.000000000000000, -0.707106781186548 ) );
#5193 = DIRECTION( '', ( 0.707106781186548, 0.000000000000000, -0.707106781186548 ) );
#5194 = DIRECTION( '', ( -0.707106781186548, 0.000000000000000, -0.707106781186548 ) );
#5195 = CARTESIAN_POINT( '', ( -0.00158391919011185, -0.00907000000025328, -0.00158391919011185 ) );
#5196 = DIRECTION( '', ( -0.707106781186548, -0.000000000000000, -0.707106781186548 ) );
#5197 = DIRECTION( '', ( 0.707106781186548, 0.000000000000000, -0.707106781186548 ) );
#5198 = CARTESIAN_POINT( '', ( 0.000000000000000, -0.000200000000253987, 0.000000000000000 ) );
#5199 = DIRECTION( '', ( -0.000000000000000, 1.00000000000000, 0.000000000000000 ) );
#5200 = DIRECTION( '', ( 1.00000000000000, 0.000000000000000, 0.000000000000000 ) );
#5201 = DIRECTION( '', ( -0.304777326010265, -0.948683297942419, -0.0843254514077945 ) );
#5202 = CARTESIAN_POINT( '', ( 0.000000000000000, -0.00265000000025356, 0.000000000000000 ) );
#5203 = DIRECTION( '', ( -0.000000000000000, -1.00000000000000, 0.000000000000000 ) );
#5204 = DIRECTION( '', ( -0.963790528605493, 0.000000000000000, 0.266660490081199 ) );
#5205 = CARTESIAN_POINT( '', ( 0.00109601551109312, 0.00763000000025396, -0.00109601551109312 ) );
#5206 = DIRECTION( '', ( 0.000000000000000, 1.00000000000000, 0.000000000000000 ) );
#5207 = DIRECTION( '', ( 0.991444861231091, 0.000000000000000, -0.130526193304113 ) );
#5208 = DIRECTION( '', ( 0.000000000000000, -1.00000000000000, 0.000000000000000 ) );
#5209 = CARTESIAN_POINT( '', ( 0.00109601551109312, 0.00773000000025356, -0.00109601551109312 ) );
#5210 = DIRECTION( '', ( 0.000000000000000, 1.00000000000000, 0.000000000000000 ) );
#5211 = DIRECTION( '', ( 0.991444861231104, 0.000000000000000, -0.130526193304015 ) );
#5212 = DIRECTION( '', ( 0.000000000000000, 1.00000000000000, 0.000000000000000 ) );
#5213 = DIRECTION( '', ( 0.000000000000000, 1.00000000000000, 0.000000000000000 ) );
#5214 = DIRECTION( '', ( 0.000000000000000, 1.00000000000000, 0.000000000000000 ) );
#5215 = DIRECTION( '', ( 1.00000000000000, 0.000000000000000, 0.000000000000000 ) );
#5216 = DIRECTION( '', ( 0.000000000000000, 1.00000000000000, 0.000000000000000 ) );
#5217 = DIRECTION( '', ( 0.000000000000000, 1.00000000000000, 0.000000000000000 ) );
#5218 = DIRECTION( '', ( 0.707106781186548, 0.000000000000000, 0.707106781186548 ) );
#5219 = DIRECTION( '', ( 0.000000000000000, 1.00000000000000, 0.000000000000000 ) );
#5220 = DIRECTION( '', ( 0.000000000000000, -1.00000000000000, 0.000000000000000 ) );
#5221 = DIRECTION( '', ( 0.000000000000000, -1.00000000000000, 0.000000000000000 ) );
#5222 = DIRECTION( '', ( 0.000000000000000, 1.00000000000000, 0.000000000000000 ) );
#5223 = CARTESIAN_POINT( '', ( 0.00224000000025393, -0.00907000000025328, 0.000000000000000 ) );
#5224 = DIRECTION( '', ( 1.00000000000000, 0.000000000000000, -0.000000000000000 ) );
#5225 = DIRECTION( '', ( 0.000000000000000, 0.000000000000000, 1.00000000000000 ) );
#5226 = DIRECTION( '', ( 0.000000000000000, -1.00000000000000, 0.000000000000000 ) );
#5227 = DIRECTION( '', ( 1.00000000000000, 0.000000000000000, 0.000000000000000 ) );
#5228 = DIRECTION( '', ( 0.000000000000000, -1.00000000000000, 0.000000000000000 ) );
#5229 = DIRECTION( '', ( 0.000000000000000, 1.00000000000000, 0.000000000000000 ) );
#5230 = DIRECTION( '', ( 0.000000000000000, 1.00000000000000, 0.000000000000000 ) );
#5231 = CARTESIAN_POINT( '', ( 0.000000000000000, -0.00300000000025470, 0.000000000000000 ) );
#5232 = DIRECTION( '', ( 0.000000000000000, -1.00000000000000, 0.000000000000000 ) );
#5233 = DIRECTION( '', ( 0.957823754287577, 0.000000000000000, -0.287356321876606 ) );
#5234 = DIRECTION( '', ( 0.000000000000000, -1.00000000000000, 0.000000000000000 ) );
#5235 = CARTESIAN_POINT( '', ( 0.000000000000000, -0.00300000000025470, 0.000000000000000 ) );
#5236 = DIRECTION( '', ( 0.000000000000000, -1.00000000000000, 0.000000000000000 ) );
#5237 = DIRECTION( '', ( 0.963790528605015, 0.000000000000000, 0.266660490082924 ) );
#5238 = DIRECTION( '', ( -1.00000000000000, 0.000000000000000, 0.000000000000000 ) );
#5239 = DIRECTION( '', ( 0.000000000000000, 1.00000000000000, 0.000000000000000 ) );
#5240 = DIRECTION( '', ( 0.000000000000000, -1.00000000000000, 0.000000000000000 ) );
#5241 = CARTESIAN_POINT( '', ( -0.000567334445854366, 0.00763000000025396, -0.00141586258327831 ) );
#5242 = DIRECTION( '', ( 0.000000000000000, 1.00000000000000, 0.000000000000000 ) );
#5243 = DIRECTION( '', ( 0.130526194388126, 0.000000000000000, -0.991444861088378 ) );
#5244 = CARTESIAN_POINT( '', ( -0.000567334445854366, 0.00773000000025356, -0.00141586258327831 ) );
#5245 = DIRECTION( '', ( 0.000000000000000, 1.00000000000000, 0.000000000000000 ) );
#5246 = DIRECTION( '', ( 0.130526194388126, 0.000000000000000, -0.991444861088378 ) );
#5247 = DIRECTION( '', ( 0.000000000000000, 1.00000000000000, 0.000000000000000 ) );
#5248 = DIRECTION( '', ( 0.000000000000000, -1.00000000000000, 0.000000000000000 ) );
#5249 = CARTESIAN_POINT( '', ( 0.00158391919011185, -0.00907000000025328, 0.00158391919011185 ) );
#5250 = DIRECTION( '', ( 0.707106781186548, 0.000000000000000, 0.707106781186548 ) );
#5251 = DIRECTION( '', ( -0.707106781186548, 0.000000000000000, 0.707106781186548 ) );
#5252 = DIRECTION( '', ( 0.000000000000000, -1.00000000000000, 0.000000000000000 ) );
#5253 = CARTESIAN_POINT( '', ( 0.000000000000000, 0.00773000000025356, 0.000000000000000 ) );
#5254 = DIRECTION( '', ( 0.000000000000000, 1.00000000000000, 0.000000000000000 ) );
#5255 = DIRECTION( '', ( -0.846561153906212, 0.000000000000000, -0.532291473440053 ) );
#5256 = CARTESIAN_POINT( '', ( 0.000000000000000, 0.00743000000025476, 0.000000000000000 ) );
#5257 = DIRECTION( '', ( 0.000000000000000, 1.00000000000000, 0.000000000000000 ) );
#5258 = DIRECTION( '', ( -0.828847945784612, 0.000000000000000, -0.559473933949232 ) );
#5259 = DIRECTION( '', ( 0.000000000000000, 1.00000000000000, 0.000000000000000 ) );
#5260 = DIRECTION( '', ( 0.000000000000000, 1.00000000000000, 0.000000000000000 ) );
#5261 = CARTESIAN_POINT( '', ( -0.00229809703911017, -0.000200000000253987, -0.00229809703911017 ) );
#5262 = DIRECTION( '', ( -0.000000000000000, 1.00000000000000, 0.000000000000000 ) );
#5263 = DIRECTION( '', ( 1.00000000000000, 0.000000000000000, 0.000000000000000 ) );
#5264 = DIRECTION( '', ( 1.00000000000000, 0.000000000000000, 0.000000000000000 ) );
#5265 = DIRECTION( '', ( 0.000000000000000, -1.00000000000000, 0.000000000000000 ) );
#5266 = DIRECTION( '', ( 0.000000000000000, 1.00000000000000, 0.000000000000000 ) );
#5267 = DIRECTION( '', ( 0.000000000000000, 1.00000000000000, 0.000000000000000 ) );
#5268 = DIRECTION( '', ( 0.000000000000000, 1.00000000000000, 0.000000000000000 ) );
#5269 = DIRECTION( '', ( 0.000000000000000, 1.00000000000000, 0.000000000000000 ) );
#5270 = CARTESIAN_POINT( '', ( 0.00141586258327831, 0.00763000000025396, 0.000567334445854366 ) );
#5271 = DIRECTION( '', ( 0.000000000000000, 1.00000000000000, -0.000000000000000 ) );
#5272 = DIRECTION( '', ( -0.707106781186548, 0.000000000000000, 0.707106781186548 ) );
#5273 = DIRECTION( '', ( -0.130526192348320, 0.000000000000000, -0.991444861356924 ) );
#5274 = DIRECTION( '', ( 0.707106781186548, 0.000000000000000, 0.707106781186548 ) );
#5275 = CARTESIAN_POINT( '', ( 0.000000000000000, -0.00402000000025316, 0.000000000000000 ) );
#5276 = DIRECTION( '', ( 0.000000000000000, 1.00000000000000, -0.000000000000000 ) );
#5277 = DIRECTION( '', ( -1.00000000000000, 0.000000000000000, 0.000000000000000 ) );
#5278 = DIRECTION( '', ( 0.000000000000000, 1.00000000000000, 0.000000000000000 ) );
#5279 = CARTESIAN_POINT( '', ( 0.000000000000000, -0.00300000000025470, 0.000000000000000 ) );
#5280 = DIRECTION( '', ( -0.000000000000000, 1.00000000000000, 0.000000000000000 ) );
#5281 = DIRECTION( '', ( 0.962370949774871, 0.000000000000000, 0.271739130471510 ) );
#5282 = CARTESIAN_POINT( '', ( 0.000000000000000, -0.00300000000025470, 0.000000000000000 ) );
#5283 = DIRECTION( '', ( 0.000000000000000, 1.00000000000000, -0.000000000000000 ) );
#5284 = DIRECTION( '', ( -1.00000000000000, 0.000000000000000, 0.000000000000000 ) );
#5285 = DIRECTION( '', ( 0.000000000000000, 1.00000000000000, 0.000000000000000 ) );
#5286 = CARTESIAN_POINT( '', ( 0.000000000000000, -0.00200000000025387, 0.000000000000000 ) );
#5287 = DIRECTION( '', ( 0.000000000000000, 1.00000000000000, -0.000000000000000 ) );
#5288 = DIRECTION( '', ( -1.00000000000000, 0.000000000000000, 0.000000000000000 ) );
#5289 = DIRECTION( '', ( 0.000000000000000, 1.00000000000000, 0.000000000000000 ) );
#5290 = CARTESIAN_POINT( '', ( 0.00284000000025280, -0.00907000000025328, 0.000000000000000 ) );
#5291 = DIRECTION( '', ( 1.00000000000000, 0.000000000000000, -0.000000000000000 ) );
#5292 = DIRECTION( '', ( 0.000000000000000, 0.000000000000000, 1.00000000000000 ) );
#5293 = DIRECTION( '', ( 0.000000000000000, -1.00000000000000, 0.000000000000000 ) );
#5294 = DIRECTION( '', ( 0.000000000000000, -1.00000000000000, 0.000000000000000 ) );
#5295 = CARTESIAN_POINT( '', ( 0.00141586258327831, 0.00773000000025356, 0.000567334445854366 ) );
#5296 = DIRECTION( '', ( 0.000000000000000, 1.00000000000000, -0.000000000000000 ) );
#5297 = DIRECTION( '', ( -0.707106781186548, 0.000000000000000, 0.707106781186548 ) );
#5298 = DIRECTION( '', ( -0.130526192348320, 0.000000000000000, -0.991444861356924 ) );
#5299 = DIRECTION( '', ( 0.000000000000000, 0.000000000000000, -1.00000000000000 ) );
#5300 = DIRECTION( '', ( 0.000000000000000, -1.00000000000000, 0.000000000000000 ) );
#5301 = CARTESIAN_POINT( '', ( 0.00200818325882382, -0.00907000000025328, 0.00200818325882382 ) );
#5302 = DIRECTION( '', ( 0.707106781186548, 0.000000000000000, 0.707106781186548 ) );
#5303 = DIRECTION( '', ( -0.707106781186548, 0.000000000000000, 0.707106781186548 ) );
#5304 = DIRECTION( '', ( 0.707106781186548, 0.000000000000000, 0.707106781186548 ) );
#5305 = CARTESIAN_POINT( '', ( 0.000000000000000, 0.00743000000025476, 0.000000000000000 ) );
#5306 = DIRECTION( '', ( -0.000000000000000, 1.00000000000000, 0.000000000000000 ) );
#5307 = DIRECTION( '', ( 0.800869466664379, 0.000000000000000, 0.598838957788079 ) );
#5308 = CARTESIAN_POINT( '', ( 0.000000000000000, 0.00773000000025356, 0.000000000000000 ) );
#5309 = DIRECTION( '', ( -0.000000000000000, 1.00000000000000, 0.000000000000000 ) );
#5310 = DIRECTION( '', ( 0.815067818956918, 0.000000000000000, 0.579365558607701 ) );
#5311 = DIRECTION( '', ( 0.707106781186548, 0.000000000000000, 0.707106781186548 ) );
#5312 = DIRECTION( '', ( -0.707106781186548, 0.000000000000000, -0.707106781186548 ) );
#5313 = CARTESIAN_POINT( '', ( 0.000000000000000, -0.000200000000253987, 0.000000000000000 ) );
#5314 = DIRECTION( '', ( -0.000000000000000, 1.00000000000000, 0.000000000000000 ) );
#5315 = DIRECTION( '', ( 0.0556417560175562, 0.000000000000000, 0.998450797479416 ) );
#5316 = DIRECTION( '', ( 0.000000000000000, 1.00000000000000, 0.000000000000000 ) );
#5317 = DIRECTION( '', ( 0.000000000000000, 1.00000000000000, 0.000000000000000 ) );
#5318 = CARTESIAN_POINT( '', ( -0.00325000000025370, -0.000200000000253987, 0.000000000000000 ) );
#5319 = DIRECTION( '', ( -0.000000000000000, 1.00000000000000, 0.000000000000000 ) );
#5320 = DIRECTION( '', ( 1.00000000000000, 0.000000000000000, 0.000000000000000 ) );
#5321 = CARTESIAN_POINT( '', ( 0.00229809703911017, -0.000200000000253987, -0.00229809703911017 ) );
#5322 = DIRECTION( '', ( -0.000000000000000, 1.00000000000000, 0.000000000000000 ) );
#5323 = DIRECTION( '', ( 1.00000000000000, 0.000000000000000, 0.000000000000000 ) );
#5324 = DIRECTION( '', ( 0.000000000000000, -1.00000000000000, 0.000000000000000 ) );
#5325 = DIRECTION( '', ( 0.000000000000000, 1.00000000000000, 0.000000000000000 ) );
#5326 = DIRECTION( '', ( 0.000000000000000, 1.00000000000000, 0.000000000000000 ) );
#5327 = DIRECTION( '', ( -1.00000000000000, 0.000000000000000, 0.000000000000000 ) );
#5328 = DIRECTION( '', ( -1.00000000000000, 0.000000000000000, 0.000000000000000 ) );
#5329 = DIRECTION( '', ( 0.963790528379781, 0.000000000000000, 0.266660490896989 ) );
#5330 = DIRECTION( '', ( 0.000000000000000, -1.00000000000000, 0.000000000000000 ) );
#5331 = CARTESIAN_POINT( '', ( 0.000000000000000, -0.00300000000025470, 0.000000000000000 ) );
#5332 = DIRECTION( '', ( -0.000000000000000, -1.00000000000000, 0.000000000000000 ) );
#5333 = DIRECTION( '', ( -0.963790528605493, 0.000000000000000, 0.266660490081199 ) );
#5334 = DIRECTION( '', ( 0.000000000000000, -1.00000000000000, 0.000000000000000 ) );
#5335 = DIRECTION( '', ( 0.000000000000000, -1.00000000000000, 0.000000000000000 ) );
#5336 = CARTESIAN_POINT( '', ( 0.00346410161539226, -0.00737000000025500, -0.00200000000025387 ) );
#5337 = DIRECTION( '', ( -0.000000000000000, -1.00000000000000, -0.000000000000000 ) );
#5338 = DIRECTION( '', ( -1.00000000000000, 0.000000000000000, 0.000000000000000 ) );
#5339 = DIRECTION( '', ( 0.000000000000000, -1.00000000000000, 0.000000000000000 ) );
#5340 = DIRECTION( '', ( -0.963790528379781, 0.000000000000000, 0.266660490896989 ) );
#5341 = DIRECTION( '', ( -0.707106781186548, 0.000000000000000, -0.707106781186548 ) );
#5342 = DIRECTION( '', ( 0.000000000000000, 1.00000000000000, 0.000000000000000 ) );
#5343 = CARTESIAN_POINT( '', ( 0.000000000000000, -0.00300000000025470, 0.000000000000000 ) );
#5344 = DIRECTION( '', ( -0.000000000000000, 1.00000000000000, 0.000000000000000 ) );
#5345 = DIRECTION( '', ( 0.963790528605493, 0.000000000000000, 0.266660490081199 ) );
#5346 = CARTESIAN_POINT( '', ( 0.000000000000000, -0.00907000000025328, -0.00284000000025280 ) );
#5347 = DIRECTION( '', ( 0.000000000000000, 0.000000000000000, -1.00000000000000 ) );
#5348 = DIRECTION( '', ( 1.00000000000000, 0.000000000000000, 0.000000000000000 ) );
ENDSEC;
END-ISO-10303-21;
